solid ASCII
  facet normal -7.071068e-01 -4.132044e-08 -7.071068e-01
    outer loop
      vertex   1.630000e+02 -3.000000e+01 1.560007e+02
      vertex   1.600000e+02 -3.000000e+01 1.590007e+02
      vertex   1.630000e+02 -2.000000e+01 1.560007e+02
    endloop
  endfacet
  facet normal -7.071068e-01 -4.132044e-08 -7.071068e-01
    outer loop
      vertex   1.630000e+02 -2.000000e+01 1.560007e+02
      vertex   1.600000e+02 -3.000000e+01 1.590007e+02
      vertex   1.600000e+02 -2.000000e+01 1.590007e+02
    endloop
  endfacet
  facet normal 2.143247e-07 -1.000000e+00 1.558887e-07
    outer loop
      vertex   1.630000e+02 -3.000000e+01 1.560007e+02
      vertex   1.681372e+02 -3.000000e+01 1.583606e+02
      vertex   1.600000e+02 -3.000000e+01 1.590007e+02
    endloop
  endfacet
  facet normal 2.327731e-07 -1.000000e+00 3.904385e-07
    outer loop
      vertex   1.600000e+02 -3.000000e+01 1.590007e+02
      vertex   1.681372e+02 -3.000000e+01 1.583606e+02
      vertex   1.677886e+02 -3.000000e+01 1.585163e+02
    endloop
  endfacet
  facet normal 2.279602e-07 -1.000000e+00 3.130536e-07
    outer loop
      vertex   1.600000e+02 -3.000000e+01 1.590007e+02
      vertex   1.677886e+02 -3.000000e+01 1.585163e+02
      vertex   1.674530e+02 -3.000000e+01 1.586980e+02
    endloop
  endfacet
  facet normal 5.843593e-08 -1.000000e+00 5.678384e-07
    outer loop
      vertex   1.970000e+02 -3.000000e+01 1.560007e+02
      vertex   1.707606e+02 -3.000000e+01 1.580589e+02
      vertex   1.630000e+02 -3.000000e+01 1.560007e+02
    endloop
  endfacet
  facet normal -5.692361e-08 -1.000000e+00 1.002812e-06
    outer loop
      vertex   1.630000e+02 -3.000000e+01 1.560007e+02
      vertex   1.707606e+02 -3.000000e+01 1.580589e+02
      vertex   1.703814e+02 -3.000000e+01 1.580152e+02
    endloop
  endfacet
  facet normal 3.267130e-08 -1.000000e+00 6.745352e-07
    outer loop
      vertex   1.630000e+02 -3.000000e+01 1.560007e+02
      vertex   1.703814e+02 -3.000000e+01 1.580152e+02
      vertex   1.700000e+02 -3.000000e+01 1.580007e+02
    endloop
  endfacet
  facet normal -9.745281e-08 -1.000000e+00 1.558887e-07
    outer loop
      vertex   2.000000e+02 -3.000000e+01 1.590007e+02
      vertex   1.918628e+02 -3.000000e+01 1.583606e+02
      vertex   1.970000e+02 -3.000000e+01 1.560007e+02
    endloop
  endfacet
  facet normal -4.117243e-08 -1.000000e+00 2.783988e-07
    outer loop
      vertex   1.970000e+02 -3.000000e+01 1.560007e+02
      vertex   1.918628e+02 -3.000000e+01 1.583606e+02
      vertex   1.915035e+02 -3.000000e+01 1.582321e+02
    endloop
  endfacet
  facet normal -2.720642e-08 -1.000000e+00 3.128008e-07
    outer loop
      vertex   1.970000e+02 -3.000000e+01 1.560007e+02
      vertex   1.915035e+02 -3.000000e+01 1.582321e+02
      vertex   1.911353e+02 -3.000000e+01 1.581313e+02
    endloop
  endfacet
  facet normal -4.893044e-08 -1.000000e+00 1.669597e-07
    outer loop
      vertex   2.000000e+02 -3.000000e+01 1.660007e+02
      vertex   1.949952e+02 -3.000000e+01 1.627823e+02
      vertex   2.000000e+02 -3.000000e+01 1.590007e+02
    endloop
  endfacet
  facet normal -1.614517e-07 -1.000000e+00 1.804301e-08
    outer loop
      vertex   2.000000e+02 -3.000000e+01 1.590007e+02
      vertex   1.949952e+02 -3.000000e+01 1.627823e+02
      vertex   1.949640e+02 -3.000000e+01 1.624019e+02
    endloop
  endfacet
  facet normal -1.510613e-07 -1.000000e+00 3.342761e-08
    outer loop
      vertex   2.000000e+02 -3.000000e+01 1.590007e+02
      vertex   1.949640e+02 -3.000000e+01 1.624019e+02
      vertex   1.949039e+02 -3.000000e+01 1.620249e+02
    endloop
  endfacet
  facet normal 5.843593e-08 -1.000000e+00 1.477485e-13
    outer loop
      vertex   1.940000e+02 -3.000000e+01 1.660007e+02
      vertex   1.942172e+02 -3.000000e+01 1.656868e+02
      vertex   2.000000e+02 -3.000000e+01 1.660007e+02
    endloop
  endfacet
  facet normal 5.843593e-08 -1.000000e+00 2.056428e-14
    outer loop
      vertex   2.000000e+02 -3.000000e+01 1.660007e+02
      vertex   1.942172e+02 -3.000000e+01 1.656868e+02
      vertex   1.944098e+02 -3.000000e+01 1.653573e+02
    endloop
  endfacet
  facet normal 5.843594e-08 -1.000000e+00 -2.344765e-15
    outer loop
      vertex   2.000000e+02 -3.000000e+01 1.660007e+02
      vertex   1.944098e+02 -3.000000e+01 1.653573e+02
      vertex   1.945767e+02 -3.000000e+01 1.650140e+02
    endloop
  endfacet
  facet normal 5.843593e-08 -1.000000e+00 7.591630e-15
    outer loop
      vertex   1.945767e+02 -3.000000e+01 1.650140e+02
      vertex   1.947170e+02 -3.000000e+01 1.646591e+02
      vertex   2.000000e+02 -3.000000e+01 1.660007e+02
    endloop
  endfacet
  facet normal 5.843594e-08 -1.000000e+00 -4.732396e-15
    outer loop
      vertex   2.000000e+02 -3.000000e+01 1.660007e+02
      vertex   1.947170e+02 -3.000000e+01 1.646591e+02
      vertex   1.948297e+02 -3.000000e+01 1.642944e+02
    endloop
  endfacet
  facet normal 5.843593e-08 -1.000000e+00 1.136711e-14
    outer loop
      vertex   2.000000e+02 -3.000000e+01 1.660007e+02
      vertex   1.948297e+02 -3.000000e+01 1.642944e+02
      vertex   1.949143e+02 -3.000000e+01 1.639222e+02
    endloop
  endfacet
  facet normal 5.843593e-08 -1.000000e+00 7.507944e-15
    outer loop
      vertex   1.949143e+02 -3.000000e+01 1.639222e+02
      vertex   1.949703e+02 -3.000000e+01 1.635447e+02
      vertex   2.000000e+02 -3.000000e+01 1.660007e+02
    endloop
  endfacet
  facet normal 5.843594e-08 -1.000000e+00 -3.794836e-16
    outer loop
      vertex   2.000000e+02 -3.000000e+01 1.660007e+02
      vertex   1.949703e+02 -3.000000e+01 1.635447e+02
      vertex   1.949973e+02 -3.000000e+01 1.631639e+02
    endloop
  endfacet
  facet normal 5.843594e-08 -1.000000e+00 -2.666629e-15
    outer loop
      vertex   2.000000e+02 -3.000000e+01 1.660007e+02
      vertex   1.949973e+02 -3.000000e+01 1.631639e+02
      vertex   1.949952e+02 -3.000000e+01 1.627823e+02
    endloop
  endfacet
  facet normal -1.424137e-07 -1.000000e+00 4.799946e-08
    outer loop
      vertex   1.949039e+02 -3.000000e+01 1.620249e+02
      vertex   1.948152e+02 -3.000000e+01 1.616537e+02
      vertex   2.000000e+02 -3.000000e+01 1.590007e+02
    endloop
  endfacet
  facet normal -1.351429e-07 -1.000000e+00 6.220876e-08
    outer loop
      vertex   2.000000e+02 -3.000000e+01 1.590007e+02
      vertex   1.948152e+02 -3.000000e+01 1.616537e+02
      vertex   1.946984e+02 -3.000000e+01 1.612903e+02
    endloop
  endfacet
  facet normal -1.289921e-07 -1.000000e+00 7.645065e-08
    outer loop
      vertex   2.000000e+02 -3.000000e+01 1.590007e+02
      vertex   1.946984e+02 -3.000000e+01 1.612903e+02
      vertex   1.945542e+02 -3.000000e+01 1.609369e+02
    endloop
  endfacet
  facet normal -1.237805e-07 -1.000000e+00 9.110824e-08
    outer loop
      vertex   1.945542e+02 -3.000000e+01 1.609369e+02
      vertex   1.943835e+02 -3.000000e+01 1.605955e+02
      vertex   2.000000e+02 -3.000000e+01 1.590007e+02
    endloop
  endfacet
  facet normal -1.193840e-07 -1.000000e+00 1.065912e-07
    outer loop
      vertex   2.000000e+02 -3.000000e+01 1.590007e+02
      vertex   1.943835e+02 -3.000000e+01 1.605955e+02
      vertex   1.941873e+02 -3.000000e+01 1.602682e+02
    endloop
  endfacet
  facet normal -1.157233e-07 -1.000000e+00 1.233787e-07
    outer loop
      vertex   2.000000e+02 -3.000000e+01 1.590007e+02
      vertex   1.941873e+02 -3.000000e+01 1.602682e+02
      vertex   1.939667e+02 -3.000000e+01 1.599567e+02
    endloop
  endfacet
  facet normal -1.127604e-07 -1.000000e+00 1.420770e-07
    outer loop
      vertex   1.939667e+02 -3.000000e+01 1.599567e+02
      vertex   1.937229e+02 -3.000000e+01 1.596630e+02
      vertex   2.000000e+02 -3.000000e+01 1.590007e+02
    endloop
  endfacet
  facet normal -1.104993e-07 -1.000000e+00 1.635059e-07
    outer loop
      vertex   2.000000e+02 -3.000000e+01 1.590007e+02
      vertex   1.937229e+02 -3.000000e+01 1.596630e+02
      vertex   1.934575e+02 -3.000000e+01 1.593887e+02
    endloop
  endfacet
  facet normal -1.089964e-07 -1.000000e+00 1.888434e-07
    outer loop
      vertex   2.000000e+02 -3.000000e+01 1.590007e+02
      vertex   1.934575e+02 -3.000000e+01 1.593887e+02
      vertex   1.931719e+02 -3.000000e+01 1.591355e+02
    endloop
  endfacet
  facet normal -1.083832e-07 -1.000000e+00 2.198876e-07
    outer loop
      vertex   1.931719e+02 -3.000000e+01 1.591355e+02
      vertex   1.928678e+02 -3.000000e+01 1.589048e+02
      vertex   2.000000e+02 -3.000000e+01 1.590007e+02
    endloop
  endfacet
  facet normal -1.089164e-07 -1.000000e+00 2.595687e-07
    outer loop
      vertex   2.000000e+02 -3.000000e+01 1.590007e+02
      vertex   1.928678e+02 -3.000000e+01 1.589048e+02
      vertex   1.925470e+02 -3.000000e+01 1.586980e+02
    endloop
  endfacet
  facet normal -1.110883e-07 -1.000000e+00 3.130536e-07
    outer loop
      vertex   2.000000e+02 -3.000000e+01 1.590007e+02
      vertex   1.925470e+02 -3.000000e+01 1.586980e+02
      vertex   1.922114e+02 -3.000000e+01 1.585163e+02
    endloop
  endfacet
  facet normal -1.159012e-07 -1.000000e+00 3.904386e-07
    outer loop
      vertex   1.922114e+02 -3.000000e+01 1.585163e+02
      vertex   1.918628e+02 -3.000000e+01 1.583606e+02
      vertex   2.000000e+02 -3.000000e+01 1.590007e+02
    endloop
  endfacet
  facet normal -1.075862e-08 -1.000000e+00 3.580747e-07
    outer loop
      vertex   1.911353e+02 -3.000000e+01 1.581313e+02
      vertex   1.907606e+02 -3.000000e+01 1.580589e+02
      vertex   1.970000e+02 -3.000000e+01 1.560007e+02
    endloop
  endfacet
  facet normal 1.000387e-08 -1.000000e+00 4.210163e-07
    outer loop
      vertex   1.970000e+02 -3.000000e+01 1.560007e+02
      vertex   1.907606e+02 -3.000000e+01 1.580589e+02
      vertex   1.903814e+02 -3.000000e+01 1.580152e+02
    endloop
  endfacet
  facet normal 3.874773e-08 -1.000000e+00 5.154504e-07
    outer loop
      vertex   1.970000e+02 -3.000000e+01 1.560007e+02
      vertex   1.903814e+02 -3.000000e+01 1.580152e+02
      vertex   1.900000e+02 -3.000000e+01 1.580007e+02
    endloop
  endfacet
  facet normal 8.420053e-08 -1.000000e+00 6.745351e-07
    outer loop
      vertex   1.900000e+02 -3.000000e+01 1.580007e+02
      vertex   1.896186e+02 -3.000000e+01 1.580152e+02
      vertex   1.970000e+02 -3.000000e+01 1.560007e+02
    endloop
  endfacet
  facet normal 1.737955e-07 -1.000000e+00 1.002812e-06
    outer loop
      vertex   1.970000e+02 -3.000000e+01 1.560007e+02
      vertex   1.896186e+02 -3.000000e+01 1.580152e+02
      vertex   1.892394e+02 -3.000000e+01 1.580589e+02
    endloop
  endfacet
  facet normal 5.843592e-08 -1.000000e+00 5.678384e-07
    outer loop
      vertex   1.970000e+02 -3.000000e+01 1.560007e+02
      vertex   1.892394e+02 -3.000000e+01 1.580589e+02
      vertex   1.707606e+02 -3.000000e+01 1.580589e+02
    endloop
  endfacet
  facet normal 5.843592e-08 -1.000000e+00 -7.825736e-14
    outer loop
      vertex   1.707606e+02 -3.000000e+01 1.580589e+02
      vertex   1.892394e+02 -3.000000e+01 1.580589e+02
      vertex   1.711353e+02 -3.000000e+01 1.581313e+02
    endloop
  endfacet
  facet normal 5.843592e-08 -1.000000e+00 8.156563e-14
    outer loop
      vertex   1.711353e+02 -3.000000e+01 1.581313e+02
      vertex   1.892394e+02 -3.000000e+01 1.580589e+02
      vertex   1.888647e+02 -3.000000e+01 1.581313e+02
    endloop
  endfacet
  facet normal 5.843592e-08 -1.000000e+00 1.605294e-14
    outer loop
      vertex   1.711353e+02 -3.000000e+01 1.581313e+02
      vertex   1.888647e+02 -3.000000e+01 1.581313e+02
      vertex   1.715035e+02 -3.000000e+01 1.582321e+02
    endloop
  endfacet
  facet normal 5.843592e-08 -1.000000e+00 -1.674846e-14
    outer loop
      vertex   1.715035e+02 -3.000000e+01 1.582321e+02
      vertex   1.888647e+02 -3.000000e+01 1.581313e+02
      vertex   1.884965e+02 -3.000000e+01 1.582321e+02
    endloop
  endfacet
  facet normal 5.843592e-08 -1.000000e+00 -1.040327e-14
    outer loop
      vertex   1.715035e+02 -3.000000e+01 1.582321e+02
      vertex   1.884965e+02 -3.000000e+01 1.582321e+02
      vertex   1.718628e+02 -3.000000e+01 1.583606e+02
    endloop
  endfacet
  facet normal 5.843592e-08 -1.000000e+00 1.086271e-14
    outer loop
      vertex   1.718628e+02 -3.000000e+01 1.583606e+02
      vertex   1.884965e+02 -3.000000e+01 1.582321e+02
      vertex   1.881372e+02 -3.000000e+01 1.583606e+02
    endloop
  endfacet
  facet normal 5.843592e-08 -1.000000e+00 2.390653e-14
    outer loop
      vertex   1.718628e+02 -3.000000e+01 1.583606e+02
      vertex   1.881372e+02 -3.000000e+01 1.583606e+02
      vertex   1.722114e+02 -3.000000e+01 1.585163e+02
    endloop
  endfacet
  facet normal 5.843592e-08 -1.000000e+00 -2.497627e-14
    outer loop
      vertex   1.722114e+02 -3.000000e+01 1.585163e+02
      vertex   1.881372e+02 -3.000000e+01 1.583606e+02
      vertex   1.877886e+02 -3.000000e+01 1.585163e+02
    endloop
  endfacet
  facet normal 5.843592e-08 -1.000000e+00 7.098229e-15
    outer loop
      vertex   1.722114e+02 -3.000000e+01 1.585163e+02
      vertex   1.877886e+02 -3.000000e+01 1.585163e+02
      vertex   1.725470e+02 -3.000000e+01 1.586980e+02
    endloop
  endfacet
  facet normal 5.843592e-08 -1.000000e+00 -7.417873e-15
    outer loop
      vertex   1.725470e+02 -3.000000e+01 1.586980e+02
      vertex   1.877886e+02 -3.000000e+01 1.585163e+02
      vertex   1.874530e+02 -3.000000e+01 1.586980e+02
    endloop
  endfacet
  facet normal 5.843592e-08 -1.000000e+00 -2.820233e-14
    outer loop
      vertex   1.725470e+02 -3.000000e+01 1.586980e+02
      vertex   1.874530e+02 -3.000000e+01 1.586980e+02
      vertex   1.728678e+02 -3.000000e+01 1.589048e+02
    endloop
  endfacet
  facet normal 5.843592e-08 -1.000000e+00 2.947080e-14
    outer loop
      vertex   1.728678e+02 -3.000000e+01 1.589048e+02
      vertex   1.874530e+02 -3.000000e+01 1.586980e+02
      vertex   1.871322e+02 -3.000000e+01 1.589048e+02
    endloop
  endfacet
  facet normal 5.843592e-08 -1.000000e+00 2.149437e-14
    outer loop
      vertex   1.728678e+02 -3.000000e+01 1.589048e+02
      vertex   1.871322e+02 -3.000000e+01 1.589048e+02
      vertex   1.731719e+02 -3.000000e+01 1.591355e+02
    endloop
  endfacet
  facet normal 5.843592e-08 -1.000000e+00 -2.245159e-14
    outer loop
      vertex   1.731719e+02 -3.000000e+01 1.591355e+02
      vertex   1.871322e+02 -3.000000e+01 1.589048e+02
      vertex   1.868281e+02 -3.000000e+01 1.591355e+02
    endloop
  endfacet
  facet normal 5.843592e-08 -1.000000e+00 -1.485058e-14
    outer loop
      vertex   1.731719e+02 -3.000000e+01 1.591355e+02
      vertex   1.868281e+02 -3.000000e+01 1.591355e+02
      vertex   1.734575e+02 -3.000000e+01 1.593887e+02
    endloop
  endfacet
  facet normal 5.843592e-08 -1.000000e+00 1.549885e-14
    outer loop
      vertex   1.734575e+02 -3.000000e+01 1.593887e+02
      vertex   1.868281e+02 -3.000000e+01 1.591355e+02
      vertex   1.865426e+02 -3.000000e+01 1.593887e+02
    endloop
  endfacet
  facet normal 5.843592e-08 -1.000000e+00 2.163295e-15
    outer loop
      vertex   1.734575e+02 -3.000000e+01 1.593887e+02
      vertex   1.865426e+02 -3.000000e+01 1.593887e+02
      vertex   1.737229e+02 -3.000000e+01 1.596630e+02
    endloop
  endfacet
  facet normal 5.843592e-08 -1.000000e+00 -2.254783e-15
    outer loop
      vertex   1.737229e+02 -3.000000e+01 1.596630e+02
      vertex   1.865426e+02 -3.000000e+01 1.593887e+02
      vertex   1.862771e+02 -3.000000e+01 1.596630e+02
    endloop
  endfacet
  facet normal 5.843592e-08 -1.000000e+00 1.508848e-15
    outer loop
      vertex   1.737229e+02 -3.000000e+01 1.596630e+02
      vertex   1.862771e+02 -3.000000e+01 1.596630e+02
      vertex   1.739667e+02 -3.000000e+01 1.599567e+02
    endloop
  endfacet
  facet normal 5.843592e-08 -1.000000e+00 -1.569807e-15
    outer loop
      vertex   1.739667e+02 -3.000000e+01 1.599567e+02
      vertex   1.862771e+02 -3.000000e+01 1.596630e+02
      vertex   1.860334e+02 -3.000000e+01 1.599567e+02
    endloop
  endfacet
  facet normal 5.843592e-08 -1.000000e+00 4.481425e-15
    outer loop
      vertex   1.739667e+02 -3.000000e+01 1.599567e+02
      vertex   1.860334e+02 -3.000000e+01 1.599567e+02
      vertex   1.741873e+02 -3.000000e+01 1.602682e+02
    endloop
  endfacet
  facet normal 5.843592e-08 -1.000000e+00 -4.651531e-15
    outer loop
      vertex   1.741873e+02 -3.000000e+01 1.602682e+02
      vertex   1.860334e+02 -3.000000e+01 1.599567e+02
      vertex   1.858127e+02 -3.000000e+01 1.602682e+02
    endloop
  endfacet
  facet normal 5.843592e-08 -1.000000e+00 -5.739255e-15
    outer loop
      vertex   1.741873e+02 -3.000000e+01 1.602682e+02
      vertex   1.858127e+02 -3.000000e+01 1.602682e+02
      vertex   1.743835e+02 -3.000000e+01 1.605955e+02
    endloop
  endfacet
  facet normal 5.843592e-08 -1.000000e+00 5.939783e-15
    outer loop
      vertex   1.743835e+02 -3.000000e+01 1.605955e+02
      vertex   1.858127e+02 -3.000000e+01 1.602682e+02
      vertex   1.856165e+02 -3.000000e+01 1.605955e+02
    endloop
  endfacet
  facet normal 5.843592e-08 -1.000000e+00 5.988869e-15
    outer loop
      vertex   1.743835e+02 -3.000000e+01 1.605955e+02
      vertex   1.856165e+02 -3.000000e+01 1.605955e+02
      vertex   1.745542e+02 -3.000000e+01 1.609369e+02
    endloop
  endfacet
  facet normal 5.843592e-08 -1.000000e+00 -6.176581e-15
    outer loop
      vertex   1.745542e+02 -3.000000e+01 1.609369e+02
      vertex   1.856165e+02 -3.000000e+01 1.605955e+02
      vertex   1.854458e+02 -3.000000e+01 1.609369e+02
    endloop
  endfacet
  facet normal 5.843592e-08 -1.000000e+00 -5.825758e-15
    outer loop
      vertex   1.745542e+02 -3.000000e+01 1.609369e+02
      vertex   1.854458e+02 -3.000000e+01 1.609369e+02
      vertex   1.746984e+02 -3.000000e+01 1.612903e+02
    endloop
  endfacet
  facet normal 5.843592e-08 -1.000000e+00 5.984165e-15
    outer loop
      vertex   1.746984e+02 -3.000000e+01 1.612903e+02
      vertex   1.854458e+02 -3.000000e+01 1.609369e+02
      vertex   1.853016e+02 -3.000000e+01 1.612903e+02
    endloop
  endfacet
  facet normal 5.843592e-08 -1.000000e+00 1.225129e-14
    outer loop
      vertex   1.746984e+02 -3.000000e+01 1.612903e+02
      vertex   1.853016e+02 -3.000000e+01 1.612903e+02
      vertex   1.748152e+02 -3.000000e+01 1.616537e+02
    endloop
  endfacet
  facet normal 5.843592e-08 -1.000000e+00 -1.252722e-14
    outer loop
      vertex   1.748152e+02 -3.000000e+01 1.616537e+02
      vertex   1.853016e+02 -3.000000e+01 1.612903e+02
      vertex   1.851848e+02 -3.000000e+01 1.616537e+02
    endloop
  endfacet
  facet normal 5.843592e-08 -1.000000e+00 -1.016769e-14
    outer loop
      vertex   1.748152e+02 -3.000000e+01 1.616537e+02
      vertex   1.851848e+02 -3.000000e+01 1.616537e+02
      vertex   1.749039e+02 -3.000000e+01 1.620249e+02
    endloop
  endfacet
  facet normal 5.843592e-08 -1.000000e+00 1.034469e-14
    outer loop
      vertex   1.749039e+02 -3.000000e+01 1.620249e+02
      vertex   1.851848e+02 -3.000000e+01 1.616537e+02
      vertex   1.850961e+02 -3.000000e+01 1.620249e+02
    endloop
  endfacet
  facet normal 5.843592e-08 -1.000000e+00 -2.977678e-16
    outer loop
      vertex   1.749039e+02 -3.000000e+01 1.620249e+02
      vertex   1.850961e+02 -3.000000e+01 1.620249e+02
      vertex   1.749640e+02 -3.000000e+01 1.624019e+02
    endloop
  endfacet
  facet normal 5.843592e-08 -1.000000e+00 3.013240e-16
    outer loop
      vertex   1.749640e+02 -3.000000e+01 1.624019e+02
      vertex   1.850961e+02 -3.000000e+01 1.620249e+02
      vertex   1.850360e+02 -3.000000e+01 1.624019e+02
    endloop
  endfacet
  facet normal 5.843592e-08 -1.000000e+00 -5.361614e-15
    outer loop
      vertex   1.749640e+02 -3.000000e+01 1.624019e+02
      vertex   1.850360e+02 -3.000000e+01 1.624019e+02
      vertex   1.749952e+02 -3.000000e+01 1.627823e+02
    endloop
  endfacet
  facet normal 5.843592e-08 -1.000000e+00 5.395053e-15
    outer loop
      vertex   1.749952e+02 -3.000000e+01 1.627823e+02
      vertex   1.850360e+02 -3.000000e+01 1.624019e+02
      vertex   1.850048e+02 -3.000000e+01 1.627823e+02
    endloop
  endfacet
  facet normal 5.843592e-08 -1.000000e+00 6.722931e-15
    outer loop
      vertex   1.749952e+02 -3.000000e+01 1.627823e+02
      vertex   1.850048e+02 -3.000000e+01 1.627823e+02
      vertex   1.749973e+02 -3.000000e+01 1.631639e+02
    endloop
  endfacet
  facet normal 5.843592e-08 -1.000000e+00 -6.725756e-15
    outer loop
      vertex   1.749973e+02 -3.000000e+01 1.631639e+02
      vertex   1.850048e+02 -3.000000e+01 1.627823e+02
      vertex   1.850027e+02 -3.000000e+01 1.631639e+02
    endloop
  endfacet
  facet normal 5.843592e-08 -1.000000e+00 -1.370546e-15
    outer loop
      vertex   1.749973e+02 -3.000000e+01 1.631639e+02
      vertex   1.850027e+02 -3.000000e+01 1.631639e+02
      vertex   1.749703e+02 -3.000000e+01 1.635447e+02
    endloop
  endfacet
  facet normal 5.843592e-08 -1.000000e+00 1.363181e-15
    outer loop
      vertex   1.749703e+02 -3.000000e+01 1.635447e+02
      vertex   1.850027e+02 -3.000000e+01 1.631639e+02
      vertex   1.850297e+02 -3.000000e+01 1.635447e+02
    endloop
  endfacet
  facet normal 5.843592e-08 -1.000000e+00 -3.386264e-15
    outer loop
      vertex   1.749703e+02 -3.000000e+01 1.635447e+02
      vertex   1.850297e+02 -3.000000e+01 1.635447e+02
      vertex   1.749143e+02 -3.000000e+01 1.639222e+02
    endloop
  endfacet
  facet normal 5.843592e-08 -1.000000e+00 3.348991e-15
    outer loop
      vertex   1.749143e+02 -3.000000e+01 1.639222e+02
      vertex   1.850297e+02 -3.000000e+01 1.635447e+02
      vertex   1.850857e+02 -3.000000e+01 1.639222e+02
    endloop
  endfacet
  facet normal 5.843592e-08 -1.000000e+00 9.506632e-15
    outer loop
      vertex   1.749143e+02 -3.000000e+01 1.639222e+02
      vertex   1.850857e+02 -3.000000e+01 1.639222e+02
      vertex   1.748297e+02 -3.000000e+01 1.642944e+02
    endloop
  endfacet
  facet normal 5.843592e-08 -1.000000e+00 -9.351049e-15
    outer loop
      vertex   1.748297e+02 -3.000000e+01 1.642944e+02
      vertex   1.850857e+02 -3.000000e+01 1.639222e+02
      vertex   1.851703e+02 -3.000000e+01 1.642944e+02
    endloop
  endfacet
  facet normal 5.843592e-08 -1.000000e+00 -9.117519e-15
    outer loop
      vertex   1.748297e+02 -3.000000e+01 1.642944e+02
      vertex   1.851703e+02 -3.000000e+01 1.642944e+02
      vertex   1.747170e+02 -3.000000e+01 1.646591e+02
    endloop
  endfacet
  facet normal 5.843592e-08 -1.000000e+00 8.922921e-15
    outer loop
      vertex   1.747170e+02 -3.000000e+01 1.646591e+02
      vertex   1.851703e+02 -3.000000e+01 1.642944e+02
      vertex   1.852830e+02 -3.000000e+01 1.646591e+02
    endloop
  endfacet
  facet normal 5.843592e-08 -1.000000e+00 1.348232e-14
    outer loop
      vertex   1.747170e+02 -3.000000e+01 1.646591e+02
      vertex   1.852830e+02 -3.000000e+01 1.646591e+02
      vertex   1.745767e+02 -3.000000e+01 1.650140e+02
    endloop
  endfacet
  facet normal 5.843592e-08 -1.000000e+00 -1.313366e-14
    outer loop
      vertex   1.745767e+02 -3.000000e+01 1.650140e+02
      vertex   1.852830e+02 -3.000000e+01 1.646591e+02
      vertex   1.854233e+02 -3.000000e+01 1.650140e+02
    endloop
  endfacet
  facet normal 5.843592e-08 -1.000000e+00 -8.720885e-15
    outer loop
      vertex   1.745767e+02 -3.000000e+01 1.650140e+02
      vertex   1.854233e+02 -3.000000e+01 1.650140e+02
      vertex   1.744098e+02 -3.000000e+01 1.653573e+02
    endloop
  endfacet
  facet normal 5.843592e-08 -1.000000e+00 8.460490e-15
    outer loop
      vertex   1.744098e+02 -3.000000e+01 1.653573e+02
      vertex   1.854233e+02 -3.000000e+01 1.650140e+02
      vertex   1.855902e+02 -3.000000e+01 1.653573e+02
    endloop
  endfacet
  facet normal 5.843592e-08 -1.000000e+00 3.972535e-15
    outer loop
      vertex   1.744098e+02 -3.000000e+01 1.653573e+02
      vertex   1.855902e+02 -3.000000e+01 1.653573e+02
      vertex   1.742172e+02 -3.000000e+01 1.656868e+02
    endloop
  endfacet
  facet normal 5.843592e-08 -1.000000e+00 -3.840223e-15
    outer loop
      vertex   1.742172e+02 -3.000000e+01 1.656868e+02
      vertex   1.855902e+02 -3.000000e+01 1.653573e+02
      vertex   1.857828e+02 -3.000000e+01 1.656868e+02
    endloop
  endfacet
  facet normal 5.843592e-08 -1.000000e+00 -8.089478e-14
    outer loop
      vertex   1.742172e+02 -3.000000e+01 1.656868e+02
      vertex   1.857828e+02 -3.000000e+01 1.656868e+02
      vertex   1.740000e+02 -3.000000e+01 1.660007e+02
    endloop
  endfacet
  facet normal 5.843593e-08 -1.000000e+00 7.796655e-14
    outer loop
      vertex   1.740000e+02 -3.000000e+01 1.660007e+02
      vertex   1.857828e+02 -3.000000e+01 1.656868e+02
      vertex   1.860000e+02 -3.000000e+01 1.660007e+02
    endloop
  endfacet
  facet normal 7.812412e-08 -1.000000e+00 5.154504e-07
    outer loop
      vertex   1.700000e+02 -3.000000e+01 1.580007e+02
      vertex   1.696186e+02 -3.000000e+01 1.580152e+02
      vertex   1.630000e+02 -3.000000e+01 1.560007e+02
    endloop
  endfacet
  facet normal 1.068680e-07 -1.000000e+00 4.210163e-07
    outer loop
      vertex   1.630000e+02 -3.000000e+01 1.560007e+02
      vertex   1.696186e+02 -3.000000e+01 1.580152e+02
      vertex   1.692394e+02 -3.000000e+01 1.580589e+02
    endloop
  endfacet
  facet normal 1.276305e-07 -1.000000e+00 3.580747e-07
    outer loop
      vertex   1.630000e+02 -3.000000e+01 1.560007e+02
      vertex   1.692394e+02 -3.000000e+01 1.580589e+02
      vertex   1.688647e+02 -3.000000e+01 1.581313e+02
    endloop
  endfacet
  facet normal 1.440783e-07 -1.000000e+00 3.128008e-07
    outer loop
      vertex   1.688647e+02 -3.000000e+01 1.581313e+02
      vertex   1.684965e+02 -3.000000e+01 1.582321e+02
      vertex   1.630000e+02 -3.000000e+01 1.560007e+02
    endloop
  endfacet
  facet normal 1.580443e-07 -1.000000e+00 2.783988e-07
    outer loop
      vertex   1.630000e+02 -3.000000e+01 1.560007e+02
      vertex   1.684965e+02 -3.000000e+01 1.582321e+02
      vertex   1.681372e+02 -3.000000e+01 1.583606e+02
    endloop
  endfacet
  facet normal 2.257883e-07 -1.000000e+00 2.595688e-07
    outer loop
      vertex   1.674530e+02 -3.000000e+01 1.586980e+02
      vertex   1.671322e+02 -3.000000e+01 1.589048e+02
      vertex   1.600000e+02 -3.000000e+01 1.590007e+02
    endloop
  endfacet
  facet normal 2.252551e-07 -1.000000e+00 2.198876e-07
    outer loop
      vertex   1.600000e+02 -3.000000e+01 1.590007e+02
      vertex   1.671322e+02 -3.000000e+01 1.589048e+02
      vertex   1.668281e+02 -3.000000e+01 1.591355e+02
    endloop
  endfacet
  facet normal 2.258682e-07 -1.000000e+00 1.888434e-07
    outer loop
      vertex   1.600000e+02 -3.000000e+01 1.590007e+02
      vertex   1.668281e+02 -3.000000e+01 1.591355e+02
      vertex   1.665425e+02 -3.000000e+01 1.593887e+02
    endloop
  endfacet
  facet normal 2.273711e-07 -1.000000e+00 1.635059e-07
    outer loop
      vertex   1.665425e+02 -3.000000e+01 1.593887e+02
      vertex   1.662771e+02 -3.000000e+01 1.596630e+02
      vertex   1.600000e+02 -3.000000e+01 1.590007e+02
    endloop
  endfacet
  facet normal 2.296322e-07 -1.000000e+00 1.420771e-07
    outer loop
      vertex   1.600000e+02 -3.000000e+01 1.590007e+02
      vertex   1.662771e+02 -3.000000e+01 1.596630e+02
      vertex   1.660333e+02 -3.000000e+01 1.599567e+02
    endloop
  endfacet
  facet normal 2.325952e-07 -1.000000e+00 1.233787e-07
    outer loop
      vertex   1.600000e+02 -3.000000e+01 1.590007e+02
      vertex   1.660333e+02 -3.000000e+01 1.599567e+02
      vertex   1.658127e+02 -3.000000e+01 1.602682e+02
    endloop
  endfacet
  facet normal 2.362558e-07 -1.000000e+00 1.065912e-07
    outer loop
      vertex   1.658127e+02 -3.000000e+01 1.602682e+02
      vertex   1.656165e+02 -3.000000e+01 1.605955e+02
      vertex   1.600000e+02 -3.000000e+01 1.590007e+02
    endloop
  endfacet
  facet normal 2.406524e-07 -1.000000e+00 9.110823e-08
    outer loop
      vertex   1.600000e+02 -3.000000e+01 1.590007e+02
      vertex   1.656165e+02 -3.000000e+01 1.605955e+02
      vertex   1.654458e+02 -3.000000e+01 1.609369e+02
    endloop
  endfacet
  facet normal 2.458639e-07 -1.000000e+00 7.645066e-08
    outer loop
      vertex   1.600000e+02 -3.000000e+01 1.590007e+02
      vertex   1.654458e+02 -3.000000e+01 1.609369e+02
      vertex   1.653016e+02 -3.000000e+01 1.612903e+02
    endloop
  endfacet
  facet normal 2.520147e-07 -1.000000e+00 6.220876e-08
    outer loop
      vertex   1.653016e+02 -3.000000e+01 1.612903e+02
      vertex   1.651848e+02 -3.000000e+01 1.616537e+02
      vertex   1.600000e+02 -3.000000e+01 1.590007e+02
    endloop
  endfacet
  facet normal 2.592855e-07 -1.000000e+00 4.799948e-08
    outer loop
      vertex   1.600000e+02 -3.000000e+01 1.590007e+02
      vertex   1.651848e+02 -3.000000e+01 1.616537e+02
      vertex   1.650961e+02 -3.000000e+01 1.620249e+02
    endloop
  endfacet
  facet normal 2.679332e-07 -1.000000e+00 3.342760e-08
    outer loop
      vertex   1.600000e+02 -3.000000e+01 1.590007e+02
      vertex   1.650961e+02 -3.000000e+01 1.620249e+02
      vertex   1.650360e+02 -3.000000e+01 1.624019e+02
    endloop
  endfacet
  facet normal 2.783236e-07 -1.000000e+00 1.804302e-08
    outer loop
      vertex   1.650360e+02 -3.000000e+01 1.624019e+02
      vertex   1.650048e+02 -3.000000e+01 1.627823e+02
      vertex   1.600000e+02 -3.000000e+01 1.590007e+02
    endloop
  endfacet
  facet normal 1.658023e-07 -1.000000e+00 1.669597e-07
    outer loop
      vertex   1.600000e+02 -3.000000e+01 1.590007e+02
      vertex   1.650048e+02 -3.000000e+01 1.627823e+02
      vertex   1.600000e+02 -3.000000e+01 1.660007e+02
    endloop
  endfacet
  facet normal 5.843594e-08 -1.000000e+00 2.674486e-15
    outer loop
      vertex   1.600000e+02 -3.000000e+01 1.660007e+02
      vertex   1.650048e+02 -3.000000e+01 1.627823e+02
      vertex   1.650027e+02 -3.000000e+01 1.631639e+02
    endloop
  endfacet
  facet normal 5.843594e-08 -1.000000e+00 2.825998e-16
    outer loop
      vertex   1.600000e+02 -3.000000e+01 1.660007e+02
      vertex   1.650027e+02 -3.000000e+01 1.631639e+02
      vertex   1.650297e+02 -3.000000e+01 1.635447e+02
    endloop
  endfacet
  facet normal 5.843593e-08 -1.000000e+00 -7.703258e-15
    outer loop
      vertex   1.650297e+02 -3.000000e+01 1.635447e+02
      vertex   1.650857e+02 -3.000000e+01 1.639222e+02
      vertex   1.600000e+02 -3.000000e+01 1.660007e+02
    endloop
  endfacet
  facet normal 5.843593e-08 -1.000000e+00 -1.165774e-14
    outer loop
      vertex   1.600000e+02 -3.000000e+01 1.660007e+02
      vertex   1.650857e+02 -3.000000e+01 1.639222e+02
      vertex   1.651703e+02 -3.000000e+01 1.642944e+02
    endloop
  endfacet
  facet normal 5.843594e-08 -1.000000e+00 4.346778e-15
    outer loop
      vertex   1.600000e+02 -3.000000e+01 1.660007e+02
      vertex   1.651703e+02 -3.000000e+01 1.642944e+02
      vertex   1.652830e+02 -3.000000e+01 1.646591e+02
    endloop
  endfacet
  facet normal 5.843593e-08 -1.000000e+00 -8.074544e-15
    outer loop
      vertex   1.652830e+02 -3.000000e+01 1.646591e+02
      vertex   1.654233e+02 -3.000000e+01 1.650140e+02
      vertex   1.600000e+02 -3.000000e+01 1.660007e+02
    endloop
  endfacet
  facet normal 5.843594e-08 -1.000000e+00 1.759434e-15
    outer loop
      vertex   1.600000e+02 -3.000000e+01 1.660007e+02
      vertex   1.654233e+02 -3.000000e+01 1.650140e+02
      vertex   1.655902e+02 -3.000000e+01 1.653573e+02
    endloop
  endfacet
  facet normal 5.843593e-08 -1.000000e+00 -2.126041e-14
    outer loop
      vertex   1.600000e+02 -3.000000e+01 1.660007e+02
      vertex   1.655902e+02 -3.000000e+01 1.653573e+02
      vertex   1.657828e+02 -3.000000e+01 1.656868e+02
    endloop
  endfacet
  facet normal 5.843593e-08 -1.000000e+00 -1.485679e-13
    outer loop
      vertex   1.657828e+02 -3.000000e+01 1.656868e+02
      vertex   1.660000e+02 -3.000000e+01 1.660007e+02
      vertex   1.600000e+02 -3.000000e+01 1.660007e+02
    endloop
  endfacet
  facet normal 0.000000e+00 0.000000e+00 -1.000000e+00
    outer loop
      vertex   1.630000e+02 -2.000000e+01 1.560007e+02
      vertex   1.970000e+02 -2.000000e+01 1.560007e+02
      vertex   1.630000e+02 -3.000000e+01 1.560007e+02
    endloop
  endfacet
  facet normal 0.000000e+00 0.000000e+00 -1.000000e+00
    outer loop
      vertex   1.630000e+02 -3.000000e+01 1.560007e+02
      vertex   1.970000e+02 -2.000000e+01 1.560007e+02
      vertex   1.970000e+02 -3.000000e+01 1.560007e+02
    endloop
  endfacet
  facet normal 7.071068e-01 4.132044e-08 -7.071068e-01
    outer loop
      vertex   2.000000e+02 -3.000000e+01 1.590007e+02
      vertex   1.970000e+02 -3.000000e+01 1.560007e+02
      vertex   2.000000e+02 -2.000000e+01 1.590007e+02
    endloop
  endfacet
  facet normal 7.071068e-01 4.132044e-08 -7.071068e-01
    outer loop
      vertex   2.000000e+02 -2.000000e+01 1.590007e+02
      vertex   1.970000e+02 -3.000000e+01 1.560007e+02
      vertex   1.970000e+02 -2.000000e+01 1.560007e+02
    endloop
  endfacet
  facet normal -7.071068e-01 -4.132044e-08 7.071068e-01
    outer loop
      vertex   1.620000e+02 -2.000000e+01 1.760007e+02
      vertex   1.600000e+02 -2.000000e+01 1.740007e+02
      vertex   1.620000e+02 -7.800000e+01 1.760007e+02
    endloop
  endfacet
  facet normal -7.071068e-01 -4.132044e-08 7.071068e-01
    outer loop
      vertex   1.620000e+02 -7.800000e+01 1.760007e+02
      vertex   1.600000e+02 -2.000000e+01 1.740007e+02
      vertex   1.600000e+02 -8.000000e+01 1.740007e+02
    endloop
  endfacet
  facet normal 7.071068e-01 4.132044e-08 7.071068e-01
    outer loop
      vertex   2.000000e+02 -8.000000e+01 1.740007e+02
      vertex   2.000000e+02 -2.000000e+01 1.740007e+02
      vertex   1.980000e+02 -7.800000e+01 1.760007e+02
    endloop
  endfacet
  facet normal 7.071068e-01 4.132044e-08 7.071068e-01
    outer loop
      vertex   1.980000e+02 -7.800000e+01 1.760007e+02
      vertex   2.000000e+02 -2.000000e+01 1.740007e+02
      vertex   1.980000e+02 -2.000000e+01 1.760007e+02
    endloop
  endfacet
  facet normal 4.132044e-08 -7.071068e-01 7.071068e-01
    outer loop
      vertex   1.600000e+02 -8.000000e+01 1.740007e+02
      vertex   2.000000e+02 -8.000000e+01 1.740007e+02
      vertex   1.620000e+02 -7.800000e+01 1.760007e+02
    endloop
  endfacet
  facet normal 4.132044e-08 -7.071068e-01 7.071068e-01
    outer loop
      vertex   1.620000e+02 -7.800000e+01 1.760007e+02
      vertex   2.000000e+02 -8.000000e+01 1.740007e+02
      vertex   1.980000e+02 -7.800000e+01 1.760007e+02
    endloop
  endfacet
  facet normal 0.000000e+00 -0.000000e+00 1.000000e+00
    outer loop
      vertex   1.620000e+02 -7.800000e+01 1.760007e+02
      vertex   1.679550e+02 -7.239444e+01 1.760007e+02
      vertex   1.620000e+02 -2.000000e+01 1.760007e+02
    endloop
  endfacet
  facet normal 0.000000e+00 0.000000e+00 1.000000e+00
    outer loop
      vertex   1.620000e+02 -2.000000e+01 1.760007e+02
      vertex   1.679550e+02 -7.239444e+01 1.760007e+02
      vertex   1.681372e+02 -7.218616e+01 1.760007e+02
    endloop
  endfacet
  facet normal 0.000000e+00 0.000000e+00 1.000000e+00
    outer loop
      vertex   1.620000e+02 -2.000000e+01 1.760007e+02
      vertex   1.681372e+02 -7.218616e+01 1.760007e+02
      vertex   1.683406e+02 -7.199843e+01 1.760007e+02
    endloop
  endfacet
  facet normal 0.000000e+00 0.000000e+00 1.000000e+00
    outer loop
      vertex   1.980000e+02 -7.800000e+01 1.760007e+02
      vertex   1.897236e+02 -7.658527e+01 1.760007e+02
      vertex   1.620000e+02 -7.800000e+01 1.760007e+02
    endloop
  endfacet
  facet normal 0.000000e+00 0.000000e+00 1.000000e+00
    outer loop
      vertex   1.620000e+02 -7.800000e+01 1.760007e+02
      vertex   1.897236e+02 -7.658527e+01 1.760007e+02
      vertex   1.702764e+02 -7.658527e+01 1.760007e+02
    endloop
  endfacet
  facet normal 0.000000e+00 0.000000e+00 1.000000e+00
    outer loop
      vertex   1.620000e+02 -7.800000e+01 1.760007e+02
      vertex   1.702764e+02 -7.658527e+01 1.760007e+02
      vertex   1.700000e+02 -7.660000e+01 1.760007e+02
    endloop
  endfacet
  facet normal 0.000000e+00 0.000000e+00 1.000000e+00
    outer loop
      vertex   1.980000e+02 -2.000000e+01 1.760007e+02
      vertex   1.920450e+02 -7.239444e+01 1.760007e+02
      vertex   1.980000e+02 -7.800000e+01 1.760007e+02
    endloop
  endfacet
  facet normal 0.000000e+00 0.000000e+00 1.000000e+00
    outer loop
      vertex   1.980000e+02 -7.800000e+01 1.760007e+02
      vertex   1.920450e+02 -7.239444e+01 1.760007e+02
      vertex   1.922041e+02 -7.262091e+01 1.760007e+02
    endloop
  endfacet
  facet normal 0.000000e+00 0.000000e+00 1.000000e+00
    outer loop
      vertex   1.980000e+02 -7.800000e+01 1.760007e+02
      vertex   1.922041e+02 -7.262091e+01 1.760007e+02
      vertex   1.923382e+02 -7.286300e+01 1.760007e+02
    endloop
  endfacet
  facet normal -0.000000e+00 0.000000e+00 1.000000e+00
    outer loop
      vertex   1.620000e+02 -2.000000e+01 1.760007e+02
      vertex   1.885627e+02 -7.183338e+01 1.760007e+02
      vertex   1.980000e+02 -2.000000e+01 1.760007e+02
    endloop
  endfacet
  facet normal 0.000000e+00 0.000000e+00 1.000000e+00
    outer loop
      vertex   1.980000e+02 -2.000000e+01 1.760007e+02
      vertex   1.885627e+02 -7.183338e+01 1.760007e+02
      vertex   1.888012e+02 -7.169289e+01 1.760007e+02
    endloop
  endfacet
  facet normal 0.000000e+00 0.000000e+00 1.000000e+00
    outer loop
      vertex   1.980000e+02 -2.000000e+01 1.760007e+02
      vertex   1.888012e+02 -7.169289e+01 1.760007e+02
      vertex   1.890532e+02 -7.157853e+01 1.760007e+02
    endloop
  endfacet
  facet normal 0.000000e+00 0.000000e+00 1.000000e+00
    outer loop
      vertex   1.902764e+02 -7.658527e+01 1.760007e+02
      vertex   1.900000e+02 -7.660000e+01 1.760007e+02
      vertex   1.980000e+02 -7.800000e+01 1.760007e+02
    endloop
  endfacet
  facet normal 0.000000e+00 0.000000e+00 1.000000e+00
    outer loop
      vertex   1.980000e+02 -7.800000e+01 1.760007e+02
      vertex   1.900000e+02 -7.660000e+01 1.760007e+02
      vertex   1.897236e+02 -7.658527e+01 1.760007e+02
    endloop
  endfacet
  facet normal 0.000000e+00 0.000000e+00 1.000000e+00
    outer loop
      vertex   1.702764e+02 -7.658527e+01 1.760007e+02
      vertex   1.897236e+02 -7.658527e+01 1.760007e+02
      vertex   1.705496e+02 -7.654125e+01 1.760007e+02
    endloop
  endfacet
  facet normal -0.000000e+00 0.000000e+00 1.000000e+00
    outer loop
      vertex   1.705496e+02 -7.654125e+01 1.760007e+02
      vertex   1.897236e+02 -7.658527e+01 1.760007e+02
      vertex   1.894504e+02 -7.654125e+01 1.760007e+02
    endloop
  endfacet
  facet normal 0.000000e+00 0.000000e+00 1.000000e+00
    outer loop
      vertex   1.705496e+02 -7.654125e+01 1.760007e+02
      vertex   1.894504e+02 -7.654125e+01 1.760007e+02
      vertex   1.708166e+02 -7.646844e+01 1.760007e+02
    endloop
  endfacet
  facet normal -0.000000e+00 0.000000e+00 1.000000e+00
    outer loop
      vertex   1.708166e+02 -7.646844e+01 1.760007e+02
      vertex   1.894504e+02 -7.654125e+01 1.760007e+02
      vertex   1.891834e+02 -7.646843e+01 1.760007e+02
    endloop
  endfacet
  facet normal 0.000000e+00 0.000000e+00 1.000000e+00
    outer loop
      vertex   1.708166e+02 -7.646844e+01 1.760007e+02
      vertex   1.891834e+02 -7.646843e+01 1.760007e+02
      vertex   1.710744e+02 -7.636765e+01 1.760007e+02
    endloop
  endfacet
  facet normal -0.000000e+00 0.000000e+00 1.000000e+00
    outer loop
      vertex   1.710744e+02 -7.636765e+01 1.760007e+02
      vertex   1.891834e+02 -7.646843e+01 1.760007e+02
      vertex   1.889257e+02 -7.636765e+01 1.760007e+02
    endloop
  endfacet
  facet normal 0.000000e+00 0.000000e+00 1.000000e+00
    outer loop
      vertex   1.710744e+02 -7.636765e+01 1.760007e+02
      vertex   1.889257e+02 -7.636765e+01 1.760007e+02
      vertex   1.713199e+02 -7.624004e+01 1.760007e+02
    endloop
  endfacet
  facet normal -0.000000e+00 0.000000e+00 1.000000e+00
    outer loop
      vertex   1.713199e+02 -7.624004e+01 1.760007e+02
      vertex   1.889257e+02 -7.636765e+01 1.760007e+02
      vertex   1.886801e+02 -7.624004e+01 1.760007e+02
    endloop
  endfacet
  facet normal 0.000000e+00 0.000000e+00 1.000000e+00
    outer loop
      vertex   1.713199e+02 -7.624004e+01 1.760007e+02
      vertex   1.886801e+02 -7.624004e+01 1.760007e+02
      vertex   1.715506e+02 -7.608705e+01 1.760007e+02
    endloop
  endfacet
  facet normal -0.000000e+00 0.000000e+00 1.000000e+00
    outer loop
      vertex   1.715506e+02 -7.608705e+01 1.760007e+02
      vertex   1.886801e+02 -7.624004e+01 1.760007e+02
      vertex   1.884494e+02 -7.608705e+01 1.760007e+02
    endloop
  endfacet
  facet normal 0.000000e+00 0.000000e+00 1.000000e+00
    outer loop
      vertex   1.715506e+02 -7.608705e+01 1.760007e+02
      vertex   1.884494e+02 -7.608705e+01 1.760007e+02
      vertex   1.717636e+02 -7.591041e+01 1.760007e+02
    endloop
  endfacet
  facet normal -0.000000e+00 0.000000e+00 1.000000e+00
    outer loop
      vertex   1.717636e+02 -7.591041e+01 1.760007e+02
      vertex   1.884494e+02 -7.608705e+01 1.760007e+02
      vertex   1.882364e+02 -7.591041e+01 1.760007e+02
    endloop
  endfacet
  facet normal 0.000000e+00 0.000000e+00 1.000000e+00
    outer loop
      vertex   1.717636e+02 -7.591041e+01 1.760007e+02
      vertex   1.882364e+02 -7.591041e+01 1.760007e+02
      vertex   1.719567e+02 -7.571213e+01 1.760007e+02
    endloop
  endfacet
  facet normal -0.000000e+00 0.000000e+00 1.000000e+00
    outer loop
      vertex   1.719567e+02 -7.571213e+01 1.760007e+02
      vertex   1.882364e+02 -7.591041e+01 1.760007e+02
      vertex   1.880433e+02 -7.571213e+01 1.760007e+02
    endloop
  endfacet
  facet normal 0.000000e+00 0.000000e+00 1.000000e+00
    outer loop
      vertex   1.719567e+02 -7.571213e+01 1.760007e+02
      vertex   1.880433e+02 -7.571213e+01 1.760007e+02
      vertex   1.721276e+02 -7.549445e+01 1.760007e+02
    endloop
  endfacet
  facet normal -0.000000e+00 0.000000e+00 1.000000e+00
    outer loop
      vertex   1.721276e+02 -7.549445e+01 1.760007e+02
      vertex   1.880433e+02 -7.571213e+01 1.760007e+02
      vertex   1.878724e+02 -7.549445e+01 1.760007e+02
    endloop
  endfacet
  facet normal 0.000000e+00 0.000000e+00 1.000000e+00
    outer loop
      vertex   1.721276e+02 -7.549445e+01 1.760007e+02
      vertex   1.878724e+02 -7.549445e+01 1.760007e+02
      vertex   1.722744e+02 -7.525983e+01 1.760007e+02
    endloop
  endfacet
  facet normal -0.000000e+00 0.000000e+00 1.000000e+00
    outer loop
      vertex   1.722744e+02 -7.525983e+01 1.760007e+02
      vertex   1.878724e+02 -7.549445e+01 1.760007e+02
      vertex   1.877256e+02 -7.525983e+01 1.760007e+02
    endloop
  endfacet
  facet normal 0.000000e+00 0.000000e+00 1.000000e+00
    outer loop
      vertex   1.722744e+02 -7.525983e+01 1.760007e+02
      vertex   1.877256e+02 -7.525983e+01 1.760007e+02
      vertex   1.723954e+02 -7.501094e+01 1.760007e+02
    endloop
  endfacet
  facet normal -0.000000e+00 0.000000e+00 1.000000e+00
    outer loop
      vertex   1.723954e+02 -7.501094e+01 1.760007e+02
      vertex   1.877256e+02 -7.525983e+01 1.760007e+02
      vertex   1.876046e+02 -7.501094e+01 1.760007e+02
    endloop
  endfacet
  facet normal 0.000000e+00 0.000000e+00 1.000000e+00
    outer loop
      vertex   1.723954e+02 -7.501094e+01 1.760007e+02
      vertex   1.876046e+02 -7.501094e+01 1.760007e+02
      vertex   1.724893e+02 -7.475060e+01 1.760007e+02
    endloop
  endfacet
  facet normal -0.000000e+00 0.000000e+00 1.000000e+00
    outer loop
      vertex   1.724893e+02 -7.475060e+01 1.760007e+02
      vertex   1.876046e+02 -7.501094e+01 1.760007e+02
      vertex   1.875107e+02 -7.475060e+01 1.760007e+02
    endloop
  endfacet
  facet normal 0.000000e+00 0.000000e+00 1.000000e+00
    outer loop
      vertex   1.724893e+02 -7.475060e+01 1.760007e+02
      vertex   1.875107e+02 -7.475060e+01 1.760007e+02
      vertex   1.725550e+02 -7.448175e+01 1.760007e+02
    endloop
  endfacet
  facet normal -0.000000e+00 0.000000e+00 1.000000e+00
    outer loop
      vertex   1.725550e+02 -7.448175e+01 1.760007e+02
      vertex   1.875107e+02 -7.475060e+01 1.760007e+02
      vertex   1.874450e+02 -7.448175e+01 1.760007e+02
    endloop
  endfacet
  facet normal 0.000000e+00 0.000000e+00 1.000000e+00
    outer loop
      vertex   1.725550e+02 -7.448175e+01 1.760007e+02
      vertex   1.874450e+02 -7.448175e+01 1.760007e+02
      vertex   1.725917e+02 -7.420745e+01 1.760007e+02
    endloop
  endfacet
  facet normal -0.000000e+00 0.000000e+00 1.000000e+00
    outer loop
      vertex   1.725917e+02 -7.420745e+01 1.760007e+02
      vertex   1.874450e+02 -7.448175e+01 1.760007e+02
      vertex   1.874083e+02 -7.420744e+01 1.760007e+02
    endloop
  endfacet
  facet normal 0.000000e+00 0.000000e+00 1.000000e+00
    outer loop
      vertex   1.725917e+02 -7.420745e+01 1.760007e+02
      vertex   1.874083e+02 -7.420744e+01 1.760007e+02
      vertex   1.725991e+02 -7.393079e+01 1.760007e+02
    endloop
  endfacet
  facet normal -0.000000e+00 0.000000e+00 1.000000e+00
    outer loop
      vertex   1.725991e+02 -7.393079e+01 1.760007e+02
      vertex   1.874083e+02 -7.420744e+01 1.760007e+02
      vertex   1.874009e+02 -7.393079e+01 1.760007e+02
    endloop
  endfacet
  facet normal 0.000000e+00 -0.000000e+00 1.000000e+00
    outer loop
      vertex   1.725991e+02 -7.393079e+01 1.760007e+02
      vertex   1.874009e+02 -7.393079e+01 1.760007e+02
      vertex   1.725770e+02 -7.365492e+01 1.760007e+02
    endloop
  endfacet
  facet normal -0.000000e+00 0.000000e+00 1.000000e+00
    outer loop
      vertex   1.725770e+02 -7.365492e+01 1.760007e+02
      vertex   1.874009e+02 -7.393079e+01 1.760007e+02
      vertex   1.874230e+02 -7.365491e+01 1.760007e+02
    endloop
  endfacet
  facet normal 0.000000e+00 -0.000000e+00 1.000000e+00
    outer loop
      vertex   1.725770e+02 -7.365492e+01 1.760007e+02
      vertex   1.874230e+02 -7.365491e+01 1.760007e+02
      vertex   1.725257e+02 -7.338295e+01 1.760007e+02
    endloop
  endfacet
  facet normal -0.000000e+00 0.000000e+00 1.000000e+00
    outer loop
      vertex   1.725257e+02 -7.338295e+01 1.760007e+02
      vertex   1.874230e+02 -7.365491e+01 1.760007e+02
      vertex   1.874743e+02 -7.338295e+01 1.760007e+02
    endloop
  endfacet
  facet normal 0.000000e+00 -0.000000e+00 1.000000e+00
    outer loop
      vertex   1.725257e+02 -7.338295e+01 1.760007e+02
      vertex   1.874743e+02 -7.338295e+01 1.760007e+02
      vertex   1.724458e+02 -7.311798e+01 1.760007e+02
    endloop
  endfacet
  facet normal -0.000000e+00 0.000000e+00 1.000000e+00
    outer loop
      vertex   1.724458e+02 -7.311798e+01 1.760007e+02
      vertex   1.874743e+02 -7.338295e+01 1.760007e+02
      vertex   1.875542e+02 -7.311798e+01 1.760007e+02
    endloop
  endfacet
  facet normal 0.000000e+00 -0.000000e+00 1.000000e+00
    outer loop
      vertex   1.724458e+02 -7.311798e+01 1.760007e+02
      vertex   1.875542e+02 -7.311798e+01 1.760007e+02
      vertex   1.723382e+02 -7.286300e+01 1.760007e+02
    endloop
  endfacet
  facet normal -0.000000e+00 0.000000e+00 1.000000e+00
    outer loop
      vertex   1.723382e+02 -7.286300e+01 1.760007e+02
      vertex   1.875542e+02 -7.311798e+01 1.760007e+02
      vertex   1.876618e+02 -7.286300e+01 1.760007e+02
    endloop
  endfacet
  facet normal 0.000000e+00 -0.000000e+00 1.000000e+00
    outer loop
      vertex   1.723382e+02 -7.286300e+01 1.760007e+02
      vertex   1.876618e+02 -7.286300e+01 1.760007e+02
      vertex   1.722041e+02 -7.262091e+01 1.760007e+02
    endloop
  endfacet
  facet normal -0.000000e+00 0.000000e+00 1.000000e+00
    outer loop
      vertex   1.722041e+02 -7.262091e+01 1.760007e+02
      vertex   1.876618e+02 -7.286300e+01 1.760007e+02
      vertex   1.877959e+02 -7.262091e+01 1.760007e+02
    endloop
  endfacet
  facet normal 0.000000e+00 -0.000000e+00 1.000000e+00
    outer loop
      vertex   1.722041e+02 -7.262091e+01 1.760007e+02
      vertex   1.877959e+02 -7.262091e+01 1.760007e+02
      vertex   1.720450e+02 -7.239444e+01 1.760007e+02
    endloop
  endfacet
  facet normal -0.000000e+00 0.000000e+00 1.000000e+00
    outer loop
      vertex   1.720450e+02 -7.239444e+01 1.760007e+02
      vertex   1.877959e+02 -7.262091e+01 1.760007e+02
      vertex   1.879550e+02 -7.239444e+01 1.760007e+02
    endloop
  endfacet
  facet normal 0.000000e+00 -0.000000e+00 1.000000e+00
    outer loop
      vertex   1.720450e+02 -7.239444e+01 1.760007e+02
      vertex   1.879550e+02 -7.239444e+01 1.760007e+02
      vertex   1.718628e+02 -7.218616e+01 1.760007e+02
    endloop
  endfacet
  facet normal -0.000000e+00 0.000000e+00 1.000000e+00
    outer loop
      vertex   1.718628e+02 -7.218616e+01 1.760007e+02
      vertex   1.879550e+02 -7.239444e+01 1.760007e+02
      vertex   1.881372e+02 -7.218616e+01 1.760007e+02
    endloop
  endfacet
  facet normal 0.000000e+00 -0.000000e+00 1.000000e+00
    outer loop
      vertex   1.718628e+02 -7.218616e+01 1.760007e+02
      vertex   1.881372e+02 -7.218616e+01 1.760007e+02
      vertex   1.716594e+02 -7.199843e+01 1.760007e+02
    endloop
  endfacet
  facet normal -0.000000e+00 0.000000e+00 1.000000e+00
    outer loop
      vertex   1.716594e+02 -7.199843e+01 1.760007e+02
      vertex   1.881372e+02 -7.218616e+01 1.760007e+02
      vertex   1.883406e+02 -7.199843e+01 1.760007e+02
    endloop
  endfacet
  facet normal 0.000000e+00 -0.000000e+00 1.000000e+00
    outer loop
      vertex   1.716594e+02 -7.199843e+01 1.760007e+02
      vertex   1.883406e+02 -7.199843e+01 1.760007e+02
      vertex   1.714373e+02 -7.183339e+01 1.760007e+02
    endloop
  endfacet
  facet normal -0.000000e+00 0.000000e+00 1.000000e+00
    outer loop
      vertex   1.714373e+02 -7.183339e+01 1.760007e+02
      vertex   1.883406e+02 -7.199843e+01 1.760007e+02
      vertex   1.885627e+02 -7.183338e+01 1.760007e+02
    endloop
  endfacet
  facet normal 0.000000e+00 -0.000000e+00 1.000000e+00
    outer loop
      vertex   1.714373e+02 -7.183339e+01 1.760007e+02
      vertex   1.885627e+02 -7.183338e+01 1.760007e+02
      vertex   1.620000e+02 -2.000000e+01 1.760007e+02
    endloop
  endfacet
  facet normal 0.000000e+00 0.000000e+00 1.000000e+00
    outer loop
      vertex   1.890532e+02 -7.157853e+01 1.760007e+02
      vertex   1.893159e+02 -7.149160e+01 1.760007e+02
      vertex   1.980000e+02 -2.000000e+01 1.760007e+02
    endloop
  endfacet
  facet normal 0.000000e+00 0.000000e+00 1.000000e+00
    outer loop
      vertex   1.980000e+02 -2.000000e+01 1.760007e+02
      vertex   1.893159e+02 -7.149160e+01 1.760007e+02
      vertex   1.895864e+02 -7.143310e+01 1.760007e+02
    endloop
  endfacet
  facet normal 0.000000e+00 0.000000e+00 1.000000e+00
    outer loop
      vertex   1.980000e+02 -2.000000e+01 1.760007e+02
      vertex   1.895864e+02 -7.143310e+01 1.760007e+02
      vertex   1.898616e+02 -7.140369e+01 1.760007e+02
    endloop
  endfacet
  facet normal 0.000000e+00 0.000000e+00 1.000000e+00
    outer loop
      vertex   1.898616e+02 -7.140369e+01 1.760007e+02
      vertex   1.901384e+02 -7.140369e+01 1.760007e+02
      vertex   1.980000e+02 -2.000000e+01 1.760007e+02
    endloop
  endfacet
  facet normal 0.000000e+00 0.000000e+00 1.000000e+00
    outer loop
      vertex   1.980000e+02 -2.000000e+01 1.760007e+02
      vertex   1.901384e+02 -7.140369e+01 1.760007e+02
      vertex   1.904136e+02 -7.143310e+01 1.760007e+02
    endloop
  endfacet
  facet normal 0.000000e+00 0.000000e+00 1.000000e+00
    outer loop
      vertex   1.980000e+02 -2.000000e+01 1.760007e+02
      vertex   1.904136e+02 -7.143310e+01 1.760007e+02
      vertex   1.906841e+02 -7.149160e+01 1.760007e+02
    endloop
  endfacet
  facet normal -0.000000e+00 0.000000e+00 1.000000e+00
    outer loop
      vertex   1.906841e+02 -7.149160e+01 1.760007e+02
      vertex   1.909468e+02 -7.157853e+01 1.760007e+02
      vertex   1.980000e+02 -2.000000e+01 1.760007e+02
    endloop
  endfacet
  facet normal 0.000000e+00 0.000000e+00 1.000000e+00
    outer loop
      vertex   1.980000e+02 -2.000000e+01 1.760007e+02
      vertex   1.909468e+02 -7.157853e+01 1.760007e+02
      vertex   1.911988e+02 -7.169289e+01 1.760007e+02
    endloop
  endfacet
  facet normal 0.000000e+00 0.000000e+00 1.000000e+00
    outer loop
      vertex   1.980000e+02 -2.000000e+01 1.760007e+02
      vertex   1.911988e+02 -7.169289e+01 1.760007e+02
      vertex   1.914373e+02 -7.183338e+01 1.760007e+02
    endloop
  endfacet
  facet normal -0.000000e+00 0.000000e+00 1.000000e+00
    outer loop
      vertex   1.914373e+02 -7.183338e+01 1.760007e+02
      vertex   1.916594e+02 -7.199843e+01 1.760007e+02
      vertex   1.980000e+02 -2.000000e+01 1.760007e+02
    endloop
  endfacet
  facet normal 0.000000e+00 0.000000e+00 1.000000e+00
    outer loop
      vertex   1.980000e+02 -2.000000e+01 1.760007e+02
      vertex   1.916594e+02 -7.199843e+01 1.760007e+02
      vertex   1.918628e+02 -7.218616e+01 1.760007e+02
    endloop
  endfacet
  facet normal 0.000000e+00 0.000000e+00 1.000000e+00
    outer loop
      vertex   1.980000e+02 -2.000000e+01 1.760007e+02
      vertex   1.918628e+02 -7.218616e+01 1.760007e+02
      vertex   1.920450e+02 -7.239444e+01 1.760007e+02
    endloop
  endfacet
  facet normal 0.000000e+00 0.000000e+00 1.000000e+00
    outer loop
      vertex   1.923382e+02 -7.286300e+01 1.760007e+02
      vertex   1.924458e+02 -7.311798e+01 1.760007e+02
      vertex   1.980000e+02 -7.800000e+01 1.760007e+02
    endloop
  endfacet
  facet normal 0.000000e+00 0.000000e+00 1.000000e+00
    outer loop
      vertex   1.980000e+02 -7.800000e+01 1.760007e+02
      vertex   1.924458e+02 -7.311798e+01 1.760007e+02
      vertex   1.925257e+02 -7.338295e+01 1.760007e+02
    endloop
  endfacet
  facet normal 0.000000e+00 0.000000e+00 1.000000e+00
    outer loop
      vertex   1.980000e+02 -7.800000e+01 1.760007e+02
      vertex   1.925257e+02 -7.338295e+01 1.760007e+02
      vertex   1.925770e+02 -7.365491e+01 1.760007e+02
    endloop
  endfacet
  facet normal 0.000000e+00 0.000000e+00 1.000000e+00
    outer loop
      vertex   1.925770e+02 -7.365491e+01 1.760007e+02
      vertex   1.925991e+02 -7.393079e+01 1.760007e+02
      vertex   1.980000e+02 -7.800000e+01 1.760007e+02
    endloop
  endfacet
  facet normal 0.000000e+00 0.000000e+00 1.000000e+00
    outer loop
      vertex   1.980000e+02 -7.800000e+01 1.760007e+02
      vertex   1.925991e+02 -7.393079e+01 1.760007e+02
      vertex   1.925917e+02 -7.420744e+01 1.760007e+02
    endloop
  endfacet
  facet normal 0.000000e+00 0.000000e+00 1.000000e+00
    outer loop
      vertex   1.980000e+02 -7.800000e+01 1.760007e+02
      vertex   1.925917e+02 -7.420744e+01 1.760007e+02
      vertex   1.925550e+02 -7.448175e+01 1.760007e+02
    endloop
  endfacet
  facet normal 0.000000e+00 0.000000e+00 1.000000e+00
    outer loop
      vertex   1.925550e+02 -7.448175e+01 1.760007e+02
      vertex   1.924893e+02 -7.475060e+01 1.760007e+02
      vertex   1.980000e+02 -7.800000e+01 1.760007e+02
    endloop
  endfacet
  facet normal 0.000000e+00 0.000000e+00 1.000000e+00
    outer loop
      vertex   1.980000e+02 -7.800000e+01 1.760007e+02
      vertex   1.924893e+02 -7.475060e+01 1.760007e+02
      vertex   1.923954e+02 -7.501094e+01 1.760007e+02
    endloop
  endfacet
  facet normal 0.000000e+00 0.000000e+00 1.000000e+00
    outer loop
      vertex   1.980000e+02 -7.800000e+01 1.760007e+02
      vertex   1.923954e+02 -7.501094e+01 1.760007e+02
      vertex   1.922744e+02 -7.525983e+01 1.760007e+02
    endloop
  endfacet
  facet normal 0.000000e+00 0.000000e+00 1.000000e+00
    outer loop
      vertex   1.922744e+02 -7.525983e+01 1.760007e+02
      vertex   1.921276e+02 -7.549445e+01 1.760007e+02
      vertex   1.980000e+02 -7.800000e+01 1.760007e+02
    endloop
  endfacet
  facet normal 0.000000e+00 0.000000e+00 1.000000e+00
    outer loop
      vertex   1.980000e+02 -7.800000e+01 1.760007e+02
      vertex   1.921276e+02 -7.549445e+01 1.760007e+02
      vertex   1.919567e+02 -7.571213e+01 1.760007e+02
    endloop
  endfacet
  facet normal 0.000000e+00 0.000000e+00 1.000000e+00
    outer loop
      vertex   1.980000e+02 -7.800000e+01 1.760007e+02
      vertex   1.919567e+02 -7.571213e+01 1.760007e+02
      vertex   1.917636e+02 -7.591041e+01 1.760007e+02
    endloop
  endfacet
  facet normal 0.000000e+00 0.000000e+00 1.000000e+00
    outer loop
      vertex   1.917636e+02 -7.591041e+01 1.760007e+02
      vertex   1.915506e+02 -7.608705e+01 1.760007e+02
      vertex   1.980000e+02 -7.800000e+01 1.760007e+02
    endloop
  endfacet
  facet normal 0.000000e+00 0.000000e+00 1.000000e+00
    outer loop
      vertex   1.980000e+02 -7.800000e+01 1.760007e+02
      vertex   1.915506e+02 -7.608705e+01 1.760007e+02
      vertex   1.913199e+02 -7.624004e+01 1.760007e+02
    endloop
  endfacet
  facet normal 0.000000e+00 0.000000e+00 1.000000e+00
    outer loop
      vertex   1.980000e+02 -7.800000e+01 1.760007e+02
      vertex   1.913199e+02 -7.624004e+01 1.760007e+02
      vertex   1.910744e+02 -7.636765e+01 1.760007e+02
    endloop
  endfacet
  facet normal 0.000000e+00 0.000000e+00 1.000000e+00
    outer loop
      vertex   1.910744e+02 -7.636765e+01 1.760007e+02
      vertex   1.908166e+02 -7.646843e+01 1.760007e+02
      vertex   1.980000e+02 -7.800000e+01 1.760007e+02
    endloop
  endfacet
  facet normal 0.000000e+00 0.000000e+00 1.000000e+00
    outer loop
      vertex   1.980000e+02 -7.800000e+01 1.760007e+02
      vertex   1.908166e+02 -7.646843e+01 1.760007e+02
      vertex   1.905496e+02 -7.654125e+01 1.760007e+02
    endloop
  endfacet
  facet normal 0.000000e+00 0.000000e+00 1.000000e+00
    outer loop
      vertex   1.980000e+02 -7.800000e+01 1.760007e+02
      vertex   1.905496e+02 -7.654125e+01 1.760007e+02
      vertex   1.902764e+02 -7.658527e+01 1.760007e+02
    endloop
  endfacet
  facet normal 0.000000e+00 0.000000e+00 1.000000e+00
    outer loop
      vertex   1.700000e+02 -7.660000e+01 1.760007e+02
      vertex   1.697236e+02 -7.658527e+01 1.760007e+02
      vertex   1.620000e+02 -7.800000e+01 1.760007e+02
    endloop
  endfacet
  facet normal 0.000000e+00 0.000000e+00 1.000000e+00
    outer loop
      vertex   1.620000e+02 -7.800000e+01 1.760007e+02
      vertex   1.697236e+02 -7.658527e+01 1.760007e+02
      vertex   1.694504e+02 -7.654125e+01 1.760007e+02
    endloop
  endfacet
  facet normal 0.000000e+00 0.000000e+00 1.000000e+00
    outer loop
      vertex   1.620000e+02 -7.800000e+01 1.760007e+02
      vertex   1.694504e+02 -7.654125e+01 1.760007e+02
      vertex   1.691834e+02 -7.646844e+01 1.760007e+02
    endloop
  endfacet
  facet normal 0.000000e+00 0.000000e+00 1.000000e+00
    outer loop
      vertex   1.691834e+02 -7.646844e+01 1.760007e+02
      vertex   1.689257e+02 -7.636765e+01 1.760007e+02
      vertex   1.620000e+02 -7.800000e+01 1.760007e+02
    endloop
  endfacet
  facet normal 0.000000e+00 0.000000e+00 1.000000e+00
    outer loop
      vertex   1.620000e+02 -7.800000e+01 1.760007e+02
      vertex   1.689257e+02 -7.636765e+01 1.760007e+02
      vertex   1.686801e+02 -7.624004e+01 1.760007e+02
    endloop
  endfacet
  facet normal 0.000000e+00 0.000000e+00 1.000000e+00
    outer loop
      vertex   1.620000e+02 -7.800000e+01 1.760007e+02
      vertex   1.686801e+02 -7.624004e+01 1.760007e+02
      vertex   1.684494e+02 -7.608705e+01 1.760007e+02
    endloop
  endfacet
  facet normal 0.000000e+00 0.000000e+00 1.000000e+00
    outer loop
      vertex   1.684494e+02 -7.608705e+01 1.760007e+02
      vertex   1.682364e+02 -7.591041e+01 1.760007e+02
      vertex   1.620000e+02 -7.800000e+01 1.760007e+02
    endloop
  endfacet
  facet normal 0.000000e+00 0.000000e+00 1.000000e+00
    outer loop
      vertex   1.620000e+02 -7.800000e+01 1.760007e+02
      vertex   1.682364e+02 -7.591041e+01 1.760007e+02
      vertex   1.680433e+02 -7.571213e+01 1.760007e+02
    endloop
  endfacet
  facet normal 0.000000e+00 0.000000e+00 1.000000e+00
    outer loop
      vertex   1.620000e+02 -7.800000e+01 1.760007e+02
      vertex   1.680433e+02 -7.571213e+01 1.760007e+02
      vertex   1.678724e+02 -7.549445e+01 1.760007e+02
    endloop
  endfacet
  facet normal 0.000000e+00 0.000000e+00 1.000000e+00
    outer loop
      vertex   1.678724e+02 -7.549445e+01 1.760007e+02
      vertex   1.677256e+02 -7.525983e+01 1.760007e+02
      vertex   1.620000e+02 -7.800000e+01 1.760007e+02
    endloop
  endfacet
  facet normal 0.000000e+00 0.000000e+00 1.000000e+00
    outer loop
      vertex   1.620000e+02 -7.800000e+01 1.760007e+02
      vertex   1.677256e+02 -7.525983e+01 1.760007e+02
      vertex   1.676046e+02 -7.501095e+01 1.760007e+02
    endloop
  endfacet
  facet normal 0.000000e+00 0.000000e+00 1.000000e+00
    outer loop
      vertex   1.620000e+02 -7.800000e+01 1.760007e+02
      vertex   1.676046e+02 -7.501095e+01 1.760007e+02
      vertex   1.675107e+02 -7.475060e+01 1.760007e+02
    endloop
  endfacet
  facet normal 0.000000e+00 0.000000e+00 1.000000e+00
    outer loop
      vertex   1.675107e+02 -7.475060e+01 1.760007e+02
      vertex   1.674450e+02 -7.448175e+01 1.760007e+02
      vertex   1.620000e+02 -7.800000e+01 1.760007e+02
    endloop
  endfacet
  facet normal 0.000000e+00 0.000000e+00 1.000000e+00
    outer loop
      vertex   1.620000e+02 -7.800000e+01 1.760007e+02
      vertex   1.674450e+02 -7.448175e+01 1.760007e+02
      vertex   1.674083e+02 -7.420745e+01 1.760007e+02
    endloop
  endfacet
  facet normal 0.000000e+00 0.000000e+00 1.000000e+00
    outer loop
      vertex   1.620000e+02 -7.800000e+01 1.760007e+02
      vertex   1.674083e+02 -7.420745e+01 1.760007e+02
      vertex   1.674009e+02 -7.393079e+01 1.760007e+02
    endloop
  endfacet
  facet normal 0.000000e+00 -0.000000e+00 1.000000e+00
    outer loop
      vertex   1.674009e+02 -7.393079e+01 1.760007e+02
      vertex   1.674230e+02 -7.365492e+01 1.760007e+02
      vertex   1.620000e+02 -7.800000e+01 1.760007e+02
    endloop
  endfacet
  facet normal 0.000000e+00 0.000000e+00 1.000000e+00
    outer loop
      vertex   1.620000e+02 -7.800000e+01 1.760007e+02
      vertex   1.674230e+02 -7.365492e+01 1.760007e+02
      vertex   1.674743e+02 -7.338295e+01 1.760007e+02
    endloop
  endfacet
  facet normal 0.000000e+00 0.000000e+00 1.000000e+00
    outer loop
      vertex   1.620000e+02 -7.800000e+01 1.760007e+02
      vertex   1.674743e+02 -7.338295e+01 1.760007e+02
      vertex   1.675542e+02 -7.311798e+01 1.760007e+02
    endloop
  endfacet
  facet normal 0.000000e+00 -0.000000e+00 1.000000e+00
    outer loop
      vertex   1.675542e+02 -7.311798e+01 1.760007e+02
      vertex   1.676618e+02 -7.286300e+01 1.760007e+02
      vertex   1.620000e+02 -7.800000e+01 1.760007e+02
    endloop
  endfacet
  facet normal 0.000000e+00 0.000000e+00 1.000000e+00
    outer loop
      vertex   1.620000e+02 -7.800000e+01 1.760007e+02
      vertex   1.676618e+02 -7.286300e+01 1.760007e+02
      vertex   1.677959e+02 -7.262091e+01 1.760007e+02
    endloop
  endfacet
  facet normal 0.000000e+00 0.000000e+00 1.000000e+00
    outer loop
      vertex   1.620000e+02 -7.800000e+01 1.760007e+02
      vertex   1.677959e+02 -7.262091e+01 1.760007e+02
      vertex   1.679550e+02 -7.239444e+01 1.760007e+02
    endloop
  endfacet
  facet normal 0.000000e+00 -0.000000e+00 1.000000e+00
    outer loop
      vertex   1.683406e+02 -7.199843e+01 1.760007e+02
      vertex   1.685627e+02 -7.183339e+01 1.760007e+02
      vertex   1.620000e+02 -2.000000e+01 1.760007e+02
    endloop
  endfacet
  facet normal 0.000000e+00 0.000000e+00 1.000000e+00
    outer loop
      vertex   1.620000e+02 -2.000000e+01 1.760007e+02
      vertex   1.685627e+02 -7.183339e+01 1.760007e+02
      vertex   1.688012e+02 -7.169289e+01 1.760007e+02
    endloop
  endfacet
  facet normal 0.000000e+00 0.000000e+00 1.000000e+00
    outer loop
      vertex   1.620000e+02 -2.000000e+01 1.760007e+02
      vertex   1.688012e+02 -7.169289e+01 1.760007e+02
      vertex   1.690532e+02 -7.157853e+01 1.760007e+02
    endloop
  endfacet
  facet normal 0.000000e+00 -0.000000e+00 1.000000e+00
    outer loop
      vertex   1.690532e+02 -7.157853e+01 1.760007e+02
      vertex   1.693159e+02 -7.149161e+01 1.760007e+02
      vertex   1.620000e+02 -2.000000e+01 1.760007e+02
    endloop
  endfacet
  facet normal 0.000000e+00 0.000000e+00 1.000000e+00
    outer loop
      vertex   1.620000e+02 -2.000000e+01 1.760007e+02
      vertex   1.693159e+02 -7.149161e+01 1.760007e+02
      vertex   1.695864e+02 -7.143310e+01 1.760007e+02
    endloop
  endfacet
  facet normal 0.000000e+00 0.000000e+00 1.000000e+00
    outer loop
      vertex   1.620000e+02 -2.000000e+01 1.760007e+02
      vertex   1.695864e+02 -7.143310e+01 1.760007e+02
      vertex   1.698616e+02 -7.140369e+01 1.760007e+02
    endloop
  endfacet
  facet normal 0.000000e+00 -0.000000e+00 1.000000e+00
    outer loop
      vertex   1.698616e+02 -7.140369e+01 1.760007e+02
      vertex   1.701384e+02 -7.140369e+01 1.760007e+02
      vertex   1.620000e+02 -2.000000e+01 1.760007e+02
    endloop
  endfacet
  facet normal 0.000000e+00 0.000000e+00 1.000000e+00
    outer loop
      vertex   1.620000e+02 -2.000000e+01 1.760007e+02
      vertex   1.701384e+02 -7.140369e+01 1.760007e+02
      vertex   1.704136e+02 -7.143310e+01 1.760007e+02
    endloop
  endfacet
  facet normal 0.000000e+00 0.000000e+00 1.000000e+00
    outer loop
      vertex   1.620000e+02 -2.000000e+01 1.760007e+02
      vertex   1.704136e+02 -7.143310e+01 1.760007e+02
      vertex   1.706841e+02 -7.149161e+01 1.760007e+02
    endloop
  endfacet
  facet normal -0.000000e+00 -0.000000e+00 1.000000e+00
    outer loop
      vertex   1.706841e+02 -7.149161e+01 1.760007e+02
      vertex   1.709468e+02 -7.157853e+01 1.760007e+02
      vertex   1.620000e+02 -2.000000e+01 1.760007e+02
    endloop
  endfacet
  facet normal 0.000000e+00 0.000000e+00 1.000000e+00
    outer loop
      vertex   1.620000e+02 -2.000000e+01 1.760007e+02
      vertex   1.709468e+02 -7.157853e+01 1.760007e+02
      vertex   1.711988e+02 -7.169289e+01 1.760007e+02
    endloop
  endfacet
  facet normal 0.000000e+00 0.000000e+00 1.000000e+00
    outer loop
      vertex   1.620000e+02 -2.000000e+01 1.760007e+02
      vertex   1.711988e+02 -7.169289e+01 1.760007e+02
      vertex   1.714373e+02 -7.183339e+01 1.760007e+02
    endloop
  endfacet
  facet normal -1.687585e-07 1.000000e+00 -1.103226e-07
    outer loop
      vertex   1.600000e+02 -2.000000e+01 1.590007e+02
      vertex   1.689891e+02 -2.000000e+01 1.606053e+02
      vertex   1.630000e+02 -2.000000e+01 1.560007e+02
    endloop
  endfacet
  facet normal -1.207428e-07 1.000000e+00 -1.727752e-07
    outer loop
      vertex   1.630000e+02 -2.000000e+01 1.560007e+02
      vertex   1.689891e+02 -2.000000e+01 1.606053e+02
      vertex   1.692494e+02 -2.000000e+01 1.605114e+02
    endloop
  endfacet
  facet normal -1.057282e-07 1.000000e+00 -1.935774e-07
    outer loop
      vertex   1.630000e+02 -2.000000e+01 1.560007e+02
      vertex   1.692494e+02 -2.000000e+01 1.605114e+02
      vertex   1.695182e+02 -2.000000e+01 1.604457e+02
    endloop
  endfacet
  facet normal -2.090448e-07 1.000000e+00 0.000000e+00
    outer loop
      vertex   1.600000e+02 -2.000000e+01 1.740007e+02
      vertex   1.677600e+02 -2.000000e+01 1.643206e+02
      vertex   1.600000e+02 -2.000000e+01 1.590007e+02
    endloop
  endfacet
  facet normal -2.923867e-07 1.000000e+00 1.215672e-07
    outer loop
      vertex   1.600000e+02 -2.000000e+01 1.590007e+02
      vertex   1.677600e+02 -2.000000e+01 1.643206e+02
      vertex   1.676323e+02 -2.000000e+01 1.640750e+02
    endloop
  endfacet
  facet normal -2.653535e-07 1.000000e+00 8.090658e-08
    outer loop
      vertex   1.600000e+02 -2.000000e+01 1.590007e+02
      vertex   1.676323e+02 -2.000000e+01 1.640750e+02
      vertex   1.675316e+02 -2.000000e+01 1.638173e+02
    endloop
  endfacet
  facet normal -1.207075e-07 1.000000e+00 6.227157e-08
    outer loop
      vertex   1.620000e+02 -2.000000e+01 1.760007e+02
      vertex   1.703451e+02 -2.000000e+01 1.655777e+02
      vertex   1.600000e+02 -2.000000e+01 1.740007e+02
    endloop
  endfacet
  facet normal -4.611914e-08 1.000000e+00 1.538805e-07
    outer loop
      vertex   1.600000e+02 -2.000000e+01 1.740007e+02
      vertex   1.703451e+02 -2.000000e+01 1.655777e+02
      vertex   1.700692e+02 -2.000000e+01 1.655997e+02
    endloop
  endfacet
  facet normal -6.202603e-08 1.000000e+00 1.348148e-07
    outer loop
      vertex   1.600000e+02 -2.000000e+01 1.740007e+02
      vertex   1.700692e+02 -2.000000e+01 1.655997e+02
      vertex   1.697926e+02 -2.000000e+01 1.655924e+02
    endloop
  endfacet
  facet normal -3.353442e-08 1.000000e+00 1.320659e-07
    outer loop
      vertex   1.703451e+02 -2.000000e+01 1.655777e+02
      vertex   1.620000e+02 -2.000000e+01 1.760007e+02
      vertex   1.706170e+02 -2.000000e+01 1.655264e+02
    endloop
  endfacet
  facet normal -5.843591e-08 1.000000e+00 1.115798e-07
    outer loop
      vertex   1.706170e+02 -2.000000e+01 1.655264e+02
      vertex   1.620000e+02 -2.000000e+01 1.760007e+02
      vertex   1.980000e+02 -2.000000e+01 1.760007e+02
    endloop
  endfacet
  facet normal -5.821893e-08 1.000000e+00 1.110125e-07
    outer loop
      vertex   1.706170e+02 -2.000000e+01 1.655264e+02
      vertex   1.980000e+02 -2.000000e+01 1.760007e+02
      vertex   1.892494e+02 -2.000000e+01 1.654900e+02
    endloop
  endfacet
  facet normal -9.253719e-08 1.000000e+00 1.395839e-07
    outer loop
      vertex   1.892494e+02 -2.000000e+01 1.654900e+02
      vertex   1.980000e+02 -2.000000e+01 1.760007e+02
      vertex   1.895183e+02 -2.000000e+01 1.655556e+02
    endloop
  endfacet
  facet normal -7.524756e-08 1.000000e+00 1.255441e-07
    outer loop
      vertex   1.895183e+02 -2.000000e+01 1.655556e+02
      vertex   1.980000e+02 -2.000000e+01 1.760007e+02
      vertex   1.897926e+02 -2.000000e+01 1.655924e+02
    endloop
  endfacet
  facet normal 4.345307e-09 1.000000e+00 6.278124e-08
    outer loop
      vertex   1.897926e+02 -2.000000e+01 1.655924e+02
      vertex   1.980000e+02 -2.000000e+01 1.760007e+02
      vertex   2.000000e+02 -2.000000e+01 1.740007e+02
    endloop
  endfacet
  facet normal -6.226105e-08 1.000000e+00 1.436396e-07
    outer loop
      vertex   1.897926e+02 -2.000000e+01 1.655924e+02
      vertex   2.000000e+02 -2.000000e+01 1.740007e+02
      vertex   1.900692e+02 -2.000000e+01 1.655997e+02
    endloop
  endfacet
  facet normal -4.826326e-08 1.000000e+00 1.270927e-07
    outer loop
      vertex   1.900692e+02 -2.000000e+01 1.655997e+02
      vertex   2.000000e+02 -2.000000e+01 1.740007e+02
      vertex   1.903451e+02 -2.000000e+01 1.655777e+02
    endloop
  endfacet
  facet normal -3.692309e-08 1.000000e+00 1.140940e-07
    outer loop
      vertex   1.903451e+02 -2.000000e+01 1.655777e+02
      vertex   2.000000e+02 -2.000000e+01 1.740007e+02
      vertex   1.906171e+02 -2.000000e+01 1.655264e+02
    endloop
  endfacet
  facet normal -2.725944e-08 1.000000e+00 1.033941e-07
    outer loop
      vertex   1.906171e+02 -2.000000e+01 1.655264e+02
      vertex   2.000000e+02 -2.000000e+01 1.740007e+02
      vertex   1.908820e+02 -2.000000e+01 1.654465e+02
    endloop
  endfacet
  facet normal -1.866594e-08 1.000000e+00 9.423426e-08
    outer loop
      vertex   1.908820e+02 -2.000000e+01 1.654465e+02
      vertex   2.000000e+02 -2.000000e+01 1.740007e+02
      vertex   1.911370e+02 -2.000000e+01 1.653389e+02
    endloop
  endfacet
  facet normal -1.073349e-08 1.000000e+00 8.611755e-08
    outer loop
      vertex   1.911370e+02 -2.000000e+01 1.653389e+02
      vertex   2.000000e+02 -2.000000e+01 1.740007e+02
      vertex   1.913791e+02 -2.000000e+01 1.652048e+02
    endloop
  endfacet
  facet normal -3.159785e-09 1.000000e+00 7.869451e-08
    outer loop
      vertex   1.913791e+02 -2.000000e+01 1.652048e+02
      vertex   2.000000e+02 -2.000000e+01 1.740007e+02
      vertex   1.916056e+02 -2.000000e+01 1.650457e+02
    endloop
  endfacet
  facet normal 4.302294e-09 1.000000e+00 7.169952e-08
    outer loop
      vertex   1.916056e+02 -2.000000e+01 1.650457e+02
      vertex   2.000000e+02 -2.000000e+01 1.740007e+02
      vertex   1.918138e+02 -2.000000e+01 1.648635e+02
    endloop
  endfacet
  facet normal 1.187884e-08 1.000000e+00 6.491158e-08
    outer loop
      vertex   1.918138e+02 -2.000000e+01 1.648635e+02
      vertex   2.000000e+02 -2.000000e+01 1.740007e+02
      vertex   1.920016e+02 -2.000000e+01 1.646601e+02
    endloop
  endfacet
  facet normal 1.980246e-08 1.000000e+00 5.812650e-08
    outer loop
      vertex   1.920016e+02 -2.000000e+01 1.646601e+02
      vertex   2.000000e+02 -2.000000e+01 1.740007e+02
      vertex   1.921666e+02 -2.000000e+01 1.644379e+02
    endloop
  endfacet
  facet normal 2.834049e-08 1.000000e+00 5.113251e-08
    outer loop
      vertex   1.921666e+02 -2.000000e+01 1.644379e+02
      vertex   2.000000e+02 -2.000000e+01 1.740007e+02
      vertex   1.923071e+02 -2.000000e+01 1.641995e+02
    endloop
  endfacet
  facet normal 9.348613e-08 1.000000e+00 2.368476e-14
    outer loop
      vertex   1.923071e+02 -2.000000e+01 1.641995e+02
      vertex   2.000000e+02 -2.000000e+01 1.740007e+02
      vertex   2.000000e+02 -2.000000e+01 1.590007e+02
    endloop
  endfacet
  facet normal 1.606779e-07 1.000000e+00 9.942570e-08
    outer loop
      vertex   1.923071e+02 -2.000000e+01 1.641995e+02
      vertex   2.000000e+02 -2.000000e+01 1.590007e+02
      vertex   1.924215e+02 -2.000000e+01 1.639475e+02
    endloop
  endfacet
  facet normal 1.382507e-07 1.000000e+00 6.506724e-08
    outer loop
      vertex   1.924215e+02 -2.000000e+01 1.639475e+02
      vertex   2.000000e+02 -2.000000e+01 1.590007e+02
      vertex   1.925084e+02 -2.000000e+01 1.636847e+02
    endloop
  endfacet
  facet normal 1.219614e-07 1.000000e+00 3.901446e-08
    outer loop
      vertex   1.925084e+02 -2.000000e+01 1.636847e+02
      vertex   2.000000e+02 -2.000000e+01 1.590007e+02
      vertex   1.925669e+02 -2.000000e+01 1.634142e+02
    endloop
  endfacet
  facet normal 1.094522e-07 1.000000e+00 1.794709e-08
    outer loop
      vertex   1.925669e+02 -2.000000e+01 1.634142e+02
      vertex   2.000000e+02 -2.000000e+01 1.590007e+02
      vertex   1.925963e+02 -2.000000e+01 1.631390e+02
    endloop
  endfacet
  facet normal 9.942043e-08 1.000000e+00 0.000000e+00
    outer loop
      vertex   1.925963e+02 -2.000000e+01 1.631390e+02
      vertex   2.000000e+02 -2.000000e+01 1.590007e+02
      vertex   1.925963e+02 -2.000000e+01 1.628623e+02
    endloop
  endfacet
  facet normal 9.108373e-08 1.000000e+00 -1.598352e-08
    outer loop
      vertex   1.925963e+02 -2.000000e+01 1.628623e+02
      vertex   2.000000e+02 -2.000000e+01 1.590007e+02
      vertex   1.925669e+02 -2.000000e+01 1.625871e+02
    endloop
  endfacet
  facet normal 8.393901e-08 1.000000e+00 -3.079137e-08
    outer loop
      vertex   1.925669e+02 -2.000000e+01 1.625871e+02
      vertex   2.000000e+02 -2.000000e+01 1.590007e+02
      vertex   1.925084e+02 -2.000000e+01 1.623166e+02
    endloop
  endfacet
  facet normal 7.764245e-08 1.000000e+00 -4.501701e-08
    outer loop
      vertex   1.925084e+02 -2.000000e+01 1.623166e+02
      vertex   2.000000e+02 -2.000000e+01 1.590007e+02
      vertex   1.924215e+02 -2.000000e+01 1.620538e+02
    endloop
  endfacet
  facet normal 7.194400e-08 1.000000e+00 -5.916156e-08
    outer loop
      vertex   1.924215e+02 -2.000000e+01 1.620538e+02
      vertex   2.000000e+02 -2.000000e+01 1.590007e+02
      vertex   1.923071e+02 -2.000000e+01 1.618018e+02
    endloop
  endfacet
  facet normal 6.664832e-08 1.000000e+00 -7.370517e-08
    outer loop
      vertex   1.923071e+02 -2.000000e+01 1.618018e+02
      vertex   2.000000e+02 -2.000000e+01 1.590007e+02
      vertex   1.921666e+02 -2.000000e+01 1.615634e+02
    endloop
  endfacet
  facet normal 6.158858e-08 1.000000e+00 -8.917112e-08
    outer loop
      vertex   1.921666e+02 -2.000000e+01 1.615634e+02
      vertex   2.000000e+02 -2.000000e+01 1.590007e+02
      vertex   1.920016e+02 -2.000000e+01 1.613412e+02
    endloop
  endfacet
  facet normal 5.660516e-08 1.000000e+00 -1.062010e-07
    outer loop
      vertex   1.920016e+02 -2.000000e+01 1.613412e+02
      vertex   2.000000e+02 -2.000000e+01 1.590007e+02
      vertex   1.918138e+02 -2.000000e+01 1.611379e+02
    endloop
  endfacet
  facet normal 5.152342e-08 1.000000e+00 -1.256655e-07
    outer loop
      vertex   1.918138e+02 -2.000000e+01 1.611379e+02
      vertex   2.000000e+02 -2.000000e+01 1.590007e+02
      vertex   1.916056e+02 -2.000000e+01 1.609556e+02
    endloop
  endfacet
  facet normal 4.612263e-08 1.000000e+00 -1.488560e-07
    outer loop
      vertex   1.916056e+02 -2.000000e+01 1.609556e+02
      vertex   2.000000e+02 -2.000000e+01 1.590007e+02
      vertex   1.913791e+02 -2.000000e+01 1.607966e+02
    endloop
  endfacet
  facet normal 4.008170e-08 1.000000e+00 -1.778546e-07
    outer loop
      vertex   1.913791e+02 -2.000000e+01 1.607966e+02
      vertex   2.000000e+02 -2.000000e+01 1.590007e+02
      vertex   1.911370e+02 -2.000000e+01 1.606625e+02
    endloop
  endfacet
  facet normal 3.286608e-08 1.000000e+00 -2.163385e-07
    outer loop
      vertex   1.911370e+02 -2.000000e+01 1.606625e+02
      vertex   2.000000e+02 -2.000000e+01 1.590007e+02
      vertex   1.908820e+02 -2.000000e+01 1.605548e+02
    endloop
  endfacet
  facet normal 5.107506e-08 1.000000e+00 -1.095110e-07
    outer loop
      vertex   1.908820e+02 -2.000000e+01 1.605548e+02
      vertex   2.000000e+02 -2.000000e+01 1.590007e+02
      vertex   1.970000e+02 -2.000000e+01 1.560007e+02
    endloop
  endfacet
  facet normal -3.363619e-09 1.000000e+00 -1.826426e-07
    outer loop
      vertex   1.908820e+02 -2.000000e+01 1.605548e+02
      vertex   1.970000e+02 -2.000000e+01 1.560007e+02
      vertex   1.906171e+02 -2.000000e+01 1.604749e+02
    endloop
  endfacet
  facet normal -1.962412e-08 1.000000e+00 -2.058396e-07
    outer loop
      vertex   1.906171e+02 -2.000000e+01 1.604749e+02
      vertex   1.970000e+02 -2.000000e+01 1.560007e+02
      vertex   1.903451e+02 -2.000000e+01 1.604237e+02
    endloop
  endfacet
  facet normal -3.955942e-08 1.000000e+00 -2.358345e-07
    outer loop
      vertex   1.903451e+02 -2.000000e+01 1.604237e+02
      vertex   1.970000e+02 -2.000000e+01 1.560007e+02
      vertex   1.900692e+02 -2.000000e+01 1.604016e+02
    endloop
  endfacet
  facet normal -6.581741e-08 1.000000e+00 -2.771868e-07
    outer loop
      vertex   1.900692e+02 -2.000000e+01 1.604016e+02
      vertex   1.970000e+02 -2.000000e+01 1.560007e+02
      vertex   1.897926e+02 -2.000000e+01 1.604090e+02
    endloop
  endfacet
  facet normal -1.038896e-07 1.000000e+00 -3.394339e-07
    outer loop
      vertex   1.897926e+02 -2.000000e+01 1.604090e+02
      vertex   1.970000e+02 -2.000000e+01 1.560007e+02
      vertex   1.895183e+02 -2.000000e+01 1.604457e+02
    endloop
  endfacet
  facet normal -1.675325e-07 1.000000e+00 -4.465560e-07
    outer loop
      vertex   1.895183e+02 -2.000000e+01 1.604457e+02
      vertex   1.970000e+02 -2.000000e+01 1.560007e+02
      vertex   1.892494e+02 -2.000000e+01 1.605114e+02
    endloop
  endfacet
  facet normal -5.793116e-08 1.000000e+00 -2.582316e-07
    outer loop
      vertex   1.892494e+02 -2.000000e+01 1.605114e+02
      vertex   1.970000e+02 -2.000000e+01 1.560007e+02
      vertex   1.706170e+02 -2.000000e+01 1.604749e+02
    endloop
  endfacet
  facet normal -5.843593e-08 1.000000e+00 -4.199711e-15
    outer loop
      vertex   1.892494e+02 -2.000000e+01 1.605114e+02
      vertex   1.706170e+02 -2.000000e+01 1.604749e+02
      vertex   1.708820e+02 -2.000000e+01 1.605548e+02
    endloop
  endfacet
  facet normal -5.843593e-08 1.000000e+00 -2.612079e-07
    outer loop
      vertex   1.970000e+02 -2.000000e+01 1.560007e+02
      vertex   1.630000e+02 -2.000000e+01 1.560007e+02
      vertex   1.706170e+02 -2.000000e+01 1.604749e+02
    endloop
  endfacet
  facet normal 1.409920e-08 1.000000e+00 -3.846922e-07
    outer loop
      vertex   1.706170e+02 -2.000000e+01 1.604749e+02
      vertex   1.630000e+02 -2.000000e+01 1.560007e+02
      vertex   1.703451e+02 -2.000000e+01 1.604237e+02
    endloop
  endfacet
  facet normal -3.404391e-08 1.000000e+00 -3.047431e-07
    outer loop
      vertex   1.703451e+02 -2.000000e+01 1.604237e+02
      vertex   1.630000e+02 -2.000000e+01 1.560007e+02
      vertex   1.700692e+02 -2.000000e+01 1.604016e+02
    endloop
  endfacet
  facet normal -6.521773e-08 1.000000e+00 -2.546685e-07
    outer loop
      vertex   1.700692e+02 -2.000000e+01 1.604016e+02
      vertex   1.630000e+02 -2.000000e+01 1.560007e+02
      vertex   1.697926e+02 -2.000000e+01 1.604090e+02
    endloop
  endfacet
  facet normal -8.786556e-08 1.000000e+00 -2.197714e-07
    outer loop
      vertex   1.697926e+02 -2.000000e+01 1.604090e+02
      vertex   1.630000e+02 -2.000000e+01 1.560007e+02
      vertex   1.695182e+02 -2.000000e+01 1.604457e+02
    endloop
  endfacet
  facet normal -2.210559e-07 1.000000e+00 8.667271e-09
    outer loop
      vertex   1.674147e+02 -2.000000e+01 1.632770e+02
      vertex   1.674000e+02 -2.000000e+01 1.630007e+02
      vertex   1.600000e+02 -2.000000e+01 1.590007e+02
    endloop
  endfacet
  facet normal -2.119483e-07 1.000000e+00 -8.181854e-09
    outer loop
      vertex   1.600000e+02 -2.000000e+01 1.590007e+02
      vertex   1.674000e+02 -2.000000e+01 1.630007e+02
      vertex   1.674147e+02 -2.000000e+01 1.627243e+02
    endloop
  endfacet
  facet normal -2.042585e-07 1.000000e+00 -2.349417e-08
    outer loop
      vertex   1.600000e+02 -2.000000e+01 1.590007e+02
      vertex   1.674147e+02 -2.000000e+01 1.627243e+02
      vertex   1.674588e+02 -2.000000e+01 1.624511e+02
    endloop
  endfacet
  facet normal -1.975738e-07 1.000000e+00 -3.794440e-08
    outer loop
      vertex   1.674588e+02 -2.000000e+01 1.624511e+02
      vertex   1.675316e+02 -2.000000e+01 1.621841e+02
      vertex   1.600000e+02 -2.000000e+01 1.590007e+02
    endloop
  endfacet
  facet normal -1.916034e-07 1.000000e+00 -5.206967e-08
    outer loop
      vertex   1.600000e+02 -2.000000e+01 1.590007e+02
      vertex   1.675316e+02 -2.000000e+01 1.621841e+02
      vertex   1.676323e+02 -2.000000e+01 1.619263e+02
    endloop
  endfacet
  facet normal -1.861285e-07 1.000000e+00 -6.635255e-08
    outer loop
      vertex   1.600000e+02 -2.000000e+01 1.590007e+02
      vertex   1.676323e+02 -2.000000e+01 1.619263e+02
      vertex   1.677600e+02 -2.000000e+01 1.616807e+02
    endloop
  endfacet
  facet normal -1.809707e-07 1.000000e+00 -8.128657e-08
    outer loop
      vertex   1.677600e+02 -2.000000e+01 1.616807e+02
      vertex   1.679129e+02 -2.000000e+01 1.614501e+02
      vertex   1.600000e+02 -2.000000e+01 1.590007e+02
    endloop
  endfacet
  facet normal -1.759694e-07 1.000000e+00 -9.744320e-08
    outer loop
      vertex   1.600000e+02 -2.000000e+01 1.590007e+02
      vertex   1.679129e+02 -2.000000e+01 1.614501e+02
      vertex   1.680896e+02 -2.000000e+01 1.612371e+02
    endloop
  endfacet
  facet normal -1.709607e-07 1.000000e+00 -1.155612e-07
    outer loop
      vertex   1.600000e+02 -2.000000e+01 1.590007e+02
      vertex   1.680896e+02 -2.000000e+01 1.612371e+02
      vertex   1.682879e+02 -2.000000e+01 1.610440e+02
    endloop
  endfacet
  facet normal -1.657516e-07 1.000000e+00 -1.366897e-07
    outer loop
      vertex   1.682879e+02 -2.000000e+01 1.610440e+02
      vertex   1.685056e+02 -2.000000e+01 1.608731e+02
      vertex   1.600000e+02 -2.000000e+01 1.590007e+02
    endloop
  endfacet
  facet normal -1.600804e-07 1.000000e+00 -1.624513e-07
    outer loop
      vertex   1.600000e+02 -2.000000e+01 1.590007e+02
      vertex   1.685056e+02 -2.000000e+01 1.608731e+02
      vertex   1.687402e+02 -2.000000e+01 1.607263e+02
    endloop
  endfacet
  facet normal -1.535399e-07 1.000000e+00 -1.955790e-07
    outer loop
      vertex   1.600000e+02 -2.000000e+01 1.590007e+02
      vertex   1.687402e+02 -2.000000e+01 1.607263e+02
      vertex   1.689891e+02 -2.000000e+01 1.606053e+02
    endloop
  endfacet
  facet normal -5.843593e-08 1.000000e+00 -1.751332e-15
    outer loop
      vertex   1.892494e+02 -2.000000e+01 1.605114e+02
      vertex   1.708820e+02 -2.000000e+01 1.605548e+02
      vertex   1.889891e+02 -2.000000e+01 1.606053e+02
    endloop
  endfacet
  facet normal -5.843593e-08 1.000000e+00 2.746858e-14
    outer loop
      vertex   1.889891e+02 -2.000000e+01 1.606053e+02
      vertex   1.708820e+02 -2.000000e+01 1.605548e+02
      vertex   1.711370e+02 -2.000000e+01 1.606625e+02
    endloop
  endfacet
  facet normal -5.843593e-08 1.000000e+00 1.672052e-14
    outer loop
      vertex   1.889891e+02 -2.000000e+01 1.606053e+02
      vertex   1.711370e+02 -2.000000e+01 1.606625e+02
      vertex   1.887402e+02 -2.000000e+01 1.607263e+02
    endloop
  endfacet
  facet normal -5.843593e-08 1.000000e+00 -7.619769e-15
    outer loop
      vertex   1.887402e+02 -2.000000e+01 1.607263e+02
      vertex   1.711370e+02 -2.000000e+01 1.606625e+02
      vertex   1.713791e+02 -2.000000e+01 1.607966e+02
    endloop
  endfacet
  facet normal -5.843593e-08 1.000000e+00 -1.120860e-14
    outer loop
      vertex   1.887402e+02 -2.000000e+01 1.607263e+02
      vertex   1.713791e+02 -2.000000e+01 1.607966e+02
      vertex   1.885056e+02 -2.000000e+01 1.608731e+02
    endloop
  endfacet
  facet normal -5.843593e-08 1.000000e+00 -1.251932e-14
    outer loop
      vertex   1.885056e+02 -2.000000e+01 1.608731e+02
      vertex   1.713791e+02 -2.000000e+01 1.607966e+02
      vertex   1.716056e+02 -2.000000e+01 1.609556e+02
    endloop
  endfacet
  facet normal -5.843593e-08 1.000000e+00 -8.612445e-15
    outer loop
      vertex   1.885056e+02 -2.000000e+01 1.608731e+02
      vertex   1.716056e+02 -2.000000e+01 1.609556e+02
      vertex   1.882879e+02 -2.000000e+01 1.610440e+02
    endloop
  endfacet
  facet normal -5.843593e-08 1.000000e+00 2.148503e-14
    outer loop
      vertex   1.882879e+02 -2.000000e+01 1.610440e+02
      vertex   1.716056e+02 -2.000000e+01 1.609556e+02
      vertex   1.718138e+02 -2.000000e+01 1.611379e+02
    endloop
  endfacet
  facet normal -5.843593e-08 1.000000e+00 7.076007e-16
    outer loop
      vertex   1.882879e+02 -2.000000e+01 1.610440e+02
      vertex   1.718138e+02 -2.000000e+01 1.611379e+02
      vertex   1.880896e+02 -2.000000e+01 1.612371e+02
    endloop
  endfacet
  facet normal -5.843593e-08 1.000000e+00 -2.242380e-16
    outer loop
      vertex   1.880896e+02 -2.000000e+01 1.612371e+02
      vertex   1.718138e+02 -2.000000e+01 1.611379e+02
      vertex   1.720016e+02 -2.000000e+01 1.613412e+02
    endloop
  endfacet
  facet normal -5.843593e-08 1.000000e+00 -6.549966e-15
    outer loop
      vertex   1.880896e+02 -2.000000e+01 1.612371e+02
      vertex   1.720016e+02 -2.000000e+01 1.613412e+02
      vertex   1.879130e+02 -2.000000e+01 1.614501e+02
    endloop
  endfacet
  facet normal -5.843593e-08 1.000000e+00 3.061654e-15
    outer loop
      vertex   1.879130e+02 -2.000000e+01 1.614501e+02
      vertex   1.720016e+02 -2.000000e+01 1.613412e+02
      vertex   1.721666e+02 -2.000000e+01 1.615634e+02
    endloop
  endfacet
  facet normal -5.843593e-08 1.000000e+00 4.038732e-15
    outer loop
      vertex   1.879130e+02 -2.000000e+01 1.614501e+02
      vertex   1.721666e+02 -2.000000e+01 1.615634e+02
      vertex   1.877600e+02 -2.000000e+01 1.616807e+02
    endloop
  endfacet
  facet normal -5.843593e-08 1.000000e+00 3.095677e-15
    outer loop
      vertex   1.877600e+02 -2.000000e+01 1.616807e+02
      vertex   1.721666e+02 -2.000000e+01 1.615634e+02
      vertex   1.723071e+02 -2.000000e+01 1.618018e+02
    endloop
  endfacet
  facet normal -5.843593e-08 1.000000e+00 8.589356e-17
    outer loop
      vertex   1.877600e+02 -2.000000e+01 1.616807e+02
      vertex   1.723071e+02 -2.000000e+01 1.618018e+02
      vertex   1.876324e+02 -2.000000e+01 1.619263e+02
    endloop
  endfacet
  facet normal -5.843593e-08 1.000000e+00 7.771408e-16
    outer loop
      vertex   1.876324e+02 -2.000000e+01 1.619263e+02
      vertex   1.723071e+02 -2.000000e+01 1.618018e+02
      vertex   1.724215e+02 -2.000000e+01 1.620538e+02
    endloop
  endfacet
  facet normal -5.843593e-08 1.000000e+00 -3.003059e-15
    outer loop
      vertex   1.876324e+02 -2.000000e+01 1.619263e+02
      vertex   1.724215e+02 -2.000000e+01 1.620538e+02
      vertex   1.875316e+02 -2.000000e+01 1.621841e+02
    endloop
  endfacet
  facet normal -5.843593e-08 1.000000e+00 -2.141765e-14
    outer loop
      vertex   1.875316e+02 -2.000000e+01 1.621841e+02
      vertex   1.724215e+02 -2.000000e+01 1.620538e+02
      vertex   1.725084e+02 -2.000000e+01 1.623166e+02
    endloop
  endfacet
  facet normal -5.843593e-08 1.000000e+00 1.146221e-15
    outer loop
      vertex   1.875316e+02 -2.000000e+01 1.621841e+02
      vertex   1.725084e+02 -2.000000e+01 1.623166e+02
      vertex   1.874588e+02 -2.000000e+01 1.624511e+02
    endloop
  endfacet
  facet normal -5.843593e-08 1.000000e+00 1.924660e-14
    outer loop
      vertex   1.874588e+02 -2.000000e+01 1.624511e+02
      vertex   1.725084e+02 -2.000000e+01 1.623166e+02
      vertex   1.725669e+02 -2.000000e+01 1.625871e+02
    endloop
  endfacet
  facet normal -5.843593e-08 1.000000e+00 7.393858e-15
    outer loop
      vertex   1.874588e+02 -2.000000e+01 1.624511e+02
      vertex   1.725669e+02 -2.000000e+01 1.625871e+02
      vertex   1.874147e+02 -2.000000e+01 1.627243e+02
    endloop
  endfacet
  facet normal -5.843593e-08 1.000000e+00 -1.404573e-14
    outer loop
      vertex   1.874147e+02 -2.000000e+01 1.627243e+02
      vertex   1.725669e+02 -2.000000e+01 1.625871e+02
      vertex   1.725963e+02 -2.000000e+01 1.628623e+02
    endloop
  endfacet
  facet normal -5.843593e-08 1.000000e+00 2.152440e-15
    outer loop
      vertex   1.874147e+02 -2.000000e+01 1.627243e+02
      vertex   1.725963e+02 -2.000000e+01 1.628623e+02
      vertex   1.874000e+02 -2.000000e+01 1.630007e+02
    endloop
  endfacet
  facet normal -5.843593e-08 1.000000e+00 0.000000e+00
    outer loop
      vertex   1.874000e+02 -2.000000e+01 1.630007e+02
      vertex   1.725963e+02 -2.000000e+01 1.628623e+02
      vertex   1.725963e+02 -2.000000e+01 1.631390e+02
    endloop
  endfacet
  facet normal -5.843593e-08 1.000000e+00 -2.152440e-15
    outer loop
      vertex   1.874000e+02 -2.000000e+01 1.630007e+02
      vertex   1.725963e+02 -2.000000e+01 1.631390e+02
      vertex   1.874147e+02 -2.000000e+01 1.632770e+02
    endloop
  endfacet
  facet normal -5.843593e-08 1.000000e+00 1.404573e-14
    outer loop
      vertex   1.874147e+02 -2.000000e+01 1.632770e+02
      vertex   1.725963e+02 -2.000000e+01 1.631390e+02
      vertex   1.725669e+02 -2.000000e+01 1.634142e+02
    endloop
  endfacet
  facet normal -5.843593e-08 1.000000e+00 -7.393858e-15
    outer loop
      vertex   1.874147e+02 -2.000000e+01 1.632770e+02
      vertex   1.725669e+02 -2.000000e+01 1.634142e+02
      vertex   1.874588e+02 -2.000000e+01 1.635503e+02
    endloop
  endfacet
  facet normal -5.843593e-08 1.000000e+00 -1.924660e-14
    outer loop
      vertex   1.874588e+02 -2.000000e+01 1.635503e+02
      vertex   1.725669e+02 -2.000000e+01 1.634142e+02
      vertex   1.725084e+02 -2.000000e+01 1.636847e+02
    endloop
  endfacet
  facet normal -5.843593e-08 1.000000e+00 -1.146221e-15
    outer loop
      vertex   1.874588e+02 -2.000000e+01 1.635503e+02
      vertex   1.725084e+02 -2.000000e+01 1.636847e+02
      vertex   1.875316e+02 -2.000000e+01 1.638173e+02
    endloop
  endfacet
  facet normal -5.843593e-08 1.000000e+00 2.141765e-14
    outer loop
      vertex   1.875316e+02 -2.000000e+01 1.638173e+02
      vertex   1.725084e+02 -2.000000e+01 1.636847e+02
      vertex   1.724215e+02 -2.000000e+01 1.639475e+02
    endloop
  endfacet
  facet normal -5.843593e-08 1.000000e+00 3.003059e-15
    outer loop
      vertex   1.875316e+02 -2.000000e+01 1.638173e+02
      vertex   1.724215e+02 -2.000000e+01 1.639475e+02
      vertex   1.876324e+02 -2.000000e+01 1.640750e+02
    endloop
  endfacet
  facet normal -5.843593e-08 1.000000e+00 -7.771408e-16
    outer loop
      vertex   1.876324e+02 -2.000000e+01 1.640750e+02
      vertex   1.724215e+02 -2.000000e+01 1.639475e+02
      vertex   1.723071e+02 -2.000000e+01 1.641995e+02
    endloop
  endfacet
  facet normal -5.843593e-08 1.000000e+00 -8.589356e-17
    outer loop
      vertex   1.876324e+02 -2.000000e+01 1.640750e+02
      vertex   1.723071e+02 -2.000000e+01 1.641995e+02
      vertex   1.877600e+02 -2.000000e+01 1.643206e+02
    endloop
  endfacet
  facet normal -5.843593e-08 1.000000e+00 -3.095677e-15
    outer loop
      vertex   1.877600e+02 -2.000000e+01 1.643206e+02
      vertex   1.723071e+02 -2.000000e+01 1.641995e+02
      vertex   1.721666e+02 -2.000000e+01 1.644379e+02
    endloop
  endfacet
  facet normal -5.843593e-08 1.000000e+00 -4.038732e-15
    outer loop
      vertex   1.877600e+02 -2.000000e+01 1.643206e+02
      vertex   1.721666e+02 -2.000000e+01 1.644379e+02
      vertex   1.879130e+02 -2.000000e+01 1.645512e+02
    endloop
  endfacet
  facet normal -5.843593e-08 1.000000e+00 -3.061654e-15
    outer loop
      vertex   1.879130e+02 -2.000000e+01 1.645512e+02
      vertex   1.721666e+02 -2.000000e+01 1.644379e+02
      vertex   1.720016e+02 -2.000000e+01 1.646601e+02
    endloop
  endfacet
  facet normal -5.843593e-08 1.000000e+00 6.549966e-15
    outer loop
      vertex   1.879130e+02 -2.000000e+01 1.645512e+02
      vertex   1.720016e+02 -2.000000e+01 1.646601e+02
      vertex   1.880896e+02 -2.000000e+01 1.647643e+02
    endloop
  endfacet
  facet normal -5.843593e-08 1.000000e+00 2.242380e-16
    outer loop
      vertex   1.880896e+02 -2.000000e+01 1.647643e+02
      vertex   1.720016e+02 -2.000000e+01 1.646601e+02
      vertex   1.718138e+02 -2.000000e+01 1.648635e+02
    endloop
  endfacet
  facet normal -5.843593e-08 1.000000e+00 -7.076006e-16
    outer loop
      vertex   1.880896e+02 -2.000000e+01 1.647643e+02
      vertex   1.718138e+02 -2.000000e+01 1.648635e+02
      vertex   1.882879e+02 -2.000000e+01 1.649573e+02
    endloop
  endfacet
  facet normal -5.843593e-08 1.000000e+00 -2.148503e-14
    outer loop
      vertex   1.882879e+02 -2.000000e+01 1.649573e+02
      vertex   1.718138e+02 -2.000000e+01 1.648635e+02
      vertex   1.716056e+02 -2.000000e+01 1.650457e+02
    endloop
  endfacet
  facet normal -5.843593e-08 1.000000e+00 8.612445e-15
    outer loop
      vertex   1.882879e+02 -2.000000e+01 1.649573e+02
      vertex   1.716056e+02 -2.000000e+01 1.650457e+02
      vertex   1.885056e+02 -2.000000e+01 1.651283e+02
    endloop
  endfacet
  facet normal -5.843593e-08 1.000000e+00 1.251932e-14
    outer loop
      vertex   1.885056e+02 -2.000000e+01 1.651283e+02
      vertex   1.716056e+02 -2.000000e+01 1.650457e+02
      vertex   1.713791e+02 -2.000000e+01 1.652048e+02
    endloop
  endfacet
  facet normal -5.843593e-08 1.000000e+00 1.120860e-14
    outer loop
      vertex   1.885056e+02 -2.000000e+01 1.651283e+02
      vertex   1.713791e+02 -2.000000e+01 1.652048e+02
      vertex   1.887402e+02 -2.000000e+01 1.652750e+02
    endloop
  endfacet
  facet normal -5.843593e-08 1.000000e+00 7.619769e-15
    outer loop
      vertex   1.887402e+02 -2.000000e+01 1.652750e+02
      vertex   1.713791e+02 -2.000000e+01 1.652048e+02
      vertex   1.711370e+02 -2.000000e+01 1.653389e+02
    endloop
  endfacet
  facet normal -5.843593e-08 1.000000e+00 -1.672052e-14
    outer loop
      vertex   1.887402e+02 -2.000000e+01 1.652750e+02
      vertex   1.711370e+02 -2.000000e+01 1.653389e+02
      vertex   1.889891e+02 -2.000000e+01 1.653961e+02
    endloop
  endfacet
  facet normal -5.843593e-08 1.000000e+00 -2.746858e-14
    outer loop
      vertex   1.889891e+02 -2.000000e+01 1.653961e+02
      vertex   1.711370e+02 -2.000000e+01 1.653389e+02
      vertex   1.708820e+02 -2.000000e+01 1.654465e+02
    endloop
  endfacet
  facet normal -5.843593e-08 1.000000e+00 1.751332e-15
    outer loop
      vertex   1.889891e+02 -2.000000e+01 1.653961e+02
      vertex   1.708820e+02 -2.000000e+01 1.654465e+02
      vertex   1.892494e+02 -2.000000e+01 1.654900e+02
    endloop
  endfacet
  facet normal -5.843593e-08 1.000000e+00 4.199711e-15
    outer loop
      vertex   1.892494e+02 -2.000000e+01 1.654900e+02
      vertex   1.708820e+02 -2.000000e+01 1.654465e+02
      vertex   1.706170e+02 -2.000000e+01 1.655264e+02
    endloop
  endfacet
  facet normal -7.453773e-08 1.000000e+00 1.202433e-07
    outer loop
      vertex   1.697926e+02 -2.000000e+01 1.655924e+02
      vertex   1.695182e+02 -2.000000e+01 1.655556e+02
      vertex   1.600000e+02 -2.000000e+01 1.740007e+02
    endloop
  endfacet
  facet normal -8.494616e-08 1.000000e+00 1.085121e-07
    outer loop
      vertex   1.600000e+02 -2.000000e+01 1.740007e+02
      vertex   1.695182e+02 -2.000000e+01 1.655556e+02
      vertex   1.692494e+02 -2.000000e+01 1.654900e+02
    endloop
  endfacet
  facet normal -9.401405e-08 1.000000e+00 9.865718e-08
    outer loop
      vertex   1.600000e+02 -2.000000e+01 1.740007e+02
      vertex   1.692494e+02 -2.000000e+01 1.654900e+02
      vertex   1.689891e+02 -2.000000e+01 1.653961e+02
    endloop
  endfacet
  facet normal -1.022341e-07 1.000000e+00 9.006986e-08
    outer loop
      vertex   1.689891e+02 -2.000000e+01 1.653961e+02
      vertex   1.687402e+02 -2.000000e+01 1.652750e+02
      vertex   1.600000e+02 -2.000000e+01 1.740007e+02
    endloop
  endfacet
  facet normal -1.099537e-07 1.000000e+00 8.233732e-08
    outer loop
      vertex   1.600000e+02 -2.000000e+01 1.740007e+02
      vertex   1.687402e+02 -2.000000e+01 1.652750e+02
      vertex   1.685056e+02 -2.000000e+01 1.651283e+02
    endloop
  endfacet
  facet normal -1.174428e-07 1.000000e+00 7.515798e-08
    outer loop
      vertex   1.600000e+02 -2.000000e+01 1.740007e+02
      vertex   1.685056e+02 -2.000000e+01 1.651283e+02
      vertex   1.682879e+02 -2.000000e+01 1.649573e+02
    endloop
  endfacet
  facet normal -1.249340e-07 1.000000e+00 6.829252e-08
    outer loop
      vertex   1.682879e+02 -2.000000e+01 1.649573e+02
      vertex   1.680896e+02 -2.000000e+01 1.647643e+02
      vertex   1.600000e+02 -2.000000e+01 1.740007e+02
    endloop
  endfacet
  facet normal -1.326536e-07 1.000000e+00 6.153143e-08
    outer loop
      vertex   1.600000e+02 -2.000000e+01 1.740007e+02
      vertex   1.680896e+02 -2.000000e+01 1.647643e+02
      vertex   1.679129e+02 -2.000000e+01 1.645512e+02
    endloop
  endfacet
  facet normal -1.408475e-07 1.000000e+00 5.466983e-08
    outer loop
      vertex   1.600000e+02 -2.000000e+01 1.740007e+02
      vertex   1.679129e+02 -2.000000e+01 1.645512e+02
      vertex   1.677600e+02 -2.000000e+01 1.643206e+02
    endloop
  endfacet
  facet normal -2.463924e-07 1.000000e+00 5.125776e-08
    outer loop
      vertex   1.675316e+02 -2.000000e+01 1.638173e+02
      vertex   1.674588e+02 -2.000000e+01 1.635503e+02
      vertex   1.600000e+02 -2.000000e+01 1.590007e+02
    endloop
  endfacet
  facet normal -2.322039e-07 1.000000e+00 2.799658e-08
    outer loop
      vertex   1.600000e+02 -2.000000e+01 1.590007e+02
      vertex   1.674588e+02 -2.000000e+01 1.635503e+02
      vertex   1.674147e+02 -2.000000e+01 1.632770e+02
    endloop
  endfacet
  facet normal -9.985827e-01 5.322217e-02 0.000000e+00
    outer loop
      vertex   1.725853e+02 -7.427637e+01 1.660007e+02
      vertex   1.725853e+02 -7.427637e+01 1.710007e+02
      vertex   1.726000e+02 -7.400000e+01 1.660007e+02
    endloop
  endfacet
  facet normal -9.985827e-01 5.322217e-02 0.000000e+00
    outer loop
      vertex   1.726000e+02 -7.400000e+01 1.660007e+02
      vertex   1.725853e+02 -7.427637e+01 1.710007e+02
      vertex   1.726000e+02 -7.400000e+01 1.710007e+02
    endloop
  endfacet
  facet normal -9.985827e-01 -5.322217e-02 0.000000e+00
    outer loop
      vertex   1.726000e+02 -7.400000e+01 1.660007e+02
      vertex   1.726000e+02 -7.400000e+01 1.710007e+02
      vertex   1.725853e+02 -7.372364e+01 1.660007e+02
    endloop
  endfacet
  facet normal -9.985827e-01 -5.322217e-02 0.000000e+00
    outer loop
      vertex   1.725853e+02 -7.372364e+01 1.660007e+02
      vertex   1.726000e+02 -7.400000e+01 1.710007e+02
      vertex   1.725853e+02 -7.372364e+01 1.710007e+02
    endloop
  endfacet
  facet normal -9.872684e-01 -1.590635e-01 0.000000e+00
    outer loop
      vertex   1.725853e+02 -7.372364e+01 1.660007e+02
      vertex   1.725853e+02 -7.372364e+01 1.710007e+02
      vertex   1.725413e+02 -7.345041e+01 1.660007e+02
    endloop
  endfacet
  facet normal -9.872684e-01 -1.590635e-01 0.000000e+00
    outer loop
      vertex   1.725413e+02 -7.345041e+01 1.660007e+02
      vertex   1.725853e+02 -7.372364e+01 1.710007e+02
      vertex   1.725413e+02 -7.345041e+01 1.710007e+02
    endloop
  endfacet
  facet normal -9.647679e-01 -2.631026e-01 0.000000e+00
    outer loop
      vertex   1.725413e+02 -7.345041e+01 1.660007e+02
      vertex   1.725413e+02 -7.345041e+01 1.710007e+02
      vertex   1.724684e+02 -7.318340e+01 1.660007e+02
    endloop
  endfacet
  facet normal -9.647679e-01 -2.631026e-01 0.000000e+00
    outer loop
      vertex   1.724684e+02 -7.318340e+01 1.660007e+02
      vertex   1.725413e+02 -7.345041e+01 1.710007e+02
      vertex   1.724684e+02 -7.318340e+01 1.710007e+02
    endloop
  endfacet
  facet normal -9.313362e-01 -3.641606e-01 0.000000e+00
    outer loop
      vertex   1.724684e+02 -7.318340e+01 1.660007e+02
      vertex   1.724684e+02 -7.318340e+01 1.710007e+02
      vertex   1.723677e+02 -7.292565e+01 1.660007e+02
    endloop
  endfacet
  facet normal -9.313362e-01 -3.641606e-01 0.000000e+00
    outer loop
      vertex   1.723677e+02 -7.292565e+01 1.660007e+02
      vertex   1.724684e+02 -7.318340e+01 1.710007e+02
      vertex   1.723677e+02 -7.292565e+01 1.710007e+02
    endloop
  endfacet
  facet normal -8.873521e-01 -4.610925e-01 0.000000e+00
    outer loop
      vertex   1.723677e+02 -7.292565e+01 1.660007e+02
      vertex   1.723677e+02 -7.292565e+01 1.710007e+02
      vertex   1.722400e+02 -7.268007e+01 1.660007e+02
    endloop
  endfacet
  facet normal -8.873521e-01 -4.610925e-01 0.000000e+00
    outer loop
      vertex   1.722400e+02 -7.268007e+01 1.660007e+02
      vertex   1.723677e+02 -7.292565e+01 1.710007e+02
      vertex   1.722400e+02 -7.268007e+01 1.710007e+02
    endloop
  endfacet
  facet normal -8.333139e-01 -5.528001e-01 0.000000e+00
    outer loop
      vertex   1.722400e+02 -7.268007e+01 1.660007e+02
      vertex   1.722400e+02 -7.268007e+01 1.710007e+02
      vertex   1.720871e+02 -7.244945e+01 1.660007e+02
    endloop
  endfacet
  facet normal -8.333139e-01 -5.528001e-01 0.000000e+00
    outer loop
      vertex   1.720871e+02 -7.244945e+01 1.660007e+02
      vertex   1.722400e+02 -7.268007e+01 1.710007e+02
      vertex   1.720871e+02 -7.244945e+01 1.710007e+02
    endloop
  endfacet
  facet normal -7.698340e-01 -6.382442e-01 0.000000e+00
    outer loop
      vertex   1.720871e+02 -7.244945e+01 1.660007e+02
      vertex   1.720871e+02 -7.244945e+01 1.710007e+02
      vertex   1.719104e+02 -7.223639e+01 1.660007e+02
    endloop
  endfacet
  facet normal -7.698340e-01 -6.382442e-01 0.000000e+00
    outer loop
      vertex   1.719104e+02 -7.223639e+01 1.660007e+02
      vertex   1.720871e+02 -7.244945e+01 1.710007e+02
      vertex   1.719104e+02 -7.223639e+01 1.710007e+02
    endloop
  endfacet
  facet normal -6.976315e-01 -7.164567e-01 0.000000e+00
    outer loop
      vertex   1.719104e+02 -7.223639e+01 1.660007e+02
      vertex   1.719104e+02 -7.223639e+01 1.710007e+02
      vertex   1.717121e+02 -7.204332e+01 1.660007e+02
    endloop
  endfacet
  facet normal -6.976315e-01 -7.164567e-01 0.000000e+00
    outer loop
      vertex   1.717121e+02 -7.204332e+01 1.660007e+02
      vertex   1.719104e+02 -7.223639e+01 1.710007e+02
      vertex   1.717121e+02 -7.204332e+01 1.710007e+02
    endloop
  endfacet
  facet normal -6.175246e-01 -7.865516e-01 0.000000e+00
    outer loop
      vertex   1.717121e+02 -7.204332e+01 1.660007e+02
      vertex   1.717121e+02 -7.204332e+01 1.710007e+02
      vertex   1.714945e+02 -7.187241e+01 1.660007e+02
    endloop
  endfacet
  facet normal -6.175246e-01 -7.865516e-01 0.000000e+00
    outer loop
      vertex   1.714945e+02 -7.187241e+01 1.660007e+02
      vertex   1.717121e+02 -7.204332e+01 1.710007e+02
      vertex   1.714945e+02 -7.187241e+01 1.710007e+02
    endloop
  endfacet
  facet normal -5.304209e-01 -8.477344e-01 0.000000e+00
    outer loop
      vertex   1.714945e+02 -7.187241e+01 1.660007e+02
      vertex   1.714945e+02 -7.187241e+01 1.710007e+02
      vertex   1.712598e+02 -7.172562e+01 1.660007e+02
    endloop
  endfacet
  facet normal -5.304209e-01 -8.477344e-01 0.000000e+00
    outer loop
      vertex   1.712598e+02 -7.172562e+01 1.660007e+02
      vertex   1.714945e+02 -7.187241e+01 1.710007e+02
      vertex   1.712598e+02 -7.172562e+01 1.710007e+02
    endloop
  endfacet
  facet normal -4.373073e-01 -8.993121e-01 0.000000e+00
    outer loop
      vertex   1.712598e+02 -7.172562e+01 1.660007e+02
      vertex   1.712598e+02 -7.172562e+01 1.710007e+02
      vertex   1.710109e+02 -7.160459e+01 1.660007e+02
    endloop
  endfacet
  facet normal -4.373073e-01 -8.993121e-01 2.555999e-15
    outer loop
      vertex   1.710109e+02 -7.160459e+01 1.660007e+02
      vertex   1.712598e+02 -7.172562e+01 1.710007e+02
      vertex   1.710109e+02 -7.160459e+01 1.710007e+02
    endloop
  endfacet
  facet normal -3.392389e-01 -9.407003e-01 2.673631e-15
    outer loop
      vertex   1.710109e+02 -7.160459e+01 1.660007e+02
      vertex   1.710109e+02 -7.160459e+01 1.710007e+02
      vertex   1.707506e+02 -7.151070e+01 1.660007e+02
    endloop
  endfacet
  facet normal -3.392389e-01 -9.407003e-01 0.000000e+00
    outer loop
      vertex   1.707506e+02 -7.151070e+01 1.660007e+02
      vertex   1.710109e+02 -7.160459e+01 1.710007e+02
      vertex   1.707506e+02 -7.151070e+01 1.710007e+02
    endloop
  endfacet
  facet normal -2.373267e-01 -9.714299e-01 0.000000e+00
    outer loop
      vertex   1.707506e+02 -7.151070e+01 1.660007e+02
      vertex   1.707506e+02 -7.151070e+01 1.710007e+02
      vertex   1.704818e+02 -7.144502e+01 1.660007e+02
    endloop
  endfacet
  facet normal -2.373267e-01 -9.714299e-01 0.000000e+00
    outer loop
      vertex   1.704818e+02 -7.144502e+01 1.660007e+02
      vertex   1.707506e+02 -7.151070e+01 1.710007e+02
      vertex   1.704818e+02 -7.144502e+01 1.710007e+02
    endloop
  endfacet
  facet normal -1.327255e-01 -9.911528e-01 0.000000e+00
    outer loop
      vertex   1.704818e+02 -7.144502e+01 1.660007e+02
      vertex   1.704818e+02 -7.144502e+01 1.710007e+02
      vertex   1.702074e+02 -7.140829e+01 1.660007e+02
    endloop
  endfacet
  facet normal -1.327255e-01 -9.911528e-01 0.000000e+00
    outer loop
      vertex   1.702074e+02 -7.140829e+01 1.660007e+02
      vertex   1.704818e+02 -7.144502e+01 1.710007e+02
      vertex   1.702074e+02 -7.140829e+01 1.710007e+02
    endloop
  endfacet
  facet normal -2.662052e-02 -9.996456e-01 0.000000e+00
    outer loop
      vertex   1.702074e+02 -7.140829e+01 1.660007e+02
      vertex   1.702074e+02 -7.140829e+01 1.710007e+02
      vertex   1.699308e+02 -7.140092e+01 1.660007e+02
    endloop
  endfacet
  facet normal -2.662052e-02 -9.996456e-01 0.000000e+00
    outer loop
      vertex   1.699308e+02 -7.140092e+01 1.660007e+02
      vertex   1.702074e+02 -7.140829e+01 1.710007e+02
      vertex   1.699308e+02 -7.140092e+01 1.710007e+02
    endloop
  endfacet
  facet normal 7.978611e-02 -9.968120e-01 0.000000e+00
    outer loop
      vertex   1.699308e+02 -7.140092e+01 1.660007e+02
      vertex   1.699308e+02 -7.140092e+01 1.710007e+02
      vertex   1.696549e+02 -7.142300e+01 1.660007e+02
    endloop
  endfacet
  facet normal 7.978611e-02 -9.968120e-01 -2.833110e-15
    outer loop
      vertex   1.696549e+02 -7.142300e+01 1.660007e+02
      vertex   1.699308e+02 -7.140092e+01 1.710007e+02
      vertex   1.696549e+02 -7.142300e+01 1.710007e+02
    endloop
  endfacet
  facet normal 1.852887e-01 -9.826841e-01 -2.792956e-15
    outer loop
      vertex   1.696549e+02 -7.142300e+01 1.660007e+02
      vertex   1.696549e+02 -7.142300e+01 1.710007e+02
      vertex   1.693830e+02 -7.147428e+01 1.660007e+02
    endloop
  endfacet
  facet normal 1.852887e-01 -9.826841e-01 0.000000e+00
    outer loop
      vertex   1.693830e+02 -7.147428e+01 1.660007e+02
      vertex   1.696549e+02 -7.142300e+01 1.710007e+02
      vertex   1.693830e+02 -7.147428e+01 1.710007e+02
    endloop
  endfacet
  facet normal 2.886919e-01 -9.574220e-01 0.000000e+00
    outer loop
      vertex   1.693830e+02 -7.147428e+01 1.660007e+02
      vertex   1.693830e+02 -7.147428e+01 1.710007e+02
      vertex   1.691180e+02 -7.155418e+01 1.660007e+02
    endloop
  endfacet
  facet normal 2.886919e-01 -9.574220e-01 0.000000e+00
    outer loop
      vertex   1.691180e+02 -7.155418e+01 1.660007e+02
      vertex   1.693830e+02 -7.147428e+01 1.710007e+02
      vertex   1.691180e+02 -7.155418e+01 1.710007e+02
    endloop
  endfacet
  facet normal 3.888242e-01 -9.213120e-01 0.000000e+00
    outer loop
      vertex   1.691180e+02 -7.155418e+01 1.660007e+02
      vertex   1.691180e+02 -7.155418e+01 1.710007e+02
      vertex   1.688630e+02 -7.166179e+01 1.660007e+02
    endloop
  endfacet
  facet normal 3.888242e-01 -9.213120e-01 0.000000e+00
    outer loop
      vertex   1.688630e+02 -7.166179e+01 1.660007e+02
      vertex   1.691180e+02 -7.155418e+01 1.710007e+02
      vertex   1.688630e+02 -7.166179e+01 1.710007e+02
    endloop
  endfacet
  facet normal 4.845509e-01 -8.747631e-01 0.000000e+00
    outer loop
      vertex   1.688630e+02 -7.166179e+01 1.660007e+02
      vertex   1.688630e+02 -7.166179e+01 1.710007e+02
      vertex   1.686209e+02 -7.179589e+01 1.660007e+02
    endloop
  endfacet
  facet normal 4.845509e-01 -8.747631e-01 0.000000e+00
    outer loop
      vertex   1.686209e+02 -7.179589e+01 1.660007e+02
      vertex   1.688630e+02 -7.166179e+01 1.710007e+02
      vertex   1.686209e+02 -7.179589e+01 1.710007e+02
    endloop
  endfacet
  facet normal 5.747874e-01 -8.183028e-01 0.000000e+00
    outer loop
      vertex   1.686209e+02 -7.179589e+01 1.660007e+02
      vertex   1.686209e+02 -7.179589e+01 1.710007e+02
      vertex   1.683944e+02 -7.195497e+01 1.660007e+02
    endloop
  endfacet
  facet normal 5.747874e-01 -8.183028e-01 -2.325756e-15
    outer loop
      vertex   1.683944e+02 -7.195497e+01 1.660007e+02
      vertex   1.686209e+02 -7.179589e+01 1.710007e+02
      vertex   1.683944e+02 -7.195497e+01 1.710007e+02
    endloop
  endfacet
  facet normal 6.585114e-01 -7.525708e-01 -2.138935e-15
    outer loop
      vertex   1.683944e+02 -7.195497e+01 1.660007e+02
      vertex   1.683944e+02 -7.195497e+01 1.710007e+02
      vertex   1.681862e+02 -7.213721e+01 1.660007e+02
    endloop
  endfacet
  facet normal 6.585114e-01 -7.525708e-01 0.000000e+00
    outer loop
      vertex   1.681862e+02 -7.213721e+01 1.660007e+02
      vertex   1.683944e+02 -7.195497e+01 1.710007e+02
      vertex   1.681862e+02 -7.213721e+01 1.710007e+02
    endloop
  endfacet
  facet normal 7.347742e-01 -6.783118e-01 0.000000e+00
    outer loop
      vertex   1.681862e+02 -7.213721e+01 1.660007e+02
      vertex   1.681862e+02 -7.213721e+01 1.710007e+02
      vertex   1.679984e+02 -7.234057e+01 1.660007e+02
    endloop
  endfacet
  facet normal 7.347742e-01 -6.783118e-01 0.000000e+00
    outer loop
      vertex   1.679984e+02 -7.234057e+01 1.660007e+02
      vertex   1.681862e+02 -7.213721e+01 1.710007e+02
      vertex   1.679984e+02 -7.234057e+01 1.710007e+02
    endloop
  endfacet
  facet normal 8.027116e-01 -5.963674e-01 0.000000e+00
    outer loop
      vertex   1.679984e+02 -7.234057e+01 1.660007e+02
      vertex   1.679984e+02 -7.234057e+01 1.710007e+02
      vertex   1.678334e+02 -7.256272e+01 1.660007e+02
    endloop
  endfacet
  facet normal 8.027116e-01 -5.963674e-01 0.000000e+00
    outer loop
      vertex   1.678334e+02 -7.256272e+01 1.660007e+02
      vertex   1.679984e+02 -7.234057e+01 1.710007e+02
      vertex   1.678334e+02 -7.256272e+01 1.710007e+02
    endloop
  endfacet
  facet normal 8.615541e-01 -5.076658e-01 0.000000e+00
    outer loop
      vertex   1.678334e+02 -7.256272e+01 1.660007e+02
      vertex   1.678334e+02 -7.256272e+01 1.710007e+02
      vertex   1.676929e+02 -7.280116e+01 1.660007e+02
    endloop
  endfacet
  facet normal 8.615541e-01 -5.076658e-01 0.000000e+00
    outer loop
      vertex   1.676929e+02 -7.280116e+01 1.660007e+02
      vertex   1.678334e+02 -7.256272e+01 1.710007e+02
      vertex   1.676929e+02 -7.280116e+01 1.710007e+02
    endloop
  endfacet
  facet normal 9.106348e-01 -4.132122e-01 0.000000e+00
    outer loop
      vertex   1.676929e+02 -7.280116e+01 1.660007e+02
      vertex   1.676929e+02 -7.280116e+01 1.710007e+02
      vertex   1.675785e+02 -7.305318e+01 1.660007e+02
    endloop
  endfacet
  facet normal 9.106348e-01 -4.132122e-01 0.000000e+00
    outer loop
      vertex   1.675785e+02 -7.305318e+01 1.660007e+02
      vertex   1.676929e+02 -7.280116e+01 1.710007e+02
      vertex   1.675785e+02 -7.305318e+01 1.710007e+02
    endloop
  endfacet
  facet normal 9.493976e-01 -3.140767e-01 0.000000e+00
    outer loop
      vertex   1.675785e+02 -7.305318e+01 1.660007e+02
      vertex   1.675785e+02 -7.305318e+01 1.710007e+02
      vertex   1.674916e+02 -7.331594e+01 1.660007e+02
    endloop
  endfacet
  facet normal 9.493976e-01 -3.140767e-01 0.000000e+00
    outer loop
      vertex   1.674916e+02 -7.331594e+01 1.660007e+02
      vertex   1.675785e+02 -7.305318e+01 1.710007e+02
      vertex   1.674916e+02 -7.331594e+01 1.710007e+02
    endloop
  endfacet
  facet normal 9.774034e-01 -2.113826e-01 0.000000e+00
    outer loop
      vertex   1.674916e+02 -7.331594e+01 1.660007e+02
      vertex   1.674916e+02 -7.331594e+01 1.710007e+02
      vertex   1.674331e+02 -7.358644e+01 1.660007e+02
    endloop
  endfacet
  facet normal 9.774034e-01 -2.113826e-01 0.000000e+00
    outer loop
      vertex   1.674331e+02 -7.358644e+01 1.660007e+02
      vertex   1.674916e+02 -7.331594e+01 1.710007e+02
      vertex   1.674331e+02 -7.358644e+01 1.710007e+02
    endloop
  endfacet
  facet normal 9.943348e-01 -1.062935e-01 0.000000e+00
    outer loop
      vertex   1.674331e+02 -7.358644e+01 1.660007e+02
      vertex   1.674331e+02 -7.358644e+01 1.710007e+02
      vertex   1.674037e+02 -7.386162e+01 1.660007e+02
    endloop
  endfacet
  facet normal 9.943348e-01 -1.062935e-01 0.000000e+00
    outer loop
      vertex   1.674037e+02 -7.386162e+01 1.660007e+02
      vertex   1.674331e+02 -7.358644e+01 1.710007e+02
      vertex   1.674037e+02 -7.386162e+01 1.710007e+02
    endloop
  endfacet
  facet normal 1.000000e+00 0.000000e+00 -0.000000e+00
    outer loop
      vertex   1.674037e+02 -7.386162e+01 1.660007e+02
      vertex   1.674037e+02 -7.386162e+01 1.710007e+02
      vertex   1.674037e+02 -7.413838e+01 1.660007e+02
    endloop
  endfacet
  facet normal 1.000000e+00 0.000000e+00 0.000000e+00
    outer loop
      vertex   1.674037e+02 -7.413838e+01 1.660007e+02
      vertex   1.674037e+02 -7.386162e+01 1.710007e+02
      vertex   1.674037e+02 -7.413838e+01 1.710007e+02
    endloop
  endfacet
  facet normal 9.943348e-01 1.062935e-01 -0.000000e+00
    outer loop
      vertex   1.674037e+02 -7.413838e+01 1.660007e+02
      vertex   1.674037e+02 -7.413838e+01 1.710007e+02
      vertex   1.674331e+02 -7.441357e+01 1.660007e+02
    endloop
  endfacet
  facet normal 9.943348e-01 1.062935e-01 -0.000000e+00
    outer loop
      vertex   1.674331e+02 -7.441357e+01 1.660007e+02
      vertex   1.674037e+02 -7.413838e+01 1.710007e+02
      vertex   1.674331e+02 -7.441357e+01 1.710007e+02
    endloop
  endfacet
  facet normal 9.774034e-01 2.113826e-01 -0.000000e+00
    outer loop
      vertex   1.674331e+02 -7.441357e+01 1.660007e+02
      vertex   1.674331e+02 -7.441357e+01 1.710007e+02
      vertex   1.674916e+02 -7.468407e+01 1.660007e+02
    endloop
  endfacet
  facet normal 9.774034e-01 2.113826e-01 -0.000000e+00
    outer loop
      vertex   1.674916e+02 -7.468407e+01 1.660007e+02
      vertex   1.674331e+02 -7.441357e+01 1.710007e+02
      vertex   1.674916e+02 -7.468407e+01 1.710007e+02
    endloop
  endfacet
  facet normal 9.493976e-01 3.140767e-01 -0.000000e+00
    outer loop
      vertex   1.674916e+02 -7.468407e+01 1.660007e+02
      vertex   1.674916e+02 -7.468407e+01 1.710007e+02
      vertex   1.675785e+02 -7.494682e+01 1.660007e+02
    endloop
  endfacet
  facet normal 9.493976e-01 3.140767e-01 -0.000000e+00
    outer loop
      vertex   1.675785e+02 -7.494682e+01 1.660007e+02
      vertex   1.674916e+02 -7.468407e+01 1.710007e+02
      vertex   1.675785e+02 -7.494682e+01 1.710007e+02
    endloop
  endfacet
  facet normal 9.106348e-01 4.132122e-01 -0.000000e+00
    outer loop
      vertex   1.675785e+02 -7.494682e+01 1.660007e+02
      vertex   1.675785e+02 -7.494682e+01 1.710007e+02
      vertex   1.676929e+02 -7.519884e+01 1.660007e+02
    endloop
  endfacet
  facet normal 9.106348e-01 4.132122e-01 -0.000000e+00
    outer loop
      vertex   1.676929e+02 -7.519884e+01 1.660007e+02
      vertex   1.675785e+02 -7.494682e+01 1.710007e+02
      vertex   1.676929e+02 -7.519884e+01 1.710007e+02
    endloop
  endfacet
  facet normal 8.615541e-01 5.076658e-01 -0.000000e+00
    outer loop
      vertex   1.676929e+02 -7.519884e+01 1.660007e+02
      vertex   1.676929e+02 -7.519884e+01 1.710007e+02
      vertex   1.678334e+02 -7.543728e+01 1.660007e+02
    endloop
  endfacet
  facet normal 8.615541e-01 5.076658e-01 -1.442873e-15
    outer loop
      vertex   1.678334e+02 -7.543728e+01 1.660007e+02
      vertex   1.676929e+02 -7.519884e+01 1.710007e+02
      vertex   1.678334e+02 -7.543728e+01 1.710007e+02
    endloop
  endfacet
  facet normal 8.027116e-01 5.963674e-01 -1.694978e-15
    outer loop
      vertex   1.678334e+02 -7.543728e+01 1.660007e+02
      vertex   1.678334e+02 -7.543728e+01 1.710007e+02
      vertex   1.679984e+02 -7.565944e+01 1.660007e+02
    endloop
  endfacet
  facet normal 8.027116e-01 5.963674e-01 -0.000000e+00
    outer loop
      vertex   1.679984e+02 -7.565944e+01 1.660007e+02
      vertex   1.678334e+02 -7.543728e+01 1.710007e+02
      vertex   1.679984e+02 -7.565944e+01 1.710007e+02
    endloop
  endfacet
  facet normal 7.347742e-01 6.783118e-01 -0.000000e+00
    outer loop
      vertex   1.679984e+02 -7.565944e+01 1.660007e+02
      vertex   1.679984e+02 -7.565944e+01 1.710007e+02
      vertex   1.681862e+02 -7.586279e+01 1.660007e+02
    endloop
  endfacet
  facet normal 7.347742e-01 6.783118e-01 -0.000000e+00
    outer loop
      vertex   1.681862e+02 -7.586279e+01 1.660007e+02
      vertex   1.679984e+02 -7.565944e+01 1.710007e+02
      vertex   1.681862e+02 -7.586279e+01 1.710007e+02
    endloop
  endfacet
  facet normal 6.585114e-01 7.525708e-01 -0.000000e+00
    outer loop
      vertex   1.681862e+02 -7.586279e+01 1.660007e+02
      vertex   1.681862e+02 -7.586279e+01 1.710007e+02
      vertex   1.683944e+02 -7.604504e+01 1.660007e+02
    endloop
  endfacet
  facet normal 6.585114e-01 7.525708e-01 -2.138935e-15
    outer loop
      vertex   1.683944e+02 -7.604504e+01 1.660007e+02
      vertex   1.681862e+02 -7.586279e+01 1.710007e+02
      vertex   1.683944e+02 -7.604504e+01 1.710007e+02
    endloop
  endfacet
  facet normal 5.747874e-01 8.183028e-01 -2.325756e-15
    outer loop
      vertex   1.683944e+02 -7.604504e+01 1.660007e+02
      vertex   1.683944e+02 -7.604504e+01 1.710007e+02
      vertex   1.686209e+02 -7.620411e+01 1.660007e+02
    endloop
  endfacet
  facet normal 5.747874e-01 8.183028e-01 -0.000000e+00
    outer loop
      vertex   1.686209e+02 -7.620411e+01 1.660007e+02
      vertex   1.683944e+02 -7.604504e+01 1.710007e+02
      vertex   1.686209e+02 -7.620411e+01 1.710007e+02
    endloop
  endfacet
  facet normal 4.845509e-01 8.747631e-01 -0.000000e+00
    outer loop
      vertex   1.686209e+02 -7.620411e+01 1.660007e+02
      vertex   1.686209e+02 -7.620411e+01 1.710007e+02
      vertex   1.688630e+02 -7.633821e+01 1.660007e+02
    endloop
  endfacet
  facet normal 4.845509e-01 8.747631e-01 -0.000000e+00
    outer loop
      vertex   1.688630e+02 -7.633821e+01 1.660007e+02
      vertex   1.686209e+02 -7.620411e+01 1.710007e+02
      vertex   1.688630e+02 -7.633821e+01 1.710007e+02
    endloop
  endfacet
  facet normal 3.888242e-01 9.213120e-01 -0.000000e+00
    outer loop
      vertex   1.688630e+02 -7.633821e+01 1.660007e+02
      vertex   1.688630e+02 -7.633821e+01 1.710007e+02
      vertex   1.691180e+02 -7.644582e+01 1.660007e+02
    endloop
  endfacet
  facet normal 3.888242e-01 9.213120e-01 -0.000000e+00
    outer loop
      vertex   1.691180e+02 -7.644582e+01 1.660007e+02
      vertex   1.688630e+02 -7.633821e+01 1.710007e+02
      vertex   1.691180e+02 -7.644582e+01 1.710007e+02
    endloop
  endfacet
  facet normal 2.886919e-01 9.574220e-01 -0.000000e+00
    outer loop
      vertex   1.691180e+02 -7.644582e+01 1.660007e+02
      vertex   1.691180e+02 -7.644582e+01 1.710007e+02
      vertex   1.693830e+02 -7.652572e+01 1.660007e+02
    endloop
  endfacet
  facet normal 2.886919e-01 9.574220e-01 -0.000000e+00
    outer loop
      vertex   1.693830e+02 -7.652572e+01 1.660007e+02
      vertex   1.691180e+02 -7.644582e+01 1.710007e+02
      vertex   1.693830e+02 -7.652572e+01 1.710007e+02
    endloop
  endfacet
  facet normal 1.852887e-01 9.826841e-01 -0.000000e+00
    outer loop
      vertex   1.693830e+02 -7.652572e+01 1.660007e+02
      vertex   1.693830e+02 -7.652572e+01 1.710007e+02
      vertex   1.696549e+02 -7.657700e+01 1.660007e+02
    endloop
  endfacet
  facet normal 1.852887e-01 9.826841e-01 -2.792956e-15
    outer loop
      vertex   1.696549e+02 -7.657700e+01 1.660007e+02
      vertex   1.693830e+02 -7.652572e+01 1.710007e+02
      vertex   1.696549e+02 -7.657700e+01 1.710007e+02
    endloop
  endfacet
  facet normal 7.978611e-02 9.968120e-01 -2.833110e-15
    outer loop
      vertex   1.696549e+02 -7.657700e+01 1.660007e+02
      vertex   1.696549e+02 -7.657700e+01 1.710007e+02
      vertex   1.699308e+02 -7.659908e+01 1.660007e+02
    endloop
  endfacet
  facet normal 7.978611e-02 9.968120e-01 -0.000000e+00
    outer loop
      vertex   1.699308e+02 -7.659908e+01 1.660007e+02
      vertex   1.696549e+02 -7.657700e+01 1.710007e+02
      vertex   1.699308e+02 -7.659908e+01 1.710007e+02
    endloop
  endfacet
  facet normal -2.662052e-02 9.996456e-01 0.000000e+00
    outer loop
      vertex   1.699308e+02 -7.659908e+01 1.660007e+02
      vertex   1.699308e+02 -7.659908e+01 1.710007e+02
      vertex   1.702074e+02 -7.659171e+01 1.660007e+02
    endloop
  endfacet
  facet normal -2.662052e-02 9.996456e-01 0.000000e+00
    outer loop
      vertex   1.702074e+02 -7.659171e+01 1.660007e+02
      vertex   1.699308e+02 -7.659908e+01 1.710007e+02
      vertex   1.702074e+02 -7.659171e+01 1.710007e+02
    endloop
  endfacet
  facet normal -1.327255e-01 9.911528e-01 0.000000e+00
    outer loop
      vertex   1.702074e+02 -7.659171e+01 1.660007e+02
      vertex   1.702074e+02 -7.659171e+01 1.710007e+02
      vertex   1.704818e+02 -7.655498e+01 1.660007e+02
    endloop
  endfacet
  facet normal -1.327255e-01 9.911528e-01 0.000000e+00
    outer loop
      vertex   1.704818e+02 -7.655498e+01 1.660007e+02
      vertex   1.702074e+02 -7.659171e+01 1.710007e+02
      vertex   1.704818e+02 -7.655498e+01 1.710007e+02
    endloop
  endfacet
  facet normal -2.373267e-01 9.714299e-01 0.000000e+00
    outer loop
      vertex   1.704818e+02 -7.655498e+01 1.660007e+02
      vertex   1.704818e+02 -7.655498e+01 1.710007e+02
      vertex   1.707506e+02 -7.648930e+01 1.660007e+02
    endloop
  endfacet
  facet normal -2.373267e-01 9.714299e-01 0.000000e+00
    outer loop
      vertex   1.707506e+02 -7.648930e+01 1.660007e+02
      vertex   1.704818e+02 -7.655498e+01 1.710007e+02
      vertex   1.707506e+02 -7.648930e+01 1.710007e+02
    endloop
  endfacet
  facet normal -3.392389e-01 9.407003e-01 0.000000e+00
    outer loop
      vertex   1.707506e+02 -7.648930e+01 1.660007e+02
      vertex   1.707506e+02 -7.648930e+01 1.710007e+02
      vertex   1.710109e+02 -7.639541e+01 1.660007e+02
    endloop
  endfacet
  facet normal -3.392389e-01 9.407003e-01 2.673631e-15
    outer loop
      vertex   1.710109e+02 -7.639541e+01 1.660007e+02
      vertex   1.707506e+02 -7.648930e+01 1.710007e+02
      vertex   1.710109e+02 -7.639541e+01 1.710007e+02
    endloop
  endfacet
  facet normal -4.373073e-01 8.993121e-01 2.555999e-15
    outer loop
      vertex   1.710109e+02 -7.639541e+01 1.660007e+02
      vertex   1.710109e+02 -7.639541e+01 1.710007e+02
      vertex   1.712598e+02 -7.627439e+01 1.660007e+02
    endloop
  endfacet
  facet normal -4.373073e-01 8.993121e-01 0.000000e+00
    outer loop
      vertex   1.712598e+02 -7.627439e+01 1.660007e+02
      vertex   1.710109e+02 -7.639541e+01 1.710007e+02
      vertex   1.712598e+02 -7.627439e+01 1.710007e+02
    endloop
  endfacet
  facet normal -5.304209e-01 8.477344e-01 0.000000e+00
    outer loop
      vertex   1.712598e+02 -7.627439e+01 1.660007e+02
      vertex   1.712598e+02 -7.627439e+01 1.710007e+02
      vertex   1.714945e+02 -7.612759e+01 1.660007e+02
    endloop
  endfacet
  facet normal -5.304209e-01 8.477344e-01 0.000000e+00
    outer loop
      vertex   1.714945e+02 -7.612759e+01 1.660007e+02
      vertex   1.712598e+02 -7.627439e+01 1.710007e+02
      vertex   1.714945e+02 -7.612759e+01 1.710007e+02
    endloop
  endfacet
  facet normal -6.175246e-01 7.865516e-01 0.000000e+00
    outer loop
      vertex   1.714945e+02 -7.612759e+01 1.660007e+02
      vertex   1.714945e+02 -7.612759e+01 1.710007e+02
      vertex   1.717121e+02 -7.595669e+01 1.660007e+02
    endloop
  endfacet
  facet normal -6.175246e-01 7.865516e-01 0.000000e+00
    outer loop
      vertex   1.717121e+02 -7.595669e+01 1.660007e+02
      vertex   1.714945e+02 -7.612759e+01 1.710007e+02
      vertex   1.717121e+02 -7.595669e+01 1.710007e+02
    endloop
  endfacet
  facet normal -6.976315e-01 7.164567e-01 0.000000e+00
    outer loop
      vertex   1.717121e+02 -7.595669e+01 1.660007e+02
      vertex   1.717121e+02 -7.595669e+01 1.710007e+02
      vertex   1.719104e+02 -7.576361e+01 1.660007e+02
    endloop
  endfacet
  facet normal -6.976315e-01 7.164567e-01 -2.036293e-15
    outer loop
      vertex   1.719104e+02 -7.576361e+01 1.660007e+02
      vertex   1.717121e+02 -7.595669e+01 1.710007e+02
      vertex   1.719104e+02 -7.576361e+01 1.710007e+02
    endloop
  endfacet
  facet normal -7.698340e-01 6.382442e-01 -1.813999e-15
    outer loop
      vertex   1.719104e+02 -7.576361e+01 1.660007e+02
      vertex   1.719104e+02 -7.576361e+01 1.710007e+02
      vertex   1.720871e+02 -7.555056e+01 1.660007e+02
    endloop
  endfacet
  facet normal -7.698340e-01 6.382442e-01 0.000000e+00
    outer loop
      vertex   1.720871e+02 -7.555056e+01 1.660007e+02
      vertex   1.719104e+02 -7.576361e+01 1.710007e+02
      vertex   1.720871e+02 -7.555056e+01 1.710007e+02
    endloop
  endfacet
  facet normal -8.333139e-01 5.528001e-01 0.000000e+00
    outer loop
      vertex   1.720871e+02 -7.555056e+01 1.660007e+02
      vertex   1.720871e+02 -7.555056e+01 1.710007e+02
      vertex   1.722400e+02 -7.531993e+01 1.660007e+02
    endloop
  endfacet
  facet normal -8.333139e-01 5.528001e-01 0.000000e+00
    outer loop
      vertex   1.722400e+02 -7.531993e+01 1.660007e+02
      vertex   1.720871e+02 -7.555056e+01 1.710007e+02
      vertex   1.722400e+02 -7.531993e+01 1.710007e+02
    endloop
  endfacet
  facet normal -8.873521e-01 4.610925e-01 0.000000e+00
    outer loop
      vertex   1.722400e+02 -7.531993e+01 1.660007e+02
      vertex   1.722400e+02 -7.531993e+01 1.710007e+02
      vertex   1.723677e+02 -7.507435e+01 1.660007e+02
    endloop
  endfacet
  facet normal -8.873521e-01 4.610925e-01 0.000000e+00
    outer loop
      vertex   1.723677e+02 -7.507435e+01 1.660007e+02
      vertex   1.722400e+02 -7.531993e+01 1.710007e+02
      vertex   1.723677e+02 -7.507435e+01 1.710007e+02
    endloop
  endfacet
  facet normal -9.313362e-01 3.641606e-01 0.000000e+00
    outer loop
      vertex   1.723677e+02 -7.507435e+01 1.660007e+02
      vertex   1.723677e+02 -7.507435e+01 1.710007e+02
      vertex   1.724684e+02 -7.481660e+01 1.660007e+02
    endloop
  endfacet
  facet normal -9.313362e-01 3.641606e-01 0.000000e+00
    outer loop
      vertex   1.724684e+02 -7.481660e+01 1.660007e+02
      vertex   1.723677e+02 -7.507435e+01 1.710007e+02
      vertex   1.724684e+02 -7.481660e+01 1.710007e+02
    endloop
  endfacet
  facet normal -9.647679e-01 2.631026e-01 0.000000e+00
    outer loop
      vertex   1.724684e+02 -7.481660e+01 1.660007e+02
      vertex   1.724684e+02 -7.481660e+01 1.710007e+02
      vertex   1.725413e+02 -7.454960e+01 1.660007e+02
    endloop
  endfacet
  facet normal -9.647679e-01 2.631026e-01 0.000000e+00
    outer loop
      vertex   1.725413e+02 -7.454960e+01 1.660007e+02
      vertex   1.724684e+02 -7.481660e+01 1.710007e+02
      vertex   1.725413e+02 -7.454960e+01 1.710007e+02
    endloop
  endfacet
  facet normal -9.872684e-01 1.590635e-01 0.000000e+00
    outer loop
      vertex   1.725413e+02 -7.454960e+01 1.660007e+02
      vertex   1.725413e+02 -7.454960e+01 1.710007e+02
      vertex   1.725853e+02 -7.427637e+01 1.660007e+02
    endloop
  endfacet
  facet normal -9.872684e-01 1.590635e-01 0.000000e+00
    outer loop
      vertex   1.725853e+02 -7.427637e+01 1.660007e+02
      vertex   1.725413e+02 -7.454960e+01 1.710007e+02
      vertex   1.725853e+02 -7.427637e+01 1.710007e+02
    endloop
  endfacet
  facet normal -5.322223e-02 9.985825e-01 -5.527168e-04
    outer loop
      vertex   1.702764e+02 -7.658527e+01 1.760007e+02
      vertex   1.702074e+02 -7.659171e+01 1.710007e+02
      vertex   1.700000e+02 -7.660000e+01 1.760007e+02
    endloop
  endfacet
  facet normal -2.662052e-02 9.996455e-01 5.527168e-04
    outer loop
      vertex   1.700000e+02 -7.660000e+01 1.760007e+02
      vertex   1.702074e+02 -7.659171e+01 1.710007e+02
      vertex   1.699308e+02 -7.659908e+01 1.710007e+02
    endloop
  endfacet
  facet normal 5.322211e-02 9.985825e-01 -5.527168e-04
    outer loop
      vertex   1.700000e+02 -7.660000e+01 1.760007e+02
      vertex   1.699308e+02 -7.659908e+01 1.710007e+02
      vertex   1.697236e+02 -7.658527e+01 1.760007e+02
    endloop
  endfacet
  facet normal 7.978609e-02 9.968119e-01 5.527168e-04
    outer loop
      vertex   1.697236e+02 -7.658527e+01 1.760007e+02
      vertex   1.699308e+02 -7.659908e+01 1.710007e+02
      vertex   1.696549e+02 -7.657700e+01 1.710007e+02
    endloop
  endfacet
  facet normal 1.590634e-01 9.872682e-01 -5.527168e-04
    outer loop
      vertex   1.697236e+02 -7.658527e+01 1.760007e+02
      vertex   1.696549e+02 -7.657700e+01 1.710007e+02
      vertex   1.694504e+02 -7.654125e+01 1.760007e+02
    endloop
  endfacet
  facet normal 1.852887e-01 9.826840e-01 5.527168e-04
    outer loop
      vertex   1.694504e+02 -7.654125e+01 1.760007e+02
      vertex   1.696549e+02 -7.657700e+01 1.710007e+02
      vertex   1.693830e+02 -7.652572e+01 1.710007e+02
    endloop
  endfacet
  facet normal 2.631025e-01 9.647677e-01 -5.527168e-04
    outer loop
      vertex   1.694504e+02 -7.654125e+01 1.760007e+02
      vertex   1.693830e+02 -7.652572e+01 1.710007e+02
      vertex   1.691834e+02 -7.646844e+01 1.760007e+02
    endloop
  endfacet
  facet normal 2.886919e-01 9.574219e-01 5.527168e-04
    outer loop
      vertex   1.691834e+02 -7.646844e+01 1.760007e+02
      vertex   1.693830e+02 -7.652572e+01 1.710007e+02
      vertex   1.691180e+02 -7.644582e+01 1.710007e+02
    endloop
  endfacet
  facet normal 3.641605e-01 9.313361e-01 -5.527168e-04
    outer loop
      vertex   1.691834e+02 -7.646844e+01 1.760007e+02
      vertex   1.691180e+02 -7.644582e+01 1.710007e+02
      vertex   1.689257e+02 -7.636765e+01 1.760007e+02
    endloop
  endfacet
  facet normal 3.888241e-01 9.213118e-01 5.527168e-04
    outer loop
      vertex   1.689257e+02 -7.636765e+01 1.760007e+02
      vertex   1.691180e+02 -7.644582e+01 1.710007e+02
      vertex   1.688630e+02 -7.633821e+01 1.710007e+02
    endloop
  endfacet
  facet normal 4.610924e-01 8.873520e-01 -5.527168e-04
    outer loop
      vertex   1.689257e+02 -7.636765e+01 1.760007e+02
      vertex   1.688630e+02 -7.633821e+01 1.710007e+02
      vertex   1.686801e+02 -7.624004e+01 1.760007e+02
    endloop
  endfacet
  facet normal 4.845508e-01 8.747630e-01 5.527168e-04
    outer loop
      vertex   1.686801e+02 -7.624004e+01 1.760007e+02
      vertex   1.688630e+02 -7.633821e+01 1.710007e+02
      vertex   1.686209e+02 -7.620411e+01 1.710007e+02
    endloop
  endfacet
  facet normal 5.527999e-01 8.333138e-01 -5.527168e-04
    outer loop
      vertex   1.686801e+02 -7.624004e+01 1.760007e+02
      vertex   1.686209e+02 -7.620411e+01 1.710007e+02
      vertex   1.684494e+02 -7.608705e+01 1.760007e+02
    endloop
  endfacet
  facet normal 5.747873e-01 8.183027e-01 5.527168e-04
    outer loop
      vertex   1.684494e+02 -7.608705e+01 1.760007e+02
      vertex   1.686209e+02 -7.620411e+01 1.710007e+02
      vertex   1.683944e+02 -7.604504e+01 1.710007e+02
    endloop
  endfacet
  facet normal 6.382440e-01 7.698339e-01 -5.527168e-04
    outer loop
      vertex   1.684494e+02 -7.608705e+01 1.760007e+02
      vertex   1.683944e+02 -7.604504e+01 1.710007e+02
      vertex   1.682364e+02 -7.591041e+01 1.760007e+02
    endloop
  endfacet
  facet normal 6.585113e-01 7.525707e-01 5.527168e-04
    outer loop
      vertex   1.682364e+02 -7.591041e+01 1.760007e+02
      vertex   1.683944e+02 -7.604504e+01 1.710007e+02
      vertex   1.681862e+02 -7.586279e+01 1.710007e+02
    endloop
  endfacet
  facet normal 7.164566e-01 6.976315e-01 -5.527168e-04
    outer loop
      vertex   1.682364e+02 -7.591041e+01 1.760007e+02
      vertex   1.681862e+02 -7.586279e+01 1.710007e+02
      vertex   1.680433e+02 -7.571213e+01 1.760007e+02
    endloop
  endfacet
  facet normal 7.347740e-01 6.783117e-01 5.527168e-04
    outer loop
      vertex   1.680433e+02 -7.571213e+01 1.760007e+02
      vertex   1.681862e+02 -7.586279e+01 1.710007e+02
      vertex   1.679984e+02 -7.565944e+01 1.710007e+02
    endloop
  endfacet
  facet normal 7.865514e-01 6.175246e-01 -5.527168e-04
    outer loop
      vertex   1.680433e+02 -7.571213e+01 1.760007e+02
      vertex   1.679984e+02 -7.565944e+01 1.710007e+02
      vertex   1.678724e+02 -7.549445e+01 1.760007e+02
    endloop
  endfacet
  facet normal 8.027115e-01 5.963673e-01 5.527168e-04
    outer loop
      vertex   1.678724e+02 -7.549445e+01 1.760007e+02
      vertex   1.679984e+02 -7.565944e+01 1.710007e+02
      vertex   1.678334e+02 -7.543728e+01 1.710007e+02
    endloop
  endfacet
  facet normal 8.477343e-01 5.304209e-01 -5.527168e-04
    outer loop
      vertex   1.678724e+02 -7.549445e+01 1.760007e+02
      vertex   1.678334e+02 -7.543728e+01 1.710007e+02
      vertex   1.677256e+02 -7.525983e+01 1.760007e+02
    endloop
  endfacet
  facet normal 8.615539e-01 5.076657e-01 5.527168e-04
    outer loop
      vertex   1.677256e+02 -7.525983e+01 1.760007e+02
      vertex   1.678334e+02 -7.543728e+01 1.710007e+02
      vertex   1.676929e+02 -7.519884e+01 1.710007e+02
    endloop
  endfacet
  facet normal 8.993120e-01 4.373073e-01 -5.527168e-04
    outer loop
      vertex   1.677256e+02 -7.525983e+01 1.760007e+02
      vertex   1.676929e+02 -7.519884e+01 1.710007e+02
      vertex   1.676046e+02 -7.501095e+01 1.760007e+02
    endloop
  endfacet
  facet normal 9.106346e-01 4.132121e-01 5.527168e-04
    outer loop
      vertex   1.676046e+02 -7.501095e+01 1.760007e+02
      vertex   1.676929e+02 -7.519884e+01 1.710007e+02
      vertex   1.675785e+02 -7.494682e+01 1.710007e+02
    endloop
  endfacet
  facet normal 9.407001e-01 3.392389e-01 -5.527168e-04
    outer loop
      vertex   1.676046e+02 -7.501095e+01 1.760007e+02
      vertex   1.675785e+02 -7.494682e+01 1.710007e+02
      vertex   1.675107e+02 -7.475060e+01 1.760007e+02
    endloop
  endfacet
  facet normal 9.493975e-01 3.140767e-01 5.527168e-04
    outer loop
      vertex   1.675107e+02 -7.475060e+01 1.760007e+02
      vertex   1.675785e+02 -7.494682e+01 1.710007e+02
      vertex   1.674916e+02 -7.468407e+01 1.710007e+02
    endloop
  endfacet
  facet normal 9.714297e-01 2.373267e-01 -5.527168e-04
    outer loop
      vertex   1.675107e+02 -7.475060e+01 1.760007e+02
      vertex   1.674916e+02 -7.468407e+01 1.710007e+02
      vertex   1.674450e+02 -7.448175e+01 1.760007e+02
    endloop
  endfacet
  facet normal 9.774032e-01 2.113826e-01 5.527168e-04
    outer loop
      vertex   1.674450e+02 -7.448175e+01 1.760007e+02
      vertex   1.674916e+02 -7.468407e+01 1.710007e+02
      vertex   1.674331e+02 -7.441357e+01 1.710007e+02
    endloop
  endfacet
  facet normal 9.911527e-01 1.327256e-01 -5.527168e-04
    outer loop
      vertex   1.674450e+02 -7.448175e+01 1.760007e+02
      vertex   1.674331e+02 -7.441357e+01 1.710007e+02
      vertex   1.674083e+02 -7.420745e+01 1.760007e+02
    endloop
  endfacet
  facet normal 9.943346e-01 1.062935e-01 5.527168e-04
    outer loop
      vertex   1.674083e+02 -7.420745e+01 1.760007e+02
      vertex   1.674331e+02 -7.441357e+01 1.710007e+02
      vertex   1.674037e+02 -7.413838e+01 1.710007e+02
    endloop
  endfacet
  facet normal 9.996455e-01 2.662058e-02 -5.527168e-04
    outer loop
      vertex   1.674083e+02 -7.420745e+01 1.760007e+02
      vertex   1.674037e+02 -7.413838e+01 1.710007e+02
      vertex   1.674009e+02 -7.393079e+01 1.760007e+02
    endloop
  endfacet
  facet normal 9.999998e-01 0.000000e+00 5.527168e-04
    outer loop
      vertex   1.674009e+02 -7.393079e+01 1.760007e+02
      vertex   1.674037e+02 -7.413838e+01 1.710007e+02
      vertex   1.674037e+02 -7.386162e+01 1.710007e+02
    endloop
  endfacet
  facet normal 9.968119e-01 -7.978604e-02 -5.527168e-04
    outer loop
      vertex   1.674009e+02 -7.393079e+01 1.760007e+02
      vertex   1.674037e+02 -7.386162e+01 1.710007e+02
      vertex   1.674230e+02 -7.365492e+01 1.760007e+02
    endloop
  endfacet
  facet normal 9.943346e-01 -1.062935e-01 5.527168e-04
    outer loop
      vertex   1.674230e+02 -7.365492e+01 1.760007e+02
      vertex   1.674037e+02 -7.386162e+01 1.710007e+02
      vertex   1.674331e+02 -7.358644e+01 1.710007e+02
    endloop
  endfacet
  facet normal 9.826840e-01 -1.852886e-01 -5.527168e-04
    outer loop
      vertex   1.674230e+02 -7.365492e+01 1.760007e+02
      vertex   1.674331e+02 -7.358644e+01 1.710007e+02
      vertex   1.674743e+02 -7.338295e+01 1.760007e+02
    endloop
  endfacet
  facet normal 9.774032e-01 -2.113826e-01 5.527168e-04
    outer loop
      vertex   1.674743e+02 -7.338295e+01 1.760007e+02
      vertex   1.674331e+02 -7.358644e+01 1.710007e+02
      vertex   1.674916e+02 -7.331594e+01 1.710007e+02
    endloop
  endfacet
  facet normal 9.574219e-01 -2.886918e-01 -5.527168e-04
    outer loop
      vertex   1.674743e+02 -7.338295e+01 1.760007e+02
      vertex   1.674916e+02 -7.331594e+01 1.710007e+02
      vertex   1.675542e+02 -7.311798e+01 1.760007e+02
    endloop
  endfacet
  facet normal 9.493975e-01 -3.140767e-01 5.527168e-04
    outer loop
      vertex   1.675542e+02 -7.311798e+01 1.760007e+02
      vertex   1.674916e+02 -7.331594e+01 1.710007e+02
      vertex   1.675785e+02 -7.305318e+01 1.710007e+02
    endloop
  endfacet
  facet normal 9.213119e-01 -3.888241e-01 -5.527168e-04
    outer loop
      vertex   1.675542e+02 -7.311798e+01 1.760007e+02
      vertex   1.675785e+02 -7.305318e+01 1.710007e+02
      vertex   1.676618e+02 -7.286300e+01 1.760007e+02
    endloop
  endfacet
  facet normal 9.106346e-01 -4.132121e-01 5.527168e-04
    outer loop
      vertex   1.676618e+02 -7.286300e+01 1.760007e+02
      vertex   1.675785e+02 -7.305318e+01 1.710007e+02
      vertex   1.676929e+02 -7.280116e+01 1.710007e+02
    endloop
  endfacet
  facet normal 8.747630e-01 -4.845507e-01 -5.527168e-04
    outer loop
      vertex   1.676618e+02 -7.286300e+01 1.760007e+02
      vertex   1.676929e+02 -7.280116e+01 1.710007e+02
      vertex   1.677959e+02 -7.262091e+01 1.760007e+02
    endloop
  endfacet
  facet normal 8.615539e-01 -5.076657e-01 5.527168e-04
    outer loop
      vertex   1.677959e+02 -7.262091e+01 1.760007e+02
      vertex   1.676929e+02 -7.280116e+01 1.710007e+02
      vertex   1.678334e+02 -7.256272e+01 1.710007e+02
    endloop
  endfacet
  facet normal 8.183027e-01 -5.747873e-01 -5.527168e-04
    outer loop
      vertex   1.677959e+02 -7.262091e+01 1.760007e+02
      vertex   1.678334e+02 -7.256272e+01 1.710007e+02
      vertex   1.679550e+02 -7.239444e+01 1.760007e+02
    endloop
  endfacet
  facet normal 8.027115e-01 -5.963673e-01 5.527168e-04
    outer loop
      vertex   1.679550e+02 -7.239444e+01 1.760007e+02
      vertex   1.678334e+02 -7.256272e+01 1.710007e+02
      vertex   1.679984e+02 -7.234057e+01 1.710007e+02
    endloop
  endfacet
  facet normal 7.525707e-01 -6.585112e-01 -5.527168e-04
    outer loop
      vertex   1.679550e+02 -7.239444e+01 1.760007e+02
      vertex   1.679984e+02 -7.234057e+01 1.710007e+02
      vertex   1.681372e+02 -7.218616e+01 1.760007e+02
    endloop
  endfacet
  facet normal 7.347740e-01 -6.783117e-01 5.527168e-04
    outer loop
      vertex   1.681372e+02 -7.218616e+01 1.760007e+02
      vertex   1.679984e+02 -7.234057e+01 1.710007e+02
      vertex   1.681862e+02 -7.213721e+01 1.710007e+02
    endloop
  endfacet
  facet normal 6.783118e-01 -7.347740e-01 -5.527168e-04
    outer loop
      vertex   1.681372e+02 -7.218616e+01 1.760007e+02
      vertex   1.681862e+02 -7.213721e+01 1.710007e+02
      vertex   1.683406e+02 -7.199843e+01 1.760007e+02
    endloop
  endfacet
  facet normal 6.585113e-01 -7.525707e-01 5.527168e-04
    outer loop
      vertex   1.683406e+02 -7.199843e+01 1.760007e+02
      vertex   1.681862e+02 -7.213721e+01 1.710007e+02
      vertex   1.683944e+02 -7.195497e+01 1.710007e+02
    endloop
  endfacet
  facet normal 5.963673e-01 -8.027115e-01 -5.527168e-04
    outer loop
      vertex   1.683406e+02 -7.199843e+01 1.760007e+02
      vertex   1.683944e+02 -7.195497e+01 1.710007e+02
      vertex   1.685627e+02 -7.183339e+01 1.760007e+02
    endloop
  endfacet
  facet normal 5.747873e-01 -8.183027e-01 5.527168e-04
    outer loop
      vertex   1.685627e+02 -7.183339e+01 1.760007e+02
      vertex   1.683944e+02 -7.195497e+01 1.710007e+02
      vertex   1.686209e+02 -7.179589e+01 1.710007e+02
    endloop
  endfacet
  facet normal 5.076658e-01 -8.615539e-01 -5.527168e-04
    outer loop
      vertex   1.685627e+02 -7.183339e+01 1.760007e+02
      vertex   1.686209e+02 -7.179589e+01 1.710007e+02
      vertex   1.688012e+02 -7.169289e+01 1.760007e+02
    endloop
  endfacet
  facet normal 4.845508e-01 -8.747630e-01 5.527168e-04
    outer loop
      vertex   1.688012e+02 -7.169289e+01 1.760007e+02
      vertex   1.686209e+02 -7.179589e+01 1.710007e+02
      vertex   1.688630e+02 -7.166179e+01 1.710007e+02
    endloop
  endfacet
  facet normal 4.132122e-01 -9.106346e-01 -5.527168e-04
    outer loop
      vertex   1.688012e+02 -7.169289e+01 1.760007e+02
      vertex   1.688630e+02 -7.166179e+01 1.710007e+02
      vertex   1.690532e+02 -7.157853e+01 1.760007e+02
    endloop
  endfacet
  facet normal 3.888241e-01 -9.213118e-01 5.527168e-04
    outer loop
      vertex   1.690532e+02 -7.157853e+01 1.760007e+02
      vertex   1.688630e+02 -7.166179e+01 1.710007e+02
      vertex   1.691180e+02 -7.155418e+01 1.710007e+02
    endloop
  endfacet
  facet normal 3.140767e-01 -9.493974e-01 -5.527168e-04
    outer loop
      vertex   1.690532e+02 -7.157853e+01 1.760007e+02
      vertex   1.691180e+02 -7.155418e+01 1.710007e+02
      vertex   1.693159e+02 -7.149161e+01 1.760007e+02
    endloop
  endfacet
  facet normal 2.886919e-01 -9.574219e-01 5.527168e-04
    outer loop
      vertex   1.693159e+02 -7.149161e+01 1.760007e+02
      vertex   1.691180e+02 -7.155418e+01 1.710007e+02
      vertex   1.693830e+02 -7.147428e+01 1.710007e+02
    endloop
  endfacet
  facet normal 2.113826e-01 -9.774032e-01 -5.527168e-04
    outer loop
      vertex   1.693159e+02 -7.149161e+01 1.760007e+02
      vertex   1.693830e+02 -7.147428e+01 1.710007e+02
      vertex   1.695864e+02 -7.143310e+01 1.760007e+02
    endloop
  endfacet
  facet normal 1.852887e-01 -9.826840e-01 5.527168e-04
    outer loop
      vertex   1.695864e+02 -7.143310e+01 1.760007e+02
      vertex   1.693830e+02 -7.147428e+01 1.710007e+02
      vertex   1.696549e+02 -7.142300e+01 1.710007e+02
    endloop
  endfacet
  facet normal 1.062935e-01 -9.943346e-01 -5.527168e-04
    outer loop
      vertex   1.695864e+02 -7.143310e+01 1.760007e+02
      vertex   1.696549e+02 -7.142300e+01 1.710007e+02
      vertex   1.698616e+02 -7.140369e+01 1.760007e+02
    endloop
  endfacet
  facet normal 7.978609e-02 -9.968119e-01 5.527168e-04
    outer loop
      vertex   1.698616e+02 -7.140369e+01 1.760007e+02
      vertex   1.696549e+02 -7.142300e+01 1.710007e+02
      vertex   1.699308e+02 -7.140092e+01 1.710007e+02
    endloop
  endfacet
  facet normal 5.843591e-08 -9.999998e-01 -5.527168e-04
    outer loop
      vertex   1.698616e+02 -7.140369e+01 1.760007e+02
      vertex   1.699308e+02 -7.140092e+01 1.710007e+02
      vertex   1.701384e+02 -7.140369e+01 1.760007e+02
    endloop
  endfacet
  facet normal -2.662052e-02 -9.996455e-01 5.527168e-04
    outer loop
      vertex   1.701384e+02 -7.140369e+01 1.760007e+02
      vertex   1.699308e+02 -7.140092e+01 1.710007e+02
      vertex   1.702074e+02 -7.140829e+01 1.710007e+02
    endloop
  endfacet
  facet normal -1.062934e-01 -9.943347e-01 -5.527168e-04
    outer loop
      vertex   1.701384e+02 -7.140369e+01 1.760007e+02
      vertex   1.702074e+02 -7.140829e+01 1.710007e+02
      vertex   1.704136e+02 -7.143310e+01 1.760007e+02
    endloop
  endfacet
  facet normal -1.327255e-01 -9.911527e-01 5.527168e-04
    outer loop
      vertex   1.704136e+02 -7.143310e+01 1.760007e+02
      vertex   1.702074e+02 -7.140829e+01 1.710007e+02
      vertex   1.704818e+02 -7.144502e+01 1.710007e+02
    endloop
  endfacet
  facet normal -2.113825e-01 -9.774033e-01 -5.527168e-04
    outer loop
      vertex   1.704136e+02 -7.143310e+01 1.760007e+02
      vertex   1.704818e+02 -7.144502e+01 1.710007e+02
      vertex   1.706841e+02 -7.149161e+01 1.760007e+02
    endloop
  endfacet
  facet normal -2.373267e-01 -9.714297e-01 5.527168e-04
    outer loop
      vertex   1.706841e+02 -7.149161e+01 1.760007e+02
      vertex   1.704818e+02 -7.144502e+01 1.710007e+02
      vertex   1.707506e+02 -7.151070e+01 1.710007e+02
    endloop
  endfacet
  facet normal -3.140766e-01 -9.493975e-01 -5.527168e-04
    outer loop
      vertex   1.706841e+02 -7.149161e+01 1.760007e+02
      vertex   1.707506e+02 -7.151070e+01 1.710007e+02
      vertex   1.709468e+02 -7.157853e+01 1.760007e+02
    endloop
  endfacet
  facet normal -3.392388e-01 -9.407001e-01 5.527168e-04
    outer loop
      vertex   1.709468e+02 -7.157853e+01 1.760007e+02
      vertex   1.707506e+02 -7.151070e+01 1.710007e+02
      vertex   1.710109e+02 -7.160459e+01 1.710007e+02
    endloop
  endfacet
  facet normal -4.132121e-01 -9.106347e-01 -5.527168e-04
    outer loop
      vertex   1.709468e+02 -7.157853e+01 1.760007e+02
      vertex   1.710109e+02 -7.160459e+01 1.710007e+02
      vertex   1.711988e+02 -7.169289e+01 1.760007e+02
    endloop
  endfacet
  facet normal -4.373073e-01 -8.993120e-01 5.527168e-04
    outer loop
      vertex   1.711988e+02 -7.169289e+01 1.760007e+02
      vertex   1.710109e+02 -7.160459e+01 1.710007e+02
      vertex   1.712598e+02 -7.172562e+01 1.710007e+02
    endloop
  endfacet
  facet normal -5.076657e-01 -8.615540e-01 -5.527168e-04
    outer loop
      vertex   1.711988e+02 -7.169289e+01 1.760007e+02
      vertex   1.712598e+02 -7.172562e+01 1.710007e+02
      vertex   1.714373e+02 -7.183339e+01 1.760007e+02
    endloop
  endfacet
  facet normal -5.304208e-01 -8.477343e-01 5.527168e-04
    outer loop
      vertex   1.714373e+02 -7.183339e+01 1.760007e+02
      vertex   1.712598e+02 -7.172562e+01 1.710007e+02
      vertex   1.714945e+02 -7.187241e+01 1.710007e+02
    endloop
  endfacet
  facet normal -5.963672e-01 -8.027116e-01 -5.527168e-04
    outer loop
      vertex   1.714373e+02 -7.183339e+01 1.760007e+02
      vertex   1.714945e+02 -7.187241e+01 1.710007e+02
      vertex   1.716594e+02 -7.199843e+01 1.760007e+02
    endloop
  endfacet
  facet normal -6.175245e-01 -7.865514e-01 5.527168e-04
    outer loop
      vertex   1.716594e+02 -7.199843e+01 1.760007e+02
      vertex   1.714945e+02 -7.187241e+01 1.710007e+02
      vertex   1.717121e+02 -7.204332e+01 1.710007e+02
    endloop
  endfacet
  facet normal -6.783117e-01 -7.347741e-01 -5.527168e-04
    outer loop
      vertex   1.716594e+02 -7.199843e+01 1.760007e+02
      vertex   1.717121e+02 -7.204332e+01 1.710007e+02
      vertex   1.718628e+02 -7.218616e+01 1.760007e+02
    endloop
  endfacet
  facet normal -6.976314e-01 -7.164566e-01 5.527168e-04
    outer loop
      vertex   1.718628e+02 -7.218616e+01 1.760007e+02
      vertex   1.717121e+02 -7.204332e+01 1.710007e+02
      vertex   1.719104e+02 -7.223639e+01 1.710007e+02
    endloop
  endfacet
  facet normal -7.525706e-01 -6.585113e-01 -5.527168e-04
    outer loop
      vertex   1.718628e+02 -7.218616e+01 1.760007e+02
      vertex   1.719104e+02 -7.223639e+01 1.710007e+02
      vertex   1.720450e+02 -7.239444e+01 1.760007e+02
    endloop
  endfacet
  facet normal -7.698339e-01 -6.382441e-01 5.527168e-04
    outer loop
      vertex   1.720450e+02 -7.239444e+01 1.760007e+02
      vertex   1.719104e+02 -7.223639e+01 1.710007e+02
      vertex   1.720871e+02 -7.244945e+01 1.710007e+02
    endloop
  endfacet
  facet normal -8.183026e-01 -5.747874e-01 -5.527168e-04
    outer loop
      vertex   1.720450e+02 -7.239444e+01 1.760007e+02
      vertex   1.720871e+02 -7.244945e+01 1.710007e+02
      vertex   1.722041e+02 -7.262091e+01 1.760007e+02
    endloop
  endfacet
  facet normal -8.333138e-01 -5.528000e-01 5.527168e-04
    outer loop
      vertex   1.722041e+02 -7.262091e+01 1.760007e+02
      vertex   1.720871e+02 -7.244945e+01 1.710007e+02
      vertex   1.722400e+02 -7.268007e+01 1.710007e+02
    endloop
  endfacet
  facet normal -8.747629e-01 -4.845508e-01 -5.527168e-04
    outer loop
      vertex   1.722041e+02 -7.262091e+01 1.760007e+02
      vertex   1.722400e+02 -7.268007e+01 1.710007e+02
      vertex   1.723382e+02 -7.286300e+01 1.760007e+02
    endloop
  endfacet
  facet normal -8.873519e-01 -4.610924e-01 5.527168e-04
    outer loop
      vertex   1.723382e+02 -7.286300e+01 1.760007e+02
      vertex   1.722400e+02 -7.268007e+01 1.710007e+02
      vertex   1.723677e+02 -7.292565e+01 1.710007e+02
    endloop
  endfacet
  facet normal -9.213118e-01 -3.888242e-01 -5.527168e-04
    outer loop
      vertex   1.723382e+02 -7.286300e+01 1.760007e+02
      vertex   1.723677e+02 -7.292565e+01 1.710007e+02
      vertex   1.724458e+02 -7.311798e+01 1.760007e+02
    endloop
  endfacet
  facet normal -9.313360e-01 -3.641605e-01 5.527168e-04
    outer loop
      vertex   1.724458e+02 -7.311798e+01 1.760007e+02
      vertex   1.723677e+02 -7.292565e+01 1.710007e+02
      vertex   1.724684e+02 -7.318340e+01 1.710007e+02
    endloop
  endfacet
  facet normal -9.574219e-01 -2.886920e-01 -5.527168e-04
    outer loop
      vertex   1.724458e+02 -7.311798e+01 1.760007e+02
      vertex   1.724684e+02 -7.318340e+01 1.710007e+02
      vertex   1.725257e+02 -7.338295e+01 1.760007e+02
    endloop
  endfacet
  facet normal -9.647677e-01 -2.631025e-01 5.527168e-04
    outer loop
      vertex   1.725257e+02 -7.338295e+01 1.760007e+02
      vertex   1.724684e+02 -7.318340e+01 1.710007e+02
      vertex   1.725413e+02 -7.345041e+01 1.710007e+02
    endloop
  endfacet
  facet normal -9.826840e-01 -1.852888e-01 -5.527168e-04
    outer loop
      vertex   1.725257e+02 -7.338295e+01 1.760007e+02
      vertex   1.725413e+02 -7.345041e+01 1.710007e+02
      vertex   1.725770e+02 -7.365492e+01 1.760007e+02
    endloop
  endfacet
  facet normal -9.872682e-01 -1.590635e-01 5.527168e-04
    outer loop
      vertex   1.725770e+02 -7.365492e+01 1.760007e+02
      vertex   1.725413e+02 -7.345041e+01 1.710007e+02
      vertex   1.725853e+02 -7.372364e+01 1.710007e+02
    endloop
  endfacet
  facet normal -9.968119e-01 -7.978615e-02 -5.527168e-04
    outer loop
      vertex   1.725770e+02 -7.365492e+01 1.760007e+02
      vertex   1.725853e+02 -7.372364e+01 1.710007e+02
      vertex   1.725991e+02 -7.393079e+01 1.760007e+02
    endloop
  endfacet
  facet normal -9.985825e-01 -5.322217e-02 5.527168e-04
    outer loop
      vertex   1.725991e+02 -7.393079e+01 1.760007e+02
      vertex   1.725853e+02 -7.372364e+01 1.710007e+02
      vertex   1.726000e+02 -7.400000e+01 1.710007e+02
    endloop
  endfacet
  facet normal -9.996455e-01 2.662046e-02 -5.527168e-04
    outer loop
      vertex   1.725991e+02 -7.393079e+01 1.760007e+02
      vertex   1.726000e+02 -7.400000e+01 1.710007e+02
      vertex   1.725917e+02 -7.420745e+01 1.760007e+02
    endloop
  endfacet
  facet normal -9.985825e-01 5.322217e-02 5.527168e-04
    outer loop
      vertex   1.725917e+02 -7.420745e+01 1.760007e+02
      vertex   1.726000e+02 -7.400000e+01 1.710007e+02
      vertex   1.725853e+02 -7.427637e+01 1.710007e+02
    endloop
  endfacet
  facet normal -9.911527e-01 1.327254e-01 -5.527168e-04
    outer loop
      vertex   1.725917e+02 -7.420745e+01 1.760007e+02
      vertex   1.725853e+02 -7.427637e+01 1.710007e+02
      vertex   1.725550e+02 -7.448175e+01 1.760007e+02
    endloop
  endfacet
  facet normal -9.872682e-01 1.590635e-01 5.527168e-04
    outer loop
      vertex   1.725550e+02 -7.448175e+01 1.760007e+02
      vertex   1.725853e+02 -7.427637e+01 1.710007e+02
      vertex   1.725413e+02 -7.454960e+01 1.710007e+02
    endloop
  endfacet
  facet normal -9.714298e-01 2.373266e-01 -5.527168e-04
    outer loop
      vertex   1.725550e+02 -7.448175e+01 1.760007e+02
      vertex   1.725413e+02 -7.454960e+01 1.710007e+02
      vertex   1.724893e+02 -7.475060e+01 1.760007e+02
    endloop
  endfacet
  facet normal -9.647677e-01 2.631025e-01 5.527168e-04
    outer loop
      vertex   1.724893e+02 -7.475060e+01 1.760007e+02
      vertex   1.725413e+02 -7.454960e+01 1.710007e+02
      vertex   1.724684e+02 -7.481660e+01 1.710007e+02
    endloop
  endfacet
  facet normal -9.407001e-01 3.392388e-01 -5.527168e-04
    outer loop
      vertex   1.724893e+02 -7.475060e+01 1.760007e+02
      vertex   1.724684e+02 -7.481660e+01 1.710007e+02
      vertex   1.723954e+02 -7.501094e+01 1.760007e+02
    endloop
  endfacet
  facet normal -9.313360e-01 3.641605e-01 5.527168e-04
    outer loop
      vertex   1.723954e+02 -7.501094e+01 1.760007e+02
      vertex   1.724684e+02 -7.481660e+01 1.710007e+02
      vertex   1.723677e+02 -7.507435e+01 1.710007e+02
    endloop
  endfacet
  facet normal -8.993120e-01 4.373072e-01 -5.527168e-04
    outer loop
      vertex   1.723954e+02 -7.501094e+01 1.760007e+02
      vertex   1.723677e+02 -7.507435e+01 1.710007e+02
      vertex   1.722744e+02 -7.525983e+01 1.760007e+02
    endloop
  endfacet
  facet normal -8.873519e-01 4.610924e-01 5.527168e-04
    outer loop
      vertex   1.722744e+02 -7.525983e+01 1.760007e+02
      vertex   1.723677e+02 -7.507435e+01 1.710007e+02
      vertex   1.722400e+02 -7.531993e+01 1.710007e+02
    endloop
  endfacet
  facet normal -8.477343e-01 5.304208e-01 -5.527168e-04
    outer loop
      vertex   1.722744e+02 -7.525983e+01 1.760007e+02
      vertex   1.722400e+02 -7.531993e+01 1.710007e+02
      vertex   1.721276e+02 -7.549445e+01 1.760007e+02
    endloop
  endfacet
  facet normal -8.333138e-01 5.528000e-01 5.527168e-04
    outer loop
      vertex   1.721276e+02 -7.549445e+01 1.760007e+02
      vertex   1.722400e+02 -7.531993e+01 1.710007e+02
      vertex   1.720871e+02 -7.555056e+01 1.710007e+02
    endloop
  endfacet
  facet normal -7.865515e-01 6.175245e-01 -5.527168e-04
    outer loop
      vertex   1.721276e+02 -7.549445e+01 1.760007e+02
      vertex   1.720871e+02 -7.555056e+01 1.710007e+02
      vertex   1.719567e+02 -7.571213e+01 1.760007e+02
    endloop
  endfacet
  facet normal -7.698339e-01 6.382441e-01 5.527168e-04
    outer loop
      vertex   1.719567e+02 -7.571213e+01 1.760007e+02
      vertex   1.720871e+02 -7.555056e+01 1.710007e+02
      vertex   1.719104e+02 -7.576361e+01 1.710007e+02
    endloop
  endfacet
  facet normal -7.164567e-01 6.976314e-01 -5.527168e-04
    outer loop
      vertex   1.719567e+02 -7.571213e+01 1.760007e+02
      vertex   1.719104e+02 -7.576361e+01 1.710007e+02
      vertex   1.717636e+02 -7.591041e+01 1.760007e+02
    endloop
  endfacet
  facet normal -6.976314e-01 7.164566e-01 5.527168e-04
    outer loop
      vertex   1.717636e+02 -7.591041e+01 1.760007e+02
      vertex   1.719104e+02 -7.576361e+01 1.710007e+02
      vertex   1.717121e+02 -7.595669e+01 1.710007e+02
    endloop
  endfacet
  facet normal -6.382441e-01 7.698338e-01 -5.527168e-04
    outer loop
      vertex   1.717636e+02 -7.591041e+01 1.760007e+02
      vertex   1.717121e+02 -7.595669e+01 1.710007e+02
      vertex   1.715506e+02 -7.608705e+01 1.760007e+02
    endloop
  endfacet
  facet normal -6.175245e-01 7.865514e-01 5.527168e-04
    outer loop
      vertex   1.715506e+02 -7.608705e+01 1.760007e+02
      vertex   1.717121e+02 -7.595669e+01 1.710007e+02
      vertex   1.714945e+02 -7.612759e+01 1.710007e+02
    endloop
  endfacet
  facet normal -5.528000e-01 8.333138e-01 -5.527168e-04
    outer loop
      vertex   1.715506e+02 -7.608705e+01 1.760007e+02
      vertex   1.714945e+02 -7.612759e+01 1.710007e+02
      vertex   1.713199e+02 -7.624004e+01 1.760007e+02
    endloop
  endfacet
  facet normal -5.304208e-01 8.477343e-01 5.527168e-04
    outer loop
      vertex   1.713199e+02 -7.624004e+01 1.760007e+02
      vertex   1.714945e+02 -7.612759e+01 1.710007e+02
      vertex   1.712598e+02 -7.627439e+01 1.710007e+02
    endloop
  endfacet
  facet normal -4.610925e-01 8.873519e-01 -5.527168e-04
    outer loop
      vertex   1.713199e+02 -7.624004e+01 1.760007e+02
      vertex   1.712598e+02 -7.627439e+01 1.710007e+02
      vertex   1.710744e+02 -7.636765e+01 1.760007e+02
    endloop
  endfacet
  facet normal -4.373073e-01 8.993120e-01 5.527168e-04
    outer loop
      vertex   1.710744e+02 -7.636765e+01 1.760007e+02
      vertex   1.712598e+02 -7.627439e+01 1.710007e+02
      vertex   1.710109e+02 -7.639541e+01 1.710007e+02
    endloop
  endfacet
  facet normal -3.641606e-01 9.313360e-01 -5.527168e-04
    outer loop
      vertex   1.710744e+02 -7.636765e+01 1.760007e+02
      vertex   1.710109e+02 -7.639541e+01 1.710007e+02
      vertex   1.708166e+02 -7.646844e+01 1.760007e+02
    endloop
  endfacet
  facet normal -3.392388e-01 9.407001e-01 5.527168e-04
    outer loop
      vertex   1.708166e+02 -7.646844e+01 1.760007e+02
      vertex   1.710109e+02 -7.639541e+01 1.710007e+02
      vertex   1.707506e+02 -7.648930e+01 1.710007e+02
    endloop
  endfacet
  facet normal -2.631026e-01 9.647677e-01 -5.527168e-04
    outer loop
      vertex   1.708166e+02 -7.646844e+01 1.760007e+02
      vertex   1.707506e+02 -7.648930e+01 1.710007e+02
      vertex   1.705496e+02 -7.654125e+01 1.760007e+02
    endloop
  endfacet
  facet normal -2.373267e-01 9.714297e-01 5.527168e-04
    outer loop
      vertex   1.705496e+02 -7.654125e+01 1.760007e+02
      vertex   1.707506e+02 -7.648930e+01 1.710007e+02
      vertex   1.704818e+02 -7.655498e+01 1.710007e+02
    endloop
  endfacet
  facet normal -1.590635e-01 9.872682e-01 -5.527168e-04
    outer loop
      vertex   1.705496e+02 -7.654125e+01 1.760007e+02
      vertex   1.704818e+02 -7.655498e+01 1.710007e+02
      vertex   1.702764e+02 -7.658527e+01 1.760007e+02
    endloop
  endfacet
  facet normal -1.327255e-01 9.911527e-01 5.527168e-04
    outer loop
      vertex   1.702764e+02 -7.658527e+01 1.760007e+02
      vertex   1.704818e+02 -7.655498e+01 1.710007e+02
      vertex   1.702074e+02 -7.659171e+01 1.710007e+02
    endloop
  endfacet
  facet normal -9.985827e-01 5.322217e-02 0.000000e+00
    outer loop
      vertex   1.925853e+02 -7.427636e+01 1.660007e+02
      vertex   1.925853e+02 -7.427636e+01 1.710007e+02
      vertex   1.926000e+02 -7.400000e+01 1.660007e+02
    endloop
  endfacet
  facet normal -9.985827e-01 5.322217e-02 0.000000e+00
    outer loop
      vertex   1.926000e+02 -7.400000e+01 1.660007e+02
      vertex   1.925853e+02 -7.427636e+01 1.710007e+02
      vertex   1.926000e+02 -7.400000e+01 1.710007e+02
    endloop
  endfacet
  facet normal -9.985827e-01 -5.322217e-02 0.000000e+00
    outer loop
      vertex   1.926000e+02 -7.400000e+01 1.660007e+02
      vertex   1.926000e+02 -7.400000e+01 1.710007e+02
      vertex   1.925853e+02 -7.372364e+01 1.660007e+02
    endloop
  endfacet
  facet normal -9.985827e-01 -5.322217e-02 0.000000e+00
    outer loop
      vertex   1.925853e+02 -7.372364e+01 1.660007e+02
      vertex   1.926000e+02 -7.400000e+01 1.710007e+02
      vertex   1.925853e+02 -7.372364e+01 1.710007e+02
    endloop
  endfacet
  facet normal -9.872684e-01 -1.590635e-01 0.000000e+00
    outer loop
      vertex   1.925853e+02 -7.372364e+01 1.660007e+02
      vertex   1.925853e+02 -7.372364e+01 1.710007e+02
      vertex   1.925413e+02 -7.345041e+01 1.660007e+02
    endloop
  endfacet
  facet normal -9.872684e-01 -1.590635e-01 0.000000e+00
    outer loop
      vertex   1.925413e+02 -7.345041e+01 1.660007e+02
      vertex   1.925853e+02 -7.372364e+01 1.710007e+02
      vertex   1.925413e+02 -7.345041e+01 1.710007e+02
    endloop
  endfacet
  facet normal -9.647679e-01 -2.631026e-01 0.000000e+00
    outer loop
      vertex   1.925413e+02 -7.345041e+01 1.660007e+02
      vertex   1.925413e+02 -7.345041e+01 1.710007e+02
      vertex   1.924684e+02 -7.318340e+01 1.660007e+02
    endloop
  endfacet
  facet normal -9.647679e-01 -2.631026e-01 0.000000e+00
    outer loop
      vertex   1.924684e+02 -7.318340e+01 1.660007e+02
      vertex   1.925413e+02 -7.345041e+01 1.710007e+02
      vertex   1.924684e+02 -7.318340e+01 1.710007e+02
    endloop
  endfacet
  facet normal -9.313362e-01 -3.641606e-01 0.000000e+00
    outer loop
      vertex   1.924684e+02 -7.318340e+01 1.660007e+02
      vertex   1.924684e+02 -7.318340e+01 1.710007e+02
      vertex   1.923677e+02 -7.292565e+01 1.660007e+02
    endloop
  endfacet
  facet normal -9.313362e-01 -3.641606e-01 0.000000e+00
    outer loop
      vertex   1.923677e+02 -7.292565e+01 1.660007e+02
      vertex   1.924684e+02 -7.318340e+01 1.710007e+02
      vertex   1.923677e+02 -7.292565e+01 1.710007e+02
    endloop
  endfacet
  facet normal -8.873521e-01 -4.610925e-01 0.000000e+00
    outer loop
      vertex   1.923677e+02 -7.292565e+01 1.660007e+02
      vertex   1.923677e+02 -7.292565e+01 1.710007e+02
      vertex   1.922400e+02 -7.268007e+01 1.660007e+02
    endloop
  endfacet
  facet normal -8.873521e-01 -4.610925e-01 0.000000e+00
    outer loop
      vertex   1.922400e+02 -7.268007e+01 1.660007e+02
      vertex   1.923677e+02 -7.292565e+01 1.710007e+02
      vertex   1.922400e+02 -7.268007e+01 1.710007e+02
    endloop
  endfacet
  facet normal -8.333139e-01 -5.528001e-01 0.000000e+00
    outer loop
      vertex   1.922400e+02 -7.268007e+01 1.660007e+02
      vertex   1.922400e+02 -7.268007e+01 1.710007e+02
      vertex   1.920871e+02 -7.244945e+01 1.660007e+02
    endloop
  endfacet
  facet normal -8.333139e-01 -5.528001e-01 0.000000e+00
    outer loop
      vertex   1.920871e+02 -7.244945e+01 1.660007e+02
      vertex   1.922400e+02 -7.268007e+01 1.710007e+02
      vertex   1.920871e+02 -7.244945e+01 1.710007e+02
    endloop
  endfacet
  facet normal -7.698340e-01 -6.382442e-01 0.000000e+00
    outer loop
      vertex   1.920871e+02 -7.244945e+01 1.660007e+02
      vertex   1.920871e+02 -7.244945e+01 1.710007e+02
      vertex   1.919104e+02 -7.223639e+01 1.660007e+02
    endloop
  endfacet
  facet normal -7.698340e-01 -6.382442e-01 0.000000e+00
    outer loop
      vertex   1.919104e+02 -7.223639e+01 1.660007e+02
      vertex   1.920871e+02 -7.244945e+01 1.710007e+02
      vertex   1.919104e+02 -7.223639e+01 1.710007e+02
    endloop
  endfacet
  facet normal -6.976315e-01 -7.164567e-01 0.000000e+00
    outer loop
      vertex   1.919104e+02 -7.223639e+01 1.660007e+02
      vertex   1.919104e+02 -7.223639e+01 1.710007e+02
      vertex   1.917121e+02 -7.204332e+01 1.660007e+02
    endloop
  endfacet
  facet normal -6.976315e-01 -7.164567e-01 0.000000e+00
    outer loop
      vertex   1.917121e+02 -7.204332e+01 1.660007e+02
      vertex   1.919104e+02 -7.223639e+01 1.710007e+02
      vertex   1.917121e+02 -7.204332e+01 1.710007e+02
    endloop
  endfacet
  facet normal -6.175246e-01 -7.865516e-01 0.000000e+00
    outer loop
      vertex   1.917121e+02 -7.204332e+01 1.660007e+02
      vertex   1.917121e+02 -7.204332e+01 1.710007e+02
      vertex   1.914945e+02 -7.187241e+01 1.660007e+02
    endloop
  endfacet
  facet normal -6.175246e-01 -7.865516e-01 0.000000e+00
    outer loop
      vertex   1.914945e+02 -7.187241e+01 1.660007e+02
      vertex   1.917121e+02 -7.204332e+01 1.710007e+02
      vertex   1.914945e+02 -7.187241e+01 1.710007e+02
    endloop
  endfacet
  facet normal -5.304209e-01 -8.477344e-01 0.000000e+00
    outer loop
      vertex   1.914945e+02 -7.187241e+01 1.660007e+02
      vertex   1.914945e+02 -7.187241e+01 1.710007e+02
      vertex   1.912598e+02 -7.172562e+01 1.660007e+02
    endloop
  endfacet
  facet normal -5.304209e-01 -8.477344e-01 0.000000e+00
    outer loop
      vertex   1.912598e+02 -7.172562e+01 1.660007e+02
      vertex   1.914945e+02 -7.187241e+01 1.710007e+02
      vertex   1.912598e+02 -7.172562e+01 1.710007e+02
    endloop
  endfacet
  facet normal -4.373073e-01 -8.993121e-01 0.000000e+00
    outer loop
      vertex   1.912598e+02 -7.172562e+01 1.660007e+02
      vertex   1.912598e+02 -7.172562e+01 1.710007e+02
      vertex   1.910109e+02 -7.160459e+01 1.660007e+02
    endloop
  endfacet
  facet normal -4.373073e-01 -8.993121e-01 2.555999e-15
    outer loop
      vertex   1.910109e+02 -7.160459e+01 1.660007e+02
      vertex   1.912598e+02 -7.172562e+01 1.710007e+02
      vertex   1.910109e+02 -7.160459e+01 1.710007e+02
    endloop
  endfacet
  facet normal -3.392389e-01 -9.407003e-01 2.673631e-15
    outer loop
      vertex   1.910109e+02 -7.160459e+01 1.660007e+02
      vertex   1.910109e+02 -7.160459e+01 1.710007e+02
      vertex   1.907506e+02 -7.151070e+01 1.660007e+02
    endloop
  endfacet
  facet normal -3.392389e-01 -9.407003e-01 0.000000e+00
    outer loop
      vertex   1.907506e+02 -7.151070e+01 1.660007e+02
      vertex   1.910109e+02 -7.160459e+01 1.710007e+02
      vertex   1.907506e+02 -7.151070e+01 1.710007e+02
    endloop
  endfacet
  facet normal -2.373267e-01 -9.714299e-01 0.000000e+00
    outer loop
      vertex   1.907506e+02 -7.151070e+01 1.660007e+02
      vertex   1.907506e+02 -7.151070e+01 1.710007e+02
      vertex   1.904818e+02 -7.144502e+01 1.660007e+02
    endloop
  endfacet
  facet normal -2.373267e-01 -9.714299e-01 0.000000e+00
    outer loop
      vertex   1.904818e+02 -7.144502e+01 1.660007e+02
      vertex   1.907506e+02 -7.151070e+01 1.710007e+02
      vertex   1.904818e+02 -7.144502e+01 1.710007e+02
    endloop
  endfacet
  facet normal -1.327255e-01 -9.911528e-01 0.000000e+00
    outer loop
      vertex   1.904818e+02 -7.144502e+01 1.660007e+02
      vertex   1.904818e+02 -7.144502e+01 1.710007e+02
      vertex   1.902074e+02 -7.140829e+01 1.660007e+02
    endloop
  endfacet
  facet normal -1.327255e-01 -9.911528e-01 0.000000e+00
    outer loop
      vertex   1.902074e+02 -7.140829e+01 1.660007e+02
      vertex   1.904818e+02 -7.144502e+01 1.710007e+02
      vertex   1.902074e+02 -7.140829e+01 1.710007e+02
    endloop
  endfacet
  facet normal -2.662052e-02 -9.996456e-01 0.000000e+00
    outer loop
      vertex   1.902074e+02 -7.140829e+01 1.660007e+02
      vertex   1.902074e+02 -7.140829e+01 1.710007e+02
      vertex   1.899308e+02 -7.140092e+01 1.660007e+02
    endloop
  endfacet
  facet normal -2.662052e-02 -9.996456e-01 0.000000e+00
    outer loop
      vertex   1.899308e+02 -7.140092e+01 1.660007e+02
      vertex   1.902074e+02 -7.140829e+01 1.710007e+02
      vertex   1.899308e+02 -7.140092e+01 1.710007e+02
    endloop
  endfacet
  facet normal 7.978611e-02 -9.968120e-01 0.000000e+00
    outer loop
      vertex   1.899308e+02 -7.140092e+01 1.660007e+02
      vertex   1.899308e+02 -7.140092e+01 1.710007e+02
      vertex   1.896549e+02 -7.142300e+01 1.660007e+02
    endloop
  endfacet
  facet normal 7.978611e-02 -9.968120e-01 0.000000e+00
    outer loop
      vertex   1.896549e+02 -7.142300e+01 1.660007e+02
      vertex   1.899308e+02 -7.140092e+01 1.710007e+02
      vertex   1.896549e+02 -7.142300e+01 1.710007e+02
    endloop
  endfacet
  facet normal 1.852887e-01 -9.826841e-01 0.000000e+00
    outer loop
      vertex   1.896549e+02 -7.142300e+01 1.660007e+02
      vertex   1.896549e+02 -7.142300e+01 1.710007e+02
      vertex   1.893830e+02 -7.147428e+01 1.660007e+02
    endloop
  endfacet
  facet normal 1.852887e-01 -9.826841e-01 0.000000e+00
    outer loop
      vertex   1.893830e+02 -7.147428e+01 1.660007e+02
      vertex   1.896549e+02 -7.142300e+01 1.710007e+02
      vertex   1.893830e+02 -7.147428e+01 1.710007e+02
    endloop
  endfacet
  facet normal 2.886919e-01 -9.574220e-01 0.000000e+00
    outer loop
      vertex   1.893830e+02 -7.147428e+01 1.660007e+02
      vertex   1.893830e+02 -7.147428e+01 1.710007e+02
      vertex   1.891180e+02 -7.155418e+01 1.660007e+02
    endloop
  endfacet
  facet normal 2.886919e-01 -9.574220e-01 0.000000e+00
    outer loop
      vertex   1.891180e+02 -7.155418e+01 1.660007e+02
      vertex   1.893830e+02 -7.147428e+01 1.710007e+02
      vertex   1.891180e+02 -7.155418e+01 1.710007e+02
    endloop
  endfacet
  facet normal 3.888242e-01 -9.213120e-01 0.000000e+00
    outer loop
      vertex   1.891180e+02 -7.155418e+01 1.660007e+02
      vertex   1.891180e+02 -7.155418e+01 1.710007e+02
      vertex   1.888630e+02 -7.166179e+01 1.660007e+02
    endloop
  endfacet
  facet normal 3.888242e-01 -9.213120e-01 0.000000e+00
    outer loop
      vertex   1.888630e+02 -7.166179e+01 1.660007e+02
      vertex   1.891180e+02 -7.155418e+01 1.710007e+02
      vertex   1.888630e+02 -7.166179e+01 1.710007e+02
    endloop
  endfacet
  facet normal 4.845509e-01 -8.747631e-01 0.000000e+00
    outer loop
      vertex   1.888630e+02 -7.166179e+01 1.660007e+02
      vertex   1.888630e+02 -7.166179e+01 1.710007e+02
      vertex   1.886209e+02 -7.179589e+01 1.660007e+02
    endloop
  endfacet
  facet normal 4.845509e-01 -8.747631e-01 0.000000e+00
    outer loop
      vertex   1.886209e+02 -7.179589e+01 1.660007e+02
      vertex   1.888630e+02 -7.166179e+01 1.710007e+02
      vertex   1.886209e+02 -7.179589e+01 1.710007e+02
    endloop
  endfacet
  facet normal 5.747874e-01 -8.183028e-01 0.000000e+00
    outer loop
      vertex   1.886209e+02 -7.179589e+01 1.660007e+02
      vertex   1.886209e+02 -7.179589e+01 1.710007e+02
      vertex   1.883944e+02 -7.195497e+01 1.660007e+02
    endloop
  endfacet
  facet normal 5.747874e-01 -8.183028e-01 -2.325756e-15
    outer loop
      vertex   1.883944e+02 -7.195497e+01 1.660007e+02
      vertex   1.886209e+02 -7.179589e+01 1.710007e+02
      vertex   1.883944e+02 -7.195497e+01 1.710007e+02
    endloop
  endfacet
  facet normal 6.585114e-01 -7.525708e-01 -2.138935e-15
    outer loop
      vertex   1.883944e+02 -7.195497e+01 1.660007e+02
      vertex   1.883944e+02 -7.195497e+01 1.710007e+02
      vertex   1.881862e+02 -7.213721e+01 1.660007e+02
    endloop
  endfacet
  facet normal 6.585114e-01 -7.525708e-01 0.000000e+00
    outer loop
      vertex   1.881862e+02 -7.213721e+01 1.660007e+02
      vertex   1.883944e+02 -7.195497e+01 1.710007e+02
      vertex   1.881862e+02 -7.213721e+01 1.710007e+02
    endloop
  endfacet
  facet normal 7.347742e-01 -6.783118e-01 0.000000e+00
    outer loop
      vertex   1.881862e+02 -7.213721e+01 1.660007e+02
      vertex   1.881862e+02 -7.213721e+01 1.710007e+02
      vertex   1.879984e+02 -7.234057e+01 1.660007e+02
    endloop
  endfacet
  facet normal 7.347742e-01 -6.783118e-01 0.000000e+00
    outer loop
      vertex   1.879984e+02 -7.234057e+01 1.660007e+02
      vertex   1.881862e+02 -7.213721e+01 1.710007e+02
      vertex   1.879984e+02 -7.234057e+01 1.710007e+02
    endloop
  endfacet
  facet normal 8.027116e-01 -5.963674e-01 0.000000e+00
    outer loop
      vertex   1.879984e+02 -7.234057e+01 1.660007e+02
      vertex   1.879984e+02 -7.234057e+01 1.710007e+02
      vertex   1.878334e+02 -7.256272e+01 1.660007e+02
    endloop
  endfacet
  facet normal 8.027116e-01 -5.963674e-01 0.000000e+00
    outer loop
      vertex   1.878334e+02 -7.256272e+01 1.660007e+02
      vertex   1.879984e+02 -7.234057e+01 1.710007e+02
      vertex   1.878334e+02 -7.256272e+01 1.710007e+02
    endloop
  endfacet
  facet normal 8.615541e-01 -5.076658e-01 0.000000e+00
    outer loop
      vertex   1.878334e+02 -7.256272e+01 1.660007e+02
      vertex   1.878334e+02 -7.256272e+01 1.710007e+02
      vertex   1.876929e+02 -7.280116e+01 1.660007e+02
    endloop
  endfacet
  facet normal 8.615541e-01 -5.076658e-01 0.000000e+00
    outer loop
      vertex   1.876929e+02 -7.280116e+01 1.660007e+02
      vertex   1.878334e+02 -7.256272e+01 1.710007e+02
      vertex   1.876929e+02 -7.280116e+01 1.710007e+02
    endloop
  endfacet
  facet normal 9.106348e-01 -4.132122e-01 0.000000e+00
    outer loop
      vertex   1.876929e+02 -7.280116e+01 1.660007e+02
      vertex   1.876929e+02 -7.280116e+01 1.710007e+02
      vertex   1.875785e+02 -7.305318e+01 1.660007e+02
    endloop
  endfacet
  facet normal 9.106348e-01 -4.132122e-01 0.000000e+00
    outer loop
      vertex   1.875785e+02 -7.305318e+01 1.660007e+02
      vertex   1.876929e+02 -7.280116e+01 1.710007e+02
      vertex   1.875785e+02 -7.305318e+01 1.710007e+02
    endloop
  endfacet
  facet normal 9.493976e-01 -3.140767e-01 0.000000e+00
    outer loop
      vertex   1.875785e+02 -7.305318e+01 1.660007e+02
      vertex   1.875785e+02 -7.305318e+01 1.710007e+02
      vertex   1.874916e+02 -7.331593e+01 1.660007e+02
    endloop
  endfacet
  facet normal 9.493976e-01 -3.140767e-01 0.000000e+00
    outer loop
      vertex   1.874916e+02 -7.331593e+01 1.660007e+02
      vertex   1.875785e+02 -7.305318e+01 1.710007e+02
      vertex   1.874916e+02 -7.331593e+01 1.710007e+02
    endloop
  endfacet
  facet normal 9.774034e-01 -2.113826e-01 0.000000e+00
    outer loop
      vertex   1.874916e+02 -7.331593e+01 1.660007e+02
      vertex   1.874916e+02 -7.331593e+01 1.710007e+02
      vertex   1.874331e+02 -7.358644e+01 1.660007e+02
    endloop
  endfacet
  facet normal 9.774034e-01 -2.113826e-01 0.000000e+00
    outer loop
      vertex   1.874331e+02 -7.358644e+01 1.660007e+02
      vertex   1.874916e+02 -7.331593e+01 1.710007e+02
      vertex   1.874331e+02 -7.358644e+01 1.710007e+02
    endloop
  endfacet
  facet normal 9.943348e-01 -1.062935e-01 0.000000e+00
    outer loop
      vertex   1.874331e+02 -7.358644e+01 1.660007e+02
      vertex   1.874331e+02 -7.358644e+01 1.710007e+02
      vertex   1.874037e+02 -7.386162e+01 1.660007e+02
    endloop
  endfacet
  facet normal 9.943348e-01 -1.062935e-01 0.000000e+00
    outer loop
      vertex   1.874037e+02 -7.386162e+01 1.660007e+02
      vertex   1.874331e+02 -7.358644e+01 1.710007e+02
      vertex   1.874037e+02 -7.386162e+01 1.710007e+02
    endloop
  endfacet
  facet normal 1.000000e+00 0.000000e+00 -0.000000e+00
    outer loop
      vertex   1.874037e+02 -7.386162e+01 1.660007e+02
      vertex   1.874037e+02 -7.386162e+01 1.710007e+02
      vertex   1.874037e+02 -7.413838e+01 1.660007e+02
    endloop
  endfacet
  facet normal 1.000000e+00 0.000000e+00 0.000000e+00
    outer loop
      vertex   1.874037e+02 -7.413838e+01 1.660007e+02
      vertex   1.874037e+02 -7.386162e+01 1.710007e+02
      vertex   1.874037e+02 -7.413838e+01 1.710007e+02
    endloop
  endfacet
  facet normal 9.943348e-01 1.062935e-01 -0.000000e+00
    outer loop
      vertex   1.874037e+02 -7.413838e+01 1.660007e+02
      vertex   1.874037e+02 -7.413838e+01 1.710007e+02
      vertex   1.874331e+02 -7.441357e+01 1.660007e+02
    endloop
  endfacet
  facet normal 9.943348e-01 1.062935e-01 -0.000000e+00
    outer loop
      vertex   1.874331e+02 -7.441357e+01 1.660007e+02
      vertex   1.874037e+02 -7.413838e+01 1.710007e+02
      vertex   1.874331e+02 -7.441357e+01 1.710007e+02
    endloop
  endfacet
  facet normal 9.774034e-01 2.113826e-01 -0.000000e+00
    outer loop
      vertex   1.874331e+02 -7.441357e+01 1.660007e+02
      vertex   1.874331e+02 -7.441357e+01 1.710007e+02
      vertex   1.874916e+02 -7.468407e+01 1.660007e+02
    endloop
  endfacet
  facet normal 9.774034e-01 2.113826e-01 -0.000000e+00
    outer loop
      vertex   1.874916e+02 -7.468407e+01 1.660007e+02
      vertex   1.874331e+02 -7.441357e+01 1.710007e+02
      vertex   1.874916e+02 -7.468407e+01 1.710007e+02
    endloop
  endfacet
  facet normal 9.493976e-01 3.140767e-01 -0.000000e+00
    outer loop
      vertex   1.874916e+02 -7.468407e+01 1.660007e+02
      vertex   1.874916e+02 -7.468407e+01 1.710007e+02
      vertex   1.875785e+02 -7.494682e+01 1.660007e+02
    endloop
  endfacet
  facet normal 9.493976e-01 3.140767e-01 -0.000000e+00
    outer loop
      vertex   1.875785e+02 -7.494682e+01 1.660007e+02
      vertex   1.874916e+02 -7.468407e+01 1.710007e+02
      vertex   1.875785e+02 -7.494682e+01 1.710007e+02
    endloop
  endfacet
  facet normal 9.106348e-01 4.132122e-01 -0.000000e+00
    outer loop
      vertex   1.875785e+02 -7.494682e+01 1.660007e+02
      vertex   1.875785e+02 -7.494682e+01 1.710007e+02
      vertex   1.876929e+02 -7.519884e+01 1.660007e+02
    endloop
  endfacet
  facet normal 9.106348e-01 4.132122e-01 -0.000000e+00
    outer loop
      vertex   1.876929e+02 -7.519884e+01 1.660007e+02
      vertex   1.875785e+02 -7.494682e+01 1.710007e+02
      vertex   1.876929e+02 -7.519884e+01 1.710007e+02
    endloop
  endfacet
  facet normal 8.615541e-01 5.076658e-01 -0.000000e+00
    outer loop
      vertex   1.876929e+02 -7.519884e+01 1.660007e+02
      vertex   1.876929e+02 -7.519884e+01 1.710007e+02
      vertex   1.878334e+02 -7.543728e+01 1.660007e+02
    endloop
  endfacet
  facet normal 8.615541e-01 5.076658e-01 -1.442873e-15
    outer loop
      vertex   1.878334e+02 -7.543728e+01 1.660007e+02
      vertex   1.876929e+02 -7.519884e+01 1.710007e+02
      vertex   1.878334e+02 -7.543728e+01 1.710007e+02
    endloop
  endfacet
  facet normal 8.027116e-01 5.963674e-01 -1.694978e-15
    outer loop
      vertex   1.878334e+02 -7.543728e+01 1.660007e+02
      vertex   1.878334e+02 -7.543728e+01 1.710007e+02
      vertex   1.879984e+02 -7.565944e+01 1.660007e+02
    endloop
  endfacet
  facet normal 8.027116e-01 5.963674e-01 -0.000000e+00
    outer loop
      vertex   1.879984e+02 -7.565944e+01 1.660007e+02
      vertex   1.878334e+02 -7.543728e+01 1.710007e+02
      vertex   1.879984e+02 -7.565944e+01 1.710007e+02
    endloop
  endfacet
  facet normal 7.347742e-01 6.783118e-01 -0.000000e+00
    outer loop
      vertex   1.879984e+02 -7.565944e+01 1.660007e+02
      vertex   1.879984e+02 -7.565944e+01 1.710007e+02
      vertex   1.881862e+02 -7.586279e+01 1.660007e+02
    endloop
  endfacet
  facet normal 7.347742e-01 6.783118e-01 -0.000000e+00
    outer loop
      vertex   1.881862e+02 -7.586279e+01 1.660007e+02
      vertex   1.879984e+02 -7.565944e+01 1.710007e+02
      vertex   1.881862e+02 -7.586279e+01 1.710007e+02
    endloop
  endfacet
  facet normal 6.585114e-01 7.525708e-01 -0.000000e+00
    outer loop
      vertex   1.881862e+02 -7.586279e+01 1.660007e+02
      vertex   1.881862e+02 -7.586279e+01 1.710007e+02
      vertex   1.883944e+02 -7.604503e+01 1.660007e+02
    endloop
  endfacet
  facet normal 6.585114e-01 7.525708e-01 -0.000000e+00
    outer loop
      vertex   1.883944e+02 -7.604503e+01 1.660007e+02
      vertex   1.881862e+02 -7.586279e+01 1.710007e+02
      vertex   1.883944e+02 -7.604503e+01 1.710007e+02
    endloop
  endfacet
  facet normal 5.747874e-01 8.183028e-01 -0.000000e+00
    outer loop
      vertex   1.883944e+02 -7.604503e+01 1.660007e+02
      vertex   1.883944e+02 -7.604503e+01 1.710007e+02
      vertex   1.886209e+02 -7.620411e+01 1.660007e+02
    endloop
  endfacet
  facet normal 5.747874e-01 8.183028e-01 -0.000000e+00
    outer loop
      vertex   1.886209e+02 -7.620411e+01 1.660007e+02
      vertex   1.883944e+02 -7.604503e+01 1.710007e+02
      vertex   1.886209e+02 -7.620411e+01 1.710007e+02
    endloop
  endfacet
  facet normal 4.845509e-01 8.747631e-01 -0.000000e+00
    outer loop
      vertex   1.886209e+02 -7.620411e+01 1.660007e+02
      vertex   1.886209e+02 -7.620411e+01 1.710007e+02
      vertex   1.888630e+02 -7.633821e+01 1.660007e+02
    endloop
  endfacet
  facet normal 4.845509e-01 8.747631e-01 -0.000000e+00
    outer loop
      vertex   1.888630e+02 -7.633821e+01 1.660007e+02
      vertex   1.886209e+02 -7.620411e+01 1.710007e+02
      vertex   1.888630e+02 -7.633821e+01 1.710007e+02
    endloop
  endfacet
  facet normal 3.888242e-01 9.213120e-01 -0.000000e+00
    outer loop
      vertex   1.888630e+02 -7.633821e+01 1.660007e+02
      vertex   1.888630e+02 -7.633821e+01 1.710007e+02
      vertex   1.891180e+02 -7.644582e+01 1.660007e+02
    endloop
  endfacet
  facet normal 3.888242e-01 9.213120e-01 -0.000000e+00
    outer loop
      vertex   1.891180e+02 -7.644582e+01 1.660007e+02
      vertex   1.888630e+02 -7.633821e+01 1.710007e+02
      vertex   1.891180e+02 -7.644582e+01 1.710007e+02
    endloop
  endfacet
  facet normal 2.886919e-01 9.574220e-01 -0.000000e+00
    outer loop
      vertex   1.891180e+02 -7.644582e+01 1.660007e+02
      vertex   1.891180e+02 -7.644582e+01 1.710007e+02
      vertex   1.893830e+02 -7.652572e+01 1.660007e+02
    endloop
  endfacet
  facet normal 2.886919e-01 9.574220e-01 -0.000000e+00
    outer loop
      vertex   1.893830e+02 -7.652572e+01 1.660007e+02
      vertex   1.891180e+02 -7.644582e+01 1.710007e+02
      vertex   1.893830e+02 -7.652572e+01 1.710007e+02
    endloop
  endfacet
  facet normal 1.852887e-01 9.826841e-01 -0.000000e+00
    outer loop
      vertex   1.893830e+02 -7.652572e+01 1.660007e+02
      vertex   1.893830e+02 -7.652572e+01 1.710007e+02
      vertex   1.896549e+02 -7.657700e+01 1.660007e+02
    endloop
  endfacet
  facet normal 1.852887e-01 9.826841e-01 -0.000000e+00
    outer loop
      vertex   1.896549e+02 -7.657700e+01 1.660007e+02
      vertex   1.893830e+02 -7.652572e+01 1.710007e+02
      vertex   1.896549e+02 -7.657700e+01 1.710007e+02
    endloop
  endfacet
  facet normal 7.978611e-02 9.968120e-01 -0.000000e+00
    outer loop
      vertex   1.896549e+02 -7.657700e+01 1.660007e+02
      vertex   1.896549e+02 -7.657700e+01 1.710007e+02
      vertex   1.899308e+02 -7.659908e+01 1.660007e+02
    endloop
  endfacet
  facet normal 7.978611e-02 9.968120e-01 -0.000000e+00
    outer loop
      vertex   1.899308e+02 -7.659908e+01 1.660007e+02
      vertex   1.896549e+02 -7.657700e+01 1.710007e+02
      vertex   1.899308e+02 -7.659908e+01 1.710007e+02
    endloop
  endfacet
  facet normal -2.662052e-02 9.996456e-01 0.000000e+00
    outer loop
      vertex   1.899308e+02 -7.659908e+01 1.660007e+02
      vertex   1.899308e+02 -7.659908e+01 1.710007e+02
      vertex   1.902074e+02 -7.659171e+01 1.660007e+02
    endloop
  endfacet
  facet normal -2.662052e-02 9.996456e-01 0.000000e+00
    outer loop
      vertex   1.902074e+02 -7.659171e+01 1.660007e+02
      vertex   1.899308e+02 -7.659908e+01 1.710007e+02
      vertex   1.902074e+02 -7.659171e+01 1.710007e+02
    endloop
  endfacet
  facet normal -1.327255e-01 9.911528e-01 0.000000e+00
    outer loop
      vertex   1.902074e+02 -7.659171e+01 1.660007e+02
      vertex   1.902074e+02 -7.659171e+01 1.710007e+02
      vertex   1.904818e+02 -7.655498e+01 1.660007e+02
    endloop
  endfacet
  facet normal -1.327255e-01 9.911528e-01 0.000000e+00
    outer loop
      vertex   1.904818e+02 -7.655498e+01 1.660007e+02
      vertex   1.902074e+02 -7.659171e+01 1.710007e+02
      vertex   1.904818e+02 -7.655498e+01 1.710007e+02
    endloop
  endfacet
  facet normal -2.373267e-01 9.714299e-01 0.000000e+00
    outer loop
      vertex   1.904818e+02 -7.655498e+01 1.660007e+02
      vertex   1.904818e+02 -7.655498e+01 1.710007e+02
      vertex   1.907506e+02 -7.648930e+01 1.660007e+02
    endloop
  endfacet
  facet normal -2.373267e-01 9.714299e-01 0.000000e+00
    outer loop
      vertex   1.907506e+02 -7.648930e+01 1.660007e+02
      vertex   1.904818e+02 -7.655498e+01 1.710007e+02
      vertex   1.907506e+02 -7.648930e+01 1.710007e+02
    endloop
  endfacet
  facet normal -3.392389e-01 9.407003e-01 0.000000e+00
    outer loop
      vertex   1.907506e+02 -7.648930e+01 1.660007e+02
      vertex   1.907506e+02 -7.648930e+01 1.710007e+02
      vertex   1.910109e+02 -7.639541e+01 1.660007e+02
    endloop
  endfacet
  facet normal -3.392389e-01 9.407003e-01 0.000000e+00
    outer loop
      vertex   1.910109e+02 -7.639541e+01 1.660007e+02
      vertex   1.907506e+02 -7.648930e+01 1.710007e+02
      vertex   1.910109e+02 -7.639541e+01 1.710007e+02
    endloop
  endfacet
  facet normal -4.373073e-01 8.993121e-01 0.000000e+00
    outer loop
      vertex   1.910109e+02 -7.639541e+01 1.660007e+02
      vertex   1.910109e+02 -7.639541e+01 1.710007e+02
      vertex   1.912598e+02 -7.627438e+01 1.660007e+02
    endloop
  endfacet
  facet normal -4.373073e-01 8.993121e-01 0.000000e+00
    outer loop
      vertex   1.912598e+02 -7.627438e+01 1.660007e+02
      vertex   1.910109e+02 -7.639541e+01 1.710007e+02
      vertex   1.912598e+02 -7.627438e+01 1.710007e+02
    endloop
  endfacet
  facet normal -5.304209e-01 8.477344e-01 0.000000e+00
    outer loop
      vertex   1.912598e+02 -7.627438e+01 1.660007e+02
      vertex   1.912598e+02 -7.627438e+01 1.710007e+02
      vertex   1.914945e+02 -7.612759e+01 1.660007e+02
    endloop
  endfacet
  facet normal -5.304209e-01 8.477344e-01 0.000000e+00
    outer loop
      vertex   1.914945e+02 -7.612759e+01 1.660007e+02
      vertex   1.912598e+02 -7.627438e+01 1.710007e+02
      vertex   1.914945e+02 -7.612759e+01 1.710007e+02
    endloop
  endfacet
  facet normal -6.175246e-01 7.865516e-01 0.000000e+00
    outer loop
      vertex   1.914945e+02 -7.612759e+01 1.660007e+02
      vertex   1.914945e+02 -7.612759e+01 1.710007e+02
      vertex   1.917121e+02 -7.595668e+01 1.660007e+02
    endloop
  endfacet
  facet normal -6.175246e-01 7.865516e-01 0.000000e+00
    outer loop
      vertex   1.917121e+02 -7.595668e+01 1.660007e+02
      vertex   1.914945e+02 -7.612759e+01 1.710007e+02
      vertex   1.917121e+02 -7.595668e+01 1.710007e+02
    endloop
  endfacet
  facet normal -6.976315e-01 7.164567e-01 0.000000e+00
    outer loop
      vertex   1.917121e+02 -7.595668e+01 1.660007e+02
      vertex   1.917121e+02 -7.595668e+01 1.710007e+02
      vertex   1.919104e+02 -7.576361e+01 1.660007e+02
    endloop
  endfacet
  facet normal -6.976315e-01 7.164567e-01 -2.036293e-15
    outer loop
      vertex   1.919104e+02 -7.576361e+01 1.660007e+02
      vertex   1.917121e+02 -7.595668e+01 1.710007e+02
      vertex   1.919104e+02 -7.576361e+01 1.710007e+02
    endloop
  endfacet
  facet normal -7.698340e-01 6.382442e-01 -1.813999e-15
    outer loop
      vertex   1.919104e+02 -7.576361e+01 1.660007e+02
      vertex   1.919104e+02 -7.576361e+01 1.710007e+02
      vertex   1.920871e+02 -7.555056e+01 1.660007e+02
    endloop
  endfacet
  facet normal -7.698340e-01 6.382442e-01 0.000000e+00
    outer loop
      vertex   1.920871e+02 -7.555056e+01 1.660007e+02
      vertex   1.919104e+02 -7.576361e+01 1.710007e+02
      vertex   1.920871e+02 -7.555056e+01 1.710007e+02
    endloop
  endfacet
  facet normal -8.333139e-01 5.528001e-01 0.000000e+00
    outer loop
      vertex   1.920871e+02 -7.555056e+01 1.660007e+02
      vertex   1.920871e+02 -7.555056e+01 1.710007e+02
      vertex   1.922400e+02 -7.531993e+01 1.660007e+02
    endloop
  endfacet
  facet normal -8.333139e-01 5.528001e-01 0.000000e+00
    outer loop
      vertex   1.922400e+02 -7.531993e+01 1.660007e+02
      vertex   1.920871e+02 -7.555056e+01 1.710007e+02
      vertex   1.922400e+02 -7.531993e+01 1.710007e+02
    endloop
  endfacet
  facet normal -8.873521e-01 4.610925e-01 0.000000e+00
    outer loop
      vertex   1.922400e+02 -7.531993e+01 1.660007e+02
      vertex   1.922400e+02 -7.531993e+01 1.710007e+02
      vertex   1.923677e+02 -7.507435e+01 1.660007e+02
    endloop
  endfacet
  facet normal -8.873521e-01 4.610925e-01 0.000000e+00
    outer loop
      vertex   1.923677e+02 -7.507435e+01 1.660007e+02
      vertex   1.922400e+02 -7.531993e+01 1.710007e+02
      vertex   1.923677e+02 -7.507435e+01 1.710007e+02
    endloop
  endfacet
  facet normal -9.313362e-01 3.641606e-01 0.000000e+00
    outer loop
      vertex   1.923677e+02 -7.507435e+01 1.660007e+02
      vertex   1.923677e+02 -7.507435e+01 1.710007e+02
      vertex   1.924684e+02 -7.481660e+01 1.660007e+02
    endloop
  endfacet
  facet normal -9.313362e-01 3.641606e-01 0.000000e+00
    outer loop
      vertex   1.924684e+02 -7.481660e+01 1.660007e+02
      vertex   1.923677e+02 -7.507435e+01 1.710007e+02
      vertex   1.924684e+02 -7.481660e+01 1.710007e+02
    endloop
  endfacet
  facet normal -9.647679e-01 2.631026e-01 0.000000e+00
    outer loop
      vertex   1.924684e+02 -7.481660e+01 1.660007e+02
      vertex   1.924684e+02 -7.481660e+01 1.710007e+02
      vertex   1.925413e+02 -7.454960e+01 1.660007e+02
    endloop
  endfacet
  facet normal -9.647679e-01 2.631026e-01 0.000000e+00
    outer loop
      vertex   1.925413e+02 -7.454960e+01 1.660007e+02
      vertex   1.924684e+02 -7.481660e+01 1.710007e+02
      vertex   1.925413e+02 -7.454960e+01 1.710007e+02
    endloop
  endfacet
  facet normal -9.872684e-01 1.590635e-01 0.000000e+00
    outer loop
      vertex   1.925413e+02 -7.454960e+01 1.660007e+02
      vertex   1.925413e+02 -7.454960e+01 1.710007e+02
      vertex   1.925853e+02 -7.427636e+01 1.660007e+02
    endloop
  endfacet
  facet normal -9.872684e-01 1.590635e-01 0.000000e+00
    outer loop
      vertex   1.925853e+02 -7.427636e+01 1.660007e+02
      vertex   1.925413e+02 -7.454960e+01 1.710007e+02
      vertex   1.925853e+02 -7.427636e+01 1.710007e+02
    endloop
  endfacet
  facet normal -5.322223e-02 9.985825e-01 -5.527168e-04
    outer loop
      vertex   1.902764e+02 -7.658527e+01 1.760007e+02
      vertex   1.902074e+02 -7.659171e+01 1.710007e+02
      vertex   1.900000e+02 -7.660000e+01 1.760007e+02
    endloop
  endfacet
  facet normal -2.662052e-02 9.996455e-01 5.527168e-04
    outer loop
      vertex   1.900000e+02 -7.660000e+01 1.760007e+02
      vertex   1.902074e+02 -7.659171e+01 1.710007e+02
      vertex   1.899308e+02 -7.659908e+01 1.710007e+02
    endloop
  endfacet
  facet normal 5.322211e-02 9.985825e-01 -5.527168e-04
    outer loop
      vertex   1.900000e+02 -7.660000e+01 1.760007e+02
      vertex   1.899308e+02 -7.659908e+01 1.710007e+02
      vertex   1.897236e+02 -7.658527e+01 1.760007e+02
    endloop
  endfacet
  facet normal 7.978609e-02 9.968119e-01 5.527168e-04
    outer loop
      vertex   1.897236e+02 -7.658527e+01 1.760007e+02
      vertex   1.899308e+02 -7.659908e+01 1.710007e+02
      vertex   1.896549e+02 -7.657700e+01 1.710007e+02
    endloop
  endfacet
  facet normal 1.590634e-01 9.872682e-01 -5.527168e-04
    outer loop
      vertex   1.897236e+02 -7.658527e+01 1.760007e+02
      vertex   1.896549e+02 -7.657700e+01 1.710007e+02
      vertex   1.894504e+02 -7.654125e+01 1.760007e+02
    endloop
  endfacet
  facet normal 1.852887e-01 9.826840e-01 5.527168e-04
    outer loop
      vertex   1.894504e+02 -7.654125e+01 1.760007e+02
      vertex   1.896549e+02 -7.657700e+01 1.710007e+02
      vertex   1.893830e+02 -7.652572e+01 1.710007e+02
    endloop
  endfacet
  facet normal 2.631025e-01 9.647677e-01 -5.527168e-04
    outer loop
      vertex   1.894504e+02 -7.654125e+01 1.760007e+02
      vertex   1.893830e+02 -7.652572e+01 1.710007e+02
      vertex   1.891834e+02 -7.646843e+01 1.760007e+02
    endloop
  endfacet
  facet normal 2.886919e-01 9.574219e-01 5.527168e-04
    outer loop
      vertex   1.891834e+02 -7.646843e+01 1.760007e+02
      vertex   1.893830e+02 -7.652572e+01 1.710007e+02
      vertex   1.891180e+02 -7.644582e+01 1.710007e+02
    endloop
  endfacet
  facet normal 3.641605e-01 9.313361e-01 -5.527168e-04
    outer loop
      vertex   1.891834e+02 -7.646843e+01 1.760007e+02
      vertex   1.891180e+02 -7.644582e+01 1.710007e+02
      vertex   1.889257e+02 -7.636765e+01 1.760007e+02
    endloop
  endfacet
  facet normal 3.888241e-01 9.213118e-01 5.527168e-04
    outer loop
      vertex   1.889257e+02 -7.636765e+01 1.760007e+02
      vertex   1.891180e+02 -7.644582e+01 1.710007e+02
      vertex   1.888630e+02 -7.633821e+01 1.710007e+02
    endloop
  endfacet
  facet normal 4.610924e-01 8.873520e-01 -5.527168e-04
    outer loop
      vertex   1.889257e+02 -7.636765e+01 1.760007e+02
      vertex   1.888630e+02 -7.633821e+01 1.710007e+02
      vertex   1.886801e+02 -7.624004e+01 1.760007e+02
    endloop
  endfacet
  facet normal 4.845508e-01 8.747630e-01 5.527168e-04
    outer loop
      vertex   1.886801e+02 -7.624004e+01 1.760007e+02
      vertex   1.888630e+02 -7.633821e+01 1.710007e+02
      vertex   1.886209e+02 -7.620411e+01 1.710007e+02
    endloop
  endfacet
  facet normal 5.527999e-01 8.333138e-01 -5.527168e-04
    outer loop
      vertex   1.886801e+02 -7.624004e+01 1.760007e+02
      vertex   1.886209e+02 -7.620411e+01 1.710007e+02
      vertex   1.884494e+02 -7.608705e+01 1.760007e+02
    endloop
  endfacet
  facet normal 5.747873e-01 8.183027e-01 5.527168e-04
    outer loop
      vertex   1.884494e+02 -7.608705e+01 1.760007e+02
      vertex   1.886209e+02 -7.620411e+01 1.710007e+02
      vertex   1.883944e+02 -7.604503e+01 1.710007e+02
    endloop
  endfacet
  facet normal 6.382440e-01 7.698339e-01 -5.527168e-04
    outer loop
      vertex   1.884494e+02 -7.608705e+01 1.760007e+02
      vertex   1.883944e+02 -7.604503e+01 1.710007e+02
      vertex   1.882364e+02 -7.591041e+01 1.760007e+02
    endloop
  endfacet
  facet normal 6.585113e-01 7.525707e-01 5.527168e-04
    outer loop
      vertex   1.882364e+02 -7.591041e+01 1.760007e+02
      vertex   1.883944e+02 -7.604503e+01 1.710007e+02
      vertex   1.881862e+02 -7.586279e+01 1.710007e+02
    endloop
  endfacet
  facet normal 7.164566e-01 6.976315e-01 -5.527168e-04
    outer loop
      vertex   1.882364e+02 -7.591041e+01 1.760007e+02
      vertex   1.881862e+02 -7.586279e+01 1.710007e+02
      vertex   1.880433e+02 -7.571213e+01 1.760007e+02
    endloop
  endfacet
  facet normal 7.347740e-01 6.783117e-01 5.527168e-04
    outer loop
      vertex   1.880433e+02 -7.571213e+01 1.760007e+02
      vertex   1.881862e+02 -7.586279e+01 1.710007e+02
      vertex   1.879984e+02 -7.565944e+01 1.710007e+02
    endloop
  endfacet
  facet normal 7.865514e-01 6.175246e-01 -5.527168e-04
    outer loop
      vertex   1.880433e+02 -7.571213e+01 1.760007e+02
      vertex   1.879984e+02 -7.565944e+01 1.710007e+02
      vertex   1.878724e+02 -7.549445e+01 1.760007e+02
    endloop
  endfacet
  facet normal 8.027115e-01 5.963673e-01 5.527168e-04
    outer loop
      vertex   1.878724e+02 -7.549445e+01 1.760007e+02
      vertex   1.879984e+02 -7.565944e+01 1.710007e+02
      vertex   1.878334e+02 -7.543728e+01 1.710007e+02
    endloop
  endfacet
  facet normal 8.477343e-01 5.304209e-01 -5.527168e-04
    outer loop
      vertex   1.878724e+02 -7.549445e+01 1.760007e+02
      vertex   1.878334e+02 -7.543728e+01 1.710007e+02
      vertex   1.877256e+02 -7.525983e+01 1.760007e+02
    endloop
  endfacet
  facet normal 8.615539e-01 5.076657e-01 5.527168e-04
    outer loop
      vertex   1.877256e+02 -7.525983e+01 1.760007e+02
      vertex   1.878334e+02 -7.543728e+01 1.710007e+02
      vertex   1.876929e+02 -7.519884e+01 1.710007e+02
    endloop
  endfacet
  facet normal 8.993120e-01 4.373073e-01 -5.527168e-04
    outer loop
      vertex   1.877256e+02 -7.525983e+01 1.760007e+02
      vertex   1.876929e+02 -7.519884e+01 1.710007e+02
      vertex   1.876046e+02 -7.501094e+01 1.760007e+02
    endloop
  endfacet
  facet normal 9.106346e-01 4.132121e-01 5.527168e-04
    outer loop
      vertex   1.876046e+02 -7.501094e+01 1.760007e+02
      vertex   1.876929e+02 -7.519884e+01 1.710007e+02
      vertex   1.875785e+02 -7.494682e+01 1.710007e+02
    endloop
  endfacet
  facet normal 9.407001e-01 3.392389e-01 -5.527168e-04
    outer loop
      vertex   1.876046e+02 -7.501094e+01 1.760007e+02
      vertex   1.875785e+02 -7.494682e+01 1.710007e+02
      vertex   1.875107e+02 -7.475060e+01 1.760007e+02
    endloop
  endfacet
  facet normal 9.493975e-01 3.140767e-01 5.527168e-04
    outer loop
      vertex   1.875107e+02 -7.475060e+01 1.760007e+02
      vertex   1.875785e+02 -7.494682e+01 1.710007e+02
      vertex   1.874916e+02 -7.468407e+01 1.710007e+02
    endloop
  endfacet
  facet normal 9.714297e-01 2.373267e-01 -5.527168e-04
    outer loop
      vertex   1.875107e+02 -7.475060e+01 1.760007e+02
      vertex   1.874916e+02 -7.468407e+01 1.710007e+02
      vertex   1.874450e+02 -7.448175e+01 1.760007e+02
    endloop
  endfacet
  facet normal 9.774032e-01 2.113826e-01 5.527168e-04
    outer loop
      vertex   1.874450e+02 -7.448175e+01 1.760007e+02
      vertex   1.874916e+02 -7.468407e+01 1.710007e+02
      vertex   1.874331e+02 -7.441357e+01 1.710007e+02
    endloop
  endfacet
  facet normal 9.911527e-01 1.327256e-01 -5.527168e-04
    outer loop
      vertex   1.874450e+02 -7.448175e+01 1.760007e+02
      vertex   1.874331e+02 -7.441357e+01 1.710007e+02
      vertex   1.874083e+02 -7.420744e+01 1.760007e+02
    endloop
  endfacet
  facet normal 9.943346e-01 1.062935e-01 5.527168e-04
    outer loop
      vertex   1.874083e+02 -7.420744e+01 1.760007e+02
      vertex   1.874331e+02 -7.441357e+01 1.710007e+02
      vertex   1.874037e+02 -7.413838e+01 1.710007e+02
    endloop
  endfacet
  facet normal 9.996455e-01 2.662058e-02 -5.527168e-04
    outer loop
      vertex   1.874083e+02 -7.420744e+01 1.760007e+02
      vertex   1.874037e+02 -7.413838e+01 1.710007e+02
      vertex   1.874009e+02 -7.393079e+01 1.760007e+02
    endloop
  endfacet
  facet normal 9.999998e-01 0.000000e+00 5.527168e-04
    outer loop
      vertex   1.874009e+02 -7.393079e+01 1.760007e+02
      vertex   1.874037e+02 -7.413838e+01 1.710007e+02
      vertex   1.874037e+02 -7.386162e+01 1.710007e+02
    endloop
  endfacet
  facet normal 9.968119e-01 -7.978604e-02 -5.527168e-04
    outer loop
      vertex   1.874009e+02 -7.393079e+01 1.760007e+02
      vertex   1.874037e+02 -7.386162e+01 1.710007e+02
      vertex   1.874230e+02 -7.365491e+01 1.760007e+02
    endloop
  endfacet
  facet normal 9.943346e-01 -1.062935e-01 5.527168e-04
    outer loop
      vertex   1.874230e+02 -7.365491e+01 1.760007e+02
      vertex   1.874037e+02 -7.386162e+01 1.710007e+02
      vertex   1.874331e+02 -7.358644e+01 1.710007e+02
    endloop
  endfacet
  facet normal 9.826840e-01 -1.852886e-01 -5.527168e-04
    outer loop
      vertex   1.874230e+02 -7.365491e+01 1.760007e+02
      vertex   1.874331e+02 -7.358644e+01 1.710007e+02
      vertex   1.874743e+02 -7.338295e+01 1.760007e+02
    endloop
  endfacet
  facet normal 9.774032e-01 -2.113826e-01 5.527168e-04
    outer loop
      vertex   1.874743e+02 -7.338295e+01 1.760007e+02
      vertex   1.874331e+02 -7.358644e+01 1.710007e+02
      vertex   1.874916e+02 -7.331593e+01 1.710007e+02
    endloop
  endfacet
  facet normal 9.574219e-01 -2.886918e-01 -5.527168e-04
    outer loop
      vertex   1.874743e+02 -7.338295e+01 1.760007e+02
      vertex   1.874916e+02 -7.331593e+01 1.710007e+02
      vertex   1.875542e+02 -7.311798e+01 1.760007e+02
    endloop
  endfacet
  facet normal 9.493975e-01 -3.140767e-01 5.527168e-04
    outer loop
      vertex   1.875542e+02 -7.311798e+01 1.760007e+02
      vertex   1.874916e+02 -7.331593e+01 1.710007e+02
      vertex   1.875785e+02 -7.305318e+01 1.710007e+02
    endloop
  endfacet
  facet normal 9.213119e-01 -3.888241e-01 -5.527168e-04
    outer loop
      vertex   1.875542e+02 -7.311798e+01 1.760007e+02
      vertex   1.875785e+02 -7.305318e+01 1.710007e+02
      vertex   1.876618e+02 -7.286300e+01 1.760007e+02
    endloop
  endfacet
  facet normal 9.106346e-01 -4.132121e-01 5.527168e-04
    outer loop
      vertex   1.876618e+02 -7.286300e+01 1.760007e+02
      vertex   1.875785e+02 -7.305318e+01 1.710007e+02
      vertex   1.876929e+02 -7.280116e+01 1.710007e+02
    endloop
  endfacet
  facet normal 8.747630e-01 -4.845507e-01 -5.527168e-04
    outer loop
      vertex   1.876618e+02 -7.286300e+01 1.760007e+02
      vertex   1.876929e+02 -7.280116e+01 1.710007e+02
      vertex   1.877959e+02 -7.262091e+01 1.760007e+02
    endloop
  endfacet
  facet normal 8.615539e-01 -5.076657e-01 5.527168e-04
    outer loop
      vertex   1.877959e+02 -7.262091e+01 1.760007e+02
      vertex   1.876929e+02 -7.280116e+01 1.710007e+02
      vertex   1.878334e+02 -7.256272e+01 1.710007e+02
    endloop
  endfacet
  facet normal 8.183027e-01 -5.747873e-01 -5.527168e-04
    outer loop
      vertex   1.877959e+02 -7.262091e+01 1.760007e+02
      vertex   1.878334e+02 -7.256272e+01 1.710007e+02
      vertex   1.879550e+02 -7.239444e+01 1.760007e+02
    endloop
  endfacet
  facet normal 8.027115e-01 -5.963673e-01 5.527168e-04
    outer loop
      vertex   1.879550e+02 -7.239444e+01 1.760007e+02
      vertex   1.878334e+02 -7.256272e+01 1.710007e+02
      vertex   1.879984e+02 -7.234057e+01 1.710007e+02
    endloop
  endfacet
  facet normal 7.525707e-01 -6.585112e-01 -5.527168e-04
    outer loop
      vertex   1.879550e+02 -7.239444e+01 1.760007e+02
      vertex   1.879984e+02 -7.234057e+01 1.710007e+02
      vertex   1.881372e+02 -7.218616e+01 1.760007e+02
    endloop
  endfacet
  facet normal 7.347740e-01 -6.783117e-01 5.527168e-04
    outer loop
      vertex   1.881372e+02 -7.218616e+01 1.760007e+02
      vertex   1.879984e+02 -7.234057e+01 1.710007e+02
      vertex   1.881862e+02 -7.213721e+01 1.710007e+02
    endloop
  endfacet
  facet normal 6.783118e-01 -7.347740e-01 -5.527168e-04
    outer loop
      vertex   1.881372e+02 -7.218616e+01 1.760007e+02
      vertex   1.881862e+02 -7.213721e+01 1.710007e+02
      vertex   1.883406e+02 -7.199843e+01 1.760007e+02
    endloop
  endfacet
  facet normal 6.585113e-01 -7.525707e-01 5.527168e-04
    outer loop
      vertex   1.883406e+02 -7.199843e+01 1.760007e+02
      vertex   1.881862e+02 -7.213721e+01 1.710007e+02
      vertex   1.883944e+02 -7.195497e+01 1.710007e+02
    endloop
  endfacet
  facet normal 5.963673e-01 -8.027115e-01 -5.527168e-04
    outer loop
      vertex   1.883406e+02 -7.199843e+01 1.760007e+02
      vertex   1.883944e+02 -7.195497e+01 1.710007e+02
      vertex   1.885627e+02 -7.183338e+01 1.760007e+02
    endloop
  endfacet
  facet normal 5.747873e-01 -8.183027e-01 5.527168e-04
    outer loop
      vertex   1.885627e+02 -7.183338e+01 1.760007e+02
      vertex   1.883944e+02 -7.195497e+01 1.710007e+02
      vertex   1.886209e+02 -7.179589e+01 1.710007e+02
    endloop
  endfacet
  facet normal 5.076658e-01 -8.615539e-01 -5.527168e-04
    outer loop
      vertex   1.885627e+02 -7.183338e+01 1.760007e+02
      vertex   1.886209e+02 -7.179589e+01 1.710007e+02
      vertex   1.888012e+02 -7.169289e+01 1.760007e+02
    endloop
  endfacet
  facet normal 4.845508e-01 -8.747630e-01 5.527168e-04
    outer loop
      vertex   1.888012e+02 -7.169289e+01 1.760007e+02
      vertex   1.886209e+02 -7.179589e+01 1.710007e+02
      vertex   1.888630e+02 -7.166179e+01 1.710007e+02
    endloop
  endfacet
  facet normal 4.132122e-01 -9.106346e-01 -5.527168e-04
    outer loop
      vertex   1.888012e+02 -7.169289e+01 1.760007e+02
      vertex   1.888630e+02 -7.166179e+01 1.710007e+02
      vertex   1.890532e+02 -7.157853e+01 1.760007e+02
    endloop
  endfacet
  facet normal 3.888241e-01 -9.213118e-01 5.527168e-04
    outer loop
      vertex   1.890532e+02 -7.157853e+01 1.760007e+02
      vertex   1.888630e+02 -7.166179e+01 1.710007e+02
      vertex   1.891180e+02 -7.155418e+01 1.710007e+02
    endloop
  endfacet
  facet normal 3.140767e-01 -9.493974e-01 -5.527168e-04
    outer loop
      vertex   1.890532e+02 -7.157853e+01 1.760007e+02
      vertex   1.891180e+02 -7.155418e+01 1.710007e+02
      vertex   1.893159e+02 -7.149160e+01 1.760007e+02
    endloop
  endfacet
  facet normal 2.886919e-01 -9.574219e-01 5.527168e-04
    outer loop
      vertex   1.893159e+02 -7.149160e+01 1.760007e+02
      vertex   1.891180e+02 -7.155418e+01 1.710007e+02
      vertex   1.893830e+02 -7.147428e+01 1.710007e+02
    endloop
  endfacet
  facet normal 2.113826e-01 -9.774032e-01 -5.527168e-04
    outer loop
      vertex   1.893159e+02 -7.149160e+01 1.760007e+02
      vertex   1.893830e+02 -7.147428e+01 1.710007e+02
      vertex   1.895864e+02 -7.143310e+01 1.760007e+02
    endloop
  endfacet
  facet normal 1.852887e-01 -9.826840e-01 5.527168e-04
    outer loop
      vertex   1.895864e+02 -7.143310e+01 1.760007e+02
      vertex   1.893830e+02 -7.147428e+01 1.710007e+02
      vertex   1.896549e+02 -7.142300e+01 1.710007e+02
    endloop
  endfacet
  facet normal 1.062935e-01 -9.943346e-01 -5.527168e-04
    outer loop
      vertex   1.895864e+02 -7.143310e+01 1.760007e+02
      vertex   1.896549e+02 -7.142300e+01 1.710007e+02
      vertex   1.898616e+02 -7.140369e+01 1.760007e+02
    endloop
  endfacet
  facet normal 7.978609e-02 -9.968119e-01 5.527168e-04
    outer loop
      vertex   1.898616e+02 -7.140369e+01 1.760007e+02
      vertex   1.896549e+02 -7.142300e+01 1.710007e+02
      vertex   1.899308e+02 -7.140092e+01 1.710007e+02
    endloop
  endfacet
  facet normal 5.843591e-08 -9.999998e-01 -5.527168e-04
    outer loop
      vertex   1.898616e+02 -7.140369e+01 1.760007e+02
      vertex   1.899308e+02 -7.140092e+01 1.710007e+02
      vertex   1.901384e+02 -7.140369e+01 1.760007e+02
    endloop
  endfacet
  facet normal -2.662052e-02 -9.996455e-01 5.527168e-04
    outer loop
      vertex   1.901384e+02 -7.140369e+01 1.760007e+02
      vertex   1.899308e+02 -7.140092e+01 1.710007e+02
      vertex   1.902074e+02 -7.140829e+01 1.710007e+02
    endloop
  endfacet
  facet normal -1.062934e-01 -9.943347e-01 -5.527168e-04
    outer loop
      vertex   1.901384e+02 -7.140369e+01 1.760007e+02
      vertex   1.902074e+02 -7.140829e+01 1.710007e+02
      vertex   1.904136e+02 -7.143310e+01 1.760007e+02
    endloop
  endfacet
  facet normal -1.327255e-01 -9.911527e-01 5.527168e-04
    outer loop
      vertex   1.904136e+02 -7.143310e+01 1.760007e+02
      vertex   1.902074e+02 -7.140829e+01 1.710007e+02
      vertex   1.904818e+02 -7.144502e+01 1.710007e+02
    endloop
  endfacet
  facet normal -2.113825e-01 -9.774033e-01 -5.527168e-04
    outer loop
      vertex   1.904136e+02 -7.143310e+01 1.760007e+02
      vertex   1.904818e+02 -7.144502e+01 1.710007e+02
      vertex   1.906841e+02 -7.149160e+01 1.760007e+02
    endloop
  endfacet
  facet normal -2.373267e-01 -9.714297e-01 5.527168e-04
    outer loop
      vertex   1.906841e+02 -7.149160e+01 1.760007e+02
      vertex   1.904818e+02 -7.144502e+01 1.710007e+02
      vertex   1.907506e+02 -7.151070e+01 1.710007e+02
    endloop
  endfacet
  facet normal -3.140766e-01 -9.493975e-01 -5.527168e-04
    outer loop
      vertex   1.906841e+02 -7.149160e+01 1.760007e+02
      vertex   1.907506e+02 -7.151070e+01 1.710007e+02
      vertex   1.909468e+02 -7.157853e+01 1.760007e+02
    endloop
  endfacet
  facet normal -3.392388e-01 -9.407001e-01 5.527168e-04
    outer loop
      vertex   1.909468e+02 -7.157853e+01 1.760007e+02
      vertex   1.907506e+02 -7.151070e+01 1.710007e+02
      vertex   1.910109e+02 -7.160459e+01 1.710007e+02
    endloop
  endfacet
  facet normal -4.132121e-01 -9.106347e-01 -5.527168e-04
    outer loop
      vertex   1.909468e+02 -7.157853e+01 1.760007e+02
      vertex   1.910109e+02 -7.160459e+01 1.710007e+02
      vertex   1.911988e+02 -7.169289e+01 1.760007e+02
    endloop
  endfacet
  facet normal -4.373073e-01 -8.993120e-01 5.527168e-04
    outer loop
      vertex   1.911988e+02 -7.169289e+01 1.760007e+02
      vertex   1.910109e+02 -7.160459e+01 1.710007e+02
      vertex   1.912598e+02 -7.172562e+01 1.710007e+02
    endloop
  endfacet
  facet normal -5.076657e-01 -8.615540e-01 -5.527168e-04
    outer loop
      vertex   1.911988e+02 -7.169289e+01 1.760007e+02
      vertex   1.912598e+02 -7.172562e+01 1.710007e+02
      vertex   1.914373e+02 -7.183338e+01 1.760007e+02
    endloop
  endfacet
  facet normal -5.304208e-01 -8.477343e-01 5.527168e-04
    outer loop
      vertex   1.914373e+02 -7.183338e+01 1.760007e+02
      vertex   1.912598e+02 -7.172562e+01 1.710007e+02
      vertex   1.914945e+02 -7.187241e+01 1.710007e+02
    endloop
  endfacet
  facet normal -5.963672e-01 -8.027116e-01 -5.527168e-04
    outer loop
      vertex   1.914373e+02 -7.183338e+01 1.760007e+02
      vertex   1.914945e+02 -7.187241e+01 1.710007e+02
      vertex   1.916594e+02 -7.199843e+01 1.760007e+02
    endloop
  endfacet
  facet normal -6.175245e-01 -7.865514e-01 5.527168e-04
    outer loop
      vertex   1.916594e+02 -7.199843e+01 1.760007e+02
      vertex   1.914945e+02 -7.187241e+01 1.710007e+02
      vertex   1.917121e+02 -7.204332e+01 1.710007e+02
    endloop
  endfacet
  facet normal -6.783117e-01 -7.347741e-01 -5.527168e-04
    outer loop
      vertex   1.916594e+02 -7.199843e+01 1.760007e+02
      vertex   1.917121e+02 -7.204332e+01 1.710007e+02
      vertex   1.918628e+02 -7.218616e+01 1.760007e+02
    endloop
  endfacet
  facet normal -6.976314e-01 -7.164566e-01 5.527168e-04
    outer loop
      vertex   1.918628e+02 -7.218616e+01 1.760007e+02
      vertex   1.917121e+02 -7.204332e+01 1.710007e+02
      vertex   1.919104e+02 -7.223639e+01 1.710007e+02
    endloop
  endfacet
  facet normal -7.525706e-01 -6.585113e-01 -5.527168e-04
    outer loop
      vertex   1.918628e+02 -7.218616e+01 1.760007e+02
      vertex   1.919104e+02 -7.223639e+01 1.710007e+02
      vertex   1.920450e+02 -7.239444e+01 1.760007e+02
    endloop
  endfacet
  facet normal -7.698339e-01 -6.382441e-01 5.527168e-04
    outer loop
      vertex   1.920450e+02 -7.239444e+01 1.760007e+02
      vertex   1.919104e+02 -7.223639e+01 1.710007e+02
      vertex   1.920871e+02 -7.244945e+01 1.710007e+02
    endloop
  endfacet
  facet normal -8.183026e-01 -5.747874e-01 -5.527168e-04
    outer loop
      vertex   1.920450e+02 -7.239444e+01 1.760007e+02
      vertex   1.920871e+02 -7.244945e+01 1.710007e+02
      vertex   1.922041e+02 -7.262091e+01 1.760007e+02
    endloop
  endfacet
  facet normal -8.333138e-01 -5.528000e-01 5.527168e-04
    outer loop
      vertex   1.922041e+02 -7.262091e+01 1.760007e+02
      vertex   1.920871e+02 -7.244945e+01 1.710007e+02
      vertex   1.922400e+02 -7.268007e+01 1.710007e+02
    endloop
  endfacet
  facet normal -8.747629e-01 -4.845508e-01 -5.527168e-04
    outer loop
      vertex   1.922041e+02 -7.262091e+01 1.760007e+02
      vertex   1.922400e+02 -7.268007e+01 1.710007e+02
      vertex   1.923382e+02 -7.286300e+01 1.760007e+02
    endloop
  endfacet
  facet normal -8.873519e-01 -4.610924e-01 5.527168e-04
    outer loop
      vertex   1.923382e+02 -7.286300e+01 1.760007e+02
      vertex   1.922400e+02 -7.268007e+01 1.710007e+02
      vertex   1.923677e+02 -7.292565e+01 1.710007e+02
    endloop
  endfacet
  facet normal -9.213118e-01 -3.888242e-01 -5.527168e-04
    outer loop
      vertex   1.923382e+02 -7.286300e+01 1.760007e+02
      vertex   1.923677e+02 -7.292565e+01 1.710007e+02
      vertex   1.924458e+02 -7.311798e+01 1.760007e+02
    endloop
  endfacet
  facet normal -9.313360e-01 -3.641605e-01 5.527168e-04
    outer loop
      vertex   1.924458e+02 -7.311798e+01 1.760007e+02
      vertex   1.923677e+02 -7.292565e+01 1.710007e+02
      vertex   1.924684e+02 -7.318340e+01 1.710007e+02
    endloop
  endfacet
  facet normal -9.574219e-01 -2.886920e-01 -5.527168e-04
    outer loop
      vertex   1.924458e+02 -7.311798e+01 1.760007e+02
      vertex   1.924684e+02 -7.318340e+01 1.710007e+02
      vertex   1.925257e+02 -7.338295e+01 1.760007e+02
    endloop
  endfacet
  facet normal -9.647677e-01 -2.631025e-01 5.527168e-04
    outer loop
      vertex   1.925257e+02 -7.338295e+01 1.760007e+02
      vertex   1.924684e+02 -7.318340e+01 1.710007e+02
      vertex   1.925413e+02 -7.345041e+01 1.710007e+02
    endloop
  endfacet
  facet normal -9.826840e-01 -1.852888e-01 -5.527168e-04
    outer loop
      vertex   1.925257e+02 -7.338295e+01 1.760007e+02
      vertex   1.925413e+02 -7.345041e+01 1.710007e+02
      vertex   1.925770e+02 -7.365491e+01 1.760007e+02
    endloop
  endfacet
  facet normal -9.872682e-01 -1.590635e-01 5.527168e-04
    outer loop
      vertex   1.925770e+02 -7.365491e+01 1.760007e+02
      vertex   1.925413e+02 -7.345041e+01 1.710007e+02
      vertex   1.925853e+02 -7.372364e+01 1.710007e+02
    endloop
  endfacet
  facet normal -9.968119e-01 -7.978615e-02 -5.527168e-04
    outer loop
      vertex   1.925770e+02 -7.365491e+01 1.760007e+02
      vertex   1.925853e+02 -7.372364e+01 1.710007e+02
      vertex   1.925991e+02 -7.393079e+01 1.760007e+02
    endloop
  endfacet
  facet normal -9.985825e-01 -5.322217e-02 5.527168e-04
    outer loop
      vertex   1.925991e+02 -7.393079e+01 1.760007e+02
      vertex   1.925853e+02 -7.372364e+01 1.710007e+02
      vertex   1.926000e+02 -7.400000e+01 1.710007e+02
    endloop
  endfacet
  facet normal -9.996455e-01 2.662046e-02 -5.527168e-04
    outer loop
      vertex   1.925991e+02 -7.393079e+01 1.760007e+02
      vertex   1.926000e+02 -7.400000e+01 1.710007e+02
      vertex   1.925917e+02 -7.420744e+01 1.760007e+02
    endloop
  endfacet
  facet normal -9.985825e-01 5.322217e-02 5.527168e-04
    outer loop
      vertex   1.925917e+02 -7.420744e+01 1.760007e+02
      vertex   1.926000e+02 -7.400000e+01 1.710007e+02
      vertex   1.925853e+02 -7.427636e+01 1.710007e+02
    endloop
  endfacet
  facet normal -9.911527e-01 1.327254e-01 -5.527168e-04
    outer loop
      vertex   1.925917e+02 -7.420744e+01 1.760007e+02
      vertex   1.925853e+02 -7.427636e+01 1.710007e+02
      vertex   1.925550e+02 -7.448175e+01 1.760007e+02
    endloop
  endfacet
  facet normal -9.872682e-01 1.590635e-01 5.527168e-04
    outer loop
      vertex   1.925550e+02 -7.448175e+01 1.760007e+02
      vertex   1.925853e+02 -7.427636e+01 1.710007e+02
      vertex   1.925413e+02 -7.454960e+01 1.710007e+02
    endloop
  endfacet
  facet normal -9.714298e-01 2.373266e-01 -5.527168e-04
    outer loop
      vertex   1.925550e+02 -7.448175e+01 1.760007e+02
      vertex   1.925413e+02 -7.454960e+01 1.710007e+02
      vertex   1.924893e+02 -7.475060e+01 1.760007e+02
    endloop
  endfacet
  facet normal -9.647677e-01 2.631025e-01 5.527168e-04
    outer loop
      vertex   1.924893e+02 -7.475060e+01 1.760007e+02
      vertex   1.925413e+02 -7.454960e+01 1.710007e+02
      vertex   1.924684e+02 -7.481660e+01 1.710007e+02
    endloop
  endfacet
  facet normal -9.407001e-01 3.392388e-01 -5.527168e-04
    outer loop
      vertex   1.924893e+02 -7.475060e+01 1.760007e+02
      vertex   1.924684e+02 -7.481660e+01 1.710007e+02
      vertex   1.923954e+02 -7.501094e+01 1.760007e+02
    endloop
  endfacet
  facet normal -9.313360e-01 3.641605e-01 5.527168e-04
    outer loop
      vertex   1.923954e+02 -7.501094e+01 1.760007e+02
      vertex   1.924684e+02 -7.481660e+01 1.710007e+02
      vertex   1.923677e+02 -7.507435e+01 1.710007e+02
    endloop
  endfacet
  facet normal -8.993120e-01 4.373072e-01 -5.527168e-04
    outer loop
      vertex   1.923954e+02 -7.501094e+01 1.760007e+02
      vertex   1.923677e+02 -7.507435e+01 1.710007e+02
      vertex   1.922744e+02 -7.525983e+01 1.760007e+02
    endloop
  endfacet
  facet normal -8.873519e-01 4.610924e-01 5.527168e-04
    outer loop
      vertex   1.922744e+02 -7.525983e+01 1.760007e+02
      vertex   1.923677e+02 -7.507435e+01 1.710007e+02
      vertex   1.922400e+02 -7.531993e+01 1.710007e+02
    endloop
  endfacet
  facet normal -8.477343e-01 5.304208e-01 -5.527168e-04
    outer loop
      vertex   1.922744e+02 -7.525983e+01 1.760007e+02
      vertex   1.922400e+02 -7.531993e+01 1.710007e+02
      vertex   1.921276e+02 -7.549445e+01 1.760007e+02
    endloop
  endfacet
  facet normal -8.333138e-01 5.528000e-01 5.527168e-04
    outer loop
      vertex   1.921276e+02 -7.549445e+01 1.760007e+02
      vertex   1.922400e+02 -7.531993e+01 1.710007e+02
      vertex   1.920871e+02 -7.555056e+01 1.710007e+02
    endloop
  endfacet
  facet normal -7.865515e-01 6.175245e-01 -5.527168e-04
    outer loop
      vertex   1.921276e+02 -7.549445e+01 1.760007e+02
      vertex   1.920871e+02 -7.555056e+01 1.710007e+02
      vertex   1.919567e+02 -7.571213e+01 1.760007e+02
    endloop
  endfacet
  facet normal -7.698339e-01 6.382441e-01 5.527168e-04
    outer loop
      vertex   1.919567e+02 -7.571213e+01 1.760007e+02
      vertex   1.920871e+02 -7.555056e+01 1.710007e+02
      vertex   1.919104e+02 -7.576361e+01 1.710007e+02
    endloop
  endfacet
  facet normal -7.164567e-01 6.976314e-01 -5.527168e-04
    outer loop
      vertex   1.919567e+02 -7.571213e+01 1.760007e+02
      vertex   1.919104e+02 -7.576361e+01 1.710007e+02
      vertex   1.917636e+02 -7.591041e+01 1.760007e+02
    endloop
  endfacet
  facet normal -6.976314e-01 7.164566e-01 5.527168e-04
    outer loop
      vertex   1.917636e+02 -7.591041e+01 1.760007e+02
      vertex   1.919104e+02 -7.576361e+01 1.710007e+02
      vertex   1.917121e+02 -7.595668e+01 1.710007e+02
    endloop
  endfacet
  facet normal -6.382441e-01 7.698338e-01 -5.527168e-04
    outer loop
      vertex   1.917636e+02 -7.591041e+01 1.760007e+02
      vertex   1.917121e+02 -7.595668e+01 1.710007e+02
      vertex   1.915506e+02 -7.608705e+01 1.760007e+02
    endloop
  endfacet
  facet normal -6.175245e-01 7.865514e-01 5.527168e-04
    outer loop
      vertex   1.915506e+02 -7.608705e+01 1.760007e+02
      vertex   1.917121e+02 -7.595668e+01 1.710007e+02
      vertex   1.914945e+02 -7.612759e+01 1.710007e+02
    endloop
  endfacet
  facet normal -5.528000e-01 8.333138e-01 -5.527168e-04
    outer loop
      vertex   1.915506e+02 -7.608705e+01 1.760007e+02
      vertex   1.914945e+02 -7.612759e+01 1.710007e+02
      vertex   1.913199e+02 -7.624004e+01 1.760007e+02
    endloop
  endfacet
  facet normal -5.304208e-01 8.477343e-01 5.527168e-04
    outer loop
      vertex   1.913199e+02 -7.624004e+01 1.760007e+02
      vertex   1.914945e+02 -7.612759e+01 1.710007e+02
      vertex   1.912598e+02 -7.627438e+01 1.710007e+02
    endloop
  endfacet
  facet normal -4.610925e-01 8.873519e-01 -5.527168e-04
    outer loop
      vertex   1.913199e+02 -7.624004e+01 1.760007e+02
      vertex   1.912598e+02 -7.627438e+01 1.710007e+02
      vertex   1.910744e+02 -7.636765e+01 1.760007e+02
    endloop
  endfacet
  facet normal -4.373073e-01 8.993120e-01 5.527168e-04
    outer loop
      vertex   1.910744e+02 -7.636765e+01 1.760007e+02
      vertex   1.912598e+02 -7.627438e+01 1.710007e+02
      vertex   1.910109e+02 -7.639541e+01 1.710007e+02
    endloop
  endfacet
  facet normal -3.641606e-01 9.313360e-01 -5.527168e-04
    outer loop
      vertex   1.910744e+02 -7.636765e+01 1.760007e+02
      vertex   1.910109e+02 -7.639541e+01 1.710007e+02
      vertex   1.908166e+02 -7.646843e+01 1.760007e+02
    endloop
  endfacet
  facet normal -3.392388e-01 9.407001e-01 5.527168e-04
    outer loop
      vertex   1.908166e+02 -7.646843e+01 1.760007e+02
      vertex   1.910109e+02 -7.639541e+01 1.710007e+02
      vertex   1.907506e+02 -7.648930e+01 1.710007e+02
    endloop
  endfacet
  facet normal -2.631026e-01 9.647677e-01 -5.527168e-04
    outer loop
      vertex   1.908166e+02 -7.646843e+01 1.760007e+02
      vertex   1.907506e+02 -7.648930e+01 1.710007e+02
      vertex   1.905496e+02 -7.654125e+01 1.760007e+02
    endloop
  endfacet
  facet normal -2.373267e-01 9.714297e-01 5.527168e-04
    outer loop
      vertex   1.905496e+02 -7.654125e+01 1.760007e+02
      vertex   1.907506e+02 -7.648930e+01 1.710007e+02
      vertex   1.904818e+02 -7.655498e+01 1.710007e+02
    endloop
  endfacet
  facet normal -1.590635e-01 9.872682e-01 -5.527168e-04
    outer loop
      vertex   1.905496e+02 -7.654125e+01 1.760007e+02
      vertex   1.904818e+02 -7.655498e+01 1.710007e+02
      vertex   1.902764e+02 -7.658527e+01 1.760007e+02
    endloop
  endfacet
  facet normal -1.327255e-01 9.911527e-01 5.527168e-04
    outer loop
      vertex   1.902764e+02 -7.658527e+01 1.760007e+02
      vertex   1.904818e+02 -7.655498e+01 1.710007e+02
      vertex   1.902074e+02 -7.659171e+01 1.710007e+02
    endloop
  endfacet
  facet normal 5.843590e-08 -1.000000e+00 8.420620e-15
    outer loop
      vertex   1.650147e+02 -2.700000e+01 1.633834e+02
      vertex   1.650000e+02 -2.700000e+01 1.630007e+02
      vertex   1.674000e+02 -2.700000e+01 1.630007e+02
    endloop
  endfacet
  facet normal 5.843590e-08 -1.000000e+00 -8.420620e-15
    outer loop
      vertex   1.674000e+02 -2.700000e+01 1.630007e+02
      vertex   1.650000e+02 -2.700000e+01 1.630007e+02
      vertex   1.650147e+02 -2.700000e+01 1.626179e+02
    endloop
  endfacet
  facet normal 5.843591e-08 -1.000000e+00 -2.897438e-14
    outer loop
      vertex   1.674000e+02 -2.700000e+01 1.630007e+02
      vertex   1.650147e+02 -2.700000e+01 1.626179e+02
      vertex   1.674147e+02 -2.700000e+01 1.627243e+02
    endloop
  endfacet
  facet normal 5.843590e-08 -1.000000e+00 1.746736e-15
    outer loop
      vertex   1.674147e+02 -2.700000e+01 1.627243e+02
      vertex   1.650147e+02 -2.700000e+01 1.626179e+02
      vertex   1.650586e+02 -2.700000e+01 1.622374e+02
    endloop
  endfacet
  facet normal 5.843590e-08 -1.000000e+00 1.454958e-14
    outer loop
      vertex   1.674147e+02 -2.700000e+01 1.627243e+02
      vertex   1.650586e+02 -2.700000e+01 1.622374e+02
      vertex   1.674588e+02 -2.700000e+01 1.624511e+02
    endloop
  endfacet
  facet normal 5.843590e-08 -1.000000e+00 1.949199e-15
    outer loop
      vertex   1.674588e+02 -2.700000e+01 1.624511e+02
      vertex   1.650586e+02 -2.700000e+01 1.622374e+02
      vertex   1.651315e+02 -2.700000e+01 1.618614e+02
    endloop
  endfacet
  facet normal 5.843590e-08 -1.000000e+00 -7.021552e-15
    outer loop
      vertex   1.674588e+02 -2.700000e+01 1.624511e+02
      vertex   1.651315e+02 -2.700000e+01 1.618614e+02
      vertex   1.675316e+02 -2.700000e+01 1.621841e+02
    endloop
  endfacet
  facet normal 5.843590e-08 -1.000000e+00 -7.341482e-15
    outer loop
      vertex   1.675316e+02 -2.700000e+01 1.621841e+02
      vertex   1.651315e+02 -2.700000e+01 1.618614e+02
      vertex   1.652330e+02 -2.700000e+01 1.614921e+02
    endloop
  endfacet
  facet normal 5.843590e-08 -1.000000e+00 -5.914123e-15
    outer loop
      vertex   1.675316e+02 -2.700000e+01 1.621841e+02
      vertex   1.652330e+02 -2.700000e+01 1.614921e+02
      vertex   1.653625e+02 -2.700000e+01 1.611316e+02
    endloop
  endfacet
  facet normal 5.843590e-08 -1.000000e+00 -5.744236e-15
    outer loop
      vertex   1.675316e+02 -2.700000e+01 1.621841e+02
      vertex   1.653625e+02 -2.700000e+01 1.611316e+02
      vertex   1.676323e+02 -2.700000e+01 1.619263e+02
    endloop
  endfacet
  facet normal 5.843591e-08 -1.000000e+00 -1.370291e-14
    outer loop
      vertex   1.676323e+02 -2.700000e+01 1.619263e+02
      vertex   1.653625e+02 -2.700000e+01 1.611316e+02
      vertex   1.655192e+02 -2.700000e+01 1.607821e+02
    endloop
  endfacet
  facet normal 5.843591e-08 -1.000000e+00 -2.229289e-14
    outer loop
      vertex   1.676323e+02 -2.700000e+01 1.619263e+02
      vertex   1.655192e+02 -2.700000e+01 1.607821e+02
      vertex   1.677600e+02 -2.700000e+01 1.616807e+02
    endloop
  endfacet
  facet normal 5.843590e-08 -1.000000e+00 -3.119082e-15
    outer loop
      vertex   1.677600e+02 -2.700000e+01 1.616807e+02
      vertex   1.655192e+02 -2.700000e+01 1.607821e+02
      vertex   1.657022e+02 -2.700000e+01 1.604456e+02
    endloop
  endfacet
  facet normal 5.843591e-08 -1.000000e+00 -1.042116e-14
    outer loop
      vertex   1.677600e+02 -2.700000e+01 1.616807e+02
      vertex   1.657022e+02 -2.700000e+01 1.604456e+02
      vertex   1.659104e+02 -2.700000e+01 1.601241e+02
    endloop
  endfacet
  facet normal 5.843591e-08 -1.000000e+00 -1.406730e-14
    outer loop
      vertex   1.677600e+02 -2.700000e+01 1.616807e+02
      vertex   1.659104e+02 -2.700000e+01 1.601241e+02
      vertex   1.679129e+02 -2.700000e+01 1.614501e+02
    endloop
  endfacet
  facet normal 5.843591e-08 -1.000000e+00 -6.330547e-15
    outer loop
      vertex   1.679129e+02 -2.700000e+01 1.614501e+02
      vertex   1.659104e+02 -2.700000e+01 1.601241e+02
      vertex   1.661426e+02 -2.700000e+01 1.598195e+02
    endloop
  endfacet
  facet normal 5.843591e-08 -1.000000e+00 -8.514392e-15
    outer loop
      vertex   1.679129e+02 -2.700000e+01 1.614501e+02
      vertex   1.661426e+02 -2.700000e+01 1.598195e+02
      vertex   1.680896e+02 -2.700000e+01 1.612371e+02
    endloop
  endfacet
  facet normal 5.843592e-08 -1.000000e+00 -1.867701e-14
    outer loop
      vertex   1.680896e+02 -2.700000e+01 1.612371e+02
      vertex   1.661426e+02 -2.700000e+01 1.598195e+02
      vertex   1.663974e+02 -2.700000e+01 1.595335e+02
    endloop
  endfacet
  facet normal 5.843591e-08 -1.000000e+00 -1.526286e-14
    outer loop
      vertex   1.680896e+02 -2.700000e+01 1.612371e+02
      vertex   1.663974e+02 -2.700000e+01 1.595335e+02
      vertex   1.682879e+02 -2.700000e+01 1.610440e+02
    endloop
  endfacet
  facet normal 5.843591e-08 -1.000000e+00 -1.088007e-14
    outer loop
      vertex   1.682879e+02 -2.700000e+01 1.610440e+02
      vertex   1.663974e+02 -2.700000e+01 1.595335e+02
      vertex   1.666734e+02 -2.700000e+01 1.592679e+02
    endloop
  endfacet
  facet normal 5.843591e-08 -1.000000e+00 -1.560030e-14
    outer loop
      vertex   1.682879e+02 -2.700000e+01 1.610440e+02
      vertex   1.666734e+02 -2.700000e+01 1.592679e+02
      vertex   1.669689e+02 -2.700000e+01 1.590242e+02
    endloop
  endfacet
  facet normal 5.843591e-08 -1.000000e+00 -1.266240e-14
    outer loop
      vertex   1.682879e+02 -2.700000e+01 1.610440e+02
      vertex   1.669689e+02 -2.700000e+01 1.590242e+02
      vertex   1.685056e+02 -2.700000e+01 1.608731e+02
    endloop
  endfacet
  facet normal 5.843591e-08 -1.000000e+00 -1.014207e-14
    outer loop
      vertex   1.685056e+02 -2.700000e+01 1.608731e+02
      vertex   1.669689e+02 -2.700000e+01 1.590242e+02
      vertex   1.672822e+02 -2.700000e+01 1.588038e+02
    endloop
  endfacet
  facet normal 5.843592e-08 -1.000000e+00 -1.943996e-14
    outer loop
      vertex   1.685056e+02 -2.700000e+01 1.608731e+02
      vertex   1.672822e+02 -2.700000e+01 1.588038e+02
      vertex   1.687402e+02 -2.700000e+01 1.607263e+02
    endloop
  endfacet
  facet normal 5.843592e-08 -1.000000e+00 -1.512273e-14
    outer loop
      vertex   1.687402e+02 -2.700000e+01 1.607263e+02
      vertex   1.672822e+02 -2.700000e+01 1.588038e+02
      vertex   1.676114e+02 -2.700000e+01 1.586081e+02
    endloop
  endfacet
  facet normal 5.843592e-08 -1.000000e+00 -1.474875e-14
    outer loop
      vertex   1.687402e+02 -2.700000e+01 1.607263e+02
      vertex   1.676114e+02 -2.700000e+01 1.586081e+02
      vertex   1.679547e+02 -2.700000e+01 1.584381e+02
    endloop
  endfacet
  facet normal 5.843593e-08 -1.000000e+00 -1.812032e-14
    outer loop
      vertex   1.687402e+02 -2.700000e+01 1.607263e+02
      vertex   1.679547e+02 -2.700000e+01 1.584381e+02
      vertex   1.689891e+02 -2.700000e+01 1.606053e+02
    endloop
  endfacet
  facet normal 5.843592e-08 -1.000000e+00 -1.623410e-14
    outer loop
      vertex   1.689891e+02 -2.700000e+01 1.606053e+02
      vertex   1.679547e+02 -2.700000e+01 1.584381e+02
      vertex   1.683099e+02 -2.700000e+01 1.582950e+02
    endloop
  endfacet
  facet normal 5.843592e-08 -1.000000e+00 -1.571066e-14
    outer loop
      vertex   1.689891e+02 -2.700000e+01 1.606053e+02
      vertex   1.683099e+02 -2.700000e+01 1.582950e+02
      vertex   1.692494e+02 -2.700000e+01 1.605114e+02
    endloop
  endfacet
  facet normal 5.843591e-08 -1.000000e+00 -1.262283e-14
    outer loop
      vertex   1.692494e+02 -2.700000e+01 1.605114e+02
      vertex   1.683099e+02 -2.700000e+01 1.582950e+02
      vertex   1.686751e+02 -2.700000e+01 1.581794e+02
    endloop
  endfacet
  facet normal 5.843591e-08 -1.000000e+00 -1.311939e-14
    outer loop
      vertex   1.692494e+02 -2.700000e+01 1.605114e+02
      vertex   1.686751e+02 -2.700000e+01 1.581794e+02
      vertex   1.695182e+02 -2.700000e+01 1.604457e+02
    endloop
  endfacet
  facet normal 5.843592e-08 -1.000000e+00 -1.433168e-14
    outer loop
      vertex   1.695182e+02 -2.700000e+01 1.604457e+02
      vertex   1.686751e+02 -2.700000e+01 1.581794e+02
      vertex   1.690480e+02 -2.700000e+01 1.580921e+02
    endloop
  endfacet
  facet normal 5.843592e-08 -1.000000e+00 -1.385383e-14
    outer loop
      vertex   1.695182e+02 -2.700000e+01 1.604457e+02
      vertex   1.690480e+02 -2.700000e+01 1.580921e+02
      vertex   1.694266e+02 -2.700000e+01 1.580337e+02
    endloop
  endfacet
  facet normal 5.843592e-08 -1.000000e+00 -1.407957e-14
    outer loop
      vertex   1.695182e+02 -2.700000e+01 1.604457e+02
      vertex   1.694266e+02 -2.700000e+01 1.580337e+02
      vertex   1.697926e+02 -2.700000e+01 1.604090e+02
    endloop
  endfacet
  facet normal 5.843593e-08 -1.000000e+00 -1.473932e-14
    outer loop
      vertex   1.697926e+02 -2.700000e+01 1.604090e+02
      vertex   1.694266e+02 -2.700000e+01 1.580337e+02
      vertex   1.698085e+02 -2.700000e+01 1.580043e+02
    endloop
  endfacet
  facet normal 5.843593e-08 -1.000000e+00 -1.470069e-14
    outer loop
      vertex   1.697926e+02 -2.700000e+01 1.604090e+02
      vertex   1.698085e+02 -2.700000e+01 1.580043e+02
      vertex   1.700692e+02 -2.700000e+01 1.604016e+02
    endloop
  endfacet
  facet normal 5.843593e-08 -1.000000e+00 -1.435755e-14
    outer loop
      vertex   1.700692e+02 -2.700000e+01 1.604016e+02
      vertex   1.698085e+02 -2.700000e+01 1.580043e+02
      vertex   1.701915e+02 -2.700000e+01 1.580043e+02
    endloop
  endfacet
  facet normal 5.843593e-08 -1.000000e+00 -1.438001e-14
    outer loop
      vertex   1.700692e+02 -2.700000e+01 1.604016e+02
      vertex   1.701915e+02 -2.700000e+01 1.580043e+02
      vertex   1.705734e+02 -2.700000e+01 1.580337e+02
    endloop
  endfacet
  facet normal 5.843592e-08 -1.000000e+00 -1.609217e-14
    outer loop
      vertex   1.700692e+02 -2.700000e+01 1.604016e+02
      vertex   1.705734e+02 -2.700000e+01 1.580337e+02
      vertex   1.703451e+02 -2.700000e+01 1.604237e+02
    endloop
  endfacet
  facet normal 5.843592e-08 -1.000000e+00 -1.607252e-14
    outer loop
      vertex   1.703451e+02 -2.700000e+01 1.604237e+02
      vertex   1.705734e+02 -2.700000e+01 1.580337e+02
      vertex   1.709520e+02 -2.700000e+01 1.580921e+02
    endloop
  endfacet
  facet normal 5.843594e-08 -1.000000e+00 -1.212126e-14
    outer loop
      vertex   1.703451e+02 -2.700000e+01 1.604237e+02
      vertex   1.709520e+02 -2.700000e+01 1.580921e+02
      vertex   1.706170e+02 -2.700000e+01 1.604749e+02
    endloop
  endfacet
  facet normal 5.843592e-08 -1.000000e+00 -1.364812e-14
    outer loop
      vertex   1.706170e+02 -2.700000e+01 1.604749e+02
      vertex   1.709520e+02 -2.700000e+01 1.580921e+02
      vertex   1.713249e+02 -2.700000e+01 1.581794e+02
    endloop
  endfacet
  facet normal 5.843593e-08 -1.000000e+00 -1.163172e-14
    outer loop
      vertex   1.706170e+02 -2.700000e+01 1.604749e+02
      vertex   1.713249e+02 -2.700000e+01 1.581794e+02
      vertex   1.708820e+02 -2.700000e+01 1.605548e+02
    endloop
  endfacet
  facet normal 5.843592e-08 -1.000000e+00 -1.351297e-14
    outer loop
      vertex   1.708820e+02 -2.700000e+01 1.605548e+02
      vertex   1.713249e+02 -2.700000e+01 1.581794e+02
      vertex   1.716901e+02 -2.700000e+01 1.582950e+02
    endloop
  endfacet
  facet normal 5.843593e-08 -1.000000e+00 -9.517808e-15
    outer loop
      vertex   1.708820e+02 -2.700000e+01 1.605548e+02
      vertex   1.716901e+02 -2.700000e+01 1.582950e+02
      vertex   1.720453e+02 -2.700000e+01 1.584381e+02
    endloop
  endfacet
  facet normal 5.843592e-08 -1.000000e+00 -1.547653e-14
    outer loop
      vertex   1.708820e+02 -2.700000e+01 1.605548e+02
      vertex   1.720453e+02 -2.700000e+01 1.584381e+02
      vertex   1.711370e+02 -2.700000e+01 1.606625e+02
    endloop
  endfacet
  facet normal 5.843593e-08 -1.000000e+00 -1.222940e-14
    outer loop
      vertex   1.711370e+02 -2.700000e+01 1.606625e+02
      vertex   1.720453e+02 -2.700000e+01 1.584381e+02
      vertex   1.723886e+02 -2.700000e+01 1.586081e+02
    endloop
  endfacet
  facet normal 5.843594e-08 -1.000000e+00 -8.562145e-15
    outer loop
      vertex   1.711370e+02 -2.700000e+01 1.606625e+02
      vertex   1.723886e+02 -2.700000e+01 1.586081e+02
      vertex   1.713791e+02 -2.700000e+01 1.607966e+02
    endloop
  endfacet
  facet normal 5.843593e-08 -1.000000e+00 -1.022540e-14
    outer loop
      vertex   1.713791e+02 -2.700000e+01 1.607966e+02
      vertex   1.723886e+02 -2.700000e+01 1.586081e+02
      vertex   1.727178e+02 -2.700000e+01 1.588038e+02
    endloop
  endfacet
  facet normal 5.843594e-08 -1.000000e+00 -5.374894e-15
    outer loop
      vertex   1.713791e+02 -2.700000e+01 1.607966e+02
      vertex   1.727178e+02 -2.700000e+01 1.588038e+02
      vertex   1.716056e+02 -2.700000e+01 1.609556e+02
    endloop
  endfacet
  facet normal 5.843592e-08 -1.000000e+00 -1.349066e-14
    outer loop
      vertex   1.716056e+02 -2.700000e+01 1.609556e+02
      vertex   1.727178e+02 -2.700000e+01 1.588038e+02
      vertex   1.730311e+02 -2.700000e+01 1.590242e+02
    endloop
  endfacet
  facet normal 5.843593e-08 -1.000000e+00 -6.654640e-15
    outer loop
      vertex   1.716056e+02 -2.700000e+01 1.609556e+02
      vertex   1.730311e+02 -2.700000e+01 1.590242e+02
      vertex   1.733266e+02 -2.700000e+01 1.592679e+02
    endloop
  endfacet
  facet normal 5.843592e-08 -1.000000e+00 -1.687576e-14
    outer loop
      vertex   1.716056e+02 -2.700000e+01 1.609556e+02
      vertex   1.733266e+02 -2.700000e+01 1.592679e+02
      vertex   1.718138e+02 -2.700000e+01 1.611379e+02
    endloop
  endfacet
  facet normal 5.843593e-08 -1.000000e+00 -1.087657e-14
    outer loop
      vertex   1.718138e+02 -2.700000e+01 1.611379e+02
      vertex   1.733266e+02 -2.700000e+01 1.592679e+02
      vertex   1.736026e+02 -2.700000e+01 1.595335e+02
    endloop
  endfacet
  facet normal 5.843594e-08 -1.000000e+00 3.102144e-15
    outer loop
      vertex   1.718138e+02 -2.700000e+01 1.611379e+02
      vertex   1.736026e+02 -2.700000e+01 1.595335e+02
      vertex   1.720016e+02 -2.700000e+01 1.613412e+02
    endloop
  endfacet
  facet normal 5.843594e-08 -1.000000e+00 -9.229396e-16
    outer loop
      vertex   1.720016e+02 -2.700000e+01 1.613412e+02
      vertex   1.736026e+02 -2.700000e+01 1.595335e+02
      vertex   1.738574e+02 -2.700000e+01 1.598195e+02
    endloop
  endfacet
  facet normal 5.843593e-08 -1.000000e+00 -1.119000e-14
    outer loop
      vertex   1.720016e+02 -2.700000e+01 1.613412e+02
      vertex   1.738574e+02 -2.700000e+01 1.598195e+02
      vertex   1.740896e+02 -2.700000e+01 1.601241e+02
    endloop
  endfacet
  facet normal 5.843593e-08 -1.000000e+00 -6.937096e-15
    outer loop
      vertex   1.720016e+02 -2.700000e+01 1.613412e+02
      vertex   1.740896e+02 -2.700000e+01 1.601241e+02
      vertex   1.721666e+02 -2.700000e+01 1.615634e+02
    endloop
  endfacet
  facet normal 5.843593e-08 -1.000000e+00 -5.456394e-15
    outer loop
      vertex   1.721666e+02 -2.700000e+01 1.615634e+02
      vertex   1.740896e+02 -2.700000e+01 1.601241e+02
      vertex   1.742978e+02 -2.700000e+01 1.604456e+02
    endloop
  endfacet
  facet normal 5.843593e-08 -1.000000e+00 -6.506267e-15
    outer loop
      vertex   1.721666e+02 -2.700000e+01 1.615634e+02
      vertex   1.742978e+02 -2.700000e+01 1.604456e+02
      vertex   1.723071e+02 -2.700000e+01 1.618018e+02
    endloop
  endfacet
  facet normal 5.843593e-08 -1.000000e+00 -1.073177e-14
    outer loop
      vertex   1.723071e+02 -2.700000e+01 1.618018e+02
      vertex   1.742978e+02 -2.700000e+01 1.604456e+02
      vertex   1.744808e+02 -2.700000e+01 1.607821e+02
    endloop
  endfacet
  facet normal 5.843594e-08 -1.000000e+00 8.020805e-15
    outer loop
      vertex   1.723071e+02 -2.700000e+01 1.618018e+02
      vertex   1.744808e+02 -2.700000e+01 1.607821e+02
      vertex   1.724215e+02 -2.700000e+01 1.620538e+02
    endloop
  endfacet
  facet normal 5.843593e-08 -1.000000e+00 1.506128e-15
    outer loop
      vertex   1.724215e+02 -2.700000e+01 1.620538e+02
      vertex   1.744808e+02 -2.700000e+01 1.607821e+02
      vertex   1.746375e+02 -2.700000e+01 1.611316e+02
    endloop
  endfacet
  facet normal 5.843593e-08 -1.000000e+00 -4.004960e-15
    outer loop
      vertex   1.724215e+02 -2.700000e+01 1.620538e+02
      vertex   1.746375e+02 -2.700000e+01 1.611316e+02
      vertex   1.747670e+02 -2.700000e+01 1.614921e+02
    endloop
  endfacet
  facet normal 5.843593e-08 -1.000000e+00 -7.188024e-15
    outer loop
      vertex   1.724215e+02 -2.700000e+01 1.620538e+02
      vertex   1.747670e+02 -2.700000e+01 1.614921e+02
      vertex   1.725084e+02 -2.700000e+01 1.623166e+02
    endloop
  endfacet
  facet normal 5.843593e-08 -1.000000e+00 -5.830192e-16
    outer loop
      vertex   1.725084e+02 -2.700000e+01 1.623166e+02
      vertex   1.747670e+02 -2.700000e+01 1.614921e+02
      vertex   1.748685e+02 -2.700000e+01 1.618614e+02
    endloop
  endfacet
  facet normal 5.843593e-08 -1.000000e+00 -1.998842e-14
    outer loop
      vertex   1.725084e+02 -2.700000e+01 1.623166e+02
      vertex   1.748685e+02 -2.700000e+01 1.618614e+02
      vertex   1.725669e+02 -2.700000e+01 1.625871e+02
    endloop
  endfacet
  facet normal 5.843593e-08 -1.000000e+00 -7.998257e-15
    outer loop
      vertex   1.725669e+02 -2.700000e+01 1.625871e+02
      vertex   1.748685e+02 -2.700000e+01 1.618614e+02
      vertex   1.749414e+02 -2.700000e+01 1.622374e+02
    endloop
  endfacet
  facet normal 5.843593e-08 -1.000000e+00 -5.218853e-15
    outer loop
      vertex   1.725669e+02 -2.700000e+01 1.625871e+02
      vertex   1.749414e+02 -2.700000e+01 1.622374e+02
      vertex   1.749853e+02 -2.700000e+01 1.626179e+02
    endloop
  endfacet
  facet normal 5.843593e-08 -1.000000e+00 1.324671e-14
    outer loop
      vertex   1.725669e+02 -2.700000e+01 1.625871e+02
      vertex   1.749853e+02 -2.700000e+01 1.626179e+02
      vertex   1.725963e+02 -2.700000e+01 1.628623e+02
    endloop
  endfacet
  facet normal 5.843593e-08 -1.000000e+00 7.226189e-15
    outer loop
      vertex   1.725963e+02 -2.700000e+01 1.628623e+02
      vertex   1.749853e+02 -2.700000e+01 1.626179e+02
      vertex   1.750000e+02 -2.700000e+01 1.630007e+02
    endloop
  endfacet
  facet normal 5.843593e-08 -1.000000e+00 0.000000e+00
    outer loop
      vertex   1.725963e+02 -2.700000e+01 1.628623e+02
      vertex   1.750000e+02 -2.700000e+01 1.630007e+02
      vertex   1.725963e+02 -2.700000e+01 1.631390e+02
    endloop
  endfacet
  facet normal 5.843593e-08 -1.000000e+00 -7.226189e-15
    outer loop
      vertex   1.725963e+02 -2.700000e+01 1.631390e+02
      vertex   1.750000e+02 -2.700000e+01 1.630007e+02
      vertex   1.749853e+02 -2.700000e+01 1.633834e+02
    endloop
  endfacet
  facet normal 5.843593e-08 -1.000000e+00 -1.324671e-14
    outer loop
      vertex   1.725963e+02 -2.700000e+01 1.631390e+02
      vertex   1.749853e+02 -2.700000e+01 1.633834e+02
      vertex   1.725669e+02 -2.700000e+01 1.634142e+02
    endloop
  endfacet
  facet normal 5.843593e-08 -1.000000e+00 5.218853e-15
    outer loop
      vertex   1.725669e+02 -2.700000e+01 1.634142e+02
      vertex   1.749853e+02 -2.700000e+01 1.633834e+02
      vertex   1.749414e+02 -2.700000e+01 1.637639e+02
    endloop
  endfacet
  facet normal 5.843593e-08 -1.000000e+00 7.998257e-15
    outer loop
      vertex   1.725669e+02 -2.700000e+01 1.634142e+02
      vertex   1.749414e+02 -2.700000e+01 1.637639e+02
      vertex   1.748685e+02 -2.700000e+01 1.641399e+02
    endloop
  endfacet
  facet normal 5.843593e-08 -1.000000e+00 1.998842e-14
    outer loop
      vertex   1.725669e+02 -2.700000e+01 1.634142e+02
      vertex   1.748685e+02 -2.700000e+01 1.641399e+02
      vertex   1.725084e+02 -2.700000e+01 1.636847e+02
    endloop
  endfacet
  facet normal 5.843593e-08 -1.000000e+00 5.830192e-16
    outer loop
      vertex   1.725084e+02 -2.700000e+01 1.636847e+02
      vertex   1.748685e+02 -2.700000e+01 1.641399e+02
      vertex   1.747670e+02 -2.700000e+01 1.645093e+02
    endloop
  endfacet
  facet normal 5.843593e-08 -1.000000e+00 7.188024e-15
    outer loop
      vertex   1.725084e+02 -2.700000e+01 1.636847e+02
      vertex   1.747670e+02 -2.700000e+01 1.645093e+02
      vertex   1.724215e+02 -2.700000e+01 1.639475e+02
    endloop
  endfacet
  facet normal 5.843593e-08 -1.000000e+00 4.004960e-15
    outer loop
      vertex   1.724215e+02 -2.700000e+01 1.639475e+02
      vertex   1.747670e+02 -2.700000e+01 1.645093e+02
      vertex   1.746375e+02 -2.700000e+01 1.648698e+02
    endloop
  endfacet
  facet normal 5.843593e-08 -1.000000e+00 -1.506128e-15
    outer loop
      vertex   1.724215e+02 -2.700000e+01 1.639475e+02
      vertex   1.746375e+02 -2.700000e+01 1.648698e+02
      vertex   1.744808e+02 -2.700000e+01 1.652193e+02
    endloop
  endfacet
  facet normal 5.843594e-08 -1.000000e+00 -8.020805e-15
    outer loop
      vertex   1.724215e+02 -2.700000e+01 1.639475e+02
      vertex   1.744808e+02 -2.700000e+01 1.652193e+02
      vertex   1.723071e+02 -2.700000e+01 1.641995e+02
    endloop
  endfacet
  facet normal 5.843593e-08 -1.000000e+00 1.073177e-14
    outer loop
      vertex   1.723071e+02 -2.700000e+01 1.641995e+02
      vertex   1.744808e+02 -2.700000e+01 1.652193e+02
      vertex   1.742978e+02 -2.700000e+01 1.655558e+02
    endloop
  endfacet
  facet normal 5.843593e-08 -1.000000e+00 6.506267e-15
    outer loop
      vertex   1.723071e+02 -2.700000e+01 1.641995e+02
      vertex   1.742978e+02 -2.700000e+01 1.655558e+02
      vertex   1.721666e+02 -2.700000e+01 1.644379e+02
    endloop
  endfacet
  facet normal 5.843593e-08 -1.000000e+00 5.456394e-15
    outer loop
      vertex   1.721666e+02 -2.700000e+01 1.644379e+02
      vertex   1.742978e+02 -2.700000e+01 1.655558e+02
      vertex   1.740896e+02 -2.700000e+01 1.658773e+02
    endloop
  endfacet
  facet normal 5.843593e-08 -1.000000e+00 6.937096e-15
    outer loop
      vertex   1.721666e+02 -2.700000e+01 1.644379e+02
      vertex   1.740896e+02 -2.700000e+01 1.658773e+02
      vertex   1.720016e+02 -2.700000e+01 1.646601e+02
    endloop
  endfacet
  facet normal 5.843593e-08 -1.000000e+00 1.119000e-14
    outer loop
      vertex   1.720016e+02 -2.700000e+01 1.646601e+02
      vertex   1.740896e+02 -2.700000e+01 1.658773e+02
      vertex   1.738574e+02 -2.700000e+01 1.661819e+02
    endloop
  endfacet
  facet normal 5.843594e-08 -1.000000e+00 9.229396e-16
    outer loop
      vertex   1.720016e+02 -2.700000e+01 1.646601e+02
      vertex   1.738574e+02 -2.700000e+01 1.661819e+02
      vertex   1.736026e+02 -2.700000e+01 1.664678e+02
    endloop
  endfacet
  facet normal 5.843594e-08 -1.000000e+00 -3.102144e-15
    outer loop
      vertex   1.720016e+02 -2.700000e+01 1.646601e+02
      vertex   1.736026e+02 -2.700000e+01 1.664678e+02
      vertex   1.718138e+02 -2.700000e+01 1.648635e+02
    endloop
  endfacet
  facet normal 5.843593e-08 -1.000000e+00 1.087657e-14
    outer loop
      vertex   1.718138e+02 -2.700000e+01 1.648635e+02
      vertex   1.736026e+02 -2.700000e+01 1.664678e+02
      vertex   1.733266e+02 -2.700000e+01 1.667334e+02
    endloop
  endfacet
  facet normal 5.843592e-08 -1.000000e+00 1.687576e-14
    outer loop
      vertex   1.718138e+02 -2.700000e+01 1.648635e+02
      vertex   1.733266e+02 -2.700000e+01 1.667334e+02
      vertex   1.716056e+02 -2.700000e+01 1.650457e+02
    endloop
  endfacet
  facet normal 5.843593e-08 -1.000000e+00 6.654640e-15
    outer loop
      vertex   1.716056e+02 -2.700000e+01 1.650457e+02
      vertex   1.733266e+02 -2.700000e+01 1.667334e+02
      vertex   1.730311e+02 -2.700000e+01 1.669771e+02
    endloop
  endfacet
  facet normal 5.843592e-08 -1.000000e+00 1.349066e-14
    outer loop
      vertex   1.716056e+02 -2.700000e+01 1.650457e+02
      vertex   1.730311e+02 -2.700000e+01 1.669771e+02
      vertex   1.727178e+02 -2.700000e+01 1.671975e+02
    endloop
  endfacet
  facet normal 5.843594e-08 -1.000000e+00 5.374894e-15
    outer loop
      vertex   1.716056e+02 -2.700000e+01 1.650457e+02
      vertex   1.727178e+02 -2.700000e+01 1.671975e+02
      vertex   1.713791e+02 -2.700000e+01 1.652048e+02
    endloop
  endfacet
  facet normal 5.843593e-08 -1.000000e+00 1.022540e-14
    outer loop
      vertex   1.713791e+02 -2.700000e+01 1.652048e+02
      vertex   1.727178e+02 -2.700000e+01 1.671975e+02
      vertex   1.723886e+02 -2.700000e+01 1.673932e+02
    endloop
  endfacet
  facet normal 5.843594e-08 -1.000000e+00 8.562145e-15
    outer loop
      vertex   1.713791e+02 -2.700000e+01 1.652048e+02
      vertex   1.723886e+02 -2.700000e+01 1.673932e+02
      vertex   1.711370e+02 -2.700000e+01 1.653389e+02
    endloop
  endfacet
  facet normal 5.843593e-08 -1.000000e+00 1.222940e-14
    outer loop
      vertex   1.711370e+02 -2.700000e+01 1.653389e+02
      vertex   1.723886e+02 -2.700000e+01 1.673932e+02
      vertex   1.720453e+02 -2.700000e+01 1.675632e+02
    endloop
  endfacet
  facet normal 5.843592e-08 -1.000000e+00 1.547653e-14
    outer loop
      vertex   1.711370e+02 -2.700000e+01 1.653389e+02
      vertex   1.720453e+02 -2.700000e+01 1.675632e+02
      vertex   1.708820e+02 -2.700000e+01 1.654465e+02
    endloop
  endfacet
  facet normal 5.843593e-08 -1.000000e+00 9.517808e-15
    outer loop
      vertex   1.708820e+02 -2.700000e+01 1.654465e+02
      vertex   1.720453e+02 -2.700000e+01 1.675632e+02
      vertex   1.716901e+02 -2.700000e+01 1.677064e+02
    endloop
  endfacet
  facet normal 5.843592e-08 -1.000000e+00 1.351297e-14
    outer loop
      vertex   1.708820e+02 -2.700000e+01 1.654465e+02
      vertex   1.716901e+02 -2.700000e+01 1.677064e+02
      vertex   1.713249e+02 -2.700000e+01 1.678219e+02
    endloop
  endfacet
  facet normal 5.843593e-08 -1.000000e+00 1.163172e-14
    outer loop
      vertex   1.708820e+02 -2.700000e+01 1.654465e+02
      vertex   1.713249e+02 -2.700000e+01 1.678219e+02
      vertex   1.706170e+02 -2.700000e+01 1.655264e+02
    endloop
  endfacet
  facet normal 5.843592e-08 -1.000000e+00 1.364812e-14
    outer loop
      vertex   1.706170e+02 -2.700000e+01 1.655264e+02
      vertex   1.713249e+02 -2.700000e+01 1.678219e+02
      vertex   1.709520e+02 -2.700000e+01 1.679092e+02
    endloop
  endfacet
  facet normal 5.843594e-08 -1.000000e+00 1.212126e-14
    outer loop
      vertex   1.706170e+02 -2.700000e+01 1.655264e+02
      vertex   1.709520e+02 -2.700000e+01 1.679092e+02
      vertex   1.703451e+02 -2.700000e+01 1.655777e+02
    endloop
  endfacet
  facet normal 5.843592e-08 -1.000000e+00 1.607252e-14
    outer loop
      vertex   1.703451e+02 -2.700000e+01 1.655777e+02
      vertex   1.709520e+02 -2.700000e+01 1.679092e+02
      vertex   1.705734e+02 -2.700000e+01 1.679677e+02
    endloop
  endfacet
  facet normal 5.843592e-08 -1.000000e+00 1.609217e-14
    outer loop
      vertex   1.703451e+02 -2.700000e+01 1.655777e+02
      vertex   1.705734e+02 -2.700000e+01 1.679677e+02
      vertex   1.700692e+02 -2.700000e+01 1.655997e+02
    endloop
  endfacet
  facet normal 5.843593e-08 -1.000000e+00 1.438001e-14
    outer loop
      vertex   1.700692e+02 -2.700000e+01 1.655997e+02
      vertex   1.705734e+02 -2.700000e+01 1.679677e+02
      vertex   1.701915e+02 -2.700000e+01 1.679970e+02
    endloop
  endfacet
  facet normal 5.843593e-08 -1.000000e+00 1.435755e-14
    outer loop
      vertex   1.700692e+02 -2.700000e+01 1.655997e+02
      vertex   1.701915e+02 -2.700000e+01 1.679970e+02
      vertex   1.698085e+02 -2.700000e+01 1.679970e+02
    endloop
  endfacet
  facet normal 5.843593e-08 -1.000000e+00 1.470069e-14
    outer loop
      vertex   1.700692e+02 -2.700000e+01 1.655997e+02
      vertex   1.698085e+02 -2.700000e+01 1.679970e+02
      vertex   1.697926e+02 -2.700000e+01 1.655924e+02
    endloop
  endfacet
  facet normal 5.843593e-08 -1.000000e+00 1.473932e-14
    outer loop
      vertex   1.697926e+02 -2.700000e+01 1.655924e+02
      vertex   1.698085e+02 -2.700000e+01 1.679970e+02
      vertex   1.694266e+02 -2.700000e+01 1.679677e+02
    endloop
  endfacet
  facet normal 5.843592e-08 -1.000000e+00 1.407957e-14
    outer loop
      vertex   1.697926e+02 -2.700000e+01 1.655924e+02
      vertex   1.694266e+02 -2.700000e+01 1.679677e+02
      vertex   1.695182e+02 -2.700000e+01 1.655556e+02
    endloop
  endfacet
  facet normal 5.843592e-08 -1.000000e+00 1.385383e-14
    outer loop
      vertex   1.695182e+02 -2.700000e+01 1.655556e+02
      vertex   1.694266e+02 -2.700000e+01 1.679677e+02
      vertex   1.690480e+02 -2.700000e+01 1.679092e+02
    endloop
  endfacet
  facet normal 5.843592e-08 -1.000000e+00 1.433168e-14
    outer loop
      vertex   1.695182e+02 -2.700000e+01 1.655556e+02
      vertex   1.690480e+02 -2.700000e+01 1.679092e+02
      vertex   1.686751e+02 -2.700000e+01 1.678219e+02
    endloop
  endfacet
  facet normal 5.843591e-08 -1.000000e+00 1.311939e-14
    outer loop
      vertex   1.695182e+02 -2.700000e+01 1.655556e+02
      vertex   1.686751e+02 -2.700000e+01 1.678219e+02
      vertex   1.692494e+02 -2.700000e+01 1.654900e+02
    endloop
  endfacet
  facet normal 5.843591e-08 -1.000000e+00 1.262283e-14
    outer loop
      vertex   1.692494e+02 -2.700000e+01 1.654900e+02
      vertex   1.686751e+02 -2.700000e+01 1.678219e+02
      vertex   1.683099e+02 -2.700000e+01 1.677064e+02
    endloop
  endfacet
  facet normal 5.843592e-08 -1.000000e+00 1.571066e-14
    outer loop
      vertex   1.692494e+02 -2.700000e+01 1.654900e+02
      vertex   1.683099e+02 -2.700000e+01 1.677064e+02
      vertex   1.689891e+02 -2.700000e+01 1.653961e+02
    endloop
  endfacet
  facet normal 5.843592e-08 -1.000000e+00 1.623410e-14
    outer loop
      vertex   1.689891e+02 -2.700000e+01 1.653961e+02
      vertex   1.683099e+02 -2.700000e+01 1.677064e+02
      vertex   1.679547e+02 -2.700000e+01 1.675632e+02
    endloop
  endfacet
  facet normal 5.843593e-08 -1.000000e+00 1.812032e-14
    outer loop
      vertex   1.689891e+02 -2.700000e+01 1.653961e+02
      vertex   1.679547e+02 -2.700000e+01 1.675632e+02
      vertex   1.687402e+02 -2.700000e+01 1.652750e+02
    endloop
  endfacet
  facet normal 5.843592e-08 -1.000000e+00 1.474875e-14
    outer loop
      vertex   1.687402e+02 -2.700000e+01 1.652750e+02
      vertex   1.679547e+02 -2.700000e+01 1.675632e+02
      vertex   1.676114e+02 -2.700000e+01 1.673932e+02
    endloop
  endfacet
  facet normal 5.843592e-08 -1.000000e+00 1.512273e-14
    outer loop
      vertex   1.687402e+02 -2.700000e+01 1.652750e+02
      vertex   1.676114e+02 -2.700000e+01 1.673932e+02
      vertex   1.672822e+02 -2.700000e+01 1.671975e+02
    endloop
  endfacet
  facet normal 5.843592e-08 -1.000000e+00 1.943996e-14
    outer loop
      vertex   1.687402e+02 -2.700000e+01 1.652750e+02
      vertex   1.672822e+02 -2.700000e+01 1.671975e+02
      vertex   1.685056e+02 -2.700000e+01 1.651283e+02
    endloop
  endfacet
  facet normal 5.843591e-08 -1.000000e+00 1.014207e-14
    outer loop
      vertex   1.685056e+02 -2.700000e+01 1.651283e+02
      vertex   1.672822e+02 -2.700000e+01 1.671975e+02
      vertex   1.669689e+02 -2.700000e+01 1.669771e+02
    endloop
  endfacet
  facet normal 5.843591e-08 -1.000000e+00 1.266240e-14
    outer loop
      vertex   1.685056e+02 -2.700000e+01 1.651283e+02
      vertex   1.669689e+02 -2.700000e+01 1.669771e+02
      vertex   1.682879e+02 -2.700000e+01 1.649573e+02
    endloop
  endfacet
  facet normal 5.843591e-08 -1.000000e+00 1.560030e-14
    outer loop
      vertex   1.682879e+02 -2.700000e+01 1.649573e+02
      vertex   1.669689e+02 -2.700000e+01 1.669771e+02
      vertex   1.666734e+02 -2.700000e+01 1.667334e+02
    endloop
  endfacet
  facet normal 5.843591e-08 -1.000000e+00 1.088007e-14
    outer loop
      vertex   1.682879e+02 -2.700000e+01 1.649573e+02
      vertex   1.666734e+02 -2.700000e+01 1.667334e+02
      vertex   1.663974e+02 -2.700000e+01 1.664678e+02
    endloop
  endfacet
  facet normal 5.843591e-08 -1.000000e+00 1.526286e-14
    outer loop
      vertex   1.682879e+02 -2.700000e+01 1.649573e+02
      vertex   1.663974e+02 -2.700000e+01 1.664678e+02
      vertex   1.680896e+02 -2.700000e+01 1.647643e+02
    endloop
  endfacet
  facet normal 5.843592e-08 -1.000000e+00 1.867701e-14
    outer loop
      vertex   1.680896e+02 -2.700000e+01 1.647643e+02
      vertex   1.663974e+02 -2.700000e+01 1.664678e+02
      vertex   1.661426e+02 -2.700000e+01 1.661819e+02
    endloop
  endfacet
  facet normal 5.843591e-08 -1.000000e+00 8.514392e-15
    outer loop
      vertex   1.680896e+02 -2.700000e+01 1.647643e+02
      vertex   1.661426e+02 -2.700000e+01 1.661819e+02
      vertex   1.679129e+02 -2.700000e+01 1.645512e+02
    endloop
  endfacet
  facet normal 5.843591e-08 -1.000000e+00 6.330547e-15
    outer loop
      vertex   1.679129e+02 -2.700000e+01 1.645512e+02
      vertex   1.661426e+02 -2.700000e+01 1.661819e+02
      vertex   1.659104e+02 -2.700000e+01 1.658773e+02
    endloop
  endfacet
  facet normal 5.843591e-08 -1.000000e+00 1.406730e-14
    outer loop
      vertex   1.679129e+02 -2.700000e+01 1.645512e+02
      vertex   1.659104e+02 -2.700000e+01 1.658773e+02
      vertex   1.677600e+02 -2.700000e+01 1.643206e+02
    endloop
  endfacet
  facet normal 5.843591e-08 -1.000000e+00 1.042116e-14
    outer loop
      vertex   1.677600e+02 -2.700000e+01 1.643206e+02
      vertex   1.659104e+02 -2.700000e+01 1.658773e+02
      vertex   1.657022e+02 -2.700000e+01 1.655558e+02
    endloop
  endfacet
  facet normal 5.843590e-08 -1.000000e+00 3.119082e-15
    outer loop
      vertex   1.677600e+02 -2.700000e+01 1.643206e+02
      vertex   1.657022e+02 -2.700000e+01 1.655558e+02
      vertex   1.655192e+02 -2.700000e+01 1.652193e+02
    endloop
  endfacet
  facet normal 5.843591e-08 -1.000000e+00 2.229289e-14
    outer loop
      vertex   1.677600e+02 -2.700000e+01 1.643206e+02
      vertex   1.655192e+02 -2.700000e+01 1.652193e+02
      vertex   1.676323e+02 -2.700000e+01 1.640750e+02
    endloop
  endfacet
  facet normal 5.843591e-08 -1.000000e+00 1.370291e-14
    outer loop
      vertex   1.676323e+02 -2.700000e+01 1.640750e+02
      vertex   1.655192e+02 -2.700000e+01 1.652193e+02
      vertex   1.653625e+02 -2.700000e+01 1.648698e+02
    endloop
  endfacet
  facet normal 5.843590e-08 -1.000000e+00 5.744236e-15
    outer loop
      vertex   1.676323e+02 -2.700000e+01 1.640750e+02
      vertex   1.653625e+02 -2.700000e+01 1.648698e+02
      vertex   1.675316e+02 -2.700000e+01 1.638173e+02
    endloop
  endfacet
  facet normal 5.843590e-08 -1.000000e+00 5.914123e-15
    outer loop
      vertex   1.675316e+02 -2.700000e+01 1.638173e+02
      vertex   1.653625e+02 -2.700000e+01 1.648698e+02
      vertex   1.652330e+02 -2.700000e+01 1.645093e+02
    endloop
  endfacet
  facet normal 5.843590e-08 -1.000000e+00 7.341482e-15
    outer loop
      vertex   1.675316e+02 -2.700000e+01 1.638173e+02
      vertex   1.652330e+02 -2.700000e+01 1.645093e+02
      vertex   1.651315e+02 -2.700000e+01 1.641399e+02
    endloop
  endfacet
  facet normal 5.843590e-08 -1.000000e+00 7.021552e-15
    outer loop
      vertex   1.675316e+02 -2.700000e+01 1.638173e+02
      vertex   1.651315e+02 -2.700000e+01 1.641399e+02
      vertex   1.674588e+02 -2.700000e+01 1.635503e+02
    endloop
  endfacet
  facet normal 5.843590e-08 -1.000000e+00 -1.949199e-15
    outer loop
      vertex   1.674588e+02 -2.700000e+01 1.635503e+02
      vertex   1.651315e+02 -2.700000e+01 1.641399e+02
      vertex   1.650586e+02 -2.700000e+01 1.637639e+02
    endloop
  endfacet
  facet normal 5.843590e-08 -1.000000e+00 -1.454958e-14
    outer loop
      vertex   1.674588e+02 -2.700000e+01 1.635503e+02
      vertex   1.650586e+02 -2.700000e+01 1.637639e+02
      vertex   1.674147e+02 -2.700000e+01 1.632770e+02
    endloop
  endfacet
  facet normal 5.843590e-08 -1.000000e+00 -1.746736e-15
    outer loop
      vertex   1.674147e+02 -2.700000e+01 1.632770e+02
      vertex   1.650586e+02 -2.700000e+01 1.637639e+02
      vertex   1.650147e+02 -2.700000e+01 1.633834e+02
    endloop
  endfacet
  facet normal 5.843591e-08 -1.000000e+00 2.897438e-14
    outer loop
      vertex   1.674147e+02 -2.700000e+01 1.632770e+02
      vertex   1.650147e+02 -2.700000e+01 1.633834e+02
      vertex   1.674000e+02 -2.700000e+01 1.630007e+02
    endloop
  endfacet
  facet normal 5.843593e-08 -1.000000e+00 -1.996366e-15
    outer loop
      vertex   1.850147e+02 -2.700000e+01 1.633834e+02
      vertex   1.850000e+02 -2.700000e+01 1.630007e+02
      vertex   1.874000e+02 -2.700000e+01 1.630007e+02
    endloop
  endfacet
  facet normal 5.843593e-08 -1.000000e+00 1.996366e-15
    outer loop
      vertex   1.874000e+02 -2.700000e+01 1.630007e+02
      vertex   1.850000e+02 -2.700000e+01 1.630007e+02
      vertex   1.850147e+02 -2.700000e+01 1.626179e+02
    endloop
  endfacet
  facet normal 5.843593e-08 -1.000000e+00 -1.457527e-14
    outer loop
      vertex   1.874000e+02 -2.700000e+01 1.630007e+02
      vertex   1.850147e+02 -2.700000e+01 1.626179e+02
      vertex   1.874147e+02 -2.700000e+01 1.627243e+02
    endloop
  endfacet
  facet normal 5.843593e-08 -1.000000e+00 5.147115e-15
    outer loop
      vertex   1.874147e+02 -2.700000e+01 1.627243e+02
      vertex   1.850147e+02 -2.700000e+01 1.626179e+02
      vertex   1.850586e+02 -2.700000e+01 1.622374e+02
    endloop
  endfacet
  facet normal 5.843593e-08 -1.000000e+00 6.668186e-15
    outer loop
      vertex   1.874147e+02 -2.700000e+01 1.627243e+02
      vertex   1.850586e+02 -2.700000e+01 1.622374e+02
      vertex   1.874588e+02 -2.700000e+01 1.624511e+02
    endloop
  endfacet
  facet normal 5.843593e-08 -1.000000e+00 -1.412509e-15
    outer loop
      vertex   1.874588e+02 -2.700000e+01 1.624511e+02
      vertex   1.850586e+02 -2.700000e+01 1.622374e+02
      vertex   1.851315e+02 -2.700000e+01 1.618614e+02
    endloop
  endfacet
  facet normal 5.843593e-08 -1.000000e+00 7.666172e-16
    outer loop
      vertex   1.874588e+02 -2.700000e+01 1.624511e+02
      vertex   1.851315e+02 -2.700000e+01 1.618614e+02
      vertex   1.875316e+02 -2.700000e+01 1.621841e+02
    endloop
  endfacet
  facet normal 5.843593e-08 -1.000000e+00 9.780845e-15
    outer loop
      vertex   1.875316e+02 -2.700000e+01 1.621841e+02
      vertex   1.851315e+02 -2.700000e+01 1.618614e+02
      vertex   1.852330e+02 -2.700000e+01 1.614921e+02
    endloop
  endfacet
  facet normal 5.843593e-08 -1.000000e+00 4.605982e-15
    outer loop
      vertex   1.875316e+02 -2.700000e+01 1.621841e+02
      vertex   1.852330e+02 -2.700000e+01 1.614921e+02
      vertex   1.853625e+02 -2.700000e+01 1.611316e+02
    endloop
  endfacet
  facet normal 5.843593e-08 -1.000000e+00 5.560069e-15
    outer loop
      vertex   1.875316e+02 -2.700000e+01 1.621841e+02
      vertex   1.853625e+02 -2.700000e+01 1.611316e+02
      vertex   1.876324e+02 -2.700000e+01 1.619263e+02
    endloop
  endfacet
  facet normal 5.843594e-08 -1.000000e+00 -9.671726e-16
    outer loop
      vertex   1.876324e+02 -2.700000e+01 1.619263e+02
      vertex   1.853625e+02 -2.700000e+01 1.611316e+02
      vertex   1.855192e+02 -2.700000e+01 1.607821e+02
    endloop
  endfacet
  facet normal 5.843594e-08 -1.000000e+00 -7.975576e-15
    outer loop
      vertex   1.876324e+02 -2.700000e+01 1.619263e+02
      vertex   1.855192e+02 -2.700000e+01 1.607821e+02
      vertex   1.877600e+02 -2.700000e+01 1.616807e+02
    endloop
  endfacet
  facet normal 5.843593e-08 -1.000000e+00 3.076889e-15
    outer loop
      vertex   1.877600e+02 -2.700000e+01 1.616807e+02
      vertex   1.855192e+02 -2.700000e+01 1.607821e+02
      vertex   1.857022e+02 -2.700000e+01 1.604456e+02
    endloop
  endfacet
  facet normal 5.843593e-08 -1.000000e+00 5.680750e-15
    outer loop
      vertex   1.877600e+02 -2.700000e+01 1.616807e+02
      vertex   1.857022e+02 -2.700000e+01 1.604456e+02
      vertex   1.859104e+02 -2.700000e+01 1.601241e+02
    endloop
  endfacet
  facet normal 5.843593e-08 -1.000000e+00 1.217200e-14
    outer loop
      vertex   1.877600e+02 -2.700000e+01 1.616807e+02
      vertex   1.859104e+02 -2.700000e+01 1.601241e+02
      vertex   1.879130e+02 -2.700000e+01 1.614501e+02
    endloop
  endfacet
  facet normal 5.843592e-08 -1.000000e+00 1.849534e-14
    outer loop
      vertex   1.879130e+02 -2.700000e+01 1.614501e+02
      vertex   1.859104e+02 -2.700000e+01 1.601241e+02
      vertex   1.861426e+02 -2.700000e+01 1.598195e+02
    endloop
  endfacet
  facet normal 5.843594e-08 -1.000000e+00 8.976277e-16
    outer loop
      vertex   1.879130e+02 -2.700000e+01 1.614501e+02
      vertex   1.861426e+02 -2.700000e+01 1.598195e+02
      vertex   1.880896e+02 -2.700000e+01 1.612371e+02
    endloop
  endfacet
  facet normal 5.843594e-08 -1.000000e+00 2.033682e-15
    outer loop
      vertex   1.880896e+02 -2.700000e+01 1.612371e+02
      vertex   1.861426e+02 -2.700000e+01 1.598195e+02
      vertex   1.863974e+02 -2.700000e+01 1.595335e+02
    endloop
  endfacet
  facet normal 5.843592e-08 -1.000000e+00 1.604655e-14
    outer loop
      vertex   1.880896e+02 -2.700000e+01 1.612371e+02
      vertex   1.863974e+02 -2.700000e+01 1.595335e+02
      vertex   1.882879e+02 -2.700000e+01 1.610440e+02
    endloop
  endfacet
  facet normal 5.843593e-08 -1.000000e+00 1.045830e-14
    outer loop
      vertex   1.882879e+02 -2.700000e+01 1.610440e+02
      vertex   1.863974e+02 -2.700000e+01 1.595335e+02
      vertex   1.866734e+02 -2.700000e+01 1.592679e+02
    endloop
  endfacet
  facet normal 5.843593e-08 -1.000000e+00 7.264749e-15
    outer loop
      vertex   1.882879e+02 -2.700000e+01 1.610440e+02
      vertex   1.866734e+02 -2.700000e+01 1.592679e+02
      vertex   1.869689e+02 -2.700000e+01 1.590242e+02
    endloop
  endfacet
  facet normal 5.843594e-08 -1.000000e+00 3.547762e-15
    outer loop
      vertex   1.882879e+02 -2.700000e+01 1.610440e+02
      vertex   1.869689e+02 -2.700000e+01 1.590242e+02
      vertex   1.885056e+02 -2.700000e+01 1.608731e+02
    endloop
  endfacet
  facet normal 5.843592e-08 -1.000000e+00 1.532321e-14
    outer loop
      vertex   1.885056e+02 -2.700000e+01 1.608731e+02
      vertex   1.869689e+02 -2.700000e+01 1.590242e+02
      vertex   1.872822e+02 -2.700000e+01 1.588038e+02
    endloop
  endfacet
  facet normal 5.843593e-08 -1.000000e+00 1.341440e-14
    outer loop
      vertex   1.885056e+02 -2.700000e+01 1.608731e+02
      vertex   1.872822e+02 -2.700000e+01 1.588038e+02
      vertex   1.887402e+02 -2.700000e+01 1.607263e+02
    endloop
  endfacet
  facet normal 5.843593e-08 -1.000000e+00 1.035173e-14
    outer loop
      vertex   1.887402e+02 -2.700000e+01 1.607263e+02
      vertex   1.872822e+02 -2.700000e+01 1.588038e+02
      vertex   1.876114e+02 -2.700000e+01 1.586081e+02
    endloop
  endfacet
  facet normal 5.843593e-08 -1.000000e+00 1.179311e-14
    outer loop
      vertex   1.887402e+02 -2.700000e+01 1.607263e+02
      vertex   1.876114e+02 -2.700000e+01 1.586081e+02
      vertex   1.879547e+02 -2.700000e+01 1.584381e+02
    endloop
  endfacet
  facet normal 5.843594e-08 -1.000000e+00 8.490737e-15
    outer loop
      vertex   1.887402e+02 -2.700000e+01 1.607263e+02
      vertex   1.879547e+02 -2.700000e+01 1.584381e+02
      vertex   1.889891e+02 -2.700000e+01 1.606053e+02
    endloop
  endfacet
  facet normal 5.843594e-08 -1.000000e+00 7.260373e-15
    outer loop
      vertex   1.889891e+02 -2.700000e+01 1.606053e+02
      vertex   1.879547e+02 -2.700000e+01 1.584381e+02
      vertex   1.883099e+02 -2.700000e+01 1.582950e+02
    endloop
  endfacet
  facet normal 5.843593e-08 -1.000000e+00 1.070663e-14
    outer loop
      vertex   1.889891e+02 -2.700000e+01 1.606053e+02
      vertex   1.883099e+02 -2.700000e+01 1.582950e+02
      vertex   1.892494e+02 -2.700000e+01 1.605114e+02
    endloop
  endfacet
  facet normal 5.843592e-08 -1.000000e+00 1.423041e-14
    outer loop
      vertex   1.892494e+02 -2.700000e+01 1.605114e+02
      vertex   1.883099e+02 -2.700000e+01 1.582950e+02
      vertex   1.886751e+02 -2.700000e+01 1.581794e+02
    endloop
  endfacet
  facet normal 5.843592e-08 -1.000000e+00 1.418400e-14
    outer loop
      vertex   1.892494e+02 -2.700000e+01 1.605114e+02
      vertex   1.886751e+02 -2.700000e+01 1.581794e+02
      vertex   1.895183e+02 -2.700000e+01 1.604457e+02
    endloop
  endfacet
  facet normal 5.843592e-08 -1.000000e+00 1.306794e-14
    outer loop
      vertex   1.895183e+02 -2.700000e+01 1.604457e+02
      vertex   1.886751e+02 -2.700000e+01 1.581794e+02
      vertex   1.890480e+02 -2.700000e+01 1.580921e+02
    endloop
  endfacet
  facet normal 5.843592e-08 -1.000000e+00 1.396821e-14
    outer loop
      vertex   1.895183e+02 -2.700000e+01 1.604457e+02
      vertex   1.890480e+02 -2.700000e+01 1.580921e+02
      vertex   1.894266e+02 -2.700000e+01 1.580337e+02
    endloop
  endfacet
  facet normal 5.843594e-08 -1.000000e+00 1.327436e-14
    outer loop
      vertex   1.895183e+02 -2.700000e+01 1.604457e+02
      vertex   1.894266e+02 -2.700000e+01 1.580337e+02
      vertex   1.897926e+02 -2.700000e+01 1.604090e+02
    endloop
  endfacet
  facet normal 5.843592e-08 -1.000000e+00 1.624134e-14
    outer loop
      vertex   1.897926e+02 -2.700000e+01 1.604090e+02
      vertex   1.894266e+02 -2.700000e+01 1.580337e+02
      vertex   1.898085e+02 -2.700000e+01 1.580043e+02
    endloop
  endfacet
  facet normal 5.843592e-08 -1.000000e+00 1.624622e-14
    outer loop
      vertex   1.897926e+02 -2.700000e+01 1.604090e+02
      vertex   1.898085e+02 -2.700000e+01 1.580043e+02
      vertex   1.900692e+02 -2.700000e+01 1.604016e+02
    endloop
  endfacet
  facet normal 5.843593e-08 -1.000000e+00 1.528233e-14
    outer loop
      vertex   1.900692e+02 -2.700000e+01 1.604016e+02
      vertex   1.898085e+02 -2.700000e+01 1.580043e+02
      vertex   1.901915e+02 -2.700000e+01 1.580043e+02
    endloop
  endfacet
  facet normal 5.843593e-08 -1.000000e+00 1.514423e-14
    outer loop
      vertex   1.900692e+02 -2.700000e+01 1.604016e+02
      vertex   1.901915e+02 -2.700000e+01 1.580043e+02
      vertex   1.905734e+02 -2.700000e+01 1.580337e+02
    endloop
  endfacet
  facet normal 5.843593e-08 -1.000000e+00 1.610806e-14
    outer loop
      vertex   1.900692e+02 -2.700000e+01 1.604016e+02
      vertex   1.905734e+02 -2.700000e+01 1.580337e+02
      vertex   1.903451e+02 -2.700000e+01 1.604237e+02
    endloop
  endfacet
  facet normal 5.843592e-08 -1.000000e+00 1.468968e-14
    outer loop
      vertex   1.903451e+02 -2.700000e+01 1.604237e+02
      vertex   1.905734e+02 -2.700000e+01 1.580337e+02
      vertex   1.909520e+02 -2.700000e+01 1.580921e+02
    endloop
  endfacet
  facet normal 5.843592e-08 -1.000000e+00 1.513961e-14
    outer loop
      vertex   1.903451e+02 -2.700000e+01 1.604237e+02
      vertex   1.909520e+02 -2.700000e+01 1.580921e+02
      vertex   1.906171e+02 -2.700000e+01 1.604749e+02
    endloop
  endfacet
  facet normal 5.843593e-08 -1.000000e+00 1.651794e-14
    outer loop
      vertex   1.906171e+02 -2.700000e+01 1.604749e+02
      vertex   1.909520e+02 -2.700000e+01 1.580921e+02
      vertex   1.913249e+02 -2.700000e+01 1.581794e+02
    endloop
  endfacet
  facet normal 5.843592e-08 -1.000000e+00 1.527216e-14
    outer loop
      vertex   1.906171e+02 -2.700000e+01 1.604749e+02
      vertex   1.913249e+02 -2.700000e+01 1.581794e+02
      vertex   1.908820e+02 -2.700000e+01 1.605548e+02
    endloop
  endfacet
  facet normal 5.843591e-08 -1.000000e+00 1.332015e-14
    outer loop
      vertex   1.908820e+02 -2.700000e+01 1.605548e+02
      vertex   1.913249e+02 -2.700000e+01 1.581794e+02
      vertex   1.916901e+02 -2.700000e+01 1.582950e+02
    endloop
  endfacet
  facet normal 5.843592e-08 -1.000000e+00 1.658934e-14
    outer loop
      vertex   1.908820e+02 -2.700000e+01 1.605548e+02
      vertex   1.916901e+02 -2.700000e+01 1.582950e+02
      vertex   1.920453e+02 -2.700000e+01 1.584381e+02
    endloop
  endfacet
  facet normal 5.843591e-08 -1.000000e+00 1.040937e-14
    outer loop
      vertex   1.908820e+02 -2.700000e+01 1.605548e+02
      vertex   1.920453e+02 -2.700000e+01 1.584381e+02
      vertex   1.911370e+02 -2.700000e+01 1.606625e+02
    endloop
  endfacet
  facet normal 5.843591e-08 -1.000000e+00 9.497949e-15
    outer loop
      vertex   1.911370e+02 -2.700000e+01 1.606625e+02
      vertex   1.920453e+02 -2.700000e+01 1.584381e+02
      vertex   1.923886e+02 -2.700000e+01 1.586081e+02
    endloop
  endfacet
  facet normal 5.843593e-08 -1.000000e+00 2.398264e-14
    outer loop
      vertex   1.911370e+02 -2.700000e+01 1.606625e+02
      vertex   1.923886e+02 -2.700000e+01 1.586081e+02
      vertex   1.913791e+02 -2.700000e+01 1.607966e+02
    endloop
  endfacet
  facet normal 5.843592e-08 -1.000000e+00 1.652881e-14
    outer loop
      vertex   1.913791e+02 -2.700000e+01 1.607966e+02
      vertex   1.923886e+02 -2.700000e+01 1.586081e+02
      vertex   1.927178e+02 -2.700000e+01 1.588038e+02
    endloop
  endfacet
  facet normal 5.843592e-08 -1.000000e+00 2.006159e-14
    outer loop
      vertex   1.913791e+02 -2.700000e+01 1.607966e+02
      vertex   1.927178e+02 -2.700000e+01 1.588038e+02
      vertex   1.916056e+02 -2.700000e+01 1.609556e+02
    endloop
  endfacet
  facet normal 5.843591e-08 -1.000000e+00 1.193647e-14
    outer loop
      vertex   1.916056e+02 -2.700000e+01 1.609556e+02
      vertex   1.927178e+02 -2.700000e+01 1.588038e+02
      vertex   1.930311e+02 -2.700000e+01 1.590242e+02
    endloop
  endfacet
  facet normal 5.843592e-08 -1.000000e+00 2.287339e-14
    outer loop
      vertex   1.916056e+02 -2.700000e+01 1.609556e+02
      vertex   1.930311e+02 -2.700000e+01 1.590242e+02
      vertex   1.933266e+02 -2.700000e+01 1.592679e+02
    endloop
  endfacet
  facet normal 5.843590e-08 -1.000000e+00 5.372570e-15
    outer loop
      vertex   1.916056e+02 -2.700000e+01 1.609556e+02
      vertex   1.933266e+02 -2.700000e+01 1.592679e+02
      vertex   1.918138e+02 -2.700000e+01 1.611379e+02
    endloop
  endfacet
  facet normal 5.843591e-08 -1.000000e+00 1.048742e-14
    outer loop
      vertex   1.918138e+02 -2.700000e+01 1.611379e+02
      vertex   1.933266e+02 -2.700000e+01 1.592679e+02
      vertex   1.936026e+02 -2.700000e+01 1.595335e+02
    endloop
  endfacet
  facet normal 5.843591e-08 -1.000000e+00 1.360513e-14
    outer loop
      vertex   1.918138e+02 -2.700000e+01 1.611379e+02
      vertex   1.936026e+02 -2.700000e+01 1.595335e+02
      vertex   1.920016e+02 -2.700000e+01 1.613412e+02
    endloop
  endfacet
  facet normal 5.843591e-08 -1.000000e+00 1.161270e-14
    outer loop
      vertex   1.920016e+02 -2.700000e+01 1.613412e+02
      vertex   1.936026e+02 -2.700000e+01 1.595335e+02
      vertex   1.938575e+02 -2.700000e+01 1.598195e+02
    endloop
  endfacet
  facet normal 5.843591e-08 -1.000000e+00 6.769053e-15
    outer loop
      vertex   1.920016e+02 -2.700000e+01 1.613412e+02
      vertex   1.938575e+02 -2.700000e+01 1.598195e+02
      vertex   1.940897e+02 -2.700000e+01 1.601241e+02
    endloop
  endfacet
  facet normal 5.843591e-08 -1.000000e+00 2.186357e-14
    outer loop
      vertex   1.920016e+02 -2.700000e+01 1.613412e+02
      vertex   1.940897e+02 -2.700000e+01 1.601241e+02
      vertex   1.921666e+02 -2.700000e+01 1.615634e+02
    endloop
  endfacet
  facet normal 5.843591e-08 -1.000000e+00 1.146583e-14
    outer loop
      vertex   1.921666e+02 -2.700000e+01 1.615634e+02
      vertex   1.940897e+02 -2.700000e+01 1.601241e+02
      vertex   1.942979e+02 -2.700000e+01 1.604456e+02
    endloop
  endfacet
  facet normal 5.843590e-08 -1.000000e+00 -2.130932e-15
    outer loop
      vertex   1.921666e+02 -2.700000e+01 1.615634e+02
      vertex   1.942979e+02 -2.700000e+01 1.604456e+02
      vertex   1.923071e+02 -2.700000e+01 1.618018e+02
    endloop
  endfacet
  facet normal 5.843590e-08 -1.000000e+00 3.430506e-15
    outer loop
      vertex   1.923071e+02 -2.700000e+01 1.618018e+02
      vertex   1.942979e+02 -2.700000e+01 1.604456e+02
      vertex   1.944808e+02 -2.700000e+01 1.607821e+02
    endloop
  endfacet
  facet normal 5.843591e-08 -1.000000e+00 2.025008e-14
    outer loop
      vertex   1.923071e+02 -2.700000e+01 1.618018e+02
      vertex   1.944808e+02 -2.700000e+01 1.607821e+02
      vertex   1.924215e+02 -2.700000e+01 1.620538e+02
    endloop
  endfacet
  facet normal 5.843591e-08 -1.000000e+00 2.158074e-14
    outer loop
      vertex   1.924215e+02 -2.700000e+01 1.620538e+02
      vertex   1.944808e+02 -2.700000e+01 1.607821e+02
      vertex   1.946375e+02 -2.700000e+01 1.611316e+02
    endloop
  endfacet
  facet normal 5.843591e-08 -1.000000e+00 5.512519e-15
    outer loop
      vertex   1.924215e+02 -2.700000e+01 1.620538e+02
      vertex   1.946375e+02 -2.700000e+01 1.611316e+02
      vertex   1.947670e+02 -2.700000e+01 1.614921e+02
    endloop
  endfacet
  facet normal 5.843590e-08 -1.000000e+00 1.633593e-15
    outer loop
      vertex   1.924215e+02 -2.700000e+01 1.620538e+02
      vertex   1.947670e+02 -2.700000e+01 1.614921e+02
      vertex   1.925084e+02 -2.700000e+01 1.623166e+02
    endloop
  endfacet
  facet normal 5.843590e-08 -1.000000e+00 -1.861022e-15
    outer loop
      vertex   1.925084e+02 -2.700000e+01 1.623166e+02
      vertex   1.947670e+02 -2.700000e+01 1.614921e+02
      vertex   1.948685e+02 -2.700000e+01 1.618614e+02
    endloop
  endfacet
  facet normal 5.843590e-08 -1.000000e+00 -1.130089e-15
    outer loop
      vertex   1.925084e+02 -2.700000e+01 1.623166e+02
      vertex   1.948685e+02 -2.700000e+01 1.618614e+02
      vertex   1.925669e+02 -2.700000e+01 1.625871e+02
    endloop
  endfacet
  facet normal 5.843591e-08 -1.000000e+00 6.829809e-15
    outer loop
      vertex   1.925669e+02 -2.700000e+01 1.625871e+02
      vertex   1.948685e+02 -2.700000e+01 1.618614e+02
      vertex   1.949414e+02 -2.700000e+01 1.622374e+02
    endloop
  endfacet
  facet normal 5.843590e-08 -1.000000e+00 -1.822042e-15
    outer loop
      vertex   1.925669e+02 -2.700000e+01 1.625871e+02
      vertex   1.949414e+02 -2.700000e+01 1.622374e+02
      vertex   1.949853e+02 -2.700000e+01 1.626179e+02
    endloop
  endfacet
  facet normal 5.843590e-08 -1.000000e+00 1.639173e-14
    outer loop
      vertex   1.925669e+02 -2.700000e+01 1.625871e+02
      vertex   1.949853e+02 -2.700000e+01 1.626179e+02
      vertex   1.925963e+02 -2.700000e+01 1.628623e+02
    endloop
  endfacet
  facet normal 5.843590e-08 -1.000000e+00 8.361777e-15
    outer loop
      vertex   1.925963e+02 -2.700000e+01 1.628623e+02
      vertex   1.949853e+02 -2.700000e+01 1.626179e+02
      vertex   1.950000e+02 -2.700000e+01 1.630007e+02
    endloop
  endfacet
  facet normal 5.843590e-08 -1.000000e+00 0.000000e+00
    outer loop
      vertex   1.925963e+02 -2.700000e+01 1.628623e+02
      vertex   1.950000e+02 -2.700000e+01 1.630007e+02
      vertex   1.925963e+02 -2.700000e+01 1.631390e+02
    endloop
  endfacet
  facet normal 5.843590e-08 -1.000000e+00 -8.361777e-15
    outer loop
      vertex   1.925963e+02 -2.700000e+01 1.631390e+02
      vertex   1.950000e+02 -2.700000e+01 1.630007e+02
      vertex   1.949853e+02 -2.700000e+01 1.633834e+02
    endloop
  endfacet
  facet normal 5.843590e-08 -1.000000e+00 -1.639173e-14
    outer loop
      vertex   1.925963e+02 -2.700000e+01 1.631390e+02
      vertex   1.949853e+02 -2.700000e+01 1.633834e+02
      vertex   1.925669e+02 -2.700000e+01 1.634142e+02
    endloop
  endfacet
  facet normal 5.843590e-08 -1.000000e+00 1.822042e-15
    outer loop
      vertex   1.925669e+02 -2.700000e+01 1.634142e+02
      vertex   1.949853e+02 -2.700000e+01 1.633834e+02
      vertex   1.949414e+02 -2.700000e+01 1.637639e+02
    endloop
  endfacet
  facet normal 5.843591e-08 -1.000000e+00 -6.829809e-15
    outer loop
      vertex   1.925669e+02 -2.700000e+01 1.634142e+02
      vertex   1.949414e+02 -2.700000e+01 1.637639e+02
      vertex   1.948685e+02 -2.700000e+01 1.641399e+02
    endloop
  endfacet
  facet normal 5.843590e-08 -1.000000e+00 1.130089e-15
    outer loop
      vertex   1.925669e+02 -2.700000e+01 1.634142e+02
      vertex   1.948685e+02 -2.700000e+01 1.641399e+02
      vertex   1.925084e+02 -2.700000e+01 1.636847e+02
    endloop
  endfacet
  facet normal 5.843590e-08 -1.000000e+00 1.861022e-15
    outer loop
      vertex   1.925084e+02 -2.700000e+01 1.636847e+02
      vertex   1.948685e+02 -2.700000e+01 1.641399e+02
      vertex   1.947670e+02 -2.700000e+01 1.645093e+02
    endloop
  endfacet
  facet normal 5.843590e-08 -1.000000e+00 -1.633593e-15
    outer loop
      vertex   1.925084e+02 -2.700000e+01 1.636847e+02
      vertex   1.947670e+02 -2.700000e+01 1.645093e+02
      vertex   1.924215e+02 -2.700000e+01 1.639475e+02
    endloop
  endfacet
  facet normal 5.843591e-08 -1.000000e+00 -5.512519e-15
    outer loop
      vertex   1.924215e+02 -2.700000e+01 1.639475e+02
      vertex   1.947670e+02 -2.700000e+01 1.645093e+02
      vertex   1.946375e+02 -2.700000e+01 1.648698e+02
    endloop
  endfacet
  facet normal 5.843591e-08 -1.000000e+00 -2.158074e-14
    outer loop
      vertex   1.924215e+02 -2.700000e+01 1.639475e+02
      vertex   1.946375e+02 -2.700000e+01 1.648698e+02
      vertex   1.944808e+02 -2.700000e+01 1.652193e+02
    endloop
  endfacet
  facet normal 5.843591e-08 -1.000000e+00 -2.025008e-14
    outer loop
      vertex   1.924215e+02 -2.700000e+01 1.639475e+02
      vertex   1.944808e+02 -2.700000e+01 1.652193e+02
      vertex   1.923071e+02 -2.700000e+01 1.641995e+02
    endloop
  endfacet
  facet normal 5.843590e-08 -1.000000e+00 -3.430506e-15
    outer loop
      vertex   1.923071e+02 -2.700000e+01 1.641995e+02
      vertex   1.944808e+02 -2.700000e+01 1.652193e+02
      vertex   1.942979e+02 -2.700000e+01 1.655558e+02
    endloop
  endfacet
  facet normal 5.843590e-08 -1.000000e+00 2.130932e-15
    outer loop
      vertex   1.923071e+02 -2.700000e+01 1.641995e+02
      vertex   1.942979e+02 -2.700000e+01 1.655558e+02
      vertex   1.921666e+02 -2.700000e+01 1.644379e+02
    endloop
  endfacet
  facet normal 5.843591e-08 -1.000000e+00 -1.146583e-14
    outer loop
      vertex   1.921666e+02 -2.700000e+01 1.644379e+02
      vertex   1.942979e+02 -2.700000e+01 1.655558e+02
      vertex   1.940897e+02 -2.700000e+01 1.658773e+02
    endloop
  endfacet
  facet normal 5.843591e-08 -1.000000e+00 -2.186357e-14
    outer loop
      vertex   1.921666e+02 -2.700000e+01 1.644379e+02
      vertex   1.940897e+02 -2.700000e+01 1.658773e+02
      vertex   1.920016e+02 -2.700000e+01 1.646601e+02
    endloop
  endfacet
  facet normal 5.843591e-08 -1.000000e+00 -6.769053e-15
    outer loop
      vertex   1.920016e+02 -2.700000e+01 1.646601e+02
      vertex   1.940897e+02 -2.700000e+01 1.658773e+02
      vertex   1.938575e+02 -2.700000e+01 1.661819e+02
    endloop
  endfacet
  facet normal 5.843591e-08 -1.000000e+00 -1.161270e-14
    outer loop
      vertex   1.920016e+02 -2.700000e+01 1.646601e+02
      vertex   1.938575e+02 -2.700000e+01 1.661819e+02
      vertex   1.936026e+02 -2.700000e+01 1.664678e+02
    endloop
  endfacet
  facet normal 5.843591e-08 -1.000000e+00 -1.360513e-14
    outer loop
      vertex   1.920016e+02 -2.700000e+01 1.646601e+02
      vertex   1.936026e+02 -2.700000e+01 1.664678e+02
      vertex   1.918138e+02 -2.700000e+01 1.648635e+02
    endloop
  endfacet
  facet normal 5.843591e-08 -1.000000e+00 -1.048742e-14
    outer loop
      vertex   1.918138e+02 -2.700000e+01 1.648635e+02
      vertex   1.936026e+02 -2.700000e+01 1.664678e+02
      vertex   1.933266e+02 -2.700000e+01 1.667334e+02
    endloop
  endfacet
  facet normal 5.843590e-08 -1.000000e+00 -5.372570e-15
    outer loop
      vertex   1.918138e+02 -2.700000e+01 1.648635e+02
      vertex   1.933266e+02 -2.700000e+01 1.667334e+02
      vertex   1.916056e+02 -2.700000e+01 1.650457e+02
    endloop
  endfacet
  facet normal 5.843592e-08 -1.000000e+00 -2.287339e-14
    outer loop
      vertex   1.916056e+02 -2.700000e+01 1.650457e+02
      vertex   1.933266e+02 -2.700000e+01 1.667334e+02
      vertex   1.930311e+02 -2.700000e+01 1.669771e+02
    endloop
  endfacet
  facet normal 5.843591e-08 -1.000000e+00 -1.193647e-14
    outer loop
      vertex   1.916056e+02 -2.700000e+01 1.650457e+02
      vertex   1.930311e+02 -2.700000e+01 1.669771e+02
      vertex   1.927178e+02 -2.700000e+01 1.671975e+02
    endloop
  endfacet
  facet normal 5.843592e-08 -1.000000e+00 -2.006159e-14
    outer loop
      vertex   1.916056e+02 -2.700000e+01 1.650457e+02
      vertex   1.927178e+02 -2.700000e+01 1.671975e+02
      vertex   1.913791e+02 -2.700000e+01 1.652048e+02
    endloop
  endfacet
  facet normal 5.843592e-08 -1.000000e+00 -1.652881e-14
    outer loop
      vertex   1.913791e+02 -2.700000e+01 1.652048e+02
      vertex   1.927178e+02 -2.700000e+01 1.671975e+02
      vertex   1.923886e+02 -2.700000e+01 1.673932e+02
    endloop
  endfacet
  facet normal 5.843593e-08 -1.000000e+00 -2.398264e-14
    outer loop
      vertex   1.913791e+02 -2.700000e+01 1.652048e+02
      vertex   1.923886e+02 -2.700000e+01 1.673932e+02
      vertex   1.911370e+02 -2.700000e+01 1.653389e+02
    endloop
  endfacet
  facet normal 5.843591e-08 -1.000000e+00 -9.497949e-15
    outer loop
      vertex   1.911370e+02 -2.700000e+01 1.653389e+02
      vertex   1.923886e+02 -2.700000e+01 1.673932e+02
      vertex   1.920453e+02 -2.700000e+01 1.675632e+02
    endloop
  endfacet
  facet normal 5.843591e-08 -1.000000e+00 -1.040937e-14
    outer loop
      vertex   1.911370e+02 -2.700000e+01 1.653389e+02
      vertex   1.920453e+02 -2.700000e+01 1.675632e+02
      vertex   1.908820e+02 -2.700000e+01 1.654465e+02
    endloop
  endfacet
  facet normal 5.843592e-08 -1.000000e+00 -1.658934e-14
    outer loop
      vertex   1.908820e+02 -2.700000e+01 1.654465e+02
      vertex   1.920453e+02 -2.700000e+01 1.675632e+02
      vertex   1.916901e+02 -2.700000e+01 1.677064e+02
    endloop
  endfacet
  facet normal 5.843591e-08 -1.000000e+00 -1.332015e-14
    outer loop
      vertex   1.908820e+02 -2.700000e+01 1.654465e+02
      vertex   1.916901e+02 -2.700000e+01 1.677064e+02
      vertex   1.913249e+02 -2.700000e+01 1.678219e+02
    endloop
  endfacet
  facet normal 5.843592e-08 -1.000000e+00 -1.527216e-14
    outer loop
      vertex   1.908820e+02 -2.700000e+01 1.654465e+02
      vertex   1.913249e+02 -2.700000e+01 1.678219e+02
      vertex   1.906171e+02 -2.700000e+01 1.655264e+02
    endloop
  endfacet
  facet normal 5.843593e-08 -1.000000e+00 -1.651794e-14
    outer loop
      vertex   1.906171e+02 -2.700000e+01 1.655264e+02
      vertex   1.913249e+02 -2.700000e+01 1.678219e+02
      vertex   1.909520e+02 -2.700000e+01 1.679092e+02
    endloop
  endfacet
  facet normal 5.843592e-08 -1.000000e+00 -1.513961e-14
    outer loop
      vertex   1.906171e+02 -2.700000e+01 1.655264e+02
      vertex   1.909520e+02 -2.700000e+01 1.679092e+02
      vertex   1.903451e+02 -2.700000e+01 1.655777e+02
    endloop
  endfacet
  facet normal 5.843592e-08 -1.000000e+00 -1.468968e-14
    outer loop
      vertex   1.903451e+02 -2.700000e+01 1.655777e+02
      vertex   1.909520e+02 -2.700000e+01 1.679092e+02
      vertex   1.905734e+02 -2.700000e+01 1.679677e+02
    endloop
  endfacet
  facet normal 5.843593e-08 -1.000000e+00 -1.610806e-14
    outer loop
      vertex   1.903451e+02 -2.700000e+01 1.655777e+02
      vertex   1.905734e+02 -2.700000e+01 1.679677e+02
      vertex   1.900692e+02 -2.700000e+01 1.655997e+02
    endloop
  endfacet
  facet normal 5.843593e-08 -1.000000e+00 -1.514423e-14
    outer loop
      vertex   1.900692e+02 -2.700000e+01 1.655997e+02
      vertex   1.905734e+02 -2.700000e+01 1.679677e+02
      vertex   1.901915e+02 -2.700000e+01 1.679970e+02
    endloop
  endfacet
  facet normal 5.843593e-08 -1.000000e+00 -1.528233e-14
    outer loop
      vertex   1.900692e+02 -2.700000e+01 1.655997e+02
      vertex   1.901915e+02 -2.700000e+01 1.679970e+02
      vertex   1.898085e+02 -2.700000e+01 1.679970e+02
    endloop
  endfacet
  facet normal 5.843592e-08 -1.000000e+00 -1.624622e-14
    outer loop
      vertex   1.900692e+02 -2.700000e+01 1.655997e+02
      vertex   1.898085e+02 -2.700000e+01 1.679970e+02
      vertex   1.897926e+02 -2.700000e+01 1.655924e+02
    endloop
  endfacet
  facet normal 5.843592e-08 -1.000000e+00 -1.624134e-14
    outer loop
      vertex   1.897926e+02 -2.700000e+01 1.655924e+02
      vertex   1.898085e+02 -2.700000e+01 1.679970e+02
      vertex   1.894266e+02 -2.700000e+01 1.679677e+02
    endloop
  endfacet
  facet normal 5.843594e-08 -1.000000e+00 -1.327436e-14
    outer loop
      vertex   1.897926e+02 -2.700000e+01 1.655924e+02
      vertex   1.894266e+02 -2.700000e+01 1.679677e+02
      vertex   1.895183e+02 -2.700000e+01 1.655556e+02
    endloop
  endfacet
  facet normal 5.843592e-08 -1.000000e+00 -1.396821e-14
    outer loop
      vertex   1.895183e+02 -2.700000e+01 1.655556e+02
      vertex   1.894266e+02 -2.700000e+01 1.679677e+02
      vertex   1.890480e+02 -2.700000e+01 1.679092e+02
    endloop
  endfacet
  facet normal 5.843592e-08 -1.000000e+00 -1.306794e-14
    outer loop
      vertex   1.895183e+02 -2.700000e+01 1.655556e+02
      vertex   1.890480e+02 -2.700000e+01 1.679092e+02
      vertex   1.886751e+02 -2.700000e+01 1.678219e+02
    endloop
  endfacet
  facet normal 5.843592e-08 -1.000000e+00 -1.418400e-14
    outer loop
      vertex   1.895183e+02 -2.700000e+01 1.655556e+02
      vertex   1.886751e+02 -2.700000e+01 1.678219e+02
      vertex   1.892494e+02 -2.700000e+01 1.654900e+02
    endloop
  endfacet
  facet normal 5.843592e-08 -1.000000e+00 -1.423041e-14
    outer loop
      vertex   1.892494e+02 -2.700000e+01 1.654900e+02
      vertex   1.886751e+02 -2.700000e+01 1.678219e+02
      vertex   1.883099e+02 -2.700000e+01 1.677064e+02
    endloop
  endfacet
  facet normal 5.843593e-08 -1.000000e+00 -1.070663e-14
    outer loop
      vertex   1.892494e+02 -2.700000e+01 1.654900e+02
      vertex   1.883099e+02 -2.700000e+01 1.677064e+02
      vertex   1.889891e+02 -2.700000e+01 1.653961e+02
    endloop
  endfacet
  facet normal 5.843594e-08 -1.000000e+00 -7.260373e-15
    outer loop
      vertex   1.889891e+02 -2.700000e+01 1.653961e+02
      vertex   1.883099e+02 -2.700000e+01 1.677064e+02
      vertex   1.879547e+02 -2.700000e+01 1.675632e+02
    endloop
  endfacet
  facet normal 5.843594e-08 -1.000000e+00 -8.490737e-15
    outer loop
      vertex   1.889891e+02 -2.700000e+01 1.653961e+02
      vertex   1.879547e+02 -2.700000e+01 1.675632e+02
      vertex   1.887402e+02 -2.700000e+01 1.652750e+02
    endloop
  endfacet
  facet normal 5.843593e-08 -1.000000e+00 -1.179311e-14
    outer loop
      vertex   1.887402e+02 -2.700000e+01 1.652750e+02
      vertex   1.879547e+02 -2.700000e+01 1.675632e+02
      vertex   1.876114e+02 -2.700000e+01 1.673932e+02
    endloop
  endfacet
  facet normal 5.843593e-08 -1.000000e+00 -1.035173e-14
    outer loop
      vertex   1.887402e+02 -2.700000e+01 1.652750e+02
      vertex   1.876114e+02 -2.700000e+01 1.673932e+02
      vertex   1.872822e+02 -2.700000e+01 1.671975e+02
    endloop
  endfacet
  facet normal 5.843593e-08 -1.000000e+00 -1.341440e-14
    outer loop
      vertex   1.887402e+02 -2.700000e+01 1.652750e+02
      vertex   1.872822e+02 -2.700000e+01 1.671975e+02
      vertex   1.885056e+02 -2.700000e+01 1.651283e+02
    endloop
  endfacet
  facet normal 5.843592e-08 -1.000000e+00 -1.532321e-14
    outer loop
      vertex   1.885056e+02 -2.700000e+01 1.651283e+02
      vertex   1.872822e+02 -2.700000e+01 1.671975e+02
      vertex   1.869689e+02 -2.700000e+01 1.669771e+02
    endloop
  endfacet
  facet normal 5.843594e-08 -1.000000e+00 -3.547762e-15
    outer loop
      vertex   1.885056e+02 -2.700000e+01 1.651283e+02
      vertex   1.869689e+02 -2.700000e+01 1.669771e+02
      vertex   1.882879e+02 -2.700000e+01 1.649573e+02
    endloop
  endfacet
  facet normal 5.843593e-08 -1.000000e+00 -7.264749e-15
    outer loop
      vertex   1.882879e+02 -2.700000e+01 1.649573e+02
      vertex   1.869689e+02 -2.700000e+01 1.669771e+02
      vertex   1.866734e+02 -2.700000e+01 1.667334e+02
    endloop
  endfacet
  facet normal 5.843593e-08 -1.000000e+00 -1.045830e-14
    outer loop
      vertex   1.882879e+02 -2.700000e+01 1.649573e+02
      vertex   1.866734e+02 -2.700000e+01 1.667334e+02
      vertex   1.863974e+02 -2.700000e+01 1.664678e+02
    endloop
  endfacet
  facet normal 5.843592e-08 -1.000000e+00 -1.604655e-14
    outer loop
      vertex   1.882879e+02 -2.700000e+01 1.649573e+02
      vertex   1.863974e+02 -2.700000e+01 1.664678e+02
      vertex   1.880896e+02 -2.700000e+01 1.647643e+02
    endloop
  endfacet
  facet normal 5.843594e-08 -1.000000e+00 -2.033682e-15
    outer loop
      vertex   1.880896e+02 -2.700000e+01 1.647643e+02
      vertex   1.863974e+02 -2.700000e+01 1.664678e+02
      vertex   1.861426e+02 -2.700000e+01 1.661819e+02
    endloop
  endfacet
  facet normal 5.843594e-08 -1.000000e+00 -8.976277e-16
    outer loop
      vertex   1.880896e+02 -2.700000e+01 1.647643e+02
      vertex   1.861426e+02 -2.700000e+01 1.661819e+02
      vertex   1.879130e+02 -2.700000e+01 1.645512e+02
    endloop
  endfacet
  facet normal 5.843592e-08 -1.000000e+00 -1.849534e-14
    outer loop
      vertex   1.879130e+02 -2.700000e+01 1.645512e+02
      vertex   1.861426e+02 -2.700000e+01 1.661819e+02
      vertex   1.859104e+02 -2.700000e+01 1.658773e+02
    endloop
  endfacet
  facet normal 5.843593e-08 -1.000000e+00 -1.217200e-14
    outer loop
      vertex   1.879130e+02 -2.700000e+01 1.645512e+02
      vertex   1.859104e+02 -2.700000e+01 1.658773e+02
      vertex   1.877600e+02 -2.700000e+01 1.643206e+02
    endloop
  endfacet
  facet normal 5.843593e-08 -1.000000e+00 -5.680750e-15
    outer loop
      vertex   1.877600e+02 -2.700000e+01 1.643206e+02
      vertex   1.859104e+02 -2.700000e+01 1.658773e+02
      vertex   1.857022e+02 -2.700000e+01 1.655558e+02
    endloop
  endfacet
  facet normal 5.843593e-08 -1.000000e+00 -3.076889e-15
    outer loop
      vertex   1.877600e+02 -2.700000e+01 1.643206e+02
      vertex   1.857022e+02 -2.700000e+01 1.655558e+02
      vertex   1.855192e+02 -2.700000e+01 1.652193e+02
    endloop
  endfacet
  facet normal 5.843594e-08 -1.000000e+00 7.975576e-15
    outer loop
      vertex   1.877600e+02 -2.700000e+01 1.643206e+02
      vertex   1.855192e+02 -2.700000e+01 1.652193e+02
      vertex   1.876324e+02 -2.700000e+01 1.640750e+02
    endloop
  endfacet
  facet normal 5.843594e-08 -1.000000e+00 9.671726e-16
    outer loop
      vertex   1.876324e+02 -2.700000e+01 1.640750e+02
      vertex   1.855192e+02 -2.700000e+01 1.652193e+02
      vertex   1.853625e+02 -2.700000e+01 1.648698e+02
    endloop
  endfacet
  facet normal 5.843593e-08 -1.000000e+00 -5.560069e-15
    outer loop
      vertex   1.876324e+02 -2.700000e+01 1.640750e+02
      vertex   1.853625e+02 -2.700000e+01 1.648698e+02
      vertex   1.875316e+02 -2.700000e+01 1.638173e+02
    endloop
  endfacet
  facet normal 5.843593e-08 -1.000000e+00 -4.605982e-15
    outer loop
      vertex   1.875316e+02 -2.700000e+01 1.638173e+02
      vertex   1.853625e+02 -2.700000e+01 1.648698e+02
      vertex   1.852330e+02 -2.700000e+01 1.645093e+02
    endloop
  endfacet
  facet normal 5.843593e-08 -1.000000e+00 -9.780845e-15
    outer loop
      vertex   1.875316e+02 -2.700000e+01 1.638173e+02
      vertex   1.852330e+02 -2.700000e+01 1.645093e+02
      vertex   1.851315e+02 -2.700000e+01 1.641399e+02
    endloop
  endfacet
  facet normal 5.843593e-08 -1.000000e+00 -7.666172e-16
    outer loop
      vertex   1.875316e+02 -2.700000e+01 1.638173e+02
      vertex   1.851315e+02 -2.700000e+01 1.641399e+02
      vertex   1.874588e+02 -2.700000e+01 1.635503e+02
    endloop
  endfacet
  facet normal 5.843593e-08 -1.000000e+00 1.412509e-15
    outer loop
      vertex   1.874588e+02 -2.700000e+01 1.635503e+02
      vertex   1.851315e+02 -2.700000e+01 1.641399e+02
      vertex   1.850586e+02 -2.700000e+01 1.637639e+02
    endloop
  endfacet
  facet normal 5.843593e-08 -1.000000e+00 -6.668186e-15
    outer loop
      vertex   1.874588e+02 -2.700000e+01 1.635503e+02
      vertex   1.850586e+02 -2.700000e+01 1.637639e+02
      vertex   1.874147e+02 -2.700000e+01 1.632770e+02
    endloop
  endfacet
  facet normal 5.843593e-08 -1.000000e+00 -5.147115e-15
    outer loop
      vertex   1.874147e+02 -2.700000e+01 1.632770e+02
      vertex   1.850586e+02 -2.700000e+01 1.637639e+02
      vertex   1.850147e+02 -2.700000e+01 1.633834e+02
    endloop
  endfacet
  facet normal 5.843593e-08 -1.000000e+00 1.457527e-14
    outer loop
      vertex   1.874147e+02 -2.700000e+01 1.632770e+02
      vertex   1.850147e+02 -2.700000e+01 1.633834e+02
      vertex   1.874000e+02 -2.700000e+01 1.630007e+02
    endloop
  endfacet
  facet normal 9.992655e-01 -1.196355e-03 -3.830271e-02
    outer loop
      vertex   1.650147e+02 -2.700000e+01 1.633834e+02
      vertex   1.650027e+02 -3.000000e+01 1.631639e+02
      vertex   1.650000e+02 -2.700000e+01 1.630007e+02
    endloop
  endfacet
  facet normal 9.999841e-01 1.189149e-03 5.517073e-03
    outer loop
      vertex   1.650000e+02 -2.700000e+01 1.630007e+02
      vertex   1.650027e+02 -3.000000e+01 1.631639e+02
      vertex   1.650048e+02 -3.000000e+01 1.627823e+02
    endloop
  endfacet
  facet normal 9.992655e-01 -1.198829e-03 3.830271e-02
    outer loop
      vertex   1.650000e+02 -2.700000e+01 1.630007e+02
      vertex   1.650048e+02 -3.000000e+01 1.627823e+02
      vertex   1.650147e+02 -2.700000e+01 1.626179e+02
    endloop
  endfacet
  facet normal 9.966496e-01 1.191563e-03 8.178070e-02
    outer loop
      vertex   1.650147e+02 -2.700000e+01 1.626179e+02
      vertex   1.650048e+02 -3.000000e+01 1.627823e+02
      vertex   1.650360e+02 -3.000000e+01 1.624019e+02
    endloop
  endfacet
  facet normal 9.934014e-01 -1.201184e-03 1.146833e-01
    outer loop
      vertex   1.650147e+02 -2.700000e+01 1.626179e+02
      vertex   1.650360e+02 -3.000000e+01 1.624019e+02
      vertex   1.650586e+02 -2.700000e+01 1.622374e+02
    endloop
  endfacet
  facet normal 9.875075e-01 1.193856e-03 1.575678e-01
    outer loop
      vertex   1.650586e+02 -2.700000e+01 1.622374e+02
      vertex   1.650360e+02 -3.000000e+01 1.624019e+02
      vertex   1.650961e+02 -3.000000e+01 1.620249e+02
    endloop
  endfacet
  facet normal 9.817076e-01 -1.203417e-03 1.903910e-01
    outer loop
      vertex   1.650586e+02 -2.700000e+01 1.622374e+02
      vertex   1.650961e+02 -3.000000e+01 1.620249e+02
      vertex   1.651315e+02 -2.700000e+01 1.618614e+02
    endloop
  endfacet
  facet normal 9.726108e-01 1.196028e-03 2.324366e-01
    outer loop
      vertex   1.651315e+02 -2.700000e+01 1.618614e+02
      vertex   1.650961e+02 -3.000000e+01 1.620249e+02
      vertex   1.651848e+02 -3.000000e+01 1.616537e+02
    endloop
  endfacet
  facet normal 9.642528e-01 -1.205531e-03 2.649813e-01
    outer loop
      vertex   1.651315e+02 -2.700000e+01 1.618614e+02
      vertex   1.651848e+02 -3.000000e+01 1.616537e+02
      vertex   1.652330e+02 -2.700000e+01 1.614921e+02
    endloop
  endfacet
  facet normal 9.520465e-01 1.198079e-03 3.059510e-01
    outer loop
      vertex   1.652330e+02 -2.700000e+01 1.614921e+02
      vertex   1.651848e+02 -3.000000e+01 1.616537e+02
      vertex   1.653016e+02 -3.000000e+01 1.612903e+02
    endloop
  endfacet
  facet normal 9.411394e-01 -1.207524e-03 3.380166e-01
    outer loop
      vertex   1.652330e+02 -2.700000e+01 1.614921e+02
      vertex   1.653016e+02 -3.000000e+01 1.612903e+02
      vertex   1.653625e+02 -2.700000e+01 1.611316e+02
    endloop
  endfacet
  facet normal 9.259344e-01 1.200009e-03 3.776826e-01
    outer loop
      vertex   1.653625e+02 -2.700000e+01 1.611316e+02
      vertex   1.653016e+02 -3.000000e+01 1.612903e+02
      vertex   1.654458e+02 -3.000000e+01 1.609369e+02
    endloop
  endfacet
  facet normal 9.125029e-01 -1.209397e-03 4.090683e-01
    outer loop
      vertex   1.653625e+02 -2.700000e+01 1.611316e+02
      vertex   1.654458e+02 -3.000000e+01 1.609369e+02
      vertex   1.655192e+02 -2.700000e+01 1.607821e+02
    endloop
  endfacet
  facet normal 8.944265e-01 1.201818e-03 4.472133e-01
    outer loop
      vertex   1.655192e+02 -2.700000e+01 1.607821e+02
      vertex   1.654458e+02 -3.000000e+01 1.609369e+02
      vertex   1.656165e+02 -3.000000e+01 1.605955e+02
    endloop
  endfacet
  facet normal 8.785116e-01 -1.211149e-03 4.777195e-01
    outer loop
      vertex   1.655192e+02 -2.700000e+01 1.607821e+02
      vertex   1.656165e+02 -3.000000e+01 1.605955e+02
      vertex   1.657022e+02 -2.700000e+01 1.604456e+02
    endloop
  endfacet
  facet normal 8.577067e-01 1.203505e-03 5.141379e-01
    outer loop
      vertex   1.657022e+02 -2.700000e+01 1.604456e+02
      vertex   1.656165e+02 -3.000000e+01 1.605955e+02
      vertex   1.658127e+02 -3.000000e+01 1.602682e+02
    endloop
  endfacet
  facet normal 8.393648e-01 -1.212781e-03 5.435672e-01
    outer loop
      vertex   1.657022e+02 -2.700000e+01 1.604456e+02
      vertex   1.658127e+02 -3.000000e+01 1.602682e+02
      vertex   1.659104e+02 -2.700000e+01 1.601241e+02
    endloop
  endfacet
  facet normal 8.159887e-01 1.205072e-03 5.780666e-01
    outer loop
      vertex   1.659104e+02 -2.700000e+01 1.601241e+02
      vertex   1.658127e+02 -3.000000e+01 1.602682e+02
      vertex   1.660333e+02 -3.000000e+01 1.599567e+02
    endloop
  endfacet
  facet normal 7.952923e-01 -1.214293e-03 6.062250e-01
    outer loop
      vertex   1.659104e+02 -2.700000e+01 1.601241e+02
      vertex   1.660333e+02 -3.000000e+01 1.599567e+02
      vertex   1.661426e+02 -2.700000e+01 1.598195e+02
    endloop
  endfacet
  facet normal 7.695158e-01 1.206518e-03 6.386267e-01
    outer loop
      vertex   1.661426e+02 -2.700000e+01 1.598195e+02
      vertex   1.660333e+02 -3.000000e+01 1.599567e+02
      vertex   1.662771e+02 -3.000000e+01 1.596630e+02
    endloop
  endfacet
  facet normal 7.465527e-01 -1.215684e-03 6.653252e-01
    outer loop
      vertex   1.661426e+02 -2.700000e+01 1.598195e+02
      vertex   1.662771e+02 -3.000000e+01 1.596630e+02
      vertex   1.663974e+02 -2.700000e+01 1.595335e+02
    endloop
  endfacet
  facet normal 7.185587e-01 1.207843e-03 6.954653e-01
    outer loop
      vertex   1.663974e+02 -2.700000e+01 1.595335e+02
      vertex   1.662771e+02 -3.000000e+01 1.596630e+02
      vertex   1.665425e+02 -3.000000e+01 1.593887e+02
    endloop
  endfacet
  facet normal 6.934320e-01 -1.216954e-03 7.205211e-01
    outer loop
      vertex   1.663974e+02 -2.700000e+01 1.595335e+02
      vertex   1.665425e+02 -3.000000e+01 1.593887e+02
      vertex   1.666734e+02 -2.700000e+01 1.592679e+02
    endloop
  endfacet
  facet normal 6.634143e-01 1.209047e-03 7.482513e-01
    outer loop
      vertex   1.666734e+02 -2.700000e+01 1.592679e+02
      vertex   1.665425e+02 -3.000000e+01 1.593887e+02
      vertex   1.668281e+02 -3.000000e+01 1.591355e+02
    endloop
  endfacet
  facet normal 6.362420e-01 -1.218105e-03 7.714886e-01
    outer loop
      vertex   1.666734e+02 -2.700000e+01 1.592679e+02
      vertex   1.668281e+02 -3.000000e+01 1.591355e+02
      vertex   1.669689e+02 -2.700000e+01 1.590242e+02
    endloop
  endfacet
  facet normal 6.044041e-01 1.210130e-03 7.966770e-01
    outer loop
      vertex   1.669689e+02 -2.700000e+01 1.590242e+02
      vertex   1.668281e+02 -3.000000e+01 1.591355e+02
      vertex   1.671322e+02 -3.000000e+01 1.589048e+02
    endloop
  endfacet
  facet normal 5.753182e-01 -1.219134e-03 8.179288e-01
    outer loop
      vertex   1.669689e+02 -2.700000e+01 1.590242e+02
      vertex   1.671322e+02 -3.000000e+01 1.589048e+02
      vertex   1.672822e+02 -2.700000e+01 1.588038e+02
    endloop
  endfacet
  facet normal 5.418718e-01 1.211092e-03 8.404603e-01
    outer loop
      vertex   1.672822e+02 -2.700000e+01 1.588038e+02
      vertex   1.671322e+02 -3.000000e+01 1.589048e+02
      vertex   1.674530e+02 -3.000000e+01 1.586980e+02
    endloop
  endfacet
  facet normal 5.110183e-01 -1.220043e-03 8.595690e-01
    outer loop
      vertex   1.672822e+02 -2.700000e+01 1.588038e+02
      vertex   1.674530e+02 -3.000000e+01 1.586980e+02
      vertex   1.676114e+02 -2.700000e+01 1.586081e+02
    endloop
  endfacet
  facet normal 4.761819e-01 1.211933e-03 8.793459e-01
    outer loop
      vertex   1.676114e+02 -2.700000e+01 1.586081e+02
      vertex   1.674530e+02 -3.000000e+01 1.586980e+02
      vertex   1.677886e+02 -3.000000e+01 1.585163e+02
    endloop
  endfacet
  facet normal 4.437195e-01 -1.220832e-03 8.961649e-01
    outer loop
      vertex   1.676114e+02 -2.700000e+01 1.586081e+02
      vertex   1.677886e+02 -3.000000e+01 1.585163e+02
      vertex   1.679547e+02 -2.700000e+01 1.584381e+02
    endloop
  endfacet
  facet normal 4.077172e-01 1.212654e-03 9.131074e-01
    outer loop
      vertex   1.679547e+02 -2.700000e+01 1.584381e+02
      vertex   1.677886e+02 -3.000000e+01 1.585163e+02
      vertex   1.681372e+02 -3.000000e+01 1.583606e+02
    endloop
  endfacet
  facet normal 3.738168e-01 -1.221500e-03 9.275018e-01
    outer loop
      vertex   1.679547e+02 -2.700000e+01 1.584381e+02
      vertex   1.681372e+02 -3.000000e+01 1.583606e+02
      vertex   1.683099e+02 -2.700000e+01 1.582950e+02
    endloop
  endfacet
  facet normal 3.368766e-01 1.213253e-03 9.415480e-01
    outer loop
      vertex   1.683099e+02 -2.700000e+01 1.582950e+02
      vertex   1.681372e+02 -3.000000e+01 1.583606e+02
      vertex   1.684965e+02 -3.000000e+01 1.582321e+02
    endloop
  endfacet
  facet normal 3.017204e-01 -1.222047e-03 9.533957e-01
    outer loop
      vertex   1.683099e+02 -2.700000e+01 1.582950e+02
      vertex   1.684965e+02 -3.000000e+01 1.582321e+02
      vertex   1.686751e+02 -2.700000e+01 1.581794e+02
    endloop
  endfacet
  facet normal 2.640729e-01 1.213732e-03 9.645020e-01
    outer loop
      vertex   1.686751e+02 -2.700000e+01 1.581794e+02
      vertex   1.684965e+02 -3.000000e+01 1.582321e+02
      vertex   1.688647e+02 -3.000000e+01 1.581313e+02
    endloop
  endfacet
  facet normal 2.278533e-01 -1.222474e-03 9.736947e-01
    outer loop
      vertex   1.686751e+02 -2.700000e+01 1.581794e+02
      vertex   1.688647e+02 -3.000000e+01 1.581313e+02
      vertex   1.690480e+02 -2.700000e+01 1.580921e+02
    endloop
  endfacet
  facet normal 1.897304e-01 1.214089e-03 9.818355e-01
    outer loop
      vertex   1.690480e+02 -2.700000e+01 1.580921e+02
      vertex   1.688647e+02 -3.000000e+01 1.581313e+02
      vertex   1.692394e+02 -3.000000e+01 1.580589e+02
    endloop
  endfacet
  facet normal 1.526492e-01 -1.222780e-03 9.882797e-01
    outer loop
      vertex   1.690480e+02 -2.700000e+01 1.580921e+02
      vertex   1.692394e+02 -3.000000e+01 1.580589e+02
      vertex   1.694266e+02 -2.700000e+01 1.580337e+02
    endloop
  endfacet
  facet normal 1.142823e-01 1.214326e-03 9.934476e-01
    outer loop
      vertex   1.694266e+02 -2.700000e+01 1.580337e+02
      vertex   1.692394e+02 -3.000000e+01 1.580589e+02
      vertex   1.696186e+02 -3.000000e+01 1.580152e+02
    endloop
  endfacet
  facet normal 7.654920e-02 -1.222966e-03 9.970651e-01
    outer loop
      vertex   1.694266e+02 -2.700000e+01 1.580337e+02
      vertex   1.696186e+02 -3.000000e+01 1.580152e+02
      vertex   1.698085e+02 -2.700000e+01 1.580043e+02
    endloop
  endfacet
  facet normal 3.816824e-02 1.214443e-03 9.992706e-01
    outer loop
      vertex   1.698085e+02 -2.700000e+01 1.580043e+02
      vertex   1.696186e+02 -3.000000e+01 1.580152e+02
      vertex   1.700000e+02 -3.000000e+01 1.580007e+02
    endloop
  endfacet
  facet normal 7.146893e-11 -1.223031e-03 9.999993e-01
    outer loop
      vertex   1.698085e+02 -2.700000e+01 1.580043e+02
      vertex   1.700000e+02 -3.000000e+01 1.580007e+02
      vertex   1.701915e+02 -2.700000e+01 1.580043e+02
    endloop
  endfacet
  facet normal -3.816824e-02 1.214438e-03 9.992706e-01
    outer loop
      vertex   1.701915e+02 -2.700000e+01 1.580043e+02
      vertex   1.700000e+02 -3.000000e+01 1.580007e+02
      vertex   1.703814e+02 -3.000000e+01 1.580152e+02
    endloop
  endfacet
  facet normal -7.654920e-02 -1.222975e-03 9.970651e-01
    outer loop
      vertex   1.701915e+02 -2.700000e+01 1.580043e+02
      vertex   1.703814e+02 -3.000000e+01 1.580152e+02
      vertex   1.705734e+02 -2.700000e+01 1.580337e+02
    endloop
  endfacet
  facet normal -1.142823e-01 1.214313e-03 9.934476e-01
    outer loop
      vertex   1.705734e+02 -2.700000e+01 1.580337e+02
      vertex   1.703814e+02 -3.000000e+01 1.580152e+02
      vertex   1.707606e+02 -3.000000e+01 1.580589e+02
    endloop
  endfacet
  facet normal -1.526492e-01 -1.222798e-03 9.882797e-01
    outer loop
      vertex   1.705734e+02 -2.700000e+01 1.580337e+02
      vertex   1.707606e+02 -3.000000e+01 1.580589e+02
      vertex   1.709520e+02 -2.700000e+01 1.580921e+02
    endloop
  endfacet
  facet normal -1.897304e-01 1.214067e-03 9.818355e-01
    outer loop
      vertex   1.709520e+02 -2.700000e+01 1.580921e+02
      vertex   1.707606e+02 -3.000000e+01 1.580589e+02
      vertex   1.711353e+02 -3.000000e+01 1.581313e+02
    endloop
  endfacet
  facet normal -2.278533e-01 -1.222501e-03 9.736947e-01
    outer loop
      vertex   1.709520e+02 -2.700000e+01 1.580921e+02
      vertex   1.711353e+02 -3.000000e+01 1.581313e+02
      vertex   1.713249e+02 -2.700000e+01 1.581794e+02
    endloop
  endfacet
  facet normal -2.640729e-01 1.213701e-03 9.645020e-01
    outer loop
      vertex   1.713249e+02 -2.700000e+01 1.581794e+02
      vertex   1.711353e+02 -3.000000e+01 1.581313e+02
      vertex   1.715035e+02 -3.000000e+01 1.582321e+02
    endloop
  endfacet
  facet normal -3.017204e-01 -1.222083e-03 9.533957e-01
    outer loop
      vertex   1.713249e+02 -2.700000e+01 1.581794e+02
      vertex   1.715035e+02 -3.000000e+01 1.582321e+02
      vertex   1.716901e+02 -2.700000e+01 1.582950e+02
    endloop
  endfacet
  facet normal -3.368766e-01 1.213214e-03 9.415480e-01
    outer loop
      vertex   1.716901e+02 -2.700000e+01 1.582950e+02
      vertex   1.715035e+02 -3.000000e+01 1.582321e+02
      vertex   1.718628e+02 -3.000000e+01 1.583606e+02
    endloop
  endfacet
  facet normal -3.738168e-01 -1.221544e-03 9.275018e-01
    outer loop
      vertex   1.716901e+02 -2.700000e+01 1.582950e+02
      vertex   1.718628e+02 -3.000000e+01 1.583606e+02
      vertex   1.720453e+02 -2.700000e+01 1.584381e+02
    endloop
  endfacet
  facet normal -4.077172e-01 1.212606e-03 9.131074e-01
    outer loop
      vertex   1.720453e+02 -2.700000e+01 1.584381e+02
      vertex   1.718628e+02 -3.000000e+01 1.583606e+02
      vertex   1.722114e+02 -3.000000e+01 1.585163e+02
    endloop
  endfacet
  facet normal -4.437195e-01 -1.220884e-03 8.961649e-01
    outer loop
      vertex   1.720453e+02 -2.700000e+01 1.584381e+02
      vertex   1.722114e+02 -3.000000e+01 1.585163e+02
      vertex   1.723886e+02 -2.700000e+01 1.586081e+02
    endloop
  endfacet
  facet normal -4.761819e-01 1.211878e-03 8.793459e-01
    outer loop
      vertex   1.723886e+02 -2.700000e+01 1.586081e+02
      vertex   1.722114e+02 -3.000000e+01 1.585163e+02
      vertex   1.725470e+02 -3.000000e+01 1.586980e+02
    endloop
  endfacet
  facet normal -5.110183e-01 -1.220103e-03 8.595690e-01
    outer loop
      vertex   1.723886e+02 -2.700000e+01 1.586081e+02
      vertex   1.725470e+02 -3.000000e+01 1.586980e+02
      vertex   1.727178e+02 -2.700000e+01 1.588038e+02
    endloop
  endfacet
  facet normal -5.418718e-01 1.211029e-03 8.404603e-01
    outer loop
      vertex   1.727178e+02 -2.700000e+01 1.588038e+02
      vertex   1.725470e+02 -3.000000e+01 1.586980e+02
      vertex   1.728678e+02 -3.000000e+01 1.589048e+02
    endloop
  endfacet
  facet normal -5.753182e-01 -1.219201e-03 8.179288e-01
    outer loop
      vertex   1.727178e+02 -2.700000e+01 1.588038e+02
      vertex   1.728678e+02 -3.000000e+01 1.589048e+02
      vertex   1.730311e+02 -2.700000e+01 1.590242e+02
    endloop
  endfacet
  facet normal -6.044041e-01 1.210059e-03 7.966770e-01
    outer loop
      vertex   1.730311e+02 -2.700000e+01 1.590242e+02
      vertex   1.728678e+02 -3.000000e+01 1.589048e+02
      vertex   1.731719e+02 -3.000000e+01 1.591355e+02
    endloop
  endfacet
  facet normal -6.362420e-01 -1.218179e-03 7.714886e-01
    outer loop
      vertex   1.730311e+02 -2.700000e+01 1.590242e+02
      vertex   1.731719e+02 -3.000000e+01 1.591355e+02
      vertex   1.733266e+02 -2.700000e+01 1.592679e+02
    endloop
  endfacet
  facet normal -6.634143e-01 1.208969e-03 7.482513e-01
    outer loop
      vertex   1.733266e+02 -2.700000e+01 1.592679e+02
      vertex   1.731719e+02 -3.000000e+01 1.591355e+02
      vertex   1.734575e+02 -3.000000e+01 1.593887e+02
    endloop
  endfacet
  facet normal -6.934320e-01 -1.217035e-03 7.205211e-01
    outer loop
      vertex   1.733266e+02 -2.700000e+01 1.592679e+02
      vertex   1.734575e+02 -3.000000e+01 1.593887e+02
      vertex   1.736026e+02 -2.700000e+01 1.595335e+02
    endloop
  endfacet
  facet normal -7.185587e-01 1.207759e-03 6.954653e-01
    outer loop
      vertex   1.736026e+02 -2.700000e+01 1.595335e+02
      vertex   1.734575e+02 -3.000000e+01 1.593887e+02
      vertex   1.737229e+02 -3.000000e+01 1.596630e+02
    endloop
  endfacet
  facet normal -7.465527e-01 -1.215771e-03 6.653252e-01
    outer loop
      vertex   1.736026e+02 -2.700000e+01 1.595335e+02
      vertex   1.737229e+02 -3.000000e+01 1.596630e+02
      vertex   1.738574e+02 -2.700000e+01 1.598195e+02
    endloop
  endfacet
  facet normal -7.695158e-01 1.206428e-03 6.386267e-01
    outer loop
      vertex   1.738574e+02 -2.700000e+01 1.598195e+02
      vertex   1.737229e+02 -3.000000e+01 1.596630e+02
      vertex   1.739667e+02 -3.000000e+01 1.599567e+02
    endloop
  endfacet
  facet normal -7.952923e-01 -1.214386e-03 6.062250e-01
    outer loop
      vertex   1.738574e+02 -2.700000e+01 1.598195e+02
      vertex   1.739667e+02 -3.000000e+01 1.599567e+02
      vertex   1.740896e+02 -2.700000e+01 1.601241e+02
    endloop
  endfacet
  facet normal -8.159887e-01 1.204977e-03 5.780666e-01
    outer loop
      vertex   1.740896e+02 -2.700000e+01 1.601241e+02
      vertex   1.739667e+02 -3.000000e+01 1.599567e+02
      vertex   1.741873e+02 -3.000000e+01 1.602682e+02
    endloop
  endfacet
  facet normal -8.393648e-01 -1.212879e-03 5.435672e-01
    outer loop
      vertex   1.740896e+02 -2.700000e+01 1.601241e+02
      vertex   1.741873e+02 -3.000000e+01 1.602682e+02
      vertex   1.742978e+02 -2.700000e+01 1.604456e+02
    endloop
  endfacet
  facet normal -8.577067e-01 1.203405e-03 5.141379e-01
    outer loop
      vertex   1.742978e+02 -2.700000e+01 1.604456e+02
      vertex   1.741873e+02 -3.000000e+01 1.602682e+02
      vertex   1.743835e+02 -3.000000e+01 1.605955e+02
    endloop
  endfacet
  facet normal -8.785116e-01 -1.211252e-03 4.777195e-01
    outer loop
      vertex   1.742978e+02 -2.700000e+01 1.604456e+02
      vertex   1.743835e+02 -3.000000e+01 1.605955e+02
      vertex   1.744808e+02 -2.700000e+01 1.607821e+02
    endloop
  endfacet
  facet normal -8.944265e-01 1.201713e-03 4.472133e-01
    outer loop
      vertex   1.744808e+02 -2.700000e+01 1.607821e+02
      vertex   1.743835e+02 -3.000000e+01 1.605955e+02
      vertex   1.745542e+02 -3.000000e+01 1.609369e+02
    endloop
  endfacet
  facet normal -9.125029e-01 -1.209504e-03 4.090683e-01
    outer loop
      vertex   1.744808e+02 -2.700000e+01 1.607821e+02
      vertex   1.745542e+02 -3.000000e+01 1.609369e+02
      vertex   1.746375e+02 -2.700000e+01 1.611316e+02
    endloop
  endfacet
  facet normal -9.259344e-01 1.199900e-03 3.776826e-01
    outer loop
      vertex   1.746375e+02 -2.700000e+01 1.611316e+02
      vertex   1.745542e+02 -3.000000e+01 1.609369e+02
      vertex   1.746984e+02 -3.000000e+01 1.612903e+02
    endloop
  endfacet
  facet normal -9.411394e-01 -1.207634e-03 3.380166e-01
    outer loop
      vertex   1.746375e+02 -2.700000e+01 1.611316e+02
      vertex   1.746984e+02 -3.000000e+01 1.612903e+02
      vertex   1.747670e+02 -2.700000e+01 1.614921e+02
    endloop
  endfacet
  facet normal -9.520465e-01 1.197968e-03 3.059510e-01
    outer loop
      vertex   1.747670e+02 -2.700000e+01 1.614921e+02
      vertex   1.746984e+02 -3.000000e+01 1.612903e+02
      vertex   1.748152e+02 -3.000000e+01 1.616537e+02
    endloop
  endfacet
  facet normal -9.642528e-01 -1.205644e-03 2.649813e-01
    outer loop
      vertex   1.747670e+02 -2.700000e+01 1.614921e+02
      vertex   1.748152e+02 -3.000000e+01 1.616537e+02
      vertex   1.748685e+02 -2.700000e+01 1.618614e+02
    endloop
  endfacet
  facet normal -9.726108e-01 1.195914e-03 2.324366e-01
    outer loop
      vertex   1.748685e+02 -2.700000e+01 1.618614e+02
      vertex   1.748152e+02 -3.000000e+01 1.616537e+02
      vertex   1.749039e+02 -3.000000e+01 1.620249e+02
    endloop
  endfacet
  facet normal -9.817076e-01 -1.203532e-03 1.903910e-01
    outer loop
      vertex   1.748685e+02 -2.700000e+01 1.618614e+02
      vertex   1.749039e+02 -3.000000e+01 1.620249e+02
      vertex   1.749414e+02 -2.700000e+01 1.622374e+02
    endloop
  endfacet
  facet normal -9.875075e-01 1.193740e-03 1.575678e-01
    outer loop
      vertex   1.749414e+02 -2.700000e+01 1.622374e+02
      vertex   1.749039e+02 -3.000000e+01 1.620249e+02
      vertex   1.749640e+02 -3.000000e+01 1.624019e+02
    endloop
  endfacet
  facet normal -9.934014e-01 -1.201300e-03 1.146833e-01
    outer loop
      vertex   1.749414e+02 -2.700000e+01 1.622374e+02
      vertex   1.749640e+02 -3.000000e+01 1.624019e+02
      vertex   1.749853e+02 -2.700000e+01 1.626179e+02
    endloop
  endfacet
  facet normal -9.966496e-01 1.191446e-03 8.178070e-02
    outer loop
      vertex   1.749853e+02 -2.700000e+01 1.626179e+02
      vertex   1.749640e+02 -3.000000e+01 1.624019e+02
      vertex   1.749952e+02 -3.000000e+01 1.627823e+02
    endloop
  endfacet
  facet normal -9.992655e-01 -1.198946e-03 3.830271e-02
    outer loop
      vertex   1.749853e+02 -2.700000e+01 1.626179e+02
      vertex   1.749952e+02 -3.000000e+01 1.627823e+02
      vertex   1.750000e+02 -2.700000e+01 1.630007e+02
    endloop
  endfacet
  facet normal -9.999841e-01 1.189032e-03 5.517073e-03
    outer loop
      vertex   1.750000e+02 -2.700000e+01 1.630007e+02
      vertex   1.749952e+02 -3.000000e+01 1.627823e+02
      vertex   1.749973e+02 -3.000000e+01 1.631639e+02
    endloop
  endfacet
  facet normal -9.992655e-01 -1.196471e-03 -3.830271e-02
    outer loop
      vertex   1.750000e+02 -2.700000e+01 1.630007e+02
      vertex   1.749973e+02 -3.000000e+01 1.631639e+02
      vertex   1.749853e+02 -2.700000e+01 1.633834e+02
    endloop
  endfacet
  facet normal -9.974913e-01 1.186497e-03 -7.077870e-02
    outer loop
      vertex   1.749853e+02 -2.700000e+01 1.633834e+02
      vertex   1.749973e+02 -3.000000e+01 1.631639e+02
      vertex   1.749703e+02 -3.000000e+01 1.635447e+02
    endloop
  endfacet
  facet normal -9.934014e-01 -1.193876e-03 -1.146833e-01
    outer loop
      vertex   1.749853e+02 -2.700000e+01 1.633834e+02
      vertex   1.749703e+02 -3.000000e+01 1.635447e+02
      vertex   1.749414e+02 -2.700000e+01 1.637639e+02
    endloop
  endfacet
  facet normal -9.891860e-01 1.183842e-03 -1.466620e-01
    outer loop
      vertex   1.749414e+02 -2.700000e+01 1.637639e+02
      vertex   1.749703e+02 -3.000000e+01 1.635447e+02
      vertex   1.749143e+02 -3.000000e+01 1.639222e+02
    endloop
  endfacet
  facet normal -9.817076e-01 -1.191159e-03 -1.903910e-01
    outer loop
      vertex   1.749414e+02 -2.700000e+01 1.637639e+02
      vertex   1.749143e+02 -3.000000e+01 1.639222e+02
      vertex   1.748685e+02 -2.700000e+01 1.641399e+02
    endloop
  endfacet
  facet normal -9.751163e-01 1.181066e-03 -2.216907e-01
    outer loop
      vertex   1.748685e+02 -2.700000e+01 1.641399e+02
      vertex   1.749143e+02 -3.000000e+01 1.639222e+02
      vertex   1.748297e+02 -3.000000e+01 1.642944e+02
    endloop
  endfacet
  facet normal -9.642528e-01 -1.188321e-03 -2.649813e-01
    outer loop
      vertex   1.748685e+02 -2.700000e+01 1.641399e+02
      vertex   1.748297e+02 -3.000000e+01 1.642944e+02
      vertex   1.747670e+02 -2.700000e+01 1.645093e+02
    endloop
  endfacet
  facet normal -9.553644e-01 1.178170e-03 -2.954276e-01
    outer loop
      vertex   1.747670e+02 -2.700000e+01 1.645093e+02
      vertex   1.748297e+02 -3.000000e+01 1.642944e+02
      vertex   1.747170e+02 -3.000000e+01 1.646591e+02
    endloop
  endfacet
  facet normal -9.411394e-01 -1.185362e-03 -3.380166e-01
    outer loop
      vertex   1.747670e+02 -2.700000e+01 1.645093e+02
      vertex   1.747170e+02 -3.000000e+01 1.646591e+02
      vertex   1.746375e+02 -2.700000e+01 1.648698e+02
    endloop
  endfacet
  facet normal -9.300454e-01 1.175154e-03 -3.674429e-01
    outer loop
      vertex   1.746375e+02 -2.700000e+01 1.648698e+02
      vertex   1.747170e+02 -3.000000e+01 1.646591e+02
      vertex   1.745767e+02 -3.000000e+01 1.650140e+02
    endloop
  endfacet
  facet normal -9.125030e-01 -1.182282e-03 -4.090684e-01
    outer loop
      vertex   1.746375e+02 -2.700000e+01 1.648698e+02
      vertex   1.745767e+02 -3.000000e+01 1.650140e+02
      vertex   1.744808e+02 -2.700000e+01 1.652193e+02
    endloop
  endfacet
  facet normal -8.993067e-01 1.172017e-03 -4.373170e-01
    outer loop
      vertex   1.744808e+02 -2.700000e+01 1.652193e+02
      vertex   1.745767e+02 -3.000000e+01 1.650140e+02
      vertex   1.744098e+02 -3.000000e+01 1.653573e+02
    endloop
  endfacet
  facet normal -8.785116e-01 -1.179081e-03 -4.777195e-01
    outer loop
      vertex   1.744808e+02 -2.700000e+01 1.652193e+02
      vertex   1.744098e+02 -3.000000e+01 1.653573e+02
      vertex   1.742978e+02 -2.700000e+01 1.655558e+02
    endloop
  endfacet
  facet normal -8.633275e-01 1.168760e-03 -5.046427e-01
    outer loop
      vertex   1.742978e+02 -2.700000e+01 1.655558e+02
      vertex   1.744098e+02 -3.000000e+01 1.653573e+02
      vertex   1.742172e+02 -3.000000e+01 1.656868e+02
    endloop
  endfacet
  facet normal -8.393648e-01 -1.175760e-03 -5.435672e-01
    outer loop
      vertex   1.742978e+02 -2.700000e+01 1.655558e+02
      vertex   1.742172e+02 -3.000000e+01 1.656868e+02
      vertex   1.740896e+02 -2.700000e+01 1.658773e+02
    endloop
  endfacet
  facet normal -8.223175e-01 1.165382e-03 -5.690278e-01
    outer loop
      vertex   1.740896e+02 -2.700000e+01 1.658773e+02
      vertex   1.742172e+02 -3.000000e+01 1.656868e+02
      vertex   1.740000e+02 -3.000000e+01 1.660007e+02
    endloop
  endfacet
  facet normal -7.952923e-01 -1.172317e-03 -6.062250e-01
    outer loop
      vertex   1.740896e+02 -2.700000e+01 1.658773e+02
      vertex   1.740000e+02 -3.000000e+01 1.660007e+02
      vertex   1.738574e+02 -2.700000e+01 1.661819e+02
    endloop
  endfacet
  facet normal -7.859535e-01 -4.592792e-08 -6.182856e-01
    outer loop
      vertex   1.738574e+02 -2.700000e+01 1.661819e+02
      vertex   1.740000e+02 -3.000000e+01 1.660007e+02
      vertex   1.738574e+02 -3.350000e+01 1.661819e+02
    endloop
  endfacet
  facet normal -7.465532e-01 -4.362553e-08 -6.653257e-01
    outer loop
      vertex   1.738574e+02 -2.700000e+01 1.661819e+02
      vertex   1.738574e+02 -3.350000e+01 1.661819e+02
      vertex   1.736026e+02 -2.700000e+01 1.664678e+02
    endloop
  endfacet
  facet normal -7.465532e-01 -4.362553e-08 -6.653257e-01
    outer loop
      vertex   1.736026e+02 -2.700000e+01 1.664678e+02
      vertex   1.738574e+02 -3.350000e+01 1.661819e+02
      vertex   1.736026e+02 -3.350000e+01 1.664678e+02
    endloop
  endfacet
  facet normal -6.934325e-01 -4.052137e-08 -7.205216e-01
    outer loop
      vertex   1.736026e+02 -2.700000e+01 1.664678e+02
      vertex   1.736026e+02 -3.350000e+01 1.664678e+02
      vertex   1.733266e+02 -2.700000e+01 1.667334e+02
    endloop
  endfacet
  facet normal -6.934325e-01 -4.052137e-08 -7.205216e-01
    outer loop
      vertex   1.733266e+02 -2.700000e+01 1.667334e+02
      vertex   1.736026e+02 -3.350000e+01 1.664678e+02
      vertex   1.733266e+02 -3.350000e+01 1.667334e+02
    endloop
  endfacet
  facet normal -6.362424e-01 -3.717941e-08 -7.714892e-01
    outer loop
      vertex   1.733266e+02 -2.700000e+01 1.667334e+02
      vertex   1.733266e+02 -3.350000e+01 1.667334e+02
      vertex   1.730311e+02 -2.700000e+01 1.669771e+02
    endloop
  endfacet
  facet normal -6.362424e-01 -3.717941e-08 -7.714892e-01
    outer loop
      vertex   1.730311e+02 -2.700000e+01 1.669771e+02
      vertex   1.733266e+02 -3.350000e+01 1.667334e+02
      vertex   1.730311e+02 -3.350000e+01 1.669771e+02
    endloop
  endfacet
  facet normal -5.753187e-01 -3.361927e-08 -8.179294e-01
    outer loop
      vertex   1.730311e+02 -2.700000e+01 1.669771e+02
      vertex   1.730311e+02 -3.350000e+01 1.669771e+02
      vertex   1.727178e+02 -2.700000e+01 1.671975e+02
    endloop
  endfacet
  facet normal -5.753187e-01 -3.361927e-08 -8.179294e-01
    outer loop
      vertex   1.727178e+02 -2.700000e+01 1.671975e+02
      vertex   1.730311e+02 -3.350000e+01 1.669771e+02
      vertex   1.727178e+02 -3.350000e+01 1.671975e+02
    endloop
  endfacet
  facet normal -5.110187e-01 -2.986185e-08 -8.595696e-01
    outer loop
      vertex   1.727178e+02 -2.700000e+01 1.671975e+02
      vertex   1.727178e+02 -3.350000e+01 1.671975e+02
      vertex   1.723886e+02 -2.700000e+01 1.673932e+02
    endloop
  endfacet
  facet normal -5.110187e-01 -2.986185e-08 -8.595696e-01
    outer loop
      vertex   1.723886e+02 -2.700000e+01 1.673932e+02
      vertex   1.727178e+02 -3.350000e+01 1.671975e+02
      vertex   1.723886e+02 -3.350000e+01 1.673932e+02
    endloop
  endfacet
  facet normal -4.437198e-01 -2.592918e-08 -8.961656e-01
    outer loop
      vertex   1.723886e+02 -2.700000e+01 1.673932e+02
      vertex   1.723886e+02 -3.350000e+01 1.673932e+02
      vertex   1.720453e+02 -2.700000e+01 1.675632e+02
    endloop
  endfacet
  facet normal -4.437198e-01 -2.592918e-08 -8.961656e-01
    outer loop
      vertex   1.720453e+02 -2.700000e+01 1.675632e+02
      vertex   1.723886e+02 -3.350000e+01 1.673932e+02
      vertex   1.720453e+02 -3.350000e+01 1.675632e+02
    endloop
  endfacet
  facet normal -3.738171e-01 -2.184434e-08 -9.275025e-01
    outer loop
      vertex   1.720453e+02 -2.700000e+01 1.675632e+02
      vertex   1.720453e+02 -3.350000e+01 1.675632e+02
      vertex   1.716901e+02 -2.700000e+01 1.677064e+02
    endloop
  endfacet
  facet normal -3.738171e-01 -2.184435e-08 -9.275025e-01
    outer loop
      vertex   1.716901e+02 -2.700000e+01 1.677064e+02
      vertex   1.720453e+02 -3.350000e+01 1.675632e+02
      vertex   1.716901e+02 -3.350000e+01 1.677064e+02
    endloop
  endfacet
  facet normal -3.017206e-01 -1.763132e-08 -9.533964e-01
    outer loop
      vertex   1.716901e+02 -2.700000e+01 1.677064e+02
      vertex   1.716901e+02 -3.350000e+01 1.677064e+02
      vertex   1.713249e+02 -2.700000e+01 1.678219e+02
    endloop
  endfacet
  facet normal -3.017206e-01 -1.763132e-08 -9.533964e-01
    outer loop
      vertex   1.713249e+02 -2.700000e+01 1.678219e+02
      vertex   1.716901e+02 -3.350000e+01 1.677064e+02
      vertex   1.713249e+02 -3.350000e+01 1.678219e+02
    endloop
  endfacet
  facet normal -2.278535e-01 -1.331483e-08 -9.736954e-01
    outer loop
      vertex   1.713249e+02 -2.700000e+01 1.678219e+02
      vertex   1.713249e+02 -3.350000e+01 1.678219e+02
      vertex   1.709520e+02 -2.700000e+01 1.679092e+02
    endloop
  endfacet
  facet normal -2.278535e-01 -1.331483e-08 -9.736954e-01
    outer loop
      vertex   1.709520e+02 -2.700000e+01 1.679092e+02
      vertex   1.713249e+02 -3.350000e+01 1.678219e+02
      vertex   1.709520e+02 -3.350000e+01 1.679092e+02
    endloop
  endfacet
  facet normal -1.526493e-01 -8.920202e-09 -9.882804e-01
    outer loop
      vertex   1.709520e+02 -2.700000e+01 1.679092e+02
      vertex   1.709520e+02 -3.350000e+01 1.679092e+02
      vertex   1.705734e+02 -2.700000e+01 1.679677e+02
    endloop
  endfacet
  facet normal -1.526493e-01 -8.920201e-09 -9.882804e-01
    outer loop
      vertex   1.705734e+02 -2.700000e+01 1.679677e+02
      vertex   1.709520e+02 -3.350000e+01 1.679092e+02
      vertex   1.705734e+02 -3.350000e+01 1.679677e+02
    endloop
  endfacet
  facet normal -7.654925e-02 -4.473226e-09 -9.970658e-01
    outer loop
      vertex   1.705734e+02 -2.700000e+01 1.679677e+02
      vertex   1.705734e+02 -3.350000e+01 1.679677e+02
      vertex   1.701915e+02 -2.700000e+01 1.679970e+02
    endloop
  endfacet
  facet normal -7.654925e-02 -4.473226e-09 -9.970658e-01
    outer loop
      vertex   1.701915e+02 -2.700000e+01 1.679970e+02
      vertex   1.705734e+02 -3.350000e+01 1.679677e+02
      vertex   1.701915e+02 -3.350000e+01 1.679970e+02
    endloop
  endfacet
  facet normal 0.000000e+00 -0.000000e+00 -1.000000e+00
    outer loop
      vertex   1.701915e+02 -2.700000e+01 1.679970e+02
      vertex   1.701915e+02 -3.350000e+01 1.679970e+02
      vertex   1.698085e+02 -2.700000e+01 1.679970e+02
    endloop
  endfacet
  facet normal 0.000000e+00 0.000000e+00 -1.000000e+00
    outer loop
      vertex   1.698085e+02 -2.700000e+01 1.679970e+02
      vertex   1.701915e+02 -3.350000e+01 1.679970e+02
      vertex   1.698085e+02 -3.350000e+01 1.679970e+02
    endloop
  endfacet
  facet normal 7.654925e-02 4.473226e-09 -9.970658e-01
    outer loop
      vertex   1.698085e+02 -2.700000e+01 1.679970e+02
      vertex   1.698085e+02 -3.350000e+01 1.679970e+02
      vertex   1.694266e+02 -2.700000e+01 1.679677e+02
    endloop
  endfacet
  facet normal 7.654925e-02 4.473226e-09 -9.970658e-01
    outer loop
      vertex   1.694266e+02 -2.700000e+01 1.679677e+02
      vertex   1.698085e+02 -3.350000e+01 1.679970e+02
      vertex   1.694266e+02 -3.350000e+01 1.679677e+02
    endloop
  endfacet
  facet normal 1.526493e-01 8.920202e-09 -9.882804e-01
    outer loop
      vertex   1.694266e+02 -2.700000e+01 1.679677e+02
      vertex   1.694266e+02 -3.350000e+01 1.679677e+02
      vertex   1.690480e+02 -2.700000e+01 1.679092e+02
    endloop
  endfacet
  facet normal 1.526493e-01 8.920202e-09 -9.882804e-01
    outer loop
      vertex   1.690480e+02 -2.700000e+01 1.679092e+02
      vertex   1.694266e+02 -3.350000e+01 1.679677e+02
      vertex   1.690480e+02 -3.350000e+01 1.679092e+02
    endloop
  endfacet
  facet normal 2.278535e-01 1.331483e-08 -9.736954e-01
    outer loop
      vertex   1.690480e+02 -2.700000e+01 1.679092e+02
      vertex   1.690480e+02 -3.350000e+01 1.679092e+02
      vertex   1.686751e+02 -2.700000e+01 1.678219e+02
    endloop
  endfacet
  facet normal 2.278535e-01 1.331483e-08 -9.736954e-01
    outer loop
      vertex   1.686751e+02 -2.700000e+01 1.678219e+02
      vertex   1.690480e+02 -3.350000e+01 1.679092e+02
      vertex   1.686751e+02 -3.350000e+01 1.678219e+02
    endloop
  endfacet
  facet normal 3.017206e-01 1.763132e-08 -9.533964e-01
    outer loop
      vertex   1.686751e+02 -2.700000e+01 1.678219e+02
      vertex   1.686751e+02 -3.350000e+01 1.678219e+02
      vertex   1.683099e+02 -2.700000e+01 1.677064e+02
    endloop
  endfacet
  facet normal 3.017206e-01 1.763132e-08 -9.533964e-01
    outer loop
      vertex   1.683099e+02 -2.700000e+01 1.677064e+02
      vertex   1.686751e+02 -3.350000e+01 1.678219e+02
      vertex   1.683099e+02 -3.350000e+01 1.677064e+02
    endloop
  endfacet
  facet normal 3.738171e-01 2.184434e-08 -9.275025e-01
    outer loop
      vertex   1.683099e+02 -2.700000e+01 1.677064e+02
      vertex   1.683099e+02 -3.350000e+01 1.677064e+02
      vertex   1.679547e+02 -2.700000e+01 1.675632e+02
    endloop
  endfacet
  facet normal 3.738171e-01 2.184435e-08 -9.275025e-01
    outer loop
      vertex   1.679547e+02 -2.700000e+01 1.675632e+02
      vertex   1.683099e+02 -3.350000e+01 1.677064e+02
      vertex   1.679547e+02 -3.350000e+01 1.675632e+02
    endloop
  endfacet
  facet normal 4.437198e-01 2.592918e-08 -8.961656e-01
    outer loop
      vertex   1.679547e+02 -2.700000e+01 1.675632e+02
      vertex   1.679547e+02 -3.350000e+01 1.675632e+02
      vertex   1.676114e+02 -2.700000e+01 1.673932e+02
    endloop
  endfacet
  facet normal 4.437198e-01 2.592918e-08 -8.961656e-01
    outer loop
      vertex   1.676114e+02 -2.700000e+01 1.673932e+02
      vertex   1.679547e+02 -3.350000e+01 1.675632e+02
      vertex   1.676114e+02 -3.350000e+01 1.673932e+02
    endloop
  endfacet
  facet normal 5.110187e-01 2.986185e-08 -8.595696e-01
    outer loop
      vertex   1.676114e+02 -2.700000e+01 1.673932e+02
      vertex   1.676114e+02 -3.350000e+01 1.673932e+02
      vertex   1.672822e+02 -2.700000e+01 1.671975e+02
    endloop
  endfacet
  facet normal 5.110187e-01 2.986185e-08 -8.595696e-01
    outer loop
      vertex   1.672822e+02 -2.700000e+01 1.671975e+02
      vertex   1.676114e+02 -3.350000e+01 1.673932e+02
      vertex   1.672822e+02 -3.350000e+01 1.671975e+02
    endloop
  endfacet
  facet normal 5.753187e-01 3.361928e-08 -8.179294e-01
    outer loop
      vertex   1.672822e+02 -2.700000e+01 1.671975e+02
      vertex   1.672822e+02 -3.350000e+01 1.671975e+02
      vertex   1.669689e+02 -2.700000e+01 1.669771e+02
    endloop
  endfacet
  facet normal 5.753187e-01 3.361928e-08 -8.179294e-01
    outer loop
      vertex   1.669689e+02 -2.700000e+01 1.669771e+02
      vertex   1.672822e+02 -3.350000e+01 1.671975e+02
      vertex   1.669689e+02 -3.350000e+01 1.669771e+02
    endloop
  endfacet
  facet normal 6.362424e-01 3.717941e-08 -7.714892e-01
    outer loop
      vertex   1.669689e+02 -2.700000e+01 1.669771e+02
      vertex   1.669689e+02 -3.350000e+01 1.669771e+02
      vertex   1.666734e+02 -2.700000e+01 1.667334e+02
    endloop
  endfacet
  facet normal 6.362424e-01 3.717941e-08 -7.714892e-01
    outer loop
      vertex   1.666734e+02 -2.700000e+01 1.667334e+02
      vertex   1.669689e+02 -3.350000e+01 1.669771e+02
      vertex   1.666734e+02 -3.350000e+01 1.667334e+02
    endloop
  endfacet
  facet normal 6.934325e-01 4.052137e-08 -7.205216e-01
    outer loop
      vertex   1.666734e+02 -2.700000e+01 1.667334e+02
      vertex   1.666734e+02 -3.350000e+01 1.667334e+02
      vertex   1.663974e+02 -2.700000e+01 1.664678e+02
    endloop
  endfacet
  facet normal 6.934325e-01 4.052136e-08 -7.205216e-01
    outer loop
      vertex   1.663974e+02 -2.700000e+01 1.664678e+02
      vertex   1.666734e+02 -3.350000e+01 1.667334e+02
      vertex   1.663974e+02 -3.350000e+01 1.664678e+02
    endloop
  endfacet
  facet normal 7.465532e-01 4.362552e-08 -6.653257e-01
    outer loop
      vertex   1.663974e+02 -2.700000e+01 1.664678e+02
      vertex   1.663974e+02 -3.350000e+01 1.664678e+02
      vertex   1.661426e+02 -2.700000e+01 1.661819e+02
    endloop
  endfacet
  facet normal 7.465532e-01 4.362553e-08 -6.653257e-01
    outer loop
      vertex   1.661426e+02 -2.700000e+01 1.661819e+02
      vertex   1.663974e+02 -3.350000e+01 1.664678e+02
      vertex   1.661426e+02 -3.350000e+01 1.661819e+02
    endloop
  endfacet
  facet normal 7.859535e-01 4.592792e-08 -6.182856e-01
    outer loop
      vertex   1.661426e+02 -2.700000e+01 1.661819e+02
      vertex   1.661426e+02 -3.350000e+01 1.661819e+02
      vertex   1.660000e+02 -3.000000e+01 1.660007e+02
    endloop
  endfacet
  facet normal 7.859535e-01 4.592971e-08 -6.182856e-01
    outer loop
      vertex   1.660000e+02 -3.000000e+01 1.660007e+02
      vertex   1.661426e+02 -3.350000e+01 1.661819e+02
      vertex   1.660000e+02 -4.000000e+01 1.660007e+02
    endloop
  endfacet
  facet normal 7.762262e-01 5.526271e-04 -6.304543e-01
    outer loop
      vertex   1.660000e+02 -4.000000e+01 1.660007e+02
      vertex   1.661426e+02 -3.350000e+01 1.661819e+02
      vertex   1.662435e+02 -4.000000e+01 1.663005e+02
    endloop
  endfacet
  facet normal 7.465531e-01 -5.447464e-04 -6.653256e-01
    outer loop
      vertex   1.662435e+02 -4.000000e+01 1.663005e+02
      vertex   1.661426e+02 -3.350000e+01 1.661819e+02
      vertex   1.663974e+02 -3.350000e+01 1.664678e+02
    endloop
  endfacet
  facet normal 7.252402e-01 5.562034e-04 -6.884957e-01
    outer loop
      vertex   1.662435e+02 -4.000000e+01 1.663005e+02
      vertex   1.663974e+02 -3.350000e+01 1.664678e+02
      vertex   1.665095e+02 -4.000000e+01 1.665806e+02
    endloop
  endfacet
  facet normal 6.934324e-01 -5.481660e-04 -7.205215e-01
    outer loop
      vertex   1.665095e+02 -4.000000e+01 1.665806e+02
      vertex   1.663974e+02 -3.350000e+01 1.664678e+02
      vertex   1.666734e+02 -3.350000e+01 1.667334e+02
    endloop
  endfacet
  facet normal 6.699256e-01 5.594541e-04 -7.424280e-01
    outer loop
      vertex   1.665095e+02 -4.000000e+01 1.665806e+02
      vertex   1.666734e+02 -3.350000e+01 1.667334e+02
      vertex   1.667963e+02 -4.000000e+01 1.668394e+02
    endloop
  endfacet
  facet normal 6.362423e-01 -5.512606e-04 -7.714891e-01
    outer loop
      vertex   1.667963e+02 -4.000000e+01 1.668394e+02
      vertex   1.666734e+02 -3.350000e+01 1.667334e+02
      vertex   1.669689e+02 -3.350000e+01 1.669771e+02
    endloop
  endfacet
  facet normal 6.106127e-01 5.623791e-04 -7.919292e-01
    outer loop
      vertex   1.667963e+02 -4.000000e+01 1.668394e+02
      vertex   1.669689e+02 -3.350000e+01 1.669771e+02
      vertex   1.671022e+02 -4.000000e+01 1.670753e+02
    endloop
  endfacet
  facet normal 5.753186e-01 -5.540299e-04 -8.179292e-01
    outer loop
      vertex   1.671022e+02 -4.000000e+01 1.670753e+02
      vertex   1.669689e+02 -3.350000e+01 1.669771e+02
      vertex   1.672822e+02 -3.350000e+01 1.671975e+02
    endloop
  endfacet
  facet normal 5.476553e-01 5.649785e-04 -8.367038e-01
    outer loop
      vertex   1.671022e+02 -4.000000e+01 1.670753e+02
      vertex   1.672822e+02 -3.350000e+01 1.671975e+02
      vertex   1.674254e+02 -4.000000e+01 1.672868e+02
    endloop
  endfacet
  facet normal 5.110186e-01 -5.564741e-04 -8.595695e-01
    outer loop
      vertex   1.674254e+02 -4.000000e+01 1.672868e+02
      vertex   1.672822e+02 -3.350000e+01 1.671975e+02
      vertex   1.676114e+02 -3.350000e+01 1.673932e+02
    endloop
  endfacet
  facet normal 4.814294e-01 5.672524e-04 -8.764847e-01
    outer loop
      vertex   1.674254e+02 -4.000000e+01 1.672868e+02
      vertex   1.676114e+02 -3.350000e+01 1.673932e+02
      vertex   1.677639e+02 -4.000000e+01 1.674728e+02
    endloop
  endfacet
  facet normal 4.437198e-01 -5.585931e-04 -8.961654e-01
    outer loop
      vertex   1.677639e+02 -4.000000e+01 1.674728e+02
      vertex   1.676114e+02 -3.350000e+01 1.673932e+02
      vertex   1.679547e+02 -3.350000e+01 1.675632e+02
    endloop
  endfacet
  facet normal 4.123301e-01 5.692007e-04 -9.110343e-01
    outer loop
      vertex   1.677639e+02 -4.000000e+01 1.674728e+02
      vertex   1.679547e+02 -3.350000e+01 1.675632e+02
      vertex   1.681158e+02 -4.000000e+01 1.676321e+02
    endloop
  endfacet
  facet normal 3.738170e-01 -5.603868e-04 -9.275023e-01
    outer loop
      vertex   1.681158e+02 -4.000000e+01 1.676321e+02
      vertex   1.679547e+02 -3.350000e+01 1.675632e+02
      vertex   1.683099e+02 -3.350000e+01 1.677064e+02
    endloop
  endfacet
  facet normal 3.407699e-01 5.708234e-04 -9.401466e-01
    outer loop
      vertex   1.681158e+02 -4.000000e+01 1.676321e+02
      vertex   1.683099e+02 -3.350000e+01 1.677064e+02
      vertex   1.684790e+02 -4.000000e+01 1.677637e+02
    endloop
  endfacet
  facet normal 3.017206e-01 -5.618553e-04 -9.533962e-01
    outer loop
      vertex   1.684790e+02 -4.000000e+01 1.677637e+02
      vertex   1.683099e+02 -3.350000e+01 1.677064e+02
      vertex   1.686751e+02 -3.350000e+01 1.678219e+02
    endloop
  endfacet
  facet normal 2.671758e-01 5.721207e-04 -9.636476e-01
    outer loop
      vertex   1.684790e+02 -4.000000e+01 1.677637e+02
      vertex   1.686751e+02 -3.350000e+01 1.678219e+02
      vertex   1.688512e+02 -4.000000e+01 1.678669e+02
    endloop
  endfacet
  facet normal 2.278535e-01 -5.629985e-04 -9.736953e-01
    outer loop
      vertex   1.688512e+02 -4.000000e+01 1.678669e+02
      vertex   1.686751e+02 -3.350000e+01 1.678219e+02
      vertex   1.690480e+02 -3.350000e+01 1.679092e+02
    endloop
  endfacet
  facet normal 1.919871e-01 5.730925e-04 -9.813973e-01
    outer loop
      vertex   1.688512e+02 -4.000000e+01 1.678669e+02
      vertex   1.690480e+02 -3.350000e+01 1.679092e+02
      vertex   1.692303e+02 -4.000000e+01 1.679411e+02
    endloop
  endfacet
  facet normal 1.526493e-01 -5.638163e-04 -9.882803e-01
    outer loop
      vertex   1.692303e+02 -4.000000e+01 1.679411e+02
      vertex   1.690480e+02 -3.350000e+01 1.679092e+02
      vertex   1.694266e+02 -3.350000e+01 1.679677e+02
    endloop
  endfacet
  facet normal 1.156525e-01 5.737388e-04 -9.932896e-01
    outer loop
      vertex   1.692303e+02 -4.000000e+01 1.679411e+02
      vertex   1.694266e+02 -3.350000e+01 1.679677e+02
      vertex   1.696140e+02 -4.000000e+01 1.679857e+02
    endloop
  endfacet
  facet normal 7.654924e-02 -5.643089e-04 -9.970656e-01
    outer loop
      vertex   1.696140e+02 -4.000000e+01 1.679857e+02
      vertex   1.694266e+02 -3.350000e+01 1.679677e+02
      vertex   1.698085e+02 -3.350000e+01 1.679970e+02
    endloop
  endfacet
  facet normal 3.862768e-02 5.740597e-04 -9.992535e-01
    outer loop
      vertex   1.696140e+02 -4.000000e+01 1.679857e+02
      vertex   1.698085e+02 -3.350000e+01 1.679970e+02
      vertex   1.700000e+02 -4.000000e+01 1.680007e+02
    endloop
  endfacet
  facet normal 3.298568e-11 -5.644760e-04 -9.999998e-01
    outer loop
      vertex   1.700000e+02 -4.000000e+01 1.680007e+02
      vertex   1.698085e+02 -3.350000e+01 1.679970e+02
      vertex   1.701915e+02 -3.350000e+01 1.679970e+02
    endloop
  endfacet
  facet normal -3.862768e-02 5.740552e-04 -9.992535e-01
    outer loop
      vertex   1.700000e+02 -4.000000e+01 1.680007e+02
      vertex   1.701915e+02 -3.350000e+01 1.679970e+02
      vertex   1.703860e+02 -4.000000e+01 1.679857e+02
    endloop
  endfacet
  facet normal -7.654924e-02 -5.643178e-04 -9.970656e-01
    outer loop
      vertex   1.703860e+02 -4.000000e+01 1.679857e+02
      vertex   1.701915e+02 -3.350000e+01 1.679970e+02
      vertex   1.705734e+02 -3.350000e+01 1.679677e+02
    endloop
  endfacet
  facet normal -1.156525e-01 5.737253e-04 -9.932896e-01
    outer loop
      vertex   1.703860e+02 -4.000000e+01 1.679857e+02
      vertex   1.705734e+02 -3.350000e+01 1.679677e+02
      vertex   1.707697e+02 -4.000000e+01 1.679411e+02
    endloop
  endfacet
  facet normal -1.526493e-01 -5.638342e-04 -9.882803e-01
    outer loop
      vertex   1.707697e+02 -4.000000e+01 1.679411e+02
      vertex   1.705734e+02 -3.350000e+01 1.679677e+02
      vertex   1.709520e+02 -3.350000e+01 1.679092e+02
    endloop
  endfacet
  facet normal -1.919871e-01 5.730700e-04 -9.813973e-01
    outer loop
      vertex   1.707697e+02 -4.000000e+01 1.679411e+02
      vertex   1.709520e+02 -3.350000e+01 1.679092e+02
      vertex   1.711488e+02 -4.000000e+01 1.678669e+02
    endloop
  endfacet
  facet normal -2.278535e-01 -5.630251e-04 -9.736953e-01
    outer loop
      vertex   1.711488e+02 -4.000000e+01 1.678669e+02
      vertex   1.709520e+02 -3.350000e+01 1.679092e+02
      vertex   1.713249e+02 -3.350000e+01 1.678219e+02
    endloop
  endfacet
  facet normal -2.671758e-01 5.720895e-04 -9.636476e-01
    outer loop
      vertex   1.711488e+02 -4.000000e+01 1.678669e+02
      vertex   1.713249e+02 -3.350000e+01 1.678219e+02
      vertex   1.715210e+02 -4.000000e+01 1.677637e+02
    endloop
  endfacet
  facet normal -3.017206e-01 -5.618905e-04 -9.533962e-01
    outer loop
      vertex   1.715210e+02 -4.000000e+01 1.677637e+02
      vertex   1.713249e+02 -3.350000e+01 1.678219e+02
      vertex   1.716901e+02 -3.350000e+01 1.677064e+02
    endloop
  endfacet
  facet normal -3.407699e-01 5.707836e-04 -9.401466e-01
    outer loop
      vertex   1.715210e+02 -4.000000e+01 1.677637e+02
      vertex   1.716901e+02 -3.350000e+01 1.677064e+02
      vertex   1.718842e+02 -4.000000e+01 1.676321e+02
    endloop
  endfacet
  facet normal -3.738170e-01 -5.604305e-04 -9.275023e-01
    outer loop
      vertex   1.718842e+02 -4.000000e+01 1.676321e+02
      vertex   1.716901e+02 -3.350000e+01 1.677064e+02
      vertex   1.720453e+02 -3.350000e+01 1.675632e+02
    endloop
  endfacet
  facet normal -4.123301e-01 5.691525e-04 -9.110343e-01
    outer loop
      vertex   1.718842e+02 -4.000000e+01 1.676321e+02
      vertex   1.720453e+02 -3.350000e+01 1.675632e+02
      vertex   1.722361e+02 -4.000000e+01 1.674728e+02
    endloop
  endfacet
  facet normal -4.437198e-01 -5.586449e-04 -8.961654e-01
    outer loop
      vertex   1.722361e+02 -4.000000e+01 1.674728e+02
      vertex   1.720453e+02 -3.350000e+01 1.675632e+02
      vertex   1.723886e+02 -3.350000e+01 1.673932e+02
    endloop
  endfacet
  facet normal -4.814294e-01 5.671961e-04 -8.764847e-01
    outer loop
      vertex   1.722361e+02 -4.000000e+01 1.674728e+02
      vertex   1.723886e+02 -3.350000e+01 1.673932e+02
      vertex   1.725746e+02 -4.000000e+01 1.672868e+02
    endloop
  endfacet
  facet normal -5.110186e-01 -5.565338e-04 -8.595695e-01
    outer loop
      vertex   1.725746e+02 -4.000000e+01 1.672868e+02
      vertex   1.723886e+02 -3.350000e+01 1.673932e+02
      vertex   1.727178e+02 -3.350000e+01 1.671975e+02
    endloop
  endfacet
  facet normal -5.476553e-01 5.649145e-04 -8.367038e-01
    outer loop
      vertex   1.725746e+02 -4.000000e+01 1.672868e+02
      vertex   1.727178e+02 -3.350000e+01 1.671975e+02
      vertex   1.728978e+02 -4.000000e+01 1.670753e+02
    endloop
  endfacet
  facet normal -5.753186e-01 -5.540972e-04 -8.179292e-01
    outer loop
      vertex   1.728978e+02 -4.000000e+01 1.670753e+02
      vertex   1.727178e+02 -3.350000e+01 1.671975e+02
      vertex   1.730311e+02 -3.350000e+01 1.669771e+02
    endloop
  endfacet
  facet normal -6.106127e-01 5.623077e-04 -7.919292e-01
    outer loop
      vertex   1.728978e+02 -4.000000e+01 1.670753e+02
      vertex   1.730311e+02 -3.350000e+01 1.669771e+02
      vertex   1.732037e+02 -4.000000e+01 1.668394e+02
    endloop
  endfacet
  facet normal -6.362423e-01 -5.513349e-04 -7.714891e-01
    outer loop
      vertex   1.732037e+02 -4.000000e+01 1.668394e+02
      vertex   1.730311e+02 -3.350000e+01 1.669771e+02
      vertex   1.733266e+02 -3.350000e+01 1.667334e+02
    endloop
  endfacet
  facet normal -6.699256e-01 5.593758e-04 -7.424280e-01
    outer loop
      vertex   1.732037e+02 -4.000000e+01 1.668394e+02
      vertex   1.733266e+02 -3.350000e+01 1.667334e+02
      vertex   1.734905e+02 -4.000000e+01 1.665806e+02
    endloop
  endfacet
  facet normal -6.934324e-01 -5.482471e-04 -7.205215e-01
    outer loop
      vertex   1.734905e+02 -4.000000e+01 1.665806e+02
      vertex   1.733266e+02 -3.350000e+01 1.667334e+02
      vertex   1.736026e+02 -3.350000e+01 1.664678e+02
    endloop
  endfacet
  facet normal -7.252402e-01 5.561186e-04 -6.884957e-01
    outer loop
      vertex   1.734905e+02 -4.000000e+01 1.665806e+02
      vertex   1.736026e+02 -3.350000e+01 1.664678e+02
      vertex   1.737565e+02 -4.000000e+01 1.663005e+02
    endloop
  endfacet
  facet normal -7.465531e-01 -5.448336e-04 -6.653256e-01
    outer loop
      vertex   1.737565e+02 -4.000000e+01 1.663005e+02
      vertex   1.736026e+02 -3.350000e+01 1.664678e+02
      vertex   1.738574e+02 -3.350000e+01 1.661819e+02
    endloop
  endfacet
  facet normal -7.762262e-01 5.525364e-04 -6.304543e-01
    outer loop
      vertex   1.737565e+02 -4.000000e+01 1.663005e+02
      vertex   1.738574e+02 -3.350000e+01 1.661819e+02
      vertex   1.740000e+02 -4.000000e+01 1.660007e+02
    endloop
  endfacet
  facet normal -7.859535e-01 -4.592612e-08 -6.182856e-01
    outer loop
      vertex   1.740000e+02 -4.000000e+01 1.660007e+02
      vertex   1.738574e+02 -3.350000e+01 1.661819e+02
      vertex   1.740000e+02 -3.000000e+01 1.660007e+02
    endloop
  endfacet
  facet normal 9.974913e-01 1.186614e-03 -7.077870e-02
    outer loop
      vertex   1.650027e+02 -3.000000e+01 1.631639e+02
      vertex   1.650147e+02 -2.700000e+01 1.633834e+02
      vertex   1.650297e+02 -3.000000e+01 1.635447e+02
    endloop
  endfacet
  facet normal 9.934014e-01 -1.193760e-03 -1.146833e-01
    outer loop
      vertex   1.650297e+02 -3.000000e+01 1.635447e+02
      vertex   1.650147e+02 -2.700000e+01 1.633834e+02
      vertex   1.650586e+02 -2.700000e+01 1.637639e+02
    endloop
  endfacet
  facet normal 9.891860e-01 1.183957e-03 -1.466620e-01
    outer loop
      vertex   1.650297e+02 -3.000000e+01 1.635447e+02
      vertex   1.650586e+02 -2.700000e+01 1.637639e+02
      vertex   1.650857e+02 -3.000000e+01 1.639222e+02
    endloop
  endfacet
  facet normal 9.817076e-01 -1.191044e-03 -1.903910e-01
    outer loop
      vertex   1.650857e+02 -3.000000e+01 1.639222e+02
      vertex   1.650586e+02 -2.700000e+01 1.637639e+02
      vertex   1.651315e+02 -2.700000e+01 1.641399e+02
    endloop
  endfacet
  facet normal 9.751163e-01 1.181180e-03 -2.216907e-01
    outer loop
      vertex   1.650857e+02 -3.000000e+01 1.639222e+02
      vertex   1.651315e+02 -2.700000e+01 1.641399e+02
      vertex   1.651703e+02 -3.000000e+01 1.642944e+02
    endloop
  endfacet
  facet normal 9.642528e-01 -1.188208e-03 -2.649813e-01
    outer loop
      vertex   1.651703e+02 -3.000000e+01 1.642944e+02
      vertex   1.651315e+02 -2.700000e+01 1.641399e+02
      vertex   1.652330e+02 -2.700000e+01 1.645093e+02
    endloop
  endfacet
  facet normal 9.553644e-01 1.178282e-03 -2.954276e-01
    outer loop
      vertex   1.651703e+02 -3.000000e+01 1.642944e+02
      vertex   1.652330e+02 -2.700000e+01 1.645093e+02
      vertex   1.652830e+02 -3.000000e+01 1.646591e+02
    endloop
  endfacet
  facet normal 9.411394e-01 -1.185252e-03 -3.380166e-01
    outer loop
      vertex   1.652830e+02 -3.000000e+01 1.646591e+02
      vertex   1.652330e+02 -2.700000e+01 1.645093e+02
      vertex   1.653625e+02 -2.700000e+01 1.648698e+02
    endloop
  endfacet
  facet normal 9.300454e-01 1.175262e-03 -3.674429e-01
    outer loop
      vertex   1.652830e+02 -3.000000e+01 1.646591e+02
      vertex   1.653625e+02 -2.700000e+01 1.648698e+02
      vertex   1.654233e+02 -3.000000e+01 1.650140e+02
    endloop
  endfacet
  facet normal 9.125030e-01 -1.182176e-03 -4.090684e-01
    outer loop
      vertex   1.654233e+02 -3.000000e+01 1.650140e+02
      vertex   1.653625e+02 -2.700000e+01 1.648698e+02
      vertex   1.655192e+02 -2.700000e+01 1.652193e+02
    endloop
  endfacet
  facet normal 8.993067e-01 1.172122e-03 -4.373170e-01
    outer loop
      vertex   1.654233e+02 -3.000000e+01 1.650140e+02
      vertex   1.655192e+02 -2.700000e+01 1.652193e+02
      vertex   1.655902e+02 -3.000000e+01 1.653573e+02
    endloop
  endfacet
  facet normal 8.785116e-01 -1.178979e-03 -4.777195e-01
    outer loop
      vertex   1.655902e+02 -3.000000e+01 1.653573e+02
      vertex   1.655192e+02 -2.700000e+01 1.652193e+02
      vertex   1.657022e+02 -2.700000e+01 1.655558e+02
    endloop
  endfacet
  facet normal 8.633275e-01 1.168861e-03 -5.046427e-01
    outer loop
      vertex   1.655902e+02 -3.000000e+01 1.653573e+02
      vertex   1.657022e+02 -2.700000e+01 1.655558e+02
      vertex   1.657828e+02 -3.000000e+01 1.656868e+02
    endloop
  endfacet
  facet normal 8.393648e-01 -1.175661e-03 -5.435672e-01
    outer loop
      vertex   1.657828e+02 -3.000000e+01 1.656868e+02
      vertex   1.657022e+02 -2.700000e+01 1.655558e+02
      vertex   1.659104e+02 -2.700000e+01 1.658773e+02
    endloop
  endfacet
  facet normal 8.223175e-01 1.165478e-03 -5.690278e-01
    outer loop
      vertex   1.657828e+02 -3.000000e+01 1.656868e+02
      vertex   1.659104e+02 -2.700000e+01 1.658773e+02
      vertex   1.660000e+02 -3.000000e+01 1.660007e+02
    endloop
  endfacet
  facet normal 7.952923e-01 -1.172224e-03 -6.062250e-01
    outer loop
      vertex   1.660000e+02 -3.000000e+01 1.660007e+02
      vertex   1.659104e+02 -2.700000e+01 1.658773e+02
      vertex   1.661426e+02 -2.700000e+01 1.661819e+02
    endloop
  endfacet
  facet normal -5.843593e-08 1.000000e+00 -4.287204e-14
    outer loop
      vertex   1.740000e+02 -4.000000e+01 1.660007e+02
      vertex   1.660000e+02 -4.000000e+01 1.660007e+02
      vertex   1.737565e+02 -4.000000e+01 1.663005e+02
    endloop
  endfacet
  facet normal -5.843592e-08 1.000000e+00 -1.500740e-13
    outer loop
      vertex   1.737565e+02 -4.000000e+01 1.663005e+02
      vertex   1.660000e+02 -4.000000e+01 1.660007e+02
      vertex   1.662435e+02 -4.000000e+01 1.663005e+02
    endloop
  endfacet
  facet normal -5.843592e-08 1.000000e+00 -7.371823e-15
    outer loop
      vertex   1.737565e+02 -4.000000e+01 1.663005e+02
      vertex   1.662435e+02 -4.000000e+01 1.663005e+02
      vertex   1.734905e+02 -4.000000e+01 1.665806e+02
    endloop
  endfacet
  facet normal -5.843592e-08 1.000000e+00 -1.839628e-14
    outer loop
      vertex   1.734905e+02 -4.000000e+01 1.665806e+02
      vertex   1.662435e+02 -4.000000e+01 1.663005e+02
      vertex   1.665095e+02 -4.000000e+01 1.665806e+02
    endloop
  endfacet
  facet normal -5.843592e-08 1.000000e+00 5.770352e-15
    outer loop
      vertex   1.734905e+02 -4.000000e+01 1.665806e+02
      vertex   1.665095e+02 -4.000000e+01 1.665806e+02
      vertex   1.732037e+02 -4.000000e+01 1.668394e+02
    endloop
  endfacet
  facet normal -5.843592e-08 1.000000e+00 2.239981e-14
    outer loop
      vertex   1.732037e+02 -4.000000e+01 1.668394e+02
      vertex   1.665095e+02 -4.000000e+01 1.665806e+02
      vertex   1.667963e+02 -4.000000e+01 1.668394e+02
    endloop
  endfacet
  facet normal -5.843592e-08 1.000000e+00 -1.963466e-14
    outer loop
      vertex   1.732037e+02 -4.000000e+01 1.668394e+02
      vertex   1.667963e+02 -4.000000e+01 1.668394e+02
      vertex   1.728978e+02 -4.000000e+01 1.670753e+02
    endloop
  endfacet
  facet normal -5.843592e-08 1.000000e+00 -1.000758e-14
    outer loop
      vertex   1.728978e+02 -4.000000e+01 1.670753e+02
      vertex   1.667963e+02 -4.000000e+01 1.668394e+02
      vertex   1.671022e+02 -4.000000e+01 1.670753e+02
    endloop
  endfacet
  facet normal -5.843592e-08 1.000000e+00 2.468919e-14
    outer loop
      vertex   1.728978e+02 -4.000000e+01 1.670753e+02
      vertex   1.671022e+02 -4.000000e+01 1.670753e+02
      vertex   1.725746e+02 -4.000000e+01 1.672868e+02
    endloop
  endfacet
  facet normal -5.843592e-08 1.000000e+00 7.907704e-15
    outer loop
      vertex   1.725746e+02 -4.000000e+01 1.672868e+02
      vertex   1.671022e+02 -4.000000e+01 1.670753e+02
      vertex   1.674254e+02 -4.000000e+01 1.672868e+02
    endloop
  endfacet
  facet normal -5.843592e-08 1.000000e+00 -2.481593e-14
    outer loop
      vertex   1.725746e+02 -4.000000e+01 1.672868e+02
      vertex   1.674254e+02 -4.000000e+01 1.672868e+02
      vertex   1.722361e+02 -4.000000e+01 1.674728e+02
    endloop
  endfacet
  facet normal -5.843592e-08 1.000000e+00 -1.252765e-14
    outer loop
      vertex   1.722361e+02 -4.000000e+01 1.674728e+02
      vertex   1.674254e+02 -4.000000e+01 1.672868e+02
      vertex   1.677639e+02 -4.000000e+01 1.674728e+02
    endloop
  endfacet
  facet normal -5.843592e-08 1.000000e+00 1.572998e-14
    outer loop
      vertex   1.722361e+02 -4.000000e+01 1.674728e+02
      vertex   1.677639e+02 -4.000000e+01 1.674728e+02
      vertex   1.718842e+02 -4.000000e+01 1.676321e+02
    endloop
  endfacet
  facet normal -5.843592e-08 1.000000e+00 -1.866793e-14
    outer loop
      vertex   1.718842e+02 -4.000000e+01 1.676321e+02
      vertex   1.677639e+02 -4.000000e+01 1.674728e+02
      vertex   1.681158e+02 -4.000000e+01 1.676321e+02
    endloop
  endfacet
  facet normal -5.843592e-08 1.000000e+00 -2.274061e-15
    outer loop
      vertex   1.718842e+02 -4.000000e+01 1.676321e+02
      vertex   1.681158e+02 -4.000000e+01 1.676321e+02
      vertex   1.715210e+02 -4.000000e+01 1.677637e+02
    endloop
  endfacet
  facet normal -5.843592e-08 1.000000e+00 6.324084e-14
    outer loop
      vertex   1.715210e+02 -4.000000e+01 1.677637e+02
      vertex   1.681158e+02 -4.000000e+01 1.676321e+02
      vertex   1.684790e+02 -4.000000e+01 1.677637e+02
    endloop
  endfacet
  facet normal -5.843592e-08 1.000000e+00 -1.001972e-14
    outer loop
      vertex   1.715210e+02 -4.000000e+01 1.677637e+02
      vertex   1.684790e+02 -4.000000e+01 1.677637e+02
      vertex   1.711488e+02 -4.000000e+01 1.678669e+02
    endloop
  endfacet
  facet normal -5.843592e-08 1.000000e+00 -6.673657e-14
    outer loop
      vertex   1.711488e+02 -4.000000e+01 1.678669e+02
      vertex   1.684790e+02 -4.000000e+01 1.677637e+02
      vertex   1.688512e+02 -4.000000e+01 1.678669e+02
    endloop
  endfacet
  facet normal -5.843592e-08 1.000000e+00 7.305145e-15
    outer loop
      vertex   1.711488e+02 -4.000000e+01 1.678669e+02
      vertex   1.688512e+02 -4.000000e+01 1.678669e+02
      vertex   1.707697e+02 -4.000000e+01 1.679411e+02
    endloop
  endfacet
  facet normal -5.843593e-08 1.000000e+00 1.085041e-13
    outer loop
      vertex   1.707697e+02 -4.000000e+01 1.679411e+02
      vertex   1.688512e+02 -4.000000e+01 1.678669e+02
      vertex   1.692303e+02 -4.000000e+01 1.679411e+02
    endloop
  endfacet
  facet normal -5.843593e-08 1.000000e+00 -6.534539e-14
    outer loop
      vertex   1.707697e+02 -4.000000e+01 1.679411e+02
      vertex   1.692303e+02 -4.000000e+01 1.679411e+02
      vertex   1.703860e+02 -4.000000e+01 1.679857e+02
    endloop
  endfacet
  facet normal -5.843593e-08 1.000000e+00 1.303008e-13
    outer loop
      vertex   1.703860e+02 -4.000000e+01 1.679857e+02
      vertex   1.692303e+02 -4.000000e+01 1.679411e+02
      vertex   1.696140e+02 -4.000000e+01 1.679857e+02
    endloop
  endfacet
  facet normal -5.843593e-08 1.000000e+00 0.000000e+00
    outer loop
      vertex   1.703860e+02 -4.000000e+01 1.679857e+02
      vertex   1.696140e+02 -4.000000e+01 1.679857e+02
      vertex   1.700000e+02 -4.000000e+01 1.680007e+02
    endloop
  endfacet
  facet normal 9.992655e-01 -1.196355e-03 -3.830271e-02
    outer loop
      vertex   1.850147e+02 -2.700000e+01 1.633834e+02
      vertex   1.850027e+02 -3.000000e+01 1.631639e+02
      vertex   1.850000e+02 -2.700000e+01 1.630007e+02
    endloop
  endfacet
  facet normal 9.999841e-01 1.189149e-03 5.517073e-03
    outer loop
      vertex   1.850000e+02 -2.700000e+01 1.630007e+02
      vertex   1.850027e+02 -3.000000e+01 1.631639e+02
      vertex   1.850048e+02 -3.000000e+01 1.627823e+02
    endloop
  endfacet
  facet normal 9.992655e-01 -1.198829e-03 3.830271e-02
    outer loop
      vertex   1.850000e+02 -2.700000e+01 1.630007e+02
      vertex   1.850048e+02 -3.000000e+01 1.627823e+02
      vertex   1.850147e+02 -2.700000e+01 1.626179e+02
    endloop
  endfacet
  facet normal 9.966496e-01 1.191563e-03 8.178070e-02
    outer loop
      vertex   1.850147e+02 -2.700000e+01 1.626179e+02
      vertex   1.850048e+02 -3.000000e+01 1.627823e+02
      vertex   1.850360e+02 -3.000000e+01 1.624019e+02
    endloop
  endfacet
  facet normal 9.934014e-01 -1.201184e-03 1.146833e-01
    outer loop
      vertex   1.850147e+02 -2.700000e+01 1.626179e+02
      vertex   1.850360e+02 -3.000000e+01 1.624019e+02
      vertex   1.850586e+02 -2.700000e+01 1.622374e+02
    endloop
  endfacet
  facet normal 9.875075e-01 1.193856e-03 1.575678e-01
    outer loop
      vertex   1.850586e+02 -2.700000e+01 1.622374e+02
      vertex   1.850360e+02 -3.000000e+01 1.624019e+02
      vertex   1.850961e+02 -3.000000e+01 1.620249e+02
    endloop
  endfacet
  facet normal 9.817076e-01 -1.203417e-03 1.903910e-01
    outer loop
      vertex   1.850586e+02 -2.700000e+01 1.622374e+02
      vertex   1.850961e+02 -3.000000e+01 1.620249e+02
      vertex   1.851315e+02 -2.700000e+01 1.618614e+02
    endloop
  endfacet
  facet normal 9.726108e-01 1.196028e-03 2.324366e-01
    outer loop
      vertex   1.851315e+02 -2.700000e+01 1.618614e+02
      vertex   1.850961e+02 -3.000000e+01 1.620249e+02
      vertex   1.851848e+02 -3.000000e+01 1.616537e+02
    endloop
  endfacet
  facet normal 9.642528e-01 -1.205531e-03 2.649813e-01
    outer loop
      vertex   1.851315e+02 -2.700000e+01 1.618614e+02
      vertex   1.851848e+02 -3.000000e+01 1.616537e+02
      vertex   1.852330e+02 -2.700000e+01 1.614921e+02
    endloop
  endfacet
  facet normal 9.520465e-01 1.198079e-03 3.059510e-01
    outer loop
      vertex   1.852330e+02 -2.700000e+01 1.614921e+02
      vertex   1.851848e+02 -3.000000e+01 1.616537e+02
      vertex   1.853016e+02 -3.000000e+01 1.612903e+02
    endloop
  endfacet
  facet normal 9.411394e-01 -1.207524e-03 3.380166e-01
    outer loop
      vertex   1.852330e+02 -2.700000e+01 1.614921e+02
      vertex   1.853016e+02 -3.000000e+01 1.612903e+02
      vertex   1.853625e+02 -2.700000e+01 1.611316e+02
    endloop
  endfacet
  facet normal 9.259344e-01 1.200009e-03 3.776826e-01
    outer loop
      vertex   1.853625e+02 -2.700000e+01 1.611316e+02
      vertex   1.853016e+02 -3.000000e+01 1.612903e+02
      vertex   1.854458e+02 -3.000000e+01 1.609369e+02
    endloop
  endfacet
  facet normal 9.125029e-01 -1.209397e-03 4.090683e-01
    outer loop
      vertex   1.853625e+02 -2.700000e+01 1.611316e+02
      vertex   1.854458e+02 -3.000000e+01 1.609369e+02
      vertex   1.855192e+02 -2.700000e+01 1.607821e+02
    endloop
  endfacet
  facet normal 8.944265e-01 1.201818e-03 4.472133e-01
    outer loop
      vertex   1.855192e+02 -2.700000e+01 1.607821e+02
      vertex   1.854458e+02 -3.000000e+01 1.609369e+02
      vertex   1.856165e+02 -3.000000e+01 1.605955e+02
    endloop
  endfacet
  facet normal 8.785116e-01 -1.211149e-03 4.777195e-01
    outer loop
      vertex   1.855192e+02 -2.700000e+01 1.607821e+02
      vertex   1.856165e+02 -3.000000e+01 1.605955e+02
      vertex   1.857022e+02 -2.700000e+01 1.604456e+02
    endloop
  endfacet
  facet normal 8.577067e-01 1.203505e-03 5.141379e-01
    outer loop
      vertex   1.857022e+02 -2.700000e+01 1.604456e+02
      vertex   1.856165e+02 -3.000000e+01 1.605955e+02
      vertex   1.858127e+02 -3.000000e+01 1.602682e+02
    endloop
  endfacet
  facet normal 8.393648e-01 -1.212781e-03 5.435672e-01
    outer loop
      vertex   1.857022e+02 -2.700000e+01 1.604456e+02
      vertex   1.858127e+02 -3.000000e+01 1.602682e+02
      vertex   1.859104e+02 -2.700000e+01 1.601241e+02
    endloop
  endfacet
  facet normal 8.159887e-01 1.205072e-03 5.780666e-01
    outer loop
      vertex   1.859104e+02 -2.700000e+01 1.601241e+02
      vertex   1.858127e+02 -3.000000e+01 1.602682e+02
      vertex   1.860334e+02 -3.000000e+01 1.599567e+02
    endloop
  endfacet
  facet normal 7.952923e-01 -1.214293e-03 6.062250e-01
    outer loop
      vertex   1.859104e+02 -2.700000e+01 1.601241e+02
      vertex   1.860334e+02 -3.000000e+01 1.599567e+02
      vertex   1.861426e+02 -2.700000e+01 1.598195e+02
    endloop
  endfacet
  facet normal 7.695158e-01 1.206518e-03 6.386267e-01
    outer loop
      vertex   1.861426e+02 -2.700000e+01 1.598195e+02
      vertex   1.860334e+02 -3.000000e+01 1.599567e+02
      vertex   1.862771e+02 -3.000000e+01 1.596630e+02
    endloop
  endfacet
  facet normal 7.465527e-01 -1.215684e-03 6.653252e-01
    outer loop
      vertex   1.861426e+02 -2.700000e+01 1.598195e+02
      vertex   1.862771e+02 -3.000000e+01 1.596630e+02
      vertex   1.863974e+02 -2.700000e+01 1.595335e+02
    endloop
  endfacet
  facet normal 7.185587e-01 1.207843e-03 6.954653e-01
    outer loop
      vertex   1.863974e+02 -2.700000e+01 1.595335e+02
      vertex   1.862771e+02 -3.000000e+01 1.596630e+02
      vertex   1.865426e+02 -3.000000e+01 1.593887e+02
    endloop
  endfacet
  facet normal 6.934320e-01 -1.216954e-03 7.205211e-01
    outer loop
      vertex   1.863974e+02 -2.700000e+01 1.595335e+02
      vertex   1.865426e+02 -3.000000e+01 1.593887e+02
      vertex   1.866734e+02 -2.700000e+01 1.592679e+02
    endloop
  endfacet
  facet normal 6.634143e-01 1.209047e-03 7.482513e-01
    outer loop
      vertex   1.866734e+02 -2.700000e+01 1.592679e+02
      vertex   1.865426e+02 -3.000000e+01 1.593887e+02
      vertex   1.868281e+02 -3.000000e+01 1.591355e+02
    endloop
  endfacet
  facet normal 6.362420e-01 -1.218105e-03 7.714886e-01
    outer loop
      vertex   1.866734e+02 -2.700000e+01 1.592679e+02
      vertex   1.868281e+02 -3.000000e+01 1.591355e+02
      vertex   1.869689e+02 -2.700000e+01 1.590242e+02
    endloop
  endfacet
  facet normal 6.044041e-01 1.210130e-03 7.966770e-01
    outer loop
      vertex   1.869689e+02 -2.700000e+01 1.590242e+02
      vertex   1.868281e+02 -3.000000e+01 1.591355e+02
      vertex   1.871322e+02 -3.000000e+01 1.589048e+02
    endloop
  endfacet
  facet normal 5.753182e-01 -1.219134e-03 8.179288e-01
    outer loop
      vertex   1.869689e+02 -2.700000e+01 1.590242e+02
      vertex   1.871322e+02 -3.000000e+01 1.589048e+02
      vertex   1.872822e+02 -2.700000e+01 1.588038e+02
    endloop
  endfacet
  facet normal 5.418718e-01 1.211092e-03 8.404603e-01
    outer loop
      vertex   1.872822e+02 -2.700000e+01 1.588038e+02
      vertex   1.871322e+02 -3.000000e+01 1.589048e+02
      vertex   1.874530e+02 -3.000000e+01 1.586980e+02
    endloop
  endfacet
  facet normal 5.110183e-01 -1.220043e-03 8.595690e-01
    outer loop
      vertex   1.872822e+02 -2.700000e+01 1.588038e+02
      vertex   1.874530e+02 -3.000000e+01 1.586980e+02
      vertex   1.876114e+02 -2.700000e+01 1.586081e+02
    endloop
  endfacet
  facet normal 4.761819e-01 1.211933e-03 8.793459e-01
    outer loop
      vertex   1.876114e+02 -2.700000e+01 1.586081e+02
      vertex   1.874530e+02 -3.000000e+01 1.586980e+02
      vertex   1.877886e+02 -3.000000e+01 1.585163e+02
    endloop
  endfacet
  facet normal 4.437195e-01 -1.220832e-03 8.961649e-01
    outer loop
      vertex   1.876114e+02 -2.700000e+01 1.586081e+02
      vertex   1.877886e+02 -3.000000e+01 1.585163e+02
      vertex   1.879547e+02 -2.700000e+01 1.584381e+02
    endloop
  endfacet
  facet normal 4.077172e-01 1.212654e-03 9.131074e-01
    outer loop
      vertex   1.879547e+02 -2.700000e+01 1.584381e+02
      vertex   1.877886e+02 -3.000000e+01 1.585163e+02
      vertex   1.881372e+02 -3.000000e+01 1.583606e+02
    endloop
  endfacet
  facet normal 3.738168e-01 -1.221500e-03 9.275018e-01
    outer loop
      vertex   1.879547e+02 -2.700000e+01 1.584381e+02
      vertex   1.881372e+02 -3.000000e+01 1.583606e+02
      vertex   1.883099e+02 -2.700000e+01 1.582950e+02
    endloop
  endfacet
  facet normal 3.368766e-01 1.213253e-03 9.415480e-01
    outer loop
      vertex   1.883099e+02 -2.700000e+01 1.582950e+02
      vertex   1.881372e+02 -3.000000e+01 1.583606e+02
      vertex   1.884965e+02 -3.000000e+01 1.582321e+02
    endloop
  endfacet
  facet normal 3.017204e-01 -1.222047e-03 9.533957e-01
    outer loop
      vertex   1.883099e+02 -2.700000e+01 1.582950e+02
      vertex   1.884965e+02 -3.000000e+01 1.582321e+02
      vertex   1.886751e+02 -2.700000e+01 1.581794e+02
    endloop
  endfacet
  facet normal 2.640729e-01 1.213732e-03 9.645020e-01
    outer loop
      vertex   1.886751e+02 -2.700000e+01 1.581794e+02
      vertex   1.884965e+02 -3.000000e+01 1.582321e+02
      vertex   1.888647e+02 -3.000000e+01 1.581313e+02
    endloop
  endfacet
  facet normal 2.278533e-01 -1.222474e-03 9.736947e-01
    outer loop
      vertex   1.886751e+02 -2.700000e+01 1.581794e+02
      vertex   1.888647e+02 -3.000000e+01 1.581313e+02
      vertex   1.890480e+02 -2.700000e+01 1.580921e+02
    endloop
  endfacet
  facet normal 1.897304e-01 1.214089e-03 9.818355e-01
    outer loop
      vertex   1.890480e+02 -2.700000e+01 1.580921e+02
      vertex   1.888647e+02 -3.000000e+01 1.581313e+02
      vertex   1.892394e+02 -3.000000e+01 1.580589e+02
    endloop
  endfacet
  facet normal 1.526492e-01 -1.222780e-03 9.882797e-01
    outer loop
      vertex   1.890480e+02 -2.700000e+01 1.580921e+02
      vertex   1.892394e+02 -3.000000e+01 1.580589e+02
      vertex   1.894266e+02 -2.700000e+01 1.580337e+02
    endloop
  endfacet
  facet normal 1.142823e-01 1.214326e-03 9.934476e-01
    outer loop
      vertex   1.894266e+02 -2.700000e+01 1.580337e+02
      vertex   1.892394e+02 -3.000000e+01 1.580589e+02
      vertex   1.896186e+02 -3.000000e+01 1.580152e+02
    endloop
  endfacet
  facet normal 7.654920e-02 -1.222966e-03 9.970651e-01
    outer loop
      vertex   1.894266e+02 -2.700000e+01 1.580337e+02
      vertex   1.896186e+02 -3.000000e+01 1.580152e+02
      vertex   1.898085e+02 -2.700000e+01 1.580043e+02
    endloop
  endfacet
  facet normal 3.816824e-02 1.214443e-03 9.992706e-01
    outer loop
      vertex   1.898085e+02 -2.700000e+01 1.580043e+02
      vertex   1.896186e+02 -3.000000e+01 1.580152e+02
      vertex   1.900000e+02 -3.000000e+01 1.580007e+02
    endloop
  endfacet
  facet normal 7.146893e-11 -1.223031e-03 9.999993e-01
    outer loop
      vertex   1.898085e+02 -2.700000e+01 1.580043e+02
      vertex   1.900000e+02 -3.000000e+01 1.580007e+02
      vertex   1.901915e+02 -2.700000e+01 1.580043e+02
    endloop
  endfacet
  facet normal -3.816824e-02 1.214438e-03 9.992706e-01
    outer loop
      vertex   1.901915e+02 -2.700000e+01 1.580043e+02
      vertex   1.900000e+02 -3.000000e+01 1.580007e+02
      vertex   1.903814e+02 -3.000000e+01 1.580152e+02
    endloop
  endfacet
  facet normal -7.654920e-02 -1.222975e-03 9.970651e-01
    outer loop
      vertex   1.901915e+02 -2.700000e+01 1.580043e+02
      vertex   1.903814e+02 -3.000000e+01 1.580152e+02
      vertex   1.905734e+02 -2.700000e+01 1.580337e+02
    endloop
  endfacet
  facet normal -1.142823e-01 1.214313e-03 9.934476e-01
    outer loop
      vertex   1.905734e+02 -2.700000e+01 1.580337e+02
      vertex   1.903814e+02 -3.000000e+01 1.580152e+02
      vertex   1.907606e+02 -3.000000e+01 1.580589e+02
    endloop
  endfacet
  facet normal -1.526492e-01 -1.222798e-03 9.882797e-01
    outer loop
      vertex   1.905734e+02 -2.700000e+01 1.580337e+02
      vertex   1.907606e+02 -3.000000e+01 1.580589e+02
      vertex   1.909520e+02 -2.700000e+01 1.580921e+02
    endloop
  endfacet
  facet normal -1.897304e-01 1.214067e-03 9.818355e-01
    outer loop
      vertex   1.909520e+02 -2.700000e+01 1.580921e+02
      vertex   1.907606e+02 -3.000000e+01 1.580589e+02
      vertex   1.911353e+02 -3.000000e+01 1.581313e+02
    endloop
  endfacet
  facet normal -2.278533e-01 -1.222501e-03 9.736947e-01
    outer loop
      vertex   1.909520e+02 -2.700000e+01 1.580921e+02
      vertex   1.911353e+02 -3.000000e+01 1.581313e+02
      vertex   1.913249e+02 -2.700000e+01 1.581794e+02
    endloop
  endfacet
  facet normal -2.640729e-01 1.213701e-03 9.645020e-01
    outer loop
      vertex   1.913249e+02 -2.700000e+01 1.581794e+02
      vertex   1.911353e+02 -3.000000e+01 1.581313e+02
      vertex   1.915035e+02 -3.000000e+01 1.582321e+02
    endloop
  endfacet
  facet normal -3.017204e-01 -1.222083e-03 9.533957e-01
    outer loop
      vertex   1.913249e+02 -2.700000e+01 1.581794e+02
      vertex   1.915035e+02 -3.000000e+01 1.582321e+02
      vertex   1.916901e+02 -2.700000e+01 1.582950e+02
    endloop
  endfacet
  facet normal -3.368766e-01 1.213214e-03 9.415480e-01
    outer loop
      vertex   1.916901e+02 -2.700000e+01 1.582950e+02
      vertex   1.915035e+02 -3.000000e+01 1.582321e+02
      vertex   1.918628e+02 -3.000000e+01 1.583606e+02
    endloop
  endfacet
  facet normal -3.738168e-01 -1.221544e-03 9.275018e-01
    outer loop
      vertex   1.916901e+02 -2.700000e+01 1.582950e+02
      vertex   1.918628e+02 -3.000000e+01 1.583606e+02
      vertex   1.920453e+02 -2.700000e+01 1.584381e+02
    endloop
  endfacet
  facet normal -4.077172e-01 1.212606e-03 9.131074e-01
    outer loop
      vertex   1.920453e+02 -2.700000e+01 1.584381e+02
      vertex   1.918628e+02 -3.000000e+01 1.583606e+02
      vertex   1.922114e+02 -3.000000e+01 1.585163e+02
    endloop
  endfacet
  facet normal -4.437195e-01 -1.220884e-03 8.961649e-01
    outer loop
      vertex   1.920453e+02 -2.700000e+01 1.584381e+02
      vertex   1.922114e+02 -3.000000e+01 1.585163e+02
      vertex   1.923886e+02 -2.700000e+01 1.586081e+02
    endloop
  endfacet
  facet normal -4.761819e-01 1.211878e-03 8.793459e-01
    outer loop
      vertex   1.923886e+02 -2.700000e+01 1.586081e+02
      vertex   1.922114e+02 -3.000000e+01 1.585163e+02
      vertex   1.925470e+02 -3.000000e+01 1.586980e+02
    endloop
  endfacet
  facet normal -5.110183e-01 -1.220103e-03 8.595690e-01
    outer loop
      vertex   1.923886e+02 -2.700000e+01 1.586081e+02
      vertex   1.925470e+02 -3.000000e+01 1.586980e+02
      vertex   1.927178e+02 -2.700000e+01 1.588038e+02
    endloop
  endfacet
  facet normal -5.418718e-01 1.211029e-03 8.404603e-01
    outer loop
      vertex   1.927178e+02 -2.700000e+01 1.588038e+02
      vertex   1.925470e+02 -3.000000e+01 1.586980e+02
      vertex   1.928678e+02 -3.000000e+01 1.589048e+02
    endloop
  endfacet
  facet normal -5.753182e-01 -1.219201e-03 8.179288e-01
    outer loop
      vertex   1.927178e+02 -2.700000e+01 1.588038e+02
      vertex   1.928678e+02 -3.000000e+01 1.589048e+02
      vertex   1.930311e+02 -2.700000e+01 1.590242e+02
    endloop
  endfacet
  facet normal -6.044041e-01 1.210059e-03 7.966770e-01
    outer loop
      vertex   1.930311e+02 -2.700000e+01 1.590242e+02
      vertex   1.928678e+02 -3.000000e+01 1.589048e+02
      vertex   1.931719e+02 -3.000000e+01 1.591355e+02
    endloop
  endfacet
  facet normal -6.362420e-01 -1.218179e-03 7.714886e-01
    outer loop
      vertex   1.930311e+02 -2.700000e+01 1.590242e+02
      vertex   1.931719e+02 -3.000000e+01 1.591355e+02
      vertex   1.933266e+02 -2.700000e+01 1.592679e+02
    endloop
  endfacet
  facet normal -6.634143e-01 1.208969e-03 7.482513e-01
    outer loop
      vertex   1.933266e+02 -2.700000e+01 1.592679e+02
      vertex   1.931719e+02 -3.000000e+01 1.591355e+02
      vertex   1.934575e+02 -3.000000e+01 1.593887e+02
    endloop
  endfacet
  facet normal -6.934320e-01 -1.217035e-03 7.205211e-01
    outer loop
      vertex   1.933266e+02 -2.700000e+01 1.592679e+02
      vertex   1.934575e+02 -3.000000e+01 1.593887e+02
      vertex   1.936026e+02 -2.700000e+01 1.595335e+02
    endloop
  endfacet
  facet normal -7.185587e-01 1.207759e-03 6.954653e-01
    outer loop
      vertex   1.936026e+02 -2.700000e+01 1.595335e+02
      vertex   1.934575e+02 -3.000000e+01 1.593887e+02
      vertex   1.937229e+02 -3.000000e+01 1.596630e+02
    endloop
  endfacet
  facet normal -7.465527e-01 -1.215771e-03 6.653252e-01
    outer loop
      vertex   1.936026e+02 -2.700000e+01 1.595335e+02
      vertex   1.937229e+02 -3.000000e+01 1.596630e+02
      vertex   1.938575e+02 -2.700000e+01 1.598195e+02
    endloop
  endfacet
  facet normal -7.695158e-01 1.206428e-03 6.386267e-01
    outer loop
      vertex   1.938575e+02 -2.700000e+01 1.598195e+02
      vertex   1.937229e+02 -3.000000e+01 1.596630e+02
      vertex   1.939667e+02 -3.000000e+01 1.599567e+02
    endloop
  endfacet
  facet normal -7.952923e-01 -1.214386e-03 6.062250e-01
    outer loop
      vertex   1.938575e+02 -2.700000e+01 1.598195e+02
      vertex   1.939667e+02 -3.000000e+01 1.599567e+02
      vertex   1.940897e+02 -2.700000e+01 1.601241e+02
    endloop
  endfacet
  facet normal -8.159887e-01 1.204977e-03 5.780666e-01
    outer loop
      vertex   1.940897e+02 -2.700000e+01 1.601241e+02
      vertex   1.939667e+02 -3.000000e+01 1.599567e+02
      vertex   1.941873e+02 -3.000000e+01 1.602682e+02
    endloop
  endfacet
  facet normal -8.393648e-01 -1.212879e-03 5.435672e-01
    outer loop
      vertex   1.940897e+02 -2.700000e+01 1.601241e+02
      vertex   1.941873e+02 -3.000000e+01 1.602682e+02
      vertex   1.942979e+02 -2.700000e+01 1.604456e+02
    endloop
  endfacet
  facet normal -8.577067e-01 1.203405e-03 5.141379e-01
    outer loop
      vertex   1.942979e+02 -2.700000e+01 1.604456e+02
      vertex   1.941873e+02 -3.000000e+01 1.602682e+02
      vertex   1.943835e+02 -3.000000e+01 1.605955e+02
    endloop
  endfacet
  facet normal -8.785116e-01 -1.211252e-03 4.777195e-01
    outer loop
      vertex   1.942979e+02 -2.700000e+01 1.604456e+02
      vertex   1.943835e+02 -3.000000e+01 1.605955e+02
      vertex   1.944808e+02 -2.700000e+01 1.607821e+02
    endloop
  endfacet
  facet normal -8.944265e-01 1.201713e-03 4.472133e-01
    outer loop
      vertex   1.944808e+02 -2.700000e+01 1.607821e+02
      vertex   1.943835e+02 -3.000000e+01 1.605955e+02
      vertex   1.945542e+02 -3.000000e+01 1.609369e+02
    endloop
  endfacet
  facet normal -9.125029e-01 -1.209504e-03 4.090683e-01
    outer loop
      vertex   1.944808e+02 -2.700000e+01 1.607821e+02
      vertex   1.945542e+02 -3.000000e+01 1.609369e+02
      vertex   1.946375e+02 -2.700000e+01 1.611316e+02
    endloop
  endfacet
  facet normal -9.259344e-01 1.199900e-03 3.776826e-01
    outer loop
      vertex   1.946375e+02 -2.700000e+01 1.611316e+02
      vertex   1.945542e+02 -3.000000e+01 1.609369e+02
      vertex   1.946984e+02 -3.000000e+01 1.612903e+02
    endloop
  endfacet
  facet normal -9.411394e-01 -1.207634e-03 3.380166e-01
    outer loop
      vertex   1.946375e+02 -2.700000e+01 1.611316e+02
      vertex   1.946984e+02 -3.000000e+01 1.612903e+02
      vertex   1.947670e+02 -2.700000e+01 1.614921e+02
    endloop
  endfacet
  facet normal -9.520465e-01 1.197968e-03 3.059510e-01
    outer loop
      vertex   1.947670e+02 -2.700000e+01 1.614921e+02
      vertex   1.946984e+02 -3.000000e+01 1.612903e+02
      vertex   1.948152e+02 -3.000000e+01 1.616537e+02
    endloop
  endfacet
  facet normal -9.642528e-01 -1.205644e-03 2.649813e-01
    outer loop
      vertex   1.947670e+02 -2.700000e+01 1.614921e+02
      vertex   1.948152e+02 -3.000000e+01 1.616537e+02
      vertex   1.948685e+02 -2.700000e+01 1.618614e+02
    endloop
  endfacet
  facet normal -9.726108e-01 1.195914e-03 2.324366e-01
    outer loop
      vertex   1.948685e+02 -2.700000e+01 1.618614e+02
      vertex   1.948152e+02 -3.000000e+01 1.616537e+02
      vertex   1.949039e+02 -3.000000e+01 1.620249e+02
    endloop
  endfacet
  facet normal -9.817076e-01 -1.203532e-03 1.903910e-01
    outer loop
      vertex   1.948685e+02 -2.700000e+01 1.618614e+02
      vertex   1.949039e+02 -3.000000e+01 1.620249e+02
      vertex   1.949414e+02 -2.700000e+01 1.622374e+02
    endloop
  endfacet
  facet normal -9.875075e-01 1.193740e-03 1.575678e-01
    outer loop
      vertex   1.949414e+02 -2.700000e+01 1.622374e+02
      vertex   1.949039e+02 -3.000000e+01 1.620249e+02
      vertex   1.949640e+02 -3.000000e+01 1.624019e+02
    endloop
  endfacet
  facet normal -9.934014e-01 -1.201300e-03 1.146833e-01
    outer loop
      vertex   1.949414e+02 -2.700000e+01 1.622374e+02
      vertex   1.949640e+02 -3.000000e+01 1.624019e+02
      vertex   1.949853e+02 -2.700000e+01 1.626179e+02
    endloop
  endfacet
  facet normal -9.966496e-01 1.191446e-03 8.178070e-02
    outer loop
      vertex   1.949853e+02 -2.700000e+01 1.626179e+02
      vertex   1.949640e+02 -3.000000e+01 1.624019e+02
      vertex   1.949952e+02 -3.000000e+01 1.627823e+02
    endloop
  endfacet
  facet normal -9.992655e-01 -1.198946e-03 3.830271e-02
    outer loop
      vertex   1.949853e+02 -2.700000e+01 1.626179e+02
      vertex   1.949952e+02 -3.000000e+01 1.627823e+02
      vertex   1.950000e+02 -2.700000e+01 1.630007e+02
    endloop
  endfacet
  facet normal -9.999841e-01 1.189032e-03 5.517073e-03
    outer loop
      vertex   1.950000e+02 -2.700000e+01 1.630007e+02
      vertex   1.949952e+02 -3.000000e+01 1.627823e+02
      vertex   1.949973e+02 -3.000000e+01 1.631639e+02
    endloop
  endfacet
  facet normal -9.992655e-01 -1.196471e-03 -3.830271e-02
    outer loop
      vertex   1.950000e+02 -2.700000e+01 1.630007e+02
      vertex   1.949973e+02 -3.000000e+01 1.631639e+02
      vertex   1.949853e+02 -2.700000e+01 1.633834e+02
    endloop
  endfacet
  facet normal -9.974913e-01 1.186497e-03 -7.077870e-02
    outer loop
      vertex   1.949853e+02 -2.700000e+01 1.633834e+02
      vertex   1.949973e+02 -3.000000e+01 1.631639e+02
      vertex   1.949703e+02 -3.000000e+01 1.635447e+02
    endloop
  endfacet
  facet normal -9.934014e-01 -1.193876e-03 -1.146833e-01
    outer loop
      vertex   1.949853e+02 -2.700000e+01 1.633834e+02
      vertex   1.949703e+02 -3.000000e+01 1.635447e+02
      vertex   1.949414e+02 -2.700000e+01 1.637639e+02
    endloop
  endfacet
  facet normal -9.891860e-01 1.183842e-03 -1.466620e-01
    outer loop
      vertex   1.949414e+02 -2.700000e+01 1.637639e+02
      vertex   1.949703e+02 -3.000000e+01 1.635447e+02
      vertex   1.949143e+02 -3.000000e+01 1.639222e+02
    endloop
  endfacet
  facet normal -9.817076e-01 -1.191159e-03 -1.903910e-01
    outer loop
      vertex   1.949414e+02 -2.700000e+01 1.637639e+02
      vertex   1.949143e+02 -3.000000e+01 1.639222e+02
      vertex   1.948685e+02 -2.700000e+01 1.641399e+02
    endloop
  endfacet
  facet normal -9.751163e-01 1.181066e-03 -2.216907e-01
    outer loop
      vertex   1.948685e+02 -2.700000e+01 1.641399e+02
      vertex   1.949143e+02 -3.000000e+01 1.639222e+02
      vertex   1.948297e+02 -3.000000e+01 1.642944e+02
    endloop
  endfacet
  facet normal -9.642528e-01 -1.188321e-03 -2.649813e-01
    outer loop
      vertex   1.948685e+02 -2.700000e+01 1.641399e+02
      vertex   1.948297e+02 -3.000000e+01 1.642944e+02
      vertex   1.947670e+02 -2.700000e+01 1.645093e+02
    endloop
  endfacet
  facet normal -9.553644e-01 1.178170e-03 -2.954276e-01
    outer loop
      vertex   1.947670e+02 -2.700000e+01 1.645093e+02
      vertex   1.948297e+02 -3.000000e+01 1.642944e+02
      vertex   1.947170e+02 -3.000000e+01 1.646591e+02
    endloop
  endfacet
  facet normal -9.411394e-01 -1.185362e-03 -3.380166e-01
    outer loop
      vertex   1.947670e+02 -2.700000e+01 1.645093e+02
      vertex   1.947170e+02 -3.000000e+01 1.646591e+02
      vertex   1.946375e+02 -2.700000e+01 1.648698e+02
    endloop
  endfacet
  facet normal -9.300454e-01 1.175154e-03 -3.674429e-01
    outer loop
      vertex   1.946375e+02 -2.700000e+01 1.648698e+02
      vertex   1.947170e+02 -3.000000e+01 1.646591e+02
      vertex   1.945767e+02 -3.000000e+01 1.650140e+02
    endloop
  endfacet
  facet normal -9.125030e-01 -1.182282e-03 -4.090684e-01
    outer loop
      vertex   1.946375e+02 -2.700000e+01 1.648698e+02
      vertex   1.945767e+02 -3.000000e+01 1.650140e+02
      vertex   1.944808e+02 -2.700000e+01 1.652193e+02
    endloop
  endfacet
  facet normal -8.993067e-01 1.172017e-03 -4.373170e-01
    outer loop
      vertex   1.944808e+02 -2.700000e+01 1.652193e+02
      vertex   1.945767e+02 -3.000000e+01 1.650140e+02
      vertex   1.944098e+02 -3.000000e+01 1.653573e+02
    endloop
  endfacet
  facet normal -8.785116e-01 -1.179081e-03 -4.777195e-01
    outer loop
      vertex   1.944808e+02 -2.700000e+01 1.652193e+02
      vertex   1.944098e+02 -3.000000e+01 1.653573e+02
      vertex   1.942979e+02 -2.700000e+01 1.655558e+02
    endloop
  endfacet
  facet normal -8.633275e-01 1.168760e-03 -5.046427e-01
    outer loop
      vertex   1.942979e+02 -2.700000e+01 1.655558e+02
      vertex   1.944098e+02 -3.000000e+01 1.653573e+02
      vertex   1.942172e+02 -3.000000e+01 1.656868e+02
    endloop
  endfacet
  facet normal -8.393648e-01 -1.175760e-03 -5.435672e-01
    outer loop
      vertex   1.942979e+02 -2.700000e+01 1.655558e+02
      vertex   1.942172e+02 -3.000000e+01 1.656868e+02
      vertex   1.940897e+02 -2.700000e+01 1.658773e+02
    endloop
  endfacet
  facet normal -8.223175e-01 1.165382e-03 -5.690278e-01
    outer loop
      vertex   1.940897e+02 -2.700000e+01 1.658773e+02
      vertex   1.942172e+02 -3.000000e+01 1.656868e+02
      vertex   1.940000e+02 -3.000000e+01 1.660007e+02
    endloop
  endfacet
  facet normal -7.952923e-01 -1.172317e-03 -6.062250e-01
    outer loop
      vertex   1.940897e+02 -2.700000e+01 1.658773e+02
      vertex   1.940000e+02 -3.000000e+01 1.660007e+02
      vertex   1.938575e+02 -2.700000e+01 1.661819e+02
    endloop
  endfacet
  facet normal -7.859535e-01 -4.592792e-08 -6.182856e-01
    outer loop
      vertex   1.938575e+02 -2.700000e+01 1.661819e+02
      vertex   1.940000e+02 -3.000000e+01 1.660007e+02
      vertex   1.938575e+02 -3.350000e+01 1.661819e+02
    endloop
  endfacet
  facet normal -7.465532e-01 -4.362553e-08 -6.653257e-01
    outer loop
      vertex   1.938575e+02 -2.700000e+01 1.661819e+02
      vertex   1.938575e+02 -3.350000e+01 1.661819e+02
      vertex   1.936026e+02 -2.700000e+01 1.664678e+02
    endloop
  endfacet
  facet normal -7.465532e-01 -4.362553e-08 -6.653257e-01
    outer loop
      vertex   1.936026e+02 -2.700000e+01 1.664678e+02
      vertex   1.938575e+02 -3.350000e+01 1.661819e+02
      vertex   1.936026e+02 -3.350000e+01 1.664678e+02
    endloop
  endfacet
  facet normal -6.934325e-01 -4.052137e-08 -7.205216e-01
    outer loop
      vertex   1.936026e+02 -2.700000e+01 1.664678e+02
      vertex   1.936026e+02 -3.350000e+01 1.664678e+02
      vertex   1.933266e+02 -2.700000e+01 1.667334e+02
    endloop
  endfacet
  facet normal -6.934325e-01 -4.052137e-08 -7.205216e-01
    outer loop
      vertex   1.933266e+02 -2.700000e+01 1.667334e+02
      vertex   1.936026e+02 -3.350000e+01 1.664678e+02
      vertex   1.933266e+02 -3.350000e+01 1.667334e+02
    endloop
  endfacet
  facet normal -6.362424e-01 -3.717942e-08 -7.714892e-01
    outer loop
      vertex   1.933266e+02 -2.700000e+01 1.667334e+02
      vertex   1.933266e+02 -3.350000e+01 1.667334e+02
      vertex   1.930311e+02 -2.700000e+01 1.669771e+02
    endloop
  endfacet
  facet normal -6.362424e-01 -3.717942e-08 -7.714892e-01
    outer loop
      vertex   1.930311e+02 -2.700000e+01 1.669771e+02
      vertex   1.933266e+02 -3.350000e+01 1.667334e+02
      vertex   1.930311e+02 -3.350000e+01 1.669771e+02
    endloop
  endfacet
  facet normal -5.753187e-01 -3.361928e-08 -8.179294e-01
    outer loop
      vertex   1.930311e+02 -2.700000e+01 1.669771e+02
      vertex   1.930311e+02 -3.350000e+01 1.669771e+02
      vertex   1.927178e+02 -2.700000e+01 1.671975e+02
    endloop
  endfacet
  facet normal -5.753187e-01 -3.361928e-08 -8.179294e-01
    outer loop
      vertex   1.927178e+02 -2.700000e+01 1.671975e+02
      vertex   1.930311e+02 -3.350000e+01 1.669771e+02
      vertex   1.927178e+02 -3.350000e+01 1.671975e+02
    endloop
  endfacet
  facet normal -5.110187e-01 -2.986185e-08 -8.595696e-01
    outer loop
      vertex   1.927178e+02 -2.700000e+01 1.671975e+02
      vertex   1.927178e+02 -3.350000e+01 1.671975e+02
      vertex   1.923886e+02 -2.700000e+01 1.673932e+02
    endloop
  endfacet
  facet normal -5.110187e-01 -2.986185e-08 -8.595696e-01
    outer loop
      vertex   1.923886e+02 -2.700000e+01 1.673932e+02
      vertex   1.927178e+02 -3.350000e+01 1.671975e+02
      vertex   1.923886e+02 -3.350000e+01 1.673932e+02
    endloop
  endfacet
  facet normal -4.437198e-01 -2.592918e-08 -8.961656e-01
    outer loop
      vertex   1.923886e+02 -2.700000e+01 1.673932e+02
      vertex   1.923886e+02 -3.350000e+01 1.673932e+02
      vertex   1.920453e+02 -2.700000e+01 1.675632e+02
    endloop
  endfacet
  facet normal -4.437198e-01 -2.592918e-08 -8.961656e-01
    outer loop
      vertex   1.920453e+02 -2.700000e+01 1.675632e+02
      vertex   1.923886e+02 -3.350000e+01 1.673932e+02
      vertex   1.920453e+02 -3.350000e+01 1.675632e+02
    endloop
  endfacet
  facet normal -3.738171e-01 -2.184435e-08 -9.275025e-01
    outer loop
      vertex   1.920453e+02 -2.700000e+01 1.675632e+02
      vertex   1.920453e+02 -3.350000e+01 1.675632e+02
      vertex   1.916901e+02 -2.700000e+01 1.677064e+02
    endloop
  endfacet
  facet normal -3.738171e-01 -2.184435e-08 -9.275025e-01
    outer loop
      vertex   1.916901e+02 -2.700000e+01 1.677064e+02
      vertex   1.920453e+02 -3.350000e+01 1.675632e+02
      vertex   1.916901e+02 -3.350000e+01 1.677064e+02
    endloop
  endfacet
  facet normal -3.017206e-01 -1.763132e-08 -9.533964e-01
    outer loop
      vertex   1.916901e+02 -2.700000e+01 1.677064e+02
      vertex   1.916901e+02 -3.350000e+01 1.677064e+02
      vertex   1.913249e+02 -2.700000e+01 1.678219e+02
    endloop
  endfacet
  facet normal -3.017206e-01 -1.763132e-08 -9.533964e-01
    outer loop
      vertex   1.913249e+02 -2.700000e+01 1.678219e+02
      vertex   1.916901e+02 -3.350000e+01 1.677064e+02
      vertex   1.913249e+02 -3.350000e+01 1.678219e+02
    endloop
  endfacet
  facet normal -2.278535e-01 -1.331483e-08 -9.736954e-01
    outer loop
      vertex   1.913249e+02 -2.700000e+01 1.678219e+02
      vertex   1.913249e+02 -3.350000e+01 1.678219e+02
      vertex   1.909520e+02 -2.700000e+01 1.679092e+02
    endloop
  endfacet
  facet normal -2.278535e-01 -1.331483e-08 -9.736954e-01
    outer loop
      vertex   1.909520e+02 -2.700000e+01 1.679092e+02
      vertex   1.913249e+02 -3.350000e+01 1.678219e+02
      vertex   1.909520e+02 -3.350000e+01 1.679092e+02
    endloop
  endfacet
  facet normal -1.526493e-01 -8.920202e-09 -9.882804e-01
    outer loop
      vertex   1.909520e+02 -2.700000e+01 1.679092e+02
      vertex   1.909520e+02 -3.350000e+01 1.679092e+02
      vertex   1.905734e+02 -2.700000e+01 1.679677e+02
    endloop
  endfacet
  facet normal -1.526493e-01 -8.920202e-09 -9.882804e-01
    outer loop
      vertex   1.905734e+02 -2.700000e+01 1.679677e+02
      vertex   1.909520e+02 -3.350000e+01 1.679092e+02
      vertex   1.905734e+02 -3.350000e+01 1.679677e+02
    endloop
  endfacet
  facet normal -7.654925e-02 -4.473227e-09 -9.970658e-01
    outer loop
      vertex   1.905734e+02 -2.700000e+01 1.679677e+02
      vertex   1.905734e+02 -3.350000e+01 1.679677e+02
      vertex   1.901915e+02 -2.700000e+01 1.679970e+02
    endloop
  endfacet
  facet normal -7.654925e-02 -4.473226e-09 -9.970658e-01
    outer loop
      vertex   1.901915e+02 -2.700000e+01 1.679970e+02
      vertex   1.905734e+02 -3.350000e+01 1.679677e+02
      vertex   1.901915e+02 -3.350000e+01 1.679970e+02
    endloop
  endfacet
  facet normal 0.000000e+00 -0.000000e+00 -1.000000e+00
    outer loop
      vertex   1.901915e+02 -2.700000e+01 1.679970e+02
      vertex   1.901915e+02 -3.350000e+01 1.679970e+02
      vertex   1.898085e+02 -2.700000e+01 1.679970e+02
    endloop
  endfacet
  facet normal 0.000000e+00 0.000000e+00 -1.000000e+00
    outer loop
      vertex   1.898085e+02 -2.700000e+01 1.679970e+02
      vertex   1.901915e+02 -3.350000e+01 1.679970e+02
      vertex   1.898085e+02 -3.350000e+01 1.679970e+02
    endloop
  endfacet
  facet normal 7.654925e-02 4.473227e-09 -9.970658e-01
    outer loop
      vertex   1.898085e+02 -2.700000e+01 1.679970e+02
      vertex   1.898085e+02 -3.350000e+01 1.679970e+02
      vertex   1.894266e+02 -2.700000e+01 1.679677e+02
    endloop
  endfacet
  facet normal 7.654925e-02 4.473227e-09 -9.970658e-01
    outer loop
      vertex   1.894266e+02 -2.700000e+01 1.679677e+02
      vertex   1.898085e+02 -3.350000e+01 1.679970e+02
      vertex   1.894266e+02 -3.350000e+01 1.679677e+02
    endloop
  endfacet
  facet normal 1.526493e-01 8.920202e-09 -9.882804e-01
    outer loop
      vertex   1.894266e+02 -2.700000e+01 1.679677e+02
      vertex   1.894266e+02 -3.350000e+01 1.679677e+02
      vertex   1.890480e+02 -2.700000e+01 1.679092e+02
    endloop
  endfacet
  facet normal 1.526493e-01 8.920202e-09 -9.882804e-01
    outer loop
      vertex   1.890480e+02 -2.700000e+01 1.679092e+02
      vertex   1.894266e+02 -3.350000e+01 1.679677e+02
      vertex   1.890480e+02 -3.350000e+01 1.679092e+02
    endloop
  endfacet
  facet normal 2.278535e-01 1.331483e-08 -9.736954e-01
    outer loop
      vertex   1.890480e+02 -2.700000e+01 1.679092e+02
      vertex   1.890480e+02 -3.350000e+01 1.679092e+02
      vertex   1.886751e+02 -2.700000e+01 1.678219e+02
    endloop
  endfacet
  facet normal 2.278535e-01 1.331483e-08 -9.736954e-01
    outer loop
      vertex   1.886751e+02 -2.700000e+01 1.678219e+02
      vertex   1.890480e+02 -3.350000e+01 1.679092e+02
      vertex   1.886751e+02 -3.350000e+01 1.678219e+02
    endloop
  endfacet
  facet normal 3.017206e-01 1.763132e-08 -9.533964e-01
    outer loop
      vertex   1.886751e+02 -2.700000e+01 1.678219e+02
      vertex   1.886751e+02 -3.350000e+01 1.678219e+02
      vertex   1.883099e+02 -2.700000e+01 1.677064e+02
    endloop
  endfacet
  facet normal 3.017206e-01 1.763132e-08 -9.533964e-01
    outer loop
      vertex   1.883099e+02 -2.700000e+01 1.677064e+02
      vertex   1.886751e+02 -3.350000e+01 1.678219e+02
      vertex   1.883099e+02 -3.350000e+01 1.677064e+02
    endloop
  endfacet
  facet normal 3.738171e-01 2.184435e-08 -9.275025e-01
    outer loop
      vertex   1.883099e+02 -2.700000e+01 1.677064e+02
      vertex   1.883099e+02 -3.350000e+01 1.677064e+02
      vertex   1.879547e+02 -2.700000e+01 1.675632e+02
    endloop
  endfacet
  facet normal 3.738171e-01 2.184435e-08 -9.275025e-01
    outer loop
      vertex   1.879547e+02 -2.700000e+01 1.675632e+02
      vertex   1.883099e+02 -3.350000e+01 1.677064e+02
      vertex   1.879547e+02 -3.350000e+01 1.675632e+02
    endloop
  endfacet
  facet normal 4.437198e-01 2.592918e-08 -8.961656e-01
    outer loop
      vertex   1.879547e+02 -2.700000e+01 1.675632e+02
      vertex   1.879547e+02 -3.350000e+01 1.675632e+02
      vertex   1.876114e+02 -2.700000e+01 1.673932e+02
    endloop
  endfacet
  facet normal 4.437198e-01 2.592918e-08 -8.961656e-01
    outer loop
      vertex   1.876114e+02 -2.700000e+01 1.673932e+02
      vertex   1.879547e+02 -3.350000e+01 1.675632e+02
      vertex   1.876114e+02 -3.350000e+01 1.673932e+02
    endloop
  endfacet
  facet normal 5.110187e-01 2.986185e-08 -8.595696e-01
    outer loop
      vertex   1.876114e+02 -2.700000e+01 1.673932e+02
      vertex   1.876114e+02 -3.350000e+01 1.673932e+02
      vertex   1.872822e+02 -2.700000e+01 1.671975e+02
    endloop
  endfacet
  facet normal 5.110187e-01 2.986185e-08 -8.595696e-01
    outer loop
      vertex   1.872822e+02 -2.700000e+01 1.671975e+02
      vertex   1.876114e+02 -3.350000e+01 1.673932e+02
      vertex   1.872822e+02 -3.350000e+01 1.671975e+02
    endloop
  endfacet
  facet normal 5.753187e-01 3.361928e-08 -8.179294e-01
    outer loop
      vertex   1.872822e+02 -2.700000e+01 1.671975e+02
      vertex   1.872822e+02 -3.350000e+01 1.671975e+02
      vertex   1.869689e+02 -2.700000e+01 1.669771e+02
    endloop
  endfacet
  facet normal 5.753187e-01 3.361928e-08 -8.179294e-01
    outer loop
      vertex   1.869689e+02 -2.700000e+01 1.669771e+02
      vertex   1.872822e+02 -3.350000e+01 1.671975e+02
      vertex   1.869689e+02 -3.350000e+01 1.669771e+02
    endloop
  endfacet
  facet normal 6.362424e-01 3.717942e-08 -7.714892e-01
    outer loop
      vertex   1.869689e+02 -2.700000e+01 1.669771e+02
      vertex   1.869689e+02 -3.350000e+01 1.669771e+02
      vertex   1.866734e+02 -2.700000e+01 1.667334e+02
    endloop
  endfacet
  facet normal 6.362424e-01 3.717942e-08 -7.714892e-01
    outer loop
      vertex   1.866734e+02 -2.700000e+01 1.667334e+02
      vertex   1.869689e+02 -3.350000e+01 1.669771e+02
      vertex   1.866734e+02 -3.350000e+01 1.667334e+02
    endloop
  endfacet
  facet normal 6.934325e-01 4.052137e-08 -7.205216e-01
    outer loop
      vertex   1.866734e+02 -2.700000e+01 1.667334e+02
      vertex   1.866734e+02 -3.350000e+01 1.667334e+02
      vertex   1.863974e+02 -2.700000e+01 1.664678e+02
    endloop
  endfacet
  facet normal 6.934325e-01 4.052137e-08 -7.205216e-01
    outer loop
      vertex   1.863974e+02 -2.700000e+01 1.664678e+02
      vertex   1.866734e+02 -3.350000e+01 1.667334e+02
      vertex   1.863974e+02 -3.350000e+01 1.664678e+02
    endloop
  endfacet
  facet normal 7.465532e-01 4.362553e-08 -6.653257e-01
    outer loop
      vertex   1.863974e+02 -2.700000e+01 1.664678e+02
      vertex   1.863974e+02 -3.350000e+01 1.664678e+02
      vertex   1.861426e+02 -2.700000e+01 1.661819e+02
    endloop
  endfacet
  facet normal 7.465532e-01 4.362553e-08 -6.653257e-01
    outer loop
      vertex   1.861426e+02 -2.700000e+01 1.661819e+02
      vertex   1.863974e+02 -3.350000e+01 1.664678e+02
      vertex   1.861426e+02 -3.350000e+01 1.661819e+02
    endloop
  endfacet
  facet normal 7.859535e-01 4.592792e-08 -6.182856e-01
    outer loop
      vertex   1.861426e+02 -2.700000e+01 1.661819e+02
      vertex   1.861426e+02 -3.350000e+01 1.661819e+02
      vertex   1.860000e+02 -3.000000e+01 1.660007e+02
    endloop
  endfacet
  facet normal 7.859535e-01 4.592971e-08 -6.182856e-01
    outer loop
      vertex   1.860000e+02 -3.000000e+01 1.660007e+02
      vertex   1.861426e+02 -3.350000e+01 1.661819e+02
      vertex   1.860000e+02 -4.000000e+01 1.660007e+02
    endloop
  endfacet
  facet normal 7.762262e-01 5.526271e-04 -6.304543e-01
    outer loop
      vertex   1.860000e+02 -4.000000e+01 1.660007e+02
      vertex   1.861426e+02 -3.350000e+01 1.661819e+02
      vertex   1.862435e+02 -4.000000e+01 1.663005e+02
    endloop
  endfacet
  facet normal 7.465531e-01 -5.447464e-04 -6.653256e-01
    outer loop
      vertex   1.862435e+02 -4.000000e+01 1.663005e+02
      vertex   1.861426e+02 -3.350000e+01 1.661819e+02
      vertex   1.863974e+02 -3.350000e+01 1.664678e+02
    endloop
  endfacet
  facet normal 7.252402e-01 5.562034e-04 -6.884957e-01
    outer loop
      vertex   1.862435e+02 -4.000000e+01 1.663005e+02
      vertex   1.863974e+02 -3.350000e+01 1.664678e+02
      vertex   1.865095e+02 -4.000000e+01 1.665806e+02
    endloop
  endfacet
  facet normal 6.934324e-01 -5.481660e-04 -7.205215e-01
    outer loop
      vertex   1.865095e+02 -4.000000e+01 1.665806e+02
      vertex   1.863974e+02 -3.350000e+01 1.664678e+02
      vertex   1.866734e+02 -3.350000e+01 1.667334e+02
    endloop
  endfacet
  facet normal 6.699256e-01 5.594541e-04 -7.424280e-01
    outer loop
      vertex   1.865095e+02 -4.000000e+01 1.665806e+02
      vertex   1.866734e+02 -3.350000e+01 1.667334e+02
      vertex   1.867963e+02 -4.000000e+01 1.668394e+02
    endloop
  endfacet
  facet normal 6.362423e-01 -5.512606e-04 -7.714891e-01
    outer loop
      vertex   1.867963e+02 -4.000000e+01 1.668394e+02
      vertex   1.866734e+02 -3.350000e+01 1.667334e+02
      vertex   1.869689e+02 -3.350000e+01 1.669771e+02
    endloop
  endfacet
  facet normal 6.106127e-01 5.623791e-04 -7.919292e-01
    outer loop
      vertex   1.867963e+02 -4.000000e+01 1.668394e+02
      vertex   1.869689e+02 -3.350000e+01 1.669771e+02
      vertex   1.871022e+02 -4.000000e+01 1.670753e+02
    endloop
  endfacet
  facet normal 5.753186e-01 -5.540299e-04 -8.179292e-01
    outer loop
      vertex   1.871022e+02 -4.000000e+01 1.670753e+02
      vertex   1.869689e+02 -3.350000e+01 1.669771e+02
      vertex   1.872822e+02 -3.350000e+01 1.671975e+02
    endloop
  endfacet
  facet normal 5.476553e-01 5.649785e-04 -8.367038e-01
    outer loop
      vertex   1.871022e+02 -4.000000e+01 1.670753e+02
      vertex   1.872822e+02 -3.350000e+01 1.671975e+02
      vertex   1.874254e+02 -4.000000e+01 1.672868e+02
    endloop
  endfacet
  facet normal 5.110186e-01 -5.564741e-04 -8.595695e-01
    outer loop
      vertex   1.874254e+02 -4.000000e+01 1.672868e+02
      vertex   1.872822e+02 -3.350000e+01 1.671975e+02
      vertex   1.876114e+02 -3.350000e+01 1.673932e+02
    endloop
  endfacet
  facet normal 4.814294e-01 5.672524e-04 -8.764847e-01
    outer loop
      vertex   1.874254e+02 -4.000000e+01 1.672868e+02
      vertex   1.876114e+02 -3.350000e+01 1.673932e+02
      vertex   1.877639e+02 -4.000000e+01 1.674728e+02
    endloop
  endfacet
  facet normal 4.437198e-01 -5.585931e-04 -8.961654e-01
    outer loop
      vertex   1.877639e+02 -4.000000e+01 1.674728e+02
      vertex   1.876114e+02 -3.350000e+01 1.673932e+02
      vertex   1.879547e+02 -3.350000e+01 1.675632e+02
    endloop
  endfacet
  facet normal 4.123301e-01 5.692007e-04 -9.110343e-01
    outer loop
      vertex   1.877639e+02 -4.000000e+01 1.674728e+02
      vertex   1.879547e+02 -3.350000e+01 1.675632e+02
      vertex   1.881158e+02 -4.000000e+01 1.676321e+02
    endloop
  endfacet
  facet normal 3.738170e-01 -5.603868e-04 -9.275023e-01
    outer loop
      vertex   1.881158e+02 -4.000000e+01 1.676321e+02
      vertex   1.879547e+02 -3.350000e+01 1.675632e+02
      vertex   1.883099e+02 -3.350000e+01 1.677064e+02
    endloop
  endfacet
  facet normal 3.407699e-01 5.708234e-04 -9.401466e-01
    outer loop
      vertex   1.881158e+02 -4.000000e+01 1.676321e+02
      vertex   1.883099e+02 -3.350000e+01 1.677064e+02
      vertex   1.884790e+02 -4.000000e+01 1.677637e+02
    endloop
  endfacet
  facet normal 3.017206e-01 -5.618553e-04 -9.533962e-01
    outer loop
      vertex   1.884790e+02 -4.000000e+01 1.677637e+02
      vertex   1.883099e+02 -3.350000e+01 1.677064e+02
      vertex   1.886751e+02 -3.350000e+01 1.678219e+02
    endloop
  endfacet
  facet normal 2.671758e-01 5.721207e-04 -9.636476e-01
    outer loop
      vertex   1.884790e+02 -4.000000e+01 1.677637e+02
      vertex   1.886751e+02 -3.350000e+01 1.678219e+02
      vertex   1.888512e+02 -4.000000e+01 1.678669e+02
    endloop
  endfacet
  facet normal 2.278535e-01 -5.629985e-04 -9.736953e-01
    outer loop
      vertex   1.888512e+02 -4.000000e+01 1.678669e+02
      vertex   1.886751e+02 -3.350000e+01 1.678219e+02
      vertex   1.890480e+02 -3.350000e+01 1.679092e+02
    endloop
  endfacet
  facet normal 1.919871e-01 5.730925e-04 -9.813973e-01
    outer loop
      vertex   1.888512e+02 -4.000000e+01 1.678669e+02
      vertex   1.890480e+02 -3.350000e+01 1.679092e+02
      vertex   1.892303e+02 -4.000000e+01 1.679411e+02
    endloop
  endfacet
  facet normal 1.526493e-01 -5.638163e-04 -9.882803e-01
    outer loop
      vertex   1.892303e+02 -4.000000e+01 1.679411e+02
      vertex   1.890480e+02 -3.350000e+01 1.679092e+02
      vertex   1.894266e+02 -3.350000e+01 1.679677e+02
    endloop
  endfacet
  facet normal 1.156525e-01 5.737388e-04 -9.932896e-01
    outer loop
      vertex   1.892303e+02 -4.000000e+01 1.679411e+02
      vertex   1.894266e+02 -3.350000e+01 1.679677e+02
      vertex   1.896140e+02 -4.000000e+01 1.679857e+02
    endloop
  endfacet
  facet normal 7.654924e-02 -5.643089e-04 -9.970656e-01
    outer loop
      vertex   1.896140e+02 -4.000000e+01 1.679857e+02
      vertex   1.894266e+02 -3.350000e+01 1.679677e+02
      vertex   1.898085e+02 -3.350000e+01 1.679970e+02
    endloop
  endfacet
  facet normal 3.862768e-02 5.740597e-04 -9.992535e-01
    outer loop
      vertex   1.896140e+02 -4.000000e+01 1.679857e+02
      vertex   1.898085e+02 -3.350000e+01 1.679970e+02
      vertex   1.900000e+02 -4.000000e+01 1.680007e+02
    endloop
  endfacet
  facet normal 3.298568e-11 -5.644760e-04 -9.999998e-01
    outer loop
      vertex   1.900000e+02 -4.000000e+01 1.680007e+02
      vertex   1.898085e+02 -3.350000e+01 1.679970e+02
      vertex   1.901915e+02 -3.350000e+01 1.679970e+02
    endloop
  endfacet
  facet normal -3.862768e-02 5.740552e-04 -9.992535e-01
    outer loop
      vertex   1.900000e+02 -4.000000e+01 1.680007e+02
      vertex   1.901915e+02 -3.350000e+01 1.679970e+02
      vertex   1.903860e+02 -4.000000e+01 1.679857e+02
    endloop
  endfacet
  facet normal -7.654924e-02 -5.643178e-04 -9.970656e-01
    outer loop
      vertex   1.903860e+02 -4.000000e+01 1.679857e+02
      vertex   1.901915e+02 -3.350000e+01 1.679970e+02
      vertex   1.905734e+02 -3.350000e+01 1.679677e+02
    endloop
  endfacet
  facet normal -1.156525e-01 5.737253e-04 -9.932896e-01
    outer loop
      vertex   1.903860e+02 -4.000000e+01 1.679857e+02
      vertex   1.905734e+02 -3.350000e+01 1.679677e+02
      vertex   1.907697e+02 -4.000000e+01 1.679411e+02
    endloop
  endfacet
  facet normal -1.526493e-01 -5.638342e-04 -9.882803e-01
    outer loop
      vertex   1.907697e+02 -4.000000e+01 1.679411e+02
      vertex   1.905734e+02 -3.350000e+01 1.679677e+02
      vertex   1.909520e+02 -3.350000e+01 1.679092e+02
    endloop
  endfacet
  facet normal -1.919871e-01 5.730700e-04 -9.813973e-01
    outer loop
      vertex   1.907697e+02 -4.000000e+01 1.679411e+02
      vertex   1.909520e+02 -3.350000e+01 1.679092e+02
      vertex   1.911488e+02 -4.000000e+01 1.678669e+02
    endloop
  endfacet
  facet normal -2.278535e-01 -5.630251e-04 -9.736953e-01
    outer loop
      vertex   1.911488e+02 -4.000000e+01 1.678669e+02
      vertex   1.909520e+02 -3.350000e+01 1.679092e+02
      vertex   1.913249e+02 -3.350000e+01 1.678219e+02
    endloop
  endfacet
  facet normal -2.671758e-01 5.720895e-04 -9.636476e-01
    outer loop
      vertex   1.911488e+02 -4.000000e+01 1.678669e+02
      vertex   1.913249e+02 -3.350000e+01 1.678219e+02
      vertex   1.915210e+02 -4.000000e+01 1.677637e+02
    endloop
  endfacet
  facet normal -3.017206e-01 -5.618905e-04 -9.533962e-01
    outer loop
      vertex   1.915210e+02 -4.000000e+01 1.677637e+02
      vertex   1.913249e+02 -3.350000e+01 1.678219e+02
      vertex   1.916901e+02 -3.350000e+01 1.677064e+02
    endloop
  endfacet
  facet normal -3.407699e-01 5.707836e-04 -9.401466e-01
    outer loop
      vertex   1.915210e+02 -4.000000e+01 1.677637e+02
      vertex   1.916901e+02 -3.350000e+01 1.677064e+02
      vertex   1.918842e+02 -4.000000e+01 1.676321e+02
    endloop
  endfacet
  facet normal -3.738170e-01 -5.604305e-04 -9.275023e-01
    outer loop
      vertex   1.918842e+02 -4.000000e+01 1.676321e+02
      vertex   1.916901e+02 -3.350000e+01 1.677064e+02
      vertex   1.920453e+02 -3.350000e+01 1.675632e+02
    endloop
  endfacet
  facet normal -4.123301e-01 5.691525e-04 -9.110343e-01
    outer loop
      vertex   1.918842e+02 -4.000000e+01 1.676321e+02
      vertex   1.920453e+02 -3.350000e+01 1.675632e+02
      vertex   1.922361e+02 -4.000000e+01 1.674728e+02
    endloop
  endfacet
  facet normal -4.437198e-01 -5.586449e-04 -8.961654e-01
    outer loop
      vertex   1.922361e+02 -4.000000e+01 1.674728e+02
      vertex   1.920453e+02 -3.350000e+01 1.675632e+02
      vertex   1.923886e+02 -3.350000e+01 1.673932e+02
    endloop
  endfacet
  facet normal -4.814294e-01 5.671961e-04 -8.764847e-01
    outer loop
      vertex   1.922361e+02 -4.000000e+01 1.674728e+02
      vertex   1.923886e+02 -3.350000e+01 1.673932e+02
      vertex   1.925746e+02 -4.000000e+01 1.672868e+02
    endloop
  endfacet
  facet normal -5.110186e-01 -5.565338e-04 -8.595695e-01
    outer loop
      vertex   1.925746e+02 -4.000000e+01 1.672868e+02
      vertex   1.923886e+02 -3.350000e+01 1.673932e+02
      vertex   1.927178e+02 -3.350000e+01 1.671975e+02
    endloop
  endfacet
  facet normal -5.476553e-01 5.649145e-04 -8.367038e-01
    outer loop
      vertex   1.925746e+02 -4.000000e+01 1.672868e+02
      vertex   1.927178e+02 -3.350000e+01 1.671975e+02
      vertex   1.928978e+02 -4.000000e+01 1.670753e+02
    endloop
  endfacet
  facet normal -5.753186e-01 -5.540972e-04 -8.179292e-01
    outer loop
      vertex   1.928978e+02 -4.000000e+01 1.670753e+02
      vertex   1.927178e+02 -3.350000e+01 1.671975e+02
      vertex   1.930311e+02 -3.350000e+01 1.669771e+02
    endloop
  endfacet
  facet normal -6.106127e-01 5.623077e-04 -7.919292e-01
    outer loop
      vertex   1.928978e+02 -4.000000e+01 1.670753e+02
      vertex   1.930311e+02 -3.350000e+01 1.669771e+02
      vertex   1.932037e+02 -4.000000e+01 1.668394e+02
    endloop
  endfacet
  facet normal -6.362423e-01 -5.513349e-04 -7.714891e-01
    outer loop
      vertex   1.932037e+02 -4.000000e+01 1.668394e+02
      vertex   1.930311e+02 -3.350000e+01 1.669771e+02
      vertex   1.933266e+02 -3.350000e+01 1.667334e+02
    endloop
  endfacet
  facet normal -6.699256e-01 5.593758e-04 -7.424280e-01
    outer loop
      vertex   1.932037e+02 -4.000000e+01 1.668394e+02
      vertex   1.933266e+02 -3.350000e+01 1.667334e+02
      vertex   1.934905e+02 -4.000000e+01 1.665806e+02
    endloop
  endfacet
  facet normal -6.934324e-01 -5.482471e-04 -7.205215e-01
    outer loop
      vertex   1.934905e+02 -4.000000e+01 1.665806e+02
      vertex   1.933266e+02 -3.350000e+01 1.667334e+02
      vertex   1.936026e+02 -3.350000e+01 1.664678e+02
    endloop
  endfacet
  facet normal -7.252402e-01 5.561186e-04 -6.884957e-01
    outer loop
      vertex   1.934905e+02 -4.000000e+01 1.665806e+02
      vertex   1.936026e+02 -3.350000e+01 1.664678e+02
      vertex   1.937565e+02 -4.000000e+01 1.663005e+02
    endloop
  endfacet
  facet normal -7.465531e-01 -5.448336e-04 -6.653256e-01
    outer loop
      vertex   1.937565e+02 -4.000000e+01 1.663005e+02
      vertex   1.936026e+02 -3.350000e+01 1.664678e+02
      vertex   1.938575e+02 -3.350000e+01 1.661819e+02
    endloop
  endfacet
  facet normal -7.762262e-01 5.525364e-04 -6.304543e-01
    outer loop
      vertex   1.937565e+02 -4.000000e+01 1.663005e+02
      vertex   1.938575e+02 -3.350000e+01 1.661819e+02
      vertex   1.940000e+02 -4.000000e+01 1.660007e+02
    endloop
  endfacet
  facet normal -7.859535e-01 -4.592612e-08 -6.182856e-01
    outer loop
      vertex   1.940000e+02 -4.000000e+01 1.660007e+02
      vertex   1.938575e+02 -3.350000e+01 1.661819e+02
      vertex   1.940000e+02 -3.000000e+01 1.660007e+02
    endloop
  endfacet
  facet normal 9.974913e-01 1.186614e-03 -7.077870e-02
    outer loop
      vertex   1.850027e+02 -3.000000e+01 1.631639e+02
      vertex   1.850147e+02 -2.700000e+01 1.633834e+02
      vertex   1.850297e+02 -3.000000e+01 1.635447e+02
    endloop
  endfacet
  facet normal 9.934014e-01 -1.193760e-03 -1.146833e-01
    outer loop
      vertex   1.850297e+02 -3.000000e+01 1.635447e+02
      vertex   1.850147e+02 -2.700000e+01 1.633834e+02
      vertex   1.850586e+02 -2.700000e+01 1.637639e+02
    endloop
  endfacet
  facet normal 9.891860e-01 1.183957e-03 -1.466620e-01
    outer loop
      vertex   1.850297e+02 -3.000000e+01 1.635447e+02
      vertex   1.850586e+02 -2.700000e+01 1.637639e+02
      vertex   1.850857e+02 -3.000000e+01 1.639222e+02
    endloop
  endfacet
  facet normal 9.817076e-01 -1.191044e-03 -1.903910e-01
    outer loop
      vertex   1.850857e+02 -3.000000e+01 1.639222e+02
      vertex   1.850586e+02 -2.700000e+01 1.637639e+02
      vertex   1.851315e+02 -2.700000e+01 1.641399e+02
    endloop
  endfacet
  facet normal 9.751163e-01 1.181180e-03 -2.216907e-01
    outer loop
      vertex   1.850857e+02 -3.000000e+01 1.639222e+02
      vertex   1.851315e+02 -2.700000e+01 1.641399e+02
      vertex   1.851703e+02 -3.000000e+01 1.642944e+02
    endloop
  endfacet
  facet normal 9.642528e-01 -1.188208e-03 -2.649813e-01
    outer loop
      vertex   1.851703e+02 -3.000000e+01 1.642944e+02
      vertex   1.851315e+02 -2.700000e+01 1.641399e+02
      vertex   1.852330e+02 -2.700000e+01 1.645093e+02
    endloop
  endfacet
  facet normal 9.553644e-01 1.178282e-03 -2.954276e-01
    outer loop
      vertex   1.851703e+02 -3.000000e+01 1.642944e+02
      vertex   1.852330e+02 -2.700000e+01 1.645093e+02
      vertex   1.852830e+02 -3.000000e+01 1.646591e+02
    endloop
  endfacet
  facet normal 9.411394e-01 -1.185252e-03 -3.380166e-01
    outer loop
      vertex   1.852830e+02 -3.000000e+01 1.646591e+02
      vertex   1.852330e+02 -2.700000e+01 1.645093e+02
      vertex   1.853625e+02 -2.700000e+01 1.648698e+02
    endloop
  endfacet
  facet normal 9.300454e-01 1.175262e-03 -3.674429e-01
    outer loop
      vertex   1.852830e+02 -3.000000e+01 1.646591e+02
      vertex   1.853625e+02 -2.700000e+01 1.648698e+02
      vertex   1.854233e+02 -3.000000e+01 1.650140e+02
    endloop
  endfacet
  facet normal 9.125030e-01 -1.182176e-03 -4.090684e-01
    outer loop
      vertex   1.854233e+02 -3.000000e+01 1.650140e+02
      vertex   1.853625e+02 -2.700000e+01 1.648698e+02
      vertex   1.855192e+02 -2.700000e+01 1.652193e+02
    endloop
  endfacet
  facet normal 8.993067e-01 1.172122e-03 -4.373170e-01
    outer loop
      vertex   1.854233e+02 -3.000000e+01 1.650140e+02
      vertex   1.855192e+02 -2.700000e+01 1.652193e+02
      vertex   1.855902e+02 -3.000000e+01 1.653573e+02
    endloop
  endfacet
  facet normal 8.785116e-01 -1.178979e-03 -4.777195e-01
    outer loop
      vertex   1.855902e+02 -3.000000e+01 1.653573e+02
      vertex   1.855192e+02 -2.700000e+01 1.652193e+02
      vertex   1.857022e+02 -2.700000e+01 1.655558e+02
    endloop
  endfacet
  facet normal 8.633275e-01 1.168861e-03 -5.046427e-01
    outer loop
      vertex   1.855902e+02 -3.000000e+01 1.653573e+02
      vertex   1.857022e+02 -2.700000e+01 1.655558e+02
      vertex   1.857828e+02 -3.000000e+01 1.656868e+02
    endloop
  endfacet
  facet normal 8.393648e-01 -1.175661e-03 -5.435672e-01
    outer loop
      vertex   1.857828e+02 -3.000000e+01 1.656868e+02
      vertex   1.857022e+02 -2.700000e+01 1.655558e+02
      vertex   1.859104e+02 -2.700000e+01 1.658773e+02
    endloop
  endfacet
  facet normal 8.223175e-01 1.165478e-03 -5.690278e-01
    outer loop
      vertex   1.857828e+02 -3.000000e+01 1.656868e+02
      vertex   1.859104e+02 -2.700000e+01 1.658773e+02
      vertex   1.860000e+02 -3.000000e+01 1.660007e+02
    endloop
  endfacet
  facet normal 7.952923e-01 -1.172224e-03 -6.062250e-01
    outer loop
      vertex   1.860000e+02 -3.000000e+01 1.660007e+02
      vertex   1.859104e+02 -2.700000e+01 1.658773e+02
      vertex   1.861426e+02 -2.700000e+01 1.661819e+02
    endloop
  endfacet
  facet normal -5.843593e-08 1.000000e+00 1.467082e-13
    outer loop
      vertex   1.940000e+02 -4.000000e+01 1.660007e+02
      vertex   1.860000e+02 -4.000000e+01 1.660007e+02
      vertex   1.937565e+02 -4.000000e+01 1.663005e+02
    endloop
  endfacet
  facet normal -5.843592e-08 1.000000e+00 6.397190e-14
    outer loop
      vertex   1.937565e+02 -4.000000e+01 1.663005e+02
      vertex   1.860000e+02 -4.000000e+01 1.660007e+02
      vertex   1.862435e+02 -4.000000e+01 1.663005e+02
    endloop
  endfacet
  facet normal -5.843592e-08 1.000000e+00 -8.269664e-15
    outer loop
      vertex   1.937565e+02 -4.000000e+01 1.663005e+02
      vertex   1.862435e+02 -4.000000e+01 1.663005e+02
      vertex   1.934905e+02 -4.000000e+01 1.665806e+02
    endloop
  endfacet
  facet normal -5.843592e-08 1.000000e+00 -1.743003e-14
    outer loop
      vertex   1.934905e+02 -4.000000e+01 1.665806e+02
      vertex   1.862435e+02 -4.000000e+01 1.663005e+02
      vertex   1.865095e+02 -4.000000e+01 1.665806e+02
    endloop
  endfacet
  facet normal -5.843592e-08 1.000000e+00 4.642375e-15
    outer loop
      vertex   1.934905e+02 -4.000000e+01 1.665806e+02
      vertex   1.865095e+02 -4.000000e+01 1.665806e+02
      vertex   1.932037e+02 -4.000000e+01 1.668394e+02
    endloop
  endfacet
  facet normal -5.843592e-08 1.000000e+00 -5.057938e-15
    outer loop
      vertex   1.932037e+02 -4.000000e+01 1.668394e+02
      vertex   1.865095e+02 -4.000000e+01 1.665806e+02
      vertex   1.867963e+02 -4.000000e+01 1.668394e+02
    endloop
  endfacet
  facet normal -5.843592e-08 1.000000e+00 1.049025e-14
    outer loop
      vertex   1.932037e+02 -4.000000e+01 1.668394e+02
      vertex   1.867963e+02 -4.000000e+01 1.668394e+02
      vertex   1.928978e+02 -4.000000e+01 1.670753e+02
    endloop
  endfacet
  facet normal -5.843592e-08 1.000000e+00 2.011732e-14
    outer loop
      vertex   1.928978e+02 -4.000000e+01 1.670753e+02
      vertex   1.867963e+02 -4.000000e+01 1.668394e+02
      vertex   1.871022e+02 -4.000000e+01 1.670753e+02
    endloop
  endfacet
  facet normal -5.843592e-08 1.000000e+00 -8.898805e-15
    outer loop
      vertex   1.928978e+02 -4.000000e+01 1.670753e+02
      vertex   1.871022e+02 -4.000000e+01 1.670753e+02
      vertex   1.925746e+02 -4.000000e+01 1.672868e+02
    endloop
  endfacet
  facet normal -5.843592e-08 1.000000e+00 -2.568029e-14
    outer loop
      vertex   1.925746e+02 -4.000000e+01 1.672868e+02
      vertex   1.871022e+02 -4.000000e+01 1.670753e+02
      vertex   1.874254e+02 -4.000000e+01 1.672868e+02
    endloop
  endfacet
  facet normal -5.843592e-08 1.000000e+00 1.339247e-14
    outer loop
      vertex   1.925746e+02 -4.000000e+01 1.672868e+02
      vertex   1.874254e+02 -4.000000e+01 1.672868e+02
      vertex   1.922361e+02 -4.000000e+01 1.674728e+02
    endloop
  endfacet
  facet normal -5.843592e-08 1.000000e+00 2.568074e-14
    outer loop
      vertex   1.922361e+02 -4.000000e+01 1.674728e+02
      vertex   1.874254e+02 -4.000000e+01 1.672868e+02
      vertex   1.877639e+02 -4.000000e+01 1.674728e+02
    endloop
  endfacet
  facet normal -5.843592e-08 1.000000e+00 -2.888147e-14
    outer loop
      vertex   1.922361e+02 -4.000000e+01 1.674728e+02
      vertex   1.877639e+02 -4.000000e+01 1.674728e+02
      vertex   1.918842e+02 -4.000000e+01 1.676321e+02
    endloop
  endfacet
  facet normal -5.843592e-08 1.000000e+00 -1.450179e-14
    outer loop
      vertex   1.918842e+02 -4.000000e+01 1.676321e+02
      vertex   1.877639e+02 -4.000000e+01 1.674728e+02
      vertex   1.881158e+02 -4.000000e+01 1.676321e+02
    endloop
  endfacet
  facet normal -5.843592e-08 1.000000e+00 -7.476148e-15
    outer loop
      vertex   1.918842e+02 -4.000000e+01 1.676321e+02
      vertex   1.881158e+02 -4.000000e+01 1.676321e+02
      vertex   1.915210e+02 -4.000000e+01 1.677637e+02
    endloop
  endfacet
  facet normal -5.843592e-08 1.000000e+00 9.261168e-15
    outer loop
      vertex   1.915210e+02 -4.000000e+01 1.677637e+02
      vertex   1.881158e+02 -4.000000e+01 1.676321e+02
      vertex   1.884790e+02 -4.000000e+01 1.677637e+02
    endloop
  endfacet
  facet normal -5.843592e-08 1.000000e+00 5.882876e-14
    outer loop
      vertex   1.915210e+02 -4.000000e+01 1.677637e+02
      vertex   1.884790e+02 -4.000000e+01 1.677637e+02
      vertex   1.911488e+02 -4.000000e+01 1.678669e+02
    endloop
  endfacet
  facet normal -5.843592e-08 1.000000e+00 2.111907e-15
    outer loop
      vertex   1.911488e+02 -4.000000e+01 1.678669e+02
      vertex   1.884790e+02 -4.000000e+01 1.677637e+02
      vertex   1.888512e+02 -4.000000e+01 1.678669e+02
    endloop
  endfacet
  facet normal -5.843592e-08 1.000000e+00 7.305145e-15
    outer loop
      vertex   1.911488e+02 -4.000000e+01 1.678669e+02
      vertex   1.888512e+02 -4.000000e+01 1.678669e+02
      vertex   1.907697e+02 -4.000000e+01 1.679411e+02
    endloop
  endfacet
  facet normal -5.843592e-08 1.000000e+00 -1.090321e-14
    outer loop
      vertex   1.907697e+02 -4.000000e+01 1.679411e+02
      vertex   1.888512e+02 -4.000000e+01 1.678669e+02
      vertex   1.892303e+02 -4.000000e+01 1.679411e+02
    endloop
  endfacet
  facet normal -5.843592e-08 1.000000e+00 -1.847527e-13
    outer loop
      vertex   1.907697e+02 -4.000000e+01 1.679411e+02
      vertex   1.892303e+02 -4.000000e+01 1.679411e+02
      vertex   1.903860e+02 -4.000000e+01 1.679857e+02
    endloop
  endfacet
  facet normal -5.843593e-08 1.000000e+00 1.303008e-13
    outer loop
      vertex   1.903860e+02 -4.000000e+01 1.679857e+02
      vertex   1.892303e+02 -4.000000e+01 1.679411e+02
      vertex   1.896140e+02 -4.000000e+01 1.679857e+02
    endloop
  endfacet
  facet normal -5.843593e-08 1.000000e+00 0.000000e+00
    outer loop
      vertex   1.903860e+02 -4.000000e+01 1.679857e+02
      vertex   1.896140e+02 -4.000000e+01 1.679857e+02
      vertex   1.900000e+02 -4.000000e+01 1.680007e+02
    endloop
  endfacet
  facet normal 0.000000e+00 0.000000e+00 -1.000000e+00
    outer loop
      vertex   1.725853e+02 -7.372364e+01 1.660007e+02
      vertex   1.874037e+02 -7.386162e+01 1.660007e+02
      vertex   1.726000e+02 -7.400000e+01 1.660007e+02
    endloop
  endfacet
  facet normal 0.000000e+00 0.000000e+00 -1.000000e+00
    outer loop
      vertex   1.726000e+02 -7.400000e+01 1.660007e+02
      vertex   1.874037e+02 -7.386162e+01 1.660007e+02
      vertex   1.874037e+02 -7.413838e+01 1.660007e+02
    endloop
  endfacet
  facet normal 0.000000e+00 -0.000000e+00 -1.000000e+00
    outer loop
      vertex   1.726000e+02 -7.400000e+01 1.660007e+02
      vertex   1.874037e+02 -7.413838e+01 1.660007e+02
      vertex   1.725853e+02 -7.427637e+01 1.660007e+02
    endloop
  endfacet
  facet normal 0.000000e+00 0.000000e+00 -1.000000e+00
    outer loop
      vertex   1.725853e+02 -7.427637e+01 1.660007e+02
      vertex   1.874037e+02 -7.413838e+01 1.660007e+02
      vertex   1.874331e+02 -7.441357e+01 1.660007e+02
    endloop
  endfacet
  facet normal 0.000000e+00 -0.000000e+00 -1.000000e+00
    outer loop
      vertex   1.725853e+02 -7.427637e+01 1.660007e+02
      vertex   1.874331e+02 -7.441357e+01 1.660007e+02
      vertex   1.725413e+02 -7.454960e+01 1.660007e+02
    endloop
  endfacet
  facet normal 0.000000e+00 0.000000e+00 -1.000000e+00
    outer loop
      vertex   1.725413e+02 -7.454960e+01 1.660007e+02
      vertex   1.874331e+02 -7.441357e+01 1.660007e+02
      vertex   1.874916e+02 -7.468407e+01 1.660007e+02
    endloop
  endfacet
  facet normal 0.000000e+00 -0.000000e+00 -1.000000e+00
    outer loop
      vertex   1.725413e+02 -7.454960e+01 1.660007e+02
      vertex   1.874916e+02 -7.468407e+01 1.660007e+02
      vertex   1.724684e+02 -7.481660e+01 1.660007e+02
    endloop
  endfacet
  facet normal 0.000000e+00 0.000000e+00 -1.000000e+00
    outer loop
      vertex   1.724684e+02 -7.481660e+01 1.660007e+02
      vertex   1.874916e+02 -7.468407e+01 1.660007e+02
      vertex   1.875785e+02 -7.494682e+01 1.660007e+02
    endloop
  endfacet
  facet normal 0.000000e+00 -0.000000e+00 -1.000000e+00
    outer loop
      vertex   1.724684e+02 -7.481660e+01 1.660007e+02
      vertex   1.875785e+02 -7.494682e+01 1.660007e+02
      vertex   1.723677e+02 -7.507435e+01 1.660007e+02
    endloop
  endfacet
  facet normal 0.000000e+00 0.000000e+00 -1.000000e+00
    outer loop
      vertex   1.723677e+02 -7.507435e+01 1.660007e+02
      vertex   1.875785e+02 -7.494682e+01 1.660007e+02
      vertex   1.876929e+02 -7.519884e+01 1.660007e+02
    endloop
  endfacet
  facet normal 0.000000e+00 -0.000000e+00 -1.000000e+00
    outer loop
      vertex   1.723677e+02 -7.507435e+01 1.660007e+02
      vertex   1.876929e+02 -7.519884e+01 1.660007e+02
      vertex   1.722400e+02 -7.531993e+01 1.660007e+02
    endloop
  endfacet
  facet normal 0.000000e+00 0.000000e+00 -1.000000e+00
    outer loop
      vertex   1.722400e+02 -7.531993e+01 1.660007e+02
      vertex   1.876929e+02 -7.519884e+01 1.660007e+02
      vertex   1.878334e+02 -7.543728e+01 1.660007e+02
    endloop
  endfacet
  facet normal 0.000000e+00 -0.000000e+00 -1.000000e+00
    outer loop
      vertex   1.722400e+02 -7.531993e+01 1.660007e+02
      vertex   1.878334e+02 -7.543728e+01 1.660007e+02
      vertex   1.720871e+02 -7.555056e+01 1.660007e+02
    endloop
  endfacet
  facet normal 0.000000e+00 0.000000e+00 -1.000000e+00
    outer loop
      vertex   1.720871e+02 -7.555056e+01 1.660007e+02
      vertex   1.878334e+02 -7.543728e+01 1.660007e+02
      vertex   1.879984e+02 -7.565944e+01 1.660007e+02
    endloop
  endfacet
  facet normal 0.000000e+00 -0.000000e+00 -1.000000e+00
    outer loop
      vertex   1.720871e+02 -7.555056e+01 1.660007e+02
      vertex   1.879984e+02 -7.565944e+01 1.660007e+02
      vertex   1.719104e+02 -7.576361e+01 1.660007e+02
    endloop
  endfacet
  facet normal 0.000000e+00 0.000000e+00 -1.000000e+00
    outer loop
      vertex   1.719104e+02 -7.576361e+01 1.660007e+02
      vertex   1.879984e+02 -7.565944e+01 1.660007e+02
      vertex   1.881862e+02 -7.586279e+01 1.660007e+02
    endloop
  endfacet
  facet normal 0.000000e+00 -0.000000e+00 -1.000000e+00
    outer loop
      vertex   1.719104e+02 -7.576361e+01 1.660007e+02
      vertex   1.881862e+02 -7.586279e+01 1.660007e+02
      vertex   1.717121e+02 -7.595669e+01 1.660007e+02
    endloop
  endfacet
  facet normal 0.000000e+00 0.000000e+00 -1.000000e+00
    outer loop
      vertex   1.717121e+02 -7.595669e+01 1.660007e+02
      vertex   1.881862e+02 -7.586279e+01 1.660007e+02
      vertex   1.883944e+02 -7.604503e+01 1.660007e+02
    endloop
  endfacet
  facet normal 0.000000e+00 -0.000000e+00 -1.000000e+00
    outer loop
      vertex   1.717121e+02 -7.595669e+01 1.660007e+02
      vertex   1.883944e+02 -7.604503e+01 1.660007e+02
      vertex   1.714945e+02 -7.612759e+01 1.660007e+02
    endloop
  endfacet
  facet normal 0.000000e+00 0.000000e+00 -1.000000e+00
    outer loop
      vertex   1.714945e+02 -7.612759e+01 1.660007e+02
      vertex   1.883944e+02 -7.604503e+01 1.660007e+02
      vertex   1.886209e+02 -7.620411e+01 1.660007e+02
    endloop
  endfacet
  facet normal 0.000000e+00 -0.000000e+00 -1.000000e+00
    outer loop
      vertex   1.714945e+02 -7.612759e+01 1.660007e+02
      vertex   1.886209e+02 -7.620411e+01 1.660007e+02
      vertex   1.712598e+02 -7.627439e+01 1.660007e+02
    endloop
  endfacet
  facet normal 0.000000e+00 0.000000e+00 -1.000000e+00
    outer loop
      vertex   1.712598e+02 -7.627439e+01 1.660007e+02
      vertex   1.886209e+02 -7.620411e+01 1.660007e+02
      vertex   1.888630e+02 -7.633821e+01 1.660007e+02
    endloop
  endfacet
  facet normal 0.000000e+00 -0.000000e+00 -1.000000e+00
    outer loop
      vertex   1.712598e+02 -7.627439e+01 1.660007e+02
      vertex   1.888630e+02 -7.633821e+01 1.660007e+02
      vertex   1.710109e+02 -7.639541e+01 1.660007e+02
    endloop
  endfacet
  facet normal 0.000000e+00 0.000000e+00 -1.000000e+00
    outer loop
      vertex   1.710109e+02 -7.639541e+01 1.660007e+02
      vertex   1.888630e+02 -7.633821e+01 1.660007e+02
      vertex   1.891180e+02 -7.644582e+01 1.660007e+02
    endloop
  endfacet
  facet normal 0.000000e+00 -0.000000e+00 -1.000000e+00
    outer loop
      vertex   1.710109e+02 -7.639541e+01 1.660007e+02
      vertex   1.891180e+02 -7.644582e+01 1.660007e+02
      vertex   1.707506e+02 -7.648930e+01 1.660007e+02
    endloop
  endfacet
  facet normal 0.000000e+00 0.000000e+00 -1.000000e+00
    outer loop
      vertex   1.707506e+02 -7.648930e+01 1.660007e+02
      vertex   1.891180e+02 -7.644582e+01 1.660007e+02
      vertex   1.893830e+02 -7.652572e+01 1.660007e+02
    endloop
  endfacet
  facet normal 0.000000e+00 -0.000000e+00 -1.000000e+00
    outer loop
      vertex   1.707506e+02 -7.648930e+01 1.660007e+02
      vertex   1.893830e+02 -7.652572e+01 1.660007e+02
      vertex   1.704818e+02 -7.655498e+01 1.660007e+02
    endloop
  endfacet
  facet normal 0.000000e+00 0.000000e+00 -1.000000e+00
    outer loop
      vertex   1.704818e+02 -7.655498e+01 1.660007e+02
      vertex   1.893830e+02 -7.652572e+01 1.660007e+02
      vertex   2.000000e+02 -8.000000e+01 1.660007e+02
    endloop
  endfacet
  facet normal 0.000000e+00 -0.000000e+00 -1.000000e+00
    outer loop
      vertex   1.704818e+02 -7.655498e+01 1.660007e+02
      vertex   2.000000e+02 -8.000000e+01 1.660007e+02
      vertex   1.600000e+02 -8.000000e+01 1.660007e+02
    endloop
  endfacet
  facet normal 0.000000e+00 0.000000e+00 -1.000000e+00
    outer loop
      vertex   1.874037e+02 -7.386162e+01 1.660007e+02
      vertex   1.725853e+02 -7.372364e+01 1.660007e+02
      vertex   1.874331e+02 -7.358644e+01 1.660007e+02
    endloop
  endfacet
  facet normal -0.000000e+00 0.000000e+00 -1.000000e+00
    outer loop
      vertex   1.874331e+02 -7.358644e+01 1.660007e+02
      vertex   1.725853e+02 -7.372364e+01 1.660007e+02
      vertex   1.725413e+02 -7.345041e+01 1.660007e+02
    endloop
  endfacet
  facet normal 0.000000e+00 0.000000e+00 -1.000000e+00
    outer loop
      vertex   1.874331e+02 -7.358644e+01 1.660007e+02
      vertex   1.725413e+02 -7.345041e+01 1.660007e+02
      vertex   1.874916e+02 -7.331593e+01 1.660007e+02
    endloop
  endfacet
  facet normal -0.000000e+00 0.000000e+00 -1.000000e+00
    outer loop
      vertex   1.874916e+02 -7.331593e+01 1.660007e+02
      vertex   1.725413e+02 -7.345041e+01 1.660007e+02
      vertex   1.724684e+02 -7.318340e+01 1.660007e+02
    endloop
  endfacet
  facet normal 0.000000e+00 0.000000e+00 -1.000000e+00
    outer loop
      vertex   1.874916e+02 -7.331593e+01 1.660007e+02
      vertex   1.724684e+02 -7.318340e+01 1.660007e+02
      vertex   1.875785e+02 -7.305318e+01 1.660007e+02
    endloop
  endfacet
  facet normal -0.000000e+00 0.000000e+00 -1.000000e+00
    outer loop
      vertex   1.875785e+02 -7.305318e+01 1.660007e+02
      vertex   1.724684e+02 -7.318340e+01 1.660007e+02
      vertex   1.723677e+02 -7.292565e+01 1.660007e+02
    endloop
  endfacet
  facet normal 0.000000e+00 0.000000e+00 -1.000000e+00
    outer loop
      vertex   1.875785e+02 -7.305318e+01 1.660007e+02
      vertex   1.723677e+02 -7.292565e+01 1.660007e+02
      vertex   1.876929e+02 -7.280116e+01 1.660007e+02
    endloop
  endfacet
  facet normal -0.000000e+00 0.000000e+00 -1.000000e+00
    outer loop
      vertex   1.876929e+02 -7.280116e+01 1.660007e+02
      vertex   1.723677e+02 -7.292565e+01 1.660007e+02
      vertex   1.722400e+02 -7.268007e+01 1.660007e+02
    endloop
  endfacet
  facet normal 0.000000e+00 0.000000e+00 -1.000000e+00
    outer loop
      vertex   1.876929e+02 -7.280116e+01 1.660007e+02
      vertex   1.722400e+02 -7.268007e+01 1.660007e+02
      vertex   1.878334e+02 -7.256272e+01 1.660007e+02
    endloop
  endfacet
  facet normal -0.000000e+00 0.000000e+00 -1.000000e+00
    outer loop
      vertex   1.878334e+02 -7.256272e+01 1.660007e+02
      vertex   1.722400e+02 -7.268007e+01 1.660007e+02
      vertex   1.720871e+02 -7.244945e+01 1.660007e+02
    endloop
  endfacet
  facet normal 0.000000e+00 0.000000e+00 -1.000000e+00
    outer loop
      vertex   1.878334e+02 -7.256272e+01 1.660007e+02
      vertex   1.720871e+02 -7.244945e+01 1.660007e+02
      vertex   1.879984e+02 -7.234057e+01 1.660007e+02
    endloop
  endfacet
  facet normal -0.000000e+00 0.000000e+00 -1.000000e+00
    outer loop
      vertex   1.879984e+02 -7.234057e+01 1.660007e+02
      vertex   1.720871e+02 -7.244945e+01 1.660007e+02
      vertex   1.719104e+02 -7.223639e+01 1.660007e+02
    endloop
  endfacet
  facet normal 0.000000e+00 0.000000e+00 -1.000000e+00
    outer loop
      vertex   1.879984e+02 -7.234057e+01 1.660007e+02
      vertex   1.719104e+02 -7.223639e+01 1.660007e+02
      vertex   1.881862e+02 -7.213721e+01 1.660007e+02
    endloop
  endfacet
  facet normal -0.000000e+00 0.000000e+00 -1.000000e+00
    outer loop
      vertex   1.881862e+02 -7.213721e+01 1.660007e+02
      vertex   1.719104e+02 -7.223639e+01 1.660007e+02
      vertex   1.717121e+02 -7.204332e+01 1.660007e+02
    endloop
  endfacet
  facet normal 0.000000e+00 0.000000e+00 -1.000000e+00
    outer loop
      vertex   1.881862e+02 -7.213721e+01 1.660007e+02
      vertex   1.717121e+02 -7.204332e+01 1.660007e+02
      vertex   1.883944e+02 -7.195497e+01 1.660007e+02
    endloop
  endfacet
  facet normal -0.000000e+00 0.000000e+00 -1.000000e+00
    outer loop
      vertex   1.883944e+02 -7.195497e+01 1.660007e+02
      vertex   1.717121e+02 -7.204332e+01 1.660007e+02
      vertex   1.860000e+02 -4.000000e+01 1.660007e+02
    endloop
  endfacet
  facet normal 0.000000e+00 0.000000e+00 -1.000000e+00
    outer loop
      vertex   1.883944e+02 -7.195497e+01 1.660007e+02
      vertex   1.860000e+02 -4.000000e+01 1.660007e+02
      vertex   1.886209e+02 -7.179589e+01 1.660007e+02
    endloop
  endfacet
  facet normal 0.000000e+00 0.000000e+00 -1.000000e+00
    outer loop
      vertex   1.886209e+02 -7.179589e+01 1.660007e+02
      vertex   1.860000e+02 -4.000000e+01 1.660007e+02
      vertex   1.888630e+02 -7.166179e+01 1.660007e+02
    endloop
  endfacet
  facet normal 0.000000e+00 0.000000e+00 -1.000000e+00
    outer loop
      vertex   1.888630e+02 -7.166179e+01 1.660007e+02
      vertex   1.860000e+02 -4.000000e+01 1.660007e+02
      vertex   1.891180e+02 -7.155418e+01 1.660007e+02
    endloop
  endfacet
  facet normal 0.000000e+00 0.000000e+00 -1.000000e+00
    outer loop
      vertex   1.891180e+02 -7.155418e+01 1.660007e+02
      vertex   1.860000e+02 -4.000000e+01 1.660007e+02
      vertex   1.893830e+02 -7.147428e+01 1.660007e+02
    endloop
  endfacet
  facet normal 0.000000e+00 0.000000e+00 -1.000000e+00
    outer loop
      vertex   1.893830e+02 -7.147428e+01 1.660007e+02
      vertex   1.860000e+02 -4.000000e+01 1.660007e+02
      vertex   1.896549e+02 -7.142300e+01 1.660007e+02
    endloop
  endfacet
  facet normal 0.000000e+00 0.000000e+00 -1.000000e+00
    outer loop
      vertex   1.896549e+02 -7.142300e+01 1.660007e+02
      vertex   1.860000e+02 -4.000000e+01 1.660007e+02
      vertex   1.899308e+02 -7.140092e+01 1.660007e+02
    endloop
  endfacet
  facet normal 0.000000e+00 0.000000e+00 -1.000000e+00
    outer loop
      vertex   1.899308e+02 -7.140092e+01 1.660007e+02
      vertex   1.860000e+02 -4.000000e+01 1.660007e+02
      vertex   1.940000e+02 -4.000000e+01 1.660007e+02
    endloop
  endfacet
  facet normal 0.000000e+00 0.000000e+00 -1.000000e+00
    outer loop
      vertex   1.899308e+02 -7.140092e+01 1.660007e+02
      vertex   1.940000e+02 -4.000000e+01 1.660007e+02
      vertex   1.902074e+02 -7.140829e+01 1.660007e+02
    endloop
  endfacet
  facet normal 0.000000e+00 0.000000e+00 -1.000000e+00
    outer loop
      vertex   1.902074e+02 -7.140829e+01 1.660007e+02
      vertex   1.940000e+02 -4.000000e+01 1.660007e+02
      vertex   1.904818e+02 -7.144502e+01 1.660007e+02
    endloop
  endfacet
  facet normal 0.000000e+00 0.000000e+00 -1.000000e+00
    outer loop
      vertex   1.904818e+02 -7.144502e+01 1.660007e+02
      vertex   1.940000e+02 -4.000000e+01 1.660007e+02
      vertex   1.907506e+02 -7.151070e+01 1.660007e+02
    endloop
  endfacet
  facet normal 0.000000e+00 0.000000e+00 -1.000000e+00
    outer loop
      vertex   1.907506e+02 -7.151070e+01 1.660007e+02
      vertex   1.940000e+02 -4.000000e+01 1.660007e+02
      vertex   1.910109e+02 -7.160459e+01 1.660007e+02
    endloop
  endfacet
  facet normal 0.000000e+00 0.000000e+00 -1.000000e+00
    outer loop
      vertex   1.910109e+02 -7.160459e+01 1.660007e+02
      vertex   1.940000e+02 -4.000000e+01 1.660007e+02
      vertex   1.912598e+02 -7.172562e+01 1.660007e+02
    endloop
  endfacet
  facet normal 0.000000e+00 0.000000e+00 -1.000000e+00
    outer loop
      vertex   1.912598e+02 -7.172562e+01 1.660007e+02
      vertex   1.940000e+02 -4.000000e+01 1.660007e+02
      vertex   1.914945e+02 -7.187241e+01 1.660007e+02
    endloop
  endfacet
  facet normal 0.000000e+00 0.000000e+00 -1.000000e+00
    outer loop
      vertex   1.914945e+02 -7.187241e+01 1.660007e+02
      vertex   1.940000e+02 -4.000000e+01 1.660007e+02
      vertex   1.917121e+02 -7.204332e+01 1.660007e+02
    endloop
  endfacet
  facet normal 0.000000e+00 0.000000e+00 -1.000000e+00
    outer loop
      vertex   1.917121e+02 -7.204332e+01 1.660007e+02
      vertex   1.940000e+02 -4.000000e+01 1.660007e+02
      vertex   1.919104e+02 -7.223639e+01 1.660007e+02
    endloop
  endfacet
  facet normal 0.000000e+00 0.000000e+00 -1.000000e+00
    outer loop
      vertex   1.919104e+02 -7.223639e+01 1.660007e+02
      vertex   1.940000e+02 -4.000000e+01 1.660007e+02
      vertex   1.920871e+02 -7.244945e+01 1.660007e+02
    endloop
  endfacet
  facet normal 0.000000e+00 0.000000e+00 -1.000000e+00
    outer loop
      vertex   1.920871e+02 -7.244945e+01 1.660007e+02
      vertex   1.940000e+02 -4.000000e+01 1.660007e+02
      vertex   1.922400e+02 -7.268007e+01 1.660007e+02
    endloop
  endfacet
  facet normal 0.000000e+00 0.000000e+00 -1.000000e+00
    outer loop
      vertex   1.922400e+02 -7.268007e+01 1.660007e+02
      vertex   1.940000e+02 -4.000000e+01 1.660007e+02
      vertex   2.000000e+02 -8.000000e+01 1.660007e+02
    endloop
  endfacet
  facet normal 0.000000e+00 0.000000e+00 -1.000000e+00
    outer loop
      vertex   1.922400e+02 -7.268007e+01 1.660007e+02
      vertex   2.000000e+02 -8.000000e+01 1.660007e+02
      vertex   1.923677e+02 -7.292565e+01 1.660007e+02
    endloop
  endfacet
  facet normal 0.000000e+00 0.000000e+00 -1.000000e+00
    outer loop
      vertex   1.923677e+02 -7.292565e+01 1.660007e+02
      vertex   2.000000e+02 -8.000000e+01 1.660007e+02
      vertex   1.924684e+02 -7.318340e+01 1.660007e+02
    endloop
  endfacet
  facet normal 0.000000e+00 0.000000e+00 -1.000000e+00
    outer loop
      vertex   1.924684e+02 -7.318340e+01 1.660007e+02
      vertex   2.000000e+02 -8.000000e+01 1.660007e+02
      vertex   1.925413e+02 -7.345041e+01 1.660007e+02
    endloop
  endfacet
  facet normal 0.000000e+00 0.000000e+00 -1.000000e+00
    outer loop
      vertex   1.925413e+02 -7.345041e+01 1.660007e+02
      vertex   2.000000e+02 -8.000000e+01 1.660007e+02
      vertex   1.925853e+02 -7.372364e+01 1.660007e+02
    endloop
  endfacet
  facet normal 0.000000e+00 0.000000e+00 -1.000000e+00
    outer loop
      vertex   1.925853e+02 -7.372364e+01 1.660007e+02
      vertex   2.000000e+02 -8.000000e+01 1.660007e+02
      vertex   1.926000e+02 -7.400000e+01 1.660007e+02
    endloop
  endfacet
  facet normal 0.000000e+00 -0.000000e+00 -1.000000e+00
    outer loop
      vertex   1.926000e+02 -7.400000e+01 1.660007e+02
      vertex   2.000000e+02 -8.000000e+01 1.660007e+02
      vertex   1.925853e+02 -7.427636e+01 1.660007e+02
    endloop
  endfacet
  facet normal 0.000000e+00 -0.000000e+00 -1.000000e+00
    outer loop
      vertex   1.925853e+02 -7.427636e+01 1.660007e+02
      vertex   2.000000e+02 -8.000000e+01 1.660007e+02
      vertex   1.925413e+02 -7.454960e+01 1.660007e+02
    endloop
  endfacet
  facet normal 0.000000e+00 -0.000000e+00 -1.000000e+00
    outer loop
      vertex   1.925413e+02 -7.454960e+01 1.660007e+02
      vertex   2.000000e+02 -8.000000e+01 1.660007e+02
      vertex   1.924684e+02 -7.481660e+01 1.660007e+02
    endloop
  endfacet
  facet normal 0.000000e+00 -0.000000e+00 -1.000000e+00
    outer loop
      vertex   1.924684e+02 -7.481660e+01 1.660007e+02
      vertex   2.000000e+02 -8.000000e+01 1.660007e+02
      vertex   1.923677e+02 -7.507435e+01 1.660007e+02
    endloop
  endfacet
  facet normal 0.000000e+00 -0.000000e+00 -1.000000e+00
    outer loop
      vertex   1.923677e+02 -7.507435e+01 1.660007e+02
      vertex   2.000000e+02 -8.000000e+01 1.660007e+02
      vertex   1.922400e+02 -7.531993e+01 1.660007e+02
    endloop
  endfacet
  facet normal 0.000000e+00 -0.000000e+00 -1.000000e+00
    outer loop
      vertex   1.922400e+02 -7.531993e+01 1.660007e+02
      vertex   2.000000e+02 -8.000000e+01 1.660007e+02
      vertex   1.920871e+02 -7.555056e+01 1.660007e+02
    endloop
  endfacet
  facet normal 0.000000e+00 -0.000000e+00 -1.000000e+00
    outer loop
      vertex   1.920871e+02 -7.555056e+01 1.660007e+02
      vertex   2.000000e+02 -8.000000e+01 1.660007e+02
      vertex   1.919104e+02 -7.576361e+01 1.660007e+02
    endloop
  endfacet
  facet normal 0.000000e+00 -0.000000e+00 -1.000000e+00
    outer loop
      vertex   1.919104e+02 -7.576361e+01 1.660007e+02
      vertex   2.000000e+02 -8.000000e+01 1.660007e+02
      vertex   1.917121e+02 -7.595668e+01 1.660007e+02
    endloop
  endfacet
  facet normal 0.000000e+00 -0.000000e+00 -1.000000e+00
    outer loop
      vertex   1.917121e+02 -7.595668e+01 1.660007e+02
      vertex   2.000000e+02 -8.000000e+01 1.660007e+02
      vertex   1.914945e+02 -7.612759e+01 1.660007e+02
    endloop
  endfacet
  facet normal 0.000000e+00 -0.000000e+00 -1.000000e+00
    outer loop
      vertex   1.914945e+02 -7.612759e+01 1.660007e+02
      vertex   2.000000e+02 -8.000000e+01 1.660007e+02
      vertex   1.912598e+02 -7.627438e+01 1.660007e+02
    endloop
  endfacet
  facet normal 0.000000e+00 -0.000000e+00 -1.000000e+00
    outer loop
      vertex   1.912598e+02 -7.627438e+01 1.660007e+02
      vertex   2.000000e+02 -8.000000e+01 1.660007e+02
      vertex   1.910109e+02 -7.639541e+01 1.660007e+02
    endloop
  endfacet
  facet normal 0.000000e+00 -0.000000e+00 -1.000000e+00
    outer loop
      vertex   1.910109e+02 -7.639541e+01 1.660007e+02
      vertex   2.000000e+02 -8.000000e+01 1.660007e+02
      vertex   1.907506e+02 -7.648930e+01 1.660007e+02
    endloop
  endfacet
  facet normal 0.000000e+00 -0.000000e+00 -1.000000e+00
    outer loop
      vertex   1.907506e+02 -7.648930e+01 1.660007e+02
      vertex   2.000000e+02 -8.000000e+01 1.660007e+02
      vertex   1.904818e+02 -7.655498e+01 1.660007e+02
    endloop
  endfacet
  facet normal 0.000000e+00 -0.000000e+00 -1.000000e+00
    outer loop
      vertex   1.904818e+02 -7.655498e+01 1.660007e+02
      vertex   2.000000e+02 -8.000000e+01 1.660007e+02
      vertex   1.902074e+02 -7.659171e+01 1.660007e+02
    endloop
  endfacet
  facet normal 0.000000e+00 -0.000000e+00 -1.000000e+00
    outer loop
      vertex   1.902074e+02 -7.659171e+01 1.660007e+02
      vertex   2.000000e+02 -8.000000e+01 1.660007e+02
      vertex   1.899308e+02 -7.659908e+01 1.660007e+02
    endloop
  endfacet
  facet normal -0.000000e+00 -0.000000e+00 -1.000000e+00
    outer loop
      vertex   1.899308e+02 -7.659908e+01 1.660007e+02
      vertex   2.000000e+02 -8.000000e+01 1.660007e+02
      vertex   1.896549e+02 -7.657700e+01 1.660007e+02
    endloop
  endfacet
  facet normal -0.000000e+00 -0.000000e+00 -1.000000e+00
    outer loop
      vertex   1.896549e+02 -7.657700e+01 1.660007e+02
      vertex   2.000000e+02 -8.000000e+01 1.660007e+02
      vertex   1.893830e+02 -7.652572e+01 1.660007e+02
    endloop
  endfacet
  facet normal 0.000000e+00 0.000000e+00 -1.000000e+00
    outer loop
      vertex   1.860000e+02 -4.000000e+01 1.660007e+02
      vertex   1.717121e+02 -7.204332e+01 1.660007e+02
      vertex   1.740000e+02 -4.000000e+01 1.660007e+02
    endloop
  endfacet
  facet normal 0.000000e+00 0.000000e+00 -1.000000e+00
    outer loop
      vertex   1.740000e+02 -4.000000e+01 1.660007e+02
      vertex   1.717121e+02 -7.204332e+01 1.660007e+02
      vertex   1.714945e+02 -7.187241e+01 1.660007e+02
    endloop
  endfacet
  facet normal 0.000000e+00 0.000000e+00 -1.000000e+00
    outer loop
      vertex   1.740000e+02 -4.000000e+01 1.660007e+02
      vertex   1.714945e+02 -7.187241e+01 1.660007e+02
      vertex   1.712598e+02 -7.172562e+01 1.660007e+02
    endloop
  endfacet
  facet normal 0.000000e+00 0.000000e+00 -1.000000e+00
    outer loop
      vertex   1.712598e+02 -7.172562e+01 1.660007e+02
      vertex   1.710109e+02 -7.160459e+01 1.660007e+02
      vertex   1.740000e+02 -4.000000e+01 1.660007e+02
    endloop
  endfacet
  facet normal 0.000000e+00 0.000000e+00 -1.000000e+00
    outer loop
      vertex   1.740000e+02 -4.000000e+01 1.660007e+02
      vertex   1.710109e+02 -7.160459e+01 1.660007e+02
      vertex   1.707506e+02 -7.151070e+01 1.660007e+02
    endloop
  endfacet
  facet normal 0.000000e+00 0.000000e+00 -1.000000e+00
    outer loop
      vertex   1.740000e+02 -4.000000e+01 1.660007e+02
      vertex   1.707506e+02 -7.151070e+01 1.660007e+02
      vertex   1.704818e+02 -7.144502e+01 1.660007e+02
    endloop
  endfacet
  facet normal 0.000000e+00 0.000000e+00 -1.000000e+00
    outer loop
      vertex   1.704818e+02 -7.144502e+01 1.660007e+02
      vertex   1.702074e+02 -7.140829e+01 1.660007e+02
      vertex   1.740000e+02 -4.000000e+01 1.660007e+02
    endloop
  endfacet
  facet normal 0.000000e+00 0.000000e+00 -1.000000e+00
    outer loop
      vertex   1.740000e+02 -4.000000e+01 1.660007e+02
      vertex   1.702074e+02 -7.140829e+01 1.660007e+02
      vertex   1.699308e+02 -7.140092e+01 1.660007e+02
    endloop
  endfacet
  facet normal 0.000000e+00 0.000000e+00 -1.000000e+00
    outer loop
      vertex   1.740000e+02 -4.000000e+01 1.660007e+02
      vertex   1.699308e+02 -7.140092e+01 1.660007e+02
      vertex   1.660000e+02 -4.000000e+01 1.660007e+02
    endloop
  endfacet
  facet normal 0.000000e+00 0.000000e+00 -1.000000e+00
    outer loop
      vertex   1.660000e+02 -4.000000e+01 1.660007e+02
      vertex   1.699308e+02 -7.140092e+01 1.660007e+02
      vertex   1.696549e+02 -7.142300e+01 1.660007e+02
    endloop
  endfacet
  facet normal 0.000000e+00 0.000000e+00 -1.000000e+00
    outer loop
      vertex   1.660000e+02 -4.000000e+01 1.660007e+02
      vertex   1.696549e+02 -7.142300e+01 1.660007e+02
      vertex   1.693830e+02 -7.147428e+01 1.660007e+02
    endloop
  endfacet
  facet normal -0.000000e+00 0.000000e+00 -1.000000e+00
    outer loop
      vertex   1.693830e+02 -7.147428e+01 1.660007e+02
      vertex   1.691180e+02 -7.155418e+01 1.660007e+02
      vertex   1.660000e+02 -4.000000e+01 1.660007e+02
    endloop
  endfacet
  facet normal 0.000000e+00 0.000000e+00 -1.000000e+00
    outer loop
      vertex   1.660000e+02 -4.000000e+01 1.660007e+02
      vertex   1.691180e+02 -7.155418e+01 1.660007e+02
      vertex   1.688630e+02 -7.166179e+01 1.660007e+02
    endloop
  endfacet
  facet normal 0.000000e+00 0.000000e+00 -1.000000e+00
    outer loop
      vertex   1.660000e+02 -4.000000e+01 1.660007e+02
      vertex   1.688630e+02 -7.166179e+01 1.660007e+02
      vertex   1.686209e+02 -7.179589e+01 1.660007e+02
    endloop
  endfacet
  facet normal -0.000000e+00 0.000000e+00 -1.000000e+00
    outer loop
      vertex   1.686209e+02 -7.179589e+01 1.660007e+02
      vertex   1.683944e+02 -7.195497e+01 1.660007e+02
      vertex   1.660000e+02 -4.000000e+01 1.660007e+02
    endloop
  endfacet
  facet normal 0.000000e+00 0.000000e+00 -1.000000e+00
    outer loop
      vertex   1.660000e+02 -4.000000e+01 1.660007e+02
      vertex   1.683944e+02 -7.195497e+01 1.660007e+02
      vertex   1.681862e+02 -7.213721e+01 1.660007e+02
    endloop
  endfacet
  facet normal 0.000000e+00 0.000000e+00 -1.000000e+00
    outer loop
      vertex   1.660000e+02 -4.000000e+01 1.660007e+02
      vertex   1.681862e+02 -7.213721e+01 1.660007e+02
      vertex   1.679984e+02 -7.234057e+01 1.660007e+02
    endloop
  endfacet
  facet normal -0.000000e+00 0.000000e+00 -1.000000e+00
    outer loop
      vertex   1.679984e+02 -7.234057e+01 1.660007e+02
      vertex   1.678334e+02 -7.256272e+01 1.660007e+02
      vertex   1.660000e+02 -4.000000e+01 1.660007e+02
    endloop
  endfacet
  facet normal 0.000000e+00 -0.000000e+00 -1.000000e+00
    outer loop
      vertex   1.660000e+02 -4.000000e+01 1.660007e+02
      vertex   1.678334e+02 -7.256272e+01 1.660007e+02
      vertex   1.600000e+02 -8.000000e+01 1.660007e+02
    endloop
  endfacet
  facet normal -0.000000e+00 0.000000e+00 -1.000000e+00
    outer loop
      vertex   1.660000e+02 -4.000000e+01 1.660007e+02
      vertex   1.600000e+02 -8.000000e+01 1.660007e+02
      vertex   1.600000e+02 -3.000000e+01 1.660007e+02
    endloop
  endfacet
  facet normal 0.000000e+00 0.000000e+00 -1.000000e+00
    outer loop
      vertex   1.678334e+02 -7.256272e+01 1.660007e+02
      vertex   1.676929e+02 -7.280116e+01 1.660007e+02
      vertex   1.600000e+02 -8.000000e+01 1.660007e+02
    endloop
  endfacet
  facet normal 0.000000e+00 0.000000e+00 -1.000000e+00
    outer loop
      vertex   1.600000e+02 -8.000000e+01 1.660007e+02
      vertex   1.676929e+02 -7.280116e+01 1.660007e+02
      vertex   1.675785e+02 -7.305318e+01 1.660007e+02
    endloop
  endfacet
  facet normal 0.000000e+00 0.000000e+00 -1.000000e+00
    outer loop
      vertex   1.600000e+02 -8.000000e+01 1.660007e+02
      vertex   1.675785e+02 -7.305318e+01 1.660007e+02
      vertex   1.674916e+02 -7.331594e+01 1.660007e+02
    endloop
  endfacet
  facet normal 0.000000e+00 0.000000e+00 -1.000000e+00
    outer loop
      vertex   1.674916e+02 -7.331594e+01 1.660007e+02
      vertex   1.674331e+02 -7.358644e+01 1.660007e+02
      vertex   1.600000e+02 -8.000000e+01 1.660007e+02
    endloop
  endfacet
  facet normal 0.000000e+00 0.000000e+00 -1.000000e+00
    outer loop
      vertex   1.600000e+02 -8.000000e+01 1.660007e+02
      vertex   1.674331e+02 -7.358644e+01 1.660007e+02
      vertex   1.674037e+02 -7.386162e+01 1.660007e+02
    endloop
  endfacet
  facet normal 0.000000e+00 0.000000e+00 -1.000000e+00
    outer loop
      vertex   1.600000e+02 -8.000000e+01 1.660007e+02
      vertex   1.674037e+02 -7.386162e+01 1.660007e+02
      vertex   1.674037e+02 -7.413838e+01 1.660007e+02
    endloop
  endfacet
  facet normal 0.000000e+00 -0.000000e+00 -1.000000e+00
    outer loop
      vertex   1.674037e+02 -7.413838e+01 1.660007e+02
      vertex   1.674331e+02 -7.441357e+01 1.660007e+02
      vertex   1.600000e+02 -8.000000e+01 1.660007e+02
    endloop
  endfacet
  facet normal 0.000000e+00 0.000000e+00 -1.000000e+00
    outer loop
      vertex   1.600000e+02 -8.000000e+01 1.660007e+02
      vertex   1.674331e+02 -7.441357e+01 1.660007e+02
      vertex   1.674916e+02 -7.468407e+01 1.660007e+02
    endloop
  endfacet
  facet normal 0.000000e+00 0.000000e+00 -1.000000e+00
    outer loop
      vertex   1.600000e+02 -8.000000e+01 1.660007e+02
      vertex   1.674916e+02 -7.468407e+01 1.660007e+02
      vertex   1.675785e+02 -7.494682e+01 1.660007e+02
    endloop
  endfacet
  facet normal 0.000000e+00 -0.000000e+00 -1.000000e+00
    outer loop
      vertex   1.675785e+02 -7.494682e+01 1.660007e+02
      vertex   1.676929e+02 -7.519884e+01 1.660007e+02
      vertex   1.600000e+02 -8.000000e+01 1.660007e+02
    endloop
  endfacet
  facet normal 0.000000e+00 0.000000e+00 -1.000000e+00
    outer loop
      vertex   1.600000e+02 -8.000000e+01 1.660007e+02
      vertex   1.676929e+02 -7.519884e+01 1.660007e+02
      vertex   1.678334e+02 -7.543728e+01 1.660007e+02
    endloop
  endfacet
  facet normal 0.000000e+00 0.000000e+00 -1.000000e+00
    outer loop
      vertex   1.600000e+02 -8.000000e+01 1.660007e+02
      vertex   1.678334e+02 -7.543728e+01 1.660007e+02
      vertex   1.679984e+02 -7.565944e+01 1.660007e+02
    endloop
  endfacet
  facet normal 0.000000e+00 -0.000000e+00 -1.000000e+00
    outer loop
      vertex   1.679984e+02 -7.565944e+01 1.660007e+02
      vertex   1.681862e+02 -7.586279e+01 1.660007e+02
      vertex   1.600000e+02 -8.000000e+01 1.660007e+02
    endloop
  endfacet
  facet normal 0.000000e+00 0.000000e+00 -1.000000e+00
    outer loop
      vertex   1.600000e+02 -8.000000e+01 1.660007e+02
      vertex   1.681862e+02 -7.586279e+01 1.660007e+02
      vertex   1.683944e+02 -7.604504e+01 1.660007e+02
    endloop
  endfacet
  facet normal 0.000000e+00 0.000000e+00 -1.000000e+00
    outer loop
      vertex   1.600000e+02 -8.000000e+01 1.660007e+02
      vertex   1.683944e+02 -7.604504e+01 1.660007e+02
      vertex   1.686209e+02 -7.620411e+01 1.660007e+02
    endloop
  endfacet
  facet normal 0.000000e+00 -0.000000e+00 -1.000000e+00
    outer loop
      vertex   1.686209e+02 -7.620411e+01 1.660007e+02
      vertex   1.688630e+02 -7.633821e+01 1.660007e+02
      vertex   1.600000e+02 -8.000000e+01 1.660007e+02
    endloop
  endfacet
  facet normal 0.000000e+00 0.000000e+00 -1.000000e+00
    outer loop
      vertex   1.600000e+02 -8.000000e+01 1.660007e+02
      vertex   1.688630e+02 -7.633821e+01 1.660007e+02
      vertex   1.691180e+02 -7.644582e+01 1.660007e+02
    endloop
  endfacet
  facet normal 0.000000e+00 0.000000e+00 -1.000000e+00
    outer loop
      vertex   1.600000e+02 -8.000000e+01 1.660007e+02
      vertex   1.691180e+02 -7.644582e+01 1.660007e+02
      vertex   1.693830e+02 -7.652572e+01 1.660007e+02
    endloop
  endfacet
  facet normal 0.000000e+00 -0.000000e+00 -1.000000e+00
    outer loop
      vertex   1.693830e+02 -7.652572e+01 1.660007e+02
      vertex   1.696549e+02 -7.657700e+01 1.660007e+02
      vertex   1.600000e+02 -8.000000e+01 1.660007e+02
    endloop
  endfacet
  facet normal 0.000000e+00 0.000000e+00 -1.000000e+00
    outer loop
      vertex   1.600000e+02 -8.000000e+01 1.660007e+02
      vertex   1.696549e+02 -7.657700e+01 1.660007e+02
      vertex   1.699308e+02 -7.659908e+01 1.660007e+02
    endloop
  endfacet
  facet normal 0.000000e+00 0.000000e+00 -1.000000e+00
    outer loop
      vertex   1.600000e+02 -8.000000e+01 1.660007e+02
      vertex   1.699308e+02 -7.659908e+01 1.660007e+02
      vertex   1.702074e+02 -7.659171e+01 1.660007e+02
    endloop
  endfacet
  facet normal 0.000000e+00 -0.000000e+00 -1.000000e+00
    outer loop
      vertex   1.702074e+02 -7.659171e+01 1.660007e+02
      vertex   1.704818e+02 -7.655498e+01 1.660007e+02
      vertex   1.600000e+02 -8.000000e+01 1.660007e+02
    endloop
  endfacet
  facet normal -1.861623e-12 -1.116973e-12 -1.000000e+00
    outer loop
      vertex   1.660000e+02 -3.000000e+01 1.660007e+02
      vertex   1.660000e+02 -4.000000e+01 1.660007e+02
      vertex   1.600000e+02 -3.000000e+01 1.660007e+02
    endloop
  endfacet
  facet normal 6.527136e-20 -1.116973e-12 -1.000000e+00
    outer loop
      vertex   1.740000e+02 -3.000000e+01 1.660007e+02
      vertex   1.860000e+02 -3.000000e+01 1.660007e+02
      vertex   1.740000e+02 -4.000000e+01 1.660007e+02
    endloop
  endfacet
  facet normal 6.527136e-20 -1.116973e-12 -1.000000e+00
    outer loop
      vertex   1.740000e+02 -4.000000e+01 1.660007e+02
      vertex   1.860000e+02 -3.000000e+01 1.660007e+02
      vertex   1.860000e+02 -4.000000e+01 1.660007e+02
    endloop
  endfacet
  facet normal 1.861623e-12 -1.116973e-12 -1.000000e+00
    outer loop
      vertex   1.940000e+02 -3.000000e+01 1.660007e+02
      vertex   2.000000e+02 -3.000000e+01 1.660007e+02
      vertex   1.940000e+02 -4.000000e+01 1.660007e+02
    endloop
  endfacet
  facet normal 0.000000e+00 0.000000e+00 -1.000000e+00
    outer loop
      vertex   1.940000e+02 -4.000000e+01 1.660007e+02
      vertex   2.000000e+02 -3.000000e+01 1.660007e+02
      vertex   2.000000e+02 -8.000000e+01 1.660007e+02
    endloop
  endfacet
  facet normal 5.843592e-08 -1.000000e+00 -1.460898e-07
    outer loop
      vertex   1.600000e+02 -8.000000e+01 1.740007e+02
      vertex   1.600000e+02 -8.000000e+01 1.660007e+02
      vertex   2.000000e+02 -8.000000e+01 1.740007e+02
    endloop
  endfacet
  facet normal 5.843593e-08 -1.000000e+00 -1.460898e-07
    outer loop
      vertex   2.000000e+02 -8.000000e+01 1.740007e+02
      vertex   1.600000e+02 -8.000000e+01 1.660007e+02
      vertex   2.000000e+02 -8.000000e+01 1.660007e+02
    endloop
  endfacet
  facet normal 9.985827e-01 5.835311e-08 5.322217e-02
    outer loop
      vertex   1.674147e+02 -2.700000e+01 1.627243e+02
      vertex   1.674147e+02 -2.350000e+01 1.627243e+02
      vertex   1.674000e+02 -2.700000e+01 1.630007e+02
    endloop
  endfacet
  facet normal 9.985827e-01 5.835311e-08 5.322217e-02
    outer loop
      vertex   1.674000e+02 -2.700000e+01 1.630007e+02
      vertex   1.674147e+02 -2.350000e+01 1.627243e+02
      vertex   1.674000e+02 -2.350000e+01 1.630007e+02
    endloop
  endfacet
  facet normal 9.985827e-01 5.835311e-08 -5.322217e-02
    outer loop
      vertex   1.674000e+02 -2.700000e+01 1.630007e+02
      vertex   1.674000e+02 -2.350000e+01 1.630007e+02
      vertex   1.674147e+02 -2.700000e+01 1.632770e+02
    endloop
  endfacet
  facet normal 9.985827e-01 5.835311e-08 -5.322217e-02
    outer loop
      vertex   1.674147e+02 -2.700000e+01 1.632770e+02
      vertex   1.674000e+02 -2.350000e+01 1.630007e+02
      vertex   1.674147e+02 -2.350000e+01 1.632770e+02
    endloop
  endfacet
  facet normal 9.872684e-01 5.769194e-08 -1.590635e-01
    outer loop
      vertex   1.674147e+02 -2.700000e+01 1.632770e+02
      vertex   1.674147e+02 -2.350000e+01 1.632770e+02
      vertex   1.674588e+02 -2.700000e+01 1.635503e+02
    endloop
  endfacet
  facet normal 9.872684e-01 5.769194e-08 -1.590635e-01
    outer loop
      vertex   1.674588e+02 -2.700000e+01 1.635503e+02
      vertex   1.674147e+02 -2.350000e+01 1.632770e+02
      vertex   1.674588e+02 -2.350000e+01 1.635503e+02
    endloop
  endfacet
  facet normal 9.647679e-01 5.637711e-08 -2.631026e-01
    outer loop
      vertex   1.674588e+02 -2.700000e+01 1.635503e+02
      vertex   1.674588e+02 -2.350000e+01 1.635503e+02
      vertex   1.675316e+02 -2.700000e+01 1.638173e+02
    endloop
  endfacet
  facet normal 9.647679e-01 5.637711e-08 -2.631026e-01
    outer loop
      vertex   1.675316e+02 -2.700000e+01 1.638173e+02
      vertex   1.674588e+02 -2.350000e+01 1.635503e+02
      vertex   1.675316e+02 -2.350000e+01 1.638173e+02
    endloop
  endfacet
  facet normal 9.313362e-01 5.442349e-08 -3.641606e-01
    outer loop
      vertex   1.675316e+02 -2.700000e+01 1.638173e+02
      vertex   1.675316e+02 -2.350000e+01 1.638173e+02
      vertex   1.676323e+02 -2.700000e+01 1.640750e+02
    endloop
  endfacet
  facet normal 9.313362e-01 5.442349e-08 -3.641606e-01
    outer loop
      vertex   1.676323e+02 -2.700000e+01 1.640750e+02
      vertex   1.675316e+02 -2.350000e+01 1.638173e+02
      vertex   1.676323e+02 -2.350000e+01 1.640750e+02
    endloop
  endfacet
  facet normal 8.873521e-01 5.185324e-08 -4.610925e-01
    outer loop
      vertex   1.676323e+02 -2.700000e+01 1.640750e+02
      vertex   1.676323e+02 -2.350000e+01 1.640750e+02
      vertex   1.677600e+02 -2.700000e+01 1.643206e+02
    endloop
  endfacet
  facet normal 8.873521e-01 5.185324e-08 -4.610925e-01
    outer loop
      vertex   1.677600e+02 -2.700000e+01 1.643206e+02
      vertex   1.676323e+02 -2.350000e+01 1.640750e+02
      vertex   1.677600e+02 -2.350000e+01 1.643206e+02
    endloop
  endfacet
  facet normal 8.333139e-01 4.869547e-08 -5.528001e-01
    outer loop
      vertex   1.677600e+02 -2.700000e+01 1.643206e+02
      vertex   1.677600e+02 -2.350000e+01 1.643206e+02
      vertex   1.679129e+02 -2.700000e+01 1.645512e+02
    endloop
  endfacet
  facet normal 8.333139e-01 4.869547e-08 -5.528001e-01
    outer loop
      vertex   1.679129e+02 -2.700000e+01 1.645512e+02
      vertex   1.677600e+02 -2.350000e+01 1.643206e+02
      vertex   1.679129e+02 -2.350000e+01 1.645512e+02
    endloop
  endfacet
  facet normal 7.698340e-01 4.498596e-08 -6.382442e-01
    outer loop
      vertex   1.679129e+02 -2.700000e+01 1.645512e+02
      vertex   1.679129e+02 -2.350000e+01 1.645512e+02
      vertex   1.680896e+02 -2.700000e+01 1.647643e+02
    endloop
  endfacet
  facet normal 7.698340e-01 4.498596e-08 -6.382442e-01
    outer loop
      vertex   1.680896e+02 -2.700000e+01 1.647643e+02
      vertex   1.679129e+02 -2.350000e+01 1.645512e+02
      vertex   1.680896e+02 -2.350000e+01 1.647643e+02
    endloop
  endfacet
  facet normal 6.976315e-01 4.076675e-08 -7.164567e-01
    outer loop
      vertex   1.680896e+02 -2.700000e+01 1.647643e+02
      vertex   1.680896e+02 -2.350000e+01 1.647643e+02
      vertex   1.682879e+02 -2.700000e+01 1.649573e+02
    endloop
  endfacet
  facet normal 6.976315e-01 4.076675e-08 -7.164567e-01
    outer loop
      vertex   1.682879e+02 -2.700000e+01 1.649573e+02
      vertex   1.680896e+02 -2.350000e+01 1.647643e+02
      vertex   1.682879e+02 -2.350000e+01 1.649573e+02
    endloop
  endfacet
  facet normal 6.175246e-01 3.608562e-08 -7.865516e-01
    outer loop
      vertex   1.682879e+02 -2.700000e+01 1.649573e+02
      vertex   1.682879e+02 -2.350000e+01 1.649573e+02
      vertex   1.685056e+02 -2.700000e+01 1.651283e+02
    endloop
  endfacet
  facet normal 6.175246e-01 3.608562e-08 -7.865516e-01
    outer loop
      vertex   1.685056e+02 -2.700000e+01 1.651283e+02
      vertex   1.682879e+02 -2.350000e+01 1.649573e+02
      vertex   1.685056e+02 -2.350000e+01 1.651283e+02
    endloop
  endfacet
  facet normal 5.304209e-01 3.099564e-08 -8.477344e-01
    outer loop
      vertex   1.685056e+02 -2.700000e+01 1.651283e+02
      vertex   1.685056e+02 -2.350000e+01 1.651283e+02
      vertex   1.687402e+02 -2.700000e+01 1.652750e+02
    endloop
  endfacet
  facet normal 5.304209e-01 3.099564e-08 -8.477344e-01
    outer loop
      vertex   1.687402e+02 -2.700000e+01 1.652750e+02
      vertex   1.685056e+02 -2.350000e+01 1.651283e+02
      vertex   1.687402e+02 -2.350000e+01 1.652750e+02
    endloop
  endfacet
  facet normal 4.373073e-01 2.555446e-08 -8.993121e-01
    outer loop
      vertex   1.687402e+02 -2.700000e+01 1.652750e+02
      vertex   1.687402e+02 -2.350000e+01 1.652750e+02
      vertex   1.689891e+02 -2.700000e+01 1.653961e+02
    endloop
  endfacet
  facet normal 4.373073e-01 2.555446e-08 -8.993121e-01
    outer loop
      vertex   1.689891e+02 -2.700000e+01 1.653961e+02
      vertex   1.687402e+02 -2.350000e+01 1.652750e+02
      vertex   1.689891e+02 -2.350000e+01 1.653961e+02
    endloop
  endfacet
  facet normal 3.392389e-01 1.982374e-08 -9.407003e-01
    outer loop
      vertex   1.689891e+02 -2.700000e+01 1.653961e+02
      vertex   1.689891e+02 -2.350000e+01 1.653961e+02
      vertex   1.692494e+02 -2.700000e+01 1.654900e+02
    endloop
  endfacet
  facet normal 3.392389e-01 1.982374e-08 -9.407003e-01
    outer loop
      vertex   1.692494e+02 -2.700000e+01 1.654900e+02
      vertex   1.689891e+02 -2.350000e+01 1.653961e+02
      vertex   1.692494e+02 -2.350000e+01 1.654900e+02
    endloop
  endfacet
  facet normal 2.373267e-01 1.386841e-08 -9.714299e-01
    outer loop
      vertex   1.692494e+02 -2.700000e+01 1.654900e+02
      vertex   1.692494e+02 -2.350000e+01 1.654900e+02
      vertex   1.695182e+02 -2.700000e+01 1.655556e+02
    endloop
  endfacet
  facet normal 2.373267e-01 1.386841e-08 -9.714299e-01
    outer loop
      vertex   1.695182e+02 -2.700000e+01 1.655556e+02
      vertex   1.692494e+02 -2.350000e+01 1.654900e+02
      vertex   1.695182e+02 -2.350000e+01 1.655556e+02
    endloop
  endfacet
  facet normal 1.327255e-01 7.755939e-09 -9.911528e-01
    outer loop
      vertex   1.695182e+02 -2.700000e+01 1.655556e+02
      vertex   1.695182e+02 -2.350000e+01 1.655556e+02
      vertex   1.697926e+02 -2.700000e+01 1.655924e+02
    endloop
  endfacet
  facet normal 1.327255e-01 7.755939e-09 -9.911528e-01
    outer loop
      vertex   1.697926e+02 -2.700000e+01 1.655924e+02
      vertex   1.695182e+02 -2.350000e+01 1.655556e+02
      vertex   1.697926e+02 -2.350000e+01 1.655924e+02
    endloop
  endfacet
  facet normal 2.662052e-02 1.555595e-09 -9.996456e-01
    outer loop
      vertex   1.697926e+02 -2.700000e+01 1.655924e+02
      vertex   1.697926e+02 -2.350000e+01 1.655924e+02
      vertex   1.700692e+02 -2.700000e+01 1.655997e+02
    endloop
  endfacet
  facet normal 2.662052e-02 1.555595e-09 -9.996456e-01
    outer loop
      vertex   1.700692e+02 -2.700000e+01 1.655997e+02
      vertex   1.697926e+02 -2.350000e+01 1.655924e+02
      vertex   1.700692e+02 -2.350000e+01 1.655997e+02
    endloop
  endfacet
  facet normal -7.978611e-02 -4.662375e-09 -9.968120e-01
    outer loop
      vertex   1.700692e+02 -2.700000e+01 1.655997e+02
      vertex   1.700692e+02 -2.350000e+01 1.655997e+02
      vertex   1.703451e+02 -2.700000e+01 1.655777e+02
    endloop
  endfacet
  facet normal -7.978611e-02 -4.662375e-09 -9.968120e-01
    outer loop
      vertex   1.703451e+02 -2.700000e+01 1.655777e+02
      vertex   1.700692e+02 -2.350000e+01 1.655997e+02
      vertex   1.703451e+02 -2.350000e+01 1.655777e+02
    endloop
  endfacet
  facet normal -1.852887e-01 -1.082752e-08 -9.826841e-01
    outer loop
      vertex   1.703451e+02 -2.700000e+01 1.655777e+02
      vertex   1.703451e+02 -2.350000e+01 1.655777e+02
      vertex   1.706170e+02 -2.700000e+01 1.655264e+02
    endloop
  endfacet
  facet normal -1.852887e-01 -1.082752e-08 -9.826841e-01
    outer loop
      vertex   1.706170e+02 -2.700000e+01 1.655264e+02
      vertex   1.703451e+02 -2.350000e+01 1.655777e+02
      vertex   1.706170e+02 -2.350000e+01 1.655264e+02
    endloop
  endfacet
  facet normal -2.886919e-01 -1.686998e-08 -9.574220e-01
    outer loop
      vertex   1.706170e+02 -2.700000e+01 1.655264e+02
      vertex   1.706170e+02 -2.350000e+01 1.655264e+02
      vertex   1.708820e+02 -2.700000e+01 1.654465e+02
    endloop
  endfacet
  facet normal -2.886919e-01 -1.686998e-08 -9.574220e-01
    outer loop
      vertex   1.708820e+02 -2.700000e+01 1.654465e+02
      vertex   1.706170e+02 -2.350000e+01 1.655264e+02
      vertex   1.708820e+02 -2.350000e+01 1.654465e+02
    endloop
  endfacet
  facet normal -3.888242e-01 -2.272130e-08 -9.213120e-01
    outer loop
      vertex   1.708820e+02 -2.700000e+01 1.654465e+02
      vertex   1.708820e+02 -2.350000e+01 1.654465e+02
      vertex   1.711370e+02 -2.700000e+01 1.653389e+02
    endloop
  endfacet
  facet normal -3.888242e-01 -2.272130e-08 -9.213120e-01
    outer loop
      vertex   1.711370e+02 -2.700000e+01 1.653389e+02
      vertex   1.708820e+02 -2.350000e+01 1.654465e+02
      vertex   1.711370e+02 -2.350000e+01 1.653389e+02
    endloop
  endfacet
  facet normal -4.845509e-01 -2.831518e-08 -8.747631e-01
    outer loop
      vertex   1.711370e+02 -2.700000e+01 1.653389e+02
      vertex   1.711370e+02 -2.350000e+01 1.653389e+02
      vertex   1.713791e+02 -2.700000e+01 1.652048e+02
    endloop
  endfacet
  facet normal -4.845509e-01 -2.831518e-08 -8.747631e-01
    outer loop
      vertex   1.713791e+02 -2.700000e+01 1.652048e+02
      vertex   1.711370e+02 -2.350000e+01 1.653389e+02
      vertex   1.713791e+02 -2.350000e+01 1.652048e+02
    endloop
  endfacet
  facet normal -5.747874e-01 -3.358824e-08 -8.183028e-01
    outer loop
      vertex   1.713791e+02 -2.700000e+01 1.652048e+02
      vertex   1.713791e+02 -2.350000e+01 1.652048e+02
      vertex   1.716056e+02 -2.700000e+01 1.650457e+02
    endloop
  endfacet
  facet normal -5.747874e-01 -3.358824e-08 -8.183028e-01
    outer loop
      vertex   1.716056e+02 -2.700000e+01 1.650457e+02
      vertex   1.713791e+02 -2.350000e+01 1.652048e+02
      vertex   1.716056e+02 -2.350000e+01 1.650457e+02
    endloop
  endfacet
  facet normal -6.585114e-01 -3.848072e-08 -7.525708e-01
    outer loop
      vertex   1.716056e+02 -2.700000e+01 1.650457e+02
      vertex   1.716056e+02 -2.350000e+01 1.650457e+02
      vertex   1.718138e+02 -2.700000e+01 1.648635e+02
    endloop
  endfacet
  facet normal -6.585114e-01 -3.848072e-08 -7.525708e-01
    outer loop
      vertex   1.718138e+02 -2.700000e+01 1.648635e+02
      vertex   1.716056e+02 -2.350000e+01 1.650457e+02
      vertex   1.718138e+02 -2.350000e+01 1.648635e+02
    endloop
  endfacet
  facet normal -7.347742e-01 -4.293721e-08 -6.783118e-01
    outer loop
      vertex   1.718138e+02 -2.700000e+01 1.648635e+02
      vertex   1.718138e+02 -2.350000e+01 1.648635e+02
      vertex   1.720016e+02 -2.700000e+01 1.646601e+02
    endloop
  endfacet
  facet normal -7.347742e-01 -4.293721e-08 -6.783118e-01
    outer loop
      vertex   1.720016e+02 -2.700000e+01 1.646601e+02
      vertex   1.718138e+02 -2.350000e+01 1.648635e+02
      vertex   1.720016e+02 -2.350000e+01 1.646601e+02
    endloop
  endfacet
  facet normal -8.027116e-01 -4.690720e-08 -5.963674e-01
    outer loop
      vertex   1.720016e+02 -2.700000e+01 1.646601e+02
      vertex   1.720016e+02 -2.350000e+01 1.646601e+02
      vertex   1.721666e+02 -2.700000e+01 1.644379e+02
    endloop
  endfacet
  facet normal -8.027116e-01 -4.690720e-08 -5.963674e-01
    outer loop
      vertex   1.721666e+02 -2.700000e+01 1.644379e+02
      vertex   1.720016e+02 -2.350000e+01 1.646601e+02
      vertex   1.721666e+02 -2.350000e+01 1.644379e+02
    endloop
  endfacet
  facet normal -8.615541e-01 -5.034571e-08 -5.076658e-01
    outer loop
      vertex   1.721666e+02 -2.700000e+01 1.644379e+02
      vertex   1.721666e+02 -2.350000e+01 1.644379e+02
      vertex   1.723071e+02 -2.700000e+01 1.641995e+02
    endloop
  endfacet
  facet normal -8.615541e-01 -5.034571e-08 -5.076658e-01
    outer loop
      vertex   1.723071e+02 -2.700000e+01 1.641995e+02
      vertex   1.721666e+02 -2.350000e+01 1.644379e+02
      vertex   1.723071e+02 -2.350000e+01 1.641995e+02
    endloop
  endfacet
  facet normal -9.106348e-01 -5.321379e-08 -4.132122e-01
    outer loop
      vertex   1.723071e+02 -2.700000e+01 1.641995e+02
      vertex   1.723071e+02 -2.350000e+01 1.641995e+02
      vertex   1.724215e+02 -2.700000e+01 1.639475e+02
    endloop
  endfacet
  facet normal -9.106348e-01 -5.321379e-08 -4.132122e-01
    outer loop
      vertex   1.724215e+02 -2.700000e+01 1.639475e+02
      vertex   1.723071e+02 -2.350000e+01 1.641995e+02
      vertex   1.724215e+02 -2.350000e+01 1.639475e+02
    endloop
  endfacet
  facet normal -9.493976e-01 -5.547893e-08 -3.140767e-01
    outer loop
      vertex   1.724215e+02 -2.700000e+01 1.639475e+02
      vertex   1.724215e+02 -2.350000e+01 1.639475e+02
      vertex   1.725084e+02 -2.700000e+01 1.636847e+02
    endloop
  endfacet
  facet normal -9.493976e-01 -5.547893e-08 -3.140767e-01
    outer loop
      vertex   1.725084e+02 -2.700000e+01 1.636847e+02
      vertex   1.724215e+02 -2.350000e+01 1.639475e+02
      vertex   1.725084e+02 -2.350000e+01 1.636847e+02
    endloop
  endfacet
  facet normal -9.774034e-01 -5.711547e-08 -2.113826e-01
    outer loop
      vertex   1.725084e+02 -2.700000e+01 1.636847e+02
      vertex   1.725084e+02 -2.350000e+01 1.636847e+02
      vertex   1.725669e+02 -2.700000e+01 1.634142e+02
    endloop
  endfacet
  facet normal -9.774034e-01 -5.711547e-08 -2.113826e-01
    outer loop
      vertex   1.725669e+02 -2.700000e+01 1.634142e+02
      vertex   1.725084e+02 -2.350000e+01 1.636847e+02
      vertex   1.725669e+02 -2.350000e+01 1.634142e+02
    endloop
  endfacet
  facet normal -9.943348e-01 -5.810488e-08 -1.062935e-01
    outer loop
      vertex   1.725669e+02 -2.700000e+01 1.634142e+02
      vertex   1.725669e+02 -2.350000e+01 1.634142e+02
      vertex   1.725963e+02 -2.700000e+01 1.631390e+02
    endloop
  endfacet
  facet normal -9.943348e-01 -5.810488e-08 -1.062935e-01
    outer loop
      vertex   1.725963e+02 -2.700000e+01 1.631390e+02
      vertex   1.725669e+02 -2.350000e+01 1.634142e+02
      vertex   1.725963e+02 -2.350000e+01 1.631390e+02
    endloop
  endfacet
  facet normal -1.000000e+00 -5.843593e-08 -0.000000e+00
    outer loop
      vertex   1.725963e+02 -2.700000e+01 1.631390e+02
      vertex   1.725963e+02 -2.350000e+01 1.631390e+02
      vertex   1.725963e+02 -2.700000e+01 1.628623e+02
    endloop
  endfacet
  facet normal -1.000000e+00 -5.843593e-08 0.000000e+00
    outer loop
      vertex   1.725963e+02 -2.700000e+01 1.628623e+02
      vertex   1.725963e+02 -2.350000e+01 1.631390e+02
      vertex   1.725963e+02 -2.350000e+01 1.628623e+02
    endloop
  endfacet
  facet normal -9.943348e-01 -5.810488e-08 1.062935e-01
    outer loop
      vertex   1.725963e+02 -2.700000e+01 1.628623e+02
      vertex   1.725963e+02 -2.350000e+01 1.628623e+02
      vertex   1.725669e+02 -2.700000e+01 1.625871e+02
    endloop
  endfacet
  facet normal -9.943348e-01 -5.810488e-08 1.062935e-01
    outer loop
      vertex   1.725669e+02 -2.700000e+01 1.625871e+02
      vertex   1.725963e+02 -2.350000e+01 1.628623e+02
      vertex   1.725669e+02 -2.350000e+01 1.625871e+02
    endloop
  endfacet
  facet normal -9.774034e-01 -5.711547e-08 2.113826e-01
    outer loop
      vertex   1.725669e+02 -2.700000e+01 1.625871e+02
      vertex   1.725669e+02 -2.350000e+01 1.625871e+02
      vertex   1.725084e+02 -2.700000e+01 1.623166e+02
    endloop
  endfacet
  facet normal -9.774034e-01 -5.711547e-08 2.113826e-01
    outer loop
      vertex   1.725084e+02 -2.700000e+01 1.623166e+02
      vertex   1.725669e+02 -2.350000e+01 1.625871e+02
      vertex   1.725084e+02 -2.350000e+01 1.623166e+02
    endloop
  endfacet
  facet normal -9.493976e-01 -5.547893e-08 3.140767e-01
    outer loop
      vertex   1.725084e+02 -2.700000e+01 1.623166e+02
      vertex   1.725084e+02 -2.350000e+01 1.623166e+02
      vertex   1.724215e+02 -2.700000e+01 1.620538e+02
    endloop
  endfacet
  facet normal -9.493976e-01 -5.547893e-08 3.140767e-01
    outer loop
      vertex   1.724215e+02 -2.700000e+01 1.620538e+02
      vertex   1.725084e+02 -2.350000e+01 1.623166e+02
      vertex   1.724215e+02 -2.350000e+01 1.620538e+02
    endloop
  endfacet
  facet normal -9.106348e-01 -5.321379e-08 4.132122e-01
    outer loop
      vertex   1.724215e+02 -2.700000e+01 1.620538e+02
      vertex   1.724215e+02 -2.350000e+01 1.620538e+02
      vertex   1.723071e+02 -2.700000e+01 1.618018e+02
    endloop
  endfacet
  facet normal -9.106348e-01 -5.321379e-08 4.132122e-01
    outer loop
      vertex   1.723071e+02 -2.700000e+01 1.618018e+02
      vertex   1.724215e+02 -2.350000e+01 1.620538e+02
      vertex   1.723071e+02 -2.350000e+01 1.618018e+02
    endloop
  endfacet
  facet normal -8.615541e-01 -5.034571e-08 5.076658e-01
    outer loop
      vertex   1.723071e+02 -2.700000e+01 1.618018e+02
      vertex   1.723071e+02 -2.350000e+01 1.618018e+02
      vertex   1.721666e+02 -2.700000e+01 1.615634e+02
    endloop
  endfacet
  facet normal -8.615541e-01 -5.034571e-08 5.076658e-01
    outer loop
      vertex   1.721666e+02 -2.700000e+01 1.615634e+02
      vertex   1.723071e+02 -2.350000e+01 1.618018e+02
      vertex   1.721666e+02 -2.350000e+01 1.615634e+02
    endloop
  endfacet
  facet normal -8.027116e-01 -4.690720e-08 5.963674e-01
    outer loop
      vertex   1.721666e+02 -2.700000e+01 1.615634e+02
      vertex   1.721666e+02 -2.350000e+01 1.615634e+02
      vertex   1.720016e+02 -2.700000e+01 1.613412e+02
    endloop
  endfacet
  facet normal -8.027116e-01 -4.690720e-08 5.963674e-01
    outer loop
      vertex   1.720016e+02 -2.700000e+01 1.613412e+02
      vertex   1.721666e+02 -2.350000e+01 1.615634e+02
      vertex   1.720016e+02 -2.350000e+01 1.613412e+02
    endloop
  endfacet
  facet normal -7.347742e-01 -4.293721e-08 6.783118e-01
    outer loop
      vertex   1.720016e+02 -2.700000e+01 1.613412e+02
      vertex   1.720016e+02 -2.350000e+01 1.613412e+02
      vertex   1.718138e+02 -2.700000e+01 1.611379e+02
    endloop
  endfacet
  facet normal -7.347742e-01 -4.293721e-08 6.783118e-01
    outer loop
      vertex   1.718138e+02 -2.700000e+01 1.611379e+02
      vertex   1.720016e+02 -2.350000e+01 1.613412e+02
      vertex   1.718138e+02 -2.350000e+01 1.611379e+02
    endloop
  endfacet
  facet normal -6.585114e-01 -3.848072e-08 7.525708e-01
    outer loop
      vertex   1.718138e+02 -2.700000e+01 1.611379e+02
      vertex   1.718138e+02 -2.350000e+01 1.611379e+02
      vertex   1.716056e+02 -2.700000e+01 1.609556e+02
    endloop
  endfacet
  facet normal -6.585114e-01 -3.848072e-08 7.525708e-01
    outer loop
      vertex   1.716056e+02 -2.700000e+01 1.609556e+02
      vertex   1.718138e+02 -2.350000e+01 1.611379e+02
      vertex   1.716056e+02 -2.350000e+01 1.609556e+02
    endloop
  endfacet
  facet normal -5.747874e-01 -3.358824e-08 8.183028e-01
    outer loop
      vertex   1.716056e+02 -2.700000e+01 1.609556e+02
      vertex   1.716056e+02 -2.350000e+01 1.609556e+02
      vertex   1.713791e+02 -2.700000e+01 1.607966e+02
    endloop
  endfacet
  facet normal -5.747874e-01 -3.358824e-08 8.183028e-01
    outer loop
      vertex   1.713791e+02 -2.700000e+01 1.607966e+02
      vertex   1.716056e+02 -2.350000e+01 1.609556e+02
      vertex   1.713791e+02 -2.350000e+01 1.607966e+02
    endloop
  endfacet
  facet normal -4.845509e-01 -2.831518e-08 8.747631e-01
    outer loop
      vertex   1.713791e+02 -2.700000e+01 1.607966e+02
      vertex   1.713791e+02 -2.350000e+01 1.607966e+02
      vertex   1.711370e+02 -2.700000e+01 1.606625e+02
    endloop
  endfacet
  facet normal -4.845509e-01 -2.831518e-08 8.747631e-01
    outer loop
      vertex   1.711370e+02 -2.700000e+01 1.606625e+02
      vertex   1.713791e+02 -2.350000e+01 1.607966e+02
      vertex   1.711370e+02 -2.350000e+01 1.606625e+02
    endloop
  endfacet
  facet normal -3.888242e-01 -2.272130e-08 9.213120e-01
    outer loop
      vertex   1.711370e+02 -2.700000e+01 1.606625e+02
      vertex   1.711370e+02 -2.350000e+01 1.606625e+02
      vertex   1.708820e+02 -2.700000e+01 1.605548e+02
    endloop
  endfacet
  facet normal -3.888242e-01 -2.272130e-08 9.213120e-01
    outer loop
      vertex   1.708820e+02 -2.700000e+01 1.605548e+02
      vertex   1.711370e+02 -2.350000e+01 1.606625e+02
      vertex   1.708820e+02 -2.350000e+01 1.605548e+02
    endloop
  endfacet
  facet normal -2.886919e-01 -1.686998e-08 9.574220e-01
    outer loop
      vertex   1.708820e+02 -2.700000e+01 1.605548e+02
      vertex   1.708820e+02 -2.350000e+01 1.605548e+02
      vertex   1.706170e+02 -2.700000e+01 1.604749e+02
    endloop
  endfacet
  facet normal -2.886919e-01 -1.686998e-08 9.574220e-01
    outer loop
      vertex   1.706170e+02 -2.700000e+01 1.604749e+02
      vertex   1.708820e+02 -2.350000e+01 1.605548e+02
      vertex   1.706170e+02 -2.350000e+01 1.604749e+02
    endloop
  endfacet
  facet normal -1.852887e-01 -1.082752e-08 9.826841e-01
    outer loop
      vertex   1.706170e+02 -2.700000e+01 1.604749e+02
      vertex   1.706170e+02 -2.350000e+01 1.604749e+02
      vertex   1.703451e+02 -2.700000e+01 1.604237e+02
    endloop
  endfacet
  facet normal -1.852887e-01 -1.082752e-08 9.826841e-01
    outer loop
      vertex   1.703451e+02 -2.700000e+01 1.604237e+02
      vertex   1.706170e+02 -2.350000e+01 1.604749e+02
      vertex   1.703451e+02 -2.350000e+01 1.604237e+02
    endloop
  endfacet
  facet normal -7.978611e-02 -4.662375e-09 9.968120e-01
    outer loop
      vertex   1.703451e+02 -2.700000e+01 1.604237e+02
      vertex   1.703451e+02 -2.350000e+01 1.604237e+02
      vertex   1.700692e+02 -2.700000e+01 1.604016e+02
    endloop
  endfacet
  facet normal -7.978611e-02 -4.662375e-09 9.968120e-01
    outer loop
      vertex   1.700692e+02 -2.700000e+01 1.604016e+02
      vertex   1.703451e+02 -2.350000e+01 1.604237e+02
      vertex   1.700692e+02 -2.350000e+01 1.604016e+02
    endloop
  endfacet
  facet normal 2.662052e-02 1.555595e-09 9.996456e-01
    outer loop
      vertex   1.700692e+02 -2.700000e+01 1.604016e+02
      vertex   1.700692e+02 -2.350000e+01 1.604016e+02
      vertex   1.697926e+02 -2.700000e+01 1.604090e+02
    endloop
  endfacet
  facet normal 2.662052e-02 1.555595e-09 9.996456e-01
    outer loop
      vertex   1.697926e+02 -2.700000e+01 1.604090e+02
      vertex   1.700692e+02 -2.350000e+01 1.604016e+02
      vertex   1.697926e+02 -2.350000e+01 1.604090e+02
    endloop
  endfacet
  facet normal 1.327255e-01 7.755939e-09 9.911528e-01
    outer loop
      vertex   1.697926e+02 -2.700000e+01 1.604090e+02
      vertex   1.697926e+02 -2.350000e+01 1.604090e+02
      vertex   1.695182e+02 -2.700000e+01 1.604457e+02
    endloop
  endfacet
  facet normal 1.327255e-01 7.755939e-09 9.911528e-01
    outer loop
      vertex   1.695182e+02 -2.700000e+01 1.604457e+02
      vertex   1.697926e+02 -2.350000e+01 1.604090e+02
      vertex   1.695182e+02 -2.350000e+01 1.604457e+02
    endloop
  endfacet
  facet normal 2.373267e-01 1.386841e-08 9.714299e-01
    outer loop
      vertex   1.695182e+02 -2.700000e+01 1.604457e+02
      vertex   1.695182e+02 -2.350000e+01 1.604457e+02
      vertex   1.692494e+02 -2.700000e+01 1.605114e+02
    endloop
  endfacet
  facet normal 2.373267e-01 1.386841e-08 9.714299e-01
    outer loop
      vertex   1.692494e+02 -2.700000e+01 1.605114e+02
      vertex   1.695182e+02 -2.350000e+01 1.604457e+02
      vertex   1.692494e+02 -2.350000e+01 1.605114e+02
    endloop
  endfacet
  facet normal 3.392389e-01 1.982374e-08 9.407003e-01
    outer loop
      vertex   1.692494e+02 -2.700000e+01 1.605114e+02
      vertex   1.692494e+02 -2.350000e+01 1.605114e+02
      vertex   1.689891e+02 -2.700000e+01 1.606053e+02
    endloop
  endfacet
  facet normal 3.392389e-01 1.982374e-08 9.407003e-01
    outer loop
      vertex   1.689891e+02 -2.700000e+01 1.606053e+02
      vertex   1.692494e+02 -2.350000e+01 1.605114e+02
      vertex   1.689891e+02 -2.350000e+01 1.606053e+02
    endloop
  endfacet
  facet normal 4.373073e-01 2.555446e-08 8.993121e-01
    outer loop
      vertex   1.689891e+02 -2.700000e+01 1.606053e+02
      vertex   1.689891e+02 -2.350000e+01 1.606053e+02
      vertex   1.687402e+02 -2.700000e+01 1.607263e+02
    endloop
  endfacet
  facet normal 4.373073e-01 2.555446e-08 8.993121e-01
    outer loop
      vertex   1.687402e+02 -2.700000e+01 1.607263e+02
      vertex   1.689891e+02 -2.350000e+01 1.606053e+02
      vertex   1.687402e+02 -2.350000e+01 1.607263e+02
    endloop
  endfacet
  facet normal 5.304209e-01 3.099564e-08 8.477344e-01
    outer loop
      vertex   1.687402e+02 -2.700000e+01 1.607263e+02
      vertex   1.687402e+02 -2.350000e+01 1.607263e+02
      vertex   1.685056e+02 -2.700000e+01 1.608731e+02
    endloop
  endfacet
  facet normal 5.304209e-01 3.099564e-08 8.477344e-01
    outer loop
      vertex   1.685056e+02 -2.700000e+01 1.608731e+02
      vertex   1.687402e+02 -2.350000e+01 1.607263e+02
      vertex   1.685056e+02 -2.350000e+01 1.608731e+02
    endloop
  endfacet
  facet normal 6.175246e-01 3.608562e-08 7.865516e-01
    outer loop
      vertex   1.685056e+02 -2.700000e+01 1.608731e+02
      vertex   1.685056e+02 -2.350000e+01 1.608731e+02
      vertex   1.682879e+02 -2.700000e+01 1.610440e+02
    endloop
  endfacet
  facet normal 6.175246e-01 3.608562e-08 7.865516e-01
    outer loop
      vertex   1.682879e+02 -2.700000e+01 1.610440e+02
      vertex   1.685056e+02 -2.350000e+01 1.608731e+02
      vertex   1.682879e+02 -2.350000e+01 1.610440e+02
    endloop
  endfacet
  facet normal 6.976315e-01 4.076675e-08 7.164567e-01
    outer loop
      vertex   1.682879e+02 -2.700000e+01 1.610440e+02
      vertex   1.682879e+02 -2.350000e+01 1.610440e+02
      vertex   1.680896e+02 -2.700000e+01 1.612371e+02
    endloop
  endfacet
  facet normal 6.976315e-01 4.076675e-08 7.164567e-01
    outer loop
      vertex   1.680896e+02 -2.700000e+01 1.612371e+02
      vertex   1.682879e+02 -2.350000e+01 1.610440e+02
      vertex   1.680896e+02 -2.350000e+01 1.612371e+02
    endloop
  endfacet
  facet normal 7.698340e-01 4.498596e-08 6.382442e-01
    outer loop
      vertex   1.680896e+02 -2.700000e+01 1.612371e+02
      vertex   1.680896e+02 -2.350000e+01 1.612371e+02
      vertex   1.679129e+02 -2.700000e+01 1.614501e+02
    endloop
  endfacet
  facet normal 7.698340e-01 4.498596e-08 6.382442e-01
    outer loop
      vertex   1.679129e+02 -2.700000e+01 1.614501e+02
      vertex   1.680896e+02 -2.350000e+01 1.612371e+02
      vertex   1.679129e+02 -2.350000e+01 1.614501e+02
    endloop
  endfacet
  facet normal 8.333139e-01 4.869547e-08 5.528001e-01
    outer loop
      vertex   1.679129e+02 -2.700000e+01 1.614501e+02
      vertex   1.679129e+02 -2.350000e+01 1.614501e+02
      vertex   1.677600e+02 -2.700000e+01 1.616807e+02
    endloop
  endfacet
  facet normal 8.333139e-01 4.869547e-08 5.528001e-01
    outer loop
      vertex   1.677600e+02 -2.700000e+01 1.616807e+02
      vertex   1.679129e+02 -2.350000e+01 1.614501e+02
      vertex   1.677600e+02 -2.350000e+01 1.616807e+02
    endloop
  endfacet
  facet normal 8.873521e-01 5.185324e-08 4.610925e-01
    outer loop
      vertex   1.677600e+02 -2.700000e+01 1.616807e+02
      vertex   1.677600e+02 -2.350000e+01 1.616807e+02
      vertex   1.676323e+02 -2.700000e+01 1.619263e+02
    endloop
  endfacet
  facet normal 8.873521e-01 5.185324e-08 4.610925e-01
    outer loop
      vertex   1.676323e+02 -2.700000e+01 1.619263e+02
      vertex   1.677600e+02 -2.350000e+01 1.616807e+02
      vertex   1.676323e+02 -2.350000e+01 1.619263e+02
    endloop
  endfacet
  facet normal 9.313362e-01 5.442349e-08 3.641606e-01
    outer loop
      vertex   1.676323e+02 -2.700000e+01 1.619263e+02
      vertex   1.676323e+02 -2.350000e+01 1.619263e+02
      vertex   1.675316e+02 -2.700000e+01 1.621841e+02
    endloop
  endfacet
  facet normal 9.313362e-01 5.442349e-08 3.641606e-01
    outer loop
      vertex   1.675316e+02 -2.700000e+01 1.621841e+02
      vertex   1.676323e+02 -2.350000e+01 1.619263e+02
      vertex   1.675316e+02 -2.350000e+01 1.621841e+02
    endloop
  endfacet
  facet normal 9.647679e-01 5.637711e-08 2.631026e-01
    outer loop
      vertex   1.675316e+02 -2.700000e+01 1.621841e+02
      vertex   1.675316e+02 -2.350000e+01 1.621841e+02
      vertex   1.674588e+02 -2.700000e+01 1.624511e+02
    endloop
  endfacet
  facet normal 9.647679e-01 5.637711e-08 2.631026e-01
    outer loop
      vertex   1.674588e+02 -2.700000e+01 1.624511e+02
      vertex   1.675316e+02 -2.350000e+01 1.621841e+02
      vertex   1.674588e+02 -2.350000e+01 1.624511e+02
    endloop
  endfacet
  facet normal 9.872684e-01 5.769194e-08 1.590635e-01
    outer loop
      vertex   1.674588e+02 -2.700000e+01 1.624511e+02
      vertex   1.674588e+02 -2.350000e+01 1.624511e+02
      vertex   1.674147e+02 -2.700000e+01 1.627243e+02
    endloop
  endfacet
  facet normal 9.872684e-01 5.769194e-08 1.590635e-01
    outer loop
      vertex   1.674147e+02 -2.700000e+01 1.627243e+02
      vertex   1.674588e+02 -2.350000e+01 1.624511e+02
      vertex   1.674147e+02 -2.350000e+01 1.627243e+02
    endloop
  endfacet
  facet normal 9.985827e-01 5.835311e-08 -5.322217e-02
    outer loop
      vertex   1.674147e+02 -2.000000e+01 1.632770e+02
      vertex   1.674147e+02 -2.350000e+01 1.632770e+02
      vertex   1.674000e+02 -2.000000e+01 1.630007e+02
    endloop
  endfacet
  facet normal 9.985827e-01 5.835311e-08 -5.322217e-02
    outer loop
      vertex   1.674000e+02 -2.000000e+01 1.630007e+02
      vertex   1.674147e+02 -2.350000e+01 1.632770e+02
      vertex   1.674000e+02 -2.350000e+01 1.630007e+02
    endloop
  endfacet
  facet normal 9.985827e-01 5.835311e-08 5.322217e-02
    outer loop
      vertex   1.674000e+02 -2.000000e+01 1.630007e+02
      vertex   1.674000e+02 -2.350000e+01 1.630007e+02
      vertex   1.674147e+02 -2.000000e+01 1.627243e+02
    endloop
  endfacet
  facet normal 9.985827e-01 5.835311e-08 5.322217e-02
    outer loop
      vertex   1.674147e+02 -2.000000e+01 1.627243e+02
      vertex   1.674000e+02 -2.350000e+01 1.630007e+02
      vertex   1.674147e+02 -2.350000e+01 1.627243e+02
    endloop
  endfacet
  facet normal 9.872684e-01 5.769194e-08 1.590635e-01
    outer loop
      vertex   1.674147e+02 -2.000000e+01 1.627243e+02
      vertex   1.674147e+02 -2.350000e+01 1.627243e+02
      vertex   1.674588e+02 -2.000000e+01 1.624511e+02
    endloop
  endfacet
  facet normal 9.872684e-01 5.769194e-08 1.590635e-01
    outer loop
      vertex   1.674588e+02 -2.000000e+01 1.624511e+02
      vertex   1.674147e+02 -2.350000e+01 1.627243e+02
      vertex   1.674588e+02 -2.350000e+01 1.624511e+02
    endloop
  endfacet
  facet normal 9.647679e-01 5.637711e-08 2.631026e-01
    outer loop
      vertex   1.674588e+02 -2.000000e+01 1.624511e+02
      vertex   1.674588e+02 -2.350000e+01 1.624511e+02
      vertex   1.675316e+02 -2.000000e+01 1.621841e+02
    endloop
  endfacet
  facet normal 9.647679e-01 5.637711e-08 2.631026e-01
    outer loop
      vertex   1.675316e+02 -2.000000e+01 1.621841e+02
      vertex   1.674588e+02 -2.350000e+01 1.624511e+02
      vertex   1.675316e+02 -2.350000e+01 1.621841e+02
    endloop
  endfacet
  facet normal 9.313362e-01 5.442349e-08 3.641606e-01
    outer loop
      vertex   1.675316e+02 -2.000000e+01 1.621841e+02
      vertex   1.675316e+02 -2.350000e+01 1.621841e+02
      vertex   1.676323e+02 -2.000000e+01 1.619263e+02
    endloop
  endfacet
  facet normal 9.313362e-01 5.442349e-08 3.641606e-01
    outer loop
      vertex   1.676323e+02 -2.000000e+01 1.619263e+02
      vertex   1.675316e+02 -2.350000e+01 1.621841e+02
      vertex   1.676323e+02 -2.350000e+01 1.619263e+02
    endloop
  endfacet
  facet normal 8.873521e-01 5.185324e-08 4.610925e-01
    outer loop
      vertex   1.676323e+02 -2.000000e+01 1.619263e+02
      vertex   1.676323e+02 -2.350000e+01 1.619263e+02
      vertex   1.677600e+02 -2.000000e+01 1.616807e+02
    endloop
  endfacet
  facet normal 8.873521e-01 5.185324e-08 4.610925e-01
    outer loop
      vertex   1.677600e+02 -2.000000e+01 1.616807e+02
      vertex   1.676323e+02 -2.350000e+01 1.619263e+02
      vertex   1.677600e+02 -2.350000e+01 1.616807e+02
    endloop
  endfacet
  facet normal 8.333139e-01 4.869547e-08 5.528001e-01
    outer loop
      vertex   1.677600e+02 -2.000000e+01 1.616807e+02
      vertex   1.677600e+02 -2.350000e+01 1.616807e+02
      vertex   1.679129e+02 -2.000000e+01 1.614501e+02
    endloop
  endfacet
  facet normal 8.333139e-01 4.869547e-08 5.528001e-01
    outer loop
      vertex   1.679129e+02 -2.000000e+01 1.614501e+02
      vertex   1.677600e+02 -2.350000e+01 1.616807e+02
      vertex   1.679129e+02 -2.350000e+01 1.614501e+02
    endloop
  endfacet
  facet normal 7.698340e-01 4.498596e-08 6.382442e-01
    outer loop
      vertex   1.679129e+02 -2.000000e+01 1.614501e+02
      vertex   1.679129e+02 -2.350000e+01 1.614501e+02
      vertex   1.680896e+02 -2.000000e+01 1.612371e+02
    endloop
  endfacet
  facet normal 7.698340e-01 4.498596e-08 6.382442e-01
    outer loop
      vertex   1.680896e+02 -2.000000e+01 1.612371e+02
      vertex   1.679129e+02 -2.350000e+01 1.614501e+02
      vertex   1.680896e+02 -2.350000e+01 1.612371e+02
    endloop
  endfacet
  facet normal 6.976315e-01 4.076675e-08 7.164567e-01
    outer loop
      vertex   1.680896e+02 -2.000000e+01 1.612371e+02
      vertex   1.680896e+02 -2.350000e+01 1.612371e+02
      vertex   1.682879e+02 -2.000000e+01 1.610440e+02
    endloop
  endfacet
  facet normal 6.976315e-01 4.076675e-08 7.164567e-01
    outer loop
      vertex   1.682879e+02 -2.000000e+01 1.610440e+02
      vertex   1.680896e+02 -2.350000e+01 1.612371e+02
      vertex   1.682879e+02 -2.350000e+01 1.610440e+02
    endloop
  endfacet
  facet normal 6.175246e-01 3.608562e-08 7.865516e-01
    outer loop
      vertex   1.682879e+02 -2.000000e+01 1.610440e+02
      vertex   1.682879e+02 -2.350000e+01 1.610440e+02
      vertex   1.685056e+02 -2.000000e+01 1.608731e+02
    endloop
  endfacet
  facet normal 6.175246e-01 3.608562e-08 7.865516e-01
    outer loop
      vertex   1.685056e+02 -2.000000e+01 1.608731e+02
      vertex   1.682879e+02 -2.350000e+01 1.610440e+02
      vertex   1.685056e+02 -2.350000e+01 1.608731e+02
    endloop
  endfacet
  facet normal 5.304209e-01 3.099564e-08 8.477344e-01
    outer loop
      vertex   1.685056e+02 -2.000000e+01 1.608731e+02
      vertex   1.685056e+02 -2.350000e+01 1.608731e+02
      vertex   1.687402e+02 -2.000000e+01 1.607263e+02
    endloop
  endfacet
  facet normal 5.304209e-01 3.099564e-08 8.477344e-01
    outer loop
      vertex   1.687402e+02 -2.000000e+01 1.607263e+02
      vertex   1.685056e+02 -2.350000e+01 1.608731e+02
      vertex   1.687402e+02 -2.350000e+01 1.607263e+02
    endloop
  endfacet
  facet normal 4.373073e-01 2.555446e-08 8.993121e-01
    outer loop
      vertex   1.687402e+02 -2.000000e+01 1.607263e+02
      vertex   1.687402e+02 -2.350000e+01 1.607263e+02
      vertex   1.689891e+02 -2.000000e+01 1.606053e+02
    endloop
  endfacet
  facet normal 4.373073e-01 2.555446e-08 8.993121e-01
    outer loop
      vertex   1.689891e+02 -2.000000e+01 1.606053e+02
      vertex   1.687402e+02 -2.350000e+01 1.607263e+02
      vertex   1.689891e+02 -2.350000e+01 1.606053e+02
    endloop
  endfacet
  facet normal 3.392389e-01 1.982374e-08 9.407003e-01
    outer loop
      vertex   1.689891e+02 -2.000000e+01 1.606053e+02
      vertex   1.689891e+02 -2.350000e+01 1.606053e+02
      vertex   1.692494e+02 -2.000000e+01 1.605114e+02
    endloop
  endfacet
  facet normal 3.392389e-01 1.982374e-08 9.407003e-01
    outer loop
      vertex   1.692494e+02 -2.000000e+01 1.605114e+02
      vertex   1.689891e+02 -2.350000e+01 1.606053e+02
      vertex   1.692494e+02 -2.350000e+01 1.605114e+02
    endloop
  endfacet
  facet normal 2.373267e-01 1.386841e-08 9.714299e-01
    outer loop
      vertex   1.692494e+02 -2.000000e+01 1.605114e+02
      vertex   1.692494e+02 -2.350000e+01 1.605114e+02
      vertex   1.695182e+02 -2.000000e+01 1.604457e+02
    endloop
  endfacet
  facet normal 2.373267e-01 1.386841e-08 9.714299e-01
    outer loop
      vertex   1.695182e+02 -2.000000e+01 1.604457e+02
      vertex   1.692494e+02 -2.350000e+01 1.605114e+02
      vertex   1.695182e+02 -2.350000e+01 1.604457e+02
    endloop
  endfacet
  facet normal 1.327255e-01 7.755939e-09 9.911528e-01
    outer loop
      vertex   1.695182e+02 -2.000000e+01 1.604457e+02
      vertex   1.695182e+02 -2.350000e+01 1.604457e+02
      vertex   1.697926e+02 -2.000000e+01 1.604090e+02
    endloop
  endfacet
  facet normal 1.327255e-01 7.755939e-09 9.911528e-01
    outer loop
      vertex   1.697926e+02 -2.000000e+01 1.604090e+02
      vertex   1.695182e+02 -2.350000e+01 1.604457e+02
      vertex   1.697926e+02 -2.350000e+01 1.604090e+02
    endloop
  endfacet
  facet normal 2.662052e-02 1.555595e-09 9.996456e-01
    outer loop
      vertex   1.697926e+02 -2.000000e+01 1.604090e+02
      vertex   1.697926e+02 -2.350000e+01 1.604090e+02
      vertex   1.700692e+02 -2.000000e+01 1.604016e+02
    endloop
  endfacet
  facet normal 2.662052e-02 1.555595e-09 9.996456e-01
    outer loop
      vertex   1.700692e+02 -2.000000e+01 1.604016e+02
      vertex   1.697926e+02 -2.350000e+01 1.604090e+02
      vertex   1.700692e+02 -2.350000e+01 1.604016e+02
    endloop
  endfacet
  facet normal -7.978611e-02 -4.662375e-09 9.968120e-01
    outer loop
      vertex   1.700692e+02 -2.000000e+01 1.604016e+02
      vertex   1.700692e+02 -2.350000e+01 1.604016e+02
      vertex   1.703451e+02 -2.000000e+01 1.604237e+02
    endloop
  endfacet
  facet normal -7.978611e-02 -4.662375e-09 9.968120e-01
    outer loop
      vertex   1.703451e+02 -2.000000e+01 1.604237e+02
      vertex   1.700692e+02 -2.350000e+01 1.604016e+02
      vertex   1.703451e+02 -2.350000e+01 1.604237e+02
    endloop
  endfacet
  facet normal -1.852887e-01 -1.082752e-08 9.826841e-01
    outer loop
      vertex   1.703451e+02 -2.000000e+01 1.604237e+02
      vertex   1.703451e+02 -2.350000e+01 1.604237e+02
      vertex   1.706170e+02 -2.000000e+01 1.604749e+02
    endloop
  endfacet
  facet normal -1.852887e-01 -1.082752e-08 9.826841e-01
    outer loop
      vertex   1.706170e+02 -2.000000e+01 1.604749e+02
      vertex   1.703451e+02 -2.350000e+01 1.604237e+02
      vertex   1.706170e+02 -2.350000e+01 1.604749e+02
    endloop
  endfacet
  facet normal -2.886919e-01 -1.686998e-08 9.574220e-01
    outer loop
      vertex   1.706170e+02 -2.000000e+01 1.604749e+02
      vertex   1.706170e+02 -2.350000e+01 1.604749e+02
      vertex   1.708820e+02 -2.000000e+01 1.605548e+02
    endloop
  endfacet
  facet normal -2.886919e-01 -1.686998e-08 9.574220e-01
    outer loop
      vertex   1.708820e+02 -2.000000e+01 1.605548e+02
      vertex   1.706170e+02 -2.350000e+01 1.604749e+02
      vertex   1.708820e+02 -2.350000e+01 1.605548e+02
    endloop
  endfacet
  facet normal -3.888242e-01 -2.272130e-08 9.213120e-01
    outer loop
      vertex   1.708820e+02 -2.000000e+01 1.605548e+02
      vertex   1.708820e+02 -2.350000e+01 1.605548e+02
      vertex   1.711370e+02 -2.000000e+01 1.606625e+02
    endloop
  endfacet
  facet normal -3.888242e-01 -2.272130e-08 9.213120e-01
    outer loop
      vertex   1.711370e+02 -2.000000e+01 1.606625e+02
      vertex   1.708820e+02 -2.350000e+01 1.605548e+02
      vertex   1.711370e+02 -2.350000e+01 1.606625e+02
    endloop
  endfacet
  facet normal -4.845509e-01 -2.831518e-08 8.747631e-01
    outer loop
      vertex   1.711370e+02 -2.000000e+01 1.606625e+02
      vertex   1.711370e+02 -2.350000e+01 1.606625e+02
      vertex   1.713791e+02 -2.000000e+01 1.607966e+02
    endloop
  endfacet
  facet normal -4.845509e-01 -2.831518e-08 8.747631e-01
    outer loop
      vertex   1.713791e+02 -2.000000e+01 1.607966e+02
      vertex   1.711370e+02 -2.350000e+01 1.606625e+02
      vertex   1.713791e+02 -2.350000e+01 1.607966e+02
    endloop
  endfacet
  facet normal -5.747874e-01 -3.358824e-08 8.183028e-01
    outer loop
      vertex   1.713791e+02 -2.000000e+01 1.607966e+02
      vertex   1.713791e+02 -2.350000e+01 1.607966e+02
      vertex   1.716056e+02 -2.000000e+01 1.609556e+02
    endloop
  endfacet
  facet normal -5.747874e-01 -3.358824e-08 8.183028e-01
    outer loop
      vertex   1.716056e+02 -2.000000e+01 1.609556e+02
      vertex   1.713791e+02 -2.350000e+01 1.607966e+02
      vertex   1.716056e+02 -2.350000e+01 1.609556e+02
    endloop
  endfacet
  facet normal -6.585114e-01 -3.848072e-08 7.525708e-01
    outer loop
      vertex   1.716056e+02 -2.000000e+01 1.609556e+02
      vertex   1.716056e+02 -2.350000e+01 1.609556e+02
      vertex   1.718138e+02 -2.000000e+01 1.611379e+02
    endloop
  endfacet
  facet normal -6.585114e-01 -3.848072e-08 7.525708e-01
    outer loop
      vertex   1.718138e+02 -2.000000e+01 1.611379e+02
      vertex   1.716056e+02 -2.350000e+01 1.609556e+02
      vertex   1.718138e+02 -2.350000e+01 1.611379e+02
    endloop
  endfacet
  facet normal -7.347742e-01 -4.293721e-08 6.783118e-01
    outer loop
      vertex   1.718138e+02 -2.000000e+01 1.611379e+02
      vertex   1.718138e+02 -2.350000e+01 1.611379e+02
      vertex   1.720016e+02 -2.000000e+01 1.613412e+02
    endloop
  endfacet
  facet normal -7.347742e-01 -4.293721e-08 6.783118e-01
    outer loop
      vertex   1.720016e+02 -2.000000e+01 1.613412e+02
      vertex   1.718138e+02 -2.350000e+01 1.611379e+02
      vertex   1.720016e+02 -2.350000e+01 1.613412e+02
    endloop
  endfacet
  facet normal -8.027116e-01 -4.690720e-08 5.963674e-01
    outer loop
      vertex   1.720016e+02 -2.000000e+01 1.613412e+02
      vertex   1.720016e+02 -2.350000e+01 1.613412e+02
      vertex   1.721666e+02 -2.000000e+01 1.615634e+02
    endloop
  endfacet
  facet normal -8.027116e-01 -4.690720e-08 5.963674e-01
    outer loop
      vertex   1.721666e+02 -2.000000e+01 1.615634e+02
      vertex   1.720016e+02 -2.350000e+01 1.613412e+02
      vertex   1.721666e+02 -2.350000e+01 1.615634e+02
    endloop
  endfacet
  facet normal -8.615541e-01 -5.034571e-08 5.076658e-01
    outer loop
      vertex   1.721666e+02 -2.000000e+01 1.615634e+02
      vertex   1.721666e+02 -2.350000e+01 1.615634e+02
      vertex   1.723071e+02 -2.000000e+01 1.618018e+02
    endloop
  endfacet
  facet normal -8.615541e-01 -5.034571e-08 5.076658e-01
    outer loop
      vertex   1.723071e+02 -2.000000e+01 1.618018e+02
      vertex   1.721666e+02 -2.350000e+01 1.615634e+02
      vertex   1.723071e+02 -2.350000e+01 1.618018e+02
    endloop
  endfacet
  facet normal -9.106348e-01 -5.321379e-08 4.132122e-01
    outer loop
      vertex   1.723071e+02 -2.000000e+01 1.618018e+02
      vertex   1.723071e+02 -2.350000e+01 1.618018e+02
      vertex   1.724215e+02 -2.000000e+01 1.620538e+02
    endloop
  endfacet
  facet normal -9.106348e-01 -5.321379e-08 4.132122e-01
    outer loop
      vertex   1.724215e+02 -2.000000e+01 1.620538e+02
      vertex   1.723071e+02 -2.350000e+01 1.618018e+02
      vertex   1.724215e+02 -2.350000e+01 1.620538e+02
    endloop
  endfacet
  facet normal -9.493976e-01 -5.547893e-08 3.140767e-01
    outer loop
      vertex   1.724215e+02 -2.000000e+01 1.620538e+02
      vertex   1.724215e+02 -2.350000e+01 1.620538e+02
      vertex   1.725084e+02 -2.000000e+01 1.623166e+02
    endloop
  endfacet
  facet normal -9.493976e-01 -5.547893e-08 3.140767e-01
    outer loop
      vertex   1.725084e+02 -2.000000e+01 1.623166e+02
      vertex   1.724215e+02 -2.350000e+01 1.620538e+02
      vertex   1.725084e+02 -2.350000e+01 1.623166e+02
    endloop
  endfacet
  facet normal -9.774034e-01 -5.711547e-08 2.113826e-01
    outer loop
      vertex   1.725084e+02 -2.000000e+01 1.623166e+02
      vertex   1.725084e+02 -2.350000e+01 1.623166e+02
      vertex   1.725669e+02 -2.000000e+01 1.625871e+02
    endloop
  endfacet
  facet normal -9.774034e-01 -5.711547e-08 2.113826e-01
    outer loop
      vertex   1.725669e+02 -2.000000e+01 1.625871e+02
      vertex   1.725084e+02 -2.350000e+01 1.623166e+02
      vertex   1.725669e+02 -2.350000e+01 1.625871e+02
    endloop
  endfacet
  facet normal -9.943348e-01 -5.810488e-08 1.062935e-01
    outer loop
      vertex   1.725669e+02 -2.000000e+01 1.625871e+02
      vertex   1.725669e+02 -2.350000e+01 1.625871e+02
      vertex   1.725963e+02 -2.000000e+01 1.628623e+02
    endloop
  endfacet
  facet normal -9.943348e-01 -5.810488e-08 1.062935e-01
    outer loop
      vertex   1.725963e+02 -2.000000e+01 1.628623e+02
      vertex   1.725669e+02 -2.350000e+01 1.625871e+02
      vertex   1.725963e+02 -2.350000e+01 1.628623e+02
    endloop
  endfacet
  facet normal -1.000000e+00 -5.843593e-08 0.000000e+00
    outer loop
      vertex   1.725963e+02 -2.000000e+01 1.628623e+02
      vertex   1.725963e+02 -2.350000e+01 1.628623e+02
      vertex   1.725963e+02 -2.000000e+01 1.631390e+02
    endloop
  endfacet
  facet normal -1.000000e+00 -5.843593e-08 0.000000e+00
    outer loop
      vertex   1.725963e+02 -2.000000e+01 1.631390e+02
      vertex   1.725963e+02 -2.350000e+01 1.628623e+02
      vertex   1.725963e+02 -2.350000e+01 1.631390e+02
    endloop
  endfacet
  facet normal -9.943348e-01 -5.810488e-08 -1.062935e-01
    outer loop
      vertex   1.725963e+02 -2.000000e+01 1.631390e+02
      vertex   1.725963e+02 -2.350000e+01 1.631390e+02
      vertex   1.725669e+02 -2.000000e+01 1.634142e+02
    endloop
  endfacet
  facet normal -9.943348e-01 -5.810488e-08 -1.062935e-01
    outer loop
      vertex   1.725669e+02 -2.000000e+01 1.634142e+02
      vertex   1.725963e+02 -2.350000e+01 1.631390e+02
      vertex   1.725669e+02 -2.350000e+01 1.634142e+02
    endloop
  endfacet
  facet normal -9.774034e-01 -5.711547e-08 -2.113826e-01
    outer loop
      vertex   1.725669e+02 -2.000000e+01 1.634142e+02
      vertex   1.725669e+02 -2.350000e+01 1.634142e+02
      vertex   1.725084e+02 -2.000000e+01 1.636847e+02
    endloop
  endfacet
  facet normal -9.774034e-01 -5.711547e-08 -2.113826e-01
    outer loop
      vertex   1.725084e+02 -2.000000e+01 1.636847e+02
      vertex   1.725669e+02 -2.350000e+01 1.634142e+02
      vertex   1.725084e+02 -2.350000e+01 1.636847e+02
    endloop
  endfacet
  facet normal -9.493976e-01 -5.547893e-08 -3.140767e-01
    outer loop
      vertex   1.725084e+02 -2.000000e+01 1.636847e+02
      vertex   1.725084e+02 -2.350000e+01 1.636847e+02
      vertex   1.724215e+02 -2.000000e+01 1.639475e+02
    endloop
  endfacet
  facet normal -9.493976e-01 -5.547893e-08 -3.140767e-01
    outer loop
      vertex   1.724215e+02 -2.000000e+01 1.639475e+02
      vertex   1.725084e+02 -2.350000e+01 1.636847e+02
      vertex   1.724215e+02 -2.350000e+01 1.639475e+02
    endloop
  endfacet
  facet normal -9.106348e-01 -5.321379e-08 -4.132122e-01
    outer loop
      vertex   1.724215e+02 -2.000000e+01 1.639475e+02
      vertex   1.724215e+02 -2.350000e+01 1.639475e+02
      vertex   1.723071e+02 -2.000000e+01 1.641995e+02
    endloop
  endfacet
  facet normal -9.106348e-01 -5.321379e-08 -4.132122e-01
    outer loop
      vertex   1.723071e+02 -2.000000e+01 1.641995e+02
      vertex   1.724215e+02 -2.350000e+01 1.639475e+02
      vertex   1.723071e+02 -2.350000e+01 1.641995e+02
    endloop
  endfacet
  facet normal -8.615541e-01 -5.034571e-08 -5.076658e-01
    outer loop
      vertex   1.723071e+02 -2.000000e+01 1.641995e+02
      vertex   1.723071e+02 -2.350000e+01 1.641995e+02
      vertex   1.721666e+02 -2.000000e+01 1.644379e+02
    endloop
  endfacet
  facet normal -8.615541e-01 -5.034571e-08 -5.076658e-01
    outer loop
      vertex   1.721666e+02 -2.000000e+01 1.644379e+02
      vertex   1.723071e+02 -2.350000e+01 1.641995e+02
      vertex   1.721666e+02 -2.350000e+01 1.644379e+02
    endloop
  endfacet
  facet normal -8.027116e-01 -4.690720e-08 -5.963674e-01
    outer loop
      vertex   1.721666e+02 -2.000000e+01 1.644379e+02
      vertex   1.721666e+02 -2.350000e+01 1.644379e+02
      vertex   1.720016e+02 -2.000000e+01 1.646601e+02
    endloop
  endfacet
  facet normal -8.027116e-01 -4.690720e-08 -5.963674e-01
    outer loop
      vertex   1.720016e+02 -2.000000e+01 1.646601e+02
      vertex   1.721666e+02 -2.350000e+01 1.644379e+02
      vertex   1.720016e+02 -2.350000e+01 1.646601e+02
    endloop
  endfacet
  facet normal -7.347742e-01 -4.293721e-08 -6.783118e-01
    outer loop
      vertex   1.720016e+02 -2.000000e+01 1.646601e+02
      vertex   1.720016e+02 -2.350000e+01 1.646601e+02
      vertex   1.718138e+02 -2.000000e+01 1.648635e+02
    endloop
  endfacet
  facet normal -7.347742e-01 -4.293721e-08 -6.783118e-01
    outer loop
      vertex   1.718138e+02 -2.000000e+01 1.648635e+02
      vertex   1.720016e+02 -2.350000e+01 1.646601e+02
      vertex   1.718138e+02 -2.350000e+01 1.648635e+02
    endloop
  endfacet
  facet normal -6.585114e-01 -3.848072e-08 -7.525708e-01
    outer loop
      vertex   1.718138e+02 -2.000000e+01 1.648635e+02
      vertex   1.718138e+02 -2.350000e+01 1.648635e+02
      vertex   1.716056e+02 -2.000000e+01 1.650457e+02
    endloop
  endfacet
  facet normal -6.585114e-01 -3.848072e-08 -7.525708e-01
    outer loop
      vertex   1.716056e+02 -2.000000e+01 1.650457e+02
      vertex   1.718138e+02 -2.350000e+01 1.648635e+02
      vertex   1.716056e+02 -2.350000e+01 1.650457e+02
    endloop
  endfacet
  facet normal -5.747874e-01 -3.358824e-08 -8.183028e-01
    outer loop
      vertex   1.716056e+02 -2.000000e+01 1.650457e+02
      vertex   1.716056e+02 -2.350000e+01 1.650457e+02
      vertex   1.713791e+02 -2.000000e+01 1.652048e+02
    endloop
  endfacet
  facet normal -5.747874e-01 -3.358824e-08 -8.183028e-01
    outer loop
      vertex   1.713791e+02 -2.000000e+01 1.652048e+02
      vertex   1.716056e+02 -2.350000e+01 1.650457e+02
      vertex   1.713791e+02 -2.350000e+01 1.652048e+02
    endloop
  endfacet
  facet normal -4.845509e-01 -2.831518e-08 -8.747631e-01
    outer loop
      vertex   1.713791e+02 -2.000000e+01 1.652048e+02
      vertex   1.713791e+02 -2.350000e+01 1.652048e+02
      vertex   1.711370e+02 -2.000000e+01 1.653389e+02
    endloop
  endfacet
  facet normal -4.845509e-01 -2.831518e-08 -8.747631e-01
    outer loop
      vertex   1.711370e+02 -2.000000e+01 1.653389e+02
      vertex   1.713791e+02 -2.350000e+01 1.652048e+02
      vertex   1.711370e+02 -2.350000e+01 1.653389e+02
    endloop
  endfacet
  facet normal -3.888242e-01 -2.272130e-08 -9.213120e-01
    outer loop
      vertex   1.711370e+02 -2.000000e+01 1.653389e+02
      vertex   1.711370e+02 -2.350000e+01 1.653389e+02
      vertex   1.708820e+02 -2.000000e+01 1.654465e+02
    endloop
  endfacet
  facet normal -3.888242e-01 -2.272130e-08 -9.213120e-01
    outer loop
      vertex   1.708820e+02 -2.000000e+01 1.654465e+02
      vertex   1.711370e+02 -2.350000e+01 1.653389e+02
      vertex   1.708820e+02 -2.350000e+01 1.654465e+02
    endloop
  endfacet
  facet normal -2.886919e-01 -1.686998e-08 -9.574220e-01
    outer loop
      vertex   1.708820e+02 -2.000000e+01 1.654465e+02
      vertex   1.708820e+02 -2.350000e+01 1.654465e+02
      vertex   1.706170e+02 -2.000000e+01 1.655264e+02
    endloop
  endfacet
  facet normal -2.886919e-01 -1.686998e-08 -9.574220e-01
    outer loop
      vertex   1.706170e+02 -2.000000e+01 1.655264e+02
      vertex   1.708820e+02 -2.350000e+01 1.654465e+02
      vertex   1.706170e+02 -2.350000e+01 1.655264e+02
    endloop
  endfacet
  facet normal -1.852887e-01 -1.082752e-08 -9.826841e-01
    outer loop
      vertex   1.706170e+02 -2.000000e+01 1.655264e+02
      vertex   1.706170e+02 -2.350000e+01 1.655264e+02
      vertex   1.703451e+02 -2.000000e+01 1.655777e+02
    endloop
  endfacet
  facet normal -1.852887e-01 -1.082752e-08 -9.826841e-01
    outer loop
      vertex   1.703451e+02 -2.000000e+01 1.655777e+02
      vertex   1.706170e+02 -2.350000e+01 1.655264e+02
      vertex   1.703451e+02 -2.350000e+01 1.655777e+02
    endloop
  endfacet
  facet normal -7.978611e-02 -4.662375e-09 -9.968120e-01
    outer loop
      vertex   1.703451e+02 -2.000000e+01 1.655777e+02
      vertex   1.703451e+02 -2.350000e+01 1.655777e+02
      vertex   1.700692e+02 -2.000000e+01 1.655997e+02
    endloop
  endfacet
  facet normal -7.978611e-02 -4.662375e-09 -9.968120e-01
    outer loop
      vertex   1.700692e+02 -2.000000e+01 1.655997e+02
      vertex   1.703451e+02 -2.350000e+01 1.655777e+02
      vertex   1.700692e+02 -2.350000e+01 1.655997e+02
    endloop
  endfacet
  facet normal 2.662052e-02 1.555595e-09 -9.996456e-01
    outer loop
      vertex   1.700692e+02 -2.000000e+01 1.655997e+02
      vertex   1.700692e+02 -2.350000e+01 1.655997e+02
      vertex   1.697926e+02 -2.000000e+01 1.655924e+02
    endloop
  endfacet
  facet normal 2.662052e-02 1.555595e-09 -9.996456e-01
    outer loop
      vertex   1.697926e+02 -2.000000e+01 1.655924e+02
      vertex   1.700692e+02 -2.350000e+01 1.655997e+02
      vertex   1.697926e+02 -2.350000e+01 1.655924e+02
    endloop
  endfacet
  facet normal 1.327255e-01 7.755939e-09 -9.911528e-01
    outer loop
      vertex   1.697926e+02 -2.000000e+01 1.655924e+02
      vertex   1.697926e+02 -2.350000e+01 1.655924e+02
      vertex   1.695182e+02 -2.000000e+01 1.655556e+02
    endloop
  endfacet
  facet normal 1.327255e-01 7.755939e-09 -9.911528e-01
    outer loop
      vertex   1.695182e+02 -2.000000e+01 1.655556e+02
      vertex   1.697926e+02 -2.350000e+01 1.655924e+02
      vertex   1.695182e+02 -2.350000e+01 1.655556e+02
    endloop
  endfacet
  facet normal 2.373267e-01 1.386841e-08 -9.714299e-01
    outer loop
      vertex   1.695182e+02 -2.000000e+01 1.655556e+02
      vertex   1.695182e+02 -2.350000e+01 1.655556e+02
      vertex   1.692494e+02 -2.000000e+01 1.654900e+02
    endloop
  endfacet
  facet normal 2.373267e-01 1.386841e-08 -9.714299e-01
    outer loop
      vertex   1.692494e+02 -2.000000e+01 1.654900e+02
      vertex   1.695182e+02 -2.350000e+01 1.655556e+02
      vertex   1.692494e+02 -2.350000e+01 1.654900e+02
    endloop
  endfacet
  facet normal 3.392389e-01 1.982374e-08 -9.407003e-01
    outer loop
      vertex   1.692494e+02 -2.000000e+01 1.654900e+02
      vertex   1.692494e+02 -2.350000e+01 1.654900e+02
      vertex   1.689891e+02 -2.000000e+01 1.653961e+02
    endloop
  endfacet
  facet normal 3.392389e-01 1.982374e-08 -9.407003e-01
    outer loop
      vertex   1.689891e+02 -2.000000e+01 1.653961e+02
      vertex   1.692494e+02 -2.350000e+01 1.654900e+02
      vertex   1.689891e+02 -2.350000e+01 1.653961e+02
    endloop
  endfacet
  facet normal 4.373073e-01 2.555446e-08 -8.993121e-01
    outer loop
      vertex   1.689891e+02 -2.000000e+01 1.653961e+02
      vertex   1.689891e+02 -2.350000e+01 1.653961e+02
      vertex   1.687402e+02 -2.000000e+01 1.652750e+02
    endloop
  endfacet
  facet normal 4.373073e-01 2.555446e-08 -8.993121e-01
    outer loop
      vertex   1.687402e+02 -2.000000e+01 1.652750e+02
      vertex   1.689891e+02 -2.350000e+01 1.653961e+02
      vertex   1.687402e+02 -2.350000e+01 1.652750e+02
    endloop
  endfacet
  facet normal 5.304209e-01 3.099564e-08 -8.477344e-01
    outer loop
      vertex   1.687402e+02 -2.000000e+01 1.652750e+02
      vertex   1.687402e+02 -2.350000e+01 1.652750e+02
      vertex   1.685056e+02 -2.000000e+01 1.651283e+02
    endloop
  endfacet
  facet normal 5.304209e-01 3.099564e-08 -8.477344e-01
    outer loop
      vertex   1.685056e+02 -2.000000e+01 1.651283e+02
      vertex   1.687402e+02 -2.350000e+01 1.652750e+02
      vertex   1.685056e+02 -2.350000e+01 1.651283e+02
    endloop
  endfacet
  facet normal 6.175246e-01 3.608562e-08 -7.865516e-01
    outer loop
      vertex   1.685056e+02 -2.000000e+01 1.651283e+02
      vertex   1.685056e+02 -2.350000e+01 1.651283e+02
      vertex   1.682879e+02 -2.000000e+01 1.649573e+02
    endloop
  endfacet
  facet normal 6.175246e-01 3.608562e-08 -7.865516e-01
    outer loop
      vertex   1.682879e+02 -2.000000e+01 1.649573e+02
      vertex   1.685056e+02 -2.350000e+01 1.651283e+02
      vertex   1.682879e+02 -2.350000e+01 1.649573e+02
    endloop
  endfacet
  facet normal 6.976315e-01 4.076675e-08 -7.164567e-01
    outer loop
      vertex   1.682879e+02 -2.000000e+01 1.649573e+02
      vertex   1.682879e+02 -2.350000e+01 1.649573e+02
      vertex   1.680896e+02 -2.000000e+01 1.647643e+02
    endloop
  endfacet
  facet normal 6.976315e-01 4.076675e-08 -7.164567e-01
    outer loop
      vertex   1.680896e+02 -2.000000e+01 1.647643e+02
      vertex   1.682879e+02 -2.350000e+01 1.649573e+02
      vertex   1.680896e+02 -2.350000e+01 1.647643e+02
    endloop
  endfacet
  facet normal 7.698340e-01 4.498596e-08 -6.382442e-01
    outer loop
      vertex   1.680896e+02 -2.000000e+01 1.647643e+02
      vertex   1.680896e+02 -2.350000e+01 1.647643e+02
      vertex   1.679129e+02 -2.000000e+01 1.645512e+02
    endloop
  endfacet
  facet normal 7.698340e-01 4.498596e-08 -6.382442e-01
    outer loop
      vertex   1.679129e+02 -2.000000e+01 1.645512e+02
      vertex   1.680896e+02 -2.350000e+01 1.647643e+02
      vertex   1.679129e+02 -2.350000e+01 1.645512e+02
    endloop
  endfacet
  facet normal 8.333139e-01 4.869547e-08 -5.528001e-01
    outer loop
      vertex   1.679129e+02 -2.000000e+01 1.645512e+02
      vertex   1.679129e+02 -2.350000e+01 1.645512e+02
      vertex   1.677600e+02 -2.000000e+01 1.643206e+02
    endloop
  endfacet
  facet normal 8.333139e-01 4.869547e-08 -5.528001e-01
    outer loop
      vertex   1.677600e+02 -2.000000e+01 1.643206e+02
      vertex   1.679129e+02 -2.350000e+01 1.645512e+02
      vertex   1.677600e+02 -2.350000e+01 1.643206e+02
    endloop
  endfacet
  facet normal 8.873521e-01 5.185324e-08 -4.610925e-01
    outer loop
      vertex   1.677600e+02 -2.000000e+01 1.643206e+02
      vertex   1.677600e+02 -2.350000e+01 1.643206e+02
      vertex   1.676323e+02 -2.000000e+01 1.640750e+02
    endloop
  endfacet
  facet normal 8.873521e-01 5.185324e-08 -4.610925e-01
    outer loop
      vertex   1.676323e+02 -2.000000e+01 1.640750e+02
      vertex   1.677600e+02 -2.350000e+01 1.643206e+02
      vertex   1.676323e+02 -2.350000e+01 1.640750e+02
    endloop
  endfacet
  facet normal 9.313362e-01 5.442349e-08 -3.641606e-01
    outer loop
      vertex   1.676323e+02 -2.000000e+01 1.640750e+02
      vertex   1.676323e+02 -2.350000e+01 1.640750e+02
      vertex   1.675316e+02 -2.000000e+01 1.638173e+02
    endloop
  endfacet
  facet normal 9.313362e-01 5.442349e-08 -3.641606e-01
    outer loop
      vertex   1.675316e+02 -2.000000e+01 1.638173e+02
      vertex   1.676323e+02 -2.350000e+01 1.640750e+02
      vertex   1.675316e+02 -2.350000e+01 1.638173e+02
    endloop
  endfacet
  facet normal 9.647679e-01 5.637711e-08 -2.631026e-01
    outer loop
      vertex   1.675316e+02 -2.000000e+01 1.638173e+02
      vertex   1.675316e+02 -2.350000e+01 1.638173e+02
      vertex   1.674588e+02 -2.000000e+01 1.635503e+02
    endloop
  endfacet
  facet normal 9.647679e-01 5.637711e-08 -2.631026e-01
    outer loop
      vertex   1.674588e+02 -2.000000e+01 1.635503e+02
      vertex   1.675316e+02 -2.350000e+01 1.638173e+02
      vertex   1.674588e+02 -2.350000e+01 1.635503e+02
    endloop
  endfacet
  facet normal 9.872684e-01 5.769194e-08 -1.590635e-01
    outer loop
      vertex   1.674588e+02 -2.000000e+01 1.635503e+02
      vertex   1.674588e+02 -2.350000e+01 1.635503e+02
      vertex   1.674147e+02 -2.000000e+01 1.632770e+02
    endloop
  endfacet
  facet normal 9.872684e-01 5.769194e-08 -1.590635e-01
    outer loop
      vertex   1.674147e+02 -2.000000e+01 1.632770e+02
      vertex   1.674588e+02 -2.350000e+01 1.635503e+02
      vertex   1.674147e+02 -2.350000e+01 1.632770e+02
    endloop
  endfacet
  facet normal 9.985827e-01 5.835311e-08 5.322217e-02
    outer loop
      vertex   1.874147e+02 -2.700000e+01 1.627243e+02
      vertex   1.874147e+02 -2.350000e+01 1.627243e+02
      vertex   1.874000e+02 -2.700000e+01 1.630007e+02
    endloop
  endfacet
  facet normal 9.985827e-01 5.835312e-08 5.322217e-02
    outer loop
      vertex   1.874000e+02 -2.700000e+01 1.630007e+02
      vertex   1.874147e+02 -2.350000e+01 1.627243e+02
      vertex   1.874000e+02 -2.350000e+01 1.630007e+02
    endloop
  endfacet
  facet normal 9.985827e-01 5.835312e-08 -5.322217e-02
    outer loop
      vertex   1.874000e+02 -2.700000e+01 1.630007e+02
      vertex   1.874000e+02 -2.350000e+01 1.630007e+02
      vertex   1.874147e+02 -2.700000e+01 1.632770e+02
    endloop
  endfacet
  facet normal 9.985827e-01 5.835311e-08 -5.322217e-02
    outer loop
      vertex   1.874147e+02 -2.700000e+01 1.632770e+02
      vertex   1.874000e+02 -2.350000e+01 1.630007e+02
      vertex   1.874147e+02 -2.350000e+01 1.632770e+02
    endloop
  endfacet
  facet normal 9.872684e-01 5.769194e-08 -1.590635e-01
    outer loop
      vertex   1.874147e+02 -2.700000e+01 1.632770e+02
      vertex   1.874147e+02 -2.350000e+01 1.632770e+02
      vertex   1.874588e+02 -2.700000e+01 1.635503e+02
    endloop
  endfacet
  facet normal 9.872684e-01 5.769194e-08 -1.590635e-01
    outer loop
      vertex   1.874588e+02 -2.700000e+01 1.635503e+02
      vertex   1.874147e+02 -2.350000e+01 1.632770e+02
      vertex   1.874588e+02 -2.350000e+01 1.635503e+02
    endloop
  endfacet
  facet normal 9.647679e-01 5.637711e-08 -2.631026e-01
    outer loop
      vertex   1.874588e+02 -2.700000e+01 1.635503e+02
      vertex   1.874588e+02 -2.350000e+01 1.635503e+02
      vertex   1.875316e+02 -2.700000e+01 1.638173e+02
    endloop
  endfacet
  facet normal 9.647679e-01 5.637711e-08 -2.631026e-01
    outer loop
      vertex   1.875316e+02 -2.700000e+01 1.638173e+02
      vertex   1.874588e+02 -2.350000e+01 1.635503e+02
      vertex   1.875316e+02 -2.350000e+01 1.638173e+02
    endloop
  endfacet
  facet normal 9.313362e-01 5.442349e-08 -3.641606e-01
    outer loop
      vertex   1.875316e+02 -2.700000e+01 1.638173e+02
      vertex   1.875316e+02 -2.350000e+01 1.638173e+02
      vertex   1.876324e+02 -2.700000e+01 1.640750e+02
    endloop
  endfacet
  facet normal 9.313362e-01 5.442349e-08 -3.641606e-01
    outer loop
      vertex   1.876324e+02 -2.700000e+01 1.640750e+02
      vertex   1.875316e+02 -2.350000e+01 1.638173e+02
      vertex   1.876324e+02 -2.350000e+01 1.640750e+02
    endloop
  endfacet
  facet normal 8.873521e-01 5.185324e-08 -4.610925e-01
    outer loop
      vertex   1.876324e+02 -2.700000e+01 1.640750e+02
      vertex   1.876324e+02 -2.350000e+01 1.640750e+02
      vertex   1.877600e+02 -2.700000e+01 1.643206e+02
    endloop
  endfacet
  facet normal 8.873521e-01 5.185324e-08 -4.610925e-01
    outer loop
      vertex   1.877600e+02 -2.700000e+01 1.643206e+02
      vertex   1.876324e+02 -2.350000e+01 1.640750e+02
      vertex   1.877600e+02 -2.350000e+01 1.643206e+02
    endloop
  endfacet
  facet normal 8.333139e-01 4.869547e-08 -5.528001e-01
    outer loop
      vertex   1.877600e+02 -2.700000e+01 1.643206e+02
      vertex   1.877600e+02 -2.350000e+01 1.643206e+02
      vertex   1.879130e+02 -2.700000e+01 1.645512e+02
    endloop
  endfacet
  facet normal 8.333139e-01 4.869547e-08 -5.528001e-01
    outer loop
      vertex   1.879130e+02 -2.700000e+01 1.645512e+02
      vertex   1.877600e+02 -2.350000e+01 1.643206e+02
      vertex   1.879130e+02 -2.350000e+01 1.645512e+02
    endloop
  endfacet
  facet normal 7.698340e-01 4.498596e-08 -6.382442e-01
    outer loop
      vertex   1.879130e+02 -2.700000e+01 1.645512e+02
      vertex   1.879130e+02 -2.350000e+01 1.645512e+02
      vertex   1.880896e+02 -2.700000e+01 1.647643e+02
    endloop
  endfacet
  facet normal 7.698340e-01 4.498596e-08 -6.382442e-01
    outer loop
      vertex   1.880896e+02 -2.700000e+01 1.647643e+02
      vertex   1.879130e+02 -2.350000e+01 1.645512e+02
      vertex   1.880896e+02 -2.350000e+01 1.647643e+02
    endloop
  endfacet
  facet normal 6.976315e-01 4.076675e-08 -7.164567e-01
    outer loop
      vertex   1.880896e+02 -2.700000e+01 1.647643e+02
      vertex   1.880896e+02 -2.350000e+01 1.647643e+02
      vertex   1.882879e+02 -2.700000e+01 1.649573e+02
    endloop
  endfacet
  facet normal 6.976315e-01 4.076675e-08 -7.164567e-01
    outer loop
      vertex   1.882879e+02 -2.700000e+01 1.649573e+02
      vertex   1.880896e+02 -2.350000e+01 1.647643e+02
      vertex   1.882879e+02 -2.350000e+01 1.649573e+02
    endloop
  endfacet
  facet normal 6.175246e-01 3.608562e-08 -7.865516e-01
    outer loop
      vertex   1.882879e+02 -2.700000e+01 1.649573e+02
      vertex   1.882879e+02 -2.350000e+01 1.649573e+02
      vertex   1.885056e+02 -2.700000e+01 1.651283e+02
    endloop
  endfacet
  facet normal 6.175246e-01 3.608562e-08 -7.865516e-01
    outer loop
      vertex   1.885056e+02 -2.700000e+01 1.651283e+02
      vertex   1.882879e+02 -2.350000e+01 1.649573e+02
      vertex   1.885056e+02 -2.350000e+01 1.651283e+02
    endloop
  endfacet
  facet normal 5.304209e-01 3.099564e-08 -8.477344e-01
    outer loop
      vertex   1.885056e+02 -2.700000e+01 1.651283e+02
      vertex   1.885056e+02 -2.350000e+01 1.651283e+02
      vertex   1.887402e+02 -2.700000e+01 1.652750e+02
    endloop
  endfacet
  facet normal 5.304209e-01 3.099564e-08 -8.477344e-01
    outer loop
      vertex   1.887402e+02 -2.700000e+01 1.652750e+02
      vertex   1.885056e+02 -2.350000e+01 1.651283e+02
      vertex   1.887402e+02 -2.350000e+01 1.652750e+02
    endloop
  endfacet
  facet normal 4.373073e-01 2.555446e-08 -8.993121e-01
    outer loop
      vertex   1.887402e+02 -2.700000e+01 1.652750e+02
      vertex   1.887402e+02 -2.350000e+01 1.652750e+02
      vertex   1.889891e+02 -2.700000e+01 1.653961e+02
    endloop
  endfacet
  facet normal 4.373073e-01 2.555446e-08 -8.993121e-01
    outer loop
      vertex   1.889891e+02 -2.700000e+01 1.653961e+02
      vertex   1.887402e+02 -2.350000e+01 1.652750e+02
      vertex   1.889891e+02 -2.350000e+01 1.653961e+02
    endloop
  endfacet
  facet normal 3.392389e-01 1.982374e-08 -9.407003e-01
    outer loop
      vertex   1.889891e+02 -2.700000e+01 1.653961e+02
      vertex   1.889891e+02 -2.350000e+01 1.653961e+02
      vertex   1.892494e+02 -2.700000e+01 1.654900e+02
    endloop
  endfacet
  facet normal 3.392389e-01 1.982374e-08 -9.407003e-01
    outer loop
      vertex   1.892494e+02 -2.700000e+01 1.654900e+02
      vertex   1.889891e+02 -2.350000e+01 1.653961e+02
      vertex   1.892494e+02 -2.350000e+01 1.654900e+02
    endloop
  endfacet
  facet normal 2.373267e-01 1.386841e-08 -9.714299e-01
    outer loop
      vertex   1.892494e+02 -2.700000e+01 1.654900e+02
      vertex   1.892494e+02 -2.350000e+01 1.654900e+02
      vertex   1.895183e+02 -2.700000e+01 1.655556e+02
    endloop
  endfacet
  facet normal 2.373267e-01 1.386841e-08 -9.714299e-01
    outer loop
      vertex   1.895183e+02 -2.700000e+01 1.655556e+02
      vertex   1.892494e+02 -2.350000e+01 1.654900e+02
      vertex   1.895183e+02 -2.350000e+01 1.655556e+02
    endloop
  endfacet
  facet normal 1.327255e-01 7.755939e-09 -9.911528e-01
    outer loop
      vertex   1.895183e+02 -2.700000e+01 1.655556e+02
      vertex   1.895183e+02 -2.350000e+01 1.655556e+02
      vertex   1.897926e+02 -2.700000e+01 1.655924e+02
    endloop
  endfacet
  facet normal 1.327255e-01 7.755939e-09 -9.911528e-01
    outer loop
      vertex   1.897926e+02 -2.700000e+01 1.655924e+02
      vertex   1.895183e+02 -2.350000e+01 1.655556e+02
      vertex   1.897926e+02 -2.350000e+01 1.655924e+02
    endloop
  endfacet
  facet normal 2.662052e-02 1.555595e-09 -9.996456e-01
    outer loop
      vertex   1.897926e+02 -2.700000e+01 1.655924e+02
      vertex   1.897926e+02 -2.350000e+01 1.655924e+02
      vertex   1.900692e+02 -2.700000e+01 1.655997e+02
    endloop
  endfacet
  facet normal 2.662052e-02 1.555595e-09 -9.996456e-01
    outer loop
      vertex   1.900692e+02 -2.700000e+01 1.655997e+02
      vertex   1.897926e+02 -2.350000e+01 1.655924e+02
      vertex   1.900692e+02 -2.350000e+01 1.655997e+02
    endloop
  endfacet
  facet normal -7.978611e-02 -4.662375e-09 -9.968120e-01
    outer loop
      vertex   1.900692e+02 -2.700000e+01 1.655997e+02
      vertex   1.900692e+02 -2.350000e+01 1.655997e+02
      vertex   1.903451e+02 -2.700000e+01 1.655777e+02
    endloop
  endfacet
  facet normal -7.978611e-02 -4.662375e-09 -9.968120e-01
    outer loop
      vertex   1.903451e+02 -2.700000e+01 1.655777e+02
      vertex   1.900692e+02 -2.350000e+01 1.655997e+02
      vertex   1.903451e+02 -2.350000e+01 1.655777e+02
    endloop
  endfacet
  facet normal -1.852887e-01 -1.082752e-08 -9.826841e-01
    outer loop
      vertex   1.903451e+02 -2.700000e+01 1.655777e+02
      vertex   1.903451e+02 -2.350000e+01 1.655777e+02
      vertex   1.906171e+02 -2.700000e+01 1.655264e+02
    endloop
  endfacet
  facet normal -1.852887e-01 -1.082752e-08 -9.826841e-01
    outer loop
      vertex   1.906171e+02 -2.700000e+01 1.655264e+02
      vertex   1.903451e+02 -2.350000e+01 1.655777e+02
      vertex   1.906171e+02 -2.350000e+01 1.655264e+02
    endloop
  endfacet
  facet normal -2.886919e-01 -1.686998e-08 -9.574220e-01
    outer loop
      vertex   1.906171e+02 -2.700000e+01 1.655264e+02
      vertex   1.906171e+02 -2.350000e+01 1.655264e+02
      vertex   1.908820e+02 -2.700000e+01 1.654465e+02
    endloop
  endfacet
  facet normal -2.886919e-01 -1.686998e-08 -9.574220e-01
    outer loop
      vertex   1.908820e+02 -2.700000e+01 1.654465e+02
      vertex   1.906171e+02 -2.350000e+01 1.655264e+02
      vertex   1.908820e+02 -2.350000e+01 1.654465e+02
    endloop
  endfacet
  facet normal -3.888242e-01 -2.272130e-08 -9.213120e-01
    outer loop
      vertex   1.908820e+02 -2.700000e+01 1.654465e+02
      vertex   1.908820e+02 -2.350000e+01 1.654465e+02
      vertex   1.911370e+02 -2.700000e+01 1.653389e+02
    endloop
  endfacet
  facet normal -3.888242e-01 -2.272130e-08 -9.213120e-01
    outer loop
      vertex   1.911370e+02 -2.700000e+01 1.653389e+02
      vertex   1.908820e+02 -2.350000e+01 1.654465e+02
      vertex   1.911370e+02 -2.350000e+01 1.653389e+02
    endloop
  endfacet
  facet normal -4.845509e-01 -2.831518e-08 -8.747631e-01
    outer loop
      vertex   1.911370e+02 -2.700000e+01 1.653389e+02
      vertex   1.911370e+02 -2.350000e+01 1.653389e+02
      vertex   1.913791e+02 -2.700000e+01 1.652048e+02
    endloop
  endfacet
  facet normal -4.845509e-01 -2.831518e-08 -8.747631e-01
    outer loop
      vertex   1.913791e+02 -2.700000e+01 1.652048e+02
      vertex   1.911370e+02 -2.350000e+01 1.653389e+02
      vertex   1.913791e+02 -2.350000e+01 1.652048e+02
    endloop
  endfacet
  facet normal -5.747874e-01 -3.358824e-08 -8.183028e-01
    outer loop
      vertex   1.913791e+02 -2.700000e+01 1.652048e+02
      vertex   1.913791e+02 -2.350000e+01 1.652048e+02
      vertex   1.916056e+02 -2.700000e+01 1.650457e+02
    endloop
  endfacet
  facet normal -5.747874e-01 -3.358824e-08 -8.183028e-01
    outer loop
      vertex   1.916056e+02 -2.700000e+01 1.650457e+02
      vertex   1.913791e+02 -2.350000e+01 1.652048e+02
      vertex   1.916056e+02 -2.350000e+01 1.650457e+02
    endloop
  endfacet
  facet normal -6.585114e-01 -3.848072e-08 -7.525708e-01
    outer loop
      vertex   1.916056e+02 -2.700000e+01 1.650457e+02
      vertex   1.916056e+02 -2.350000e+01 1.650457e+02
      vertex   1.918138e+02 -2.700000e+01 1.648635e+02
    endloop
  endfacet
  facet normal -6.585114e-01 -3.848072e-08 -7.525708e-01
    outer loop
      vertex   1.918138e+02 -2.700000e+01 1.648635e+02
      vertex   1.916056e+02 -2.350000e+01 1.650457e+02
      vertex   1.918138e+02 -2.350000e+01 1.648635e+02
    endloop
  endfacet
  facet normal -7.347742e-01 -4.293721e-08 -6.783118e-01
    outer loop
      vertex   1.918138e+02 -2.700000e+01 1.648635e+02
      vertex   1.918138e+02 -2.350000e+01 1.648635e+02
      vertex   1.920016e+02 -2.700000e+01 1.646601e+02
    endloop
  endfacet
  facet normal -7.347742e-01 -4.293721e-08 -6.783118e-01
    outer loop
      vertex   1.920016e+02 -2.700000e+01 1.646601e+02
      vertex   1.918138e+02 -2.350000e+01 1.648635e+02
      vertex   1.920016e+02 -2.350000e+01 1.646601e+02
    endloop
  endfacet
  facet normal -8.027116e-01 -4.690720e-08 -5.963674e-01
    outer loop
      vertex   1.920016e+02 -2.700000e+01 1.646601e+02
      vertex   1.920016e+02 -2.350000e+01 1.646601e+02
      vertex   1.921666e+02 -2.700000e+01 1.644379e+02
    endloop
  endfacet
  facet normal -8.027116e-01 -4.690720e-08 -5.963674e-01
    outer loop
      vertex   1.921666e+02 -2.700000e+01 1.644379e+02
      vertex   1.920016e+02 -2.350000e+01 1.646601e+02
      vertex   1.921666e+02 -2.350000e+01 1.644379e+02
    endloop
  endfacet
  facet normal -8.615541e-01 -5.034571e-08 -5.076658e-01
    outer loop
      vertex   1.921666e+02 -2.700000e+01 1.644379e+02
      vertex   1.921666e+02 -2.350000e+01 1.644379e+02
      vertex   1.923071e+02 -2.700000e+01 1.641995e+02
    endloop
  endfacet
  facet normal -8.615541e-01 -5.034571e-08 -5.076658e-01
    outer loop
      vertex   1.923071e+02 -2.700000e+01 1.641995e+02
      vertex   1.921666e+02 -2.350000e+01 1.644379e+02
      vertex   1.923071e+02 -2.350000e+01 1.641995e+02
    endloop
  endfacet
  facet normal -9.106348e-01 -5.321379e-08 -4.132122e-01
    outer loop
      vertex   1.923071e+02 -2.700000e+01 1.641995e+02
      vertex   1.923071e+02 -2.350000e+01 1.641995e+02
      vertex   1.924215e+02 -2.700000e+01 1.639475e+02
    endloop
  endfacet
  facet normal -9.106348e-01 -5.321379e-08 -4.132122e-01
    outer loop
      vertex   1.924215e+02 -2.700000e+01 1.639475e+02
      vertex   1.923071e+02 -2.350000e+01 1.641995e+02
      vertex   1.924215e+02 -2.350000e+01 1.639475e+02
    endloop
  endfacet
  facet normal -9.493976e-01 -5.547893e-08 -3.140767e-01
    outer loop
      vertex   1.924215e+02 -2.700000e+01 1.639475e+02
      vertex   1.924215e+02 -2.350000e+01 1.639475e+02
      vertex   1.925084e+02 -2.700000e+01 1.636847e+02
    endloop
  endfacet
  facet normal -9.493976e-01 -5.547893e-08 -3.140767e-01
    outer loop
      vertex   1.925084e+02 -2.700000e+01 1.636847e+02
      vertex   1.924215e+02 -2.350000e+01 1.639475e+02
      vertex   1.925084e+02 -2.350000e+01 1.636847e+02
    endloop
  endfacet
  facet normal -9.774034e-01 -5.711547e-08 -2.113826e-01
    outer loop
      vertex   1.925084e+02 -2.700000e+01 1.636847e+02
      vertex   1.925084e+02 -2.350000e+01 1.636847e+02
      vertex   1.925669e+02 -2.700000e+01 1.634142e+02
    endloop
  endfacet
  facet normal -9.774034e-01 -5.711547e-08 -2.113826e-01
    outer loop
      vertex   1.925669e+02 -2.700000e+01 1.634142e+02
      vertex   1.925084e+02 -2.350000e+01 1.636847e+02
      vertex   1.925669e+02 -2.350000e+01 1.634142e+02
    endloop
  endfacet
  facet normal -9.943348e-01 -5.810488e-08 -1.062935e-01
    outer loop
      vertex   1.925669e+02 -2.700000e+01 1.634142e+02
      vertex   1.925669e+02 -2.350000e+01 1.634142e+02
      vertex   1.925963e+02 -2.700000e+01 1.631390e+02
    endloop
  endfacet
  facet normal -9.943348e-01 -5.810488e-08 -1.062935e-01
    outer loop
      vertex   1.925963e+02 -2.700000e+01 1.631390e+02
      vertex   1.925669e+02 -2.350000e+01 1.634142e+02
      vertex   1.925963e+02 -2.350000e+01 1.631390e+02
    endloop
  endfacet
  facet normal -1.000000e+00 -5.843593e-08 -0.000000e+00
    outer loop
      vertex   1.925963e+02 -2.700000e+01 1.631390e+02
      vertex   1.925963e+02 -2.350000e+01 1.631390e+02
      vertex   1.925963e+02 -2.700000e+01 1.628623e+02
    endloop
  endfacet
  facet normal -1.000000e+00 -5.843593e-08 0.000000e+00
    outer loop
      vertex   1.925963e+02 -2.700000e+01 1.628623e+02
      vertex   1.925963e+02 -2.350000e+01 1.631390e+02
      vertex   1.925963e+02 -2.350000e+01 1.628623e+02
    endloop
  endfacet
  facet normal -9.943348e-01 -5.810488e-08 1.062935e-01
    outer loop
      vertex   1.925963e+02 -2.700000e+01 1.628623e+02
      vertex   1.925963e+02 -2.350000e+01 1.628623e+02
      vertex   1.925669e+02 -2.700000e+01 1.625871e+02
    endloop
  endfacet
  facet normal -9.943348e-01 -5.810488e-08 1.062935e-01
    outer loop
      vertex   1.925669e+02 -2.700000e+01 1.625871e+02
      vertex   1.925963e+02 -2.350000e+01 1.628623e+02
      vertex   1.925669e+02 -2.350000e+01 1.625871e+02
    endloop
  endfacet
  facet normal -9.774034e-01 -5.711547e-08 2.113826e-01
    outer loop
      vertex   1.925669e+02 -2.700000e+01 1.625871e+02
      vertex   1.925669e+02 -2.350000e+01 1.625871e+02
      vertex   1.925084e+02 -2.700000e+01 1.623166e+02
    endloop
  endfacet
  facet normal -9.774034e-01 -5.711547e-08 2.113826e-01
    outer loop
      vertex   1.925084e+02 -2.700000e+01 1.623166e+02
      vertex   1.925669e+02 -2.350000e+01 1.625871e+02
      vertex   1.925084e+02 -2.350000e+01 1.623166e+02
    endloop
  endfacet
  facet normal -9.493976e-01 -5.547893e-08 3.140767e-01
    outer loop
      vertex   1.925084e+02 -2.700000e+01 1.623166e+02
      vertex   1.925084e+02 -2.350000e+01 1.623166e+02
      vertex   1.924215e+02 -2.700000e+01 1.620538e+02
    endloop
  endfacet
  facet normal -9.493976e-01 -5.547893e-08 3.140767e-01
    outer loop
      vertex   1.924215e+02 -2.700000e+01 1.620538e+02
      vertex   1.925084e+02 -2.350000e+01 1.623166e+02
      vertex   1.924215e+02 -2.350000e+01 1.620538e+02
    endloop
  endfacet
  facet normal -9.106348e-01 -5.321379e-08 4.132122e-01
    outer loop
      vertex   1.924215e+02 -2.700000e+01 1.620538e+02
      vertex   1.924215e+02 -2.350000e+01 1.620538e+02
      vertex   1.923071e+02 -2.700000e+01 1.618018e+02
    endloop
  endfacet
  facet normal -9.106348e-01 -5.321379e-08 4.132122e-01
    outer loop
      vertex   1.923071e+02 -2.700000e+01 1.618018e+02
      vertex   1.924215e+02 -2.350000e+01 1.620538e+02
      vertex   1.923071e+02 -2.350000e+01 1.618018e+02
    endloop
  endfacet
  facet normal -8.615541e-01 -5.034571e-08 5.076658e-01
    outer loop
      vertex   1.923071e+02 -2.700000e+01 1.618018e+02
      vertex   1.923071e+02 -2.350000e+01 1.618018e+02
      vertex   1.921666e+02 -2.700000e+01 1.615634e+02
    endloop
  endfacet
  facet normal -8.615541e-01 -5.034571e-08 5.076658e-01
    outer loop
      vertex   1.921666e+02 -2.700000e+01 1.615634e+02
      vertex   1.923071e+02 -2.350000e+01 1.618018e+02
      vertex   1.921666e+02 -2.350000e+01 1.615634e+02
    endloop
  endfacet
  facet normal -8.027116e-01 -4.690720e-08 5.963674e-01
    outer loop
      vertex   1.921666e+02 -2.700000e+01 1.615634e+02
      vertex   1.921666e+02 -2.350000e+01 1.615634e+02
      vertex   1.920016e+02 -2.700000e+01 1.613412e+02
    endloop
  endfacet
  facet normal -8.027116e-01 -4.690720e-08 5.963674e-01
    outer loop
      vertex   1.920016e+02 -2.700000e+01 1.613412e+02
      vertex   1.921666e+02 -2.350000e+01 1.615634e+02
      vertex   1.920016e+02 -2.350000e+01 1.613412e+02
    endloop
  endfacet
  facet normal -7.347742e-01 -4.293721e-08 6.783118e-01
    outer loop
      vertex   1.920016e+02 -2.700000e+01 1.613412e+02
      vertex   1.920016e+02 -2.350000e+01 1.613412e+02
      vertex   1.918138e+02 -2.700000e+01 1.611379e+02
    endloop
  endfacet
  facet normal -7.347742e-01 -4.293721e-08 6.783118e-01
    outer loop
      vertex   1.918138e+02 -2.700000e+01 1.611379e+02
      vertex   1.920016e+02 -2.350000e+01 1.613412e+02
      vertex   1.918138e+02 -2.350000e+01 1.611379e+02
    endloop
  endfacet
  facet normal -6.585114e-01 -3.848072e-08 7.525708e-01
    outer loop
      vertex   1.918138e+02 -2.700000e+01 1.611379e+02
      vertex   1.918138e+02 -2.350000e+01 1.611379e+02
      vertex   1.916056e+02 -2.700000e+01 1.609556e+02
    endloop
  endfacet
  facet normal -6.585114e-01 -3.848072e-08 7.525708e-01
    outer loop
      vertex   1.916056e+02 -2.700000e+01 1.609556e+02
      vertex   1.918138e+02 -2.350000e+01 1.611379e+02
      vertex   1.916056e+02 -2.350000e+01 1.609556e+02
    endloop
  endfacet
  facet normal -5.747874e-01 -3.358824e-08 8.183028e-01
    outer loop
      vertex   1.916056e+02 -2.700000e+01 1.609556e+02
      vertex   1.916056e+02 -2.350000e+01 1.609556e+02
      vertex   1.913791e+02 -2.700000e+01 1.607966e+02
    endloop
  endfacet
  facet normal -5.747874e-01 -3.358824e-08 8.183028e-01
    outer loop
      vertex   1.913791e+02 -2.700000e+01 1.607966e+02
      vertex   1.916056e+02 -2.350000e+01 1.609556e+02
      vertex   1.913791e+02 -2.350000e+01 1.607966e+02
    endloop
  endfacet
  facet normal -4.845509e-01 -2.831518e-08 8.747631e-01
    outer loop
      vertex   1.913791e+02 -2.700000e+01 1.607966e+02
      vertex   1.913791e+02 -2.350000e+01 1.607966e+02
      vertex   1.911370e+02 -2.700000e+01 1.606625e+02
    endloop
  endfacet
  facet normal -4.845509e-01 -2.831518e-08 8.747631e-01
    outer loop
      vertex   1.911370e+02 -2.700000e+01 1.606625e+02
      vertex   1.913791e+02 -2.350000e+01 1.607966e+02
      vertex   1.911370e+02 -2.350000e+01 1.606625e+02
    endloop
  endfacet
  facet normal -3.888242e-01 -2.272130e-08 9.213120e-01
    outer loop
      vertex   1.911370e+02 -2.700000e+01 1.606625e+02
      vertex   1.911370e+02 -2.350000e+01 1.606625e+02
      vertex   1.908820e+02 -2.700000e+01 1.605548e+02
    endloop
  endfacet
  facet normal -3.888242e-01 -2.272130e-08 9.213120e-01
    outer loop
      vertex   1.908820e+02 -2.700000e+01 1.605548e+02
      vertex   1.911370e+02 -2.350000e+01 1.606625e+02
      vertex   1.908820e+02 -2.350000e+01 1.605548e+02
    endloop
  endfacet
  facet normal -2.886919e-01 -1.686998e-08 9.574220e-01
    outer loop
      vertex   1.908820e+02 -2.700000e+01 1.605548e+02
      vertex   1.908820e+02 -2.350000e+01 1.605548e+02
      vertex   1.906171e+02 -2.700000e+01 1.604749e+02
    endloop
  endfacet
  facet normal -2.886919e-01 -1.686998e-08 9.574220e-01
    outer loop
      vertex   1.906171e+02 -2.700000e+01 1.604749e+02
      vertex   1.908820e+02 -2.350000e+01 1.605548e+02
      vertex   1.906171e+02 -2.350000e+01 1.604749e+02
    endloop
  endfacet
  facet normal -1.852887e-01 -1.082752e-08 9.826841e-01
    outer loop
      vertex   1.906171e+02 -2.700000e+01 1.604749e+02
      vertex   1.906171e+02 -2.350000e+01 1.604749e+02
      vertex   1.903451e+02 -2.700000e+01 1.604237e+02
    endloop
  endfacet
  facet normal -1.852887e-01 -1.082752e-08 9.826841e-01
    outer loop
      vertex   1.903451e+02 -2.700000e+01 1.604237e+02
      vertex   1.906171e+02 -2.350000e+01 1.604749e+02
      vertex   1.903451e+02 -2.350000e+01 1.604237e+02
    endloop
  endfacet
  facet normal -7.978611e-02 -4.662375e-09 9.968120e-01
    outer loop
      vertex   1.903451e+02 -2.700000e+01 1.604237e+02
      vertex   1.903451e+02 -2.350000e+01 1.604237e+02
      vertex   1.900692e+02 -2.700000e+01 1.604016e+02
    endloop
  endfacet
  facet normal -7.978611e-02 -4.662375e-09 9.968120e-01
    outer loop
      vertex   1.900692e+02 -2.700000e+01 1.604016e+02
      vertex   1.903451e+02 -2.350000e+01 1.604237e+02
      vertex   1.900692e+02 -2.350000e+01 1.604016e+02
    endloop
  endfacet
  facet normal 2.662052e-02 1.555595e-09 9.996456e-01
    outer loop
      vertex   1.900692e+02 -2.700000e+01 1.604016e+02
      vertex   1.900692e+02 -2.350000e+01 1.604016e+02
      vertex   1.897926e+02 -2.700000e+01 1.604090e+02
    endloop
  endfacet
  facet normal 2.662052e-02 1.555595e-09 9.996456e-01
    outer loop
      vertex   1.897926e+02 -2.700000e+01 1.604090e+02
      vertex   1.900692e+02 -2.350000e+01 1.604016e+02
      vertex   1.897926e+02 -2.350000e+01 1.604090e+02
    endloop
  endfacet
  facet normal 1.327255e-01 7.755939e-09 9.911528e-01
    outer loop
      vertex   1.897926e+02 -2.700000e+01 1.604090e+02
      vertex   1.897926e+02 -2.350000e+01 1.604090e+02
      vertex   1.895183e+02 -2.700000e+01 1.604457e+02
    endloop
  endfacet
  facet normal 1.327255e-01 7.755939e-09 9.911528e-01
    outer loop
      vertex   1.895183e+02 -2.700000e+01 1.604457e+02
      vertex   1.897926e+02 -2.350000e+01 1.604090e+02
      vertex   1.895183e+02 -2.350000e+01 1.604457e+02
    endloop
  endfacet
  facet normal 2.373267e-01 1.386841e-08 9.714299e-01
    outer loop
      vertex   1.895183e+02 -2.700000e+01 1.604457e+02
      vertex   1.895183e+02 -2.350000e+01 1.604457e+02
      vertex   1.892494e+02 -2.700000e+01 1.605114e+02
    endloop
  endfacet
  facet normal 2.373267e-01 1.386841e-08 9.714299e-01
    outer loop
      vertex   1.892494e+02 -2.700000e+01 1.605114e+02
      vertex   1.895183e+02 -2.350000e+01 1.604457e+02
      vertex   1.892494e+02 -2.350000e+01 1.605114e+02
    endloop
  endfacet
  facet normal 3.392389e-01 1.982374e-08 9.407003e-01
    outer loop
      vertex   1.892494e+02 -2.700000e+01 1.605114e+02
      vertex   1.892494e+02 -2.350000e+01 1.605114e+02
      vertex   1.889891e+02 -2.700000e+01 1.606053e+02
    endloop
  endfacet
  facet normal 3.392389e-01 1.982374e-08 9.407003e-01
    outer loop
      vertex   1.889891e+02 -2.700000e+01 1.606053e+02
      vertex   1.892494e+02 -2.350000e+01 1.605114e+02
      vertex   1.889891e+02 -2.350000e+01 1.606053e+02
    endloop
  endfacet
  facet normal 4.373073e-01 2.555446e-08 8.993121e-01
    outer loop
      vertex   1.889891e+02 -2.700000e+01 1.606053e+02
      vertex   1.889891e+02 -2.350000e+01 1.606053e+02
      vertex   1.887402e+02 -2.700000e+01 1.607263e+02
    endloop
  endfacet
  facet normal 4.373073e-01 2.555446e-08 8.993121e-01
    outer loop
      vertex   1.887402e+02 -2.700000e+01 1.607263e+02
      vertex   1.889891e+02 -2.350000e+01 1.606053e+02
      vertex   1.887402e+02 -2.350000e+01 1.607263e+02
    endloop
  endfacet
  facet normal 5.304209e-01 3.099564e-08 8.477344e-01
    outer loop
      vertex   1.887402e+02 -2.700000e+01 1.607263e+02
      vertex   1.887402e+02 -2.350000e+01 1.607263e+02
      vertex   1.885056e+02 -2.700000e+01 1.608731e+02
    endloop
  endfacet
  facet normal 5.304209e-01 3.099564e-08 8.477344e-01
    outer loop
      vertex   1.885056e+02 -2.700000e+01 1.608731e+02
      vertex   1.887402e+02 -2.350000e+01 1.607263e+02
      vertex   1.885056e+02 -2.350000e+01 1.608731e+02
    endloop
  endfacet
  facet normal 6.175246e-01 3.608562e-08 7.865516e-01
    outer loop
      vertex   1.885056e+02 -2.700000e+01 1.608731e+02
      vertex   1.885056e+02 -2.350000e+01 1.608731e+02
      vertex   1.882879e+02 -2.700000e+01 1.610440e+02
    endloop
  endfacet
  facet normal 6.175246e-01 3.608562e-08 7.865516e-01
    outer loop
      vertex   1.882879e+02 -2.700000e+01 1.610440e+02
      vertex   1.885056e+02 -2.350000e+01 1.608731e+02
      vertex   1.882879e+02 -2.350000e+01 1.610440e+02
    endloop
  endfacet
  facet normal 6.976315e-01 4.076675e-08 7.164567e-01
    outer loop
      vertex   1.882879e+02 -2.700000e+01 1.610440e+02
      vertex   1.882879e+02 -2.350000e+01 1.610440e+02
      vertex   1.880896e+02 -2.700000e+01 1.612371e+02
    endloop
  endfacet
  facet normal 6.976315e-01 4.076675e-08 7.164567e-01
    outer loop
      vertex   1.880896e+02 -2.700000e+01 1.612371e+02
      vertex   1.882879e+02 -2.350000e+01 1.610440e+02
      vertex   1.880896e+02 -2.350000e+01 1.612371e+02
    endloop
  endfacet
  facet normal 7.698340e-01 4.498596e-08 6.382442e-01
    outer loop
      vertex   1.880896e+02 -2.700000e+01 1.612371e+02
      vertex   1.880896e+02 -2.350000e+01 1.612371e+02
      vertex   1.879130e+02 -2.700000e+01 1.614501e+02
    endloop
  endfacet
  facet normal 7.698340e-01 4.498596e-08 6.382442e-01
    outer loop
      vertex   1.879130e+02 -2.700000e+01 1.614501e+02
      vertex   1.880896e+02 -2.350000e+01 1.612371e+02
      vertex   1.879130e+02 -2.350000e+01 1.614501e+02
    endloop
  endfacet
  facet normal 8.333139e-01 4.869547e-08 5.528001e-01
    outer loop
      vertex   1.879130e+02 -2.700000e+01 1.614501e+02
      vertex   1.879130e+02 -2.350000e+01 1.614501e+02
      vertex   1.877600e+02 -2.700000e+01 1.616807e+02
    endloop
  endfacet
  facet normal 8.333139e-01 4.869547e-08 5.528001e-01
    outer loop
      vertex   1.877600e+02 -2.700000e+01 1.616807e+02
      vertex   1.879130e+02 -2.350000e+01 1.614501e+02
      vertex   1.877600e+02 -2.350000e+01 1.616807e+02
    endloop
  endfacet
  facet normal 8.873521e-01 5.185324e-08 4.610925e-01
    outer loop
      vertex   1.877600e+02 -2.700000e+01 1.616807e+02
      vertex   1.877600e+02 -2.350000e+01 1.616807e+02
      vertex   1.876324e+02 -2.700000e+01 1.619263e+02
    endloop
  endfacet
  facet normal 8.873521e-01 5.185324e-08 4.610925e-01
    outer loop
      vertex   1.876324e+02 -2.700000e+01 1.619263e+02
      vertex   1.877600e+02 -2.350000e+01 1.616807e+02
      vertex   1.876324e+02 -2.350000e+01 1.619263e+02
    endloop
  endfacet
  facet normal 9.313362e-01 5.442349e-08 3.641606e-01
    outer loop
      vertex   1.876324e+02 -2.700000e+01 1.619263e+02
      vertex   1.876324e+02 -2.350000e+01 1.619263e+02
      vertex   1.875316e+02 -2.700000e+01 1.621841e+02
    endloop
  endfacet
  facet normal 9.313362e-01 5.442349e-08 3.641606e-01
    outer loop
      vertex   1.875316e+02 -2.700000e+01 1.621841e+02
      vertex   1.876324e+02 -2.350000e+01 1.619263e+02
      vertex   1.875316e+02 -2.350000e+01 1.621841e+02
    endloop
  endfacet
  facet normal 9.647679e-01 5.637711e-08 2.631026e-01
    outer loop
      vertex   1.875316e+02 -2.700000e+01 1.621841e+02
      vertex   1.875316e+02 -2.350000e+01 1.621841e+02
      vertex   1.874588e+02 -2.700000e+01 1.624511e+02
    endloop
  endfacet
  facet normal 9.647679e-01 5.637711e-08 2.631026e-01
    outer loop
      vertex   1.874588e+02 -2.700000e+01 1.624511e+02
      vertex   1.875316e+02 -2.350000e+01 1.621841e+02
      vertex   1.874588e+02 -2.350000e+01 1.624511e+02
    endloop
  endfacet
  facet normal 9.872684e-01 5.769194e-08 1.590635e-01
    outer loop
      vertex   1.874588e+02 -2.700000e+01 1.624511e+02
      vertex   1.874588e+02 -2.350000e+01 1.624511e+02
      vertex   1.874147e+02 -2.700000e+01 1.627243e+02
    endloop
  endfacet
  facet normal 9.872684e-01 5.769194e-08 1.590635e-01
    outer loop
      vertex   1.874147e+02 -2.700000e+01 1.627243e+02
      vertex   1.874588e+02 -2.350000e+01 1.624511e+02
      vertex   1.874147e+02 -2.350000e+01 1.627243e+02
    endloop
  endfacet
  facet normal 9.985827e-01 5.835311e-08 -5.322217e-02
    outer loop
      vertex   1.874147e+02 -2.000000e+01 1.632770e+02
      vertex   1.874147e+02 -2.350000e+01 1.632770e+02
      vertex   1.874000e+02 -2.000000e+01 1.630007e+02
    endloop
  endfacet
  facet normal 9.985827e-01 5.835311e-08 -5.322217e-02
    outer loop
      vertex   1.874000e+02 -2.000000e+01 1.630007e+02
      vertex   1.874147e+02 -2.350000e+01 1.632770e+02
      vertex   1.874000e+02 -2.350000e+01 1.630007e+02
    endloop
  endfacet
  facet normal 9.985827e-01 5.835311e-08 5.322217e-02
    outer loop
      vertex   1.874000e+02 -2.000000e+01 1.630007e+02
      vertex   1.874000e+02 -2.350000e+01 1.630007e+02
      vertex   1.874147e+02 -2.000000e+01 1.627243e+02
    endloop
  endfacet
  facet normal 9.985827e-01 5.835311e-08 5.322217e-02
    outer loop
      vertex   1.874147e+02 -2.000000e+01 1.627243e+02
      vertex   1.874000e+02 -2.350000e+01 1.630007e+02
      vertex   1.874147e+02 -2.350000e+01 1.627243e+02
    endloop
  endfacet
  facet normal 9.872684e-01 5.769194e-08 1.590635e-01
    outer loop
      vertex   1.874147e+02 -2.000000e+01 1.627243e+02
      vertex   1.874147e+02 -2.350000e+01 1.627243e+02
      vertex   1.874588e+02 -2.000000e+01 1.624511e+02
    endloop
  endfacet
  facet normal 9.872684e-01 5.769194e-08 1.590635e-01
    outer loop
      vertex   1.874588e+02 -2.000000e+01 1.624511e+02
      vertex   1.874147e+02 -2.350000e+01 1.627243e+02
      vertex   1.874588e+02 -2.350000e+01 1.624511e+02
    endloop
  endfacet
  facet normal 9.647679e-01 5.637711e-08 2.631026e-01
    outer loop
      vertex   1.874588e+02 -2.000000e+01 1.624511e+02
      vertex   1.874588e+02 -2.350000e+01 1.624511e+02
      vertex   1.875316e+02 -2.000000e+01 1.621841e+02
    endloop
  endfacet
  facet normal 9.647679e-01 5.637711e-08 2.631026e-01
    outer loop
      vertex   1.875316e+02 -2.000000e+01 1.621841e+02
      vertex   1.874588e+02 -2.350000e+01 1.624511e+02
      vertex   1.875316e+02 -2.350000e+01 1.621841e+02
    endloop
  endfacet
  facet normal 9.313362e-01 5.442349e-08 3.641606e-01
    outer loop
      vertex   1.875316e+02 -2.000000e+01 1.621841e+02
      vertex   1.875316e+02 -2.350000e+01 1.621841e+02
      vertex   1.876324e+02 -2.000000e+01 1.619263e+02
    endloop
  endfacet
  facet normal 9.313362e-01 5.442349e-08 3.641606e-01
    outer loop
      vertex   1.876324e+02 -2.000000e+01 1.619263e+02
      vertex   1.875316e+02 -2.350000e+01 1.621841e+02
      vertex   1.876324e+02 -2.350000e+01 1.619263e+02
    endloop
  endfacet
  facet normal 8.873521e-01 5.185324e-08 4.610925e-01
    outer loop
      vertex   1.876324e+02 -2.000000e+01 1.619263e+02
      vertex   1.876324e+02 -2.350000e+01 1.619263e+02
      vertex   1.877600e+02 -2.000000e+01 1.616807e+02
    endloop
  endfacet
  facet normal 8.873521e-01 5.185324e-08 4.610925e-01
    outer loop
      vertex   1.877600e+02 -2.000000e+01 1.616807e+02
      vertex   1.876324e+02 -2.350000e+01 1.619263e+02
      vertex   1.877600e+02 -2.350000e+01 1.616807e+02
    endloop
  endfacet
  facet normal 8.333139e-01 4.869547e-08 5.528001e-01
    outer loop
      vertex   1.877600e+02 -2.000000e+01 1.616807e+02
      vertex   1.877600e+02 -2.350000e+01 1.616807e+02
      vertex   1.879130e+02 -2.000000e+01 1.614501e+02
    endloop
  endfacet
  facet normal 8.333139e-01 4.869547e-08 5.528001e-01
    outer loop
      vertex   1.879130e+02 -2.000000e+01 1.614501e+02
      vertex   1.877600e+02 -2.350000e+01 1.616807e+02
      vertex   1.879130e+02 -2.350000e+01 1.614501e+02
    endloop
  endfacet
  facet normal 7.698340e-01 4.498596e-08 6.382442e-01
    outer loop
      vertex   1.879130e+02 -2.000000e+01 1.614501e+02
      vertex   1.879130e+02 -2.350000e+01 1.614501e+02
      vertex   1.880896e+02 -2.000000e+01 1.612371e+02
    endloop
  endfacet
  facet normal 7.698340e-01 4.498596e-08 6.382442e-01
    outer loop
      vertex   1.880896e+02 -2.000000e+01 1.612371e+02
      vertex   1.879130e+02 -2.350000e+01 1.614501e+02
      vertex   1.880896e+02 -2.350000e+01 1.612371e+02
    endloop
  endfacet
  facet normal 6.976315e-01 4.076675e-08 7.164567e-01
    outer loop
      vertex   1.880896e+02 -2.000000e+01 1.612371e+02
      vertex   1.880896e+02 -2.350000e+01 1.612371e+02
      vertex   1.882879e+02 -2.000000e+01 1.610440e+02
    endloop
  endfacet
  facet normal 6.976315e-01 4.076675e-08 7.164567e-01
    outer loop
      vertex   1.882879e+02 -2.000000e+01 1.610440e+02
      vertex   1.880896e+02 -2.350000e+01 1.612371e+02
      vertex   1.882879e+02 -2.350000e+01 1.610440e+02
    endloop
  endfacet
  facet normal 6.175246e-01 3.608562e-08 7.865516e-01
    outer loop
      vertex   1.882879e+02 -2.000000e+01 1.610440e+02
      vertex   1.882879e+02 -2.350000e+01 1.610440e+02
      vertex   1.885056e+02 -2.000000e+01 1.608731e+02
    endloop
  endfacet
  facet normal 6.175246e-01 3.608562e-08 7.865516e-01
    outer loop
      vertex   1.885056e+02 -2.000000e+01 1.608731e+02
      vertex   1.882879e+02 -2.350000e+01 1.610440e+02
      vertex   1.885056e+02 -2.350000e+01 1.608731e+02
    endloop
  endfacet
  facet normal 5.304209e-01 3.099564e-08 8.477344e-01
    outer loop
      vertex   1.885056e+02 -2.000000e+01 1.608731e+02
      vertex   1.885056e+02 -2.350000e+01 1.608731e+02
      vertex   1.887402e+02 -2.000000e+01 1.607263e+02
    endloop
  endfacet
  facet normal 5.304209e-01 3.099564e-08 8.477344e-01
    outer loop
      vertex   1.887402e+02 -2.000000e+01 1.607263e+02
      vertex   1.885056e+02 -2.350000e+01 1.608731e+02
      vertex   1.887402e+02 -2.350000e+01 1.607263e+02
    endloop
  endfacet
  facet normal 4.373073e-01 2.555446e-08 8.993121e-01
    outer loop
      vertex   1.887402e+02 -2.000000e+01 1.607263e+02
      vertex   1.887402e+02 -2.350000e+01 1.607263e+02
      vertex   1.889891e+02 -2.000000e+01 1.606053e+02
    endloop
  endfacet
  facet normal 4.373073e-01 2.555446e-08 8.993121e-01
    outer loop
      vertex   1.889891e+02 -2.000000e+01 1.606053e+02
      vertex   1.887402e+02 -2.350000e+01 1.607263e+02
      vertex   1.889891e+02 -2.350000e+01 1.606053e+02
    endloop
  endfacet
  facet normal 3.392389e-01 1.982374e-08 9.407003e-01
    outer loop
      vertex   1.889891e+02 -2.000000e+01 1.606053e+02
      vertex   1.889891e+02 -2.350000e+01 1.606053e+02
      vertex   1.892494e+02 -2.000000e+01 1.605114e+02
    endloop
  endfacet
  facet normal 3.392389e-01 1.982374e-08 9.407003e-01
    outer loop
      vertex   1.892494e+02 -2.000000e+01 1.605114e+02
      vertex   1.889891e+02 -2.350000e+01 1.606053e+02
      vertex   1.892494e+02 -2.350000e+01 1.605114e+02
    endloop
  endfacet
  facet normal 2.373267e-01 1.386841e-08 9.714299e-01
    outer loop
      vertex   1.892494e+02 -2.000000e+01 1.605114e+02
      vertex   1.892494e+02 -2.350000e+01 1.605114e+02
      vertex   1.895183e+02 -2.000000e+01 1.604457e+02
    endloop
  endfacet
  facet normal 2.373267e-01 1.386841e-08 9.714299e-01
    outer loop
      vertex   1.895183e+02 -2.000000e+01 1.604457e+02
      vertex   1.892494e+02 -2.350000e+01 1.605114e+02
      vertex   1.895183e+02 -2.350000e+01 1.604457e+02
    endloop
  endfacet
  facet normal 1.327255e-01 7.755939e-09 9.911528e-01
    outer loop
      vertex   1.895183e+02 -2.000000e+01 1.604457e+02
      vertex   1.895183e+02 -2.350000e+01 1.604457e+02
      vertex   1.897926e+02 -2.000000e+01 1.604090e+02
    endloop
  endfacet
  facet normal 1.327255e-01 7.755939e-09 9.911528e-01
    outer loop
      vertex   1.897926e+02 -2.000000e+01 1.604090e+02
      vertex   1.895183e+02 -2.350000e+01 1.604457e+02
      vertex   1.897926e+02 -2.350000e+01 1.604090e+02
    endloop
  endfacet
  facet normal 2.662052e-02 1.555595e-09 9.996456e-01
    outer loop
      vertex   1.897926e+02 -2.000000e+01 1.604090e+02
      vertex   1.897926e+02 -2.350000e+01 1.604090e+02
      vertex   1.900692e+02 -2.000000e+01 1.604016e+02
    endloop
  endfacet
  facet normal 2.662052e-02 1.555595e-09 9.996456e-01
    outer loop
      vertex   1.900692e+02 -2.000000e+01 1.604016e+02
      vertex   1.897926e+02 -2.350000e+01 1.604090e+02
      vertex   1.900692e+02 -2.350000e+01 1.604016e+02
    endloop
  endfacet
  facet normal -7.978611e-02 -4.662375e-09 9.968120e-01
    outer loop
      vertex   1.900692e+02 -2.000000e+01 1.604016e+02
      vertex   1.900692e+02 -2.350000e+01 1.604016e+02
      vertex   1.903451e+02 -2.000000e+01 1.604237e+02
    endloop
  endfacet
  facet normal -7.978611e-02 -4.662375e-09 9.968120e-01
    outer loop
      vertex   1.903451e+02 -2.000000e+01 1.604237e+02
      vertex   1.900692e+02 -2.350000e+01 1.604016e+02
      vertex   1.903451e+02 -2.350000e+01 1.604237e+02
    endloop
  endfacet
  facet normal -1.852887e-01 -1.082752e-08 9.826841e-01
    outer loop
      vertex   1.903451e+02 -2.000000e+01 1.604237e+02
      vertex   1.903451e+02 -2.350000e+01 1.604237e+02
      vertex   1.906171e+02 -2.000000e+01 1.604749e+02
    endloop
  endfacet
  facet normal -1.852887e-01 -1.082752e-08 9.826841e-01
    outer loop
      vertex   1.906171e+02 -2.000000e+01 1.604749e+02
      vertex   1.903451e+02 -2.350000e+01 1.604237e+02
      vertex   1.906171e+02 -2.350000e+01 1.604749e+02
    endloop
  endfacet
  facet normal -2.886919e-01 -1.686998e-08 9.574220e-01
    outer loop
      vertex   1.906171e+02 -2.000000e+01 1.604749e+02
      vertex   1.906171e+02 -2.350000e+01 1.604749e+02
      vertex   1.908820e+02 -2.000000e+01 1.605548e+02
    endloop
  endfacet
  facet normal -2.886919e-01 -1.686998e-08 9.574220e-01
    outer loop
      vertex   1.908820e+02 -2.000000e+01 1.605548e+02
      vertex   1.906171e+02 -2.350000e+01 1.604749e+02
      vertex   1.908820e+02 -2.350000e+01 1.605548e+02
    endloop
  endfacet
  facet normal -3.888242e-01 -2.272130e-08 9.213120e-01
    outer loop
      vertex   1.908820e+02 -2.000000e+01 1.605548e+02
      vertex   1.908820e+02 -2.350000e+01 1.605548e+02
      vertex   1.911370e+02 -2.000000e+01 1.606625e+02
    endloop
  endfacet
  facet normal -3.888242e-01 -2.272130e-08 9.213120e-01
    outer loop
      vertex   1.911370e+02 -2.000000e+01 1.606625e+02
      vertex   1.908820e+02 -2.350000e+01 1.605548e+02
      vertex   1.911370e+02 -2.350000e+01 1.606625e+02
    endloop
  endfacet
  facet normal -4.845509e-01 -2.831518e-08 8.747631e-01
    outer loop
      vertex   1.911370e+02 -2.000000e+01 1.606625e+02
      vertex   1.911370e+02 -2.350000e+01 1.606625e+02
      vertex   1.913791e+02 -2.000000e+01 1.607966e+02
    endloop
  endfacet
  facet normal -4.845509e-01 -2.831518e-08 8.747631e-01
    outer loop
      vertex   1.913791e+02 -2.000000e+01 1.607966e+02
      vertex   1.911370e+02 -2.350000e+01 1.606625e+02
      vertex   1.913791e+02 -2.350000e+01 1.607966e+02
    endloop
  endfacet
  facet normal -5.747874e-01 -3.358824e-08 8.183028e-01
    outer loop
      vertex   1.913791e+02 -2.000000e+01 1.607966e+02
      vertex   1.913791e+02 -2.350000e+01 1.607966e+02
      vertex   1.916056e+02 -2.000000e+01 1.609556e+02
    endloop
  endfacet
  facet normal -5.747874e-01 -3.358824e-08 8.183028e-01
    outer loop
      vertex   1.916056e+02 -2.000000e+01 1.609556e+02
      vertex   1.913791e+02 -2.350000e+01 1.607966e+02
      vertex   1.916056e+02 -2.350000e+01 1.609556e+02
    endloop
  endfacet
  facet normal -6.585114e-01 -3.848072e-08 7.525708e-01
    outer loop
      vertex   1.916056e+02 -2.000000e+01 1.609556e+02
      vertex   1.916056e+02 -2.350000e+01 1.609556e+02
      vertex   1.918138e+02 -2.000000e+01 1.611379e+02
    endloop
  endfacet
  facet normal -6.585114e-01 -3.848072e-08 7.525708e-01
    outer loop
      vertex   1.918138e+02 -2.000000e+01 1.611379e+02
      vertex   1.916056e+02 -2.350000e+01 1.609556e+02
      vertex   1.918138e+02 -2.350000e+01 1.611379e+02
    endloop
  endfacet
  facet normal -7.347742e-01 -4.293721e-08 6.783118e-01
    outer loop
      vertex   1.918138e+02 -2.000000e+01 1.611379e+02
      vertex   1.918138e+02 -2.350000e+01 1.611379e+02
      vertex   1.920016e+02 -2.000000e+01 1.613412e+02
    endloop
  endfacet
  facet normal -7.347742e-01 -4.293721e-08 6.783118e-01
    outer loop
      vertex   1.920016e+02 -2.000000e+01 1.613412e+02
      vertex   1.918138e+02 -2.350000e+01 1.611379e+02
      vertex   1.920016e+02 -2.350000e+01 1.613412e+02
    endloop
  endfacet
  facet normal -8.027116e-01 -4.690720e-08 5.963674e-01
    outer loop
      vertex   1.920016e+02 -2.000000e+01 1.613412e+02
      vertex   1.920016e+02 -2.350000e+01 1.613412e+02
      vertex   1.921666e+02 -2.000000e+01 1.615634e+02
    endloop
  endfacet
  facet normal -8.027116e-01 -4.690720e-08 5.963674e-01
    outer loop
      vertex   1.921666e+02 -2.000000e+01 1.615634e+02
      vertex   1.920016e+02 -2.350000e+01 1.613412e+02
      vertex   1.921666e+02 -2.350000e+01 1.615634e+02
    endloop
  endfacet
  facet normal -8.615541e-01 -5.034571e-08 5.076658e-01
    outer loop
      vertex   1.921666e+02 -2.000000e+01 1.615634e+02
      vertex   1.921666e+02 -2.350000e+01 1.615634e+02
      vertex   1.923071e+02 -2.000000e+01 1.618018e+02
    endloop
  endfacet
  facet normal -8.615541e-01 -5.034571e-08 5.076658e-01
    outer loop
      vertex   1.923071e+02 -2.000000e+01 1.618018e+02
      vertex   1.921666e+02 -2.350000e+01 1.615634e+02
      vertex   1.923071e+02 -2.350000e+01 1.618018e+02
    endloop
  endfacet
  facet normal -9.106348e-01 -5.321379e-08 4.132122e-01
    outer loop
      vertex   1.923071e+02 -2.000000e+01 1.618018e+02
      vertex   1.923071e+02 -2.350000e+01 1.618018e+02
      vertex   1.924215e+02 -2.000000e+01 1.620538e+02
    endloop
  endfacet
  facet normal -9.106348e-01 -5.321379e-08 4.132122e-01
    outer loop
      vertex   1.924215e+02 -2.000000e+01 1.620538e+02
      vertex   1.923071e+02 -2.350000e+01 1.618018e+02
      vertex   1.924215e+02 -2.350000e+01 1.620538e+02
    endloop
  endfacet
  facet normal -9.493976e-01 -5.547893e-08 3.140767e-01
    outer loop
      vertex   1.924215e+02 -2.000000e+01 1.620538e+02
      vertex   1.924215e+02 -2.350000e+01 1.620538e+02
      vertex   1.925084e+02 -2.000000e+01 1.623166e+02
    endloop
  endfacet
  facet normal -9.493976e-01 -5.547893e-08 3.140767e-01
    outer loop
      vertex   1.925084e+02 -2.000000e+01 1.623166e+02
      vertex   1.924215e+02 -2.350000e+01 1.620538e+02
      vertex   1.925084e+02 -2.350000e+01 1.623166e+02
    endloop
  endfacet
  facet normal -9.774034e-01 -5.711547e-08 2.113826e-01
    outer loop
      vertex   1.925084e+02 -2.000000e+01 1.623166e+02
      vertex   1.925084e+02 -2.350000e+01 1.623166e+02
      vertex   1.925669e+02 -2.000000e+01 1.625871e+02
    endloop
  endfacet
  facet normal -9.774034e-01 -5.711547e-08 2.113826e-01
    outer loop
      vertex   1.925669e+02 -2.000000e+01 1.625871e+02
      vertex   1.925084e+02 -2.350000e+01 1.623166e+02
      vertex   1.925669e+02 -2.350000e+01 1.625871e+02
    endloop
  endfacet
  facet normal -9.943348e-01 -5.810488e-08 1.062935e-01
    outer loop
      vertex   1.925669e+02 -2.000000e+01 1.625871e+02
      vertex   1.925669e+02 -2.350000e+01 1.625871e+02
      vertex   1.925963e+02 -2.000000e+01 1.628623e+02
    endloop
  endfacet
  facet normal -9.943348e-01 -5.810488e-08 1.062935e-01
    outer loop
      vertex   1.925963e+02 -2.000000e+01 1.628623e+02
      vertex   1.925669e+02 -2.350000e+01 1.625871e+02
      vertex   1.925963e+02 -2.350000e+01 1.628623e+02
    endloop
  endfacet
  facet normal -1.000000e+00 -5.843593e-08 0.000000e+00
    outer loop
      vertex   1.925963e+02 -2.000000e+01 1.628623e+02
      vertex   1.925963e+02 -2.350000e+01 1.628623e+02
      vertex   1.925963e+02 -2.000000e+01 1.631390e+02
    endloop
  endfacet
  facet normal -1.000000e+00 -5.843593e-08 0.000000e+00
    outer loop
      vertex   1.925963e+02 -2.000000e+01 1.631390e+02
      vertex   1.925963e+02 -2.350000e+01 1.628623e+02
      vertex   1.925963e+02 -2.350000e+01 1.631390e+02
    endloop
  endfacet
  facet normal -9.943348e-01 -5.810488e-08 -1.062935e-01
    outer loop
      vertex   1.925963e+02 -2.000000e+01 1.631390e+02
      vertex   1.925963e+02 -2.350000e+01 1.631390e+02
      vertex   1.925669e+02 -2.000000e+01 1.634142e+02
    endloop
  endfacet
  facet normal -9.943348e-01 -5.810488e-08 -1.062935e-01
    outer loop
      vertex   1.925669e+02 -2.000000e+01 1.634142e+02
      vertex   1.925963e+02 -2.350000e+01 1.631390e+02
      vertex   1.925669e+02 -2.350000e+01 1.634142e+02
    endloop
  endfacet
  facet normal -9.774034e-01 -5.711547e-08 -2.113826e-01
    outer loop
      vertex   1.925669e+02 -2.000000e+01 1.634142e+02
      vertex   1.925669e+02 -2.350000e+01 1.634142e+02
      vertex   1.925084e+02 -2.000000e+01 1.636847e+02
    endloop
  endfacet
  facet normal -9.774034e-01 -5.711547e-08 -2.113826e-01
    outer loop
      vertex   1.925084e+02 -2.000000e+01 1.636847e+02
      vertex   1.925669e+02 -2.350000e+01 1.634142e+02
      vertex   1.925084e+02 -2.350000e+01 1.636847e+02
    endloop
  endfacet
  facet normal -9.493976e-01 -5.547893e-08 -3.140767e-01
    outer loop
      vertex   1.925084e+02 -2.000000e+01 1.636847e+02
      vertex   1.925084e+02 -2.350000e+01 1.636847e+02
      vertex   1.924215e+02 -2.000000e+01 1.639475e+02
    endloop
  endfacet
  facet normal -9.493976e-01 -5.547893e-08 -3.140767e-01
    outer loop
      vertex   1.924215e+02 -2.000000e+01 1.639475e+02
      vertex   1.925084e+02 -2.350000e+01 1.636847e+02
      vertex   1.924215e+02 -2.350000e+01 1.639475e+02
    endloop
  endfacet
  facet normal -9.106348e-01 -5.321379e-08 -4.132122e-01
    outer loop
      vertex   1.924215e+02 -2.000000e+01 1.639475e+02
      vertex   1.924215e+02 -2.350000e+01 1.639475e+02
      vertex   1.923071e+02 -2.000000e+01 1.641995e+02
    endloop
  endfacet
  facet normal -9.106348e-01 -5.321379e-08 -4.132122e-01
    outer loop
      vertex   1.923071e+02 -2.000000e+01 1.641995e+02
      vertex   1.924215e+02 -2.350000e+01 1.639475e+02
      vertex   1.923071e+02 -2.350000e+01 1.641995e+02
    endloop
  endfacet
  facet normal -8.615541e-01 -5.034571e-08 -5.076658e-01
    outer loop
      vertex   1.923071e+02 -2.000000e+01 1.641995e+02
      vertex   1.923071e+02 -2.350000e+01 1.641995e+02
      vertex   1.921666e+02 -2.000000e+01 1.644379e+02
    endloop
  endfacet
  facet normal -8.615541e-01 -5.034571e-08 -5.076658e-01
    outer loop
      vertex   1.921666e+02 -2.000000e+01 1.644379e+02
      vertex   1.923071e+02 -2.350000e+01 1.641995e+02
      vertex   1.921666e+02 -2.350000e+01 1.644379e+02
    endloop
  endfacet
  facet normal -8.027116e-01 -4.690720e-08 -5.963674e-01
    outer loop
      vertex   1.921666e+02 -2.000000e+01 1.644379e+02
      vertex   1.921666e+02 -2.350000e+01 1.644379e+02
      vertex   1.920016e+02 -2.000000e+01 1.646601e+02
    endloop
  endfacet
  facet normal -8.027116e-01 -4.690720e-08 -5.963674e-01
    outer loop
      vertex   1.920016e+02 -2.000000e+01 1.646601e+02
      vertex   1.921666e+02 -2.350000e+01 1.644379e+02
      vertex   1.920016e+02 -2.350000e+01 1.646601e+02
    endloop
  endfacet
  facet normal -7.347742e-01 -4.293721e-08 -6.783118e-01
    outer loop
      vertex   1.920016e+02 -2.000000e+01 1.646601e+02
      vertex   1.920016e+02 -2.350000e+01 1.646601e+02
      vertex   1.918138e+02 -2.000000e+01 1.648635e+02
    endloop
  endfacet
  facet normal -7.347742e-01 -4.293721e-08 -6.783118e-01
    outer loop
      vertex   1.918138e+02 -2.000000e+01 1.648635e+02
      vertex   1.920016e+02 -2.350000e+01 1.646601e+02
      vertex   1.918138e+02 -2.350000e+01 1.648635e+02
    endloop
  endfacet
  facet normal -6.585114e-01 -3.848072e-08 -7.525708e-01
    outer loop
      vertex   1.918138e+02 -2.000000e+01 1.648635e+02
      vertex   1.918138e+02 -2.350000e+01 1.648635e+02
      vertex   1.916056e+02 -2.000000e+01 1.650457e+02
    endloop
  endfacet
  facet normal -6.585114e-01 -3.848072e-08 -7.525708e-01
    outer loop
      vertex   1.916056e+02 -2.000000e+01 1.650457e+02
      vertex   1.918138e+02 -2.350000e+01 1.648635e+02
      vertex   1.916056e+02 -2.350000e+01 1.650457e+02
    endloop
  endfacet
  facet normal -5.747874e-01 -3.358824e-08 -8.183028e-01
    outer loop
      vertex   1.916056e+02 -2.000000e+01 1.650457e+02
      vertex   1.916056e+02 -2.350000e+01 1.650457e+02
      vertex   1.913791e+02 -2.000000e+01 1.652048e+02
    endloop
  endfacet
  facet normal -5.747874e-01 -3.358824e-08 -8.183028e-01
    outer loop
      vertex   1.913791e+02 -2.000000e+01 1.652048e+02
      vertex   1.916056e+02 -2.350000e+01 1.650457e+02
      vertex   1.913791e+02 -2.350000e+01 1.652048e+02
    endloop
  endfacet
  facet normal -4.845509e-01 -2.831518e-08 -8.747631e-01
    outer loop
      vertex   1.913791e+02 -2.000000e+01 1.652048e+02
      vertex   1.913791e+02 -2.350000e+01 1.652048e+02
      vertex   1.911370e+02 -2.000000e+01 1.653389e+02
    endloop
  endfacet
  facet normal -4.845509e-01 -2.831518e-08 -8.747631e-01
    outer loop
      vertex   1.911370e+02 -2.000000e+01 1.653389e+02
      vertex   1.913791e+02 -2.350000e+01 1.652048e+02
      vertex   1.911370e+02 -2.350000e+01 1.653389e+02
    endloop
  endfacet
  facet normal -3.888242e-01 -2.272130e-08 -9.213120e-01
    outer loop
      vertex   1.911370e+02 -2.000000e+01 1.653389e+02
      vertex   1.911370e+02 -2.350000e+01 1.653389e+02
      vertex   1.908820e+02 -2.000000e+01 1.654465e+02
    endloop
  endfacet
  facet normal -3.888242e-01 -2.272130e-08 -9.213120e-01
    outer loop
      vertex   1.908820e+02 -2.000000e+01 1.654465e+02
      vertex   1.911370e+02 -2.350000e+01 1.653389e+02
      vertex   1.908820e+02 -2.350000e+01 1.654465e+02
    endloop
  endfacet
  facet normal -2.886919e-01 -1.686998e-08 -9.574220e-01
    outer loop
      vertex   1.908820e+02 -2.000000e+01 1.654465e+02
      vertex   1.908820e+02 -2.350000e+01 1.654465e+02
      vertex   1.906171e+02 -2.000000e+01 1.655264e+02
    endloop
  endfacet
  facet normal -2.886919e-01 -1.686998e-08 -9.574220e-01
    outer loop
      vertex   1.906171e+02 -2.000000e+01 1.655264e+02
      vertex   1.908820e+02 -2.350000e+01 1.654465e+02
      vertex   1.906171e+02 -2.350000e+01 1.655264e+02
    endloop
  endfacet
  facet normal -1.852887e-01 -1.082752e-08 -9.826841e-01
    outer loop
      vertex   1.906171e+02 -2.000000e+01 1.655264e+02
      vertex   1.906171e+02 -2.350000e+01 1.655264e+02
      vertex   1.903451e+02 -2.000000e+01 1.655777e+02
    endloop
  endfacet
  facet normal -1.852887e-01 -1.082752e-08 -9.826841e-01
    outer loop
      vertex   1.903451e+02 -2.000000e+01 1.655777e+02
      vertex   1.906171e+02 -2.350000e+01 1.655264e+02
      vertex   1.903451e+02 -2.350000e+01 1.655777e+02
    endloop
  endfacet
  facet normal -7.978611e-02 -4.662375e-09 -9.968120e-01
    outer loop
      vertex   1.903451e+02 -2.000000e+01 1.655777e+02
      vertex   1.903451e+02 -2.350000e+01 1.655777e+02
      vertex   1.900692e+02 -2.000000e+01 1.655997e+02
    endloop
  endfacet
  facet normal -7.978611e-02 -4.662375e-09 -9.968120e-01
    outer loop
      vertex   1.900692e+02 -2.000000e+01 1.655997e+02
      vertex   1.903451e+02 -2.350000e+01 1.655777e+02
      vertex   1.900692e+02 -2.350000e+01 1.655997e+02
    endloop
  endfacet
  facet normal 2.662052e-02 1.555595e-09 -9.996456e-01
    outer loop
      vertex   1.900692e+02 -2.000000e+01 1.655997e+02
      vertex   1.900692e+02 -2.350000e+01 1.655997e+02
      vertex   1.897926e+02 -2.000000e+01 1.655924e+02
    endloop
  endfacet
  facet normal 2.662052e-02 1.555595e-09 -9.996456e-01
    outer loop
      vertex   1.897926e+02 -2.000000e+01 1.655924e+02
      vertex   1.900692e+02 -2.350000e+01 1.655997e+02
      vertex   1.897926e+02 -2.350000e+01 1.655924e+02
    endloop
  endfacet
  facet normal 1.327255e-01 7.755939e-09 -9.911528e-01
    outer loop
      vertex   1.897926e+02 -2.000000e+01 1.655924e+02
      vertex   1.897926e+02 -2.350000e+01 1.655924e+02
      vertex   1.895183e+02 -2.000000e+01 1.655556e+02
    endloop
  endfacet
  facet normal 1.327255e-01 7.755939e-09 -9.911528e-01
    outer loop
      vertex   1.895183e+02 -2.000000e+01 1.655556e+02
      vertex   1.897926e+02 -2.350000e+01 1.655924e+02
      vertex   1.895183e+02 -2.350000e+01 1.655556e+02
    endloop
  endfacet
  facet normal 2.373267e-01 1.386841e-08 -9.714299e-01
    outer loop
      vertex   1.895183e+02 -2.000000e+01 1.655556e+02
      vertex   1.895183e+02 -2.350000e+01 1.655556e+02
      vertex   1.892494e+02 -2.000000e+01 1.654900e+02
    endloop
  endfacet
  facet normal 2.373267e-01 1.386841e-08 -9.714299e-01
    outer loop
      vertex   1.892494e+02 -2.000000e+01 1.654900e+02
      vertex   1.895183e+02 -2.350000e+01 1.655556e+02
      vertex   1.892494e+02 -2.350000e+01 1.654900e+02
    endloop
  endfacet
  facet normal 3.392389e-01 1.982374e-08 -9.407003e-01
    outer loop
      vertex   1.892494e+02 -2.000000e+01 1.654900e+02
      vertex   1.892494e+02 -2.350000e+01 1.654900e+02
      vertex   1.889891e+02 -2.000000e+01 1.653961e+02
    endloop
  endfacet
  facet normal 3.392389e-01 1.982374e-08 -9.407003e-01
    outer loop
      vertex   1.889891e+02 -2.000000e+01 1.653961e+02
      vertex   1.892494e+02 -2.350000e+01 1.654900e+02
      vertex   1.889891e+02 -2.350000e+01 1.653961e+02
    endloop
  endfacet
  facet normal 4.373073e-01 2.555446e-08 -8.993121e-01
    outer loop
      vertex   1.889891e+02 -2.000000e+01 1.653961e+02
      vertex   1.889891e+02 -2.350000e+01 1.653961e+02
      vertex   1.887402e+02 -2.000000e+01 1.652750e+02
    endloop
  endfacet
  facet normal 4.373073e-01 2.555446e-08 -8.993121e-01
    outer loop
      vertex   1.887402e+02 -2.000000e+01 1.652750e+02
      vertex   1.889891e+02 -2.350000e+01 1.653961e+02
      vertex   1.887402e+02 -2.350000e+01 1.652750e+02
    endloop
  endfacet
  facet normal 5.304209e-01 3.099564e-08 -8.477344e-01
    outer loop
      vertex   1.887402e+02 -2.000000e+01 1.652750e+02
      vertex   1.887402e+02 -2.350000e+01 1.652750e+02
      vertex   1.885056e+02 -2.000000e+01 1.651283e+02
    endloop
  endfacet
  facet normal 5.304209e-01 3.099564e-08 -8.477344e-01
    outer loop
      vertex   1.885056e+02 -2.000000e+01 1.651283e+02
      vertex   1.887402e+02 -2.350000e+01 1.652750e+02
      vertex   1.885056e+02 -2.350000e+01 1.651283e+02
    endloop
  endfacet
  facet normal 6.175246e-01 3.608562e-08 -7.865516e-01
    outer loop
      vertex   1.885056e+02 -2.000000e+01 1.651283e+02
      vertex   1.885056e+02 -2.350000e+01 1.651283e+02
      vertex   1.882879e+02 -2.000000e+01 1.649573e+02
    endloop
  endfacet
  facet normal 6.175246e-01 3.608562e-08 -7.865516e-01
    outer loop
      vertex   1.882879e+02 -2.000000e+01 1.649573e+02
      vertex   1.885056e+02 -2.350000e+01 1.651283e+02
      vertex   1.882879e+02 -2.350000e+01 1.649573e+02
    endloop
  endfacet
  facet normal 6.976315e-01 4.076675e-08 -7.164567e-01
    outer loop
      vertex   1.882879e+02 -2.000000e+01 1.649573e+02
      vertex   1.882879e+02 -2.350000e+01 1.649573e+02
      vertex   1.880896e+02 -2.000000e+01 1.647643e+02
    endloop
  endfacet
  facet normal 6.976315e-01 4.076675e-08 -7.164567e-01
    outer loop
      vertex   1.880896e+02 -2.000000e+01 1.647643e+02
      vertex   1.882879e+02 -2.350000e+01 1.649573e+02
      vertex   1.880896e+02 -2.350000e+01 1.647643e+02
    endloop
  endfacet
  facet normal 7.698340e-01 4.498596e-08 -6.382442e-01
    outer loop
      vertex   1.880896e+02 -2.000000e+01 1.647643e+02
      vertex   1.880896e+02 -2.350000e+01 1.647643e+02
      vertex   1.879130e+02 -2.000000e+01 1.645512e+02
    endloop
  endfacet
  facet normal 7.698340e-01 4.498596e-08 -6.382442e-01
    outer loop
      vertex   1.879130e+02 -2.000000e+01 1.645512e+02
      vertex   1.880896e+02 -2.350000e+01 1.647643e+02
      vertex   1.879130e+02 -2.350000e+01 1.645512e+02
    endloop
  endfacet
  facet normal 8.333139e-01 4.869547e-08 -5.528001e-01
    outer loop
      vertex   1.879130e+02 -2.000000e+01 1.645512e+02
      vertex   1.879130e+02 -2.350000e+01 1.645512e+02
      vertex   1.877600e+02 -2.000000e+01 1.643206e+02
    endloop
  endfacet
  facet normal 8.333139e-01 4.869547e-08 -5.528001e-01
    outer loop
      vertex   1.877600e+02 -2.000000e+01 1.643206e+02
      vertex   1.879130e+02 -2.350000e+01 1.645512e+02
      vertex   1.877600e+02 -2.350000e+01 1.643206e+02
    endloop
  endfacet
  facet normal 8.873521e-01 5.185324e-08 -4.610925e-01
    outer loop
      vertex   1.877600e+02 -2.000000e+01 1.643206e+02
      vertex   1.877600e+02 -2.350000e+01 1.643206e+02
      vertex   1.876324e+02 -2.000000e+01 1.640750e+02
    endloop
  endfacet
  facet normal 8.873521e-01 5.185324e-08 -4.610925e-01
    outer loop
      vertex   1.876324e+02 -2.000000e+01 1.640750e+02
      vertex   1.877600e+02 -2.350000e+01 1.643206e+02
      vertex   1.876324e+02 -2.350000e+01 1.640750e+02
    endloop
  endfacet
  facet normal 9.313362e-01 5.442349e-08 -3.641606e-01
    outer loop
      vertex   1.876324e+02 -2.000000e+01 1.640750e+02
      vertex   1.876324e+02 -2.350000e+01 1.640750e+02
      vertex   1.875316e+02 -2.000000e+01 1.638173e+02
    endloop
  endfacet
  facet normal 9.313362e-01 5.442349e-08 -3.641606e-01
    outer loop
      vertex   1.875316e+02 -2.000000e+01 1.638173e+02
      vertex   1.876324e+02 -2.350000e+01 1.640750e+02
      vertex   1.875316e+02 -2.350000e+01 1.638173e+02
    endloop
  endfacet
  facet normal 9.647679e-01 5.637711e-08 -2.631026e-01
    outer loop
      vertex   1.875316e+02 -2.000000e+01 1.638173e+02
      vertex   1.875316e+02 -2.350000e+01 1.638173e+02
      vertex   1.874588e+02 -2.000000e+01 1.635503e+02
    endloop
  endfacet
  facet normal 9.647679e-01 5.637711e-08 -2.631026e-01
    outer loop
      vertex   1.874588e+02 -2.000000e+01 1.635503e+02
      vertex   1.875316e+02 -2.350000e+01 1.638173e+02
      vertex   1.874588e+02 -2.350000e+01 1.635503e+02
    endloop
  endfacet
  facet normal 9.872684e-01 5.769194e-08 -1.590635e-01
    outer loop
      vertex   1.874588e+02 -2.000000e+01 1.635503e+02
      vertex   1.874588e+02 -2.350000e+01 1.635503e+02
      vertex   1.874147e+02 -2.000000e+01 1.632770e+02
    endloop
  endfacet
  facet normal 9.872684e-01 5.769194e-08 -1.590635e-01
    outer loop
      vertex   1.874147e+02 -2.000000e+01 1.632770e+02
      vertex   1.874588e+02 -2.350000e+01 1.635503e+02
      vertex   1.874147e+02 -2.350000e+01 1.632770e+02
    endloop
  endfacet
  facet normal 1.000000e+00 5.843593e-08 -5.696202e-15
    outer loop
      vertex   2.000000e+02 -3.000000e+01 1.590007e+02
      vertex   2.000000e+02 -2.000000e+01 1.590007e+02
      vertex   2.000000e+02 -3.000000e+01 1.660007e+02
    endloop
  endfacet
  facet normal 1.000000e+00 5.843593e-08 1.383487e-21
    outer loop
      vertex   2.000000e+02 -3.000000e+01 1.660007e+02
      vertex   2.000000e+02 -2.000000e+01 1.590007e+02
      vertex   2.000000e+02 -2.000000e+01 1.740007e+02
    endloop
  endfacet
  facet normal 1.000000e+00 5.843593e-08 4.984180e-15
    outer loop
      vertex   2.000000e+02 -3.000000e+01 1.660007e+02
      vertex   2.000000e+02 -2.000000e+01 1.740007e+02
      vertex   2.000000e+02 -8.000000e+01 1.740007e+02
    endloop
  endfacet
  facet normal 1.000000e+00 5.843593e-08 1.431466e-15
    outer loop
      vertex   2.000000e+02 -8.000000e+01 1.740007e+02
      vertex   2.000000e+02 -8.000000e+01 1.660007e+02
      vertex   2.000000e+02 -3.000000e+01 1.660007e+02
    endloop
  endfacet
  facet normal -1.000000e+00 -5.843593e-08 5.696202e-15
    outer loop
      vertex   1.600000e+02 -3.000000e+01 1.590007e+02
      vertex   1.600000e+02 -3.000000e+01 1.660007e+02
      vertex   1.600000e+02 -2.000000e+01 1.590007e+02
    endloop
  endfacet
  facet normal -1.000000e+00 -5.843593e-08 0.000000e+00
    outer loop
      vertex   1.600000e+02 -2.000000e+01 1.590007e+02
      vertex   1.600000e+02 -3.000000e+01 1.660007e+02
      vertex   1.600000e+02 -2.000000e+01 1.740007e+02
    endloop
  endfacet
  facet normal -1.000000e+00 -5.843593e-08 -6.168414e-15
    outer loop
      vertex   1.600000e+02 -2.000000e+01 1.740007e+02
      vertex   1.600000e+02 -3.000000e+01 1.660007e+02
      vertex   1.600000e+02 -8.000000e+01 1.740007e+02
    endloop
  endfacet
  facet normal -1.000000e+00 -5.843593e-08 -8.536890e-15
    outer loop
      vertex   1.600000e+02 -8.000000e+01 1.740007e+02
      vertex   1.600000e+02 -3.000000e+01 1.660007e+02
      vertex   1.600000e+02 -8.000000e+01 1.660007e+02
    endloop
  endfacet
endsolid
