solid ASCII
  facet normal 2.617070e-16 1.000000e+00 -2.289639e-17
    outer loop
      vertex   -1.725605e+02 1.000000e+01 1.545149e+01
      vertex   -1.726000e+02 1.000000e+01 1.500000e+01
      vertex   -1.800000e+02 1.000000e+01 8.000000e+00
    endloop
  endfacet
  facet normal 2.217004e-16 1.000000e+00 1.939627e-17
    outer loop
      vertex   -1.800000e+02 1.000000e+01 8.000000e+00
      vertex   -1.726000e+02 1.000000e+01 1.500000e+01
      vertex   -1.725605e+02 1.000000e+01 1.454851e+01
    endloop
  endfacet
  facet normal 1.932047e-16 1.000000e+00 5.176905e-17
    outer loop
      vertex   -1.800000e+02 1.000000e+01 8.000000e+00
      vertex   -1.725605e+02 1.000000e+01 1.454851e+01
      vertex   -1.724432e+02 1.000000e+01 1.411075e+01
    endloop
  endfacet
  facet normal 1.707003e-16 1.000000e+00 7.959888e-17
    outer loop
      vertex   -1.724432e+02 1.000000e+01 1.411075e+01
      vertex   -1.722517e+02 1.000000e+01 1.370000e+01
      vertex   -1.800000e+02 1.000000e+01 8.000000e+00
    endloop
  endfacet
  facet normal 1.513143e-16 1.000000e+00 1.059514e-16
    outer loop
      vertex   -1.800000e+02 1.000000e+01 8.000000e+00
      vertex   -1.722517e+02 1.000000e+01 1.370000e+01
      vertex   -1.719917e+02 1.000000e+01 1.332875e+01
    endloop
  endfacet
  facet normal 1.331898e-16 1.000000e+00 1.331898e-16
    outer loop
      vertex   -1.800000e+02 1.000000e+01 8.000000e+00
      vertex   -1.719917e+02 1.000000e+01 1.332875e+01
      vertex   -1.716712e+02 1.000000e+01 1.300828e+01
    endloop
  endfacet
  facet normal 1.147419e-16 1.000000e+00 1.638684e-16
    outer loop
      vertex   -1.716712e+02 1.000000e+01 1.300828e+01
      vertex   -1.713000e+02 1.000000e+01 1.274833e+01
      vertex   -1.800000e+02 1.000000e+01 8.000000e+00
    endloop
  endfacet
  facet normal 9.407257e-17 1.000000e+00 2.017393e-16
    outer loop
      vertex   -1.800000e+02 1.000000e+01 8.000000e+00
      vertex   -1.713000e+02 1.000000e+01 1.274833e+01
      vertex   -1.708893e+02 1.000000e+01 1.255680e+01
    endloop
  endfacet
  facet normal 6.801547e-17 1.000000e+00 2.538372e-16
    outer loop
      vertex   -1.800000e+02 1.000000e+01 8.000000e+00
      vertex   -1.708893e+02 1.000000e+01 1.255680e+01
      vertex   -1.704515e+02 1.000000e+01 1.243950e+01
    endloop
  endfacet
  facet normal 2.946245e-17 1.000000e+00 3.367573e-16
    outer loop
      vertex   -1.704515e+02 1.000000e+01 1.243950e+01
      vertex   -1.700000e+02 1.000000e+01 1.240000e+01
      vertex   -1.800000e+02 1.000000e+01 8.000000e+00
    endloop
  endfacet
  facet normal -0.000000e+00 1.000000e+00 4.037175e-16
    outer loop
      vertex   -1.800000e+02 1.000000e+01 8.000000e+00
      vertex   -1.700000e+02 1.000000e+01 1.240000e+01
      vertex   -1.610000e+02 1.000000e+01 8.000000e+00
    endloop
  endfacet
  facet normal -2.995935e-17 1.000000e+00 3.424370e-16
    outer loop
      vertex   -1.610000e+02 1.000000e+01 8.000000e+00
      vertex   -1.700000e+02 1.000000e+01 1.240000e+01
      vertex   -1.695485e+02 1.000000e+01 1.243950e+01
    endloop
  endfacet
  facet normal -7.072342e-17 1.000000e+00 2.639434e-16
    outer loop
      vertex   -1.610000e+02 1.000000e+01 8.000000e+00
      vertex   -1.695485e+02 1.000000e+01 1.243950e+01
      vertex   -1.691107e+02 1.000000e+01 1.255680e+01
    endloop
  endfacet
  facet normal -9.933307e-17 1.000000e+00 2.130204e-16
    outer loop
      vertex   -1.691107e+02 1.000000e+01 1.255680e+01
      vertex   -1.687000e+02 1.000000e+01 1.274833e+01
      vertex   -1.610000e+02 1.000000e+01 8.000000e+00
    endloop
  endfacet
  facet normal -1.226654e-16 1.000000e+00 1.751843e-16
    outer loop
      vertex   -1.610000e+02 1.000000e+01 8.000000e+00
      vertex   -1.687000e+02 1.000000e+01 1.274833e+01
      vertex   -1.683288e+02 1.000000e+01 1.300828e+01
    endloop
  endfacet
  facet normal -1.439857e-16 1.000000e+00 1.439857e-16
    outer loop
      vertex   -1.610000e+02 1.000000e+01 8.000000e+00
      vertex   -1.683288e+02 1.000000e+01 1.300828e+01
      vertex   -1.680083e+02 1.000000e+01 1.332875e+01
    endloop
  endfacet
  facet normal -1.654038e-16 1.000000e+00 1.158170e-16
    outer loop
      vertex   -1.680083e+02 1.000000e+01 1.332875e+01
      vertex   -1.677483e+02 1.000000e+01 1.370000e+01
      vertex   -1.610000e+02 1.000000e+01 8.000000e+00
    endloop
  endfacet
  facet normal -1.888478e-16 1.000000e+00 8.806118e-17
    outer loop
      vertex   -1.610000e+02 1.000000e+01 8.000000e+00
      vertex   -1.677483e+02 1.000000e+01 1.370000e+01
      vertex   -1.675568e+02 1.000000e+01 1.411075e+01
    endloop
  endfacet
  facet normal -2.167830e-16 1.000000e+00 5.808684e-17
    outer loop
      vertex   -1.610000e+02 1.000000e+01 8.000000e+00
      vertex   -1.675568e+02 1.000000e+01 1.411075e+01
      vertex   -1.674395e+02 1.000000e+01 1.454851e+01
    endloop
  endfacet
  facet normal -2.533158e-16 1.000000e+00 2.216226e-17
    outer loop
      vertex   -1.674395e+02 1.000000e+01 1.454851e+01
      vertex   -1.674000e+02 1.000000e+01 1.500000e+01
      vertex   -1.610000e+02 1.000000e+01 8.000000e+00
    endloop
  endfacet
  facet normal -3.069257e-16 1.000000e+00 -2.685252e-17
    outer loop
      vertex   -1.610000e+02 1.000000e+01 8.000000e+00
      vertex   -1.674000e+02 1.000000e+01 1.500000e+01
      vertex   -1.674395e+02 1.000000e+01 1.545149e+01
    endloop
  endfacet
  facet normal -3.998210e-16 1.000000e+00 -1.071317e-16
    outer loop
      vertex   -1.610000e+02 1.000000e+01 8.000000e+00
      vertex   -1.674395e+02 1.000000e+01 1.545149e+01
      vertex   -1.675568e+02 1.000000e+01 1.588925e+01
    endloop
  endfacet
  facet normal -6.172234e-16 1.000000e+00 -2.878160e-16
    outer loop
      vertex   -1.675568e+02 1.000000e+01 1.588925e+01
      vertex   -1.677483e+02 1.000000e+01 1.630000e+01
      vertex   -1.610000e+02 1.000000e+01 8.000000e+00
    endloop
  endfacet
  facet normal -2.632289e-16 1.000000e+00 0.000000e+00
    outer loop
      vertex   -1.610000e+02 1.000000e+01 8.000000e+00
      vertex   -1.677483e+02 1.000000e+01 1.630000e+01
      vertex   -1.677483e+02 1.000000e+01 4.370000e+01
    endloop
  endfacet
  facet normal -4.965456e-17 1.000000e+00 4.037175e-17
    outer loop
      vertex   -1.610000e+02 1.000000e+01 8.000000e+00
      vertex   -1.677483e+02 1.000000e+01 4.370000e+01
      vertex   -1.610000e+02 1.000000e+01 5.200000e+01
    endloop
  endfacet
  facet normal 0.000000e+00 1.000000e+00 0.000000e+00
    outer loop
      vertex   -1.610000e+02 1.000000e+01 5.200000e+01
      vertex   -1.677483e+02 1.000000e+01 4.370000e+01
      vertex   -1.675568e+02 1.000000e+01 4.411075e+01
    endloop
  endfacet
  facet normal 0.000000e+00 1.000000e+00 0.000000e+00
    outer loop
      vertex   -1.610000e+02 1.000000e+01 5.200000e+01
      vertex   -1.675568e+02 1.000000e+01 4.411075e+01
      vertex   -1.674395e+02 1.000000e+01 4.454851e+01
    endloop
  endfacet
  facet normal 0.000000e+00 1.000000e+00 0.000000e+00
    outer loop
      vertex   -1.677483e+02 1.000000e+01 4.370000e+01
      vertex   -1.677483e+02 1.000000e+01 1.630000e+01
      vertex   -1.680083e+02 1.000000e+01 4.332875e+01
    endloop
  endfacet
  facet normal 0.000000e+00 1.000000e+00 0.000000e+00
    outer loop
      vertex   -1.680083e+02 1.000000e+01 4.332875e+01
      vertex   -1.677483e+02 1.000000e+01 1.630000e+01
      vertex   -1.680083e+02 1.000000e+01 1.667125e+01
    endloop
  endfacet
  facet normal 0.000000e+00 1.000000e+00 0.000000e+00
    outer loop
      vertex   -1.680083e+02 1.000000e+01 4.332875e+01
      vertex   -1.680083e+02 1.000000e+01 1.667125e+01
      vertex   -1.683288e+02 1.000000e+01 4.300828e+01
    endloop
  endfacet
  facet normal 0.000000e+00 1.000000e+00 0.000000e+00
    outer loop
      vertex   -1.683288e+02 1.000000e+01 4.300828e+01
      vertex   -1.680083e+02 1.000000e+01 1.667125e+01
      vertex   -1.683288e+02 1.000000e+01 1.699172e+01
    endloop
  endfacet
  facet normal 0.000000e+00 1.000000e+00 0.000000e+00
    outer loop
      vertex   -1.683288e+02 1.000000e+01 4.300828e+01
      vertex   -1.683288e+02 1.000000e+01 1.699172e+01
      vertex   -1.687000e+02 1.000000e+01 4.274833e+01
    endloop
  endfacet
  facet normal 0.000000e+00 1.000000e+00 0.000000e+00
    outer loop
      vertex   -1.687000e+02 1.000000e+01 4.274833e+01
      vertex   -1.683288e+02 1.000000e+01 1.699172e+01
      vertex   -1.687000e+02 1.000000e+01 1.725167e+01
    endloop
  endfacet
  facet normal 0.000000e+00 1.000000e+00 0.000000e+00
    outer loop
      vertex   -1.687000e+02 1.000000e+01 4.274833e+01
      vertex   -1.687000e+02 1.000000e+01 1.725167e+01
      vertex   -1.691107e+02 1.000000e+01 4.255680e+01
    endloop
  endfacet
  facet normal 0.000000e+00 1.000000e+00 0.000000e+00
    outer loop
      vertex   -1.691107e+02 1.000000e+01 4.255680e+01
      vertex   -1.687000e+02 1.000000e+01 1.725167e+01
      vertex   -1.691107e+02 1.000000e+01 1.744320e+01
    endloop
  endfacet
  facet normal 0.000000e+00 1.000000e+00 0.000000e+00
    outer loop
      vertex   -1.691107e+02 1.000000e+01 4.255680e+01
      vertex   -1.691107e+02 1.000000e+01 1.744320e+01
      vertex   -1.695485e+02 1.000000e+01 4.243950e+01
    endloop
  endfacet
  facet normal 0.000000e+00 1.000000e+00 0.000000e+00
    outer loop
      vertex   -1.695485e+02 1.000000e+01 4.243950e+01
      vertex   -1.691107e+02 1.000000e+01 1.744320e+01
      vertex   -1.695485e+02 1.000000e+01 1.756050e+01
    endloop
  endfacet
  facet normal 0.000000e+00 1.000000e+00 0.000000e+00
    outer loop
      vertex   -1.695485e+02 1.000000e+01 4.243950e+01
      vertex   -1.695485e+02 1.000000e+01 1.756050e+01
      vertex   -1.700000e+02 1.000000e+01 4.240000e+01
    endloop
  endfacet
  facet normal 0.000000e+00 1.000000e+00 0.000000e+00
    outer loop
      vertex   -1.700000e+02 1.000000e+01 4.240000e+01
      vertex   -1.695485e+02 1.000000e+01 1.756050e+01
      vertex   -1.700000e+02 1.000000e+01 1.760000e+01
    endloop
  endfacet
  facet normal 0.000000e+00 1.000000e+00 0.000000e+00
    outer loop
      vertex   -1.700000e+02 1.000000e+01 4.240000e+01
      vertex   -1.700000e+02 1.000000e+01 1.760000e+01
      vertex   -1.704515e+02 1.000000e+01 4.243950e+01
    endloop
  endfacet
  facet normal 0.000000e+00 1.000000e+00 0.000000e+00
    outer loop
      vertex   -1.704515e+02 1.000000e+01 4.243950e+01
      vertex   -1.700000e+02 1.000000e+01 1.760000e+01
      vertex   -1.704515e+02 1.000000e+01 1.756050e+01
    endloop
  endfacet
  facet normal 3.720698e-16 1.000000e+00 0.000000e+00
    outer loop
      vertex   -1.704515e+02 1.000000e+01 4.243950e+01
      vertex   -1.704515e+02 1.000000e+01 1.756050e+01
      vertex   -1.800000e+02 1.000000e+01 3.000000e+01
    endloop
  endfacet
  facet normal 6.347151e-17 1.000000e+00 -2.368789e-16
    outer loop
      vertex   -1.800000e+02 1.000000e+01 3.000000e+01
      vertex   -1.704515e+02 1.000000e+01 1.756050e+01
      vertex   -1.708893e+02 1.000000e+01 1.744320e+01
    endloop
  endfacet
  facet normal 9.858000e-17 1.000000e+00 -2.114055e-16
    outer loop
      vertex   -1.800000e+02 1.000000e+01 3.000000e+01
      vertex   -1.708893e+02 1.000000e+01 1.744320e+01
      vertex   -1.713000e+02 1.000000e+01 1.725167e+01
    endloop
  endfacet
  facet normal 1.320392e-16 1.000000e+00 -1.885715e-16
    outer loop
      vertex   -1.713000e+02 1.000000e+01 1.725167e+01
      vertex   -1.716712e+02 1.000000e+01 1.699172e+01
      vertex   -1.800000e+02 1.000000e+01 3.000000e+01
    endloop
  endfacet
  facet normal 1.665045e-16 1.000000e+00 -1.665045e-16
    outer loop
      vertex   -1.800000e+02 1.000000e+01 3.000000e+01
      vertex   -1.716712e+02 1.000000e+01 1.699172e+01
      vertex   -1.719917e+02 1.000000e+01 1.667125e+01
    endloop
  endfacet
  facet normal 2.048715e-16 1.000000e+00 -1.434526e-16
    outer loop
      vertex   -1.800000e+02 1.000000e+01 3.000000e+01
      vertex   -1.719917e+02 1.000000e+01 1.667125e+01
      vertex   -1.722517e+02 1.000000e+01 1.630000e+01
    endloop
  endfacet
  facet normal 2.513105e-16 1.000000e+00 -1.171880e-16
    outer loop
      vertex   -1.722517e+02 1.000000e+01 1.630000e+01
      vertex   -1.724432e+02 1.000000e+01 1.588925e+01
      vertex   -1.800000e+02 1.000000e+01 3.000000e+01
    endloop
  endfacet
  facet normal 3.133523e-16 1.000000e+00 -8.396249e-17
    outer loop
      vertex   -1.800000e+02 1.000000e+01 3.000000e+01
      vertex   -1.724432e+02 1.000000e+01 1.588925e+01
      vertex   -1.725605e+02 1.000000e+01 1.545149e+01
    endloop
  endfacet
  facet normal 3.196473e-16 1.000000e+00 -8.074349e-17
    outer loop
      vertex   -1.800000e+02 1.000000e+01 3.000000e+01
      vertex   -1.725605e+02 1.000000e+01 1.545149e+01
      vertex   -1.800000e+02 1.000000e+01 8.000000e+00
    endloop
  endfacet
  facet normal 4.077800e-16 1.000000e+00 3.567612e-17
    outer loop
      vertex   -1.725605e+02 1.000000e+01 4.454851e+01
      vertex   -1.800000e+02 1.000000e+01 3.000000e+01
      vertex   -1.726000e+02 1.000000e+01 4.500000e+01
    endloop
  endfacet
  facet normal 1.646878e-16 1.000000e+00 1.556016e-16
    outer loop
      vertex   -1.726000e+02 1.000000e+01 4.500000e+01
      vertex   -1.800000e+02 1.000000e+01 3.000000e+01
      vertex   -1.900000e+02 1.000000e+01 5.200000e+01
    endloop
  endfacet
  facet normal 9.861844e-17 1.000000e+00 -8.627996e-18
    outer loop
      vertex   -1.726000e+02 1.000000e+01 4.500000e+01
      vertex   -1.900000e+02 1.000000e+01 5.200000e+01
      vertex   -1.725605e+02 1.000000e+01 4.545149e+01
    endloop
  endfacet
  facet normal 9.254669e-17 1.000000e+00 -2.479781e-17
    outer loop
      vertex   -1.725605e+02 1.000000e+01 4.545149e+01
      vertex   -1.900000e+02 1.000000e+01 5.200000e+01
      vertex   -1.724432e+02 1.000000e+01 4.588925e+01
    endloop
  endfacet
  facet normal 8.704948e-17 1.000000e+00 -4.059184e-17
    outer loop
      vertex   -1.724432e+02 1.000000e+01 4.588925e+01
      vertex   -1.900000e+02 1.000000e+01 5.200000e+01
      vertex   -1.722517e+02 1.000000e+01 4.630000e+01
    endloop
  endfacet
  facet normal 8.171096e-17 1.000000e+00 -5.721463e-17
    outer loop
      vertex   -1.722517e+02 1.000000e+01 4.630000e+01
      vertex   -1.900000e+02 1.000000e+01 5.200000e+01
      vertex   -1.719917e+02 1.000000e+01 4.667125e+01
    endloop
  endfacet
  facet normal 7.611750e-17 1.000000e+00 -7.611750e-17
    outer loop
      vertex   -1.719917e+02 1.000000e+01 4.667125e+01
      vertex   -1.900000e+02 1.000000e+01 5.200000e+01
      vertex   -1.716712e+02 1.000000e+01 4.699172e+01
    endloop
  endfacet
  facet normal 6.971211e-17 1.000000e+00 -9.955921e-17
    outer loop
      vertex   -1.716712e+02 1.000000e+01 4.699172e+01
      vertex   -1.900000e+02 1.000000e+01 5.200000e+01
      vertex   -1.713000e+02 1.000000e+01 4.725167e+01
    endloop
  endfacet
  facet normal 6.150216e-17 1.000000e+00 -1.318918e-16
    outer loop
      vertex   -1.713000e+02 1.000000e+01 4.725167e+01
      vertex   -1.900000e+02 1.000000e+01 5.200000e+01
      vertex   -1.708893e+02 1.000000e+01 4.744320e+01
    endloop
  endfacet
  facet normal 4.918346e-17 1.000000e+00 -1.835552e-16
    outer loop
      vertex   -1.708893e+02 1.000000e+01 4.744320e+01
      vertex   -1.900000e+02 1.000000e+01 5.200000e+01
      vertex   -1.704515e+02 1.000000e+01 4.756050e+01
    endloop
  endfacet
  facet normal 6.125368e-17 1.000000e+00 -1.304062e-16
    outer loop
      vertex   -1.704515e+02 1.000000e+01 4.756050e+01
      vertex   -1.900000e+02 1.000000e+01 5.200000e+01
      vertex   -1.610000e+02 1.000000e+01 5.200000e+01
    endloop
  endfacet
  facet normal 0.000000e+00 1.000000e+00 0.000000e+00
    outer loop
      vertex   -1.704515e+02 1.000000e+01 4.756050e+01
      vertex   -1.610000e+02 1.000000e+01 5.200000e+01
      vertex   -1.700000e+02 1.000000e+01 4.760000e+01
    endloop
  endfacet
  facet normal -0.000000e+00 1.000000e+00 0.000000e+00
    outer loop
      vertex   -1.700000e+02 1.000000e+01 4.760000e+01
      vertex   -1.610000e+02 1.000000e+01 5.200000e+01
      vertex   -1.695485e+02 1.000000e+01 4.756050e+01
    endloop
  endfacet
  facet normal -0.000000e+00 1.000000e+00 0.000000e+00
    outer loop
      vertex   -1.695485e+02 1.000000e+01 4.756050e+01
      vertex   -1.610000e+02 1.000000e+01 5.200000e+01
      vertex   -1.691107e+02 1.000000e+01 4.744320e+01
    endloop
  endfacet
  facet normal -0.000000e+00 1.000000e+00 0.000000e+00
    outer loop
      vertex   -1.691107e+02 1.000000e+01 4.744320e+01
      vertex   -1.610000e+02 1.000000e+01 5.200000e+01
      vertex   -1.687000e+02 1.000000e+01 4.725167e+01
    endloop
  endfacet
  facet normal -0.000000e+00 1.000000e+00 0.000000e+00
    outer loop
      vertex   -1.687000e+02 1.000000e+01 4.725167e+01
      vertex   -1.610000e+02 1.000000e+01 5.200000e+01
      vertex   -1.683288e+02 1.000000e+01 4.699172e+01
    endloop
  endfacet
  facet normal -0.000000e+00 1.000000e+00 0.000000e+00
    outer loop
      vertex   -1.683288e+02 1.000000e+01 4.699172e+01
      vertex   -1.610000e+02 1.000000e+01 5.200000e+01
      vertex   -1.680083e+02 1.000000e+01 4.667125e+01
    endloop
  endfacet
  facet normal -0.000000e+00 1.000000e+00 0.000000e+00
    outer loop
      vertex   -1.680083e+02 1.000000e+01 4.667125e+01
      vertex   -1.610000e+02 1.000000e+01 5.200000e+01
      vertex   -1.677483e+02 1.000000e+01 4.630000e+01
    endloop
  endfacet
  facet normal -0.000000e+00 1.000000e+00 0.000000e+00
    outer loop
      vertex   -1.677483e+02 1.000000e+01 4.630000e+01
      vertex   -1.610000e+02 1.000000e+01 5.200000e+01
      vertex   -1.675568e+02 1.000000e+01 4.588925e+01
    endloop
  endfacet
  facet normal -0.000000e+00 1.000000e+00 0.000000e+00
    outer loop
      vertex   -1.675568e+02 1.000000e+01 4.588925e+01
      vertex   -1.610000e+02 1.000000e+01 5.200000e+01
      vertex   -1.674395e+02 1.000000e+01 4.545149e+01
    endloop
  endfacet
  facet normal -0.000000e+00 1.000000e+00 0.000000e+00
    outer loop
      vertex   -1.674395e+02 1.000000e+01 4.545149e+01
      vertex   -1.610000e+02 1.000000e+01 5.200000e+01
      vertex   -1.674000e+02 1.000000e+01 4.500000e+01
    endloop
  endfacet
  facet normal -0.000000e+00 1.000000e+00 0.000000e+00
    outer loop
      vertex   -1.674000e+02 1.000000e+01 4.500000e+01
      vertex   -1.610000e+02 1.000000e+01 5.200000e+01
      vertex   -1.674395e+02 1.000000e+01 4.454851e+01
    endloop
  endfacet
  facet normal 3.133523e-16 1.000000e+00 8.396249e-17
    outer loop
      vertex   -1.725605e+02 1.000000e+01 4.454851e+01
      vertex   -1.724432e+02 1.000000e+01 4.411075e+01
      vertex   -1.800000e+02 1.000000e+01 3.000000e+01
    endloop
  endfacet
  facet normal 2.513105e-16 1.000000e+00 1.171880e-16
    outer loop
      vertex   -1.800000e+02 1.000000e+01 3.000000e+01
      vertex   -1.724432e+02 1.000000e+01 4.411075e+01
      vertex   -1.722517e+02 1.000000e+01 4.370000e+01
    endloop
  endfacet
  facet normal 2.048715e-16 1.000000e+00 1.434526e-16
    outer loop
      vertex   -1.800000e+02 1.000000e+01 3.000000e+01
      vertex   -1.722517e+02 1.000000e+01 4.370000e+01
      vertex   -1.719917e+02 1.000000e+01 4.332875e+01
    endloop
  endfacet
  facet normal 1.665045e-16 1.000000e+00 1.665045e-16
    outer loop
      vertex   -1.719917e+02 1.000000e+01 4.332875e+01
      vertex   -1.716712e+02 1.000000e+01 4.300828e+01
      vertex   -1.800000e+02 1.000000e+01 3.000000e+01
    endloop
  endfacet
  facet normal 1.320392e-16 1.000000e+00 1.885715e-16
    outer loop
      vertex   -1.800000e+02 1.000000e+01 3.000000e+01
      vertex   -1.716712e+02 1.000000e+01 4.300828e+01
      vertex   -1.713000e+02 1.000000e+01 4.274833e+01
    endloop
  endfacet
  facet normal 9.858000e-17 1.000000e+00 2.114055e-16
    outer loop
      vertex   -1.800000e+02 1.000000e+01 3.000000e+01
      vertex   -1.713000e+02 1.000000e+01 4.274833e+01
      vertex   -1.708893e+02 1.000000e+01 4.255680e+01
    endloop
  endfacet
  facet normal 6.347151e-17 1.000000e+00 2.368789e-16
    outer loop
      vertex   -1.708893e+02 1.000000e+01 4.255680e+01
      vertex   -1.704515e+02 1.000000e+01 4.243950e+01
      vertex   -1.800000e+02 1.000000e+01 3.000000e+01
    endloop
  endfacet
  facet normal -1.776357e-16 1.000000e+00 0.000000e+00
    outer loop
      vertex   -1.800000e+02 1.000000e+01 3.000000e+01
      vertex   -1.900000e+02 1.000000e+01 3.000000e+01
      vertex   -1.900000e+02 1.000000e+01 5.200000e+01
    endloop
  endfacet
  facet normal -1.000000e+00 0.000000e+00 0.000000e+00
    outer loop
      vertex   -1.900000e+02 1.000000e+01 3.000000e+01
      vertex   -1.900000e+02 -7.748334e+00 4.325809e+01
      vertex   -1.900000e+02 1.000000e+01 5.200000e+01
    endloop
  endfacet
  facet normal -1.000000e+00 0.000000e+00 0.000000e+00
    outer loop
      vertex   -1.900000e+02 1.000000e+01 5.200000e+01
      vertex   -1.900000e+02 -7.748334e+00 4.325809e+01
      vertex   -1.900000e+02 -7.556799e+00 4.366883e+01
    endloop
  endfacet
  facet normal -1.000000e+00 0.000000e+00 0.000000e+00
    outer loop
      vertex   -1.900000e+02 1.000000e+01 5.200000e+01
      vertex   -1.900000e+02 -7.556799e+00 4.366883e+01
      vertex   -1.900000e+02 -7.439500e+00 4.410660e+01
    endloop
  endfacet
  facet normal -1.000000e+00 0.000000e+00 0.000000e+00
    outer loop
      vertex   -1.900000e+02 4.502845e+01 3.000000e+01
      vertex   -1.900000e+02 4.045919e+01 1.995929e+01
      vertex   -1.900000e+02 1.000000e+01 3.000000e+01
    endloop
  endfacet
  facet normal -1.000000e+00 0.000000e+00 0.000000e+00
    outer loop
      vertex   -1.900000e+02 1.000000e+01 3.000000e+01
      vertex   -1.900000e+02 4.045919e+01 1.995929e+01
      vertex   -1.900000e+02 3.990152e+01 1.983797e+01
    endloop
  endfacet
  facet normal -1.000000e+00 0.000000e+00 0.000000e+00
    outer loop
      vertex   -1.900000e+02 1.000000e+01 3.000000e+01
      vertex   -1.900000e+02 3.990152e+01 1.983797e+01
      vertex   -1.900000e+02 3.936679e+01 1.963853e+01
    endloop
  endfacet
  facet normal -1.000000e+00 0.000000e+00 0.000000e+00
    outer loop
      vertex   -1.900000e+02 4.502845e+01 5.200000e+01
      vertex   -1.900000e+02 5.492845e+01 5.200000e+01
      vertex   -1.900000e+02 4.502845e+01 3.000000e+01
    endloop
  endfacet
  facet normal -1.000000e+00 0.000000e+00 0.000000e+00
    outer loop
      vertex   -1.900000e+02 4.502845e+01 3.000000e+01
      vertex   -1.900000e+02 5.492845e+01 5.200000e+01
      vertex   -1.900000e+02 5.492845e+01 3.000000e+01
    endloop
  endfacet
  facet normal -1.000000e+00 0.000000e+00 -0.000000e+00
    outer loop
      vertex   -1.900000e+02 4.502845e+01 3.000000e+01
      vertex   -1.900000e+02 5.492845e+01 3.000000e+01
      vertex   -1.900000e+02 4.159771e+01 1.995929e+01
    endloop
  endfacet
  facet normal -1.000000e+00 0.000000e+00 0.000000e+00
    outer loop
      vertex   -1.900000e+02 4.159771e+01 1.995929e+01
      vertex   -1.900000e+02 5.492845e+01 3.000000e+01
      vertex   -1.900000e+02 6.124193e+01 2.035372e+01
    endloop
  endfacet
  facet normal -1.000000e+00 0.000000e+00 0.000000e+00
    outer loop
      vertex   -1.900000e+02 4.159771e+01 1.995929e+01
      vertex   -1.900000e+02 6.124193e+01 2.035372e+01
      vertex   -1.900000e+02 6.096412e+01 2.027928e+01
    endloop
  endfacet
  facet normal -1.000000e+00 0.000000e+00 0.000000e+00
    outer loop
      vertex   -1.900000e+02 5.492845e+01 5.200000e+01
      vertex   -1.900000e+02 4.502845e+01 5.200000e+01
      vertex   -1.900000e+02 -1.800000e+01 5.800000e+01
    endloop
  endfacet
  facet normal -1.000000e+00 0.000000e+00 0.000000e+00
    outer loop
      vertex   -1.900000e+02 -1.800000e+01 5.800000e+01
      vertex   -1.900000e+02 4.502845e+01 5.200000e+01
      vertex   -1.900000e+02 1.000000e+01 5.200000e+01
    endloop
  endfacet
  facet normal -1.000000e+00 0.000000e+00 0.000000e+00
    outer loop
      vertex   -1.900000e+02 -1.800000e+01 5.800000e+01
      vertex   -1.900000e+02 1.000000e+01 5.200000e+01
      vertex   -1.900000e+02 -1.000000e+01 4.715809e+01
    endloop
  endfacet
  facet normal -1.000000e+00 0.000000e+00 0.000000e+00
    outer loop
      vertex   -1.900000e+02 -1.000000e+01 4.715809e+01
      vertex   -1.900000e+02 1.000000e+01 5.200000e+01
      vertex   -1.900000e+02 -9.548515e+00 4.711859e+01
    endloop
  endfacet
  facet normal -1.000000e+00 0.000000e+00 0.000000e+00
    outer loop
      vertex   -1.900000e+02 -9.548515e+00 4.711859e+01
      vertex   -1.900000e+02 1.000000e+01 5.200000e+01
      vertex   -1.900000e+02 -9.110748e+00 4.700129e+01
    endloop
  endfacet
  facet normal -1.000000e+00 0.000000e+00 0.000000e+00
    outer loop
      vertex   -1.900000e+02 -9.110748e+00 4.700129e+01
      vertex   -1.900000e+02 1.000000e+01 5.200000e+01
      vertex   -1.900000e+02 -8.700000e+00 4.680975e+01
    endloop
  endfacet
  facet normal -1.000000e+00 0.000000e+00 0.000000e+00
    outer loop
      vertex   -1.900000e+02 -8.700000e+00 4.680975e+01
      vertex   -1.900000e+02 1.000000e+01 5.200000e+01
      vertex   -1.900000e+02 -8.328752e+00 4.654980e+01
    endloop
  endfacet
  facet normal -1.000000e+00 0.000000e+00 0.000000e+00
    outer loop
      vertex   -1.900000e+02 -8.328752e+00 4.654980e+01
      vertex   -1.900000e+02 1.000000e+01 5.200000e+01
      vertex   -1.900000e+02 -8.008284e+00 4.622933e+01
    endloop
  endfacet
  facet normal -1.000000e+00 0.000000e+00 0.000000e+00
    outer loop
      vertex   -1.900000e+02 -8.008284e+00 4.622933e+01
      vertex   -1.900000e+02 1.000000e+01 5.200000e+01
      vertex   -1.900000e+02 -7.748334e+00 4.585809e+01
    endloop
  endfacet
  facet normal -1.000000e+00 0.000000e+00 0.000000e+00
    outer loop
      vertex   -1.900000e+02 -7.748334e+00 4.585809e+01
      vertex   -1.900000e+02 1.000000e+01 5.200000e+01
      vertex   -1.900000e+02 -7.556799e+00 4.544734e+01
    endloop
  endfacet
  facet normal -1.000000e+00 0.000000e+00 0.000000e+00
    outer loop
      vertex   -1.900000e+02 -7.556799e+00 4.544734e+01
      vertex   -1.900000e+02 1.000000e+01 5.200000e+01
      vertex   -1.900000e+02 -7.439500e+00 4.500957e+01
    endloop
  endfacet
  facet normal -1.000000e+00 0.000000e+00 0.000000e+00
    outer loop
      vertex   -1.900000e+02 -7.439500e+00 4.500957e+01
      vertex   -1.900000e+02 1.000000e+01 5.200000e+01
      vertex   -1.900000e+02 -7.400000e+00 4.455809e+01
    endloop
  endfacet
  facet normal -1.000000e+00 0.000000e+00 -0.000000e+00
    outer loop
      vertex   -1.900000e+02 -7.400000e+00 4.455809e+01
      vertex   -1.900000e+02 1.000000e+01 5.200000e+01
      vertex   -1.900000e+02 -7.439500e+00 4.410660e+01
    endloop
  endfacet
  facet normal -1.000000e+00 0.000000e+00 0.000000e+00
    outer loop
      vertex   -1.900000e+02 -1.045149e+01 4.199759e+01
      vertex   -1.900000e+02 -1.000000e+01 4.195809e+01
      vertex   -1.900000e+02 1.000000e+01 3.000000e+01
    endloop
  endfacet
  facet normal -1.000000e+00 0.000000e+00 0.000000e+00
    outer loop
      vertex   -1.900000e+02 1.000000e+01 3.000000e+01
      vertex   -1.900000e+02 -1.000000e+01 4.195809e+01
      vertex   -1.900000e+02 -9.548515e+00 4.199759e+01
    endloop
  endfacet
  facet normal -1.000000e+00 0.000000e+00 0.000000e+00
    outer loop
      vertex   -1.900000e+02 1.000000e+01 3.000000e+01
      vertex   -1.900000e+02 -9.548515e+00 4.199759e+01
      vertex   -1.900000e+02 -9.110748e+00 4.211489e+01
    endloop
  endfacet
  facet normal -1.000000e+00 0.000000e+00 0.000000e+00
    outer loop
      vertex   -1.900000e+02 -9.110748e+00 4.211489e+01
      vertex   -1.900000e+02 -8.700000e+00 4.230642e+01
      vertex   -1.900000e+02 1.000000e+01 3.000000e+01
    endloop
  endfacet
  facet normal -1.000000e+00 0.000000e+00 0.000000e+00
    outer loop
      vertex   -1.900000e+02 1.000000e+01 3.000000e+01
      vertex   -1.900000e+02 -8.700000e+00 4.230642e+01
      vertex   -1.900000e+02 -8.328752e+00 4.256637e+01
    endloop
  endfacet
  facet normal -1.000000e+00 0.000000e+00 0.000000e+00
    outer loop
      vertex   -1.900000e+02 1.000000e+01 3.000000e+01
      vertex   -1.900000e+02 -8.328752e+00 4.256637e+01
      vertex   -1.900000e+02 -8.008284e+00 4.288684e+01
    endloop
  endfacet
  facet normal -1.000000e+00 0.000000e+00 0.000000e+00
    outer loop
      vertex   -1.900000e+02 -8.008284e+00 4.288684e+01
      vertex   -1.900000e+02 -7.748334e+00 4.325809e+01
      vertex   -1.900000e+02 1.000000e+01 3.000000e+01
    endloop
  endfacet
  facet normal -1.000000e+00 -0.000000e+00 0.000000e+00
    outer loop
      vertex   -1.900000e+02 -1.000000e+01 4.715809e+01
      vertex   -1.900000e+02 -1.045149e+01 4.711859e+01
      vertex   -1.900000e+02 -1.800000e+01 5.800000e+01
    endloop
  endfacet
  facet normal -1.000000e+00 0.000000e+00 0.000000e+00
    outer loop
      vertex   -1.900000e+02 -1.800000e+01 5.800000e+01
      vertex   -1.900000e+02 -1.045149e+01 4.711859e+01
      vertex   -1.900000e+02 -1.088925e+01 4.700129e+01
    endloop
  endfacet
  facet normal -1.000000e+00 0.000000e+00 0.000000e+00
    outer loop
      vertex   -1.900000e+02 -1.800000e+01 5.800000e+01
      vertex   -1.900000e+02 -1.088925e+01 4.700129e+01
      vertex   -1.900000e+02 -1.130000e+01 4.680975e+01
    endloop
  endfacet
  facet normal -1.000000e+00 -0.000000e+00 0.000000e+00
    outer loop
      vertex   -1.900000e+02 -1.130000e+01 4.680975e+01
      vertex   -1.900000e+02 -1.167125e+01 4.654980e+01
      vertex   -1.900000e+02 -1.800000e+01 5.800000e+01
    endloop
  endfacet
  facet normal -1.000000e+00 0.000000e+00 0.000000e+00
    outer loop
      vertex   -1.900000e+02 -1.800000e+01 5.800000e+01
      vertex   -1.900000e+02 -1.167125e+01 4.654980e+01
      vertex   -1.900000e+02 -1.199172e+01 4.622933e+01
    endloop
  endfacet
  facet normal -1.000000e+00 0.000000e+00 0.000000e+00
    outer loop
      vertex   -1.900000e+02 -1.800000e+01 5.800000e+01
      vertex   -1.900000e+02 -1.199172e+01 4.622933e+01
      vertex   -1.900000e+02 -1.225167e+01 4.585809e+01
    endloop
  endfacet
  facet normal -1.000000e+00 -0.000000e+00 0.000000e+00
    outer loop
      vertex   -1.900000e+02 -1.225167e+01 4.585809e+01
      vertex   -1.900000e+02 -1.244320e+01 4.544734e+01
      vertex   -1.900000e+02 -1.800000e+01 5.800000e+01
    endloop
  endfacet
  facet normal -1.000000e+00 0.000000e+00 0.000000e+00
    outer loop
      vertex   -1.900000e+02 -1.800000e+01 5.800000e+01
      vertex   -1.900000e+02 -1.244320e+01 4.544734e+01
      vertex   -1.900000e+02 -1.256050e+01 4.500957e+01
    endloop
  endfacet
  facet normal -1.000000e+00 0.000000e+00 0.000000e+00
    outer loop
      vertex   -1.900000e+02 -1.800000e+01 5.800000e+01
      vertex   -1.900000e+02 -1.256050e+01 4.500957e+01
      vertex   -1.900000e+02 -1.260000e+01 4.455809e+01
    endloop
  endfacet
  facet normal -1.000000e+00 -0.000000e+00 -0.000000e+00
    outer loop
      vertex   -1.900000e+02 -1.260000e+01 4.455809e+01
      vertex   -1.900000e+02 -1.256050e+01 4.410660e+01
      vertex   -1.900000e+02 -1.800000e+01 5.800000e+01
    endloop
  endfacet
  facet normal -1.000000e+00 0.000000e+00 0.000000e+00
    outer loop
      vertex   -1.900000e+02 -1.800000e+01 5.800000e+01
      vertex   -1.900000e+02 -1.256050e+01 4.410660e+01
      vertex   -1.900000e+02 -1.256050e+01 2.000957e+01
    endloop
  endfacet
  facet normal -1.000000e+00 0.000000e+00 -0.000000e+00
    outer loop
      vertex   -1.900000e+02 -1.800000e+01 5.800000e+01
      vertex   -1.900000e+02 -1.256050e+01 2.000957e+01
      vertex   -1.900000e+02 -1.800000e+01 2.000000e+00
    endloop
  endfacet
  facet normal -1.000000e+00 0.000000e+00 0.000000e+00
    outer loop
      vertex   -1.900000e+02 -1.800000e+01 2.000000e+00
      vertex   -1.900000e+02 -1.256050e+01 2.000957e+01
      vertex   -1.900000e+02 -1.260000e+01 1.955809e+01
    endloop
  endfacet
  facet normal -1.000000e+00 0.000000e+00 0.000000e+00
    outer loop
      vertex   -1.900000e+02 -1.800000e+01 2.000000e+00
      vertex   -1.900000e+02 -1.260000e+01 1.955809e+01
      vertex   -1.900000e+02 -1.256050e+01 1.910660e+01
    endloop
  endfacet
  facet normal -1.000000e+00 0.000000e+00 0.000000e+00
    outer loop
      vertex   -1.900000e+02 -1.256050e+01 2.000957e+01
      vertex   -1.900000e+02 -1.256050e+01 4.410660e+01
      vertex   -1.900000e+02 -1.244320e+01 2.044734e+01
    endloop
  endfacet
  facet normal -1.000000e+00 0.000000e+00 0.000000e+00
    outer loop
      vertex   -1.900000e+02 -1.244320e+01 2.044734e+01
      vertex   -1.900000e+02 -1.256050e+01 4.410660e+01
      vertex   -1.900000e+02 -1.244320e+01 4.366883e+01
    endloop
  endfacet
  facet normal -1.000000e+00 0.000000e+00 0.000000e+00
    outer loop
      vertex   -1.900000e+02 -1.244320e+01 2.044734e+01
      vertex   -1.900000e+02 -1.244320e+01 4.366883e+01
      vertex   -1.900000e+02 -1.225167e+01 4.325809e+01
    endloop
  endfacet
  facet normal -1.000000e+00 0.000000e+00 0.000000e+00
    outer loop
      vertex   -1.900000e+02 -1.244320e+01 2.044734e+01
      vertex   -1.900000e+02 -1.225167e+01 4.325809e+01
      vertex   -1.900000e+02 -1.225167e+01 2.085809e+01
    endloop
  endfacet
  facet normal -1.000000e+00 0.000000e+00 0.000000e+00
    outer loop
      vertex   -1.900000e+02 -1.225167e+01 2.085809e+01
      vertex   -1.900000e+02 -1.225167e+01 4.325809e+01
      vertex   -1.900000e+02 -1.199172e+01 4.288684e+01
    endloop
  endfacet
  facet normal -1.000000e+00 0.000000e+00 0.000000e+00
    outer loop
      vertex   -1.900000e+02 -1.225167e+01 2.085809e+01
      vertex   -1.900000e+02 -1.199172e+01 4.288684e+01
      vertex   -1.900000e+02 -1.199172e+01 2.122933e+01
    endloop
  endfacet
  facet normal -1.000000e+00 0.000000e+00 0.000000e+00
    outer loop
      vertex   -1.900000e+02 -1.199172e+01 2.122933e+01
      vertex   -1.900000e+02 -1.199172e+01 4.288684e+01
      vertex   -1.900000e+02 -1.167125e+01 4.256637e+01
    endloop
  endfacet
  facet normal -1.000000e+00 0.000000e+00 0.000000e+00
    outer loop
      vertex   -1.900000e+02 -1.199172e+01 2.122933e+01
      vertex   -1.900000e+02 -1.167125e+01 4.256637e+01
      vertex   -1.900000e+02 -1.167125e+01 2.154980e+01
    endloop
  endfacet
  facet normal -1.000000e+00 0.000000e+00 0.000000e+00
    outer loop
      vertex   -1.900000e+02 -1.167125e+01 2.154980e+01
      vertex   -1.900000e+02 -1.167125e+01 4.256637e+01
      vertex   -1.900000e+02 -1.130000e+01 4.230642e+01
    endloop
  endfacet
  facet normal -1.000000e+00 0.000000e+00 0.000000e+00
    outer loop
      vertex   -1.900000e+02 -1.167125e+01 2.154980e+01
      vertex   -1.900000e+02 -1.130000e+01 4.230642e+01
      vertex   -1.900000e+02 -1.130000e+01 2.180975e+01
    endloop
  endfacet
  facet normal -1.000000e+00 0.000000e+00 0.000000e+00
    outer loop
      vertex   -1.900000e+02 -1.130000e+01 2.180975e+01
      vertex   -1.900000e+02 -1.130000e+01 4.230642e+01
      vertex   -1.900000e+02 -1.088925e+01 4.211489e+01
    endloop
  endfacet
  facet normal -1.000000e+00 0.000000e+00 0.000000e+00
    outer loop
      vertex   -1.900000e+02 -1.130000e+01 2.180975e+01
      vertex   -1.900000e+02 -1.088925e+01 4.211489e+01
      vertex   -1.900000e+02 -1.088925e+01 2.200129e+01
    endloop
  endfacet
  facet normal -1.000000e+00 0.000000e+00 0.000000e+00
    outer loop
      vertex   -1.900000e+02 -1.088925e+01 2.200129e+01
      vertex   -1.900000e+02 -1.088925e+01 4.211489e+01
      vertex   -1.900000e+02 -1.045149e+01 4.199759e+01
    endloop
  endfacet
  facet normal -1.000000e+00 0.000000e+00 0.000000e+00
    outer loop
      vertex   -1.900000e+02 -1.088925e+01 2.200129e+01
      vertex   -1.900000e+02 -1.045149e+01 4.199759e+01
      vertex   -1.900000e+02 -1.045149e+01 2.211859e+01
    endloop
  endfacet
  facet normal -1.000000e+00 0.000000e+00 0.000000e+00
    outer loop
      vertex   -1.900000e+02 -1.045149e+01 2.211859e+01
      vertex   -1.900000e+02 -1.045149e+01 4.199759e+01
      vertex   -1.900000e+02 1.000000e+01 3.000000e+01
    endloop
  endfacet
  facet normal -1.000000e+00 0.000000e+00 0.000000e+00
    outer loop
      vertex   -1.900000e+02 -1.045149e+01 2.211859e+01
      vertex   -1.900000e+02 1.000000e+01 3.000000e+01
      vertex   -1.900000e+02 -1.000000e+01 2.215809e+01
    endloop
  endfacet
  facet normal -1.000000e+00 0.000000e+00 0.000000e+00
    outer loop
      vertex   -1.900000e+02 -1.000000e+01 2.215809e+01
      vertex   -1.900000e+02 1.000000e+01 3.000000e+01
      vertex   -1.900000e+02 -9.548515e+00 2.211859e+01
    endloop
  endfacet
  facet normal -1.000000e+00 0.000000e+00 0.000000e+00
    outer loop
      vertex   -1.900000e+02 -9.548515e+00 2.211859e+01
      vertex   -1.900000e+02 1.000000e+01 3.000000e+01
      vertex   -1.900000e+02 -9.110748e+00 2.200129e+01
    endloop
  endfacet
  facet normal -1.000000e+00 0.000000e+00 0.000000e+00
    outer loop
      vertex   -1.900000e+02 -9.110748e+00 2.200129e+01
      vertex   -1.900000e+02 1.000000e+01 3.000000e+01
      vertex   -1.900000e+02 -8.700000e+00 2.180975e+01
    endloop
  endfacet
  facet normal -1.000000e+00 0.000000e+00 0.000000e+00
    outer loop
      vertex   -1.900000e+02 -8.700000e+00 2.180975e+01
      vertex   -1.900000e+02 1.000000e+01 3.000000e+01
      vertex   -1.900000e+02 -8.328752e+00 2.154980e+01
    endloop
  endfacet
  facet normal -1.000000e+00 0.000000e+00 0.000000e+00
    outer loop
      vertex   -1.900000e+02 -8.328752e+00 2.154980e+01
      vertex   -1.900000e+02 1.000000e+01 3.000000e+01
      vertex   -1.900000e+02 -8.008284e+00 2.122933e+01
    endloop
  endfacet
  facet normal -1.000000e+00 0.000000e+00 0.000000e+00
    outer loop
      vertex   -1.900000e+02 -8.008284e+00 2.122933e+01
      vertex   -1.900000e+02 1.000000e+01 3.000000e+01
      vertex   -1.900000e+02 3.886589e+01 1.936501e+01
    endloop
  endfacet
  facet normal -1.000000e+00 0.000000e+00 0.000000e+00
    outer loop
      vertex   -1.900000e+02 -8.008284e+00 2.122933e+01
      vertex   -1.900000e+02 3.886589e+01 1.936501e+01
      vertex   -1.900000e+02 -7.748334e+00 2.085809e+01
    endloop
  endfacet
  facet normal -1.000000e+00 0.000000e+00 0.000000e+00
    outer loop
      vertex   -1.900000e+02 -7.748334e+00 2.085809e+01
      vertex   -1.900000e+02 3.886589e+01 1.936501e+01
      vertex   -1.900000e+02 3.840901e+01 1.902300e+01
    endloop
  endfacet
  facet normal -1.000000e+00 0.000000e+00 0.000000e+00
    outer loop
      vertex   -1.900000e+02 -7.748334e+00 2.085809e+01
      vertex   -1.900000e+02 3.840901e+01 1.902300e+01
      vertex   -1.900000e+02 -7.556799e+00 2.044734e+01
    endloop
  endfacet
  facet normal -1.000000e+00 0.000000e+00 0.000000e+00
    outer loop
      vertex   -1.900000e+02 -7.556799e+00 2.044734e+01
      vertex   -1.900000e+02 3.840901e+01 1.902300e+01
      vertex   -1.900000e+02 -7.439500e+00 2.000957e+01
    endloop
  endfacet
  facet normal -1.000000e+00 0.000000e+00 0.000000e+00
    outer loop
      vertex   -1.900000e+02 -7.439500e+00 2.000957e+01
      vertex   -1.900000e+02 3.840901e+01 1.902300e+01
      vertex   -1.900000e+02 3.800545e+01 1.861944e+01
    endloop
  endfacet
  facet normal -1.000000e+00 0.000000e+00 0.000000e+00
    outer loop
      vertex   -1.900000e+02 -7.439500e+00 2.000957e+01
      vertex   -1.900000e+02 3.800545e+01 1.861944e+01
      vertex   -1.900000e+02 -7.400000e+00 1.955809e+01
    endloop
  endfacet
  facet normal -1.000000e+00 0.000000e+00 0.000000e+00
    outer loop
      vertex   -1.900000e+02 -7.400000e+00 1.955809e+01
      vertex   -1.900000e+02 3.800545e+01 1.861944e+01
      vertex   -1.900000e+02 3.766344e+01 1.816256e+01
    endloop
  endfacet
  facet normal -1.000000e+00 0.000000e+00 -0.000000e+00
    outer loop
      vertex   -1.900000e+02 -7.400000e+00 1.955809e+01
      vertex   -1.900000e+02 3.766344e+01 1.816256e+01
      vertex   -1.900000e+02 -7.439500e+00 1.910660e+01
    endloop
  endfacet
  facet normal -1.000000e+00 0.000000e+00 0.000000e+00
    outer loop
      vertex   -1.900000e+02 -7.439500e+00 1.910660e+01
      vertex   -1.900000e+02 3.766344e+01 1.816256e+01
      vertex   -1.900000e+02 3.738992e+01 1.766166e+01
    endloop
  endfacet
  facet normal -1.000000e+00 0.000000e+00 -0.000000e+00
    outer loop
      vertex   -1.900000e+02 -7.439500e+00 1.910660e+01
      vertex   -1.900000e+02 3.738992e+01 1.766166e+01
      vertex   -1.900000e+02 -7.556799e+00 1.866883e+01
    endloop
  endfacet
  facet normal -1.000000e+00 0.000000e+00 0.000000e+00
    outer loop
      vertex   -1.900000e+02 -7.556799e+00 1.866883e+01
      vertex   -1.900000e+02 3.738992e+01 1.766166e+01
      vertex   -1.900000e+02 3.719048e+01 1.712693e+01
    endloop
  endfacet
  facet normal -1.000000e+00 0.000000e+00 -0.000000e+00
    outer loop
      vertex   -1.900000e+02 -7.556799e+00 1.866883e+01
      vertex   -1.900000e+02 3.719048e+01 1.712693e+01
      vertex   -1.900000e+02 -7.748334e+00 1.825809e+01
    endloop
  endfacet
  facet normal -1.000000e+00 0.000000e+00 0.000000e+00
    outer loop
      vertex   -1.900000e+02 -7.748334e+00 1.825809e+01
      vertex   -1.900000e+02 3.719048e+01 1.712693e+01
      vertex   -1.900000e+02 3.706917e+01 1.656926e+01
    endloop
  endfacet
  facet normal -1.000000e+00 0.000000e+00 -0.000000e+00
    outer loop
      vertex   -1.900000e+02 -7.748334e+00 1.825809e+01
      vertex   -1.900000e+02 3.706917e+01 1.656926e+01
      vertex   -1.900000e+02 -8.008284e+00 1.788684e+01
    endloop
  endfacet
  facet normal -1.000000e+00 0.000000e+00 0.000000e+00
    outer loop
      vertex   -1.900000e+02 -8.008284e+00 1.788684e+01
      vertex   -1.900000e+02 3.706917e+01 1.656926e+01
      vertex   -1.900000e+02 3.702845e+01 1.600000e+01
    endloop
  endfacet
  facet normal -1.000000e+00 0.000000e+00 -0.000000e+00
    outer loop
      vertex   -1.900000e+02 -8.008284e+00 1.788684e+01
      vertex   -1.900000e+02 3.702845e+01 1.600000e+01
      vertex   -1.900000e+02 -8.328752e+00 1.756637e+01
    endloop
  endfacet
  facet normal -1.000000e+00 0.000000e+00 0.000000e+00
    outer loop
      vertex   -1.900000e+02 -8.328752e+00 1.756637e+01
      vertex   -1.900000e+02 3.702845e+01 1.600000e+01
      vertex   -1.900000e+02 3.706917e+01 1.543074e+01
    endloop
  endfacet
  facet normal -1.000000e+00 0.000000e+00 -0.000000e+00
    outer loop
      vertex   -1.900000e+02 -8.328752e+00 1.756637e+01
      vertex   -1.900000e+02 3.706917e+01 1.543074e+01
      vertex   -1.900000e+02 -8.700000e+00 1.730642e+01
    endloop
  endfacet
  facet normal -1.000000e+00 0.000000e+00 0.000000e+00
    outer loop
      vertex   -1.900000e+02 -8.700000e+00 1.730642e+01
      vertex   -1.900000e+02 3.706917e+01 1.543074e+01
      vertex   -1.900000e+02 3.719048e+01 1.487307e+01
    endloop
  endfacet
  facet normal -1.000000e+00 0.000000e+00 0.000000e+00
    outer loop
      vertex   -1.900000e+02 -8.700000e+00 1.730642e+01
      vertex   -1.900000e+02 3.719048e+01 1.487307e+01
      vertex   -1.900000e+02 3.738992e+01 1.433834e+01
    endloop
  endfacet
  facet normal -1.000000e+00 0.000000e+00 -0.000000e+00
    outer loop
      vertex   -1.900000e+02 -1.256050e+01 1.910660e+01
      vertex   -1.900000e+02 -1.244320e+01 1.866883e+01
      vertex   -1.900000e+02 -1.800000e+01 2.000000e+00
    endloop
  endfacet
  facet normal -1.000000e+00 0.000000e+00 0.000000e+00
    outer loop
      vertex   -1.900000e+02 -1.800000e+01 2.000000e+00
      vertex   -1.900000e+02 -1.244320e+01 1.866883e+01
      vertex   -1.900000e+02 -1.225167e+01 1.825809e+01
    endloop
  endfacet
  facet normal -1.000000e+00 0.000000e+00 0.000000e+00
    outer loop
      vertex   -1.900000e+02 -1.800000e+01 2.000000e+00
      vertex   -1.900000e+02 -1.225167e+01 1.825809e+01
      vertex   -1.900000e+02 -1.199172e+01 1.788684e+01
    endloop
  endfacet
  facet normal -1.000000e+00 0.000000e+00 -0.000000e+00
    outer loop
      vertex   -1.900000e+02 -1.199172e+01 1.788684e+01
      vertex   -1.900000e+02 -1.167125e+01 1.756637e+01
      vertex   -1.900000e+02 -1.800000e+01 2.000000e+00
    endloop
  endfacet
  facet normal -1.000000e+00 0.000000e+00 0.000000e+00
    outer loop
      vertex   -1.900000e+02 -1.800000e+01 2.000000e+00
      vertex   -1.900000e+02 -1.167125e+01 1.756637e+01
      vertex   -1.900000e+02 -1.130000e+01 1.730642e+01
    endloop
  endfacet
  facet normal -1.000000e+00 0.000000e+00 0.000000e+00
    outer loop
      vertex   -1.900000e+02 -1.800000e+01 2.000000e+00
      vertex   -1.900000e+02 -1.130000e+01 1.730642e+01
      vertex   -1.900000e+02 -1.088925e+01 1.711489e+01
    endloop
  endfacet
  facet normal -1.000000e+00 0.000000e+00 -0.000000e+00
    outer loop
      vertex   -1.900000e+02 -1.088925e+01 1.711489e+01
      vertex   -1.900000e+02 -1.045149e+01 1.699759e+01
      vertex   -1.900000e+02 -1.800000e+01 2.000000e+00
    endloop
  endfacet
  facet normal -1.000000e+00 0.000000e+00 0.000000e+00
    outer loop
      vertex   -1.900000e+02 -1.800000e+01 2.000000e+00
      vertex   -1.900000e+02 -1.045149e+01 1.699759e+01
      vertex   -1.900000e+02 -1.000000e+01 1.695809e+01
    endloop
  endfacet
  facet normal -1.000000e+00 0.000000e+00 0.000000e+00
    outer loop
      vertex   -1.900000e+02 -1.800000e+01 2.000000e+00
      vertex   -1.900000e+02 -1.000000e+01 1.695809e+01
      vertex   -1.900000e+02 -9.548515e+00 1.699759e+01
    endloop
  endfacet
  facet normal -1.000000e+00 0.000000e+00 -0.000000e+00
    outer loop
      vertex   -1.900000e+02 -9.110748e+00 1.711489e+01
      vertex   -1.900000e+02 3.840901e+01 1.297700e+01
      vertex   -1.900000e+02 -9.548515e+00 1.699759e+01
    endloop
  endfacet
  facet normal -1.000000e+00 0.000000e+00 0.000000e+00
    outer loop
      vertex   -1.900000e+02 -9.548515e+00 1.699759e+01
      vertex   -1.900000e+02 3.840901e+01 1.297700e+01
      vertex   -1.900000e+02 3.886589e+01 1.263499e+01
    endloop
  endfacet
  facet normal -1.000000e+00 0.000000e+00 -0.000000e+00
    outer loop
      vertex   -1.900000e+02 -9.548515e+00 1.699759e+01
      vertex   -1.900000e+02 3.886589e+01 1.263499e+01
      vertex   -1.900000e+02 -1.800000e+01 2.000000e+00
    endloop
  endfacet
  facet normal -1.000000e+00 0.000000e+00 0.000000e+00
    outer loop
      vertex   -1.900000e+02 -1.800000e+01 2.000000e+00
      vertex   -1.900000e+02 3.886589e+01 1.263499e+01
      vertex   -1.900000e+02 3.936679e+01 1.236147e+01
    endloop
  endfacet
  facet normal -1.000000e+00 0.000000e+00 0.000000e+00
    outer loop
      vertex   -1.900000e+02 -1.800000e+01 2.000000e+00
      vertex   -1.900000e+02 3.936679e+01 1.236147e+01
      vertex   -1.900000e+02 3.990152e+01 1.216203e+01
    endloop
  endfacet
  facet normal -1.000000e+00 0.000000e+00 -0.000000e+00
    outer loop
      vertex   -1.900000e+02 -8.700000e+00 1.730642e+01
      vertex   -1.900000e+02 3.738992e+01 1.433834e+01
      vertex   -1.900000e+02 -9.110748e+00 1.711489e+01
    endloop
  endfacet
  facet normal -1.000000e+00 0.000000e+00 0.000000e+00
    outer loop
      vertex   -1.900000e+02 -9.110748e+00 1.711489e+01
      vertex   -1.900000e+02 3.738992e+01 1.433834e+01
      vertex   -1.900000e+02 3.766344e+01 1.383744e+01
    endloop
  endfacet
  facet normal -1.000000e+00 0.000000e+00 0.000000e+00
    outer loop
      vertex   -1.900000e+02 -9.110748e+00 1.711489e+01
      vertex   -1.900000e+02 3.766344e+01 1.383744e+01
      vertex   -1.900000e+02 3.800545e+01 1.338056e+01
    endloop
  endfacet
  facet normal -1.000000e+00 0.000000e+00 0.000000e+00
    outer loop
      vertex   -1.900000e+02 6.315338e+01 1.901531e+01
      vertex   -1.900000e+02 1.574780e+02 1.779312e+01
      vertex   -1.900000e+02 6.317845e+01 1.872879e+01
    endloop
  endfacet
  facet normal -1.000000e+00 0.000000e+00 0.000000e+00
    outer loop
      vertex   -1.900000e+02 6.317845e+01 1.872879e+01
      vertex   -1.900000e+02 1.574780e+02 1.779312e+01
      vertex   -1.900000e+02 1.574035e+02 1.751531e+01
    endloop
  endfacet
  facet normal -1.000000e+00 0.000000e+00 -0.000000e+00
    outer loop
      vertex   -1.900000e+02 6.317845e+01 1.872879e+01
      vertex   -1.900000e+02 1.574035e+02 1.751531e+01
      vertex   -1.900000e+02 6.315338e+01 1.844227e+01
    endloop
  endfacet
  facet normal -1.000000e+00 0.000000e+00 0.000000e+00
    outer loop
      vertex   -1.900000e+02 6.315338e+01 1.844227e+01
      vertex   -1.900000e+02 1.574035e+02 1.751531e+01
      vertex   -1.900000e+02 1.573785e+02 1.722879e+01
    endloop
  endfacet
  facet normal -1.000000e+00 0.000000e+00 -0.000000e+00
    outer loop
      vertex   -1.900000e+02 6.315338e+01 1.844227e+01
      vertex   -1.900000e+02 1.573785e+02 1.722879e+01
      vertex   -1.900000e+02 6.307894e+01 1.816446e+01
    endloop
  endfacet
  facet normal -1.000000e+00 0.000000e+00 0.000000e+00
    outer loop
      vertex   -1.900000e+02 6.307894e+01 1.816446e+01
      vertex   -1.900000e+02 1.573785e+02 1.722879e+01
      vertex   -1.900000e+02 1.574035e+02 1.694227e+01
    endloop
  endfacet
  facet normal -1.000000e+00 0.000000e+00 -0.000000e+00
    outer loop
      vertex   -1.900000e+02 6.307894e+01 1.816446e+01
      vertex   -1.900000e+02 1.574035e+02 1.694227e+01
      vertex   -1.900000e+02 6.295739e+01 1.790379e+01
    endloop
  endfacet
  facet normal -1.000000e+00 0.000000e+00 0.000000e+00
    outer loop
      vertex   -1.900000e+02 6.295739e+01 1.790379e+01
      vertex   -1.900000e+02 1.574035e+02 1.694227e+01
      vertex   -1.900000e+02 1.574780e+02 1.666446e+01
    endloop
  endfacet
  facet normal -1.000000e+00 0.000000e+00 -0.000000e+00
    outer loop
      vertex   -1.900000e+02 6.295739e+01 1.790379e+01
      vertex   -1.900000e+02 1.574780e+02 1.666446e+01
      vertex   -1.900000e+02 6.279242e+01 1.766819e+01
    endloop
  endfacet
  facet normal -1.000000e+00 0.000000e+00 0.000000e+00
    outer loop
      vertex   -1.900000e+02 6.279242e+01 1.766819e+01
      vertex   -1.900000e+02 1.574780e+02 1.666446e+01
      vertex   -1.900000e+02 1.575995e+02 1.640379e+01
    endloop
  endfacet
  facet normal -1.000000e+00 0.000000e+00 -0.000000e+00
    outer loop
      vertex   -1.900000e+02 6.279242e+01 1.766819e+01
      vertex   -1.900000e+02 1.575995e+02 1.640379e+01
      vertex   -1.900000e+02 6.258905e+01 1.746482e+01
    endloop
  endfacet
  facet normal -1.000000e+00 0.000000e+00 0.000000e+00
    outer loop
      vertex   -1.900000e+02 6.258905e+01 1.746482e+01
      vertex   -1.900000e+02 1.575995e+02 1.640379e+01
      vertex   -1.900000e+02 1.577645e+02 1.616819e+01
    endloop
  endfacet
  facet normal -1.000000e+00 0.000000e+00 0.000000e+00
    outer loop
      vertex   -1.900000e+02 6.258905e+01 1.746482e+01
      vertex   -1.900000e+02 1.577645e+02 1.616819e+01
      vertex   -1.900000e+02 1.579679e+02 1.596482e+01
    endloop
  endfacet
  facet normal -1.000000e+00 0.000000e+00 0.000000e+00
    outer loop
      vertex   -1.900000e+02 1.574780e+02 1.779312e+01
      vertex   -1.900000e+02 6.315338e+01 1.901531e+01
      vertex   -1.900000e+02 1.575995e+02 1.805379e+01
    endloop
  endfacet
  facet normal -1.000000e+00 0.000000e+00 0.000000e+00
    outer loop
      vertex   -1.900000e+02 1.575995e+02 1.805379e+01
      vertex   -1.900000e+02 6.315338e+01 1.901531e+01
      vertex   -1.900000e+02 6.307894e+01 1.929312e+01
    endloop
  endfacet
  facet normal -1.000000e+00 0.000000e+00 0.000000e+00
    outer loop
      vertex   -1.900000e+02 1.575995e+02 1.805379e+01
      vertex   -1.900000e+02 6.307894e+01 1.929312e+01
      vertex   -1.900000e+02 1.577645e+02 1.828939e+01
    endloop
  endfacet
  facet normal -1.000000e+00 0.000000e+00 0.000000e+00
    outer loop
      vertex   -1.900000e+02 1.577645e+02 1.828939e+01
      vertex   -1.900000e+02 6.307894e+01 1.929312e+01
      vertex   -1.900000e+02 6.295739e+01 1.955379e+01
    endloop
  endfacet
  facet normal -1.000000e+00 0.000000e+00 0.000000e+00
    outer loop
      vertex   -1.900000e+02 1.577645e+02 1.828939e+01
      vertex   -1.900000e+02 6.295739e+01 1.955379e+01
      vertex   -1.900000e+02 1.579679e+02 1.849276e+01
    endloop
  endfacet
  facet normal -1.000000e+00 0.000000e+00 0.000000e+00
    outer loop
      vertex   -1.900000e+02 1.579679e+02 1.849276e+01
      vertex   -1.900000e+02 6.295739e+01 1.955379e+01
      vertex   -1.900000e+02 6.279242e+01 1.978939e+01
    endloop
  endfacet
  facet normal -1.000000e+00 0.000000e+00 0.000000e+00
    outer loop
      vertex   -1.900000e+02 1.579679e+02 1.849276e+01
      vertex   -1.900000e+02 6.279242e+01 1.978939e+01
      vertex   -1.900000e+02 6.258905e+01 1.999276e+01
    endloop
  endfacet
  facet normal -1.000000e+00 0.000000e+00 0.000000e+00
    outer loop
      vertex   -1.900000e+02 1.579679e+02 1.849276e+01
      vertex   -1.900000e+02 6.258905e+01 1.999276e+01
      vertex   -1.900000e+02 1.582035e+02 1.865773e+01
    endloop
  endfacet
  facet normal -1.000000e+00 0.000000e+00 0.000000e+00
    outer loop
      vertex   -1.900000e+02 1.582035e+02 1.865773e+01
      vertex   -1.900000e+02 6.258905e+01 1.999276e+01
      vertex   -1.900000e+02 6.235345e+01 2.015773e+01
    endloop
  endfacet
  facet normal -1.000000e+00 0.000000e+00 0.000000e+00
    outer loop
      vertex   -1.900000e+02 1.582035e+02 1.865773e+01
      vertex   -1.900000e+02 6.235345e+01 2.015773e+01
      vertex   -1.900000e+02 1.651285e+02 3.000000e+01
    endloop
  endfacet
  facet normal -1.000000e+00 0.000000e+00 0.000000e+00
    outer loop
      vertex   -1.900000e+02 1.651285e+02 3.000000e+01
      vertex   -1.900000e+02 6.235345e+01 2.015773e+01
      vertex   -1.900000e+02 5.492845e+01 3.000000e+01
    endloop
  endfacet
  facet normal -1.000000e+00 0.000000e+00 0.000000e+00
    outer loop
      vertex   -1.900000e+02 5.492845e+01 3.000000e+01
      vertex   -1.900000e+02 6.235345e+01 2.015773e+01
      vertex   -1.900000e+02 6.209278e+01 2.027928e+01
    endloop
  endfacet
  facet normal -1.000000e+00 0.000000e+00 0.000000e+00
    outer loop
      vertex   -1.900000e+02 5.492845e+01 3.000000e+01
      vertex   -1.900000e+02 6.209278e+01 2.027928e+01
      vertex   -1.900000e+02 6.181497e+01 2.035372e+01
    endloop
  endfacet
  facet normal -1.000000e+00 0.000000e+00 0.000000e+00
    outer loop
      vertex   -1.900000e+02 6.181497e+01 2.035372e+01
      vertex   -1.900000e+02 6.152845e+01 2.037879e+01
      vertex   -1.900000e+02 5.492845e+01 3.000000e+01
    endloop
  endfacet
  facet normal -1.000000e+00 0.000000e+00 0.000000e+00
    outer loop
      vertex   -1.900000e+02 5.492845e+01 3.000000e+01
      vertex   -1.900000e+02 6.152845e+01 2.037879e+01
      vertex   -1.900000e+02 6.124193e+01 2.035372e+01
    endloop
  endfacet
  facet normal -1.000000e+00 0.000000e+00 0.000000e+00
    outer loop
      vertex   -1.900000e+02 4.159771e+01 1.995929e+01
      vertex   -1.900000e+02 6.096412e+01 2.027928e+01
      vertex   -1.900000e+02 4.215538e+01 1.983797e+01
    endloop
  endfacet
  facet normal -1.000000e+00 0.000000e+00 0.000000e+00
    outer loop
      vertex   -1.900000e+02 4.215538e+01 1.983797e+01
      vertex   -1.900000e+02 6.096412e+01 2.027928e+01
      vertex   -1.900000e+02 6.070345e+01 2.015773e+01
    endloop
  endfacet
  facet normal -1.000000e+00 0.000000e+00 0.000000e+00
    outer loop
      vertex   -1.900000e+02 4.215538e+01 1.983797e+01
      vertex   -1.900000e+02 6.070345e+01 2.015773e+01
      vertex   -1.900000e+02 4.269011e+01 1.963853e+01
    endloop
  endfacet
  facet normal -1.000000e+00 0.000000e+00 0.000000e+00
    outer loop
      vertex   -1.900000e+02 4.269011e+01 1.963853e+01
      vertex   -1.900000e+02 6.070345e+01 2.015773e+01
      vertex   -1.900000e+02 6.046785e+01 1.999276e+01
    endloop
  endfacet
  facet normal -1.000000e+00 0.000000e+00 0.000000e+00
    outer loop
      vertex   -1.900000e+02 4.269011e+01 1.963853e+01
      vertex   -1.900000e+02 6.046785e+01 1.999276e+01
      vertex   -1.900000e+02 4.319101e+01 1.936501e+01
    endloop
  endfacet
  facet normal -1.000000e+00 0.000000e+00 0.000000e+00
    outer loop
      vertex   -1.900000e+02 4.319101e+01 1.936501e+01
      vertex   -1.900000e+02 6.046785e+01 1.999276e+01
      vertex   -1.900000e+02 6.026448e+01 1.978939e+01
    endloop
  endfacet
  facet normal -1.000000e+00 0.000000e+00 0.000000e+00
    outer loop
      vertex   -1.900000e+02 4.319101e+01 1.936501e+01
      vertex   -1.900000e+02 6.026448e+01 1.978939e+01
      vertex   -1.900000e+02 6.009951e+01 1.955379e+01
    endloop
  endfacet
  facet normal -1.000000e+00 0.000000e+00 0.000000e+00
    outer loop
      vertex   -1.900000e+02 4.319101e+01 1.936501e+01
      vertex   -1.900000e+02 6.009951e+01 1.955379e+01
      vertex   -1.900000e+02 4.364789e+01 1.902300e+01
    endloop
  endfacet
  facet normal -1.000000e+00 0.000000e+00 0.000000e+00
    outer loop
      vertex   -1.900000e+02 4.364789e+01 1.902300e+01
      vertex   -1.900000e+02 6.009951e+01 1.955379e+01
      vertex   -1.900000e+02 5.997796e+01 1.929312e+01
    endloop
  endfacet
  facet normal -1.000000e+00 0.000000e+00 0.000000e+00
    outer loop
      vertex   -1.900000e+02 4.364789e+01 1.902300e+01
      vertex   -1.900000e+02 5.997796e+01 1.929312e+01
      vertex   -1.900000e+02 4.405145e+01 1.861944e+01
    endloop
  endfacet
  facet normal -1.000000e+00 0.000000e+00 0.000000e+00
    outer loop
      vertex   -1.900000e+02 4.405145e+01 1.861944e+01
      vertex   -1.900000e+02 5.997796e+01 1.929312e+01
      vertex   -1.900000e+02 5.990352e+01 1.901531e+01
    endloop
  endfacet
  facet normal -1.000000e+00 0.000000e+00 0.000000e+00
    outer loop
      vertex   -1.900000e+02 4.405145e+01 1.861944e+01
      vertex   -1.900000e+02 5.990352e+01 1.901531e+01
      vertex   -1.900000e+02 5.987845e+01 1.872879e+01
    endloop
  endfacet
  facet normal -1.000000e+00 0.000000e+00 0.000000e+00
    outer loop
      vertex   -1.900000e+02 4.405145e+01 1.861944e+01
      vertex   -1.900000e+02 5.987845e+01 1.872879e+01
      vertex   -1.900000e+02 4.439347e+01 1.816256e+01
    endloop
  endfacet
  facet normal -1.000000e+00 0.000000e+00 0.000000e+00
    outer loop
      vertex   -1.900000e+02 4.439347e+01 1.816256e+01
      vertex   -1.900000e+02 5.987845e+01 1.872879e+01
      vertex   -1.900000e+02 5.990352e+01 1.844227e+01
    endloop
  endfacet
  facet normal -1.000000e+00 0.000000e+00 0.000000e+00
    outer loop
      vertex   -1.900000e+02 4.439347e+01 1.816256e+01
      vertex   -1.900000e+02 5.990352e+01 1.844227e+01
      vertex   -1.900000e+02 4.466698e+01 1.766166e+01
    endloop
  endfacet
  facet normal -1.000000e+00 0.000000e+00 0.000000e+00
    outer loop
      vertex   -1.900000e+02 4.466698e+01 1.766166e+01
      vertex   -1.900000e+02 5.990352e+01 1.844227e+01
      vertex   -1.900000e+02 5.997796e+01 1.816446e+01
    endloop
  endfacet
  facet normal -1.000000e+00 0.000000e+00 0.000000e+00
    outer loop
      vertex   -1.900000e+02 4.466698e+01 1.766166e+01
      vertex   -1.900000e+02 5.997796e+01 1.816446e+01
      vertex   -1.900000e+02 6.009951e+01 1.790379e+01
    endloop
  endfacet
  facet normal -1.000000e+00 0.000000e+00 0.000000e+00
    outer loop
      vertex   -1.900000e+02 4.466698e+01 1.766166e+01
      vertex   -1.900000e+02 6.009951e+01 1.790379e+01
      vertex   -1.900000e+02 4.486642e+01 1.712693e+01
    endloop
  endfacet
  facet normal -1.000000e+00 0.000000e+00 0.000000e+00
    outer loop
      vertex   -1.900000e+02 4.486642e+01 1.712693e+01
      vertex   -1.900000e+02 6.009951e+01 1.790379e+01
      vertex   -1.900000e+02 6.026448e+01 1.766819e+01
    endloop
  endfacet
  facet normal -1.000000e+00 0.000000e+00 0.000000e+00
    outer loop
      vertex   -1.900000e+02 4.486642e+01 1.712693e+01
      vertex   -1.900000e+02 6.026448e+01 1.766819e+01
      vertex   -1.900000e+02 4.498774e+01 1.656926e+01
    endloop
  endfacet
  facet normal -1.000000e+00 0.000000e+00 0.000000e+00
    outer loop
      vertex   -1.900000e+02 4.498774e+01 1.656926e+01
      vertex   -1.900000e+02 6.026448e+01 1.766819e+01
      vertex   -1.900000e+02 6.046785e+01 1.746482e+01
    endloop
  endfacet
  facet normal -1.000000e+00 0.000000e+00 0.000000e+00
    outer loop
      vertex   -1.900000e+02 4.498774e+01 1.656926e+01
      vertex   -1.900000e+02 6.046785e+01 1.746482e+01
      vertex   -1.900000e+02 6.070345e+01 1.729985e+01
    endloop
  endfacet
  facet normal -1.000000e+00 0.000000e+00 0.000000e+00
    outer loop
      vertex   -1.900000e+02 4.498774e+01 1.656926e+01
      vertex   -1.900000e+02 6.070345e+01 1.729985e+01
      vertex   -1.900000e+02 4.502845e+01 1.600000e+01
    endloop
  endfacet
  facet normal -1.000000e+00 0.000000e+00 0.000000e+00
    outer loop
      vertex   -1.900000e+02 4.502845e+01 1.600000e+01
      vertex   -1.900000e+02 6.070345e+01 1.729985e+01
      vertex   -1.900000e+02 6.096412e+01 1.717830e+01
    endloop
  endfacet
  facet normal -1.000000e+00 0.000000e+00 -0.000000e+00
    outer loop
      vertex   -1.900000e+02 4.502845e+01 1.600000e+01
      vertex   -1.900000e+02 6.096412e+01 1.717830e+01
      vertex   -1.900000e+02 4.498774e+01 1.543074e+01
    endloop
  endfacet
  facet normal -1.000000e+00 0.000000e+00 0.000000e+00
    outer loop
      vertex   -1.900000e+02 4.498774e+01 1.543074e+01
      vertex   -1.900000e+02 6.096412e+01 1.717830e+01
      vertex   -1.900000e+02 6.124193e+01 1.710386e+01
    endloop
  endfacet
  facet normal -1.000000e+00 0.000000e+00 -0.000000e+00
    outer loop
      vertex   -1.900000e+02 4.498774e+01 1.543074e+01
      vertex   -1.900000e+02 6.124193e+01 1.710386e+01
      vertex   -1.900000e+02 4.486642e+01 1.487307e+01
    endloop
  endfacet
  facet normal -1.000000e+00 0.000000e+00 -0.000000e+00
    outer loop
      vertex   -1.900000e+02 4.486642e+01 1.487307e+01
      vertex   -1.900000e+02 6.124193e+01 1.710386e+01
      vertex   -1.900000e+02 4.466698e+01 1.433834e+01
    endloop
  endfacet
  facet normal -1.000000e+00 0.000000e+00 -0.000000e+00
    outer loop
      vertex   -1.900000e+02 4.466698e+01 1.433834e+01
      vertex   -1.900000e+02 6.124193e+01 1.710386e+01
      vertex   -1.900000e+02 4.439347e+01 1.383744e+01
    endloop
  endfacet
  facet normal -1.000000e+00 0.000000e+00 0.000000e+00
    outer loop
      vertex   -1.900000e+02 4.439347e+01 1.383744e+01
      vertex   -1.900000e+02 6.124193e+01 1.710386e+01
      vertex   -1.900000e+02 6.152845e+01 1.707879e+01
    endloop
  endfacet
  facet normal -1.000000e+00 0.000000e+00 -0.000000e+00
    outer loop
      vertex   -1.900000e+02 4.439347e+01 1.383744e+01
      vertex   -1.900000e+02 6.152845e+01 1.707879e+01
      vertex   -1.900000e+02 4.405145e+01 1.338056e+01
    endloop
  endfacet
  facet normal -1.000000e+00 0.000000e+00 -0.000000e+00
    outer loop
      vertex   -1.900000e+02 4.405145e+01 1.338056e+01
      vertex   -1.900000e+02 6.152845e+01 1.707879e+01
      vertex   -1.900000e+02 4.364789e+01 1.297700e+01
    endloop
  endfacet
  facet normal -1.000000e+00 0.000000e+00 -0.000000e+00
    outer loop
      vertex   -1.900000e+02 4.364789e+01 1.297700e+01
      vertex   -1.900000e+02 6.152845e+01 1.707879e+01
      vertex   -1.900000e+02 4.319101e+01 1.263499e+01
    endloop
  endfacet
  facet normal -1.000000e+00 0.000000e+00 0.000000e+00
    outer loop
      vertex   -1.900000e+02 4.319101e+01 1.263499e+01
      vertex   -1.900000e+02 6.152845e+01 1.707879e+01
      vertex   -1.900000e+02 6.181497e+01 1.710386e+01
    endloop
  endfacet
  facet normal -1.000000e+00 0.000000e+00 -0.000000e+00
    outer loop
      vertex   -1.900000e+02 4.319101e+01 1.263499e+01
      vertex   -1.900000e+02 6.181497e+01 1.710386e+01
      vertex   -1.900000e+02 4.269011e+01 1.236147e+01
    endloop
  endfacet
  facet normal -1.000000e+00 0.000000e+00 -0.000000e+00
    outer loop
      vertex   -1.900000e+02 4.269011e+01 1.236147e+01
      vertex   -1.900000e+02 6.181497e+01 1.710386e+01
      vertex   -1.900000e+02 4.215538e+01 1.216203e+01
    endloop
  endfacet
  facet normal -1.000000e+00 0.000000e+00 0.000000e+00
    outer loop
      vertex   -1.900000e+02 4.215538e+01 1.216203e+01
      vertex   -1.900000e+02 6.181497e+01 1.710386e+01
      vertex   -1.900000e+02 1.730285e+02 2.000000e+00
    endloop
  endfacet
  facet normal -1.000000e+00 0.000000e+00 -0.000000e+00
    outer loop
      vertex   -1.900000e+02 4.215538e+01 1.216203e+01
      vertex   -1.900000e+02 1.730285e+02 2.000000e+00
      vertex   -1.900000e+02 4.159771e+01 1.204071e+01
    endloop
  endfacet
  facet normal -1.000000e+00 0.000000e+00 -0.000000e+00
    outer loop
      vertex   -1.900000e+02 4.159771e+01 1.204071e+01
      vertex   -1.900000e+02 1.730285e+02 2.000000e+00
      vertex   -1.900000e+02 -1.800000e+01 2.000000e+00
    endloop
  endfacet
  facet normal -1.000000e+00 0.000000e+00 0.000000e+00
    outer loop
      vertex   -1.900000e+02 4.159771e+01 1.204071e+01
      vertex   -1.900000e+02 -1.800000e+01 2.000000e+00
      vertex   -1.900000e+02 4.102845e+01 1.200000e+01
    endloop
  endfacet
  facet normal -1.000000e+00 -0.000000e+00 0.000000e+00
    outer loop
      vertex   -1.900000e+02 4.102845e+01 1.200000e+01
      vertex   -1.900000e+02 -1.800000e+01 2.000000e+00
      vertex   -1.900000e+02 4.045919e+01 1.204071e+01
    endloop
  endfacet
  facet normal -1.000000e+00 -0.000000e+00 0.000000e+00
    outer loop
      vertex   -1.900000e+02 4.045919e+01 1.204071e+01
      vertex   -1.900000e+02 -1.800000e+01 2.000000e+00
      vertex   -1.900000e+02 3.990152e+01 1.216203e+01
    endloop
  endfacet
  facet normal -1.000000e+00 0.000000e+00 0.000000e+00
    outer loop
      vertex   -1.900000e+02 6.181497e+01 1.710386e+01
      vertex   -1.900000e+02 6.209278e+01 1.717830e+01
      vertex   -1.900000e+02 1.730285e+02 2.000000e+00
    endloop
  endfacet
  facet normal -1.000000e+00 0.000000e+00 0.000000e+00
    outer loop
      vertex   -1.900000e+02 1.730285e+02 2.000000e+00
      vertex   -1.900000e+02 6.209278e+01 1.717830e+01
      vertex   -1.900000e+02 1.584641e+02 1.567830e+01
    endloop
  endfacet
  facet normal -1.000000e+00 0.000000e+00 0.000000e+00
    outer loop
      vertex   -1.900000e+02 1.730285e+02 2.000000e+00
      vertex   -1.900000e+02 1.584641e+02 1.567830e+01
      vertex   -1.900000e+02 1.587419e+02 1.560386e+01
    endloop
  endfacet
  facet normal -1.000000e+00 0.000000e+00 0.000000e+00
    outer loop
      vertex   -1.900000e+02 1.584641e+02 1.567830e+01
      vertex   -1.900000e+02 6.209278e+01 1.717830e+01
      vertex   -1.900000e+02 1.582035e+02 1.579985e+01
    endloop
  endfacet
  facet normal -1.000000e+00 0.000000e+00 0.000000e+00
    outer loop
      vertex   -1.900000e+02 1.582035e+02 1.579985e+01
      vertex   -1.900000e+02 6.209278e+01 1.717830e+01
      vertex   -1.900000e+02 6.235345e+01 1.729985e+01
    endloop
  endfacet
  facet normal -1.000000e+00 0.000000e+00 0.000000e+00
    outer loop
      vertex   -1.900000e+02 1.582035e+02 1.579985e+01
      vertex   -1.900000e+02 6.235345e+01 1.729985e+01
      vertex   -1.900000e+02 1.579679e+02 1.596482e+01
    endloop
  endfacet
  facet normal -1.000000e+00 0.000000e+00 0.000000e+00
    outer loop
      vertex   -1.900000e+02 1.579679e+02 1.596482e+01
      vertex   -1.900000e+02 6.235345e+01 1.729985e+01
      vertex   -1.900000e+02 6.258905e+01 1.746482e+01
    endloop
  endfacet
  facet normal -1.000000e+00 0.000000e+00 0.000000e+00
    outer loop
      vertex   -1.900000e+02 1.606534e+02 1.694227e+01
      vertex   -1.900000e+02 1.606785e+02 1.722879e+01
      vertex   -1.900000e+02 1.730285e+02 2.000000e+00
    endloop
  endfacet
  facet normal -1.000000e+00 0.000000e+00 0.000000e+00
    outer loop
      vertex   -1.900000e+02 1.730285e+02 2.000000e+00
      vertex   -1.900000e+02 1.606785e+02 1.722879e+01
      vertex   -1.900000e+02 1.606534e+02 1.751531e+01
    endloop
  endfacet
  facet normal -1.000000e+00 0.000000e+00 0.000000e+00
    outer loop
      vertex   -1.900000e+02 1.730285e+02 2.000000e+00
      vertex   -1.900000e+02 1.606534e+02 1.751531e+01
      vertex   -1.900000e+02 1.651285e+02 3.000000e+01
    endloop
  endfacet
  facet normal -1.000000e+00 0.000000e+00 0.000000e+00
    outer loop
      vertex   -1.900000e+02 1.651285e+02 3.000000e+01
      vertex   -1.900000e+02 1.606534e+02 1.751531e+01
      vertex   -1.900000e+02 1.605789e+02 1.779312e+01
    endloop
  endfacet
  facet normal -1.000000e+00 0.000000e+00 0.000000e+00
    outer loop
      vertex   -1.900000e+02 1.651285e+02 3.000000e+01
      vertex   -1.900000e+02 1.605789e+02 1.779312e+01
      vertex   -1.900000e+02 1.604574e+02 1.805379e+01
    endloop
  endfacet
  facet normal -1.000000e+00 0.000000e+00 0.000000e+00
    outer loop
      vertex   -1.900000e+02 1.604574e+02 1.805379e+01
      vertex   -1.900000e+02 1.602924e+02 1.828939e+01
      vertex   -1.900000e+02 1.651285e+02 3.000000e+01
    endloop
  endfacet
  facet normal -1.000000e+00 0.000000e+00 0.000000e+00
    outer loop
      vertex   -1.900000e+02 1.651285e+02 3.000000e+01
      vertex   -1.900000e+02 1.602924e+02 1.828939e+01
      vertex   -1.900000e+02 1.600891e+02 1.849276e+01
    endloop
  endfacet
  facet normal -1.000000e+00 0.000000e+00 0.000000e+00
    outer loop
      vertex   -1.900000e+02 1.651285e+02 3.000000e+01
      vertex   -1.900000e+02 1.600891e+02 1.849276e+01
      vertex   -1.900000e+02 1.598535e+02 1.865773e+01
    endloop
  endfacet
  facet normal -1.000000e+00 0.000000e+00 0.000000e+00
    outer loop
      vertex   -1.900000e+02 1.598535e+02 1.865773e+01
      vertex   -1.900000e+02 1.595928e+02 1.877928e+01
      vertex   -1.900000e+02 1.651285e+02 3.000000e+01
    endloop
  endfacet
  facet normal -1.000000e+00 0.000000e+00 0.000000e+00
    outer loop
      vertex   -1.900000e+02 1.651285e+02 3.000000e+01
      vertex   -1.900000e+02 1.595928e+02 1.877928e+01
      vertex   -1.900000e+02 1.593150e+02 1.885372e+01
    endloop
  endfacet
  facet normal -1.000000e+00 0.000000e+00 0.000000e+00
    outer loop
      vertex   -1.900000e+02 1.651285e+02 3.000000e+01
      vertex   -1.900000e+02 1.593150e+02 1.885372e+01
      vertex   -1.900000e+02 1.590285e+02 1.887879e+01
    endloop
  endfacet
  facet normal -1.000000e+00 -0.000000e+00 0.000000e+00
    outer loop
      vertex   -1.900000e+02 1.590285e+02 1.887879e+01
      vertex   -1.900000e+02 1.587419e+02 1.885372e+01
      vertex   -1.900000e+02 1.651285e+02 3.000000e+01
    endloop
  endfacet
  facet normal -1.000000e+00 0.000000e+00 0.000000e+00
    outer loop
      vertex   -1.900000e+02 1.651285e+02 3.000000e+01
      vertex   -1.900000e+02 1.587419e+02 1.885372e+01
      vertex   -1.900000e+02 1.584641e+02 1.877928e+01
    endloop
  endfacet
  facet normal -1.000000e+00 0.000000e+00 0.000000e+00
    outer loop
      vertex   -1.900000e+02 1.651285e+02 3.000000e+01
      vertex   -1.900000e+02 1.584641e+02 1.877928e+01
      vertex   -1.900000e+02 1.582035e+02 1.865773e+01
    endloop
  endfacet
  facet normal -1.000000e+00 0.000000e+00 0.000000e+00
    outer loop
      vertex   -1.900000e+02 1.587419e+02 1.560386e+01
      vertex   -1.900000e+02 1.590285e+02 1.557879e+01
      vertex   -1.900000e+02 1.730285e+02 2.000000e+00
    endloop
  endfacet
  facet normal -1.000000e+00 0.000000e+00 0.000000e+00
    outer loop
      vertex   -1.900000e+02 1.730285e+02 2.000000e+00
      vertex   -1.900000e+02 1.590285e+02 1.557879e+01
      vertex   -1.900000e+02 1.593150e+02 1.560386e+01
    endloop
  endfacet
  facet normal -1.000000e+00 0.000000e+00 0.000000e+00
    outer loop
      vertex   -1.900000e+02 1.730285e+02 2.000000e+00
      vertex   -1.900000e+02 1.593150e+02 1.560386e+01
      vertex   -1.900000e+02 1.595928e+02 1.567830e+01
    endloop
  endfacet
  facet normal -1.000000e+00 0.000000e+00 0.000000e+00
    outer loop
      vertex   -1.900000e+02 1.595928e+02 1.567830e+01
      vertex   -1.900000e+02 1.598535e+02 1.579985e+01
      vertex   -1.900000e+02 1.730285e+02 2.000000e+00
    endloop
  endfacet
  facet normal -1.000000e+00 0.000000e+00 0.000000e+00
    outer loop
      vertex   -1.900000e+02 1.730285e+02 2.000000e+00
      vertex   -1.900000e+02 1.598535e+02 1.579985e+01
      vertex   -1.900000e+02 1.600891e+02 1.596482e+01
    endloop
  endfacet
  facet normal -1.000000e+00 0.000000e+00 0.000000e+00
    outer loop
      vertex   -1.900000e+02 1.730285e+02 2.000000e+00
      vertex   -1.900000e+02 1.600891e+02 1.596482e+01
      vertex   -1.900000e+02 1.602924e+02 1.616819e+01
    endloop
  endfacet
  facet normal -1.000000e+00 0.000000e+00 0.000000e+00
    outer loop
      vertex   -1.900000e+02 1.602924e+02 1.616819e+01
      vertex   -1.900000e+02 1.604574e+02 1.640379e+01
      vertex   -1.900000e+02 1.730285e+02 2.000000e+00
    endloop
  endfacet
  facet normal -1.000000e+00 0.000000e+00 0.000000e+00
    outer loop
      vertex   -1.900000e+02 1.730285e+02 2.000000e+00
      vertex   -1.900000e+02 1.604574e+02 1.640379e+01
      vertex   -1.900000e+02 1.605789e+02 1.666446e+01
    endloop
  endfacet
  facet normal -1.000000e+00 0.000000e+00 0.000000e+00
    outer loop
      vertex   -1.900000e+02 1.730285e+02 2.000000e+00
      vertex   -1.900000e+02 1.605789e+02 1.666446e+01
      vertex   -1.900000e+02 1.606534e+02 1.694227e+01
    endloop
  endfacet
  facet normal -1.000000e+00 0.000000e+00 0.000000e+00
    outer loop
      vertex   -1.900000e+02 1.730285e+02 2.000000e+00
      vertex   -1.900000e+02 1.651285e+02 3.000000e+01
      vertex   -1.900000e+02 1.730285e+02 5.800000e+01
    endloop
  endfacet
  facet normal -1.000000e+00 0.000000e+00 0.000000e+00
    outer loop
      vertex   -1.900000e+02 1.730285e+02 5.800000e+01
      vertex   -1.900000e+02 1.651285e+02 3.000000e+01
      vertex   -1.900000e+02 1.651285e+02 5.200000e+01
    endloop
  endfacet
  facet normal -1.000000e+00 0.000000e+00 0.000000e+00
    outer loop
      vertex   -1.900000e+02 1.730285e+02 5.800000e+01
      vertex   -1.900000e+02 1.651285e+02 5.200000e+01
      vertex   -1.900000e+02 5.492845e+01 5.200000e+01
    endloop
  endfacet
  facet normal -1.000000e+00 -0.000000e+00 -0.000000e+00
    outer loop
      vertex   -1.900000e+02 3.800545e+01 1.338056e+01
      vertex   -1.900000e+02 3.840901e+01 1.297700e+01
      vertex   -1.900000e+02 -9.110748e+00 1.711489e+01
    endloop
  endfacet
  facet normal -1.000000e+00 0.000000e+00 0.000000e+00
    outer loop
      vertex   -1.900000e+02 4.159771e+01 1.995929e+01
      vertex   -1.900000e+02 4.102845e+01 2.000000e+01
      vertex   -1.900000e+02 4.502845e+01 3.000000e+01
    endloop
  endfacet
  facet normal -1.000000e+00 0.000000e+00 0.000000e+00
    outer loop
      vertex   -1.900000e+02 4.502845e+01 3.000000e+01
      vertex   -1.900000e+02 4.102845e+01 2.000000e+01
      vertex   -1.900000e+02 4.045919e+01 1.995929e+01
    endloop
  endfacet
  facet normal -1.000000e+00 -0.000000e+00 0.000000e+00
    outer loop
      vertex   -1.900000e+02 3.936679e+01 1.963853e+01
      vertex   -1.900000e+02 3.886589e+01 1.936501e+01
      vertex   -1.900000e+02 1.000000e+01 3.000000e+01
    endloop
  endfacet
  facet normal -1.000000e+00 0.000000e+00 0.000000e+00
    outer loop
      vertex   -1.900000e+02 -1.800000e+01 5.800000e+01
      vertex   -1.900000e+02 1.730285e+02 5.800000e+01
      vertex   -1.900000e+02 5.492845e+01 5.200000e+01
    endloop
  endfacet
  facet normal 0.000000e+00 9.974521e-01 -7.133918e-02
    outer loop
      vertex   -1.900000e+02 3.706917e+01 1.656926e+01
      vertex   -1.800000e+02 3.706917e+01 1.656926e+01
      vertex   -1.900000e+02 3.702845e+01 1.600000e+01
    endloop
  endfacet
  facet normal 0.000000e+00 9.974521e-01 -7.133918e-02
    outer loop
      vertex   -1.900000e+02 3.702845e+01 1.600000e+01
      vertex   -1.800000e+02 3.706917e+01 1.656926e+01
      vertex   -1.800000e+02 3.702845e+01 1.600000e+01
    endloop
  endfacet
  facet normal -0.000000e+00 9.974521e-01 7.133918e-02
    outer loop
      vertex   -1.900000e+02 3.702845e+01 1.600000e+01
      vertex   -1.800000e+02 3.702845e+01 1.600000e+01
      vertex   -1.900000e+02 3.706917e+01 1.543074e+01
    endloop
  endfacet
  facet normal -0.000000e+00 9.974521e-01 7.133918e-02
    outer loop
      vertex   -1.900000e+02 3.706917e+01 1.543074e+01
      vertex   -1.800000e+02 3.702845e+01 1.600000e+01
      vertex   -1.800000e+02 3.706917e+01 1.543074e+01
    endloop
  endfacet
  facet normal -0.000000e+00 9.771469e-01 2.125653e-01
    outer loop
      vertex   -1.900000e+02 3.706917e+01 1.543074e+01
      vertex   -1.800000e+02 3.706917e+01 1.543074e+01
      vertex   -1.800000e+02 3.719048e+01 1.487307e+01
    endloop
  endfacet
  facet normal 0.000000e+00 9.771469e-01 -2.125653e-01
    outer loop
      vertex   -1.900000e+02 3.706917e+01 1.656926e+01
      vertex   -1.900000e+02 3.719048e+01 1.712693e+01
      vertex   -1.800000e+02 3.706917e+01 1.656926e+01
    endloop
  endfacet
  facet normal 0.000000e+00 9.771469e-01 -2.125653e-01
    outer loop
      vertex   -1.800000e+02 3.706917e+01 1.656926e+01
      vertex   -1.900000e+02 3.719048e+01 1.712693e+01
      vertex   -1.800000e+02 3.719048e+01 1.712693e+01
    endloop
  endfacet
  facet normal 0.000000e+00 9.369497e-01 -3.494642e-01
    outer loop
      vertex   -1.800000e+02 3.719048e+01 1.712693e+01
      vertex   -1.900000e+02 3.719048e+01 1.712693e+01
      vertex   -1.900000e+02 3.738992e+01 1.766166e+01
    endloop
  endfacet
  facet normal 0.000000e+00 9.369497e-01 -3.494642e-01
    outer loop
      vertex   -1.800000e+02 3.719048e+01 1.712693e+01
      vertex   -1.900000e+02 3.738992e+01 1.766166e+01
      vertex   -1.800000e+02 3.738992e+01 1.766166e+01
    endloop
  endfacet
  facet normal 0.000000e+00 8.776790e-01 -4.792490e-01
    outer loop
      vertex   -1.800000e+02 3.738992e+01 1.766166e+01
      vertex   -1.900000e+02 3.738992e+01 1.766166e+01
      vertex   -1.900000e+02 3.766344e+01 1.816256e+01
    endloop
  endfacet
  facet normal 0.000000e+00 8.776790e-01 -4.792490e-01
    outer loop
      vertex   -1.800000e+02 3.738992e+01 1.766166e+01
      vertex   -1.900000e+02 3.766344e+01 1.816256e+01
      vertex   -1.800000e+02 3.766344e+01 1.816256e+01
    endloop
  endfacet
  facet normal 0.000000e+00 8.005412e-01 -5.992777e-01
    outer loop
      vertex   -1.800000e+02 3.766344e+01 1.816256e+01
      vertex   -1.900000e+02 3.766344e+01 1.816256e+01
      vertex   -1.900000e+02 3.800545e+01 1.861944e+01
    endloop
  endfacet
  facet normal 0.000000e+00 8.005412e-01 -5.992777e-01
    outer loop
      vertex   -1.800000e+02 3.766344e+01 1.816256e+01
      vertex   -1.900000e+02 3.800545e+01 1.861944e+01
      vertex   -1.800000e+02 3.800545e+01 1.861944e+01
    endloop
  endfacet
  facet normal 0.000000e+00 7.071068e-01 -7.071068e-01
    outer loop
      vertex   -1.800000e+02 3.800545e+01 1.861944e+01
      vertex   -1.900000e+02 3.800545e+01 1.861944e+01
      vertex   -1.900000e+02 3.840901e+01 1.902300e+01
    endloop
  endfacet
  facet normal 0.000000e+00 7.071068e-01 -7.071068e-01
    outer loop
      vertex   -1.800000e+02 3.800545e+01 1.861944e+01
      vertex   -1.900000e+02 3.840901e+01 1.902300e+01
      vertex   -1.800000e+02 3.840901e+01 1.902300e+01
    endloop
  endfacet
  facet normal 0.000000e+00 5.992777e-01 -8.005412e-01
    outer loop
      vertex   -1.800000e+02 3.840901e+01 1.902300e+01
      vertex   -1.900000e+02 3.840901e+01 1.902300e+01
      vertex   -1.900000e+02 3.886589e+01 1.936501e+01
    endloop
  endfacet
  facet normal 0.000000e+00 5.992777e-01 -8.005412e-01
    outer loop
      vertex   -1.800000e+02 3.840901e+01 1.902300e+01
      vertex   -1.900000e+02 3.886589e+01 1.936501e+01
      vertex   -1.800000e+02 3.886589e+01 1.936501e+01
    endloop
  endfacet
  facet normal 0.000000e+00 4.792490e-01 -8.776790e-01
    outer loop
      vertex   -1.800000e+02 3.886589e+01 1.936501e+01
      vertex   -1.900000e+02 3.886589e+01 1.936501e+01
      vertex   -1.900000e+02 3.936679e+01 1.963853e+01
    endloop
  endfacet
  facet normal -3.112520e-16 4.792490e-01 -8.776790e-01
    outer loop
      vertex   -1.800000e+02 3.886589e+01 1.936501e+01
      vertex   -1.900000e+02 3.936679e+01 1.963853e+01
      vertex   -1.800000e+02 3.936679e+01 1.963853e+01
    endloop
  endfacet
  facet normal -3.328714e-16 3.494642e-01 -9.369497e-01
    outer loop
      vertex   -1.800000e+02 3.936679e+01 1.963853e+01
      vertex   -1.900000e+02 3.936679e+01 1.963853e+01
      vertex   -1.900000e+02 3.990152e+01 1.983797e+01
    endloop
  endfacet
  facet normal 0.000000e+00 3.494642e-01 -9.369497e-01
    outer loop
      vertex   -1.800000e+02 3.936679e+01 1.963853e+01
      vertex   -1.900000e+02 3.990152e+01 1.983797e+01
      vertex   -1.800000e+02 3.990152e+01 1.983797e+01
    endloop
  endfacet
  facet normal 0.000000e+00 2.125653e-01 -9.771469e-01
    outer loop
      vertex   -1.800000e+02 3.990152e+01 1.983797e+01
      vertex   -1.900000e+02 3.990152e+01 1.983797e+01
      vertex   -1.900000e+02 4.045919e+01 1.995929e+01
    endloop
  endfacet
  facet normal 0.000000e+00 2.125653e-01 -9.771469e-01
    outer loop
      vertex   -1.800000e+02 3.990152e+01 1.983797e+01
      vertex   -1.900000e+02 4.045919e+01 1.995929e+01
      vertex   -1.800000e+02 4.045919e+01 1.995929e+01
    endloop
  endfacet
  facet normal 0.000000e+00 7.133918e-02 -9.974521e-01
    outer loop
      vertex   -1.800000e+02 4.045919e+01 1.995929e+01
      vertex   -1.900000e+02 4.045919e+01 1.995929e+01
      vertex   -1.900000e+02 4.102845e+01 2.000000e+01
    endloop
  endfacet
  facet normal 0.000000e+00 7.133918e-02 -9.974521e-01
    outer loop
      vertex   -1.800000e+02 4.045919e+01 1.995929e+01
      vertex   -1.900000e+02 4.102845e+01 2.000000e+01
      vertex   -1.800000e+02 4.102845e+01 2.000000e+01
    endloop
  endfacet
  facet normal -0.000000e+00 -7.133918e-02 -9.974521e-01
    outer loop
      vertex   -1.800000e+02 4.102845e+01 2.000000e+01
      vertex   -1.900000e+02 4.102845e+01 2.000000e+01
      vertex   -1.900000e+02 4.159771e+01 1.995929e+01
    endloop
  endfacet
  facet normal 0.000000e+00 -7.133918e-02 -9.974521e-01
    outer loop
      vertex   -1.800000e+02 4.102845e+01 2.000000e+01
      vertex   -1.900000e+02 4.159771e+01 1.995929e+01
      vertex   -1.800000e+02 4.159771e+01 1.995929e+01
    endloop
  endfacet
  facet normal -0.000000e+00 -2.125653e-01 -9.771469e-01
    outer loop
      vertex   -1.800000e+02 4.159771e+01 1.995929e+01
      vertex   -1.900000e+02 4.159771e+01 1.995929e+01
      vertex   -1.900000e+02 4.215538e+01 1.983797e+01
    endloop
  endfacet
  facet normal 0.000000e+00 -2.125653e-01 -9.771469e-01
    outer loop
      vertex   -1.800000e+02 4.159771e+01 1.995929e+01
      vertex   -1.900000e+02 4.215538e+01 1.983797e+01
      vertex   -1.800000e+02 4.215538e+01 1.983797e+01
    endloop
  endfacet
  facet normal -0.000000e+00 -3.494642e-01 -9.369497e-01
    outer loop
      vertex   -1.800000e+02 4.215538e+01 1.983797e+01
      vertex   -1.900000e+02 4.215538e+01 1.983797e+01
      vertex   -1.900000e+02 4.269011e+01 1.963853e+01
    endloop
  endfacet
  facet normal 0.000000e+00 -3.494642e-01 -9.369497e-01
    outer loop
      vertex   -1.800000e+02 4.215538e+01 1.983797e+01
      vertex   -1.900000e+02 4.269011e+01 1.963853e+01
      vertex   -1.800000e+02 4.269011e+01 1.963853e+01
    endloop
  endfacet
  facet normal -0.000000e+00 -4.792490e-01 -8.776790e-01
    outer loop
      vertex   -1.800000e+02 4.269011e+01 1.963853e+01
      vertex   -1.900000e+02 4.269011e+01 1.963853e+01
      vertex   -1.900000e+02 4.319101e+01 1.936501e+01
    endloop
  endfacet
  facet normal 0.000000e+00 -4.792490e-01 -8.776790e-01
    outer loop
      vertex   -1.800000e+02 4.269011e+01 1.963853e+01
      vertex   -1.900000e+02 4.319101e+01 1.936501e+01
      vertex   -1.800000e+02 4.319101e+01 1.936501e+01
    endloop
  endfacet
  facet normal -0.000000e+00 -5.992777e-01 -8.005412e-01
    outer loop
      vertex   -1.800000e+02 4.319101e+01 1.936501e+01
      vertex   -1.900000e+02 4.319101e+01 1.936501e+01
      vertex   -1.900000e+02 4.364789e+01 1.902300e+01
    endloop
  endfacet
  facet normal 0.000000e+00 -5.992777e-01 -8.005412e-01
    outer loop
      vertex   -1.800000e+02 4.319101e+01 1.936501e+01
      vertex   -1.900000e+02 4.364789e+01 1.902300e+01
      vertex   -1.800000e+02 4.364789e+01 1.902300e+01
    endloop
  endfacet
  facet normal -0.000000e+00 -7.071068e-01 -7.071068e-01
    outer loop
      vertex   -1.800000e+02 4.364789e+01 1.902300e+01
      vertex   -1.900000e+02 4.364789e+01 1.902300e+01
      vertex   -1.900000e+02 4.405145e+01 1.861944e+01
    endloop
  endfacet
  facet normal 0.000000e+00 -7.071068e-01 -7.071068e-01
    outer loop
      vertex   -1.800000e+02 4.364789e+01 1.902300e+01
      vertex   -1.900000e+02 4.405145e+01 1.861944e+01
      vertex   -1.800000e+02 4.405145e+01 1.861944e+01
    endloop
  endfacet
  facet normal -0.000000e+00 -8.005412e-01 -5.992777e-01
    outer loop
      vertex   -1.800000e+02 4.405145e+01 1.861944e+01
      vertex   -1.900000e+02 4.405145e+01 1.861944e+01
      vertex   -1.900000e+02 4.439347e+01 1.816256e+01
    endloop
  endfacet
  facet normal 0.000000e+00 -8.005412e-01 -5.992777e-01
    outer loop
      vertex   -1.800000e+02 4.405145e+01 1.861944e+01
      vertex   -1.900000e+02 4.439347e+01 1.816256e+01
      vertex   -1.800000e+02 4.439347e+01 1.816256e+01
    endloop
  endfacet
  facet normal -0.000000e+00 -8.776790e-01 -4.792490e-01
    outer loop
      vertex   -1.800000e+02 4.439347e+01 1.816256e+01
      vertex   -1.900000e+02 4.439347e+01 1.816256e+01
      vertex   -1.900000e+02 4.466698e+01 1.766166e+01
    endloop
  endfacet
  facet normal 0.000000e+00 -8.776790e-01 -4.792490e-01
    outer loop
      vertex   -1.800000e+02 4.439347e+01 1.816256e+01
      vertex   -1.900000e+02 4.466698e+01 1.766166e+01
      vertex   -1.800000e+02 4.466698e+01 1.766166e+01
    endloop
  endfacet
  facet normal -0.000000e+00 -9.369497e-01 -3.494642e-01
    outer loop
      vertex   -1.800000e+02 4.466698e+01 1.766166e+01
      vertex   -1.900000e+02 4.466698e+01 1.766166e+01
      vertex   -1.900000e+02 4.486642e+01 1.712693e+01
    endloop
  endfacet
  facet normal 0.000000e+00 -9.369497e-01 -3.494642e-01
    outer loop
      vertex   -1.800000e+02 4.466698e+01 1.766166e+01
      vertex   -1.900000e+02 4.486642e+01 1.712693e+01
      vertex   -1.800000e+02 4.486642e+01 1.712693e+01
    endloop
  endfacet
  facet normal -0.000000e+00 -9.771469e-01 -2.125653e-01
    outer loop
      vertex   -1.800000e+02 4.486642e+01 1.712693e+01
      vertex   -1.900000e+02 4.486642e+01 1.712693e+01
      vertex   -1.900000e+02 4.498774e+01 1.656926e+01
    endloop
  endfacet
  facet normal 0.000000e+00 -9.771469e-01 -2.125653e-01
    outer loop
      vertex   -1.800000e+02 4.486642e+01 1.712693e+01
      vertex   -1.900000e+02 4.498774e+01 1.656926e+01
      vertex   -1.800000e+02 4.498774e+01 1.656926e+01
    endloop
  endfacet
  facet normal -0.000000e+00 -9.974521e-01 -7.133918e-02
    outer loop
      vertex   -1.800000e+02 4.498774e+01 1.656926e+01
      vertex   -1.900000e+02 4.498774e+01 1.656926e+01
      vertex   -1.900000e+02 4.502845e+01 1.600000e+01
    endloop
  endfacet
  facet normal 0.000000e+00 -9.974521e-01 -7.133918e-02
    outer loop
      vertex   -1.800000e+02 4.498774e+01 1.656926e+01
      vertex   -1.900000e+02 4.502845e+01 1.600000e+01
      vertex   -1.800000e+02 4.502845e+01 1.600000e+01
    endloop
  endfacet
  facet normal 0.000000e+00 -9.974521e-01 7.133918e-02
    outer loop
      vertex   -1.800000e+02 4.502845e+01 1.600000e+01
      vertex   -1.900000e+02 4.502845e+01 1.600000e+01
      vertex   -1.900000e+02 4.498774e+01 1.543074e+01
    endloop
  endfacet
  facet normal 0.000000e+00 -9.974521e-01 7.133918e-02
    outer loop
      vertex   -1.800000e+02 4.502845e+01 1.600000e+01
      vertex   -1.900000e+02 4.498774e+01 1.543074e+01
      vertex   -1.800000e+02 4.498774e+01 1.543074e+01
    endloop
  endfacet
  facet normal 0.000000e+00 -9.771469e-01 2.125653e-01
    outer loop
      vertex   -1.800000e+02 4.498774e+01 1.543074e+01
      vertex   -1.900000e+02 4.498774e+01 1.543074e+01
      vertex   -1.900000e+02 4.486642e+01 1.487307e+01
    endloop
  endfacet
  facet normal 0.000000e+00 -9.771469e-01 2.125653e-01
    outer loop
      vertex   -1.800000e+02 4.498774e+01 1.543074e+01
      vertex   -1.900000e+02 4.486642e+01 1.487307e+01
      vertex   -1.800000e+02 4.486642e+01 1.487307e+01
    endloop
  endfacet
  facet normal 0.000000e+00 -9.369497e-01 3.494642e-01
    outer loop
      vertex   -1.800000e+02 4.486642e+01 1.487307e+01
      vertex   -1.900000e+02 4.486642e+01 1.487307e+01
      vertex   -1.900000e+02 4.466698e+01 1.433834e+01
    endloop
  endfacet
  facet normal 0.000000e+00 -9.369497e-01 3.494642e-01
    outer loop
      vertex   -1.800000e+02 4.486642e+01 1.487307e+01
      vertex   -1.900000e+02 4.466698e+01 1.433834e+01
      vertex   -1.800000e+02 4.466698e+01 1.433834e+01
    endloop
  endfacet
  facet normal 0.000000e+00 -8.776790e-01 4.792490e-01
    outer loop
      vertex   -1.800000e+02 4.466698e+01 1.433834e+01
      vertex   -1.900000e+02 4.466698e+01 1.433834e+01
      vertex   -1.900000e+02 4.439347e+01 1.383744e+01
    endloop
  endfacet
  facet normal 0.000000e+00 -8.776790e-01 4.792490e-01
    outer loop
      vertex   -1.800000e+02 4.466698e+01 1.433834e+01
      vertex   -1.900000e+02 4.439347e+01 1.383744e+01
      vertex   -1.800000e+02 4.439347e+01 1.383744e+01
    endloop
  endfacet
  facet normal 0.000000e+00 -8.005412e-01 5.992777e-01
    outer loop
      vertex   -1.800000e+02 4.439347e+01 1.383744e+01
      vertex   -1.900000e+02 4.439347e+01 1.383744e+01
      vertex   -1.900000e+02 4.405145e+01 1.338056e+01
    endloop
  endfacet
  facet normal 0.000000e+00 -8.005412e-01 5.992777e-01
    outer loop
      vertex   -1.800000e+02 4.439347e+01 1.383744e+01
      vertex   -1.900000e+02 4.405145e+01 1.338056e+01
      vertex   -1.800000e+02 4.405145e+01 1.338056e+01
    endloop
  endfacet
  facet normal 0.000000e+00 -7.071068e-01 7.071068e-01
    outer loop
      vertex   -1.800000e+02 4.405145e+01 1.338056e+01
      vertex   -1.900000e+02 4.405145e+01 1.338056e+01
      vertex   -1.900000e+02 4.364789e+01 1.297700e+01
    endloop
  endfacet
  facet normal 0.000000e+00 -7.071068e-01 7.071068e-01
    outer loop
      vertex   -1.800000e+02 4.405145e+01 1.338056e+01
      vertex   -1.900000e+02 4.364789e+01 1.297700e+01
      vertex   -1.800000e+02 4.364789e+01 1.297700e+01
    endloop
  endfacet
  facet normal 0.000000e+00 -5.992777e-01 8.005412e-01
    outer loop
      vertex   -1.800000e+02 4.364789e+01 1.297700e+01
      vertex   -1.900000e+02 4.364789e+01 1.297700e+01
      vertex   -1.900000e+02 4.319101e+01 1.263499e+01
    endloop
  endfacet
  facet normal 1.458994e-16 -5.992777e-01 8.005412e-01
    outer loop
      vertex   -1.800000e+02 4.364789e+01 1.297700e+01
      vertex   -1.900000e+02 4.319101e+01 1.263499e+01
      vertex   -1.800000e+02 4.319101e+01 1.263499e+01
    endloop
  endfacet
  facet normal 1.559071e-16 -4.792490e-01 8.776790e-01
    outer loop
      vertex   -1.800000e+02 4.319101e+01 1.263499e+01
      vertex   -1.900000e+02 4.319101e+01 1.263499e+01
      vertex   -1.900000e+02 4.269011e+01 1.236147e+01
    endloop
  endfacet
  facet normal 0.000000e+00 -4.792490e-01 8.776790e-01
    outer loop
      vertex   -1.800000e+02 4.319101e+01 1.263499e+01
      vertex   -1.900000e+02 4.269011e+01 1.236147e+01
      vertex   -1.800000e+02 4.269011e+01 1.236147e+01
    endloop
  endfacet
  facet normal 0.000000e+00 -3.494642e-01 9.369497e-01
    outer loop
      vertex   -1.800000e+02 4.269011e+01 1.236147e+01
      vertex   -1.900000e+02 4.269011e+01 1.236147e+01
      vertex   -1.900000e+02 4.215538e+01 1.216203e+01
    endloop
  endfacet
  facet normal 0.000000e+00 -3.494642e-01 9.369497e-01
    outer loop
      vertex   -1.800000e+02 4.269011e+01 1.236147e+01
      vertex   -1.900000e+02 4.215538e+01 1.216203e+01
      vertex   -1.800000e+02 4.215538e+01 1.216203e+01
    endloop
  endfacet
  facet normal 0.000000e+00 -2.125653e-01 9.771469e-01
    outer loop
      vertex   -1.800000e+02 4.215538e+01 1.216203e+01
      vertex   -1.900000e+02 4.215538e+01 1.216203e+01
      vertex   -1.900000e+02 4.159771e+01 1.204071e+01
    endloop
  endfacet
  facet normal 0.000000e+00 -2.125653e-01 9.771469e-01
    outer loop
      vertex   -1.800000e+02 4.215538e+01 1.216203e+01
      vertex   -1.900000e+02 4.159771e+01 1.204071e+01
      vertex   -1.800000e+02 4.159771e+01 1.204071e+01
    endloop
  endfacet
  facet normal 0.000000e+00 -7.133918e-02 9.974521e-01
    outer loop
      vertex   -1.800000e+02 4.159771e+01 1.204071e+01
      vertex   -1.900000e+02 4.159771e+01 1.204071e+01
      vertex   -1.900000e+02 4.102845e+01 1.200000e+01
    endloop
  endfacet
  facet normal 0.000000e+00 -7.133918e-02 9.974521e-01
    outer loop
      vertex   -1.800000e+02 4.159771e+01 1.204071e+01
      vertex   -1.900000e+02 4.102845e+01 1.200000e+01
      vertex   -1.800000e+02 4.102845e+01 1.200000e+01
    endloop
  endfacet
  facet normal 0.000000e+00 7.133918e-02 9.974521e-01
    outer loop
      vertex   -1.800000e+02 4.102845e+01 1.200000e+01
      vertex   -1.900000e+02 4.102845e+01 1.200000e+01
      vertex   -1.900000e+02 4.045919e+01 1.204071e+01
    endloop
  endfacet
  facet normal 0.000000e+00 7.133918e-02 9.974521e-01
    outer loop
      vertex   -1.800000e+02 4.102845e+01 1.200000e+01
      vertex   -1.900000e+02 4.045919e+01 1.204071e+01
      vertex   -1.800000e+02 4.045919e+01 1.204071e+01
    endloop
  endfacet
  facet normal 0.000000e+00 2.125653e-01 9.771469e-01
    outer loop
      vertex   -1.800000e+02 4.045919e+01 1.204071e+01
      vertex   -1.900000e+02 4.045919e+01 1.204071e+01
      vertex   -1.900000e+02 3.990152e+01 1.216203e+01
    endloop
  endfacet
  facet normal 0.000000e+00 2.125653e-01 9.771469e-01
    outer loop
      vertex   -1.800000e+02 4.045919e+01 1.204071e+01
      vertex   -1.900000e+02 3.990152e+01 1.216203e+01
      vertex   -1.800000e+02 3.990152e+01 1.216203e+01
    endloop
  endfacet
  facet normal 0.000000e+00 3.494642e-01 9.369497e-01
    outer loop
      vertex   -1.800000e+02 3.990152e+01 1.216203e+01
      vertex   -1.900000e+02 3.990152e+01 1.216203e+01
      vertex   -1.900000e+02 3.936679e+01 1.236147e+01
    endloop
  endfacet
  facet normal 1.677843e-16 3.494642e-01 9.369497e-01
    outer loop
      vertex   -1.800000e+02 3.990152e+01 1.216203e+01
      vertex   -1.900000e+02 3.936679e+01 1.236147e+01
      vertex   -1.800000e+02 3.936679e+01 1.236147e+01
    endloop
  endfacet
  facet normal 1.559071e-16 4.792490e-01 8.776790e-01
    outer loop
      vertex   -1.800000e+02 3.936679e+01 1.236147e+01
      vertex   -1.900000e+02 3.936679e+01 1.236147e+01
      vertex   -1.900000e+02 3.886589e+01 1.263499e+01
    endloop
  endfacet
  facet normal 1.556260e-16 4.792490e-01 8.776790e-01
    outer loop
      vertex   -1.800000e+02 3.936679e+01 1.236147e+01
      vertex   -1.900000e+02 3.886589e+01 1.263499e+01
      vertex   -1.800000e+02 3.886589e+01 1.263499e+01
    endloop
  endfacet
  facet normal 1.422047e-16 5.992777e-01 8.005412e-01
    outer loop
      vertex   -1.800000e+02 3.886589e+01 1.263499e+01
      vertex   -1.900000e+02 3.886589e+01 1.263499e+01
      vertex   -1.900000e+02 3.840901e+01 1.297700e+01
    endloop
  endfacet
  facet normal -1.410360e-16 5.992777e-01 8.005412e-01
    outer loop
      vertex   -1.800000e+02 3.886589e+01 1.263499e+01
      vertex   -1.900000e+02 3.840901e+01 1.297700e+01
      vertex   -1.800000e+02 3.840901e+01 1.297700e+01
    endloop
  endfacet
  facet normal -1.256074e-16 7.071068e-01 7.071068e-01
    outer loop
      vertex   -1.800000e+02 3.840901e+01 1.297700e+01
      vertex   -1.900000e+02 3.840901e+01 1.297700e+01
      vertex   -1.900000e+02 3.800545e+01 1.338056e+01
    endloop
  endfacet
  facet normal 0.000000e+00 7.071068e-01 7.071068e-01
    outer loop
      vertex   -1.800000e+02 3.840901e+01 1.297700e+01
      vertex   -1.900000e+02 3.800545e+01 1.338056e+01
      vertex   -1.800000e+02 3.800545e+01 1.338056e+01
    endloop
  endfacet
  facet normal 0.000000e+00 8.005412e-01 5.992777e-01
    outer loop
      vertex   -1.800000e+02 3.800545e+01 1.338056e+01
      vertex   -1.900000e+02 3.800545e+01 1.338056e+01
      vertex   -1.900000e+02 3.766344e+01 1.383744e+01
    endloop
  endfacet
  facet normal -1.069929e-16 8.005412e-01 5.992777e-01
    outer loop
      vertex   -1.800000e+02 3.800545e+01 1.338056e+01
      vertex   -1.900000e+02 3.766344e+01 1.383744e+01
      vertex   -1.800000e+02 3.766344e+01 1.383744e+01
    endloop
  endfacet
  facet normal -8.513172e-17 8.776790e-01 4.792490e-01
    outer loop
      vertex   -1.800000e+02 3.766344e+01 1.383744e+01
      vertex   -1.900000e+02 3.766344e+01 1.383744e+01
      vertex   -1.900000e+02 3.738992e+01 1.433834e+01
    endloop
  endfacet
  facet normal 0.000000e+00 8.776790e-01 4.792490e-01
    outer loop
      vertex   -1.800000e+02 3.766344e+01 1.383744e+01
      vertex   -1.900000e+02 3.738992e+01 1.433834e+01
      vertex   -1.800000e+02 3.738992e+01 1.433834e+01
    endloop
  endfacet
  facet normal 0.000000e+00 9.369497e-01 3.494642e-01
    outer loop
      vertex   -1.800000e+02 3.738992e+01 1.433834e+01
      vertex   -1.900000e+02 3.738992e+01 1.433834e+01
      vertex   -1.900000e+02 3.719048e+01 1.487307e+01
    endloop
  endfacet
  facet normal 0.000000e+00 9.369497e-01 3.494642e-01
    outer loop
      vertex   -1.800000e+02 3.738992e+01 1.433834e+01
      vertex   -1.900000e+02 3.719048e+01 1.487307e+01
      vertex   -1.800000e+02 3.719048e+01 1.487307e+01
    endloop
  endfacet
  facet normal 0.000000e+00 9.771469e-01 2.125653e-01
    outer loop
      vertex   -1.800000e+02 3.719048e+01 1.487307e+01
      vertex   -1.900000e+02 3.719048e+01 1.487307e+01
      vertex   -1.900000e+02 3.706917e+01 1.543074e+01
    endloop
  endfacet
  facet normal -4.733664e-15 -1.000000e+00 -0.000000e+00
    outer loop
      vertex   -1.704515e+02 2.000000e-01 4.243950e+01
      vertex   -1.704515e+02 2.000000e-01 1.756050e+01
      vertex   -1.700000e+02 2.000000e-01 4.240000e+01
    endloop
  endfacet
  facet normal -4.733664e-15 -1.000000e+00 -0.000000e+00
    outer loop
      vertex   -1.700000e+02 2.000000e-01 4.240000e+01
      vertex   -1.704515e+02 2.000000e-01 1.756050e+01
      vertex   -1.700000e+02 2.000000e-01 1.760000e+01
    endloop
  endfacet
  facet normal 4.733664e-15 -1.000000e+00 0.000000e+00
    outer loop
      vertex   -1.700000e+02 2.000000e-01 4.240000e+01
      vertex   -1.700000e+02 2.000000e-01 1.760000e+01
      vertex   -1.695485e+02 2.000000e-01 4.243950e+01
    endloop
  endfacet
  facet normal 4.733664e-15 -1.000000e+00 0.000000e+00
    outer loop
      vertex   -1.695485e+02 2.000000e-01 4.243950e+01
      vertex   -1.700000e+02 2.000000e-01 1.760000e+01
      vertex   -1.695485e+02 2.000000e-01 1.756050e+01
    endloop
  endfacet
  facet normal 0.000000e+00 -1.000000e+00 0.000000e+00
    outer loop
      vertex   -1.695485e+02 2.000000e-01 4.243950e+01
      vertex   -1.695485e+02 2.000000e-01 1.756050e+01
      vertex   -1.691107e+02 2.000000e-01 4.255680e+01
    endloop
  endfacet
  facet normal 0.000000e+00 -1.000000e+00 -0.000000e+00
    outer loop
      vertex   -1.691107e+02 2.000000e-01 4.255680e+01
      vertex   -1.695485e+02 2.000000e-01 1.756050e+01
      vertex   -1.691107e+02 2.000000e-01 1.744320e+01
    endloop
  endfacet
  facet normal 0.000000e+00 -1.000000e+00 0.000000e+00
    outer loop
      vertex   -1.691107e+02 2.000000e-01 4.255680e+01
      vertex   -1.691107e+02 2.000000e-01 1.744320e+01
      vertex   -1.687000e+02 2.000000e-01 4.274833e+01
    endloop
  endfacet
  facet normal 0.000000e+00 -1.000000e+00 0.000000e+00
    outer loop
      vertex   -1.687000e+02 2.000000e-01 4.274833e+01
      vertex   -1.691107e+02 2.000000e-01 1.744320e+01
      vertex   -1.687000e+02 2.000000e-01 1.725167e+01
    endloop
  endfacet
  facet normal 0.000000e+00 -1.000000e+00 -0.000000e+00
    outer loop
      vertex   -1.687000e+02 2.000000e-01 4.274833e+01
      vertex   -1.687000e+02 2.000000e-01 1.725167e+01
      vertex   -1.683288e+02 2.000000e-01 4.300828e+01
    endloop
  endfacet
  facet normal 0.000000e+00 -1.000000e+00 -0.000000e+00
    outer loop
      vertex   -1.683288e+02 2.000000e-01 4.300828e+01
      vertex   -1.687000e+02 2.000000e-01 1.725167e+01
      vertex   -1.683288e+02 2.000000e-01 1.699172e+01
    endloop
  endfacet
  facet normal 0.000000e+00 -1.000000e+00 0.000000e+00
    outer loop
      vertex   -1.683288e+02 2.000000e-01 4.300828e+01
      vertex   -1.683288e+02 2.000000e-01 1.699172e+01
      vertex   -1.680083e+02 2.000000e-01 4.332875e+01
    endloop
  endfacet
  facet normal 0.000000e+00 -1.000000e+00 -0.000000e+00
    outer loop
      vertex   -1.680083e+02 2.000000e-01 4.332875e+01
      vertex   -1.683288e+02 2.000000e-01 1.699172e+01
      vertex   -1.680083e+02 2.000000e-01 1.667125e+01
    endloop
  endfacet
  facet normal 0.000000e+00 -1.000000e+00 0.000000e+00
    outer loop
      vertex   -1.680083e+02 2.000000e-01 4.332875e+01
      vertex   -1.680083e+02 2.000000e-01 1.667125e+01
      vertex   -1.677483e+02 2.000000e-01 4.370000e+01
    endloop
  endfacet
  facet normal 0.000000e+00 -1.000000e+00 -0.000000e+00
    outer loop
      vertex   -1.677483e+02 2.000000e-01 4.370000e+01
      vertex   -1.680083e+02 2.000000e-01 1.667125e+01
      vertex   -1.677483e+02 2.000000e-01 1.630000e+01
    endloop
  endfacet
  facet normal 0.000000e+00 -1.000000e+00 0.000000e+00
    outer loop
      vertex   -1.677483e+02 2.000000e-01 4.370000e+01
      vertex   -1.677483e+02 2.000000e-01 1.630000e+01
      vertex   -1.675568e+02 2.000000e-01 4.411075e+01
    endloop
  endfacet
  facet normal 0.000000e+00 -1.000000e+00 -0.000000e+00
    outer loop
      vertex   -1.675568e+02 2.000000e-01 4.411075e+01
      vertex   -1.677483e+02 2.000000e-01 1.630000e+01
      vertex   -1.675568e+02 2.000000e-01 1.588925e+01
    endloop
  endfacet
  facet normal 0.000000e+00 -1.000000e+00 0.000000e+00
    outer loop
      vertex   -1.675568e+02 2.000000e-01 4.411075e+01
      vertex   -1.675568e+02 2.000000e-01 1.588925e+01
      vertex   -1.674395e+02 2.000000e-01 4.454851e+01
    endloop
  endfacet
  facet normal 0.000000e+00 -1.000000e+00 -0.000000e+00
    outer loop
      vertex   -1.674395e+02 2.000000e-01 4.454851e+01
      vertex   -1.675568e+02 2.000000e-01 1.588925e+01
      vertex   -1.674395e+02 2.000000e-01 1.545149e+01
    endloop
  endfacet
  facet normal 1.293062e-17 -1.000000e+00 0.000000e+00
    outer loop
      vertex   -1.674395e+02 2.000000e-01 4.454851e+01
      vertex   -1.674395e+02 2.000000e-01 1.545149e+01
      vertex   -1.610000e+02 2.000000e-01 6.000000e+01
    endloop
  endfacet
  facet normal 1.293062e-17 -1.000000e+00 0.000000e+00
    outer loop
      vertex   -1.610000e+02 2.000000e-01 6.000000e+01
      vertex   -1.674395e+02 2.000000e-01 1.545149e+01
      vertex   -1.610000e+02 2.000000e-01 1.065814e-13
    endloop
  endfacet
  facet normal 1.636638e-17 -1.000000e+00 1.431872e-18
    outer loop
      vertex   -1.610000e+02 2.000000e-01 1.065814e-13
      vertex   -1.674395e+02 2.000000e-01 1.545149e+01
      vertex   -1.674000e+02 2.000000e-01 1.500000e+01
    endloop
  endfacet
  facet normal 1.079657e-17 -1.000000e+00 -9.445777e-19
    outer loop
      vertex   -1.610000e+02 2.000000e-01 1.065814e-13
      vertex   -1.674000e+02 2.000000e-01 1.500000e+01
      vertex   -1.674395e+02 2.000000e-01 1.454851e+01
    endloop
  endfacet
  facet normal -0.000000e+00 -1.000000e+00 0.000000e+00
    outer loop
      vertex   -1.704515e+02 2.000000e-01 1.756050e+01
      vertex   -1.704515e+02 2.000000e-01 4.243950e+01
      vertex   -1.708893e+02 2.000000e-01 1.744320e+01
    endloop
  endfacet
  facet normal 0.000000e+00 -1.000000e+00 0.000000e+00
    outer loop
      vertex   -1.708893e+02 2.000000e-01 1.744320e+01
      vertex   -1.704515e+02 2.000000e-01 4.243950e+01
      vertex   -1.708893e+02 2.000000e-01 4.255680e+01
    endloop
  endfacet
  facet normal -0.000000e+00 -1.000000e+00 0.000000e+00
    outer loop
      vertex   -1.708893e+02 2.000000e-01 1.744320e+01
      vertex   -1.708893e+02 2.000000e-01 4.255680e+01
      vertex   -1.713000e+02 2.000000e-01 1.725167e+01
    endloop
  endfacet
  facet normal 0.000000e+00 -1.000000e+00 0.000000e+00
    outer loop
      vertex   -1.713000e+02 2.000000e-01 1.725167e+01
      vertex   -1.708893e+02 2.000000e-01 4.255680e+01
      vertex   -1.713000e+02 2.000000e-01 4.274833e+01
    endloop
  endfacet
  facet normal -0.000000e+00 -1.000000e+00 0.000000e+00
    outer loop
      vertex   -1.713000e+02 2.000000e-01 1.725167e+01
      vertex   -1.713000e+02 2.000000e-01 4.274833e+01
      vertex   -1.716712e+02 2.000000e-01 1.699172e+01
    endloop
  endfacet
  facet normal 0.000000e+00 -1.000000e+00 0.000000e+00
    outer loop
      vertex   -1.716712e+02 2.000000e-01 1.699172e+01
      vertex   -1.713000e+02 2.000000e-01 4.274833e+01
      vertex   -1.716712e+02 2.000000e-01 4.300828e+01
    endloop
  endfacet
  facet normal -0.000000e+00 -1.000000e+00 0.000000e+00
    outer loop
      vertex   -1.716712e+02 2.000000e-01 1.699172e+01
      vertex   -1.716712e+02 2.000000e-01 4.300828e+01
      vertex   -1.719917e+02 2.000000e-01 1.667125e+01
    endloop
  endfacet
  facet normal 0.000000e+00 -1.000000e+00 0.000000e+00
    outer loop
      vertex   -1.719917e+02 2.000000e-01 1.667125e+01
      vertex   -1.716712e+02 2.000000e-01 4.300828e+01
      vertex   -1.719917e+02 2.000000e-01 4.332875e+01
    endloop
  endfacet
  facet normal -0.000000e+00 -1.000000e+00 0.000000e+00
    outer loop
      vertex   -1.719917e+02 2.000000e-01 1.667125e+01
      vertex   -1.719917e+02 2.000000e-01 4.332875e+01
      vertex   -1.722517e+02 2.000000e-01 1.630000e+01
    endloop
  endfacet
  facet normal 0.000000e+00 -1.000000e+00 0.000000e+00
    outer loop
      vertex   -1.722517e+02 2.000000e-01 1.630000e+01
      vertex   -1.719917e+02 2.000000e-01 4.332875e+01
      vertex   -1.722517e+02 2.000000e-01 4.370000e+01
    endloop
  endfacet
  facet normal -0.000000e+00 -1.000000e+00 0.000000e+00
    outer loop
      vertex   -1.722517e+02 2.000000e-01 1.630000e+01
      vertex   -1.722517e+02 2.000000e-01 4.370000e+01
      vertex   -1.724432e+02 2.000000e-01 1.588925e+01
    endloop
  endfacet
  facet normal 0.000000e+00 -1.000000e+00 0.000000e+00
    outer loop
      vertex   -1.724432e+02 2.000000e-01 1.588925e+01
      vertex   -1.722517e+02 2.000000e-01 4.370000e+01
      vertex   -1.724432e+02 2.000000e-01 4.411075e+01
    endloop
  endfacet
  facet normal -0.000000e+00 -1.000000e+00 0.000000e+00
    outer loop
      vertex   -1.724432e+02 2.000000e-01 1.588925e+01
      vertex   -1.724432e+02 2.000000e-01 4.411075e+01
      vertex   -1.725605e+02 2.000000e-01 1.545149e+01
    endloop
  endfacet
  facet normal 0.000000e+00 -1.000000e+00 0.000000e+00
    outer loop
      vertex   -1.725605e+02 2.000000e-01 1.545149e+01
      vertex   -1.724432e+02 2.000000e-01 4.411075e+01
      vertex   -1.725605e+02 2.000000e-01 4.454851e+01
    endloop
  endfacet
  facet normal 2.872746e-16 -1.000000e+00 0.000000e+00
    outer loop
      vertex   -1.725605e+02 2.000000e-01 1.545149e+01
      vertex   -1.725605e+02 2.000000e-01 4.454851e+01
      vertex   -1.800000e+02 2.000000e-01 1.065814e-13
    endloop
  endfacet
  facet normal 2.872746e-16 -1.000000e+00 0.000000e+00
    outer loop
      vertex   -1.800000e+02 2.000000e-01 1.065814e-13
      vertex   -1.725605e+02 2.000000e-01 4.454851e+01
      vertex   -1.800000e+02 2.000000e-01 6.000000e+01
    endloop
  endfacet
  facet normal 3.510669e-16 -1.000000e+00 3.071437e-17
    outer loop
      vertex   -1.800000e+02 2.000000e-01 6.000000e+01
      vertex   -1.725605e+02 2.000000e-01 4.454851e+01
      vertex   -1.726000e+02 2.000000e-01 4.500000e+01
    endloop
  endfacet
  facet normal 2.453051e-16 -1.000000e+00 -2.146142e-17
    outer loop
      vertex   -1.800000e+02 2.000000e-01 6.000000e+01
      vertex   -1.726000e+02 2.000000e-01 4.500000e+01
      vertex   -1.725605e+02 2.000000e-01 4.545149e+01
    endloop
  endfacet
  facet normal 1.885010e-16 -1.000000e+00 -5.050868e-17
    outer loop
      vertex   -1.725605e+02 2.000000e-01 4.545149e+01
      vertex   -1.724432e+02 2.000000e-01 4.588925e+01
      vertex   -1.800000e+02 2.000000e-01 6.000000e+01
    endloop
  endfacet
  facet normal 1.511790e-16 -1.000000e+00 -7.049592e-17
    outer loop
      vertex   -1.800000e+02 2.000000e-01 6.000000e+01
      vertex   -1.724432e+02 2.000000e-01 4.588925e+01
      vertex   -1.722517e+02 2.000000e-01 4.630000e+01
    endloop
  endfacet
  facet normal 1.232430e-16 -1.000000e+00 -8.629570e-17
    outer loop
      vertex   -1.800000e+02 2.000000e-01 6.000000e+01
      vertex   -1.722517e+02 2.000000e-01 4.630000e+01
      vertex   -1.719917e+02 2.000000e-01 4.667125e+01
    endloop
  endfacet
  facet normal 1.001629e-16 -1.000000e+00 -1.001629e-16
    outer loop
      vertex   -1.719917e+02 2.000000e-01 4.667125e+01
      vertex   -1.716712e+02 2.000000e-01 4.699172e+01
      vertex   -1.800000e+02 2.000000e-01 6.000000e+01
    endloop
  endfacet
  facet normal 7.942983e-17 -1.000000e+00 -1.134376e-16
    outer loop
      vertex   -1.800000e+02 2.000000e-01 6.000000e+01
      vertex   -1.716712e+02 2.000000e-01 4.699172e+01
      vertex   -1.713000e+02 2.000000e-01 4.725167e+01
    endloop
  endfacet
  facet normal 5.930203e-17 -1.000000e+00 -1.271736e-16
    outer loop
      vertex   -1.800000e+02 2.000000e-01 6.000000e+01
      vertex   -1.713000e+02 2.000000e-01 4.725167e+01
      vertex   -1.708893e+02 2.000000e-01 4.744320e+01
    endloop
  endfacet
  facet normal 3.818208e-17 -1.000000e+00 -1.424975e-16
    outer loop
      vertex   -1.708893e+02 2.000000e-01 4.744320e+01
      vertex   -1.704515e+02 2.000000e-01 4.756050e+01
      vertex   -1.800000e+02 2.000000e-01 6.000000e+01
    endloop
  endfacet
  facet normal 1.408516e-17 -1.000000e+00 -1.609942e-16
    outer loop
      vertex   -1.800000e+02 2.000000e-01 6.000000e+01
      vertex   -1.704515e+02 2.000000e-01 4.756050e+01
      vertex   -1.700000e+02 2.000000e-01 4.760000e+01
    endloop
  endfacet
  facet normal 1.168656e-16 -1.000000e+00 -7.810673e-17
    outer loop
      vertex   -1.800000e+02 2.000000e-01 6.000000e+01
      vertex   -1.700000e+02 2.000000e-01 4.760000e+01
      vertex   -1.610000e+02 2.000000e-01 6.000000e+01
    endloop
  endfacet
  facet normal 5.524133e-19 -1.000000e+00 6.314113e-18
    outer loop
      vertex   -1.610000e+02 2.000000e-01 6.000000e+01
      vertex   -1.700000e+02 2.000000e-01 4.760000e+01
      vertex   -1.695485e+02 2.000000e-01 4.756050e+01
    endloop
  endfacet
  facet normal 1.514674e-18 -1.000000e+00 5.652841e-18
    outer loop
      vertex   -1.610000e+02 2.000000e-01 6.000000e+01
      vertex   -1.695485e+02 2.000000e-01 4.756050e+01
      vertex   -1.691107e+02 2.000000e-01 4.744320e+01
    endloop
  endfacet
  facet normal 2.376409e-18 -1.000000e+00 5.096225e-18
    outer loop
      vertex   -1.691107e+02 2.000000e-01 4.744320e+01
      vertex   -1.687000e+02 2.000000e-01 4.725167e+01
      vertex   -1.610000e+02 2.000000e-01 6.000000e+01
    endloop
  endfacet
  facet normal 3.214124e-18 -1.000000e+00 4.590245e-18
    outer loop
      vertex   -1.610000e+02 2.000000e-01 6.000000e+01
      vertex   -1.687000e+02 2.000000e-01 4.725167e+01
      vertex   -1.683288e+02 2.000000e-01 4.699172e+01
    endloop
  endfacet
  facet normal 4.094339e-18 -1.000000e+00 4.094339e-18
    outer loop
      vertex   -1.610000e+02 2.000000e-01 6.000000e+01
      vertex   -1.683288e+02 2.000000e-01 4.699172e+01
      vertex   -1.680083e+02 2.000000e-01 4.667125e+01
    endloop
  endfacet
  facet normal 5.095516e-18 -1.000000e+00 3.567919e-18
    outer loop
      vertex   -1.680083e+02 2.000000e-01 4.667125e+01
      vertex   -1.677483e+02 2.000000e-01 4.630000e+01
      vertex   -1.610000e+02 2.000000e-01 6.000000e+01
    endloop
  endfacet
  facet normal 6.338458e-18 -1.000000e+00 2.955671e-18
    outer loop
      vertex   -1.610000e+02 2.000000e-01 6.000000e+01
      vertex   -1.677483e+02 2.000000e-01 4.630000e+01
      vertex   -1.675568e+02 2.000000e-01 4.588925e+01
    endloop
  endfacet
  facet normal 8.054618e-18 -1.000000e+00 2.158228e-18
    outer loop
      vertex   -1.610000e+02 2.000000e-01 6.000000e+01
      vertex   -1.675568e+02 2.000000e-01 4.588925e+01
      vertex   -1.674395e+02 2.000000e-01 4.545149e+01
    endloop
  endfacet
  facet normal 1.079657e-17 -1.000000e+00 9.445777e-19
    outer loop
      vertex   -1.674395e+02 2.000000e-01 4.545149e+01
      vertex   -1.674000e+02 2.000000e-01 4.500000e+01
      vertex   -1.610000e+02 2.000000e-01 6.000000e+01
    endloop
  endfacet
  facet normal 1.636638e-17 -1.000000e+00 -1.431872e-18
    outer loop
      vertex   -1.610000e+02 2.000000e-01 6.000000e+01
      vertex   -1.674000e+02 2.000000e-01 4.500000e+01
      vertex   -1.674395e+02 2.000000e-01 4.454851e+01
    endloop
  endfacet
  facet normal 8.054618e-18 -1.000000e+00 -2.158228e-18
    outer loop
      vertex   -1.674395e+02 2.000000e-01 1.454851e+01
      vertex   -1.675568e+02 2.000000e-01 1.411075e+01
      vertex   -1.610000e+02 2.000000e-01 1.065814e-13
    endloop
  endfacet
  facet normal 6.338458e-18 -1.000000e+00 -2.955671e-18
    outer loop
      vertex   -1.610000e+02 2.000000e-01 1.065814e-13
      vertex   -1.675568e+02 2.000000e-01 1.411075e+01
      vertex   -1.677483e+02 2.000000e-01 1.370000e+01
    endloop
  endfacet
  facet normal 5.095516e-18 -1.000000e+00 -3.567919e-18
    outer loop
      vertex   -1.610000e+02 2.000000e-01 1.065814e-13
      vertex   -1.677483e+02 2.000000e-01 1.370000e+01
      vertex   -1.680083e+02 2.000000e-01 1.332875e+01
    endloop
  endfacet
  facet normal 4.094339e-18 -1.000000e+00 -4.094339e-18
    outer loop
      vertex   -1.680083e+02 2.000000e-01 1.332875e+01
      vertex   -1.683288e+02 2.000000e-01 1.300828e+01
      vertex   -1.610000e+02 2.000000e-01 1.065814e-13
    endloop
  endfacet
  facet normal 3.214124e-18 -1.000000e+00 -4.590245e-18
    outer loop
      vertex   -1.610000e+02 2.000000e-01 1.065814e-13
      vertex   -1.683288e+02 2.000000e-01 1.300828e+01
      vertex   -1.687000e+02 2.000000e-01 1.274833e+01
    endloop
  endfacet
  facet normal 2.376409e-18 -1.000000e+00 -5.096225e-18
    outer loop
      vertex   -1.610000e+02 2.000000e-01 1.065814e-13
      vertex   -1.687000e+02 2.000000e-01 1.274833e+01
      vertex   -1.691107e+02 2.000000e-01 1.255680e+01
    endloop
  endfacet
  facet normal 1.514674e-18 -1.000000e+00 -5.652841e-18
    outer loop
      vertex   -1.691107e+02 2.000000e-01 1.255680e+01
      vertex   -1.695485e+02 2.000000e-01 1.243950e+01
      vertex   -1.610000e+02 2.000000e-01 1.065814e-13
    endloop
  endfacet
  facet normal 5.524133e-19 -1.000000e+00 -6.314113e-18
    outer loop
      vertex   -1.610000e+02 2.000000e-01 1.065814e-13
      vertex   -1.695485e+02 2.000000e-01 1.243950e+01
      vertex   -1.700000e+02 2.000000e-01 1.240000e+01
    endloop
  endfacet
  facet normal 1.168656e-16 -1.000000e+00 7.810673e-17
    outer loop
      vertex   -1.610000e+02 2.000000e-01 1.065814e-13
      vertex   -1.700000e+02 2.000000e-01 1.240000e+01
      vertex   -1.800000e+02 2.000000e-01 1.065814e-13
    endloop
  endfacet
  facet normal 1.408516e-17 -1.000000e+00 1.609942e-16
    outer loop
      vertex   -1.800000e+02 2.000000e-01 1.065814e-13
      vertex   -1.700000e+02 2.000000e-01 1.240000e+01
      vertex   -1.704515e+02 2.000000e-01 1.243950e+01
    endloop
  endfacet
  facet normal 3.818208e-17 -1.000000e+00 1.424975e-16
    outer loop
      vertex   -1.800000e+02 2.000000e-01 1.065814e-13
      vertex   -1.704515e+02 2.000000e-01 1.243950e+01
      vertex   -1.708893e+02 2.000000e-01 1.255680e+01
    endloop
  endfacet
  facet normal 5.930203e-17 -1.000000e+00 1.271736e-16
    outer loop
      vertex   -1.708893e+02 2.000000e-01 1.255680e+01
      vertex   -1.713000e+02 2.000000e-01 1.274833e+01
      vertex   -1.800000e+02 2.000000e-01 1.065814e-13
    endloop
  endfacet
  facet normal 7.942983e-17 -1.000000e+00 1.134376e-16
    outer loop
      vertex   -1.800000e+02 2.000000e-01 1.065814e-13
      vertex   -1.713000e+02 2.000000e-01 1.274833e+01
      vertex   -1.716712e+02 2.000000e-01 1.300828e+01
    endloop
  endfacet
  facet normal 1.001629e-16 -1.000000e+00 1.001629e-16
    outer loop
      vertex   -1.800000e+02 2.000000e-01 1.065814e-13
      vertex   -1.716712e+02 2.000000e-01 1.300828e+01
      vertex   -1.719917e+02 2.000000e-01 1.332875e+01
    endloop
  endfacet
  facet normal 1.232430e-16 -1.000000e+00 8.629570e-17
    outer loop
      vertex   -1.719917e+02 2.000000e-01 1.332875e+01
      vertex   -1.722517e+02 2.000000e-01 1.370000e+01
      vertex   -1.800000e+02 2.000000e-01 1.065814e-13
    endloop
  endfacet
  facet normal 1.511790e-16 -1.000000e+00 7.049592e-17
    outer loop
      vertex   -1.800000e+02 2.000000e-01 1.065814e-13
      vertex   -1.722517e+02 2.000000e-01 1.370000e+01
      vertex   -1.724432e+02 2.000000e-01 1.411075e+01
    endloop
  endfacet
  facet normal 1.885010e-16 -1.000000e+00 5.050868e-17
    outer loop
      vertex   -1.800000e+02 2.000000e-01 1.065814e-13
      vertex   -1.724432e+02 2.000000e-01 1.411075e+01
      vertex   -1.725605e+02 2.000000e-01 1.454851e+01
    endloop
  endfacet
  facet normal 2.453051e-16 -1.000000e+00 2.146142e-17
    outer loop
      vertex   -1.725605e+02 2.000000e-01 1.454851e+01
      vertex   -1.726000e+02 2.000000e-01 1.500000e+01
      vertex   -1.800000e+02 2.000000e-01 1.065814e-13
    endloop
  endfacet
  facet normal 3.510669e-16 -1.000000e+00 -3.071437e-17
    outer loop
      vertex   -1.800000e+02 2.000000e-01 1.065814e-13
      vertex   -1.726000e+02 2.000000e-01 1.500000e+01
      vertex   -1.725605e+02 2.000000e-01 1.545149e+01
    endloop
  endfacet
  facet normal 0.000000e+00 9.961947e-01 -8.715574e-02
    outer loop
      vertex   -1.395000e+02 1.685228e+02 5.276047e+01
      vertex   -1.357500e+02 1.685228e+02 5.276047e+01
      vertex   -1.395000e+02 1.685000e+02 5.250000e+01
    endloop
  endfacet
  facet normal 0.000000e+00 9.961947e-01 -8.715574e-02
    outer loop
      vertex   -1.395000e+02 1.685000e+02 5.250000e+01
      vertex   -1.357500e+02 1.685228e+02 5.276047e+01
      vertex   -1.357500e+02 1.685000e+02 5.250000e+01
    endloop
  endfacet
  facet normal -0.000000e+00 9.961947e-01 8.715574e-02
    outer loop
      vertex   -1.395000e+02 1.685000e+02 5.250000e+01
      vertex   -1.357500e+02 1.685000e+02 5.250000e+01
      vertex   -1.395000e+02 1.685228e+02 5.223953e+01
    endloop
  endfacet
  facet normal -0.000000e+00 9.961947e-01 8.715574e-02
    outer loop
      vertex   -1.395000e+02 1.685228e+02 5.223953e+01
      vertex   -1.357500e+02 1.685000e+02 5.250000e+01
      vertex   -1.357500e+02 1.685228e+02 5.223953e+01
    endloop
  endfacet
  facet normal -0.000000e+00 9.659258e-01 2.588190e-01
    outer loop
      vertex   -1.395000e+02 1.685228e+02 5.223953e+01
      vertex   -1.357500e+02 1.685228e+02 5.223953e+01
      vertex   -1.395000e+02 1.685905e+02 5.198697e+01
    endloop
  endfacet
  facet normal -0.000000e+00 9.659258e-01 2.588190e-01
    outer loop
      vertex   -1.395000e+02 1.685905e+02 5.198697e+01
      vertex   -1.357500e+02 1.685228e+02 5.223953e+01
      vertex   -1.357500e+02 1.685905e+02 5.198697e+01
    endloop
  endfacet
  facet normal -0.000000e+00 9.063078e-01 4.226183e-01
    outer loop
      vertex   -1.395000e+02 1.685905e+02 5.198697e+01
      vertex   -1.357500e+02 1.685905e+02 5.198697e+01
      vertex   -1.395000e+02 1.687010e+02 5.175000e+01
    endloop
  endfacet
  facet normal -0.000000e+00 9.063078e-01 4.226183e-01
    outer loop
      vertex   -1.395000e+02 1.687010e+02 5.175000e+01
      vertex   -1.357500e+02 1.685905e+02 5.198697e+01
      vertex   -1.357500e+02 1.687010e+02 5.175000e+01
    endloop
  endfacet
  facet normal -0.000000e+00 8.191520e-01 5.735764e-01
    outer loop
      vertex   -1.395000e+02 1.687010e+02 5.175000e+01
      vertex   -1.357500e+02 1.687010e+02 5.175000e+01
      vertex   -1.395000e+02 1.688509e+02 5.153582e+01
    endloop
  endfacet
  facet normal -0.000000e+00 8.191520e-01 5.735764e-01
    outer loop
      vertex   -1.395000e+02 1.688509e+02 5.153582e+01
      vertex   -1.357500e+02 1.687010e+02 5.175000e+01
      vertex   -1.357500e+02 1.688509e+02 5.153582e+01
    endloop
  endfacet
  facet normal -0.000000e+00 7.071068e-01 7.071068e-01
    outer loop
      vertex   -1.395000e+02 1.688509e+02 5.153582e+01
      vertex   -1.357500e+02 1.688509e+02 5.153582e+01
      vertex   -1.395000e+02 1.690358e+02 5.135093e+01
    endloop
  endfacet
  facet normal -0.000000e+00 7.071068e-01 7.071068e-01
    outer loop
      vertex   -1.395000e+02 1.690358e+02 5.135093e+01
      vertex   -1.357500e+02 1.688509e+02 5.153582e+01
      vertex   -1.357500e+02 1.690358e+02 5.135093e+01
    endloop
  endfacet
  facet normal -0.000000e+00 5.735764e-01 8.191520e-01
    outer loop
      vertex   -1.395000e+02 1.690358e+02 5.135093e+01
      vertex   -1.357500e+02 1.690358e+02 5.135093e+01
      vertex   -1.395000e+02 1.692500e+02 5.120096e+01
    endloop
  endfacet
  facet normal -0.000000e+00 5.735764e-01 8.191520e-01
    outer loop
      vertex   -1.395000e+02 1.692500e+02 5.120096e+01
      vertex   -1.357500e+02 1.690358e+02 5.135093e+01
      vertex   -1.357500e+02 1.692500e+02 5.120096e+01
    endloop
  endfacet
  facet normal -0.000000e+00 4.226183e-01 9.063078e-01
    outer loop
      vertex   -1.395000e+02 1.692500e+02 5.120096e+01
      vertex   -1.357500e+02 1.692500e+02 5.120096e+01
      vertex   -1.395000e+02 1.694870e+02 5.109046e+01
    endloop
  endfacet
  facet normal -0.000000e+00 4.226183e-01 9.063078e-01
    outer loop
      vertex   -1.395000e+02 1.694870e+02 5.109046e+01
      vertex   -1.357500e+02 1.692500e+02 5.120096e+01
      vertex   -1.357500e+02 1.694870e+02 5.109046e+01
    endloop
  endfacet
  facet normal -0.000000e+00 2.588190e-01 9.659258e-01
    outer loop
      vertex   -1.395000e+02 1.694870e+02 5.109046e+01
      vertex   -1.357500e+02 1.694870e+02 5.109046e+01
      vertex   -1.395000e+02 1.697395e+02 5.102279e+01
    endloop
  endfacet
  facet normal -0.000000e+00 2.588190e-01 9.659258e-01
    outer loop
      vertex   -1.395000e+02 1.697395e+02 5.102279e+01
      vertex   -1.357500e+02 1.694870e+02 5.109046e+01
      vertex   -1.357500e+02 1.697395e+02 5.102279e+01
    endloop
  endfacet
  facet normal -0.000000e+00 8.715574e-02 9.961947e-01
    outer loop
      vertex   -1.395000e+02 1.697395e+02 5.102279e+01
      vertex   -1.357500e+02 1.697395e+02 5.102279e+01
      vertex   -1.395000e+02 1.700000e+02 5.100000e+01
    endloop
  endfacet
  facet normal -0.000000e+00 8.715574e-02 9.961947e-01
    outer loop
      vertex   -1.395000e+02 1.700000e+02 5.100000e+01
      vertex   -1.357500e+02 1.697395e+02 5.102279e+01
      vertex   -1.357500e+02 1.700000e+02 5.100000e+01
    endloop
  endfacet
  facet normal 0.000000e+00 -8.715574e-02 9.961947e-01
    outer loop
      vertex   -1.395000e+02 1.700000e+02 5.100000e+01
      vertex   -1.357500e+02 1.700000e+02 5.100000e+01
      vertex   -1.395000e+02 1.702605e+02 5.102279e+01
    endloop
  endfacet
  facet normal 0.000000e+00 -8.715574e-02 9.961947e-01
    outer loop
      vertex   -1.395000e+02 1.702605e+02 5.102279e+01
      vertex   -1.357500e+02 1.700000e+02 5.100000e+01
      vertex   -1.357500e+02 1.702605e+02 5.102279e+01
    endloop
  endfacet
  facet normal 0.000000e+00 -2.588190e-01 9.659258e-01
    outer loop
      vertex   -1.395000e+02 1.702605e+02 5.102279e+01
      vertex   -1.357500e+02 1.702605e+02 5.102279e+01
      vertex   -1.395000e+02 1.705130e+02 5.109046e+01
    endloop
  endfacet
  facet normal 0.000000e+00 -2.588190e-01 9.659258e-01
    outer loop
      vertex   -1.395000e+02 1.705130e+02 5.109046e+01
      vertex   -1.357500e+02 1.702605e+02 5.102279e+01
      vertex   -1.357500e+02 1.705130e+02 5.109046e+01
    endloop
  endfacet
  facet normal 0.000000e+00 -4.226183e-01 9.063078e-01
    outer loop
      vertex   -1.395000e+02 1.705130e+02 5.109046e+01
      vertex   -1.357500e+02 1.705130e+02 5.109046e+01
      vertex   -1.395000e+02 1.707500e+02 5.120096e+01
    endloop
  endfacet
  facet normal 0.000000e+00 -4.226183e-01 9.063078e-01
    outer loop
      vertex   -1.395000e+02 1.707500e+02 5.120096e+01
      vertex   -1.357500e+02 1.705130e+02 5.109046e+01
      vertex   -1.357500e+02 1.707500e+02 5.120096e+01
    endloop
  endfacet
  facet normal 0.000000e+00 -5.735764e-01 8.191520e-01
    outer loop
      vertex   -1.395000e+02 1.707500e+02 5.120096e+01
      vertex   -1.357500e+02 1.707500e+02 5.120096e+01
      vertex   -1.395000e+02 1.709642e+02 5.135093e+01
    endloop
  endfacet
  facet normal 0.000000e+00 -5.735764e-01 8.191520e-01
    outer loop
      vertex   -1.395000e+02 1.709642e+02 5.135093e+01
      vertex   -1.357500e+02 1.707500e+02 5.120096e+01
      vertex   -1.357500e+02 1.709642e+02 5.135093e+01
    endloop
  endfacet
  facet normal 0.000000e+00 -7.071068e-01 7.071068e-01
    outer loop
      vertex   -1.395000e+02 1.709642e+02 5.135093e+01
      vertex   -1.357500e+02 1.709642e+02 5.135093e+01
      vertex   -1.395000e+02 1.711491e+02 5.153582e+01
    endloop
  endfacet
  facet normal 0.000000e+00 -7.071068e-01 7.071068e-01
    outer loop
      vertex   -1.395000e+02 1.711491e+02 5.153582e+01
      vertex   -1.357500e+02 1.709642e+02 5.135093e+01
      vertex   -1.357500e+02 1.711491e+02 5.153582e+01
    endloop
  endfacet
  facet normal 0.000000e+00 -8.191520e-01 5.735764e-01
    outer loop
      vertex   -1.395000e+02 1.711491e+02 5.153582e+01
      vertex   -1.357500e+02 1.711491e+02 5.153582e+01
      vertex   -1.395000e+02 1.712990e+02 5.175000e+01
    endloop
  endfacet
  facet normal 0.000000e+00 -8.191520e-01 5.735764e-01
    outer loop
      vertex   -1.395000e+02 1.712990e+02 5.175000e+01
      vertex   -1.357500e+02 1.711491e+02 5.153582e+01
      vertex   -1.357500e+02 1.712990e+02 5.175000e+01
    endloop
  endfacet
  facet normal 0.000000e+00 -9.063078e-01 4.226183e-01
    outer loop
      vertex   -1.395000e+02 1.712990e+02 5.175000e+01
      vertex   -1.357500e+02 1.712990e+02 5.175000e+01
      vertex   -1.395000e+02 1.714095e+02 5.198697e+01
    endloop
  endfacet
  facet normal 0.000000e+00 -9.063078e-01 4.226183e-01
    outer loop
      vertex   -1.395000e+02 1.714095e+02 5.198697e+01
      vertex   -1.357500e+02 1.712990e+02 5.175000e+01
      vertex   -1.357500e+02 1.714095e+02 5.198697e+01
    endloop
  endfacet
  facet normal 0.000000e+00 -9.659258e-01 2.588190e-01
    outer loop
      vertex   -1.395000e+02 1.714095e+02 5.198697e+01
      vertex   -1.357500e+02 1.714095e+02 5.198697e+01
      vertex   -1.395000e+02 1.714772e+02 5.223953e+01
    endloop
  endfacet
  facet normal 0.000000e+00 -9.659258e-01 2.588190e-01
    outer loop
      vertex   -1.395000e+02 1.714772e+02 5.223953e+01
      vertex   -1.357500e+02 1.714095e+02 5.198697e+01
      vertex   -1.357500e+02 1.714772e+02 5.223953e+01
    endloop
  endfacet
  facet normal 0.000000e+00 -9.961947e-01 8.715574e-02
    outer loop
      vertex   -1.395000e+02 1.714772e+02 5.223953e+01
      vertex   -1.357500e+02 1.714772e+02 5.223953e+01
      vertex   -1.395000e+02 1.715000e+02 5.250000e+01
    endloop
  endfacet
  facet normal 0.000000e+00 -9.961947e-01 8.715574e-02
    outer loop
      vertex   -1.395000e+02 1.715000e+02 5.250000e+01
      vertex   -1.357500e+02 1.714772e+02 5.223953e+01
      vertex   -1.357500e+02 1.715000e+02 5.250000e+01
    endloop
  endfacet
  facet normal 0.000000e+00 -9.961947e-01 -8.715574e-02
    outer loop
      vertex   -1.395000e+02 1.715000e+02 5.250000e+01
      vertex   -1.357500e+02 1.715000e+02 5.250000e+01
      vertex   -1.395000e+02 1.714772e+02 5.276047e+01
    endloop
  endfacet
  facet normal 0.000000e+00 -9.961947e-01 -8.715574e-02
    outer loop
      vertex   -1.395000e+02 1.714772e+02 5.276047e+01
      vertex   -1.357500e+02 1.715000e+02 5.250000e+01
      vertex   -1.357500e+02 1.714772e+02 5.276047e+01
    endloop
  endfacet
  facet normal 0.000000e+00 -9.659258e-01 -2.588190e-01
    outer loop
      vertex   -1.395000e+02 1.714772e+02 5.276047e+01
      vertex   -1.357500e+02 1.714772e+02 5.276047e+01
      vertex   -1.395000e+02 1.714095e+02 5.301303e+01
    endloop
  endfacet
  facet normal 0.000000e+00 -9.659258e-01 -2.588190e-01
    outer loop
      vertex   -1.395000e+02 1.714095e+02 5.301303e+01
      vertex   -1.357500e+02 1.714772e+02 5.276047e+01
      vertex   -1.357500e+02 1.714095e+02 5.301303e+01
    endloop
  endfacet
  facet normal 0.000000e+00 -9.063078e-01 -4.226183e-01
    outer loop
      vertex   -1.395000e+02 1.714095e+02 5.301303e+01
      vertex   -1.357500e+02 1.714095e+02 5.301303e+01
      vertex   -1.395000e+02 1.712990e+02 5.325000e+01
    endloop
  endfacet
  facet normal 0.000000e+00 -9.063078e-01 -4.226183e-01
    outer loop
      vertex   -1.395000e+02 1.712990e+02 5.325000e+01
      vertex   -1.357500e+02 1.714095e+02 5.301303e+01
      vertex   -1.357500e+02 1.712990e+02 5.325000e+01
    endloop
  endfacet
  facet normal 0.000000e+00 -8.191520e-01 -5.735764e-01
    outer loop
      vertex   -1.395000e+02 1.712990e+02 5.325000e+01
      vertex   -1.357500e+02 1.712990e+02 5.325000e+01
      vertex   -1.395000e+02 1.711491e+02 5.346418e+01
    endloop
  endfacet
  facet normal 0.000000e+00 -8.191520e-01 -5.735764e-01
    outer loop
      vertex   -1.395000e+02 1.711491e+02 5.346418e+01
      vertex   -1.357500e+02 1.712990e+02 5.325000e+01
      vertex   -1.357500e+02 1.711491e+02 5.346418e+01
    endloop
  endfacet
  facet normal 0.000000e+00 -7.071068e-01 -7.071068e-01
    outer loop
      vertex   -1.395000e+02 1.711491e+02 5.346418e+01
      vertex   -1.357500e+02 1.711491e+02 5.346418e+01
      vertex   -1.395000e+02 1.709642e+02 5.364907e+01
    endloop
  endfacet
  facet normal 0.000000e+00 -7.071068e-01 -7.071068e-01
    outer loop
      vertex   -1.395000e+02 1.709642e+02 5.364907e+01
      vertex   -1.357500e+02 1.711491e+02 5.346418e+01
      vertex   -1.357500e+02 1.709642e+02 5.364907e+01
    endloop
  endfacet
  facet normal 0.000000e+00 -5.735764e-01 -8.191520e-01
    outer loop
      vertex   -1.395000e+02 1.709642e+02 5.364907e+01
      vertex   -1.357500e+02 1.709642e+02 5.364907e+01
      vertex   -1.395000e+02 1.707500e+02 5.379904e+01
    endloop
  endfacet
  facet normal 0.000000e+00 -5.735764e-01 -8.191520e-01
    outer loop
      vertex   -1.395000e+02 1.707500e+02 5.379904e+01
      vertex   -1.357500e+02 1.709642e+02 5.364907e+01
      vertex   -1.357500e+02 1.707500e+02 5.379904e+01
    endloop
  endfacet
  facet normal 0.000000e+00 -4.226183e-01 -9.063078e-01
    outer loop
      vertex   -1.395000e+02 1.707500e+02 5.379904e+01
      vertex   -1.357500e+02 1.707500e+02 5.379904e+01
      vertex   -1.395000e+02 1.705130e+02 5.390954e+01
    endloop
  endfacet
  facet normal 0.000000e+00 -4.226183e-01 -9.063078e-01
    outer loop
      vertex   -1.395000e+02 1.705130e+02 5.390954e+01
      vertex   -1.357500e+02 1.707500e+02 5.379904e+01
      vertex   -1.357500e+02 1.705130e+02 5.390954e+01
    endloop
  endfacet
  facet normal 0.000000e+00 -2.588190e-01 -9.659258e-01
    outer loop
      vertex   -1.395000e+02 1.705130e+02 5.390954e+01
      vertex   -1.357500e+02 1.705130e+02 5.390954e+01
      vertex   -1.395000e+02 1.702605e+02 5.397721e+01
    endloop
  endfacet
  facet normal 0.000000e+00 -2.588190e-01 -9.659258e-01
    outer loop
      vertex   -1.395000e+02 1.702605e+02 5.397721e+01
      vertex   -1.357500e+02 1.705130e+02 5.390954e+01
      vertex   -1.357500e+02 1.702605e+02 5.397721e+01
    endloop
  endfacet
  facet normal 0.000000e+00 -8.715574e-02 -9.961947e-01
    outer loop
      vertex   -1.395000e+02 1.702605e+02 5.397721e+01
      vertex   -1.357500e+02 1.702605e+02 5.397721e+01
      vertex   -1.395000e+02 1.700000e+02 5.400000e+01
    endloop
  endfacet
  facet normal 0.000000e+00 -8.715574e-02 -9.961947e-01
    outer loop
      vertex   -1.395000e+02 1.700000e+02 5.400000e+01
      vertex   -1.357500e+02 1.702605e+02 5.397721e+01
      vertex   -1.357500e+02 1.700000e+02 5.400000e+01
    endloop
  endfacet
  facet normal 0.000000e+00 8.715574e-02 -9.961947e-01
    outer loop
      vertex   -1.395000e+02 1.700000e+02 5.400000e+01
      vertex   -1.357500e+02 1.700000e+02 5.400000e+01
      vertex   -1.395000e+02 1.697395e+02 5.397721e+01
    endloop
  endfacet
  facet normal 0.000000e+00 8.715574e-02 -9.961947e-01
    outer loop
      vertex   -1.395000e+02 1.697395e+02 5.397721e+01
      vertex   -1.357500e+02 1.700000e+02 5.400000e+01
      vertex   -1.357500e+02 1.697395e+02 5.397721e+01
    endloop
  endfacet
  facet normal 0.000000e+00 2.588190e-01 -9.659258e-01
    outer loop
      vertex   -1.395000e+02 1.697395e+02 5.397721e+01
      vertex   -1.357500e+02 1.697395e+02 5.397721e+01
      vertex   -1.395000e+02 1.694870e+02 5.390954e+01
    endloop
  endfacet
  facet normal 0.000000e+00 2.588190e-01 -9.659258e-01
    outer loop
      vertex   -1.395000e+02 1.694870e+02 5.390954e+01
      vertex   -1.357500e+02 1.697395e+02 5.397721e+01
      vertex   -1.357500e+02 1.694870e+02 5.390954e+01
    endloop
  endfacet
  facet normal 0.000000e+00 4.226183e-01 -9.063078e-01
    outer loop
      vertex   -1.395000e+02 1.694870e+02 5.390954e+01
      vertex   -1.357500e+02 1.694870e+02 5.390954e+01
      vertex   -1.395000e+02 1.692500e+02 5.379904e+01
    endloop
  endfacet
  facet normal 0.000000e+00 4.226183e-01 -9.063078e-01
    outer loop
      vertex   -1.395000e+02 1.692500e+02 5.379904e+01
      vertex   -1.357500e+02 1.694870e+02 5.390954e+01
      vertex   -1.357500e+02 1.692500e+02 5.379904e+01
    endloop
  endfacet
  facet normal 0.000000e+00 5.735764e-01 -8.191520e-01
    outer loop
      vertex   -1.395000e+02 1.692500e+02 5.379904e+01
      vertex   -1.357500e+02 1.692500e+02 5.379904e+01
      vertex   -1.395000e+02 1.690358e+02 5.364907e+01
    endloop
  endfacet
  facet normal 0.000000e+00 5.735764e-01 -8.191520e-01
    outer loop
      vertex   -1.395000e+02 1.690358e+02 5.364907e+01
      vertex   -1.357500e+02 1.692500e+02 5.379904e+01
      vertex   -1.357500e+02 1.690358e+02 5.364907e+01
    endloop
  endfacet
  facet normal 0.000000e+00 7.071068e-01 -7.071068e-01
    outer loop
      vertex   -1.395000e+02 1.690358e+02 5.364907e+01
      vertex   -1.357500e+02 1.690358e+02 5.364907e+01
      vertex   -1.395000e+02 1.688509e+02 5.346418e+01
    endloop
  endfacet
  facet normal 0.000000e+00 7.071068e-01 -7.071068e-01
    outer loop
      vertex   -1.395000e+02 1.688509e+02 5.346418e+01
      vertex   -1.357500e+02 1.690358e+02 5.364907e+01
      vertex   -1.357500e+02 1.688509e+02 5.346418e+01
    endloop
  endfacet
  facet normal 0.000000e+00 8.191520e-01 -5.735764e-01
    outer loop
      vertex   -1.395000e+02 1.688509e+02 5.346418e+01
      vertex   -1.357500e+02 1.688509e+02 5.346418e+01
      vertex   -1.395000e+02 1.687010e+02 5.325000e+01
    endloop
  endfacet
  facet normal 0.000000e+00 8.191520e-01 -5.735764e-01
    outer loop
      vertex   -1.395000e+02 1.687010e+02 5.325000e+01
      vertex   -1.357500e+02 1.688509e+02 5.346418e+01
      vertex   -1.357500e+02 1.687010e+02 5.325000e+01
    endloop
  endfacet
  facet normal 0.000000e+00 9.063078e-01 -4.226183e-01
    outer loop
      vertex   -1.395000e+02 1.687010e+02 5.325000e+01
      vertex   -1.357500e+02 1.687010e+02 5.325000e+01
      vertex   -1.395000e+02 1.685905e+02 5.301303e+01
    endloop
  endfacet
  facet normal 0.000000e+00 9.063078e-01 -4.226183e-01
    outer loop
      vertex   -1.395000e+02 1.685905e+02 5.301303e+01
      vertex   -1.357500e+02 1.687010e+02 5.325000e+01
      vertex   -1.357500e+02 1.685905e+02 5.301303e+01
    endloop
  endfacet
  facet normal 0.000000e+00 9.659258e-01 -2.588190e-01
    outer loop
      vertex   -1.395000e+02 1.685905e+02 5.301303e+01
      vertex   -1.357500e+02 1.685905e+02 5.301303e+01
      vertex   -1.395000e+02 1.685228e+02 5.276047e+01
    endloop
  endfacet
  facet normal 0.000000e+00 9.659258e-01 -2.588190e-01
    outer loop
      vertex   -1.395000e+02 1.685228e+02 5.276047e+01
      vertex   -1.357500e+02 1.685905e+02 5.301303e+01
      vertex   -1.357500e+02 1.685228e+02 5.276047e+01
    endloop
  endfacet
  facet normal 0.000000e+00 9.961947e-01 8.715574e-02
    outer loop
      vertex   -1.320000e+02 1.685228e+02 5.223953e+01
      vertex   -1.357500e+02 1.685228e+02 5.223953e+01
      vertex   -1.320000e+02 1.685000e+02 5.250000e+01
    endloop
  endfacet
  facet normal 0.000000e+00 9.961947e-01 8.715574e-02
    outer loop
      vertex   -1.320000e+02 1.685000e+02 5.250000e+01
      vertex   -1.357500e+02 1.685228e+02 5.223953e+01
      vertex   -1.357500e+02 1.685000e+02 5.250000e+01
    endloop
  endfacet
  facet normal 0.000000e+00 9.961947e-01 -8.715574e-02
    outer loop
      vertex   -1.320000e+02 1.685000e+02 5.250000e+01
      vertex   -1.357500e+02 1.685000e+02 5.250000e+01
      vertex   -1.320000e+02 1.685228e+02 5.276047e+01
    endloop
  endfacet
  facet normal 0.000000e+00 9.961947e-01 -8.715574e-02
    outer loop
      vertex   -1.320000e+02 1.685228e+02 5.276047e+01
      vertex   -1.357500e+02 1.685000e+02 5.250000e+01
      vertex   -1.357500e+02 1.685228e+02 5.276047e+01
    endloop
  endfacet
  facet normal 0.000000e+00 9.659258e-01 -2.588190e-01
    outer loop
      vertex   -1.320000e+02 1.685228e+02 5.276047e+01
      vertex   -1.357500e+02 1.685228e+02 5.276047e+01
      vertex   -1.320000e+02 1.685905e+02 5.301303e+01
    endloop
  endfacet
  facet normal 0.000000e+00 9.659258e-01 -2.588190e-01
    outer loop
      vertex   -1.320000e+02 1.685905e+02 5.301303e+01
      vertex   -1.357500e+02 1.685228e+02 5.276047e+01
      vertex   -1.357500e+02 1.685905e+02 5.301303e+01
    endloop
  endfacet
  facet normal 0.000000e+00 9.063078e-01 -4.226183e-01
    outer loop
      vertex   -1.320000e+02 1.685905e+02 5.301303e+01
      vertex   -1.357500e+02 1.685905e+02 5.301303e+01
      vertex   -1.320000e+02 1.687010e+02 5.325000e+01
    endloop
  endfacet
  facet normal 0.000000e+00 9.063078e-01 -4.226183e-01
    outer loop
      vertex   -1.320000e+02 1.687010e+02 5.325000e+01
      vertex   -1.357500e+02 1.685905e+02 5.301303e+01
      vertex   -1.357500e+02 1.687010e+02 5.325000e+01
    endloop
  endfacet
  facet normal 0.000000e+00 8.191520e-01 -5.735764e-01
    outer loop
      vertex   -1.320000e+02 1.687010e+02 5.325000e+01
      vertex   -1.357500e+02 1.687010e+02 5.325000e+01
      vertex   -1.320000e+02 1.688509e+02 5.346418e+01
    endloop
  endfacet
  facet normal 0.000000e+00 8.191520e-01 -5.735764e-01
    outer loop
      vertex   -1.320000e+02 1.688509e+02 5.346418e+01
      vertex   -1.357500e+02 1.687010e+02 5.325000e+01
      vertex   -1.357500e+02 1.688509e+02 5.346418e+01
    endloop
  endfacet
  facet normal 0.000000e+00 7.071068e-01 -7.071068e-01
    outer loop
      vertex   -1.320000e+02 1.688509e+02 5.346418e+01
      vertex   -1.357500e+02 1.688509e+02 5.346418e+01
      vertex   -1.320000e+02 1.690358e+02 5.364907e+01
    endloop
  endfacet
  facet normal 0.000000e+00 7.071068e-01 -7.071068e-01
    outer loop
      vertex   -1.320000e+02 1.690358e+02 5.364907e+01
      vertex   -1.357500e+02 1.688509e+02 5.346418e+01
      vertex   -1.357500e+02 1.690358e+02 5.364907e+01
    endloop
  endfacet
  facet normal 0.000000e+00 5.735764e-01 -8.191520e-01
    outer loop
      vertex   -1.320000e+02 1.690358e+02 5.364907e+01
      vertex   -1.357500e+02 1.690358e+02 5.364907e+01
      vertex   -1.320000e+02 1.692500e+02 5.379904e+01
    endloop
  endfacet
  facet normal 0.000000e+00 5.735764e-01 -8.191520e-01
    outer loop
      vertex   -1.320000e+02 1.692500e+02 5.379904e+01
      vertex   -1.357500e+02 1.690358e+02 5.364907e+01
      vertex   -1.357500e+02 1.692500e+02 5.379904e+01
    endloop
  endfacet
  facet normal 0.000000e+00 4.226183e-01 -9.063078e-01
    outer loop
      vertex   -1.320000e+02 1.692500e+02 5.379904e+01
      vertex   -1.357500e+02 1.692500e+02 5.379904e+01
      vertex   -1.320000e+02 1.694870e+02 5.390954e+01
    endloop
  endfacet
  facet normal 0.000000e+00 4.226183e-01 -9.063078e-01
    outer loop
      vertex   -1.320000e+02 1.694870e+02 5.390954e+01
      vertex   -1.357500e+02 1.692500e+02 5.379904e+01
      vertex   -1.357500e+02 1.694870e+02 5.390954e+01
    endloop
  endfacet
  facet normal 0.000000e+00 2.588190e-01 -9.659258e-01
    outer loop
      vertex   -1.320000e+02 1.694870e+02 5.390954e+01
      vertex   -1.357500e+02 1.694870e+02 5.390954e+01
      vertex   -1.320000e+02 1.697395e+02 5.397721e+01
    endloop
  endfacet
  facet normal 0.000000e+00 2.588190e-01 -9.659258e-01
    outer loop
      vertex   -1.320000e+02 1.697395e+02 5.397721e+01
      vertex   -1.357500e+02 1.694870e+02 5.390954e+01
      vertex   -1.357500e+02 1.697395e+02 5.397721e+01
    endloop
  endfacet
  facet normal 0.000000e+00 8.715574e-02 -9.961947e-01
    outer loop
      vertex   -1.320000e+02 1.697395e+02 5.397721e+01
      vertex   -1.357500e+02 1.697395e+02 5.397721e+01
      vertex   -1.320000e+02 1.700000e+02 5.400000e+01
    endloop
  endfacet
  facet normal 0.000000e+00 8.715574e-02 -9.961947e-01
    outer loop
      vertex   -1.320000e+02 1.700000e+02 5.400000e+01
      vertex   -1.357500e+02 1.697395e+02 5.397721e+01
      vertex   -1.357500e+02 1.700000e+02 5.400000e+01
    endloop
  endfacet
  facet normal -0.000000e+00 -8.715574e-02 -9.961947e-01
    outer loop
      vertex   -1.320000e+02 1.700000e+02 5.400000e+01
      vertex   -1.357500e+02 1.700000e+02 5.400000e+01
      vertex   -1.320000e+02 1.702605e+02 5.397721e+01
    endloop
  endfacet
  facet normal -0.000000e+00 -8.715574e-02 -9.961947e-01
    outer loop
      vertex   -1.320000e+02 1.702605e+02 5.397721e+01
      vertex   -1.357500e+02 1.700000e+02 5.400000e+01
      vertex   -1.357500e+02 1.702605e+02 5.397721e+01
    endloop
  endfacet
  facet normal -0.000000e+00 -2.588190e-01 -9.659258e-01
    outer loop
      vertex   -1.320000e+02 1.702605e+02 5.397721e+01
      vertex   -1.357500e+02 1.702605e+02 5.397721e+01
      vertex   -1.320000e+02 1.705130e+02 5.390954e+01
    endloop
  endfacet
  facet normal -0.000000e+00 -2.588190e-01 -9.659258e-01
    outer loop
      vertex   -1.320000e+02 1.705130e+02 5.390954e+01
      vertex   -1.357500e+02 1.702605e+02 5.397721e+01
      vertex   -1.357500e+02 1.705130e+02 5.390954e+01
    endloop
  endfacet
  facet normal -0.000000e+00 -4.226183e-01 -9.063078e-01
    outer loop
      vertex   -1.320000e+02 1.705130e+02 5.390954e+01
      vertex   -1.357500e+02 1.705130e+02 5.390954e+01
      vertex   -1.320000e+02 1.707500e+02 5.379904e+01
    endloop
  endfacet
  facet normal -0.000000e+00 -4.226183e-01 -9.063078e-01
    outer loop
      vertex   -1.320000e+02 1.707500e+02 5.379904e+01
      vertex   -1.357500e+02 1.705130e+02 5.390954e+01
      vertex   -1.357500e+02 1.707500e+02 5.379904e+01
    endloop
  endfacet
  facet normal -0.000000e+00 -5.735764e-01 -8.191520e-01
    outer loop
      vertex   -1.320000e+02 1.707500e+02 5.379904e+01
      vertex   -1.357500e+02 1.707500e+02 5.379904e+01
      vertex   -1.320000e+02 1.709642e+02 5.364907e+01
    endloop
  endfacet
  facet normal -0.000000e+00 -5.735764e-01 -8.191520e-01
    outer loop
      vertex   -1.320000e+02 1.709642e+02 5.364907e+01
      vertex   -1.357500e+02 1.707500e+02 5.379904e+01
      vertex   -1.357500e+02 1.709642e+02 5.364907e+01
    endloop
  endfacet
  facet normal -0.000000e+00 -7.071068e-01 -7.071068e-01
    outer loop
      vertex   -1.320000e+02 1.709642e+02 5.364907e+01
      vertex   -1.357500e+02 1.709642e+02 5.364907e+01
      vertex   -1.320000e+02 1.711491e+02 5.346418e+01
    endloop
  endfacet
  facet normal -0.000000e+00 -7.071068e-01 -7.071068e-01
    outer loop
      vertex   -1.320000e+02 1.711491e+02 5.346418e+01
      vertex   -1.357500e+02 1.709642e+02 5.364907e+01
      vertex   -1.357500e+02 1.711491e+02 5.346418e+01
    endloop
  endfacet
  facet normal -0.000000e+00 -8.191520e-01 -5.735764e-01
    outer loop
      vertex   -1.320000e+02 1.711491e+02 5.346418e+01
      vertex   -1.357500e+02 1.711491e+02 5.346418e+01
      vertex   -1.320000e+02 1.712990e+02 5.325000e+01
    endloop
  endfacet
  facet normal -0.000000e+00 -8.191520e-01 -5.735764e-01
    outer loop
      vertex   -1.320000e+02 1.712990e+02 5.325000e+01
      vertex   -1.357500e+02 1.711491e+02 5.346418e+01
      vertex   -1.357500e+02 1.712990e+02 5.325000e+01
    endloop
  endfacet
  facet normal -0.000000e+00 -9.063078e-01 -4.226183e-01
    outer loop
      vertex   -1.320000e+02 1.712990e+02 5.325000e+01
      vertex   -1.357500e+02 1.712990e+02 5.325000e+01
      vertex   -1.320000e+02 1.714095e+02 5.301303e+01
    endloop
  endfacet
  facet normal -0.000000e+00 -9.063078e-01 -4.226183e-01
    outer loop
      vertex   -1.320000e+02 1.714095e+02 5.301303e+01
      vertex   -1.357500e+02 1.712990e+02 5.325000e+01
      vertex   -1.357500e+02 1.714095e+02 5.301303e+01
    endloop
  endfacet
  facet normal -0.000000e+00 -9.659258e-01 -2.588190e-01
    outer loop
      vertex   -1.320000e+02 1.714095e+02 5.301303e+01
      vertex   -1.357500e+02 1.714095e+02 5.301303e+01
      vertex   -1.320000e+02 1.714772e+02 5.276047e+01
    endloop
  endfacet
  facet normal -0.000000e+00 -9.659258e-01 -2.588190e-01
    outer loop
      vertex   -1.320000e+02 1.714772e+02 5.276047e+01
      vertex   -1.357500e+02 1.714095e+02 5.301303e+01
      vertex   -1.357500e+02 1.714772e+02 5.276047e+01
    endloop
  endfacet
  facet normal -0.000000e+00 -9.961947e-01 -8.715574e-02
    outer loop
      vertex   -1.320000e+02 1.714772e+02 5.276047e+01
      vertex   -1.357500e+02 1.714772e+02 5.276047e+01
      vertex   -1.320000e+02 1.715000e+02 5.250000e+01
    endloop
  endfacet
  facet normal -0.000000e+00 -9.961947e-01 -8.715574e-02
    outer loop
      vertex   -1.320000e+02 1.715000e+02 5.250000e+01
      vertex   -1.357500e+02 1.714772e+02 5.276047e+01
      vertex   -1.357500e+02 1.715000e+02 5.250000e+01
    endloop
  endfacet
  facet normal 0.000000e+00 -9.961947e-01 8.715574e-02
    outer loop
      vertex   -1.320000e+02 1.715000e+02 5.250000e+01
      vertex   -1.357500e+02 1.715000e+02 5.250000e+01
      vertex   -1.320000e+02 1.714772e+02 5.223953e+01
    endloop
  endfacet
  facet normal 0.000000e+00 -9.961947e-01 8.715574e-02
    outer loop
      vertex   -1.320000e+02 1.714772e+02 5.223953e+01
      vertex   -1.357500e+02 1.715000e+02 5.250000e+01
      vertex   -1.357500e+02 1.714772e+02 5.223953e+01
    endloop
  endfacet
  facet normal 0.000000e+00 -9.659258e-01 2.588190e-01
    outer loop
      vertex   -1.320000e+02 1.714772e+02 5.223953e+01
      vertex   -1.357500e+02 1.714772e+02 5.223953e+01
      vertex   -1.320000e+02 1.714095e+02 5.198697e+01
    endloop
  endfacet
  facet normal 0.000000e+00 -9.659258e-01 2.588190e-01
    outer loop
      vertex   -1.320000e+02 1.714095e+02 5.198697e+01
      vertex   -1.357500e+02 1.714772e+02 5.223953e+01
      vertex   -1.357500e+02 1.714095e+02 5.198697e+01
    endloop
  endfacet
  facet normal 0.000000e+00 -9.063078e-01 4.226183e-01
    outer loop
      vertex   -1.320000e+02 1.714095e+02 5.198697e+01
      vertex   -1.357500e+02 1.714095e+02 5.198697e+01
      vertex   -1.320000e+02 1.712990e+02 5.175000e+01
    endloop
  endfacet
  facet normal 0.000000e+00 -9.063078e-01 4.226183e-01
    outer loop
      vertex   -1.320000e+02 1.712990e+02 5.175000e+01
      vertex   -1.357500e+02 1.714095e+02 5.198697e+01
      vertex   -1.357500e+02 1.712990e+02 5.175000e+01
    endloop
  endfacet
  facet normal 0.000000e+00 -8.191520e-01 5.735764e-01
    outer loop
      vertex   -1.320000e+02 1.712990e+02 5.175000e+01
      vertex   -1.357500e+02 1.712990e+02 5.175000e+01
      vertex   -1.320000e+02 1.711491e+02 5.153582e+01
    endloop
  endfacet
  facet normal 0.000000e+00 -8.191520e-01 5.735764e-01
    outer loop
      vertex   -1.320000e+02 1.711491e+02 5.153582e+01
      vertex   -1.357500e+02 1.712990e+02 5.175000e+01
      vertex   -1.357500e+02 1.711491e+02 5.153582e+01
    endloop
  endfacet
  facet normal 0.000000e+00 -7.071068e-01 7.071068e-01
    outer loop
      vertex   -1.320000e+02 1.711491e+02 5.153582e+01
      vertex   -1.357500e+02 1.711491e+02 5.153582e+01
      vertex   -1.320000e+02 1.709642e+02 5.135093e+01
    endloop
  endfacet
  facet normal 0.000000e+00 -7.071068e-01 7.071068e-01
    outer loop
      vertex   -1.320000e+02 1.709642e+02 5.135093e+01
      vertex   -1.357500e+02 1.711491e+02 5.153582e+01
      vertex   -1.357500e+02 1.709642e+02 5.135093e+01
    endloop
  endfacet
  facet normal 0.000000e+00 -5.735764e-01 8.191520e-01
    outer loop
      vertex   -1.320000e+02 1.709642e+02 5.135093e+01
      vertex   -1.357500e+02 1.709642e+02 5.135093e+01
      vertex   -1.320000e+02 1.707500e+02 5.120096e+01
    endloop
  endfacet
  facet normal 0.000000e+00 -5.735764e-01 8.191520e-01
    outer loop
      vertex   -1.320000e+02 1.707500e+02 5.120096e+01
      vertex   -1.357500e+02 1.709642e+02 5.135093e+01
      vertex   -1.357500e+02 1.707500e+02 5.120096e+01
    endloop
  endfacet
  facet normal 0.000000e+00 -4.226183e-01 9.063078e-01
    outer loop
      vertex   -1.320000e+02 1.707500e+02 5.120096e+01
      vertex   -1.357500e+02 1.707500e+02 5.120096e+01
      vertex   -1.320000e+02 1.705130e+02 5.109046e+01
    endloop
  endfacet
  facet normal 0.000000e+00 -4.226183e-01 9.063078e-01
    outer loop
      vertex   -1.320000e+02 1.705130e+02 5.109046e+01
      vertex   -1.357500e+02 1.707500e+02 5.120096e+01
      vertex   -1.357500e+02 1.705130e+02 5.109046e+01
    endloop
  endfacet
  facet normal 0.000000e+00 -2.588190e-01 9.659258e-01
    outer loop
      vertex   -1.320000e+02 1.705130e+02 5.109046e+01
      vertex   -1.357500e+02 1.705130e+02 5.109046e+01
      vertex   -1.320000e+02 1.702605e+02 5.102279e+01
    endloop
  endfacet
  facet normal 0.000000e+00 -2.588190e-01 9.659258e-01
    outer loop
      vertex   -1.320000e+02 1.702605e+02 5.102279e+01
      vertex   -1.357500e+02 1.705130e+02 5.109046e+01
      vertex   -1.357500e+02 1.702605e+02 5.102279e+01
    endloop
  endfacet
  facet normal 0.000000e+00 -8.715574e-02 9.961947e-01
    outer loop
      vertex   -1.320000e+02 1.702605e+02 5.102279e+01
      vertex   -1.357500e+02 1.702605e+02 5.102279e+01
      vertex   -1.320000e+02 1.700000e+02 5.100000e+01
    endloop
  endfacet
  facet normal 0.000000e+00 -8.715574e-02 9.961947e-01
    outer loop
      vertex   -1.320000e+02 1.700000e+02 5.100000e+01
      vertex   -1.357500e+02 1.702605e+02 5.102279e+01
      vertex   -1.357500e+02 1.700000e+02 5.100000e+01
    endloop
  endfacet
  facet normal 0.000000e+00 8.715574e-02 9.961947e-01
    outer loop
      vertex   -1.320000e+02 1.700000e+02 5.100000e+01
      vertex   -1.357500e+02 1.700000e+02 5.100000e+01
      vertex   -1.320000e+02 1.697395e+02 5.102279e+01
    endloop
  endfacet
  facet normal 0.000000e+00 8.715574e-02 9.961947e-01
    outer loop
      vertex   -1.320000e+02 1.697395e+02 5.102279e+01
      vertex   -1.357500e+02 1.700000e+02 5.100000e+01
      vertex   -1.357500e+02 1.697395e+02 5.102279e+01
    endloop
  endfacet
  facet normal 0.000000e+00 2.588190e-01 9.659258e-01
    outer loop
      vertex   -1.320000e+02 1.697395e+02 5.102279e+01
      vertex   -1.357500e+02 1.697395e+02 5.102279e+01
      vertex   -1.320000e+02 1.694870e+02 5.109046e+01
    endloop
  endfacet
  facet normal 0.000000e+00 2.588190e-01 9.659258e-01
    outer loop
      vertex   -1.320000e+02 1.694870e+02 5.109046e+01
      vertex   -1.357500e+02 1.697395e+02 5.102279e+01
      vertex   -1.357500e+02 1.694870e+02 5.109046e+01
    endloop
  endfacet
  facet normal 0.000000e+00 4.226183e-01 9.063078e-01
    outer loop
      vertex   -1.320000e+02 1.694870e+02 5.109046e+01
      vertex   -1.357500e+02 1.694870e+02 5.109046e+01
      vertex   -1.320000e+02 1.692500e+02 5.120096e+01
    endloop
  endfacet
  facet normal 0.000000e+00 4.226183e-01 9.063078e-01
    outer loop
      vertex   -1.320000e+02 1.692500e+02 5.120096e+01
      vertex   -1.357500e+02 1.694870e+02 5.109046e+01
      vertex   -1.357500e+02 1.692500e+02 5.120096e+01
    endloop
  endfacet
  facet normal 0.000000e+00 5.735764e-01 8.191520e-01
    outer loop
      vertex   -1.320000e+02 1.692500e+02 5.120096e+01
      vertex   -1.357500e+02 1.692500e+02 5.120096e+01
      vertex   -1.320000e+02 1.690358e+02 5.135093e+01
    endloop
  endfacet
  facet normal 0.000000e+00 5.735764e-01 8.191520e-01
    outer loop
      vertex   -1.320000e+02 1.690358e+02 5.135093e+01
      vertex   -1.357500e+02 1.692500e+02 5.120096e+01
      vertex   -1.357500e+02 1.690358e+02 5.135093e+01
    endloop
  endfacet
  facet normal 0.000000e+00 7.071068e-01 7.071068e-01
    outer loop
      vertex   -1.320000e+02 1.690358e+02 5.135093e+01
      vertex   -1.357500e+02 1.690358e+02 5.135093e+01
      vertex   -1.320000e+02 1.688509e+02 5.153582e+01
    endloop
  endfacet
  facet normal 0.000000e+00 7.071068e-01 7.071068e-01
    outer loop
      vertex   -1.320000e+02 1.688509e+02 5.153582e+01
      vertex   -1.357500e+02 1.690358e+02 5.135093e+01
      vertex   -1.357500e+02 1.688509e+02 5.153582e+01
    endloop
  endfacet
  facet normal 0.000000e+00 8.191520e-01 5.735764e-01
    outer loop
      vertex   -1.320000e+02 1.688509e+02 5.153582e+01
      vertex   -1.357500e+02 1.688509e+02 5.153582e+01
      vertex   -1.320000e+02 1.687010e+02 5.175000e+01
    endloop
  endfacet
  facet normal 0.000000e+00 8.191520e-01 5.735764e-01
    outer loop
      vertex   -1.320000e+02 1.687010e+02 5.175000e+01
      vertex   -1.357500e+02 1.688509e+02 5.153582e+01
      vertex   -1.357500e+02 1.687010e+02 5.175000e+01
    endloop
  endfacet
  facet normal 0.000000e+00 9.063078e-01 4.226183e-01
    outer loop
      vertex   -1.320000e+02 1.687010e+02 5.175000e+01
      vertex   -1.357500e+02 1.687010e+02 5.175000e+01
      vertex   -1.320000e+02 1.685905e+02 5.198697e+01
    endloop
  endfacet
  facet normal 0.000000e+00 9.063078e-01 4.226183e-01
    outer loop
      vertex   -1.320000e+02 1.685905e+02 5.198697e+01
      vertex   -1.357500e+02 1.687010e+02 5.175000e+01
      vertex   -1.357500e+02 1.685905e+02 5.198697e+01
    endloop
  endfacet
  facet normal 0.000000e+00 9.659258e-01 2.588190e-01
    outer loop
      vertex   -1.320000e+02 1.685905e+02 5.198697e+01
      vertex   -1.357500e+02 1.685905e+02 5.198697e+01
      vertex   -1.320000e+02 1.685228e+02 5.223953e+01
    endloop
  endfacet
  facet normal 0.000000e+00 9.659258e-01 2.588190e-01
    outer loop
      vertex   -1.320000e+02 1.685228e+02 5.223953e+01
      vertex   -1.357500e+02 1.685905e+02 5.198697e+01
      vertex   -1.357500e+02 1.685228e+02 5.223953e+01
    endloop
  endfacet
  facet normal 0.000000e+00 9.961947e-01 -8.715574e-02
    outer loop
      vertex   -1.395000e+02 1.685228e+02 4.276047e+01
      vertex   -1.357500e+02 1.685228e+02 4.276047e+01
      vertex   -1.395000e+02 1.685000e+02 4.250000e+01
    endloop
  endfacet
  facet normal 0.000000e+00 9.961947e-01 -8.715574e-02
    outer loop
      vertex   -1.395000e+02 1.685000e+02 4.250000e+01
      vertex   -1.357500e+02 1.685228e+02 4.276047e+01
      vertex   -1.357500e+02 1.685000e+02 4.250000e+01
    endloop
  endfacet
  facet normal -0.000000e+00 9.961947e-01 8.715574e-02
    outer loop
      vertex   -1.395000e+02 1.685000e+02 4.250000e+01
      vertex   -1.357500e+02 1.685000e+02 4.250000e+01
      vertex   -1.395000e+02 1.685228e+02 4.223953e+01
    endloop
  endfacet
  facet normal -0.000000e+00 9.961947e-01 8.715574e-02
    outer loop
      vertex   -1.395000e+02 1.685228e+02 4.223953e+01
      vertex   -1.357500e+02 1.685000e+02 4.250000e+01
      vertex   -1.357500e+02 1.685228e+02 4.223953e+01
    endloop
  endfacet
  facet normal -0.000000e+00 9.659258e-01 2.588190e-01
    outer loop
      vertex   -1.395000e+02 1.685228e+02 4.223953e+01
      vertex   -1.357500e+02 1.685228e+02 4.223953e+01
      vertex   -1.395000e+02 1.685905e+02 4.198697e+01
    endloop
  endfacet
  facet normal -0.000000e+00 9.659258e-01 2.588190e-01
    outer loop
      vertex   -1.395000e+02 1.685905e+02 4.198697e+01
      vertex   -1.357500e+02 1.685228e+02 4.223953e+01
      vertex   -1.357500e+02 1.685905e+02 4.198697e+01
    endloop
  endfacet
  facet normal -0.000000e+00 9.063078e-01 4.226183e-01
    outer loop
      vertex   -1.395000e+02 1.685905e+02 4.198697e+01
      vertex   -1.357500e+02 1.685905e+02 4.198697e+01
      vertex   -1.395000e+02 1.687010e+02 4.175000e+01
    endloop
  endfacet
  facet normal -0.000000e+00 9.063078e-01 4.226183e-01
    outer loop
      vertex   -1.395000e+02 1.687010e+02 4.175000e+01
      vertex   -1.357500e+02 1.685905e+02 4.198697e+01
      vertex   -1.357500e+02 1.687010e+02 4.175000e+01
    endloop
  endfacet
  facet normal -0.000000e+00 8.191520e-01 5.735764e-01
    outer loop
      vertex   -1.395000e+02 1.687010e+02 4.175000e+01
      vertex   -1.357500e+02 1.687010e+02 4.175000e+01
      vertex   -1.395000e+02 1.688509e+02 4.153582e+01
    endloop
  endfacet
  facet normal -0.000000e+00 8.191520e-01 5.735764e-01
    outer loop
      vertex   -1.395000e+02 1.688509e+02 4.153582e+01
      vertex   -1.357500e+02 1.687010e+02 4.175000e+01
      vertex   -1.357500e+02 1.688509e+02 4.153582e+01
    endloop
  endfacet
  facet normal -0.000000e+00 7.071068e-01 7.071068e-01
    outer loop
      vertex   -1.395000e+02 1.688509e+02 4.153582e+01
      vertex   -1.357500e+02 1.688509e+02 4.153582e+01
      vertex   -1.395000e+02 1.690358e+02 4.135093e+01
    endloop
  endfacet
  facet normal -0.000000e+00 7.071068e-01 7.071068e-01
    outer loop
      vertex   -1.395000e+02 1.690358e+02 4.135093e+01
      vertex   -1.357500e+02 1.688509e+02 4.153582e+01
      vertex   -1.357500e+02 1.690358e+02 4.135093e+01
    endloop
  endfacet
  facet normal -0.000000e+00 5.735764e-01 8.191520e-01
    outer loop
      vertex   -1.395000e+02 1.690358e+02 4.135093e+01
      vertex   -1.357500e+02 1.690358e+02 4.135093e+01
      vertex   -1.395000e+02 1.692500e+02 4.120096e+01
    endloop
  endfacet
  facet normal -0.000000e+00 5.735764e-01 8.191520e-01
    outer loop
      vertex   -1.395000e+02 1.692500e+02 4.120096e+01
      vertex   -1.357500e+02 1.690358e+02 4.135093e+01
      vertex   -1.357500e+02 1.692500e+02 4.120096e+01
    endloop
  endfacet
  facet normal -0.000000e+00 4.226183e-01 9.063078e-01
    outer loop
      vertex   -1.395000e+02 1.692500e+02 4.120096e+01
      vertex   -1.357500e+02 1.692500e+02 4.120096e+01
      vertex   -1.395000e+02 1.694870e+02 4.109046e+01
    endloop
  endfacet
  facet normal -0.000000e+00 4.226183e-01 9.063078e-01
    outer loop
      vertex   -1.395000e+02 1.694870e+02 4.109046e+01
      vertex   -1.357500e+02 1.692500e+02 4.120096e+01
      vertex   -1.357500e+02 1.694870e+02 4.109046e+01
    endloop
  endfacet
  facet normal -0.000000e+00 2.588190e-01 9.659258e-01
    outer loop
      vertex   -1.395000e+02 1.694870e+02 4.109046e+01
      vertex   -1.357500e+02 1.694870e+02 4.109046e+01
      vertex   -1.395000e+02 1.697395e+02 4.102279e+01
    endloop
  endfacet
  facet normal -0.000000e+00 2.588190e-01 9.659258e-01
    outer loop
      vertex   -1.395000e+02 1.697395e+02 4.102279e+01
      vertex   -1.357500e+02 1.694870e+02 4.109046e+01
      vertex   -1.357500e+02 1.697395e+02 4.102279e+01
    endloop
  endfacet
  facet normal -0.000000e+00 8.715574e-02 9.961947e-01
    outer loop
      vertex   -1.395000e+02 1.697395e+02 4.102279e+01
      vertex   -1.357500e+02 1.697395e+02 4.102279e+01
      vertex   -1.395000e+02 1.700000e+02 4.100000e+01
    endloop
  endfacet
  facet normal -0.000000e+00 8.715574e-02 9.961947e-01
    outer loop
      vertex   -1.395000e+02 1.700000e+02 4.100000e+01
      vertex   -1.357500e+02 1.697395e+02 4.102279e+01
      vertex   -1.357500e+02 1.700000e+02 4.100000e+01
    endloop
  endfacet
  facet normal 0.000000e+00 -8.715574e-02 9.961947e-01
    outer loop
      vertex   -1.395000e+02 1.700000e+02 4.100000e+01
      vertex   -1.357500e+02 1.700000e+02 4.100000e+01
      vertex   -1.395000e+02 1.702605e+02 4.102279e+01
    endloop
  endfacet
  facet normal 0.000000e+00 -8.715574e-02 9.961947e-01
    outer loop
      vertex   -1.395000e+02 1.702605e+02 4.102279e+01
      vertex   -1.357500e+02 1.700000e+02 4.100000e+01
      vertex   -1.357500e+02 1.702605e+02 4.102279e+01
    endloop
  endfacet
  facet normal 0.000000e+00 -2.588190e-01 9.659258e-01
    outer loop
      vertex   -1.395000e+02 1.702605e+02 4.102279e+01
      vertex   -1.357500e+02 1.702605e+02 4.102279e+01
      vertex   -1.395000e+02 1.705130e+02 4.109046e+01
    endloop
  endfacet
  facet normal 0.000000e+00 -2.588190e-01 9.659258e-01
    outer loop
      vertex   -1.395000e+02 1.705130e+02 4.109046e+01
      vertex   -1.357500e+02 1.702605e+02 4.102279e+01
      vertex   -1.357500e+02 1.705130e+02 4.109046e+01
    endloop
  endfacet
  facet normal 0.000000e+00 -4.226183e-01 9.063078e-01
    outer loop
      vertex   -1.395000e+02 1.705130e+02 4.109046e+01
      vertex   -1.357500e+02 1.705130e+02 4.109046e+01
      vertex   -1.395000e+02 1.707500e+02 4.120096e+01
    endloop
  endfacet
  facet normal 0.000000e+00 -4.226183e-01 9.063078e-01
    outer loop
      vertex   -1.395000e+02 1.707500e+02 4.120096e+01
      vertex   -1.357500e+02 1.705130e+02 4.109046e+01
      vertex   -1.357500e+02 1.707500e+02 4.120096e+01
    endloop
  endfacet
  facet normal 0.000000e+00 -5.735764e-01 8.191520e-01
    outer loop
      vertex   -1.395000e+02 1.707500e+02 4.120096e+01
      vertex   -1.357500e+02 1.707500e+02 4.120096e+01
      vertex   -1.395000e+02 1.709642e+02 4.135093e+01
    endloop
  endfacet
  facet normal 0.000000e+00 -5.735764e-01 8.191520e-01
    outer loop
      vertex   -1.395000e+02 1.709642e+02 4.135093e+01
      vertex   -1.357500e+02 1.707500e+02 4.120096e+01
      vertex   -1.357500e+02 1.709642e+02 4.135093e+01
    endloop
  endfacet
  facet normal 0.000000e+00 -7.071068e-01 7.071068e-01
    outer loop
      vertex   -1.395000e+02 1.709642e+02 4.135093e+01
      vertex   -1.357500e+02 1.709642e+02 4.135093e+01
      vertex   -1.395000e+02 1.711491e+02 4.153582e+01
    endloop
  endfacet
  facet normal 0.000000e+00 -7.071068e-01 7.071068e-01
    outer loop
      vertex   -1.395000e+02 1.711491e+02 4.153582e+01
      vertex   -1.357500e+02 1.709642e+02 4.135093e+01
      vertex   -1.357500e+02 1.711491e+02 4.153582e+01
    endloop
  endfacet
  facet normal 0.000000e+00 -8.191520e-01 5.735764e-01
    outer loop
      vertex   -1.395000e+02 1.711491e+02 4.153582e+01
      vertex   -1.357500e+02 1.711491e+02 4.153582e+01
      vertex   -1.395000e+02 1.712990e+02 4.175000e+01
    endloop
  endfacet
  facet normal 0.000000e+00 -8.191520e-01 5.735764e-01
    outer loop
      vertex   -1.395000e+02 1.712990e+02 4.175000e+01
      vertex   -1.357500e+02 1.711491e+02 4.153582e+01
      vertex   -1.357500e+02 1.712990e+02 4.175000e+01
    endloop
  endfacet
  facet normal 0.000000e+00 -9.063078e-01 4.226183e-01
    outer loop
      vertex   -1.395000e+02 1.712990e+02 4.175000e+01
      vertex   -1.357500e+02 1.712990e+02 4.175000e+01
      vertex   -1.395000e+02 1.714095e+02 4.198697e+01
    endloop
  endfacet
  facet normal 0.000000e+00 -9.063078e-01 4.226183e-01
    outer loop
      vertex   -1.395000e+02 1.714095e+02 4.198697e+01
      vertex   -1.357500e+02 1.712990e+02 4.175000e+01
      vertex   -1.357500e+02 1.714095e+02 4.198697e+01
    endloop
  endfacet
  facet normal 0.000000e+00 -9.659258e-01 2.588190e-01
    outer loop
      vertex   -1.395000e+02 1.714095e+02 4.198697e+01
      vertex   -1.357500e+02 1.714095e+02 4.198697e+01
      vertex   -1.395000e+02 1.714772e+02 4.223953e+01
    endloop
  endfacet
  facet normal 0.000000e+00 -9.659258e-01 2.588190e-01
    outer loop
      vertex   -1.395000e+02 1.714772e+02 4.223953e+01
      vertex   -1.357500e+02 1.714095e+02 4.198697e+01
      vertex   -1.357500e+02 1.714772e+02 4.223953e+01
    endloop
  endfacet
  facet normal 0.000000e+00 -9.961947e-01 8.715574e-02
    outer loop
      vertex   -1.395000e+02 1.714772e+02 4.223953e+01
      vertex   -1.357500e+02 1.714772e+02 4.223953e+01
      vertex   -1.395000e+02 1.715000e+02 4.250000e+01
    endloop
  endfacet
  facet normal 0.000000e+00 -9.961947e-01 8.715574e-02
    outer loop
      vertex   -1.395000e+02 1.715000e+02 4.250000e+01
      vertex   -1.357500e+02 1.714772e+02 4.223953e+01
      vertex   -1.357500e+02 1.715000e+02 4.250000e+01
    endloop
  endfacet
  facet normal 0.000000e+00 -9.961947e-01 -8.715574e-02
    outer loop
      vertex   -1.395000e+02 1.715000e+02 4.250000e+01
      vertex   -1.357500e+02 1.715000e+02 4.250000e+01
      vertex   -1.395000e+02 1.714772e+02 4.276047e+01
    endloop
  endfacet
  facet normal 0.000000e+00 -9.961947e-01 -8.715574e-02
    outer loop
      vertex   -1.395000e+02 1.714772e+02 4.276047e+01
      vertex   -1.357500e+02 1.715000e+02 4.250000e+01
      vertex   -1.357500e+02 1.714772e+02 4.276047e+01
    endloop
  endfacet
  facet normal 0.000000e+00 -9.659258e-01 -2.588190e-01
    outer loop
      vertex   -1.395000e+02 1.714772e+02 4.276047e+01
      vertex   -1.357500e+02 1.714772e+02 4.276047e+01
      vertex   -1.395000e+02 1.714095e+02 4.301303e+01
    endloop
  endfacet
  facet normal 0.000000e+00 -9.659258e-01 -2.588190e-01
    outer loop
      vertex   -1.395000e+02 1.714095e+02 4.301303e+01
      vertex   -1.357500e+02 1.714772e+02 4.276047e+01
      vertex   -1.357500e+02 1.714095e+02 4.301303e+01
    endloop
  endfacet
  facet normal 0.000000e+00 -9.063078e-01 -4.226183e-01
    outer loop
      vertex   -1.395000e+02 1.714095e+02 4.301303e+01
      vertex   -1.357500e+02 1.714095e+02 4.301303e+01
      vertex   -1.395000e+02 1.712990e+02 4.325000e+01
    endloop
  endfacet
  facet normal 0.000000e+00 -9.063078e-01 -4.226183e-01
    outer loop
      vertex   -1.395000e+02 1.712990e+02 4.325000e+01
      vertex   -1.357500e+02 1.714095e+02 4.301303e+01
      vertex   -1.357500e+02 1.712990e+02 4.325000e+01
    endloop
  endfacet
  facet normal 0.000000e+00 -8.191520e-01 -5.735764e-01
    outer loop
      vertex   -1.395000e+02 1.712990e+02 4.325000e+01
      vertex   -1.357500e+02 1.712990e+02 4.325000e+01
      vertex   -1.395000e+02 1.711491e+02 4.346418e+01
    endloop
  endfacet
  facet normal 0.000000e+00 -8.191520e-01 -5.735764e-01
    outer loop
      vertex   -1.395000e+02 1.711491e+02 4.346418e+01
      vertex   -1.357500e+02 1.712990e+02 4.325000e+01
      vertex   -1.357500e+02 1.711491e+02 4.346418e+01
    endloop
  endfacet
  facet normal 0.000000e+00 -7.071068e-01 -7.071068e-01
    outer loop
      vertex   -1.395000e+02 1.711491e+02 4.346418e+01
      vertex   -1.357500e+02 1.711491e+02 4.346418e+01
      vertex   -1.395000e+02 1.709642e+02 4.364907e+01
    endloop
  endfacet
  facet normal 0.000000e+00 -7.071068e-01 -7.071068e-01
    outer loop
      vertex   -1.395000e+02 1.709642e+02 4.364907e+01
      vertex   -1.357500e+02 1.711491e+02 4.346418e+01
      vertex   -1.357500e+02 1.709642e+02 4.364907e+01
    endloop
  endfacet
  facet normal 0.000000e+00 -5.735764e-01 -8.191520e-01
    outer loop
      vertex   -1.395000e+02 1.709642e+02 4.364907e+01
      vertex   -1.357500e+02 1.709642e+02 4.364907e+01
      vertex   -1.395000e+02 1.707500e+02 4.379904e+01
    endloop
  endfacet
  facet normal 0.000000e+00 -5.735764e-01 -8.191520e-01
    outer loop
      vertex   -1.395000e+02 1.707500e+02 4.379904e+01
      vertex   -1.357500e+02 1.709642e+02 4.364907e+01
      vertex   -1.357500e+02 1.707500e+02 4.379904e+01
    endloop
  endfacet
  facet normal 0.000000e+00 -4.226183e-01 -9.063078e-01
    outer loop
      vertex   -1.395000e+02 1.707500e+02 4.379904e+01
      vertex   -1.357500e+02 1.707500e+02 4.379904e+01
      vertex   -1.395000e+02 1.705130e+02 4.390954e+01
    endloop
  endfacet
  facet normal 0.000000e+00 -4.226183e-01 -9.063078e-01
    outer loop
      vertex   -1.395000e+02 1.705130e+02 4.390954e+01
      vertex   -1.357500e+02 1.707500e+02 4.379904e+01
      vertex   -1.357500e+02 1.705130e+02 4.390954e+01
    endloop
  endfacet
  facet normal 0.000000e+00 -2.588190e-01 -9.659258e-01
    outer loop
      vertex   -1.395000e+02 1.705130e+02 4.390954e+01
      vertex   -1.357500e+02 1.705130e+02 4.390954e+01
      vertex   -1.395000e+02 1.702605e+02 4.397721e+01
    endloop
  endfacet
  facet normal 0.000000e+00 -2.588190e-01 -9.659258e-01
    outer loop
      vertex   -1.395000e+02 1.702605e+02 4.397721e+01
      vertex   -1.357500e+02 1.705130e+02 4.390954e+01
      vertex   -1.357500e+02 1.702605e+02 4.397721e+01
    endloop
  endfacet
  facet normal 0.000000e+00 -8.715574e-02 -9.961947e-01
    outer loop
      vertex   -1.395000e+02 1.702605e+02 4.397721e+01
      vertex   -1.357500e+02 1.702605e+02 4.397721e+01
      vertex   -1.395000e+02 1.700000e+02 4.400000e+01
    endloop
  endfacet
  facet normal 0.000000e+00 -8.715574e-02 -9.961947e-01
    outer loop
      vertex   -1.395000e+02 1.700000e+02 4.400000e+01
      vertex   -1.357500e+02 1.702605e+02 4.397721e+01
      vertex   -1.357500e+02 1.700000e+02 4.400000e+01
    endloop
  endfacet
  facet normal 0.000000e+00 8.715574e-02 -9.961947e-01
    outer loop
      vertex   -1.395000e+02 1.700000e+02 4.400000e+01
      vertex   -1.357500e+02 1.700000e+02 4.400000e+01
      vertex   -1.395000e+02 1.697395e+02 4.397721e+01
    endloop
  endfacet
  facet normal 0.000000e+00 8.715574e-02 -9.961947e-01
    outer loop
      vertex   -1.395000e+02 1.697395e+02 4.397721e+01
      vertex   -1.357500e+02 1.700000e+02 4.400000e+01
      vertex   -1.357500e+02 1.697395e+02 4.397721e+01
    endloop
  endfacet
  facet normal 0.000000e+00 2.588190e-01 -9.659258e-01
    outer loop
      vertex   -1.395000e+02 1.697395e+02 4.397721e+01
      vertex   -1.357500e+02 1.697395e+02 4.397721e+01
      vertex   -1.395000e+02 1.694870e+02 4.390954e+01
    endloop
  endfacet
  facet normal 0.000000e+00 2.588190e-01 -9.659258e-01
    outer loop
      vertex   -1.395000e+02 1.694870e+02 4.390954e+01
      vertex   -1.357500e+02 1.697395e+02 4.397721e+01
      vertex   -1.357500e+02 1.694870e+02 4.390954e+01
    endloop
  endfacet
  facet normal 0.000000e+00 4.226183e-01 -9.063078e-01
    outer loop
      vertex   -1.395000e+02 1.694870e+02 4.390954e+01
      vertex   -1.357500e+02 1.694870e+02 4.390954e+01
      vertex   -1.395000e+02 1.692500e+02 4.379904e+01
    endloop
  endfacet
  facet normal 0.000000e+00 4.226183e-01 -9.063078e-01
    outer loop
      vertex   -1.395000e+02 1.692500e+02 4.379904e+01
      vertex   -1.357500e+02 1.694870e+02 4.390954e+01
      vertex   -1.357500e+02 1.692500e+02 4.379904e+01
    endloop
  endfacet
  facet normal 0.000000e+00 5.735764e-01 -8.191520e-01
    outer loop
      vertex   -1.395000e+02 1.692500e+02 4.379904e+01
      vertex   -1.357500e+02 1.692500e+02 4.379904e+01
      vertex   -1.395000e+02 1.690358e+02 4.364907e+01
    endloop
  endfacet
  facet normal 0.000000e+00 5.735764e-01 -8.191520e-01
    outer loop
      vertex   -1.395000e+02 1.690358e+02 4.364907e+01
      vertex   -1.357500e+02 1.692500e+02 4.379904e+01
      vertex   -1.357500e+02 1.690358e+02 4.364907e+01
    endloop
  endfacet
  facet normal 0.000000e+00 7.071068e-01 -7.071068e-01
    outer loop
      vertex   -1.395000e+02 1.690358e+02 4.364907e+01
      vertex   -1.357500e+02 1.690358e+02 4.364907e+01
      vertex   -1.395000e+02 1.688509e+02 4.346418e+01
    endloop
  endfacet
  facet normal 0.000000e+00 7.071068e-01 -7.071068e-01
    outer loop
      vertex   -1.395000e+02 1.688509e+02 4.346418e+01
      vertex   -1.357500e+02 1.690358e+02 4.364907e+01
      vertex   -1.357500e+02 1.688509e+02 4.346418e+01
    endloop
  endfacet
  facet normal 0.000000e+00 8.191520e-01 -5.735764e-01
    outer loop
      vertex   -1.395000e+02 1.688509e+02 4.346418e+01
      vertex   -1.357500e+02 1.688509e+02 4.346418e+01
      vertex   -1.395000e+02 1.687010e+02 4.325000e+01
    endloop
  endfacet
  facet normal 0.000000e+00 8.191520e-01 -5.735764e-01
    outer loop
      vertex   -1.395000e+02 1.687010e+02 4.325000e+01
      vertex   -1.357500e+02 1.688509e+02 4.346418e+01
      vertex   -1.357500e+02 1.687010e+02 4.325000e+01
    endloop
  endfacet
  facet normal 0.000000e+00 9.063078e-01 -4.226183e-01
    outer loop
      vertex   -1.395000e+02 1.687010e+02 4.325000e+01
      vertex   -1.357500e+02 1.687010e+02 4.325000e+01
      vertex   -1.395000e+02 1.685905e+02 4.301303e+01
    endloop
  endfacet
  facet normal 0.000000e+00 9.063078e-01 -4.226183e-01
    outer loop
      vertex   -1.395000e+02 1.685905e+02 4.301303e+01
      vertex   -1.357500e+02 1.687010e+02 4.325000e+01
      vertex   -1.357500e+02 1.685905e+02 4.301303e+01
    endloop
  endfacet
  facet normal 0.000000e+00 9.659258e-01 -2.588190e-01
    outer loop
      vertex   -1.395000e+02 1.685905e+02 4.301303e+01
      vertex   -1.357500e+02 1.685905e+02 4.301303e+01
      vertex   -1.395000e+02 1.685228e+02 4.276047e+01
    endloop
  endfacet
  facet normal 0.000000e+00 9.659258e-01 -2.588190e-01
    outer loop
      vertex   -1.395000e+02 1.685228e+02 4.276047e+01
      vertex   -1.357500e+02 1.685905e+02 4.301303e+01
      vertex   -1.357500e+02 1.685228e+02 4.276047e+01
    endloop
  endfacet
  facet normal 0.000000e+00 9.961947e-01 8.715574e-02
    outer loop
      vertex   -1.320000e+02 1.685228e+02 4.223953e+01
      vertex   -1.357500e+02 1.685228e+02 4.223953e+01
      vertex   -1.320000e+02 1.685000e+02 4.250000e+01
    endloop
  endfacet
  facet normal 0.000000e+00 9.961947e-01 8.715574e-02
    outer loop
      vertex   -1.320000e+02 1.685000e+02 4.250000e+01
      vertex   -1.357500e+02 1.685228e+02 4.223953e+01
      vertex   -1.357500e+02 1.685000e+02 4.250000e+01
    endloop
  endfacet
  facet normal 0.000000e+00 9.961947e-01 -8.715574e-02
    outer loop
      vertex   -1.320000e+02 1.685000e+02 4.250000e+01
      vertex   -1.357500e+02 1.685000e+02 4.250000e+01
      vertex   -1.320000e+02 1.685228e+02 4.276047e+01
    endloop
  endfacet
  facet normal 0.000000e+00 9.961947e-01 -8.715574e-02
    outer loop
      vertex   -1.320000e+02 1.685228e+02 4.276047e+01
      vertex   -1.357500e+02 1.685000e+02 4.250000e+01
      vertex   -1.357500e+02 1.685228e+02 4.276047e+01
    endloop
  endfacet
  facet normal 0.000000e+00 9.659258e-01 -2.588190e-01
    outer loop
      vertex   -1.320000e+02 1.685228e+02 4.276047e+01
      vertex   -1.357500e+02 1.685228e+02 4.276047e+01
      vertex   -1.320000e+02 1.685905e+02 4.301303e+01
    endloop
  endfacet
  facet normal 0.000000e+00 9.659258e-01 -2.588190e-01
    outer loop
      vertex   -1.320000e+02 1.685905e+02 4.301303e+01
      vertex   -1.357500e+02 1.685228e+02 4.276047e+01
      vertex   -1.357500e+02 1.685905e+02 4.301303e+01
    endloop
  endfacet
  facet normal 0.000000e+00 9.063078e-01 -4.226183e-01
    outer loop
      vertex   -1.320000e+02 1.685905e+02 4.301303e+01
      vertex   -1.357500e+02 1.685905e+02 4.301303e+01
      vertex   -1.320000e+02 1.687010e+02 4.325000e+01
    endloop
  endfacet
  facet normal 0.000000e+00 9.063078e-01 -4.226183e-01
    outer loop
      vertex   -1.320000e+02 1.687010e+02 4.325000e+01
      vertex   -1.357500e+02 1.685905e+02 4.301303e+01
      vertex   -1.357500e+02 1.687010e+02 4.325000e+01
    endloop
  endfacet
  facet normal 0.000000e+00 8.191520e-01 -5.735764e-01
    outer loop
      vertex   -1.320000e+02 1.687010e+02 4.325000e+01
      vertex   -1.357500e+02 1.687010e+02 4.325000e+01
      vertex   -1.320000e+02 1.688509e+02 4.346418e+01
    endloop
  endfacet
  facet normal 0.000000e+00 8.191520e-01 -5.735764e-01
    outer loop
      vertex   -1.320000e+02 1.688509e+02 4.346418e+01
      vertex   -1.357500e+02 1.687010e+02 4.325000e+01
      vertex   -1.357500e+02 1.688509e+02 4.346418e+01
    endloop
  endfacet
  facet normal 0.000000e+00 7.071068e-01 -7.071068e-01
    outer loop
      vertex   -1.320000e+02 1.688509e+02 4.346418e+01
      vertex   -1.357500e+02 1.688509e+02 4.346418e+01
      vertex   -1.320000e+02 1.690358e+02 4.364907e+01
    endloop
  endfacet
  facet normal 0.000000e+00 7.071068e-01 -7.071068e-01
    outer loop
      vertex   -1.320000e+02 1.690358e+02 4.364907e+01
      vertex   -1.357500e+02 1.688509e+02 4.346418e+01
      vertex   -1.357500e+02 1.690358e+02 4.364907e+01
    endloop
  endfacet
  facet normal 0.000000e+00 5.735764e-01 -8.191520e-01
    outer loop
      vertex   -1.320000e+02 1.690358e+02 4.364907e+01
      vertex   -1.357500e+02 1.690358e+02 4.364907e+01
      vertex   -1.320000e+02 1.692500e+02 4.379904e+01
    endloop
  endfacet
  facet normal 0.000000e+00 5.735764e-01 -8.191520e-01
    outer loop
      vertex   -1.320000e+02 1.692500e+02 4.379904e+01
      vertex   -1.357500e+02 1.690358e+02 4.364907e+01
      vertex   -1.357500e+02 1.692500e+02 4.379904e+01
    endloop
  endfacet
  facet normal 0.000000e+00 4.226183e-01 -9.063078e-01
    outer loop
      vertex   -1.320000e+02 1.692500e+02 4.379904e+01
      vertex   -1.357500e+02 1.692500e+02 4.379904e+01
      vertex   -1.320000e+02 1.694870e+02 4.390954e+01
    endloop
  endfacet
  facet normal 0.000000e+00 4.226183e-01 -9.063078e-01
    outer loop
      vertex   -1.320000e+02 1.694870e+02 4.390954e+01
      vertex   -1.357500e+02 1.692500e+02 4.379904e+01
      vertex   -1.357500e+02 1.694870e+02 4.390954e+01
    endloop
  endfacet
  facet normal 0.000000e+00 2.588190e-01 -9.659258e-01
    outer loop
      vertex   -1.320000e+02 1.694870e+02 4.390954e+01
      vertex   -1.357500e+02 1.694870e+02 4.390954e+01
      vertex   -1.320000e+02 1.697395e+02 4.397721e+01
    endloop
  endfacet
  facet normal 0.000000e+00 2.588190e-01 -9.659258e-01
    outer loop
      vertex   -1.320000e+02 1.697395e+02 4.397721e+01
      vertex   -1.357500e+02 1.694870e+02 4.390954e+01
      vertex   -1.357500e+02 1.697395e+02 4.397721e+01
    endloop
  endfacet
  facet normal 0.000000e+00 8.715574e-02 -9.961947e-01
    outer loop
      vertex   -1.320000e+02 1.697395e+02 4.397721e+01
      vertex   -1.357500e+02 1.697395e+02 4.397721e+01
      vertex   -1.320000e+02 1.700000e+02 4.400000e+01
    endloop
  endfacet
  facet normal 0.000000e+00 8.715574e-02 -9.961947e-01
    outer loop
      vertex   -1.320000e+02 1.700000e+02 4.400000e+01
      vertex   -1.357500e+02 1.697395e+02 4.397721e+01
      vertex   -1.357500e+02 1.700000e+02 4.400000e+01
    endloop
  endfacet
  facet normal -0.000000e+00 -8.715574e-02 -9.961947e-01
    outer loop
      vertex   -1.320000e+02 1.700000e+02 4.400000e+01
      vertex   -1.357500e+02 1.700000e+02 4.400000e+01
      vertex   -1.320000e+02 1.702605e+02 4.397721e+01
    endloop
  endfacet
  facet normal -0.000000e+00 -8.715574e-02 -9.961947e-01
    outer loop
      vertex   -1.320000e+02 1.702605e+02 4.397721e+01
      vertex   -1.357500e+02 1.700000e+02 4.400000e+01
      vertex   -1.357500e+02 1.702605e+02 4.397721e+01
    endloop
  endfacet
  facet normal -0.000000e+00 -2.588190e-01 -9.659258e-01
    outer loop
      vertex   -1.320000e+02 1.702605e+02 4.397721e+01
      vertex   -1.357500e+02 1.702605e+02 4.397721e+01
      vertex   -1.320000e+02 1.705130e+02 4.390954e+01
    endloop
  endfacet
  facet normal -0.000000e+00 -2.588190e-01 -9.659258e-01
    outer loop
      vertex   -1.320000e+02 1.705130e+02 4.390954e+01
      vertex   -1.357500e+02 1.702605e+02 4.397721e+01
      vertex   -1.357500e+02 1.705130e+02 4.390954e+01
    endloop
  endfacet
  facet normal -0.000000e+00 -4.226183e-01 -9.063078e-01
    outer loop
      vertex   -1.320000e+02 1.705130e+02 4.390954e+01
      vertex   -1.357500e+02 1.705130e+02 4.390954e+01
      vertex   -1.320000e+02 1.707500e+02 4.379904e+01
    endloop
  endfacet
  facet normal -0.000000e+00 -4.226183e-01 -9.063078e-01
    outer loop
      vertex   -1.320000e+02 1.707500e+02 4.379904e+01
      vertex   -1.357500e+02 1.705130e+02 4.390954e+01
      vertex   -1.357500e+02 1.707500e+02 4.379904e+01
    endloop
  endfacet
  facet normal -0.000000e+00 -5.735764e-01 -8.191520e-01
    outer loop
      vertex   -1.320000e+02 1.707500e+02 4.379904e+01
      vertex   -1.357500e+02 1.707500e+02 4.379904e+01
      vertex   -1.320000e+02 1.709642e+02 4.364907e+01
    endloop
  endfacet
  facet normal -0.000000e+00 -5.735764e-01 -8.191520e-01
    outer loop
      vertex   -1.320000e+02 1.709642e+02 4.364907e+01
      vertex   -1.357500e+02 1.707500e+02 4.379904e+01
      vertex   -1.357500e+02 1.709642e+02 4.364907e+01
    endloop
  endfacet
  facet normal -0.000000e+00 -7.071068e-01 -7.071068e-01
    outer loop
      vertex   -1.320000e+02 1.709642e+02 4.364907e+01
      vertex   -1.357500e+02 1.709642e+02 4.364907e+01
      vertex   -1.320000e+02 1.711491e+02 4.346418e+01
    endloop
  endfacet
  facet normal -0.000000e+00 -7.071068e-01 -7.071068e-01
    outer loop
      vertex   -1.320000e+02 1.711491e+02 4.346418e+01
      vertex   -1.357500e+02 1.709642e+02 4.364907e+01
      vertex   -1.357500e+02 1.711491e+02 4.346418e+01
    endloop
  endfacet
  facet normal -0.000000e+00 -8.191520e-01 -5.735764e-01
    outer loop
      vertex   -1.320000e+02 1.711491e+02 4.346418e+01
      vertex   -1.357500e+02 1.711491e+02 4.346418e+01
      vertex   -1.320000e+02 1.712990e+02 4.325000e+01
    endloop
  endfacet
  facet normal -0.000000e+00 -8.191520e-01 -5.735764e-01
    outer loop
      vertex   -1.320000e+02 1.712990e+02 4.325000e+01
      vertex   -1.357500e+02 1.711491e+02 4.346418e+01
      vertex   -1.357500e+02 1.712990e+02 4.325000e+01
    endloop
  endfacet
  facet normal -0.000000e+00 -9.063078e-01 -4.226183e-01
    outer loop
      vertex   -1.320000e+02 1.712990e+02 4.325000e+01
      vertex   -1.357500e+02 1.712990e+02 4.325000e+01
      vertex   -1.320000e+02 1.714095e+02 4.301303e+01
    endloop
  endfacet
  facet normal -0.000000e+00 -9.063078e-01 -4.226183e-01
    outer loop
      vertex   -1.320000e+02 1.714095e+02 4.301303e+01
      vertex   -1.357500e+02 1.712990e+02 4.325000e+01
      vertex   -1.357500e+02 1.714095e+02 4.301303e+01
    endloop
  endfacet
  facet normal -0.000000e+00 -9.659258e-01 -2.588190e-01
    outer loop
      vertex   -1.320000e+02 1.714095e+02 4.301303e+01
      vertex   -1.357500e+02 1.714095e+02 4.301303e+01
      vertex   -1.320000e+02 1.714772e+02 4.276047e+01
    endloop
  endfacet
  facet normal -0.000000e+00 -9.659258e-01 -2.588190e-01
    outer loop
      vertex   -1.320000e+02 1.714772e+02 4.276047e+01
      vertex   -1.357500e+02 1.714095e+02 4.301303e+01
      vertex   -1.357500e+02 1.714772e+02 4.276047e+01
    endloop
  endfacet
  facet normal -0.000000e+00 -9.961947e-01 -8.715574e-02
    outer loop
      vertex   -1.320000e+02 1.714772e+02 4.276047e+01
      vertex   -1.357500e+02 1.714772e+02 4.276047e+01
      vertex   -1.320000e+02 1.715000e+02 4.250000e+01
    endloop
  endfacet
  facet normal -0.000000e+00 -9.961947e-01 -8.715574e-02
    outer loop
      vertex   -1.320000e+02 1.715000e+02 4.250000e+01
      vertex   -1.357500e+02 1.714772e+02 4.276047e+01
      vertex   -1.357500e+02 1.715000e+02 4.250000e+01
    endloop
  endfacet
  facet normal 0.000000e+00 -9.961947e-01 8.715574e-02
    outer loop
      vertex   -1.320000e+02 1.715000e+02 4.250000e+01
      vertex   -1.357500e+02 1.715000e+02 4.250000e+01
      vertex   -1.320000e+02 1.714772e+02 4.223953e+01
    endloop
  endfacet
  facet normal 0.000000e+00 -9.961947e-01 8.715574e-02
    outer loop
      vertex   -1.320000e+02 1.714772e+02 4.223953e+01
      vertex   -1.357500e+02 1.715000e+02 4.250000e+01
      vertex   -1.357500e+02 1.714772e+02 4.223953e+01
    endloop
  endfacet
  facet normal 0.000000e+00 -9.659258e-01 2.588190e-01
    outer loop
      vertex   -1.320000e+02 1.714772e+02 4.223953e+01
      vertex   -1.357500e+02 1.714772e+02 4.223953e+01
      vertex   -1.320000e+02 1.714095e+02 4.198697e+01
    endloop
  endfacet
  facet normal 0.000000e+00 -9.659258e-01 2.588190e-01
    outer loop
      vertex   -1.320000e+02 1.714095e+02 4.198697e+01
      vertex   -1.357500e+02 1.714772e+02 4.223953e+01
      vertex   -1.357500e+02 1.714095e+02 4.198697e+01
    endloop
  endfacet
  facet normal 0.000000e+00 -9.063078e-01 4.226183e-01
    outer loop
      vertex   -1.320000e+02 1.714095e+02 4.198697e+01
      vertex   -1.357500e+02 1.714095e+02 4.198697e+01
      vertex   -1.320000e+02 1.712990e+02 4.175000e+01
    endloop
  endfacet
  facet normal 0.000000e+00 -9.063078e-01 4.226183e-01
    outer loop
      vertex   -1.320000e+02 1.712990e+02 4.175000e+01
      vertex   -1.357500e+02 1.714095e+02 4.198697e+01
      vertex   -1.357500e+02 1.712990e+02 4.175000e+01
    endloop
  endfacet
  facet normal 0.000000e+00 -8.191520e-01 5.735764e-01
    outer loop
      vertex   -1.320000e+02 1.712990e+02 4.175000e+01
      vertex   -1.357500e+02 1.712990e+02 4.175000e+01
      vertex   -1.320000e+02 1.711491e+02 4.153582e+01
    endloop
  endfacet
  facet normal 0.000000e+00 -8.191520e-01 5.735764e-01
    outer loop
      vertex   -1.320000e+02 1.711491e+02 4.153582e+01
      vertex   -1.357500e+02 1.712990e+02 4.175000e+01
      vertex   -1.357500e+02 1.711491e+02 4.153582e+01
    endloop
  endfacet
  facet normal 0.000000e+00 -7.071068e-01 7.071068e-01
    outer loop
      vertex   -1.320000e+02 1.711491e+02 4.153582e+01
      vertex   -1.357500e+02 1.711491e+02 4.153582e+01
      vertex   -1.320000e+02 1.709642e+02 4.135093e+01
    endloop
  endfacet
  facet normal 0.000000e+00 -7.071068e-01 7.071068e-01
    outer loop
      vertex   -1.320000e+02 1.709642e+02 4.135093e+01
      vertex   -1.357500e+02 1.711491e+02 4.153582e+01
      vertex   -1.357500e+02 1.709642e+02 4.135093e+01
    endloop
  endfacet
  facet normal 0.000000e+00 -5.735764e-01 8.191520e-01
    outer loop
      vertex   -1.320000e+02 1.709642e+02 4.135093e+01
      vertex   -1.357500e+02 1.709642e+02 4.135093e+01
      vertex   -1.320000e+02 1.707500e+02 4.120096e+01
    endloop
  endfacet
  facet normal 0.000000e+00 -5.735764e-01 8.191520e-01
    outer loop
      vertex   -1.320000e+02 1.707500e+02 4.120096e+01
      vertex   -1.357500e+02 1.709642e+02 4.135093e+01
      vertex   -1.357500e+02 1.707500e+02 4.120096e+01
    endloop
  endfacet
  facet normal 0.000000e+00 -4.226183e-01 9.063078e-01
    outer loop
      vertex   -1.320000e+02 1.707500e+02 4.120096e+01
      vertex   -1.357500e+02 1.707500e+02 4.120096e+01
      vertex   -1.320000e+02 1.705130e+02 4.109046e+01
    endloop
  endfacet
  facet normal 0.000000e+00 -4.226183e-01 9.063078e-01
    outer loop
      vertex   -1.320000e+02 1.705130e+02 4.109046e+01
      vertex   -1.357500e+02 1.707500e+02 4.120096e+01
      vertex   -1.357500e+02 1.705130e+02 4.109046e+01
    endloop
  endfacet
  facet normal 0.000000e+00 -2.588190e-01 9.659258e-01
    outer loop
      vertex   -1.320000e+02 1.705130e+02 4.109046e+01
      vertex   -1.357500e+02 1.705130e+02 4.109046e+01
      vertex   -1.320000e+02 1.702605e+02 4.102279e+01
    endloop
  endfacet
  facet normal 0.000000e+00 -2.588190e-01 9.659258e-01
    outer loop
      vertex   -1.320000e+02 1.702605e+02 4.102279e+01
      vertex   -1.357500e+02 1.705130e+02 4.109046e+01
      vertex   -1.357500e+02 1.702605e+02 4.102279e+01
    endloop
  endfacet
  facet normal 0.000000e+00 -8.715574e-02 9.961947e-01
    outer loop
      vertex   -1.320000e+02 1.702605e+02 4.102279e+01
      vertex   -1.357500e+02 1.702605e+02 4.102279e+01
      vertex   -1.320000e+02 1.700000e+02 4.100000e+01
    endloop
  endfacet
  facet normal 0.000000e+00 -8.715574e-02 9.961947e-01
    outer loop
      vertex   -1.320000e+02 1.700000e+02 4.100000e+01
      vertex   -1.357500e+02 1.702605e+02 4.102279e+01
      vertex   -1.357500e+02 1.700000e+02 4.100000e+01
    endloop
  endfacet
  facet normal 0.000000e+00 8.715574e-02 9.961947e-01
    outer loop
      vertex   -1.320000e+02 1.700000e+02 4.100000e+01
      vertex   -1.357500e+02 1.700000e+02 4.100000e+01
      vertex   -1.320000e+02 1.697395e+02 4.102279e+01
    endloop
  endfacet
  facet normal 0.000000e+00 8.715574e-02 9.961947e-01
    outer loop
      vertex   -1.320000e+02 1.697395e+02 4.102279e+01
      vertex   -1.357500e+02 1.700000e+02 4.100000e+01
      vertex   -1.357500e+02 1.697395e+02 4.102279e+01
    endloop
  endfacet
  facet normal 0.000000e+00 2.588190e-01 9.659258e-01
    outer loop
      vertex   -1.320000e+02 1.697395e+02 4.102279e+01
      vertex   -1.357500e+02 1.697395e+02 4.102279e+01
      vertex   -1.320000e+02 1.694870e+02 4.109046e+01
    endloop
  endfacet
  facet normal 0.000000e+00 2.588190e-01 9.659258e-01
    outer loop
      vertex   -1.320000e+02 1.694870e+02 4.109046e+01
      vertex   -1.357500e+02 1.697395e+02 4.102279e+01
      vertex   -1.357500e+02 1.694870e+02 4.109046e+01
    endloop
  endfacet
  facet normal 0.000000e+00 4.226183e-01 9.063078e-01
    outer loop
      vertex   -1.320000e+02 1.694870e+02 4.109046e+01
      vertex   -1.357500e+02 1.694870e+02 4.109046e+01
      vertex   -1.320000e+02 1.692500e+02 4.120096e+01
    endloop
  endfacet
  facet normal 0.000000e+00 4.226183e-01 9.063078e-01
    outer loop
      vertex   -1.320000e+02 1.692500e+02 4.120096e+01
      vertex   -1.357500e+02 1.694870e+02 4.109046e+01
      vertex   -1.357500e+02 1.692500e+02 4.120096e+01
    endloop
  endfacet
  facet normal 0.000000e+00 5.735764e-01 8.191520e-01
    outer loop
      vertex   -1.320000e+02 1.692500e+02 4.120096e+01
      vertex   -1.357500e+02 1.692500e+02 4.120096e+01
      vertex   -1.320000e+02 1.690358e+02 4.135093e+01
    endloop
  endfacet
  facet normal 0.000000e+00 5.735764e-01 8.191520e-01
    outer loop
      vertex   -1.320000e+02 1.690358e+02 4.135093e+01
      vertex   -1.357500e+02 1.692500e+02 4.120096e+01
      vertex   -1.357500e+02 1.690358e+02 4.135093e+01
    endloop
  endfacet
  facet normal 0.000000e+00 7.071068e-01 7.071068e-01
    outer loop
      vertex   -1.320000e+02 1.690358e+02 4.135093e+01
      vertex   -1.357500e+02 1.690358e+02 4.135093e+01
      vertex   -1.320000e+02 1.688509e+02 4.153582e+01
    endloop
  endfacet
  facet normal 0.000000e+00 7.071068e-01 7.071068e-01
    outer loop
      vertex   -1.320000e+02 1.688509e+02 4.153582e+01
      vertex   -1.357500e+02 1.690358e+02 4.135093e+01
      vertex   -1.357500e+02 1.688509e+02 4.153582e+01
    endloop
  endfacet
  facet normal 0.000000e+00 8.191520e-01 5.735764e-01
    outer loop
      vertex   -1.320000e+02 1.688509e+02 4.153582e+01
      vertex   -1.357500e+02 1.688509e+02 4.153582e+01
      vertex   -1.320000e+02 1.687010e+02 4.175000e+01
    endloop
  endfacet
  facet normal 0.000000e+00 8.191520e-01 5.735764e-01
    outer loop
      vertex   -1.320000e+02 1.687010e+02 4.175000e+01
      vertex   -1.357500e+02 1.688509e+02 4.153582e+01
      vertex   -1.357500e+02 1.687010e+02 4.175000e+01
    endloop
  endfacet
  facet normal 0.000000e+00 9.063078e-01 4.226183e-01
    outer loop
      vertex   -1.320000e+02 1.687010e+02 4.175000e+01
      vertex   -1.357500e+02 1.687010e+02 4.175000e+01
      vertex   -1.320000e+02 1.685905e+02 4.198697e+01
    endloop
  endfacet
  facet normal 0.000000e+00 9.063078e-01 4.226183e-01
    outer loop
      vertex   -1.320000e+02 1.685905e+02 4.198697e+01
      vertex   -1.357500e+02 1.687010e+02 4.175000e+01
      vertex   -1.357500e+02 1.685905e+02 4.198697e+01
    endloop
  endfacet
  facet normal 0.000000e+00 9.659258e-01 2.588190e-01
    outer loop
      vertex   -1.320000e+02 1.685905e+02 4.198697e+01
      vertex   -1.357500e+02 1.685905e+02 4.198697e+01
      vertex   -1.320000e+02 1.685228e+02 4.223953e+01
    endloop
  endfacet
  facet normal 0.000000e+00 9.659258e-01 2.588190e-01
    outer loop
      vertex   -1.320000e+02 1.685228e+02 4.223953e+01
      vertex   -1.357500e+02 1.685905e+02 4.198697e+01
      vertex   -1.357500e+02 1.685228e+02 4.223953e+01
    endloop
  endfacet
  facet normal 0.000000e+00 9.961947e-01 -8.715574e-02
    outer loop
      vertex   -1.395000e+02 4.855124e+01 4.276047e+01
      vertex   -1.357500e+02 4.855124e+01 4.276047e+01
      vertex   -1.395000e+02 4.852845e+01 4.250000e+01
    endloop
  endfacet
  facet normal 0.000000e+00 9.961947e-01 -8.715574e-02
    outer loop
      vertex   -1.395000e+02 4.852845e+01 4.250000e+01
      vertex   -1.357500e+02 4.855124e+01 4.276047e+01
      vertex   -1.357500e+02 4.852845e+01 4.250000e+01
    endloop
  endfacet
  facet normal -0.000000e+00 9.961947e-01 8.715574e-02
    outer loop
      vertex   -1.395000e+02 4.852845e+01 4.250000e+01
      vertex   -1.357500e+02 4.852845e+01 4.250000e+01
      vertex   -1.395000e+02 4.855124e+01 4.223953e+01
    endloop
  endfacet
  facet normal -0.000000e+00 9.961947e-01 8.715574e-02
    outer loop
      vertex   -1.395000e+02 4.855124e+01 4.223953e+01
      vertex   -1.357500e+02 4.852845e+01 4.250000e+01
      vertex   -1.357500e+02 4.855124e+01 4.223953e+01
    endloop
  endfacet
  facet normal -0.000000e+00 9.659258e-01 2.588190e-01
    outer loop
      vertex   -1.395000e+02 4.855124e+01 4.223953e+01
      vertex   -1.357500e+02 4.855124e+01 4.223953e+01
      vertex   -1.395000e+02 4.861891e+01 4.198697e+01
    endloop
  endfacet
  facet normal -0.000000e+00 9.659258e-01 2.588190e-01
    outer loop
      vertex   -1.395000e+02 4.861891e+01 4.198697e+01
      vertex   -1.357500e+02 4.855124e+01 4.223953e+01
      vertex   -1.357500e+02 4.861891e+01 4.198697e+01
    endloop
  endfacet
  facet normal -0.000000e+00 9.063078e-01 4.226183e-01
    outer loop
      vertex   -1.395000e+02 4.861891e+01 4.198697e+01
      vertex   -1.357500e+02 4.861891e+01 4.198697e+01
      vertex   -1.395000e+02 4.872941e+01 4.175000e+01
    endloop
  endfacet
  facet normal -0.000000e+00 9.063078e-01 4.226183e-01
    outer loop
      vertex   -1.395000e+02 4.872941e+01 4.175000e+01
      vertex   -1.357500e+02 4.861891e+01 4.198697e+01
      vertex   -1.357500e+02 4.872941e+01 4.175000e+01
    endloop
  endfacet
  facet normal -0.000000e+00 8.191520e-01 5.735764e-01
    outer loop
      vertex   -1.395000e+02 4.872941e+01 4.175000e+01
      vertex   -1.357500e+02 4.872941e+01 4.175000e+01
      vertex   -1.395000e+02 4.887938e+01 4.153582e+01
    endloop
  endfacet
  facet normal -0.000000e+00 8.191520e-01 5.735764e-01
    outer loop
      vertex   -1.395000e+02 4.887938e+01 4.153582e+01
      vertex   -1.357500e+02 4.872941e+01 4.175000e+01
      vertex   -1.357500e+02 4.887938e+01 4.153582e+01
    endloop
  endfacet
  facet normal -0.000000e+00 7.071068e-01 7.071068e-01
    outer loop
      vertex   -1.395000e+02 4.887938e+01 4.153582e+01
      vertex   -1.357500e+02 4.887938e+01 4.153582e+01
      vertex   -1.395000e+02 4.906427e+01 4.135093e+01
    endloop
  endfacet
  facet normal -0.000000e+00 7.071068e-01 7.071068e-01
    outer loop
      vertex   -1.395000e+02 4.906427e+01 4.135093e+01
      vertex   -1.357500e+02 4.887938e+01 4.153582e+01
      vertex   -1.357500e+02 4.906427e+01 4.135093e+01
    endloop
  endfacet
  facet normal -0.000000e+00 5.735764e-01 8.191520e-01
    outer loop
      vertex   -1.395000e+02 4.906427e+01 4.135093e+01
      vertex   -1.357500e+02 4.906427e+01 4.135093e+01
      vertex   -1.395000e+02 4.927845e+01 4.120096e+01
    endloop
  endfacet
  facet normal -0.000000e+00 5.735764e-01 8.191520e-01
    outer loop
      vertex   -1.395000e+02 4.927845e+01 4.120096e+01
      vertex   -1.357500e+02 4.906427e+01 4.135093e+01
      vertex   -1.357500e+02 4.927845e+01 4.120096e+01
    endloop
  endfacet
  facet normal -0.000000e+00 4.226183e-01 9.063078e-01
    outer loop
      vertex   -1.395000e+02 4.927845e+01 4.120096e+01
      vertex   -1.357500e+02 4.927845e+01 4.120096e+01
      vertex   -1.395000e+02 4.951542e+01 4.109046e+01
    endloop
  endfacet
  facet normal -0.000000e+00 4.226183e-01 9.063078e-01
    outer loop
      vertex   -1.395000e+02 4.951542e+01 4.109046e+01
      vertex   -1.357500e+02 4.927845e+01 4.120096e+01
      vertex   -1.357500e+02 4.951542e+01 4.109046e+01
    endloop
  endfacet
  facet normal -0.000000e+00 2.588190e-01 9.659258e-01
    outer loop
      vertex   -1.395000e+02 4.951542e+01 4.109046e+01
      vertex   -1.357500e+02 4.951542e+01 4.109046e+01
      vertex   -1.395000e+02 4.976798e+01 4.102279e+01
    endloop
  endfacet
  facet normal -0.000000e+00 2.588190e-01 9.659258e-01
    outer loop
      vertex   -1.395000e+02 4.976798e+01 4.102279e+01
      vertex   -1.357500e+02 4.951542e+01 4.109046e+01
      vertex   -1.357500e+02 4.976798e+01 4.102279e+01
    endloop
  endfacet
  facet normal -0.000000e+00 8.715574e-02 9.961947e-01
    outer loop
      vertex   -1.395000e+02 4.976798e+01 4.102279e+01
      vertex   -1.357500e+02 4.976798e+01 4.102279e+01
      vertex   -1.395000e+02 5.002845e+01 4.100000e+01
    endloop
  endfacet
  facet normal -0.000000e+00 8.715574e-02 9.961947e-01
    outer loop
      vertex   -1.395000e+02 5.002845e+01 4.100000e+01
      vertex   -1.357500e+02 4.976798e+01 4.102279e+01
      vertex   -1.357500e+02 5.002845e+01 4.100000e+01
    endloop
  endfacet
  facet normal 0.000000e+00 -8.715574e-02 9.961947e-01
    outer loop
      vertex   -1.395000e+02 5.002845e+01 4.100000e+01
      vertex   -1.357500e+02 5.002845e+01 4.100000e+01
      vertex   -1.395000e+02 5.028892e+01 4.102279e+01
    endloop
  endfacet
  facet normal 0.000000e+00 -8.715574e-02 9.961947e-01
    outer loop
      vertex   -1.395000e+02 5.028892e+01 4.102279e+01
      vertex   -1.357500e+02 5.002845e+01 4.100000e+01
      vertex   -1.357500e+02 5.028892e+01 4.102279e+01
    endloop
  endfacet
  facet normal 0.000000e+00 -2.588190e-01 9.659258e-01
    outer loop
      vertex   -1.395000e+02 5.028892e+01 4.102279e+01
      vertex   -1.357500e+02 5.028892e+01 4.102279e+01
      vertex   -1.395000e+02 5.054148e+01 4.109046e+01
    endloop
  endfacet
  facet normal 0.000000e+00 -2.588190e-01 9.659258e-01
    outer loop
      vertex   -1.395000e+02 5.054148e+01 4.109046e+01
      vertex   -1.357500e+02 5.028892e+01 4.102279e+01
      vertex   -1.357500e+02 5.054148e+01 4.109046e+01
    endloop
  endfacet
  facet normal 0.000000e+00 -4.226183e-01 9.063078e-01
    outer loop
      vertex   -1.395000e+02 5.054148e+01 4.109046e+01
      vertex   -1.357500e+02 5.054148e+01 4.109046e+01
      vertex   -1.395000e+02 5.077845e+01 4.120096e+01
    endloop
  endfacet
  facet normal 0.000000e+00 -4.226183e-01 9.063078e-01
    outer loop
      vertex   -1.395000e+02 5.077845e+01 4.120096e+01
      vertex   -1.357500e+02 5.054148e+01 4.109046e+01
      vertex   -1.357500e+02 5.077845e+01 4.120096e+01
    endloop
  endfacet
  facet normal 0.000000e+00 -5.735764e-01 8.191520e-01
    outer loop
      vertex   -1.395000e+02 5.077845e+01 4.120096e+01
      vertex   -1.357500e+02 5.077845e+01 4.120096e+01
      vertex   -1.395000e+02 5.099263e+01 4.135093e+01
    endloop
  endfacet
  facet normal 0.000000e+00 -5.735764e-01 8.191520e-01
    outer loop
      vertex   -1.395000e+02 5.099263e+01 4.135093e+01
      vertex   -1.357500e+02 5.077845e+01 4.120096e+01
      vertex   -1.357500e+02 5.099263e+01 4.135093e+01
    endloop
  endfacet
  facet normal 0.000000e+00 -7.071068e-01 7.071068e-01
    outer loop
      vertex   -1.395000e+02 5.099263e+01 4.135093e+01
      vertex   -1.357500e+02 5.099263e+01 4.135093e+01
      vertex   -1.395000e+02 5.117752e+01 4.153582e+01
    endloop
  endfacet
  facet normal 0.000000e+00 -7.071068e-01 7.071068e-01
    outer loop
      vertex   -1.395000e+02 5.117752e+01 4.153582e+01
      vertex   -1.357500e+02 5.099263e+01 4.135093e+01
      vertex   -1.357500e+02 5.117752e+01 4.153582e+01
    endloop
  endfacet
  facet normal 0.000000e+00 -8.191520e-01 5.735764e-01
    outer loop
      vertex   -1.395000e+02 5.117752e+01 4.153582e+01
      vertex   -1.357500e+02 5.117752e+01 4.153582e+01
      vertex   -1.395000e+02 5.132749e+01 4.175000e+01
    endloop
  endfacet
  facet normal 0.000000e+00 -8.191520e-01 5.735764e-01
    outer loop
      vertex   -1.395000e+02 5.132749e+01 4.175000e+01
      vertex   -1.357500e+02 5.117752e+01 4.153582e+01
      vertex   -1.357500e+02 5.132749e+01 4.175000e+01
    endloop
  endfacet
  facet normal 0.000000e+00 -9.063078e-01 4.226183e-01
    outer loop
      vertex   -1.395000e+02 5.132749e+01 4.175000e+01
      vertex   -1.357500e+02 5.132749e+01 4.175000e+01
      vertex   -1.395000e+02 5.143799e+01 4.198697e+01
    endloop
  endfacet
  facet normal 0.000000e+00 -9.063078e-01 4.226183e-01
    outer loop
      vertex   -1.395000e+02 5.143799e+01 4.198697e+01
      vertex   -1.357500e+02 5.132749e+01 4.175000e+01
      vertex   -1.357500e+02 5.143799e+01 4.198697e+01
    endloop
  endfacet
  facet normal 0.000000e+00 -9.659258e-01 2.588190e-01
    outer loop
      vertex   -1.395000e+02 5.143799e+01 4.198697e+01
      vertex   -1.357500e+02 5.143799e+01 4.198697e+01
      vertex   -1.395000e+02 5.150566e+01 4.223953e+01
    endloop
  endfacet
  facet normal 0.000000e+00 -9.659258e-01 2.588190e-01
    outer loop
      vertex   -1.395000e+02 5.150566e+01 4.223953e+01
      vertex   -1.357500e+02 5.143799e+01 4.198697e+01
      vertex   -1.357500e+02 5.150566e+01 4.223953e+01
    endloop
  endfacet
  facet normal 0.000000e+00 -9.961947e-01 8.715574e-02
    outer loop
      vertex   -1.395000e+02 5.150566e+01 4.223953e+01
      vertex   -1.357500e+02 5.150566e+01 4.223953e+01
      vertex   -1.395000e+02 5.152845e+01 4.250000e+01
    endloop
  endfacet
  facet normal 0.000000e+00 -9.961947e-01 8.715574e-02
    outer loop
      vertex   -1.395000e+02 5.152845e+01 4.250000e+01
      vertex   -1.357500e+02 5.150566e+01 4.223953e+01
      vertex   -1.357500e+02 5.152845e+01 4.250000e+01
    endloop
  endfacet
  facet normal 0.000000e+00 -9.961947e-01 -8.715574e-02
    outer loop
      vertex   -1.395000e+02 5.152845e+01 4.250000e+01
      vertex   -1.357500e+02 5.152845e+01 4.250000e+01
      vertex   -1.395000e+02 5.150566e+01 4.276047e+01
    endloop
  endfacet
  facet normal 0.000000e+00 -9.961947e-01 -8.715574e-02
    outer loop
      vertex   -1.395000e+02 5.150566e+01 4.276047e+01
      vertex   -1.357500e+02 5.152845e+01 4.250000e+01
      vertex   -1.357500e+02 5.150566e+01 4.276047e+01
    endloop
  endfacet
  facet normal 0.000000e+00 -9.659258e-01 -2.588190e-01
    outer loop
      vertex   -1.395000e+02 5.150566e+01 4.276047e+01
      vertex   -1.357500e+02 5.150566e+01 4.276047e+01
      vertex   -1.395000e+02 5.143799e+01 4.301303e+01
    endloop
  endfacet
  facet normal 0.000000e+00 -9.659258e-01 -2.588190e-01
    outer loop
      vertex   -1.395000e+02 5.143799e+01 4.301303e+01
      vertex   -1.357500e+02 5.150566e+01 4.276047e+01
      vertex   -1.357500e+02 5.143799e+01 4.301303e+01
    endloop
  endfacet
  facet normal 0.000000e+00 -9.063078e-01 -4.226183e-01
    outer loop
      vertex   -1.395000e+02 5.143799e+01 4.301303e+01
      vertex   -1.357500e+02 5.143799e+01 4.301303e+01
      vertex   -1.395000e+02 5.132749e+01 4.325000e+01
    endloop
  endfacet
  facet normal 0.000000e+00 -9.063078e-01 -4.226183e-01
    outer loop
      vertex   -1.395000e+02 5.132749e+01 4.325000e+01
      vertex   -1.357500e+02 5.143799e+01 4.301303e+01
      vertex   -1.357500e+02 5.132749e+01 4.325000e+01
    endloop
  endfacet
  facet normal 0.000000e+00 -8.191520e-01 -5.735764e-01
    outer loop
      vertex   -1.395000e+02 5.132749e+01 4.325000e+01
      vertex   -1.357500e+02 5.132749e+01 4.325000e+01
      vertex   -1.395000e+02 5.117752e+01 4.346418e+01
    endloop
  endfacet
  facet normal 0.000000e+00 -8.191520e-01 -5.735764e-01
    outer loop
      vertex   -1.395000e+02 5.117752e+01 4.346418e+01
      vertex   -1.357500e+02 5.132749e+01 4.325000e+01
      vertex   -1.357500e+02 5.117752e+01 4.346418e+01
    endloop
  endfacet
  facet normal 0.000000e+00 -7.071068e-01 -7.071068e-01
    outer loop
      vertex   -1.395000e+02 5.117752e+01 4.346418e+01
      vertex   -1.357500e+02 5.117752e+01 4.346418e+01
      vertex   -1.395000e+02 5.099263e+01 4.364907e+01
    endloop
  endfacet
  facet normal 0.000000e+00 -7.071068e-01 -7.071068e-01
    outer loop
      vertex   -1.395000e+02 5.099263e+01 4.364907e+01
      vertex   -1.357500e+02 5.117752e+01 4.346418e+01
      vertex   -1.357500e+02 5.099263e+01 4.364907e+01
    endloop
  endfacet
  facet normal 0.000000e+00 -5.735764e-01 -8.191520e-01
    outer loop
      vertex   -1.395000e+02 5.099263e+01 4.364907e+01
      vertex   -1.357500e+02 5.099263e+01 4.364907e+01
      vertex   -1.395000e+02 5.077845e+01 4.379904e+01
    endloop
  endfacet
  facet normal 0.000000e+00 -5.735764e-01 -8.191520e-01
    outer loop
      vertex   -1.395000e+02 5.077845e+01 4.379904e+01
      vertex   -1.357500e+02 5.099263e+01 4.364907e+01
      vertex   -1.357500e+02 5.077845e+01 4.379904e+01
    endloop
  endfacet
  facet normal 0.000000e+00 -4.226183e-01 -9.063078e-01
    outer loop
      vertex   -1.395000e+02 5.077845e+01 4.379904e+01
      vertex   -1.357500e+02 5.077845e+01 4.379904e+01
      vertex   -1.395000e+02 5.054148e+01 4.390954e+01
    endloop
  endfacet
  facet normal 0.000000e+00 -4.226183e-01 -9.063078e-01
    outer loop
      vertex   -1.395000e+02 5.054148e+01 4.390954e+01
      vertex   -1.357500e+02 5.077845e+01 4.379904e+01
      vertex   -1.357500e+02 5.054148e+01 4.390954e+01
    endloop
  endfacet
  facet normal 0.000000e+00 -2.588190e-01 -9.659258e-01
    outer loop
      vertex   -1.395000e+02 5.054148e+01 4.390954e+01
      vertex   -1.357500e+02 5.054148e+01 4.390954e+01
      vertex   -1.395000e+02 5.028892e+01 4.397721e+01
    endloop
  endfacet
  facet normal 0.000000e+00 -2.588190e-01 -9.659258e-01
    outer loop
      vertex   -1.395000e+02 5.028892e+01 4.397721e+01
      vertex   -1.357500e+02 5.054148e+01 4.390954e+01
      vertex   -1.357500e+02 5.028892e+01 4.397721e+01
    endloop
  endfacet
  facet normal 0.000000e+00 -8.715574e-02 -9.961947e-01
    outer loop
      vertex   -1.395000e+02 5.028892e+01 4.397721e+01
      vertex   -1.357500e+02 5.028892e+01 4.397721e+01
      vertex   -1.395000e+02 5.002845e+01 4.400000e+01
    endloop
  endfacet
  facet normal 0.000000e+00 -8.715574e-02 -9.961947e-01
    outer loop
      vertex   -1.395000e+02 5.002845e+01 4.400000e+01
      vertex   -1.357500e+02 5.028892e+01 4.397721e+01
      vertex   -1.357500e+02 5.002845e+01 4.400000e+01
    endloop
  endfacet
  facet normal 0.000000e+00 8.715574e-02 -9.961947e-01
    outer loop
      vertex   -1.395000e+02 5.002845e+01 4.400000e+01
      vertex   -1.357500e+02 5.002845e+01 4.400000e+01
      vertex   -1.395000e+02 4.976798e+01 4.397721e+01
    endloop
  endfacet
  facet normal 0.000000e+00 8.715574e-02 -9.961947e-01
    outer loop
      vertex   -1.395000e+02 4.976798e+01 4.397721e+01
      vertex   -1.357500e+02 5.002845e+01 4.400000e+01
      vertex   -1.357500e+02 4.976798e+01 4.397721e+01
    endloop
  endfacet
  facet normal 0.000000e+00 2.588190e-01 -9.659258e-01
    outer loop
      vertex   -1.395000e+02 4.976798e+01 4.397721e+01
      vertex   -1.357500e+02 4.976798e+01 4.397721e+01
      vertex   -1.395000e+02 4.951542e+01 4.390954e+01
    endloop
  endfacet
  facet normal 0.000000e+00 2.588190e-01 -9.659258e-01
    outer loop
      vertex   -1.395000e+02 4.951542e+01 4.390954e+01
      vertex   -1.357500e+02 4.976798e+01 4.397721e+01
      vertex   -1.357500e+02 4.951542e+01 4.390954e+01
    endloop
  endfacet
  facet normal 0.000000e+00 4.226183e-01 -9.063078e-01
    outer loop
      vertex   -1.395000e+02 4.951542e+01 4.390954e+01
      vertex   -1.357500e+02 4.951542e+01 4.390954e+01
      vertex   -1.395000e+02 4.927845e+01 4.379904e+01
    endloop
  endfacet
  facet normal 0.000000e+00 4.226183e-01 -9.063078e-01
    outer loop
      vertex   -1.395000e+02 4.927845e+01 4.379904e+01
      vertex   -1.357500e+02 4.951542e+01 4.390954e+01
      vertex   -1.357500e+02 4.927845e+01 4.379904e+01
    endloop
  endfacet
  facet normal 0.000000e+00 5.735764e-01 -8.191520e-01
    outer loop
      vertex   -1.395000e+02 4.927845e+01 4.379904e+01
      vertex   -1.357500e+02 4.927845e+01 4.379904e+01
      vertex   -1.395000e+02 4.906427e+01 4.364907e+01
    endloop
  endfacet
  facet normal 0.000000e+00 5.735764e-01 -8.191520e-01
    outer loop
      vertex   -1.395000e+02 4.906427e+01 4.364907e+01
      vertex   -1.357500e+02 4.927845e+01 4.379904e+01
      vertex   -1.357500e+02 4.906427e+01 4.364907e+01
    endloop
  endfacet
  facet normal 0.000000e+00 7.071068e-01 -7.071068e-01
    outer loop
      vertex   -1.395000e+02 4.906427e+01 4.364907e+01
      vertex   -1.357500e+02 4.906427e+01 4.364907e+01
      vertex   -1.395000e+02 4.887938e+01 4.346418e+01
    endloop
  endfacet
  facet normal 0.000000e+00 7.071068e-01 -7.071068e-01
    outer loop
      vertex   -1.395000e+02 4.887938e+01 4.346418e+01
      vertex   -1.357500e+02 4.906427e+01 4.364907e+01
      vertex   -1.357500e+02 4.887938e+01 4.346418e+01
    endloop
  endfacet
  facet normal 0.000000e+00 8.191520e-01 -5.735764e-01
    outer loop
      vertex   -1.395000e+02 4.887938e+01 4.346418e+01
      vertex   -1.357500e+02 4.887938e+01 4.346418e+01
      vertex   -1.395000e+02 4.872941e+01 4.325000e+01
    endloop
  endfacet
  facet normal 0.000000e+00 8.191520e-01 -5.735764e-01
    outer loop
      vertex   -1.395000e+02 4.872941e+01 4.325000e+01
      vertex   -1.357500e+02 4.887938e+01 4.346418e+01
      vertex   -1.357500e+02 4.872941e+01 4.325000e+01
    endloop
  endfacet
  facet normal 0.000000e+00 9.063078e-01 -4.226183e-01
    outer loop
      vertex   -1.395000e+02 4.872941e+01 4.325000e+01
      vertex   -1.357500e+02 4.872941e+01 4.325000e+01
      vertex   -1.395000e+02 4.861891e+01 4.301303e+01
    endloop
  endfacet
  facet normal 0.000000e+00 9.063078e-01 -4.226183e-01
    outer loop
      vertex   -1.395000e+02 4.861891e+01 4.301303e+01
      vertex   -1.357500e+02 4.872941e+01 4.325000e+01
      vertex   -1.357500e+02 4.861891e+01 4.301303e+01
    endloop
  endfacet
  facet normal 0.000000e+00 9.659258e-01 -2.588190e-01
    outer loop
      vertex   -1.395000e+02 4.861891e+01 4.301303e+01
      vertex   -1.357500e+02 4.861891e+01 4.301303e+01
      vertex   -1.395000e+02 4.855124e+01 4.276047e+01
    endloop
  endfacet
  facet normal 0.000000e+00 9.659258e-01 -2.588190e-01
    outer loop
      vertex   -1.395000e+02 4.855124e+01 4.276047e+01
      vertex   -1.357500e+02 4.861891e+01 4.301303e+01
      vertex   -1.357500e+02 4.855124e+01 4.276047e+01
    endloop
  endfacet
  facet normal 0.000000e+00 9.961947e-01 8.715574e-02
    outer loop
      vertex   -1.320000e+02 4.855124e+01 4.223953e+01
      vertex   -1.357500e+02 4.855124e+01 4.223953e+01
      vertex   -1.320000e+02 4.852845e+01 4.250000e+01
    endloop
  endfacet
  facet normal 0.000000e+00 9.961947e-01 8.715574e-02
    outer loop
      vertex   -1.320000e+02 4.852845e+01 4.250000e+01
      vertex   -1.357500e+02 4.855124e+01 4.223953e+01
      vertex   -1.357500e+02 4.852845e+01 4.250000e+01
    endloop
  endfacet
  facet normal 0.000000e+00 9.961947e-01 -8.715574e-02
    outer loop
      vertex   -1.320000e+02 4.852845e+01 4.250000e+01
      vertex   -1.357500e+02 4.852845e+01 4.250000e+01
      vertex   -1.320000e+02 4.855124e+01 4.276047e+01
    endloop
  endfacet
  facet normal 0.000000e+00 9.961947e-01 -8.715574e-02
    outer loop
      vertex   -1.320000e+02 4.855124e+01 4.276047e+01
      vertex   -1.357500e+02 4.852845e+01 4.250000e+01
      vertex   -1.357500e+02 4.855124e+01 4.276047e+01
    endloop
  endfacet
  facet normal 0.000000e+00 9.659258e-01 -2.588190e-01
    outer loop
      vertex   -1.320000e+02 4.855124e+01 4.276047e+01
      vertex   -1.357500e+02 4.855124e+01 4.276047e+01
      vertex   -1.320000e+02 4.861891e+01 4.301303e+01
    endloop
  endfacet
  facet normal 0.000000e+00 9.659258e-01 -2.588190e-01
    outer loop
      vertex   -1.320000e+02 4.861891e+01 4.301303e+01
      vertex   -1.357500e+02 4.855124e+01 4.276047e+01
      vertex   -1.357500e+02 4.861891e+01 4.301303e+01
    endloop
  endfacet
  facet normal 0.000000e+00 9.063078e-01 -4.226183e-01
    outer loop
      vertex   -1.320000e+02 4.861891e+01 4.301303e+01
      vertex   -1.357500e+02 4.861891e+01 4.301303e+01
      vertex   -1.320000e+02 4.872941e+01 4.325000e+01
    endloop
  endfacet
  facet normal 0.000000e+00 9.063078e-01 -4.226183e-01
    outer loop
      vertex   -1.320000e+02 4.872941e+01 4.325000e+01
      vertex   -1.357500e+02 4.861891e+01 4.301303e+01
      vertex   -1.357500e+02 4.872941e+01 4.325000e+01
    endloop
  endfacet
  facet normal 0.000000e+00 8.191520e-01 -5.735764e-01
    outer loop
      vertex   -1.320000e+02 4.872941e+01 4.325000e+01
      vertex   -1.357500e+02 4.872941e+01 4.325000e+01
      vertex   -1.320000e+02 4.887938e+01 4.346418e+01
    endloop
  endfacet
  facet normal 0.000000e+00 8.191520e-01 -5.735764e-01
    outer loop
      vertex   -1.320000e+02 4.887938e+01 4.346418e+01
      vertex   -1.357500e+02 4.872941e+01 4.325000e+01
      vertex   -1.357500e+02 4.887938e+01 4.346418e+01
    endloop
  endfacet
  facet normal 0.000000e+00 7.071068e-01 -7.071068e-01
    outer loop
      vertex   -1.320000e+02 4.887938e+01 4.346418e+01
      vertex   -1.357500e+02 4.887938e+01 4.346418e+01
      vertex   -1.320000e+02 4.906427e+01 4.364907e+01
    endloop
  endfacet
  facet normal 0.000000e+00 7.071068e-01 -7.071068e-01
    outer loop
      vertex   -1.320000e+02 4.906427e+01 4.364907e+01
      vertex   -1.357500e+02 4.887938e+01 4.346418e+01
      vertex   -1.357500e+02 4.906427e+01 4.364907e+01
    endloop
  endfacet
  facet normal 0.000000e+00 5.735764e-01 -8.191520e-01
    outer loop
      vertex   -1.320000e+02 4.906427e+01 4.364907e+01
      vertex   -1.357500e+02 4.906427e+01 4.364907e+01
      vertex   -1.320000e+02 4.927845e+01 4.379904e+01
    endloop
  endfacet
  facet normal 0.000000e+00 5.735764e-01 -8.191520e-01
    outer loop
      vertex   -1.320000e+02 4.927845e+01 4.379904e+01
      vertex   -1.357500e+02 4.906427e+01 4.364907e+01
      vertex   -1.357500e+02 4.927845e+01 4.379904e+01
    endloop
  endfacet
  facet normal 0.000000e+00 4.226183e-01 -9.063078e-01
    outer loop
      vertex   -1.320000e+02 4.927845e+01 4.379904e+01
      vertex   -1.357500e+02 4.927845e+01 4.379904e+01
      vertex   -1.320000e+02 4.951542e+01 4.390954e+01
    endloop
  endfacet
  facet normal 0.000000e+00 4.226183e-01 -9.063078e-01
    outer loop
      vertex   -1.320000e+02 4.951542e+01 4.390954e+01
      vertex   -1.357500e+02 4.927845e+01 4.379904e+01
      vertex   -1.357500e+02 4.951542e+01 4.390954e+01
    endloop
  endfacet
  facet normal 0.000000e+00 2.588190e-01 -9.659258e-01
    outer loop
      vertex   -1.320000e+02 4.951542e+01 4.390954e+01
      vertex   -1.357500e+02 4.951542e+01 4.390954e+01
      vertex   -1.320000e+02 4.976798e+01 4.397721e+01
    endloop
  endfacet
  facet normal 0.000000e+00 2.588190e-01 -9.659258e-01
    outer loop
      vertex   -1.320000e+02 4.976798e+01 4.397721e+01
      vertex   -1.357500e+02 4.951542e+01 4.390954e+01
      vertex   -1.357500e+02 4.976798e+01 4.397721e+01
    endloop
  endfacet
  facet normal 0.000000e+00 8.715574e-02 -9.961947e-01
    outer loop
      vertex   -1.320000e+02 4.976798e+01 4.397721e+01
      vertex   -1.357500e+02 4.976798e+01 4.397721e+01
      vertex   -1.320000e+02 5.002845e+01 4.400000e+01
    endloop
  endfacet
  facet normal 0.000000e+00 8.715574e-02 -9.961947e-01
    outer loop
      vertex   -1.320000e+02 5.002845e+01 4.400000e+01
      vertex   -1.357500e+02 4.976798e+01 4.397721e+01
      vertex   -1.357500e+02 5.002845e+01 4.400000e+01
    endloop
  endfacet
  facet normal -0.000000e+00 -8.715574e-02 -9.961947e-01
    outer loop
      vertex   -1.320000e+02 5.002845e+01 4.400000e+01
      vertex   -1.357500e+02 5.002845e+01 4.400000e+01
      vertex   -1.320000e+02 5.028892e+01 4.397721e+01
    endloop
  endfacet
  facet normal -0.000000e+00 -8.715574e-02 -9.961947e-01
    outer loop
      vertex   -1.320000e+02 5.028892e+01 4.397721e+01
      vertex   -1.357500e+02 5.002845e+01 4.400000e+01
      vertex   -1.357500e+02 5.028892e+01 4.397721e+01
    endloop
  endfacet
  facet normal -0.000000e+00 -2.588190e-01 -9.659258e-01
    outer loop
      vertex   -1.320000e+02 5.028892e+01 4.397721e+01
      vertex   -1.357500e+02 5.028892e+01 4.397721e+01
      vertex   -1.320000e+02 5.054148e+01 4.390954e+01
    endloop
  endfacet
  facet normal -0.000000e+00 -2.588190e-01 -9.659258e-01
    outer loop
      vertex   -1.320000e+02 5.054148e+01 4.390954e+01
      vertex   -1.357500e+02 5.028892e+01 4.397721e+01
      vertex   -1.357500e+02 5.054148e+01 4.390954e+01
    endloop
  endfacet
  facet normal -0.000000e+00 -4.226183e-01 -9.063078e-01
    outer loop
      vertex   -1.320000e+02 5.054148e+01 4.390954e+01
      vertex   -1.357500e+02 5.054148e+01 4.390954e+01
      vertex   -1.320000e+02 5.077845e+01 4.379904e+01
    endloop
  endfacet
  facet normal -0.000000e+00 -4.226183e-01 -9.063078e-01
    outer loop
      vertex   -1.320000e+02 5.077845e+01 4.379904e+01
      vertex   -1.357500e+02 5.054148e+01 4.390954e+01
      vertex   -1.357500e+02 5.077845e+01 4.379904e+01
    endloop
  endfacet
  facet normal -0.000000e+00 -5.735764e-01 -8.191520e-01
    outer loop
      vertex   -1.320000e+02 5.077845e+01 4.379904e+01
      vertex   -1.357500e+02 5.077845e+01 4.379904e+01
      vertex   -1.320000e+02 5.099263e+01 4.364907e+01
    endloop
  endfacet
  facet normal -0.000000e+00 -5.735764e-01 -8.191520e-01
    outer loop
      vertex   -1.320000e+02 5.099263e+01 4.364907e+01
      vertex   -1.357500e+02 5.077845e+01 4.379904e+01
      vertex   -1.357500e+02 5.099263e+01 4.364907e+01
    endloop
  endfacet
  facet normal -0.000000e+00 -7.071068e-01 -7.071068e-01
    outer loop
      vertex   -1.320000e+02 5.099263e+01 4.364907e+01
      vertex   -1.357500e+02 5.099263e+01 4.364907e+01
      vertex   -1.320000e+02 5.117752e+01 4.346418e+01
    endloop
  endfacet
  facet normal -0.000000e+00 -7.071068e-01 -7.071068e-01
    outer loop
      vertex   -1.320000e+02 5.117752e+01 4.346418e+01
      vertex   -1.357500e+02 5.099263e+01 4.364907e+01
      vertex   -1.357500e+02 5.117752e+01 4.346418e+01
    endloop
  endfacet
  facet normal -0.000000e+00 -8.191520e-01 -5.735764e-01
    outer loop
      vertex   -1.320000e+02 5.117752e+01 4.346418e+01
      vertex   -1.357500e+02 5.117752e+01 4.346418e+01
      vertex   -1.320000e+02 5.132749e+01 4.325000e+01
    endloop
  endfacet
  facet normal -0.000000e+00 -8.191520e-01 -5.735764e-01
    outer loop
      vertex   -1.320000e+02 5.132749e+01 4.325000e+01
      vertex   -1.357500e+02 5.117752e+01 4.346418e+01
      vertex   -1.357500e+02 5.132749e+01 4.325000e+01
    endloop
  endfacet
  facet normal -0.000000e+00 -9.063078e-01 -4.226183e-01
    outer loop
      vertex   -1.320000e+02 5.132749e+01 4.325000e+01
      vertex   -1.357500e+02 5.132749e+01 4.325000e+01
      vertex   -1.320000e+02 5.143799e+01 4.301303e+01
    endloop
  endfacet
  facet normal -0.000000e+00 -9.063078e-01 -4.226183e-01
    outer loop
      vertex   -1.320000e+02 5.143799e+01 4.301303e+01
      vertex   -1.357500e+02 5.132749e+01 4.325000e+01
      vertex   -1.357500e+02 5.143799e+01 4.301303e+01
    endloop
  endfacet
  facet normal -0.000000e+00 -9.659258e-01 -2.588190e-01
    outer loop
      vertex   -1.320000e+02 5.143799e+01 4.301303e+01
      vertex   -1.357500e+02 5.143799e+01 4.301303e+01
      vertex   -1.320000e+02 5.150566e+01 4.276047e+01
    endloop
  endfacet
  facet normal -0.000000e+00 -9.659258e-01 -2.588190e-01
    outer loop
      vertex   -1.320000e+02 5.150566e+01 4.276047e+01
      vertex   -1.357500e+02 5.143799e+01 4.301303e+01
      vertex   -1.357500e+02 5.150566e+01 4.276047e+01
    endloop
  endfacet
  facet normal -0.000000e+00 -9.961947e-01 -8.715574e-02
    outer loop
      vertex   -1.320000e+02 5.150566e+01 4.276047e+01
      vertex   -1.357500e+02 5.150566e+01 4.276047e+01
      vertex   -1.320000e+02 5.152845e+01 4.250000e+01
    endloop
  endfacet
  facet normal -0.000000e+00 -9.961947e-01 -8.715574e-02
    outer loop
      vertex   -1.320000e+02 5.152845e+01 4.250000e+01
      vertex   -1.357500e+02 5.150566e+01 4.276047e+01
      vertex   -1.357500e+02 5.152845e+01 4.250000e+01
    endloop
  endfacet
  facet normal 0.000000e+00 -9.961947e-01 8.715574e-02
    outer loop
      vertex   -1.320000e+02 5.152845e+01 4.250000e+01
      vertex   -1.357500e+02 5.152845e+01 4.250000e+01
      vertex   -1.320000e+02 5.150566e+01 4.223953e+01
    endloop
  endfacet
  facet normal 0.000000e+00 -9.961947e-01 8.715574e-02
    outer loop
      vertex   -1.320000e+02 5.150566e+01 4.223953e+01
      vertex   -1.357500e+02 5.152845e+01 4.250000e+01
      vertex   -1.357500e+02 5.150566e+01 4.223953e+01
    endloop
  endfacet
  facet normal 0.000000e+00 -9.659258e-01 2.588190e-01
    outer loop
      vertex   -1.320000e+02 5.150566e+01 4.223953e+01
      vertex   -1.357500e+02 5.150566e+01 4.223953e+01
      vertex   -1.320000e+02 5.143799e+01 4.198697e+01
    endloop
  endfacet
  facet normal 0.000000e+00 -9.659258e-01 2.588190e-01
    outer loop
      vertex   -1.320000e+02 5.143799e+01 4.198697e+01
      vertex   -1.357500e+02 5.150566e+01 4.223953e+01
      vertex   -1.357500e+02 5.143799e+01 4.198697e+01
    endloop
  endfacet
  facet normal 0.000000e+00 -9.063078e-01 4.226183e-01
    outer loop
      vertex   -1.320000e+02 5.143799e+01 4.198697e+01
      vertex   -1.357500e+02 5.143799e+01 4.198697e+01
      vertex   -1.320000e+02 5.132749e+01 4.175000e+01
    endloop
  endfacet
  facet normal 0.000000e+00 -9.063078e-01 4.226183e-01
    outer loop
      vertex   -1.320000e+02 5.132749e+01 4.175000e+01
      vertex   -1.357500e+02 5.143799e+01 4.198697e+01
      vertex   -1.357500e+02 5.132749e+01 4.175000e+01
    endloop
  endfacet
  facet normal 0.000000e+00 -8.191520e-01 5.735764e-01
    outer loop
      vertex   -1.320000e+02 5.132749e+01 4.175000e+01
      vertex   -1.357500e+02 5.132749e+01 4.175000e+01
      vertex   -1.320000e+02 5.117752e+01 4.153582e+01
    endloop
  endfacet
  facet normal 0.000000e+00 -8.191520e-01 5.735764e-01
    outer loop
      vertex   -1.320000e+02 5.117752e+01 4.153582e+01
      vertex   -1.357500e+02 5.132749e+01 4.175000e+01
      vertex   -1.357500e+02 5.117752e+01 4.153582e+01
    endloop
  endfacet
  facet normal 0.000000e+00 -7.071068e-01 7.071068e-01
    outer loop
      vertex   -1.320000e+02 5.117752e+01 4.153582e+01
      vertex   -1.357500e+02 5.117752e+01 4.153582e+01
      vertex   -1.320000e+02 5.099263e+01 4.135093e+01
    endloop
  endfacet
  facet normal 0.000000e+00 -7.071068e-01 7.071068e-01
    outer loop
      vertex   -1.320000e+02 5.099263e+01 4.135093e+01
      vertex   -1.357500e+02 5.117752e+01 4.153582e+01
      vertex   -1.357500e+02 5.099263e+01 4.135093e+01
    endloop
  endfacet
  facet normal 0.000000e+00 -5.735764e-01 8.191520e-01
    outer loop
      vertex   -1.320000e+02 5.099263e+01 4.135093e+01
      vertex   -1.357500e+02 5.099263e+01 4.135093e+01
      vertex   -1.320000e+02 5.077845e+01 4.120096e+01
    endloop
  endfacet
  facet normal 0.000000e+00 -5.735764e-01 8.191520e-01
    outer loop
      vertex   -1.320000e+02 5.077845e+01 4.120096e+01
      vertex   -1.357500e+02 5.099263e+01 4.135093e+01
      vertex   -1.357500e+02 5.077845e+01 4.120096e+01
    endloop
  endfacet
  facet normal 0.000000e+00 -4.226183e-01 9.063078e-01
    outer loop
      vertex   -1.320000e+02 5.077845e+01 4.120096e+01
      vertex   -1.357500e+02 5.077845e+01 4.120096e+01
      vertex   -1.320000e+02 5.054148e+01 4.109046e+01
    endloop
  endfacet
  facet normal 0.000000e+00 -4.226183e-01 9.063078e-01
    outer loop
      vertex   -1.320000e+02 5.054148e+01 4.109046e+01
      vertex   -1.357500e+02 5.077845e+01 4.120096e+01
      vertex   -1.357500e+02 5.054148e+01 4.109046e+01
    endloop
  endfacet
  facet normal 0.000000e+00 -2.588190e-01 9.659258e-01
    outer loop
      vertex   -1.320000e+02 5.054148e+01 4.109046e+01
      vertex   -1.357500e+02 5.054148e+01 4.109046e+01
      vertex   -1.320000e+02 5.028892e+01 4.102279e+01
    endloop
  endfacet
  facet normal 0.000000e+00 -2.588190e-01 9.659258e-01
    outer loop
      vertex   -1.320000e+02 5.028892e+01 4.102279e+01
      vertex   -1.357500e+02 5.054148e+01 4.109046e+01
      vertex   -1.357500e+02 5.028892e+01 4.102279e+01
    endloop
  endfacet
  facet normal 0.000000e+00 -8.715574e-02 9.961947e-01
    outer loop
      vertex   -1.320000e+02 5.028892e+01 4.102279e+01
      vertex   -1.357500e+02 5.028892e+01 4.102279e+01
      vertex   -1.320000e+02 5.002845e+01 4.100000e+01
    endloop
  endfacet
  facet normal 0.000000e+00 -8.715574e-02 9.961947e-01
    outer loop
      vertex   -1.320000e+02 5.002845e+01 4.100000e+01
      vertex   -1.357500e+02 5.028892e+01 4.102279e+01
      vertex   -1.357500e+02 5.002845e+01 4.100000e+01
    endloop
  endfacet
  facet normal 0.000000e+00 8.715574e-02 9.961947e-01
    outer loop
      vertex   -1.320000e+02 5.002845e+01 4.100000e+01
      vertex   -1.357500e+02 5.002845e+01 4.100000e+01
      vertex   -1.320000e+02 4.976798e+01 4.102279e+01
    endloop
  endfacet
  facet normal 0.000000e+00 8.715574e-02 9.961947e-01
    outer loop
      vertex   -1.320000e+02 4.976798e+01 4.102279e+01
      vertex   -1.357500e+02 5.002845e+01 4.100000e+01
      vertex   -1.357500e+02 4.976798e+01 4.102279e+01
    endloop
  endfacet
  facet normal 0.000000e+00 2.588190e-01 9.659258e-01
    outer loop
      vertex   -1.320000e+02 4.976798e+01 4.102279e+01
      vertex   -1.357500e+02 4.976798e+01 4.102279e+01
      vertex   -1.320000e+02 4.951542e+01 4.109046e+01
    endloop
  endfacet
  facet normal 0.000000e+00 2.588190e-01 9.659258e-01
    outer loop
      vertex   -1.320000e+02 4.951542e+01 4.109046e+01
      vertex   -1.357500e+02 4.976798e+01 4.102279e+01
      vertex   -1.357500e+02 4.951542e+01 4.109046e+01
    endloop
  endfacet
  facet normal 0.000000e+00 4.226183e-01 9.063078e-01
    outer loop
      vertex   -1.320000e+02 4.951542e+01 4.109046e+01
      vertex   -1.357500e+02 4.951542e+01 4.109046e+01
      vertex   -1.320000e+02 4.927845e+01 4.120096e+01
    endloop
  endfacet
  facet normal 0.000000e+00 4.226183e-01 9.063078e-01
    outer loop
      vertex   -1.320000e+02 4.927845e+01 4.120096e+01
      vertex   -1.357500e+02 4.951542e+01 4.109046e+01
      vertex   -1.357500e+02 4.927845e+01 4.120096e+01
    endloop
  endfacet
  facet normal 0.000000e+00 5.735764e-01 8.191520e-01
    outer loop
      vertex   -1.320000e+02 4.927845e+01 4.120096e+01
      vertex   -1.357500e+02 4.927845e+01 4.120096e+01
      vertex   -1.320000e+02 4.906427e+01 4.135093e+01
    endloop
  endfacet
  facet normal 0.000000e+00 5.735764e-01 8.191520e-01
    outer loop
      vertex   -1.320000e+02 4.906427e+01 4.135093e+01
      vertex   -1.357500e+02 4.927845e+01 4.120096e+01
      vertex   -1.357500e+02 4.906427e+01 4.135093e+01
    endloop
  endfacet
  facet normal 0.000000e+00 7.071068e-01 7.071068e-01
    outer loop
      vertex   -1.320000e+02 4.906427e+01 4.135093e+01
      vertex   -1.357500e+02 4.906427e+01 4.135093e+01
      vertex   -1.320000e+02 4.887938e+01 4.153582e+01
    endloop
  endfacet
  facet normal 0.000000e+00 7.071068e-01 7.071068e-01
    outer loop
      vertex   -1.320000e+02 4.887938e+01 4.153582e+01
      vertex   -1.357500e+02 4.906427e+01 4.135093e+01
      vertex   -1.357500e+02 4.887938e+01 4.153582e+01
    endloop
  endfacet
  facet normal 0.000000e+00 8.191520e-01 5.735764e-01
    outer loop
      vertex   -1.320000e+02 4.887938e+01 4.153582e+01
      vertex   -1.357500e+02 4.887938e+01 4.153582e+01
      vertex   -1.320000e+02 4.872941e+01 4.175000e+01
    endloop
  endfacet
  facet normal 0.000000e+00 8.191520e-01 5.735764e-01
    outer loop
      vertex   -1.320000e+02 4.872941e+01 4.175000e+01
      vertex   -1.357500e+02 4.887938e+01 4.153582e+01
      vertex   -1.357500e+02 4.872941e+01 4.175000e+01
    endloop
  endfacet
  facet normal 0.000000e+00 9.063078e-01 4.226183e-01
    outer loop
      vertex   -1.320000e+02 4.872941e+01 4.175000e+01
      vertex   -1.357500e+02 4.872941e+01 4.175000e+01
      vertex   -1.320000e+02 4.861891e+01 4.198697e+01
    endloop
  endfacet
  facet normal 0.000000e+00 9.063078e-01 4.226183e-01
    outer loop
      vertex   -1.320000e+02 4.861891e+01 4.198697e+01
      vertex   -1.357500e+02 4.872941e+01 4.175000e+01
      vertex   -1.357500e+02 4.861891e+01 4.198697e+01
    endloop
  endfacet
  facet normal 0.000000e+00 9.659258e-01 2.588190e-01
    outer loop
      vertex   -1.320000e+02 4.861891e+01 4.198697e+01
      vertex   -1.357500e+02 4.861891e+01 4.198697e+01
      vertex   -1.320000e+02 4.855124e+01 4.223953e+01
    endloop
  endfacet
  facet normal 0.000000e+00 9.659258e-01 2.588190e-01
    outer loop
      vertex   -1.320000e+02 4.855124e+01 4.223953e+01
      vertex   -1.357500e+02 4.861891e+01 4.198697e+01
      vertex   -1.357500e+02 4.855124e+01 4.223953e+01
    endloop
  endfacet
  facet normal 0.000000e+00 9.961947e-01 -8.715574e-02
    outer loop
      vertex   -1.395000e+02 4.855124e+01 5.276047e+01
      vertex   -1.357500e+02 4.855124e+01 5.276047e+01
      vertex   -1.395000e+02 4.852845e+01 5.250000e+01
    endloop
  endfacet
  facet normal 0.000000e+00 9.961947e-01 -8.715574e-02
    outer loop
      vertex   -1.395000e+02 4.852845e+01 5.250000e+01
      vertex   -1.357500e+02 4.855124e+01 5.276047e+01
      vertex   -1.357500e+02 4.852845e+01 5.250000e+01
    endloop
  endfacet
  facet normal -0.000000e+00 9.961947e-01 8.715574e-02
    outer loop
      vertex   -1.395000e+02 4.852845e+01 5.250000e+01
      vertex   -1.357500e+02 4.852845e+01 5.250000e+01
      vertex   -1.395000e+02 4.855124e+01 5.223953e+01
    endloop
  endfacet
  facet normal -0.000000e+00 9.961947e-01 8.715574e-02
    outer loop
      vertex   -1.395000e+02 4.855124e+01 5.223953e+01
      vertex   -1.357500e+02 4.852845e+01 5.250000e+01
      vertex   -1.357500e+02 4.855124e+01 5.223953e+01
    endloop
  endfacet
  facet normal -0.000000e+00 9.659258e-01 2.588190e-01
    outer loop
      vertex   -1.395000e+02 4.855124e+01 5.223953e+01
      vertex   -1.357500e+02 4.855124e+01 5.223953e+01
      vertex   -1.395000e+02 4.861891e+01 5.198697e+01
    endloop
  endfacet
  facet normal -0.000000e+00 9.659258e-01 2.588190e-01
    outer loop
      vertex   -1.395000e+02 4.861891e+01 5.198697e+01
      vertex   -1.357500e+02 4.855124e+01 5.223953e+01
      vertex   -1.357500e+02 4.861891e+01 5.198697e+01
    endloop
  endfacet
  facet normal -0.000000e+00 9.063078e-01 4.226183e-01
    outer loop
      vertex   -1.395000e+02 4.861891e+01 5.198697e+01
      vertex   -1.357500e+02 4.861891e+01 5.198697e+01
      vertex   -1.395000e+02 4.872941e+01 5.175000e+01
    endloop
  endfacet
  facet normal 8.007687e-16 9.063078e-01 4.226183e-01
    outer loop
      vertex   -1.395000e+02 4.872941e+01 5.175000e+01
      vertex   -1.357500e+02 4.861891e+01 5.198697e+01
      vertex   -1.357500e+02 4.872941e+01 5.175000e+01
    endloop
  endfacet
  facet normal 1.086801e-15 8.191520e-01 5.735764e-01
    outer loop
      vertex   -1.395000e+02 4.872941e+01 5.175000e+01
      vertex   -1.357500e+02 4.872941e+01 5.175000e+01
      vertex   -1.395000e+02 4.887938e+01 5.153582e+01
    endloop
  endfacet
  facet normal -0.000000e+00 8.191520e-01 5.735764e-01
    outer loop
      vertex   -1.395000e+02 4.887938e+01 5.153582e+01
      vertex   -1.357500e+02 4.872941e+01 5.175000e+01
      vertex   -1.357500e+02 4.887938e+01 5.153582e+01
    endloop
  endfacet
  facet normal -0.000000e+00 7.071068e-01 7.071068e-01
    outer loop
      vertex   -1.395000e+02 4.887938e+01 5.153582e+01
      vertex   -1.357500e+02 4.887938e+01 5.153582e+01
      vertex   -1.395000e+02 4.906427e+01 5.135093e+01
    endloop
  endfacet
  facet normal -0.000000e+00 7.071068e-01 7.071068e-01
    outer loop
      vertex   -1.395000e+02 4.906427e+01 5.135093e+01
      vertex   -1.357500e+02 4.887938e+01 5.153582e+01
      vertex   -1.357500e+02 4.906427e+01 5.135093e+01
    endloop
  endfacet
  facet normal -0.000000e+00 5.735764e-01 8.191520e-01
    outer loop
      vertex   -1.395000e+02 4.906427e+01 5.135093e+01
      vertex   -1.357500e+02 4.906427e+01 5.135093e+01
      vertex   -1.395000e+02 4.927845e+01 5.120096e+01
    endloop
  endfacet
  facet normal -0.000000e+00 5.735764e-01 8.191520e-01
    outer loop
      vertex   -1.395000e+02 4.927845e+01 5.120096e+01
      vertex   -1.357500e+02 4.906427e+01 5.135093e+01
      vertex   -1.357500e+02 4.927845e+01 5.120096e+01
    endloop
  endfacet
  facet normal -0.000000e+00 4.226183e-01 9.063078e-01
    outer loop
      vertex   -1.395000e+02 4.927845e+01 5.120096e+01
      vertex   -1.357500e+02 4.927845e+01 5.120096e+01
      vertex   -1.395000e+02 4.951542e+01 5.109046e+01
    endloop
  endfacet
  facet normal -0.000000e+00 4.226183e-01 9.063078e-01
    outer loop
      vertex   -1.395000e+02 4.951542e+01 5.109046e+01
      vertex   -1.357500e+02 4.927845e+01 5.120096e+01
      vertex   -1.357500e+02 4.951542e+01 5.109046e+01
    endloop
  endfacet
  facet normal -0.000000e+00 2.588190e-01 9.659258e-01
    outer loop
      vertex   -1.395000e+02 4.951542e+01 5.109046e+01
      vertex   -1.357500e+02 4.951542e+01 5.109046e+01
      vertex   -1.395000e+02 4.976798e+01 5.102279e+01
    endloop
  endfacet
  facet normal -0.000000e+00 2.588190e-01 9.659258e-01
    outer loop
      vertex   -1.395000e+02 4.976798e+01 5.102279e+01
      vertex   -1.357500e+02 4.951542e+01 5.109046e+01
      vertex   -1.357500e+02 4.976798e+01 5.102279e+01
    endloop
  endfacet
  facet normal -0.000000e+00 8.715574e-02 9.961947e-01
    outer loop
      vertex   -1.395000e+02 4.976798e+01 5.102279e+01
      vertex   -1.357500e+02 4.976798e+01 5.102279e+01
      vertex   -1.395000e+02 5.002845e+01 5.100000e+01
    endloop
  endfacet
  facet normal -0.000000e+00 8.715574e-02 9.961947e-01
    outer loop
      vertex   -1.395000e+02 5.002845e+01 5.100000e+01
      vertex   -1.357500e+02 4.976798e+01 5.102279e+01
      vertex   -1.357500e+02 5.002845e+01 5.100000e+01
    endloop
  endfacet
  facet normal 0.000000e+00 -8.715574e-02 9.961947e-01
    outer loop
      vertex   -1.395000e+02 5.002845e+01 5.100000e+01
      vertex   -1.357500e+02 5.002845e+01 5.100000e+01
      vertex   -1.395000e+02 5.028892e+01 5.102279e+01
    endloop
  endfacet
  facet normal 0.000000e+00 -8.715574e-02 9.961947e-01
    outer loop
      vertex   -1.395000e+02 5.028892e+01 5.102279e+01
      vertex   -1.357500e+02 5.002845e+01 5.100000e+01
      vertex   -1.357500e+02 5.028892e+01 5.102279e+01
    endloop
  endfacet
  facet normal 0.000000e+00 -2.588190e-01 9.659258e-01
    outer loop
      vertex   -1.395000e+02 5.028892e+01 5.102279e+01
      vertex   -1.357500e+02 5.028892e+01 5.102279e+01
      vertex   -1.395000e+02 5.054148e+01 5.109046e+01
    endloop
  endfacet
  facet normal 0.000000e+00 -2.588190e-01 9.659258e-01
    outer loop
      vertex   -1.395000e+02 5.054148e+01 5.109046e+01
      vertex   -1.357500e+02 5.028892e+01 5.102279e+01
      vertex   -1.357500e+02 5.054148e+01 5.109046e+01
    endloop
  endfacet
  facet normal 0.000000e+00 -4.226183e-01 9.063078e-01
    outer loop
      vertex   -1.395000e+02 5.054148e+01 5.109046e+01
      vertex   -1.357500e+02 5.054148e+01 5.109046e+01
      vertex   -1.395000e+02 5.077845e+01 5.120096e+01
    endloop
  endfacet
  facet normal 8.007687e-16 -4.226183e-01 9.063078e-01
    outer loop
      vertex   -1.395000e+02 5.077845e+01 5.120096e+01
      vertex   -1.357500e+02 5.054148e+01 5.109046e+01
      vertex   -1.357500e+02 5.077845e+01 5.120096e+01
    endloop
  endfacet
  facet normal 1.086801e-15 -5.735764e-01 8.191520e-01
    outer loop
      vertex   -1.395000e+02 5.077845e+01 5.120096e+01
      vertex   -1.357500e+02 5.077845e+01 5.120096e+01
      vertex   -1.395000e+02 5.099263e+01 5.135093e+01
    endloop
  endfacet
  facet normal 0.000000e+00 -5.735764e-01 8.191520e-01
    outer loop
      vertex   -1.395000e+02 5.099263e+01 5.135093e+01
      vertex   -1.357500e+02 5.077845e+01 5.120096e+01
      vertex   -1.357500e+02 5.099263e+01 5.135093e+01
    endloop
  endfacet
  facet normal 0.000000e+00 -7.071068e-01 7.071068e-01
    outer loop
      vertex   -1.395000e+02 5.099263e+01 5.135093e+01
      vertex   -1.357500e+02 5.099263e+01 5.135093e+01
      vertex   -1.395000e+02 5.117752e+01 5.153582e+01
    endloop
  endfacet
  facet normal 0.000000e+00 -7.071068e-01 7.071068e-01
    outer loop
      vertex   -1.395000e+02 5.117752e+01 5.153582e+01
      vertex   -1.357500e+02 5.099263e+01 5.135093e+01
      vertex   -1.357500e+02 5.117752e+01 5.153582e+01
    endloop
  endfacet
  facet normal 0.000000e+00 -8.191520e-01 5.735764e-01
    outer loop
      vertex   -1.395000e+02 5.117752e+01 5.153582e+01
      vertex   -1.357500e+02 5.117752e+01 5.153582e+01
      vertex   -1.395000e+02 5.132749e+01 5.175000e+01
    endloop
  endfacet
  facet normal 0.000000e+00 -8.191520e-01 5.735764e-01
    outer loop
      vertex   -1.395000e+02 5.132749e+01 5.175000e+01
      vertex   -1.357500e+02 5.117752e+01 5.153582e+01
      vertex   -1.357500e+02 5.132749e+01 5.175000e+01
    endloop
  endfacet
  facet normal 0.000000e+00 -9.063078e-01 4.226183e-01
    outer loop
      vertex   -1.395000e+02 5.132749e+01 5.175000e+01
      vertex   -1.357500e+02 5.132749e+01 5.175000e+01
      vertex   -1.395000e+02 5.143799e+01 5.198697e+01
    endloop
  endfacet
  facet normal 0.000000e+00 -9.063078e-01 4.226183e-01
    outer loop
      vertex   -1.395000e+02 5.143799e+01 5.198697e+01
      vertex   -1.357500e+02 5.132749e+01 5.175000e+01
      vertex   -1.357500e+02 5.143799e+01 5.198697e+01
    endloop
  endfacet
  facet normal 0.000000e+00 -9.659258e-01 2.588190e-01
    outer loop
      vertex   -1.395000e+02 5.143799e+01 5.198697e+01
      vertex   -1.357500e+02 5.143799e+01 5.198697e+01
      vertex   -1.395000e+02 5.150566e+01 5.223953e+01
    endloop
  endfacet
  facet normal 0.000000e+00 -9.659258e-01 2.588190e-01
    outer loop
      vertex   -1.395000e+02 5.150566e+01 5.223953e+01
      vertex   -1.357500e+02 5.143799e+01 5.198697e+01
      vertex   -1.357500e+02 5.150566e+01 5.223953e+01
    endloop
  endfacet
  facet normal 0.000000e+00 -9.961947e-01 8.715574e-02
    outer loop
      vertex   -1.395000e+02 5.150566e+01 5.223953e+01
      vertex   -1.357500e+02 5.150566e+01 5.223953e+01
      vertex   -1.395000e+02 5.152845e+01 5.250000e+01
    endloop
  endfacet
  facet normal 0.000000e+00 -9.961947e-01 8.715574e-02
    outer loop
      vertex   -1.395000e+02 5.152845e+01 5.250000e+01
      vertex   -1.357500e+02 5.150566e+01 5.223953e+01
      vertex   -1.357500e+02 5.152845e+01 5.250000e+01
    endloop
  endfacet
  facet normal 0.000000e+00 -9.961947e-01 -8.715574e-02
    outer loop
      vertex   -1.395000e+02 5.152845e+01 5.250000e+01
      vertex   -1.357500e+02 5.152845e+01 5.250000e+01
      vertex   -1.395000e+02 5.150566e+01 5.276047e+01
    endloop
  endfacet
  facet normal 0.000000e+00 -9.961947e-01 -8.715574e-02
    outer loop
      vertex   -1.395000e+02 5.150566e+01 5.276047e+01
      vertex   -1.357500e+02 5.152845e+01 5.250000e+01
      vertex   -1.357500e+02 5.150566e+01 5.276047e+01
    endloop
  endfacet
  facet normal 0.000000e+00 -9.659258e-01 -2.588190e-01
    outer loop
      vertex   -1.395000e+02 5.150566e+01 5.276047e+01
      vertex   -1.357500e+02 5.150566e+01 5.276047e+01
      vertex   -1.395000e+02 5.143799e+01 5.301303e+01
    endloop
  endfacet
  facet normal 0.000000e+00 -9.659258e-01 -2.588190e-01
    outer loop
      vertex   -1.395000e+02 5.143799e+01 5.301303e+01
      vertex   -1.357500e+02 5.150566e+01 5.276047e+01
      vertex   -1.357500e+02 5.143799e+01 5.301303e+01
    endloop
  endfacet
  facet normal 0.000000e+00 -9.063078e-01 -4.226183e-01
    outer loop
      vertex   -1.395000e+02 5.143799e+01 5.301303e+01
      vertex   -1.357500e+02 5.143799e+01 5.301303e+01
      vertex   -1.395000e+02 5.132749e+01 5.325000e+01
    endloop
  endfacet
  facet normal 0.000000e+00 -9.063078e-01 -4.226183e-01
    outer loop
      vertex   -1.395000e+02 5.132749e+01 5.325000e+01
      vertex   -1.357500e+02 5.143799e+01 5.301303e+01
      vertex   -1.357500e+02 5.132749e+01 5.325000e+01
    endloop
  endfacet
  facet normal 0.000000e+00 -8.191520e-01 -5.735764e-01
    outer loop
      vertex   -1.395000e+02 5.132749e+01 5.325000e+01
      vertex   -1.357500e+02 5.132749e+01 5.325000e+01
      vertex   -1.395000e+02 5.117752e+01 5.346418e+01
    endloop
  endfacet
  facet normal 0.000000e+00 -8.191520e-01 -5.735764e-01
    outer loop
      vertex   -1.395000e+02 5.117752e+01 5.346418e+01
      vertex   -1.357500e+02 5.132749e+01 5.325000e+01
      vertex   -1.357500e+02 5.117752e+01 5.346418e+01
    endloop
  endfacet
  facet normal 0.000000e+00 -7.071068e-01 -7.071068e-01
    outer loop
      vertex   -1.395000e+02 5.117752e+01 5.346418e+01
      vertex   -1.357500e+02 5.117752e+01 5.346418e+01
      vertex   -1.395000e+02 5.099263e+01 5.364907e+01
    endloop
  endfacet
  facet normal 0.000000e+00 -7.071068e-01 -7.071068e-01
    outer loop
      vertex   -1.395000e+02 5.099263e+01 5.364907e+01
      vertex   -1.357500e+02 5.117752e+01 5.346418e+01
      vertex   -1.357500e+02 5.099263e+01 5.364907e+01
    endloop
  endfacet
  facet normal 0.000000e+00 -5.735764e-01 -8.191520e-01
    outer loop
      vertex   -1.395000e+02 5.099263e+01 5.364907e+01
      vertex   -1.357500e+02 5.099263e+01 5.364907e+01
      vertex   -1.395000e+02 5.077845e+01 5.379904e+01
    endloop
  endfacet
  facet normal 0.000000e+00 -5.735764e-01 -8.191520e-01
    outer loop
      vertex   -1.395000e+02 5.077845e+01 5.379904e+01
      vertex   -1.357500e+02 5.099263e+01 5.364907e+01
      vertex   -1.357500e+02 5.077845e+01 5.379904e+01
    endloop
  endfacet
  facet normal 0.000000e+00 -4.226183e-01 -9.063078e-01
    outer loop
      vertex   -1.395000e+02 5.077845e+01 5.379904e+01
      vertex   -1.357500e+02 5.077845e+01 5.379904e+01
      vertex   -1.395000e+02 5.054148e+01 5.390954e+01
    endloop
  endfacet
  facet normal 0.000000e+00 -4.226183e-01 -9.063078e-01
    outer loop
      vertex   -1.395000e+02 5.054148e+01 5.390954e+01
      vertex   -1.357500e+02 5.077845e+01 5.379904e+01
      vertex   -1.357500e+02 5.054148e+01 5.390954e+01
    endloop
  endfacet
  facet normal 0.000000e+00 -2.588190e-01 -9.659258e-01
    outer loop
      vertex   -1.395000e+02 5.054148e+01 5.390954e+01
      vertex   -1.357500e+02 5.054148e+01 5.390954e+01
      vertex   -1.395000e+02 5.028892e+01 5.397721e+01
    endloop
  endfacet
  facet normal 0.000000e+00 -2.588190e-01 -9.659258e-01
    outer loop
      vertex   -1.395000e+02 5.028892e+01 5.397721e+01
      vertex   -1.357500e+02 5.054148e+01 5.390954e+01
      vertex   -1.357500e+02 5.028892e+01 5.397721e+01
    endloop
  endfacet
  facet normal 0.000000e+00 -8.715574e-02 -9.961947e-01
    outer loop
      vertex   -1.395000e+02 5.028892e+01 5.397721e+01
      vertex   -1.357500e+02 5.028892e+01 5.397721e+01
      vertex   -1.395000e+02 5.002845e+01 5.400000e+01
    endloop
  endfacet
  facet normal 0.000000e+00 -8.715574e-02 -9.961947e-01
    outer loop
      vertex   -1.395000e+02 5.002845e+01 5.400000e+01
      vertex   -1.357500e+02 5.028892e+01 5.397721e+01
      vertex   -1.357500e+02 5.002845e+01 5.400000e+01
    endloop
  endfacet
  facet normal 0.000000e+00 8.715574e-02 -9.961947e-01
    outer loop
      vertex   -1.395000e+02 5.002845e+01 5.400000e+01
      vertex   -1.357500e+02 5.002845e+01 5.400000e+01
      vertex   -1.395000e+02 4.976798e+01 5.397721e+01
    endloop
  endfacet
  facet normal 0.000000e+00 8.715574e-02 -9.961947e-01
    outer loop
      vertex   -1.395000e+02 4.976798e+01 5.397721e+01
      vertex   -1.357500e+02 5.002845e+01 5.400000e+01
      vertex   -1.357500e+02 4.976798e+01 5.397721e+01
    endloop
  endfacet
  facet normal 0.000000e+00 2.588190e-01 -9.659258e-01
    outer loop
      vertex   -1.395000e+02 4.976798e+01 5.397721e+01
      vertex   -1.357500e+02 4.976798e+01 5.397721e+01
      vertex   -1.395000e+02 4.951542e+01 5.390954e+01
    endloop
  endfacet
  facet normal 0.000000e+00 2.588190e-01 -9.659258e-01
    outer loop
      vertex   -1.395000e+02 4.951542e+01 5.390954e+01
      vertex   -1.357500e+02 4.976798e+01 5.397721e+01
      vertex   -1.357500e+02 4.951542e+01 5.390954e+01
    endloop
  endfacet
  facet normal 0.000000e+00 4.226183e-01 -9.063078e-01
    outer loop
      vertex   -1.395000e+02 4.951542e+01 5.390954e+01
      vertex   -1.357500e+02 4.951542e+01 5.390954e+01
      vertex   -1.395000e+02 4.927845e+01 5.379904e+01
    endloop
  endfacet
  facet normal 0.000000e+00 4.226183e-01 -9.063078e-01
    outer loop
      vertex   -1.395000e+02 4.927845e+01 5.379904e+01
      vertex   -1.357500e+02 4.951542e+01 5.390954e+01
      vertex   -1.357500e+02 4.927845e+01 5.379904e+01
    endloop
  endfacet
  facet normal 0.000000e+00 5.735764e-01 -8.191520e-01
    outer loop
      vertex   -1.395000e+02 4.927845e+01 5.379904e+01
      vertex   -1.357500e+02 4.927845e+01 5.379904e+01
      vertex   -1.395000e+02 4.906427e+01 5.364907e+01
    endloop
  endfacet
  facet normal 0.000000e+00 5.735764e-01 -8.191520e-01
    outer loop
      vertex   -1.395000e+02 4.906427e+01 5.364907e+01
      vertex   -1.357500e+02 4.927845e+01 5.379904e+01
      vertex   -1.357500e+02 4.906427e+01 5.364907e+01
    endloop
  endfacet
  facet normal 0.000000e+00 7.071068e-01 -7.071068e-01
    outer loop
      vertex   -1.395000e+02 4.906427e+01 5.364907e+01
      vertex   -1.357500e+02 4.906427e+01 5.364907e+01
      vertex   -1.395000e+02 4.887938e+01 5.346418e+01
    endloop
  endfacet
  facet normal 0.000000e+00 7.071068e-01 -7.071068e-01
    outer loop
      vertex   -1.395000e+02 4.887938e+01 5.346418e+01
      vertex   -1.357500e+02 4.906427e+01 5.364907e+01
      vertex   -1.357500e+02 4.887938e+01 5.346418e+01
    endloop
  endfacet
  facet normal 0.000000e+00 8.191520e-01 -5.735764e-01
    outer loop
      vertex   -1.395000e+02 4.887938e+01 5.346418e+01
      vertex   -1.357500e+02 4.887938e+01 5.346418e+01
      vertex   -1.395000e+02 4.872941e+01 5.325000e+01
    endloop
  endfacet
  facet normal 0.000000e+00 8.191520e-01 -5.735764e-01
    outer loop
      vertex   -1.395000e+02 4.872941e+01 5.325000e+01
      vertex   -1.357500e+02 4.887938e+01 5.346418e+01
      vertex   -1.357500e+02 4.872941e+01 5.325000e+01
    endloop
  endfacet
  facet normal 0.000000e+00 9.063078e-01 -4.226183e-01
    outer loop
      vertex   -1.395000e+02 4.872941e+01 5.325000e+01
      vertex   -1.357500e+02 4.872941e+01 5.325000e+01
      vertex   -1.395000e+02 4.861891e+01 5.301303e+01
    endloop
  endfacet
  facet normal 0.000000e+00 9.063078e-01 -4.226183e-01
    outer loop
      vertex   -1.395000e+02 4.861891e+01 5.301303e+01
      vertex   -1.357500e+02 4.872941e+01 5.325000e+01
      vertex   -1.357500e+02 4.861891e+01 5.301303e+01
    endloop
  endfacet
  facet normal 0.000000e+00 9.659258e-01 -2.588190e-01
    outer loop
      vertex   -1.395000e+02 4.861891e+01 5.301303e+01
      vertex   -1.357500e+02 4.861891e+01 5.301303e+01
      vertex   -1.395000e+02 4.855124e+01 5.276047e+01
    endloop
  endfacet
  facet normal 0.000000e+00 9.659258e-01 -2.588190e-01
    outer loop
      vertex   -1.395000e+02 4.855124e+01 5.276047e+01
      vertex   -1.357500e+02 4.861891e+01 5.301303e+01
      vertex   -1.357500e+02 4.855124e+01 5.276047e+01
    endloop
  endfacet
  facet normal 0.000000e+00 9.961947e-01 8.715574e-02
    outer loop
      vertex   -1.320000e+02 4.855124e+01 5.223953e+01
      vertex   -1.357500e+02 4.855124e+01 5.223953e+01
      vertex   -1.320000e+02 4.852845e+01 5.250000e+01
    endloop
  endfacet
  facet normal 0.000000e+00 9.961947e-01 8.715574e-02
    outer loop
      vertex   -1.320000e+02 4.852845e+01 5.250000e+01
      vertex   -1.357500e+02 4.855124e+01 5.223953e+01
      vertex   -1.357500e+02 4.852845e+01 5.250000e+01
    endloop
  endfacet
  facet normal 0.000000e+00 9.961947e-01 -8.715574e-02
    outer loop
      vertex   -1.320000e+02 4.852845e+01 5.250000e+01
      vertex   -1.357500e+02 4.852845e+01 5.250000e+01
      vertex   -1.320000e+02 4.855124e+01 5.276047e+01
    endloop
  endfacet
  facet normal 0.000000e+00 9.961947e-01 -8.715574e-02
    outer loop
      vertex   -1.320000e+02 4.855124e+01 5.276047e+01
      vertex   -1.357500e+02 4.852845e+01 5.250000e+01
      vertex   -1.357500e+02 4.855124e+01 5.276047e+01
    endloop
  endfacet
  facet normal 0.000000e+00 9.659258e-01 -2.588190e-01
    outer loop
      vertex   -1.320000e+02 4.855124e+01 5.276047e+01
      vertex   -1.357500e+02 4.855124e+01 5.276047e+01
      vertex   -1.320000e+02 4.861891e+01 5.301303e+01
    endloop
  endfacet
  facet normal 0.000000e+00 9.659258e-01 -2.588190e-01
    outer loop
      vertex   -1.320000e+02 4.861891e+01 5.301303e+01
      vertex   -1.357500e+02 4.855124e+01 5.276047e+01
      vertex   -1.357500e+02 4.861891e+01 5.301303e+01
    endloop
  endfacet
  facet normal 0.000000e+00 9.063078e-01 -4.226183e-01
    outer loop
      vertex   -1.320000e+02 4.861891e+01 5.301303e+01
      vertex   -1.357500e+02 4.861891e+01 5.301303e+01
      vertex   -1.320000e+02 4.872941e+01 5.325000e+01
    endloop
  endfacet
  facet normal -8.007687e-16 9.063078e-01 -4.226183e-01
    outer loop
      vertex   -1.320000e+02 4.872941e+01 5.325000e+01
      vertex   -1.357500e+02 4.861891e+01 5.301303e+01
      vertex   -1.357500e+02 4.872941e+01 5.325000e+01
    endloop
  endfacet
  facet normal -1.086801e-15 8.191520e-01 -5.735764e-01
    outer loop
      vertex   -1.320000e+02 4.872941e+01 5.325000e+01
      vertex   -1.357500e+02 4.872941e+01 5.325000e+01
      vertex   -1.320000e+02 4.887938e+01 5.346418e+01
    endloop
  endfacet
  facet normal 0.000000e+00 8.191520e-01 -5.735764e-01
    outer loop
      vertex   -1.320000e+02 4.887938e+01 5.346418e+01
      vertex   -1.357500e+02 4.872941e+01 5.325000e+01
      vertex   -1.357500e+02 4.887938e+01 5.346418e+01
    endloop
  endfacet
  facet normal 0.000000e+00 7.071068e-01 -7.071068e-01
    outer loop
      vertex   -1.320000e+02 4.887938e+01 5.346418e+01
      vertex   -1.357500e+02 4.887938e+01 5.346418e+01
      vertex   -1.320000e+02 4.906427e+01 5.364907e+01
    endloop
  endfacet
  facet normal 0.000000e+00 7.071068e-01 -7.071068e-01
    outer loop
      vertex   -1.320000e+02 4.906427e+01 5.364907e+01
      vertex   -1.357500e+02 4.887938e+01 5.346418e+01
      vertex   -1.357500e+02 4.906427e+01 5.364907e+01
    endloop
  endfacet
  facet normal 0.000000e+00 5.735764e-01 -8.191520e-01
    outer loop
      vertex   -1.320000e+02 4.906427e+01 5.364907e+01
      vertex   -1.357500e+02 4.906427e+01 5.364907e+01
      vertex   -1.320000e+02 4.927845e+01 5.379904e+01
    endloop
  endfacet
  facet normal 0.000000e+00 5.735764e-01 -8.191520e-01
    outer loop
      vertex   -1.320000e+02 4.927845e+01 5.379904e+01
      vertex   -1.357500e+02 4.906427e+01 5.364907e+01
      vertex   -1.357500e+02 4.927845e+01 5.379904e+01
    endloop
  endfacet
  facet normal 0.000000e+00 4.226183e-01 -9.063078e-01
    outer loop
      vertex   -1.320000e+02 4.927845e+01 5.379904e+01
      vertex   -1.357500e+02 4.927845e+01 5.379904e+01
      vertex   -1.320000e+02 4.951542e+01 5.390954e+01
    endloop
  endfacet
  facet normal 0.000000e+00 4.226183e-01 -9.063078e-01
    outer loop
      vertex   -1.320000e+02 4.951542e+01 5.390954e+01
      vertex   -1.357500e+02 4.927845e+01 5.379904e+01
      vertex   -1.357500e+02 4.951542e+01 5.390954e+01
    endloop
  endfacet
  facet normal 0.000000e+00 2.588190e-01 -9.659258e-01
    outer loop
      vertex   -1.320000e+02 4.951542e+01 5.390954e+01
      vertex   -1.357500e+02 4.951542e+01 5.390954e+01
      vertex   -1.320000e+02 4.976798e+01 5.397721e+01
    endloop
  endfacet
  facet normal 0.000000e+00 2.588190e-01 -9.659258e-01
    outer loop
      vertex   -1.320000e+02 4.976798e+01 5.397721e+01
      vertex   -1.357500e+02 4.951542e+01 5.390954e+01
      vertex   -1.357500e+02 4.976798e+01 5.397721e+01
    endloop
  endfacet
  facet normal 0.000000e+00 8.715574e-02 -9.961947e-01
    outer loop
      vertex   -1.320000e+02 4.976798e+01 5.397721e+01
      vertex   -1.357500e+02 4.976798e+01 5.397721e+01
      vertex   -1.320000e+02 5.002845e+01 5.400000e+01
    endloop
  endfacet
  facet normal 0.000000e+00 8.715574e-02 -9.961947e-01
    outer loop
      vertex   -1.320000e+02 5.002845e+01 5.400000e+01
      vertex   -1.357500e+02 4.976798e+01 5.397721e+01
      vertex   -1.357500e+02 5.002845e+01 5.400000e+01
    endloop
  endfacet
  facet normal -0.000000e+00 -8.715574e-02 -9.961947e-01
    outer loop
      vertex   -1.320000e+02 5.002845e+01 5.400000e+01
      vertex   -1.357500e+02 5.002845e+01 5.400000e+01
      vertex   -1.320000e+02 5.028892e+01 5.397721e+01
    endloop
  endfacet
  facet normal -0.000000e+00 -8.715574e-02 -9.961947e-01
    outer loop
      vertex   -1.320000e+02 5.028892e+01 5.397721e+01
      vertex   -1.357500e+02 5.002845e+01 5.400000e+01
      vertex   -1.357500e+02 5.028892e+01 5.397721e+01
    endloop
  endfacet
  facet normal -0.000000e+00 -2.588190e-01 -9.659258e-01
    outer loop
      vertex   -1.320000e+02 5.028892e+01 5.397721e+01
      vertex   -1.357500e+02 5.028892e+01 5.397721e+01
      vertex   -1.320000e+02 5.054148e+01 5.390954e+01
    endloop
  endfacet
  facet normal -0.000000e+00 -2.588190e-01 -9.659258e-01
    outer loop
      vertex   -1.320000e+02 5.054148e+01 5.390954e+01
      vertex   -1.357500e+02 5.028892e+01 5.397721e+01
      vertex   -1.357500e+02 5.054148e+01 5.390954e+01
    endloop
  endfacet
  facet normal -0.000000e+00 -4.226183e-01 -9.063078e-01
    outer loop
      vertex   -1.320000e+02 5.054148e+01 5.390954e+01
      vertex   -1.357500e+02 5.054148e+01 5.390954e+01
      vertex   -1.320000e+02 5.077845e+01 5.379904e+01
    endloop
  endfacet
  facet normal -8.007687e-16 -4.226183e-01 -9.063078e-01
    outer loop
      vertex   -1.320000e+02 5.077845e+01 5.379904e+01
      vertex   -1.357500e+02 5.054148e+01 5.390954e+01
      vertex   -1.357500e+02 5.077845e+01 5.379904e+01
    endloop
  endfacet
  facet normal -1.086801e-15 -5.735764e-01 -8.191520e-01
    outer loop
      vertex   -1.320000e+02 5.077845e+01 5.379904e+01
      vertex   -1.357500e+02 5.077845e+01 5.379904e+01
      vertex   -1.320000e+02 5.099263e+01 5.364907e+01
    endloop
  endfacet
  facet normal -0.000000e+00 -5.735764e-01 -8.191520e-01
    outer loop
      vertex   -1.320000e+02 5.099263e+01 5.364907e+01
      vertex   -1.357500e+02 5.077845e+01 5.379904e+01
      vertex   -1.357500e+02 5.099263e+01 5.364907e+01
    endloop
  endfacet
  facet normal -0.000000e+00 -7.071068e-01 -7.071068e-01
    outer loop
      vertex   -1.320000e+02 5.099263e+01 5.364907e+01
      vertex   -1.357500e+02 5.099263e+01 5.364907e+01
      vertex   -1.320000e+02 5.117752e+01 5.346418e+01
    endloop
  endfacet
  facet normal -0.000000e+00 -7.071068e-01 -7.071068e-01
    outer loop
      vertex   -1.320000e+02 5.117752e+01 5.346418e+01
      vertex   -1.357500e+02 5.099263e+01 5.364907e+01
      vertex   -1.357500e+02 5.117752e+01 5.346418e+01
    endloop
  endfacet
  facet normal -0.000000e+00 -8.191520e-01 -5.735764e-01
    outer loop
      vertex   -1.320000e+02 5.117752e+01 5.346418e+01
      vertex   -1.357500e+02 5.117752e+01 5.346418e+01
      vertex   -1.320000e+02 5.132749e+01 5.325000e+01
    endloop
  endfacet
  facet normal -0.000000e+00 -8.191520e-01 -5.735764e-01
    outer loop
      vertex   -1.320000e+02 5.132749e+01 5.325000e+01
      vertex   -1.357500e+02 5.117752e+01 5.346418e+01
      vertex   -1.357500e+02 5.132749e+01 5.325000e+01
    endloop
  endfacet
  facet normal -0.000000e+00 -9.063078e-01 -4.226183e-01
    outer loop
      vertex   -1.320000e+02 5.132749e+01 5.325000e+01
      vertex   -1.357500e+02 5.132749e+01 5.325000e+01
      vertex   -1.320000e+02 5.143799e+01 5.301303e+01
    endloop
  endfacet
  facet normal -0.000000e+00 -9.063078e-01 -4.226183e-01
    outer loop
      vertex   -1.320000e+02 5.143799e+01 5.301303e+01
      vertex   -1.357500e+02 5.132749e+01 5.325000e+01
      vertex   -1.357500e+02 5.143799e+01 5.301303e+01
    endloop
  endfacet
  facet normal -0.000000e+00 -9.659258e-01 -2.588190e-01
    outer loop
      vertex   -1.320000e+02 5.143799e+01 5.301303e+01
      vertex   -1.357500e+02 5.143799e+01 5.301303e+01
      vertex   -1.320000e+02 5.150566e+01 5.276047e+01
    endloop
  endfacet
  facet normal -0.000000e+00 -9.659258e-01 -2.588190e-01
    outer loop
      vertex   -1.320000e+02 5.150566e+01 5.276047e+01
      vertex   -1.357500e+02 5.143799e+01 5.301303e+01
      vertex   -1.357500e+02 5.150566e+01 5.276047e+01
    endloop
  endfacet
  facet normal -0.000000e+00 -9.961947e-01 -8.715574e-02
    outer loop
      vertex   -1.320000e+02 5.150566e+01 5.276047e+01
      vertex   -1.357500e+02 5.150566e+01 5.276047e+01
      vertex   -1.320000e+02 5.152845e+01 5.250000e+01
    endloop
  endfacet
  facet normal -0.000000e+00 -9.961947e-01 -8.715574e-02
    outer loop
      vertex   -1.320000e+02 5.152845e+01 5.250000e+01
      vertex   -1.357500e+02 5.150566e+01 5.276047e+01
      vertex   -1.357500e+02 5.152845e+01 5.250000e+01
    endloop
  endfacet
  facet normal 0.000000e+00 -9.961947e-01 8.715574e-02
    outer loop
      vertex   -1.320000e+02 5.152845e+01 5.250000e+01
      vertex   -1.357500e+02 5.152845e+01 5.250000e+01
      vertex   -1.320000e+02 5.150566e+01 5.223953e+01
    endloop
  endfacet
  facet normal 0.000000e+00 -9.961947e-01 8.715574e-02
    outer loop
      vertex   -1.320000e+02 5.150566e+01 5.223953e+01
      vertex   -1.357500e+02 5.152845e+01 5.250000e+01
      vertex   -1.357500e+02 5.150566e+01 5.223953e+01
    endloop
  endfacet
  facet normal 0.000000e+00 -9.659258e-01 2.588190e-01
    outer loop
      vertex   -1.320000e+02 5.150566e+01 5.223953e+01
      vertex   -1.357500e+02 5.150566e+01 5.223953e+01
      vertex   -1.320000e+02 5.143799e+01 5.198697e+01
    endloop
  endfacet
  facet normal 0.000000e+00 -9.659258e-01 2.588190e-01
    outer loop
      vertex   -1.320000e+02 5.143799e+01 5.198697e+01
      vertex   -1.357500e+02 5.150566e+01 5.223953e+01
      vertex   -1.357500e+02 5.143799e+01 5.198697e+01
    endloop
  endfacet
  facet normal 0.000000e+00 -9.063078e-01 4.226183e-01
    outer loop
      vertex   -1.320000e+02 5.143799e+01 5.198697e+01
      vertex   -1.357500e+02 5.143799e+01 5.198697e+01
      vertex   -1.320000e+02 5.132749e+01 5.175000e+01
    endloop
  endfacet
  facet normal 0.000000e+00 -9.063078e-01 4.226183e-01
    outer loop
      vertex   -1.320000e+02 5.132749e+01 5.175000e+01
      vertex   -1.357500e+02 5.143799e+01 5.198697e+01
      vertex   -1.357500e+02 5.132749e+01 5.175000e+01
    endloop
  endfacet
  facet normal 0.000000e+00 -8.191520e-01 5.735764e-01
    outer loop
      vertex   -1.320000e+02 5.132749e+01 5.175000e+01
      vertex   -1.357500e+02 5.132749e+01 5.175000e+01
      vertex   -1.320000e+02 5.117752e+01 5.153582e+01
    endloop
  endfacet
  facet normal 0.000000e+00 -8.191520e-01 5.735764e-01
    outer loop
      vertex   -1.320000e+02 5.117752e+01 5.153582e+01
      vertex   -1.357500e+02 5.132749e+01 5.175000e+01
      vertex   -1.357500e+02 5.117752e+01 5.153582e+01
    endloop
  endfacet
  facet normal 0.000000e+00 -7.071068e-01 7.071068e-01
    outer loop
      vertex   -1.320000e+02 5.117752e+01 5.153582e+01
      vertex   -1.357500e+02 5.117752e+01 5.153582e+01
      vertex   -1.320000e+02 5.099263e+01 5.135093e+01
    endloop
  endfacet
  facet normal 0.000000e+00 -7.071068e-01 7.071068e-01
    outer loop
      vertex   -1.320000e+02 5.099263e+01 5.135093e+01
      vertex   -1.357500e+02 5.117752e+01 5.153582e+01
      vertex   -1.357500e+02 5.099263e+01 5.135093e+01
    endloop
  endfacet
  facet normal 0.000000e+00 -5.735764e-01 8.191520e-01
    outer loop
      vertex   -1.320000e+02 5.099263e+01 5.135093e+01
      vertex   -1.357500e+02 5.099263e+01 5.135093e+01
      vertex   -1.320000e+02 5.077845e+01 5.120096e+01
    endloop
  endfacet
  facet normal 0.000000e+00 -5.735764e-01 8.191520e-01
    outer loop
      vertex   -1.320000e+02 5.077845e+01 5.120096e+01
      vertex   -1.357500e+02 5.099263e+01 5.135093e+01
      vertex   -1.357500e+02 5.077845e+01 5.120096e+01
    endloop
  endfacet
  facet normal 0.000000e+00 -4.226183e-01 9.063078e-01
    outer loop
      vertex   -1.320000e+02 5.077845e+01 5.120096e+01
      vertex   -1.357500e+02 5.077845e+01 5.120096e+01
      vertex   -1.320000e+02 5.054148e+01 5.109046e+01
    endloop
  endfacet
  facet normal 0.000000e+00 -4.226183e-01 9.063078e-01
    outer loop
      vertex   -1.320000e+02 5.054148e+01 5.109046e+01
      vertex   -1.357500e+02 5.077845e+01 5.120096e+01
      vertex   -1.357500e+02 5.054148e+01 5.109046e+01
    endloop
  endfacet
  facet normal 0.000000e+00 -2.588190e-01 9.659258e-01
    outer loop
      vertex   -1.320000e+02 5.054148e+01 5.109046e+01
      vertex   -1.357500e+02 5.054148e+01 5.109046e+01
      vertex   -1.320000e+02 5.028892e+01 5.102279e+01
    endloop
  endfacet
  facet normal 0.000000e+00 -2.588190e-01 9.659258e-01
    outer loop
      vertex   -1.320000e+02 5.028892e+01 5.102279e+01
      vertex   -1.357500e+02 5.054148e+01 5.109046e+01
      vertex   -1.357500e+02 5.028892e+01 5.102279e+01
    endloop
  endfacet
  facet normal 0.000000e+00 -8.715574e-02 9.961947e-01
    outer loop
      vertex   -1.320000e+02 5.028892e+01 5.102279e+01
      vertex   -1.357500e+02 5.028892e+01 5.102279e+01
      vertex   -1.320000e+02 5.002845e+01 5.100000e+01
    endloop
  endfacet
  facet normal 0.000000e+00 -8.715574e-02 9.961947e-01
    outer loop
      vertex   -1.320000e+02 5.002845e+01 5.100000e+01
      vertex   -1.357500e+02 5.028892e+01 5.102279e+01
      vertex   -1.357500e+02 5.002845e+01 5.100000e+01
    endloop
  endfacet
  facet normal 0.000000e+00 8.715574e-02 9.961947e-01
    outer loop
      vertex   -1.320000e+02 5.002845e+01 5.100000e+01
      vertex   -1.357500e+02 5.002845e+01 5.100000e+01
      vertex   -1.320000e+02 4.976798e+01 5.102279e+01
    endloop
  endfacet
  facet normal 0.000000e+00 8.715574e-02 9.961947e-01
    outer loop
      vertex   -1.320000e+02 4.976798e+01 5.102279e+01
      vertex   -1.357500e+02 5.002845e+01 5.100000e+01
      vertex   -1.357500e+02 4.976798e+01 5.102279e+01
    endloop
  endfacet
  facet normal 0.000000e+00 2.588190e-01 9.659258e-01
    outer loop
      vertex   -1.320000e+02 4.976798e+01 5.102279e+01
      vertex   -1.357500e+02 4.976798e+01 5.102279e+01
      vertex   -1.320000e+02 4.951542e+01 5.109046e+01
    endloop
  endfacet
  facet normal 0.000000e+00 2.588190e-01 9.659258e-01
    outer loop
      vertex   -1.320000e+02 4.951542e+01 5.109046e+01
      vertex   -1.357500e+02 4.976798e+01 5.102279e+01
      vertex   -1.357500e+02 4.951542e+01 5.109046e+01
    endloop
  endfacet
  facet normal 0.000000e+00 4.226183e-01 9.063078e-01
    outer loop
      vertex   -1.320000e+02 4.951542e+01 5.109046e+01
      vertex   -1.357500e+02 4.951542e+01 5.109046e+01
      vertex   -1.320000e+02 4.927845e+01 5.120096e+01
    endloop
  endfacet
  facet normal 0.000000e+00 4.226183e-01 9.063078e-01
    outer loop
      vertex   -1.320000e+02 4.927845e+01 5.120096e+01
      vertex   -1.357500e+02 4.951542e+01 5.109046e+01
      vertex   -1.357500e+02 4.927845e+01 5.120096e+01
    endloop
  endfacet
  facet normal 0.000000e+00 5.735764e-01 8.191520e-01
    outer loop
      vertex   -1.320000e+02 4.927845e+01 5.120096e+01
      vertex   -1.357500e+02 4.927845e+01 5.120096e+01
      vertex   -1.320000e+02 4.906427e+01 5.135093e+01
    endloop
  endfacet
  facet normal 0.000000e+00 5.735764e-01 8.191520e-01
    outer loop
      vertex   -1.320000e+02 4.906427e+01 5.135093e+01
      vertex   -1.357500e+02 4.927845e+01 5.120096e+01
      vertex   -1.357500e+02 4.906427e+01 5.135093e+01
    endloop
  endfacet
  facet normal 0.000000e+00 7.071068e-01 7.071068e-01
    outer loop
      vertex   -1.320000e+02 4.906427e+01 5.135093e+01
      vertex   -1.357500e+02 4.906427e+01 5.135093e+01
      vertex   -1.320000e+02 4.887938e+01 5.153582e+01
    endloop
  endfacet
  facet normal 0.000000e+00 7.071068e-01 7.071068e-01
    outer loop
      vertex   -1.320000e+02 4.887938e+01 5.153582e+01
      vertex   -1.357500e+02 4.906427e+01 5.135093e+01
      vertex   -1.357500e+02 4.887938e+01 5.153582e+01
    endloop
  endfacet
  facet normal 0.000000e+00 8.191520e-01 5.735764e-01
    outer loop
      vertex   -1.320000e+02 4.887938e+01 5.153582e+01
      vertex   -1.357500e+02 4.887938e+01 5.153582e+01
      vertex   -1.320000e+02 4.872941e+01 5.175000e+01
    endloop
  endfacet
  facet normal 0.000000e+00 8.191520e-01 5.735764e-01
    outer loop
      vertex   -1.320000e+02 4.872941e+01 5.175000e+01
      vertex   -1.357500e+02 4.887938e+01 5.153582e+01
      vertex   -1.357500e+02 4.872941e+01 5.175000e+01
    endloop
  endfacet
  facet normal 0.000000e+00 9.063078e-01 4.226183e-01
    outer loop
      vertex   -1.320000e+02 4.872941e+01 5.175000e+01
      vertex   -1.357500e+02 4.872941e+01 5.175000e+01
      vertex   -1.320000e+02 4.861891e+01 5.198697e+01
    endloop
  endfacet
  facet normal 0.000000e+00 9.063078e-01 4.226183e-01
    outer loop
      vertex   -1.320000e+02 4.861891e+01 5.198697e+01
      vertex   -1.357500e+02 4.872941e+01 5.175000e+01
      vertex   -1.357500e+02 4.861891e+01 5.198697e+01
    endloop
  endfacet
  facet normal 0.000000e+00 9.659258e-01 2.588190e-01
    outer loop
      vertex   -1.320000e+02 4.861891e+01 5.198697e+01
      vertex   -1.357500e+02 4.861891e+01 5.198697e+01
      vertex   -1.320000e+02 4.855124e+01 5.223953e+01
    endloop
  endfacet
  facet normal 0.000000e+00 9.659258e-01 2.588190e-01
    outer loop
      vertex   -1.320000e+02 4.855124e+01 5.223953e+01
      vertex   -1.357500e+02 4.861891e+01 5.198697e+01
      vertex   -1.357500e+02 4.855124e+01 5.223953e+01
    endloop
  endfacet
  facet normal -0.000000e+00 -1.000000e+00 0.000000e+00
    outer loop
      vertex   -1.459157e+02 1.651038e+02 3.924358e-02
      vertex   -1.448370e+02 1.651038e+02 1.567690e-01
      vertex   -1.470000e+02 1.651038e+02 1.065814e-13
    endloop
  endfacet
  facet normal 0.000000e+00 -1.000000e+00 0.000000e+00
    outer loop
      vertex   -1.470000e+02 1.651038e+02 1.065814e-13
      vertex   -1.448370e+02 1.651038e+02 1.567690e-01
      vertex   -1.437697e+02 1.651038e+02 3.519612e-01
    endloop
  endfacet
  facet normal 0.000000e+00 -1.000000e+00 0.000000e+00
    outer loop
      vertex   -1.470000e+02 1.651038e+02 1.065814e-13
      vertex   -1.437697e+02 1.651038e+02 3.519612e-01
      vertex   -1.427192e+02 1.651038e+02 6.237990e-01
    endloop
  endfacet
  facet normal -0.000000e+00 -1.000000e+00 0.000000e+00
    outer loop
      vertex   -1.427192e+02 1.651038e+02 6.237990e-01
      vertex   -1.416912e+02 1.651038e+02 9.708599e-01
      vertex   -1.470000e+02 1.651038e+02 1.065814e-13
    endloop
  endfacet
  facet normal 0.000000e+00 -1.000000e+00 0.000000e+00
    outer loop
      vertex   -1.470000e+02 1.651038e+02 1.065814e-13
      vertex   -1.416912e+02 1.651038e+02 9.708599e-01
      vertex   -1.406910e+02 1.651038e+02 1.391328e+00
    endloop
  endfacet
  facet normal 0.000000e+00 -1.000000e+00 0.000000e+00
    outer loop
      vertex   -1.470000e+02 1.651038e+02 1.065814e-13
      vertex   -1.406910e+02 1.651038e+02 1.391328e+00
      vertex   -1.397237e+02 1.651038e+02 1.883003e+00
    endloop
  endfacet
  facet normal 2.502720e-10 -1.000000e+00 -9.670996e-10
    outer loop
      vertex   -1.470000e+02 1.651038e+02 1.065814e-13
      vertex   -1.397237e+02 1.651038e+02 1.883003e+00
      vertex   -1.610000e+02 1.651038e+02 7.999953e+00
    endloop
  endfacet
  facet normal 3.577501e-10 -1.000000e+00 -5.932638e-10
    outer loop
      vertex   -1.610000e+02 1.651038e+02 7.999953e+00
      vertex   -1.397237e+02 1.651038e+02 1.883003e+00
      vertex   -1.387945e+02 1.651038e+02 2.443313e+00
    endloop
  endfacet
  facet normal 3.737891e-10 -1.000000e+00 -5.291684e-10
    outer loop
      vertex   -1.610000e+02 1.651038e+02 7.999953e+00
      vertex   -1.387945e+02 1.651038e+02 2.443313e+00
      vertex   -1.379083e+02 1.651038e+02 3.069325e+00
    endloop
  endfacet
  facet normal 3.862967e-10 -1.000000e+00 -4.705914e-10
    outer loop
      vertex   -1.379083e+02 1.651038e+02 3.069325e+00
      vertex   -1.370696e+02 1.651038e+02 3.757764e+00
      vertex   -1.610000e+02 1.651038e+02 7.999953e+00
    endloop
  endfacet
  facet normal 3.958437e-10 -1.000000e+00 -4.167364e-10
    outer loop
      vertex   -1.610000e+02 1.651038e+02 7.999953e+00
      vertex   -1.370696e+02 1.651038e+02 3.757764e+00
      vertex   -1.362829e+02 1.651038e+02 4.505028e+00
    endloop
  endfacet
  facet normal 4.028836e-10 -1.000000e+00 -3.669482e-10
    outer loop
      vertex   -1.610000e+02 1.651038e+02 7.999953e+00
      vertex   -1.362829e+02 1.651038e+02 4.505028e+00
      vertex   -1.355523e+02 1.651038e+02 5.307206e+00
    endloop
  endfacet
  facet normal 4.077792e-10 -1.000000e+00 -3.206827e-10
    outer loop
      vertex   -1.355523e+02 1.651038e+02 5.307206e+00
      vertex   -1.348816e+02 1.651038e+02 6.160102e+00
      vertex   -1.610000e+02 1.651038e+02 7.999953e+00
    endloop
  endfacet
  facet normal 4.108222e-10 -1.000000e+00 -2.774841e-10
    outer loop
      vertex   -1.610000e+02 1.651038e+02 7.999953e+00
      vertex   -1.348816e+02 1.651038e+02 6.160102e+00
      vertex   -1.342743e+02 1.651038e+02 7.059252e+00
    endloop
  endfacet
  facet normal 0.000000e+00 -1.000000e+00 -1.194914e-08
    outer loop
      vertex   -1.610000e+02 1.651038e+02 7.999953e+00
      vertex   -1.342743e+02 1.651038e+02 7.059252e+00
      vertex   -1.337335e+02 1.651038e+02 7.999953e+00
    endloop
  endfacet
  facet normal 0.000000e+00 -1.000000e+00 -1.405078e-09
    outer loop
      vertex   -1.610000e+02 1.651038e+02 7.999953e+00
      vertex   -1.610000e+02 1.651038e+02 1.065814e-13
      vertex   -1.470000e+02 1.651038e+02 1.065814e-13
    endloop
  endfacet
  facet normal 1.000000e+00 0.000000e+00 0.000000e+00
    outer loop
      vertex   -1.800000e+02 -1.045149e+01 4.199759e+01
      vertex   -1.800000e+02 -1.045149e+01 2.211859e+01
      vertex   -1.800000e+02 -1.000000e+01 4.195809e+01
    endloop
  endfacet
  facet normal 1.000000e+00 0.000000e+00 0.000000e+00
    outer loop
      vertex   -1.800000e+02 -1.000000e+01 4.195809e+01
      vertex   -1.800000e+02 -1.045149e+01 2.211859e+01
      vertex   -1.800000e+02 -1.000000e+01 2.215809e+01
    endloop
  endfacet
  facet normal 1.000000e+00 0.000000e+00 0.000000e+00
    outer loop
      vertex   -1.800000e+02 -1.000000e+01 4.195809e+01
      vertex   -1.800000e+02 -1.000000e+01 2.215809e+01
      vertex   -1.800000e+02 -9.548515e+00 2.211859e+01
    endloop
  endfacet
  facet normal 1.000000e+00 0.000000e+00 -0.000000e+00
    outer loop
      vertex   -1.800000e+02 -1.045149e+01 2.211859e+01
      vertex   -1.800000e+02 -1.045149e+01 4.199759e+01
      vertex   -1.800000e+02 -1.088925e+01 2.200129e+01
    endloop
  endfacet
  facet normal 1.000000e+00 0.000000e+00 0.000000e+00
    outer loop
      vertex   -1.800000e+02 -1.088925e+01 2.200129e+01
      vertex   -1.800000e+02 -1.045149e+01 4.199759e+01
      vertex   -1.800000e+02 -1.088925e+01 4.211489e+01
    endloop
  endfacet
  facet normal 1.000000e+00 0.000000e+00 -0.000000e+00
    outer loop
      vertex   -1.800000e+02 -1.088925e+01 2.200129e+01
      vertex   -1.800000e+02 -1.088925e+01 4.211489e+01
      vertex   -1.800000e+02 -1.130000e+01 2.180975e+01
    endloop
  endfacet
  facet normal 1.000000e+00 0.000000e+00 0.000000e+00
    outer loop
      vertex   -1.800000e+02 -1.130000e+01 2.180975e+01
      vertex   -1.800000e+02 -1.088925e+01 4.211489e+01
      vertex   -1.800000e+02 -1.130000e+01 4.230642e+01
    endloop
  endfacet
  facet normal 1.000000e+00 0.000000e+00 -0.000000e+00
    outer loop
      vertex   -1.800000e+02 -1.130000e+01 2.180975e+01
      vertex   -1.800000e+02 -1.130000e+01 4.230642e+01
      vertex   -1.800000e+02 -1.167125e+01 2.154980e+01
    endloop
  endfacet
  facet normal 1.000000e+00 0.000000e+00 0.000000e+00
    outer loop
      vertex   -1.800000e+02 -1.167125e+01 2.154980e+01
      vertex   -1.800000e+02 -1.130000e+01 4.230642e+01
      vertex   -1.800000e+02 -1.167125e+01 4.256637e+01
    endloop
  endfacet
  facet normal 1.000000e+00 0.000000e+00 -0.000000e+00
    outer loop
      vertex   -1.800000e+02 -1.167125e+01 2.154980e+01
      vertex   -1.800000e+02 -1.167125e+01 4.256637e+01
      vertex   -1.800000e+02 -1.199172e+01 2.122933e+01
    endloop
  endfacet
  facet normal 1.000000e+00 0.000000e+00 0.000000e+00
    outer loop
      vertex   -1.800000e+02 -1.199172e+01 2.122933e+01
      vertex   -1.800000e+02 -1.167125e+01 4.256637e+01
      vertex   -1.800000e+02 -1.199172e+01 4.288684e+01
    endloop
  endfacet
  facet normal 1.000000e+00 0.000000e+00 -0.000000e+00
    outer loop
      vertex   -1.800000e+02 -1.199172e+01 2.122933e+01
      vertex   -1.800000e+02 -1.199172e+01 4.288684e+01
      vertex   -1.800000e+02 -1.225167e+01 2.085809e+01
    endloop
  endfacet
  facet normal 1.000000e+00 0.000000e+00 0.000000e+00
    outer loop
      vertex   -1.800000e+02 -1.225167e+01 2.085809e+01
      vertex   -1.800000e+02 -1.199172e+01 4.288684e+01
      vertex   -1.800000e+02 -1.225167e+01 4.325809e+01
    endloop
  endfacet
  facet normal 1.000000e+00 0.000000e+00 -0.000000e+00
    outer loop
      vertex   -1.800000e+02 -1.225167e+01 2.085809e+01
      vertex   -1.800000e+02 -1.225167e+01 4.325809e+01
      vertex   -1.800000e+02 -1.244320e+01 2.044734e+01
    endloop
  endfacet
  facet normal 1.000000e+00 0.000000e+00 0.000000e+00
    outer loop
      vertex   -1.800000e+02 -1.244320e+01 2.044734e+01
      vertex   -1.800000e+02 -1.225167e+01 4.325809e+01
      vertex   -1.800000e+02 -1.244320e+01 4.366883e+01
    endloop
  endfacet
  facet normal 1.000000e+00 0.000000e+00 -0.000000e+00
    outer loop
      vertex   -1.800000e+02 -1.244320e+01 2.044734e+01
      vertex   -1.800000e+02 -1.244320e+01 4.366883e+01
      vertex   -1.800000e+02 -1.256050e+01 4.410660e+01
    endloop
  endfacet
  facet normal 1.000000e+00 0.000000e+00 0.000000e+00
    outer loop
      vertex   -1.800000e+02 -1.260000e+01 4.455809e+01
      vertex   -1.800000e+02 -2.000000e+01 6.000000e+01
      vertex   -1.800000e+02 -1.256050e+01 4.410660e+01
    endloop
  endfacet
  facet normal 1.000000e+00 0.000000e+00 0.000000e+00
    outer loop
      vertex   -1.800000e+02 -1.256050e+01 4.410660e+01
      vertex   -1.800000e+02 -2.000000e+01 6.000000e+01
      vertex   -1.800000e+02 -1.256050e+01 2.000957e+01
    endloop
  endfacet
  facet normal 1.000000e+00 0.000000e+00 0.000000e+00
    outer loop
      vertex   -1.800000e+02 -1.256050e+01 4.410660e+01
      vertex   -1.800000e+02 -1.256050e+01 2.000957e+01
      vertex   -1.800000e+02 -1.244320e+01 2.044734e+01
    endloop
  endfacet
  facet normal 1.000000e+00 0.000000e+00 -0.000000e+00
    outer loop
      vertex   -1.800000e+02 -1.260000e+01 4.455809e+01
      vertex   -1.800000e+02 -1.256050e+01 4.500957e+01
      vertex   -1.800000e+02 -2.000000e+01 6.000000e+01
    endloop
  endfacet
  facet normal 1.000000e+00 0.000000e+00 0.000000e+00
    outer loop
      vertex   -1.800000e+02 -2.000000e+01 6.000000e+01
      vertex   -1.800000e+02 -1.256050e+01 4.500957e+01
      vertex   -1.800000e+02 -1.244320e+01 4.544734e+01
    endloop
  endfacet
  facet normal 1.000000e+00 0.000000e+00 0.000000e+00
    outer loop
      vertex   -1.800000e+02 -2.000000e+01 6.000000e+01
      vertex   -1.800000e+02 -1.244320e+01 4.544734e+01
      vertex   -1.800000e+02 -1.225167e+01 4.585809e+01
    endloop
  endfacet
  facet normal 1.000000e+00 0.000000e+00 -0.000000e+00
    outer loop
      vertex   -1.800000e+02 -1.225167e+01 4.585809e+01
      vertex   -1.800000e+02 -1.199172e+01 4.622933e+01
      vertex   -1.800000e+02 -2.000000e+01 6.000000e+01
    endloop
  endfacet
  facet normal 1.000000e+00 0.000000e+00 0.000000e+00
    outer loop
      vertex   -1.800000e+02 -2.000000e+01 6.000000e+01
      vertex   -1.800000e+02 -1.199172e+01 4.622933e+01
      vertex   -1.800000e+02 -1.167125e+01 4.654980e+01
    endloop
  endfacet
  facet normal 1.000000e+00 0.000000e+00 0.000000e+00
    outer loop
      vertex   -1.800000e+02 -2.000000e+01 6.000000e+01
      vertex   -1.800000e+02 -1.167125e+01 4.654980e+01
      vertex   -1.800000e+02 -1.130000e+01 4.680975e+01
    endloop
  endfacet
  facet normal 1.000000e+00 0.000000e+00 -0.000000e+00
    outer loop
      vertex   -1.800000e+02 -1.130000e+01 4.680975e+01
      vertex   -1.800000e+02 -1.088925e+01 4.700129e+01
      vertex   -1.800000e+02 -2.000000e+01 6.000000e+01
    endloop
  endfacet
  facet normal 1.000000e+00 0.000000e+00 0.000000e+00
    outer loop
      vertex   -1.800000e+02 -2.000000e+01 6.000000e+01
      vertex   -1.800000e+02 -1.088925e+01 4.700129e+01
      vertex   -1.800000e+02 -1.045149e+01 4.711859e+01
    endloop
  endfacet
  facet normal 1.000000e+00 0.000000e+00 0.000000e+00
    outer loop
      vertex   -1.800000e+02 -2.000000e+01 6.000000e+01
      vertex   -1.800000e+02 -1.045149e+01 4.711859e+01
      vertex   -1.800000e+02 -1.000000e+01 4.715809e+01
    endloop
  endfacet
  facet normal 1.000000e+00 -0.000000e+00 0.000000e+00
    outer loop
      vertex   -1.800000e+02 -2.000000e+01 6.000000e+01
      vertex   -1.800000e+02 -1.000000e+01 4.715809e+01
      vertex   -1.800000e+02 2.000000e-01 6.000000e+01
    endloop
  endfacet
  facet normal 1.000000e+00 0.000000e+00 0.000000e+00
    outer loop
      vertex   -1.800000e+02 2.000000e-01 6.000000e+01
      vertex   -1.800000e+02 -1.000000e+01 4.715809e+01
      vertex   -1.800000e+02 -9.548515e+00 4.711859e+01
    endloop
  endfacet
  facet normal 1.000000e+00 0.000000e+00 0.000000e+00
    outer loop
      vertex   -1.800000e+02 2.000000e-01 6.000000e+01
      vertex   -1.800000e+02 -9.548515e+00 4.711859e+01
      vertex   -1.800000e+02 -9.110748e+00 4.700129e+01
    endloop
  endfacet
  facet normal 1.000000e+00 -0.000000e+00 0.000000e+00
    outer loop
      vertex   -1.800000e+02 -9.110748e+00 4.700129e+01
      vertex   -1.800000e+02 -8.700000e+00 4.680975e+01
      vertex   -1.800000e+02 2.000000e-01 6.000000e+01
    endloop
  endfacet
  facet normal 1.000000e+00 0.000000e+00 0.000000e+00
    outer loop
      vertex   -1.800000e+02 2.000000e-01 6.000000e+01
      vertex   -1.800000e+02 -8.700000e+00 4.680975e+01
      vertex   -1.800000e+02 -8.328752e+00 4.654980e+01
    endloop
  endfacet
  facet normal 1.000000e+00 0.000000e+00 0.000000e+00
    outer loop
      vertex   -1.800000e+02 2.000000e-01 6.000000e+01
      vertex   -1.800000e+02 -8.328752e+00 4.654980e+01
      vertex   -1.800000e+02 -8.008284e+00 4.622933e+01
    endloop
  endfacet
  facet normal 1.000000e+00 -0.000000e+00 0.000000e+00
    outer loop
      vertex   -1.800000e+02 -8.008284e+00 4.622933e+01
      vertex   -1.800000e+02 -7.748334e+00 4.585809e+01
      vertex   -1.800000e+02 2.000000e-01 6.000000e+01
    endloop
  endfacet
  facet normal 1.000000e+00 0.000000e+00 0.000000e+00
    outer loop
      vertex   -1.800000e+02 2.000000e-01 6.000000e+01
      vertex   -1.800000e+02 -7.748334e+00 4.585809e+01
      vertex   -1.800000e+02 -7.556799e+00 4.544734e+01
    endloop
  endfacet
  facet normal 1.000000e+00 0.000000e+00 0.000000e+00
    outer loop
      vertex   -1.800000e+02 2.000000e-01 6.000000e+01
      vertex   -1.800000e+02 -7.556799e+00 4.544734e+01
      vertex   -1.800000e+02 -7.439500e+00 4.500957e+01
    endloop
  endfacet
  facet normal 1.000000e+00 -0.000000e+00 0.000000e+00
    outer loop
      vertex   -1.800000e+02 -7.439500e+00 4.500957e+01
      vertex   -1.800000e+02 -7.400000e+00 4.455809e+01
      vertex   -1.800000e+02 2.000000e-01 6.000000e+01
    endloop
  endfacet
  facet normal 1.000000e+00 0.000000e+00 0.000000e+00
    outer loop
      vertex   -1.800000e+02 2.000000e-01 6.000000e+01
      vertex   -1.800000e+02 -7.400000e+00 4.455809e+01
      vertex   -1.800000e+02 -7.439500e+00 4.410660e+01
    endloop
  endfacet
  facet normal 1.000000e+00 0.000000e+00 0.000000e+00
    outer loop
      vertex   -1.800000e+02 2.000000e-01 6.000000e+01
      vertex   -1.800000e+02 -7.439500e+00 4.410660e+01
      vertex   -1.800000e+02 -7.439500e+00 2.000957e+01
    endloop
  endfacet
  facet normal 1.000000e+00 0.000000e+00 0.000000e+00
    outer loop
      vertex   -1.800000e+02 -7.439500e+00 2.000957e+01
      vertex   -1.800000e+02 -7.439500e+00 4.410660e+01
      vertex   -1.800000e+02 -7.556799e+00 2.044734e+01
    endloop
  endfacet
  facet normal 1.000000e+00 0.000000e+00 -0.000000e+00
    outer loop
      vertex   -1.800000e+02 -7.556799e+00 2.044734e+01
      vertex   -1.800000e+02 -7.439500e+00 4.410660e+01
      vertex   -1.800000e+02 -7.556799e+00 4.366883e+01
    endloop
  endfacet
  facet normal 1.000000e+00 0.000000e+00 0.000000e+00
    outer loop
      vertex   -1.800000e+02 -7.556799e+00 2.044734e+01
      vertex   -1.800000e+02 -7.556799e+00 4.366883e+01
      vertex   -1.800000e+02 -7.748334e+00 4.325809e+01
    endloop
  endfacet
  facet normal 1.000000e+00 0.000000e+00 0.000000e+00
    outer loop
      vertex   -1.800000e+02 -7.556799e+00 2.044734e+01
      vertex   -1.800000e+02 -7.748334e+00 4.325809e+01
      vertex   -1.800000e+02 -7.748334e+00 2.085809e+01
    endloop
  endfacet
  facet normal 1.000000e+00 0.000000e+00 0.000000e+00
    outer loop
      vertex   -1.800000e+02 -7.748334e+00 2.085809e+01
      vertex   -1.800000e+02 -7.748334e+00 4.325809e+01
      vertex   -1.800000e+02 -8.008284e+00 4.288684e+01
    endloop
  endfacet
  facet normal 1.000000e+00 0.000000e+00 0.000000e+00
    outer loop
      vertex   -1.800000e+02 -7.748334e+00 2.085809e+01
      vertex   -1.800000e+02 -8.008284e+00 4.288684e+01
      vertex   -1.800000e+02 -8.008284e+00 2.122933e+01
    endloop
  endfacet
  facet normal 1.000000e+00 0.000000e+00 0.000000e+00
    outer loop
      vertex   -1.800000e+02 -8.008284e+00 2.122933e+01
      vertex   -1.800000e+02 -8.008284e+00 4.288684e+01
      vertex   -1.800000e+02 -8.328752e+00 4.256637e+01
    endloop
  endfacet
  facet normal 1.000000e+00 0.000000e+00 0.000000e+00
    outer loop
      vertex   -1.800000e+02 -8.008284e+00 2.122933e+01
      vertex   -1.800000e+02 -8.328752e+00 4.256637e+01
      vertex   -1.800000e+02 -8.328752e+00 2.154980e+01
    endloop
  endfacet
  facet normal 1.000000e+00 0.000000e+00 -0.000000e+00
    outer loop
      vertex   -1.800000e+02 -8.328752e+00 2.154980e+01
      vertex   -1.800000e+02 -8.328752e+00 4.256637e+01
      vertex   -1.800000e+02 -8.700000e+00 4.230642e+01
    endloop
  endfacet
  facet normal 1.000000e+00 0.000000e+00 0.000000e+00
    outer loop
      vertex   -1.800000e+02 -8.328752e+00 2.154980e+01
      vertex   -1.800000e+02 -8.700000e+00 4.230642e+01
      vertex   -1.800000e+02 -8.700000e+00 2.180975e+01
    endloop
  endfacet
  facet normal 1.000000e+00 0.000000e+00 -0.000000e+00
    outer loop
      vertex   -1.800000e+02 -8.700000e+00 2.180975e+01
      vertex   -1.800000e+02 -8.700000e+00 4.230642e+01
      vertex   -1.800000e+02 -9.110748e+00 4.211489e+01
    endloop
  endfacet
  facet normal 1.000000e+00 0.000000e+00 0.000000e+00
    outer loop
      vertex   -1.800000e+02 -8.700000e+00 2.180975e+01
      vertex   -1.800000e+02 -9.110748e+00 4.211489e+01
      vertex   -1.800000e+02 -9.110748e+00 2.200129e+01
    endloop
  endfacet
  facet normal 1.000000e+00 0.000000e+00 -0.000000e+00
    outer loop
      vertex   -1.800000e+02 -9.110748e+00 2.200129e+01
      vertex   -1.800000e+02 -9.110748e+00 4.211489e+01
      vertex   -1.800000e+02 -9.548515e+00 4.199759e+01
    endloop
  endfacet
  facet normal 1.000000e+00 0.000000e+00 0.000000e+00
    outer loop
      vertex   -1.800000e+02 -9.110748e+00 2.200129e+01
      vertex   -1.800000e+02 -9.548515e+00 4.199759e+01
      vertex   -1.800000e+02 -9.548515e+00 2.211859e+01
    endloop
  endfacet
  facet normal 1.000000e+00 0.000000e+00 -0.000000e+00
    outer loop
      vertex   -1.800000e+02 -9.548515e+00 2.211859e+01
      vertex   -1.800000e+02 -9.548515e+00 4.199759e+01
      vertex   -1.800000e+02 -1.000000e+01 4.195809e+01
    endloop
  endfacet
  facet normal 1.000000e+00 0.000000e+00 0.000000e+00
    outer loop
      vertex   -1.800000e+02 2.000000e-01 6.000000e+01
      vertex   -1.800000e+02 -7.439500e+00 2.000957e+01
      vertex   -1.800000e+02 2.000000e-01 1.065814e-13
    endloop
  endfacet
  facet normal 1.000000e+00 0.000000e+00 0.000000e+00
    outer loop
      vertex   -1.800000e+02 2.000000e-01 1.065814e-13
      vertex   -1.800000e+02 -7.439500e+00 2.000957e+01
      vertex   -1.800000e+02 -7.400000e+00 1.955809e+01
    endloop
  endfacet
  facet normal 1.000000e+00 0.000000e+00 0.000000e+00
    outer loop
      vertex   -1.800000e+02 2.000000e-01 1.065814e-13
      vertex   -1.800000e+02 -7.400000e+00 1.955809e+01
      vertex   -1.800000e+02 -7.439500e+00 1.910660e+01
    endloop
  endfacet
  facet normal 1.000000e+00 0.000000e+00 0.000000e+00
    outer loop
      vertex   -1.800000e+02 -7.439500e+00 1.910660e+01
      vertex   -1.800000e+02 -7.556799e+00 1.866883e+01
      vertex   -1.800000e+02 2.000000e-01 1.065814e-13
    endloop
  endfacet
  facet normal 1.000000e+00 0.000000e+00 0.000000e+00
    outer loop
      vertex   -1.800000e+02 2.000000e-01 1.065814e-13
      vertex   -1.800000e+02 -7.556799e+00 1.866883e+01
      vertex   -1.800000e+02 -7.748334e+00 1.825809e+01
    endloop
  endfacet
  facet normal 1.000000e+00 0.000000e+00 0.000000e+00
    outer loop
      vertex   -1.800000e+02 2.000000e-01 1.065814e-13
      vertex   -1.800000e+02 -7.748334e+00 1.825809e+01
      vertex   -1.800000e+02 -8.008284e+00 1.788684e+01
    endloop
  endfacet
  facet normal 1.000000e+00 0.000000e+00 0.000000e+00
    outer loop
      vertex   -1.800000e+02 -8.008284e+00 1.788684e+01
      vertex   -1.800000e+02 -8.328752e+00 1.756637e+01
      vertex   -1.800000e+02 2.000000e-01 1.065814e-13
    endloop
  endfacet
  facet normal 1.000000e+00 0.000000e+00 0.000000e+00
    outer loop
      vertex   -1.800000e+02 2.000000e-01 1.065814e-13
      vertex   -1.800000e+02 -8.328752e+00 1.756637e+01
      vertex   -1.800000e+02 -8.700000e+00 1.730642e+01
    endloop
  endfacet
  facet normal 1.000000e+00 0.000000e+00 0.000000e+00
    outer loop
      vertex   -1.800000e+02 2.000000e-01 1.065814e-13
      vertex   -1.800000e+02 -8.700000e+00 1.730642e+01
      vertex   -1.800000e+02 -9.110748e+00 1.711489e+01
    endloop
  endfacet
  facet normal 1.000000e+00 0.000000e+00 0.000000e+00
    outer loop
      vertex   -1.800000e+02 -9.110748e+00 1.711489e+01
      vertex   -1.800000e+02 -9.548515e+00 1.699759e+01
      vertex   -1.800000e+02 2.000000e-01 1.065814e-13
    endloop
  endfacet
  facet normal 1.000000e+00 0.000000e+00 0.000000e+00
    outer loop
      vertex   -1.800000e+02 2.000000e-01 1.065814e-13
      vertex   -1.800000e+02 -9.548515e+00 1.699759e+01
      vertex   -1.800000e+02 -1.000000e+01 1.695809e+01
    endloop
  endfacet
  facet normal 1.000000e+00 0.000000e+00 0.000000e+00
    outer loop
      vertex   -1.800000e+02 2.000000e-01 1.065814e-13
      vertex   -1.800000e+02 -1.000000e+01 1.695809e+01
      vertex   -1.800000e+02 -2.000000e+01 1.065814e-13
    endloop
  endfacet
  facet normal 1.000000e+00 0.000000e+00 0.000000e+00
    outer loop
      vertex   -1.800000e+02 -2.000000e+01 1.065814e-13
      vertex   -1.800000e+02 -1.000000e+01 1.695809e+01
      vertex   -1.800000e+02 -1.045149e+01 1.699759e+01
    endloop
  endfacet
  facet normal 1.000000e+00 0.000000e+00 0.000000e+00
    outer loop
      vertex   -1.800000e+02 -2.000000e+01 1.065814e-13
      vertex   -1.800000e+02 -1.045149e+01 1.699759e+01
      vertex   -1.800000e+02 -1.088925e+01 1.711489e+01
    endloop
  endfacet
  facet normal 1.000000e+00 0.000000e+00 0.000000e+00
    outer loop
      vertex   -1.800000e+02 -1.088925e+01 1.711489e+01
      vertex   -1.800000e+02 -1.130000e+01 1.730642e+01
      vertex   -1.800000e+02 -2.000000e+01 1.065814e-13
    endloop
  endfacet
  facet normal 1.000000e+00 0.000000e+00 0.000000e+00
    outer loop
      vertex   -1.800000e+02 -2.000000e+01 1.065814e-13
      vertex   -1.800000e+02 -1.130000e+01 1.730642e+01
      vertex   -1.800000e+02 -1.167125e+01 1.756637e+01
    endloop
  endfacet
  facet normal 1.000000e+00 0.000000e+00 0.000000e+00
    outer loop
      vertex   -1.800000e+02 -2.000000e+01 1.065814e-13
      vertex   -1.800000e+02 -1.167125e+01 1.756637e+01
      vertex   -1.800000e+02 -1.199172e+01 1.788684e+01
    endloop
  endfacet
  facet normal 1.000000e+00 0.000000e+00 0.000000e+00
    outer loop
      vertex   -1.800000e+02 -1.199172e+01 1.788684e+01
      vertex   -1.800000e+02 -1.225167e+01 1.825809e+01
      vertex   -1.800000e+02 -2.000000e+01 1.065814e-13
    endloop
  endfacet
  facet normal 1.000000e+00 0.000000e+00 0.000000e+00
    outer loop
      vertex   -1.800000e+02 -2.000000e+01 1.065814e-13
      vertex   -1.800000e+02 -1.225167e+01 1.825809e+01
      vertex   -1.800000e+02 -1.244320e+01 1.866883e+01
    endloop
  endfacet
  facet normal 1.000000e+00 0.000000e+00 0.000000e+00
    outer loop
      vertex   -1.800000e+02 -2.000000e+01 1.065814e-13
      vertex   -1.800000e+02 -1.244320e+01 1.866883e+01
      vertex   -1.800000e+02 -1.256050e+01 1.910660e+01
    endloop
  endfacet
  facet normal 1.000000e+00 0.000000e+00 0.000000e+00
    outer loop
      vertex   -1.800000e+02 -1.256050e+01 1.910660e+01
      vertex   -1.800000e+02 -1.260000e+01 1.955809e+01
      vertex   -1.800000e+02 -2.000000e+01 1.065814e-13
    endloop
  endfacet
  facet normal 1.000000e+00 0.000000e+00 0.000000e+00
    outer loop
      vertex   -1.800000e+02 -2.000000e+01 1.065814e-13
      vertex   -1.800000e+02 -1.260000e+01 1.955809e+01
      vertex   -1.800000e+02 -1.256050e+01 2.000957e+01
    endloop
  endfacet
  facet normal 1.000000e+00 0.000000e+00 0.000000e+00
    outer loop
      vertex   -1.800000e+02 -2.000000e+01 1.065814e-13
      vertex   -1.800000e+02 -1.256050e+01 2.000957e+01
      vertex   -1.800000e+02 -2.000000e+01 6.000000e+01
    endloop
  endfacet
  facet normal 9.961947e-01 0.000000e+00 -8.715574e-02
    outer loop
      vertex   -1.725605e+02 1.000000e+01 1.545149e+01
      vertex   -1.725605e+02 2.000000e-01 1.545149e+01
      vertex   -1.726000e+02 1.000000e+01 1.500000e+01
    endloop
  endfacet
  facet normal 9.961947e-01 0.000000e+00 -8.715574e-02
    outer loop
      vertex   -1.726000e+02 1.000000e+01 1.500000e+01
      vertex   -1.725605e+02 2.000000e-01 1.545149e+01
      vertex   -1.726000e+02 2.000000e-01 1.500000e+01
    endloop
  endfacet
  facet normal 9.961947e-01 0.000000e+00 8.715574e-02
    outer loop
      vertex   -1.726000e+02 1.000000e+01 1.500000e+01
      vertex   -1.726000e+02 2.000000e-01 1.500000e+01
      vertex   -1.725605e+02 1.000000e+01 1.454851e+01
    endloop
  endfacet
  facet normal 9.961947e-01 0.000000e+00 8.715574e-02
    outer loop
      vertex   -1.725605e+02 1.000000e+01 1.454851e+01
      vertex   -1.726000e+02 2.000000e-01 1.500000e+01
      vertex   -1.725605e+02 2.000000e-01 1.454851e+01
    endloop
  endfacet
  facet normal 9.659258e-01 0.000000e+00 2.588190e-01
    outer loop
      vertex   -1.725605e+02 1.000000e+01 1.454851e+01
      vertex   -1.725605e+02 2.000000e-01 1.454851e+01
      vertex   -1.724432e+02 1.000000e+01 1.411075e+01
    endloop
  endfacet
  facet normal 9.659258e-01 0.000000e+00 2.588190e-01
    outer loop
      vertex   -1.724432e+02 1.000000e+01 1.411075e+01
      vertex   -1.725605e+02 2.000000e-01 1.454851e+01
      vertex   -1.724432e+02 2.000000e-01 1.411075e+01
    endloop
  endfacet
  facet normal 9.063078e-01 0.000000e+00 4.226183e-01
    outer loop
      vertex   -1.724432e+02 1.000000e+01 1.411075e+01
      vertex   -1.724432e+02 2.000000e-01 1.411075e+01
      vertex   -1.722517e+02 1.000000e+01 1.370000e+01
    endloop
  endfacet
  facet normal 9.063078e-01 0.000000e+00 4.226183e-01
    outer loop
      vertex   -1.722517e+02 1.000000e+01 1.370000e+01
      vertex   -1.724432e+02 2.000000e-01 1.411075e+01
      vertex   -1.722517e+02 2.000000e-01 1.370000e+01
    endloop
  endfacet
  facet normal 8.191520e-01 0.000000e+00 5.735764e-01
    outer loop
      vertex   -1.722517e+02 1.000000e+01 1.370000e+01
      vertex   -1.722517e+02 2.000000e-01 1.370000e+01
      vertex   -1.719917e+02 1.000000e+01 1.332875e+01
    endloop
  endfacet
  facet normal 8.191520e-01 0.000000e+00 5.735764e-01
    outer loop
      vertex   -1.719917e+02 1.000000e+01 1.332875e+01
      vertex   -1.722517e+02 2.000000e-01 1.370000e+01
      vertex   -1.719917e+02 2.000000e-01 1.332875e+01
    endloop
  endfacet
  facet normal 7.071068e-01 0.000000e+00 7.071068e-01
    outer loop
      vertex   -1.719917e+02 1.000000e+01 1.332875e+01
      vertex   -1.719917e+02 2.000000e-01 1.332875e+01
      vertex   -1.716712e+02 1.000000e+01 1.300828e+01
    endloop
  endfacet
  facet normal 7.071068e-01 0.000000e+00 7.071068e-01
    outer loop
      vertex   -1.716712e+02 1.000000e+01 1.300828e+01
      vertex   -1.719917e+02 2.000000e-01 1.332875e+01
      vertex   -1.716712e+02 2.000000e-01 1.300828e+01
    endloop
  endfacet
  facet normal 5.735764e-01 0.000000e+00 8.191520e-01
    outer loop
      vertex   -1.716712e+02 1.000000e+01 1.300828e+01
      vertex   -1.716712e+02 2.000000e-01 1.300828e+01
      vertex   -1.713000e+02 1.000000e+01 1.274833e+01
    endloop
  endfacet
  facet normal 5.735764e-01 1.663472e-15 8.191520e-01
    outer loop
      vertex   -1.713000e+02 1.000000e+01 1.274833e+01
      vertex   -1.716712e+02 2.000000e-01 1.300828e+01
      vertex   -1.713000e+02 2.000000e-01 1.274833e+01
    endloop
  endfacet
  facet normal 4.226183e-01 1.225667e-15 9.063078e-01
    outer loop
      vertex   -1.713000e+02 1.000000e+01 1.274833e+01
      vertex   -1.713000e+02 2.000000e-01 1.274833e+01
      vertex   -1.708893e+02 1.000000e+01 1.255680e+01
    endloop
  endfacet
  facet normal 4.226183e-01 0.000000e+00 9.063078e-01
    outer loop
      vertex   -1.708893e+02 1.000000e+01 1.255680e+01
      vertex   -1.713000e+02 2.000000e-01 1.274833e+01
      vertex   -1.708893e+02 2.000000e-01 1.255680e+01
    endloop
  endfacet
  facet normal 2.588190e-01 0.000000e+00 9.659258e-01
    outer loop
      vertex   -1.708893e+02 1.000000e+01 1.255680e+01
      vertex   -1.708893e+02 2.000000e-01 1.255680e+01
      vertex   -1.704515e+02 1.000000e+01 1.243950e+01
    endloop
  endfacet
  facet normal 2.588190e-01 -1.750846e-16 9.659258e-01
    outer loop
      vertex   -1.704515e+02 1.000000e+01 1.243950e+01
      vertex   -1.708893e+02 2.000000e-01 1.255680e+01
      vertex   -1.704515e+02 2.000000e-01 1.243950e+01
    endloop
  endfacet
  facet normal 8.715574e-02 -1.805711e-16 9.961947e-01
    outer loop
      vertex   -1.704515e+02 1.000000e+01 1.243950e+01
      vertex   -1.704515e+02 2.000000e-01 1.243950e+01
      vertex   -1.700000e+02 1.000000e+01 1.240000e+01
    endloop
  endfacet
  facet normal 8.715574e-02 0.000000e+00 9.961947e-01
    outer loop
      vertex   -1.700000e+02 1.000000e+01 1.240000e+01
      vertex   -1.704515e+02 2.000000e-01 1.243950e+01
      vertex   -1.700000e+02 2.000000e-01 1.240000e+01
    endloop
  endfacet
  facet normal -8.715574e-02 0.000000e+00 9.961947e-01
    outer loop
      vertex   -1.700000e+02 1.000000e+01 1.240000e+01
      vertex   -1.700000e+02 2.000000e-01 1.240000e+01
      vertex   -1.695485e+02 1.000000e+01 1.243950e+01
    endloop
  endfacet
  facet normal -8.715574e-02 0.000000e+00 9.961947e-01
    outer loop
      vertex   -1.695485e+02 1.000000e+01 1.243950e+01
      vertex   -1.700000e+02 2.000000e-01 1.240000e+01
      vertex   -1.695485e+02 2.000000e-01 1.243950e+01
    endloop
  endfacet
  facet normal -2.588190e-01 0.000000e+00 9.659258e-01
    outer loop
      vertex   -1.695485e+02 1.000000e+01 1.243950e+01
      vertex   -1.695485e+02 2.000000e-01 1.243950e+01
      vertex   -1.691107e+02 1.000000e+01 1.255680e+01
    endloop
  endfacet
  facet normal -2.588190e-01 0.000000e+00 9.659258e-01
    outer loop
      vertex   -1.691107e+02 1.000000e+01 1.255680e+01
      vertex   -1.695485e+02 2.000000e-01 1.243950e+01
      vertex   -1.691107e+02 2.000000e-01 1.255680e+01
    endloop
  endfacet
  facet normal -4.226183e-01 0.000000e+00 9.063078e-01
    outer loop
      vertex   -1.691107e+02 1.000000e+01 1.255680e+01
      vertex   -1.691107e+02 2.000000e-01 1.255680e+01
      vertex   -1.687000e+02 1.000000e+01 1.274833e+01
    endloop
  endfacet
  facet normal -4.226183e-01 0.000000e+00 9.063078e-01
    outer loop
      vertex   -1.687000e+02 1.000000e+01 1.274833e+01
      vertex   -1.691107e+02 2.000000e-01 1.255680e+01
      vertex   -1.687000e+02 2.000000e-01 1.274833e+01
    endloop
  endfacet
  facet normal -5.735764e-01 0.000000e+00 8.191520e-01
    outer loop
      vertex   -1.687000e+02 1.000000e+01 1.274833e+01
      vertex   -1.687000e+02 2.000000e-01 1.274833e+01
      vertex   -1.683288e+02 1.000000e+01 1.300828e+01
    endloop
  endfacet
  facet normal -5.735764e-01 0.000000e+00 8.191520e-01
    outer loop
      vertex   -1.683288e+02 1.000000e+01 1.300828e+01
      vertex   -1.687000e+02 2.000000e-01 1.274833e+01
      vertex   -1.683288e+02 2.000000e-01 1.300828e+01
    endloop
  endfacet
  facet normal -7.071068e-01 0.000000e+00 7.071068e-01
    outer loop
      vertex   -1.683288e+02 1.000000e+01 1.300828e+01
      vertex   -1.683288e+02 2.000000e-01 1.300828e+01
      vertex   -1.680083e+02 1.000000e+01 1.332875e+01
    endloop
  endfacet
  facet normal -7.071068e-01 0.000000e+00 7.071068e-01
    outer loop
      vertex   -1.680083e+02 1.000000e+01 1.332875e+01
      vertex   -1.683288e+02 2.000000e-01 1.300828e+01
      vertex   -1.680083e+02 2.000000e-01 1.332875e+01
    endloop
  endfacet
  facet normal -8.191520e-01 0.000000e+00 5.735764e-01
    outer loop
      vertex   -1.680083e+02 1.000000e+01 1.332875e+01
      vertex   -1.680083e+02 2.000000e-01 1.332875e+01
      vertex   -1.677483e+02 1.000000e+01 1.370000e+01
    endloop
  endfacet
  facet normal -8.191520e-01 0.000000e+00 5.735764e-01
    outer loop
      vertex   -1.677483e+02 1.000000e+01 1.370000e+01
      vertex   -1.680083e+02 2.000000e-01 1.332875e+01
      vertex   -1.677483e+02 2.000000e-01 1.370000e+01
    endloop
  endfacet
  facet normal -9.063078e-01 0.000000e+00 4.226183e-01
    outer loop
      vertex   -1.677483e+02 1.000000e+01 1.370000e+01
      vertex   -1.677483e+02 2.000000e-01 1.370000e+01
      vertex   -1.675568e+02 1.000000e+01 1.411075e+01
    endloop
  endfacet
  facet normal -9.063078e-01 0.000000e+00 4.226183e-01
    outer loop
      vertex   -1.675568e+02 1.000000e+01 1.411075e+01
      vertex   -1.677483e+02 2.000000e-01 1.370000e+01
      vertex   -1.675568e+02 2.000000e-01 1.411075e+01
    endloop
  endfacet
  facet normal -9.659258e-01 0.000000e+00 2.588190e-01
    outer loop
      vertex   -1.675568e+02 1.000000e+01 1.411075e+01
      vertex   -1.675568e+02 2.000000e-01 1.411075e+01
      vertex   -1.674395e+02 1.000000e+01 1.454851e+01
    endloop
  endfacet
  facet normal -9.659258e-01 0.000000e+00 2.588190e-01
    outer loop
      vertex   -1.674395e+02 1.000000e+01 1.454851e+01
      vertex   -1.675568e+02 2.000000e-01 1.411075e+01
      vertex   -1.674395e+02 2.000000e-01 1.454851e+01
    endloop
  endfacet
  facet normal -9.961947e-01 0.000000e+00 8.715574e-02
    outer loop
      vertex   -1.674395e+02 1.000000e+01 1.454851e+01
      vertex   -1.674395e+02 2.000000e-01 1.454851e+01
      vertex   -1.674000e+02 1.000000e+01 1.500000e+01
    endloop
  endfacet
  facet normal -9.961947e-01 0.000000e+00 8.715574e-02
    outer loop
      vertex   -1.674000e+02 1.000000e+01 1.500000e+01
      vertex   -1.674395e+02 2.000000e-01 1.454851e+01
      vertex   -1.674000e+02 2.000000e-01 1.500000e+01
    endloop
  endfacet
  facet normal -9.961947e-01 -0.000000e+00 -8.715574e-02
    outer loop
      vertex   -1.674000e+02 1.000000e+01 1.500000e+01
      vertex   -1.674000e+02 2.000000e-01 1.500000e+01
      vertex   -1.674395e+02 1.000000e+01 1.545149e+01
    endloop
  endfacet
  facet normal -9.961947e-01 -0.000000e+00 -8.715574e-02
    outer loop
      vertex   -1.674395e+02 1.000000e+01 1.545149e+01
      vertex   -1.674000e+02 2.000000e-01 1.500000e+01
      vertex   -1.674395e+02 2.000000e-01 1.545149e+01
    endloop
  endfacet
  facet normal -9.659258e-01 -0.000000e+00 -2.588190e-01
    outer loop
      vertex   -1.674395e+02 1.000000e+01 1.545149e+01
      vertex   -1.674395e+02 2.000000e-01 1.545149e+01
      vertex   -1.675568e+02 1.000000e+01 1.588925e+01
    endloop
  endfacet
  facet normal -9.659258e-01 -0.000000e+00 -2.588190e-01
    outer loop
      vertex   -1.675568e+02 1.000000e+01 1.588925e+01
      vertex   -1.674395e+02 2.000000e-01 1.545149e+01
      vertex   -1.675568e+02 2.000000e-01 1.588925e+01
    endloop
  endfacet
  facet normal -9.063078e-01 -0.000000e+00 -4.226183e-01
    outer loop
      vertex   -1.675568e+02 1.000000e+01 1.588925e+01
      vertex   -1.675568e+02 2.000000e-01 1.588925e+01
      vertex   -1.677483e+02 1.000000e+01 1.630000e+01
    endloop
  endfacet
  facet normal -9.063078e-01 -0.000000e+00 -4.226183e-01
    outer loop
      vertex   -1.677483e+02 1.000000e+01 1.630000e+01
      vertex   -1.675568e+02 2.000000e-01 1.588925e+01
      vertex   -1.677483e+02 2.000000e-01 1.630000e+01
    endloop
  endfacet
  facet normal -8.191520e-01 -0.000000e+00 -5.735764e-01
    outer loop
      vertex   -1.677483e+02 1.000000e+01 1.630000e+01
      vertex   -1.677483e+02 2.000000e-01 1.630000e+01
      vertex   -1.680083e+02 1.000000e+01 1.667125e+01
    endloop
  endfacet
  facet normal -8.191520e-01 -0.000000e+00 -5.735764e-01
    outer loop
      vertex   -1.680083e+02 1.000000e+01 1.667125e+01
      vertex   -1.677483e+02 2.000000e-01 1.630000e+01
      vertex   -1.680083e+02 2.000000e-01 1.667125e+01
    endloop
  endfacet
  facet normal -7.071068e-01 -0.000000e+00 -7.071068e-01
    outer loop
      vertex   -1.680083e+02 1.000000e+01 1.667125e+01
      vertex   -1.680083e+02 2.000000e-01 1.667125e+01
      vertex   -1.683288e+02 1.000000e+01 1.699172e+01
    endloop
  endfacet
  facet normal -7.071068e-01 -0.000000e+00 -7.071068e-01
    outer loop
      vertex   -1.683288e+02 1.000000e+01 1.699172e+01
      vertex   -1.680083e+02 2.000000e-01 1.667125e+01
      vertex   -1.683288e+02 2.000000e-01 1.699172e+01
    endloop
  endfacet
  facet normal -5.735764e-01 -0.000000e+00 -8.191520e-01
    outer loop
      vertex   -1.683288e+02 1.000000e+01 1.699172e+01
      vertex   -1.683288e+02 2.000000e-01 1.699172e+01
      vertex   -1.687000e+02 1.000000e+01 1.725167e+01
    endloop
  endfacet
  facet normal -5.735764e-01 1.663472e-15 -8.191520e-01
    outer loop
      vertex   -1.687000e+02 1.000000e+01 1.725167e+01
      vertex   -1.683288e+02 2.000000e-01 1.699172e+01
      vertex   -1.687000e+02 2.000000e-01 1.725167e+01
    endloop
  endfacet
  facet normal -4.226183e-01 1.225667e-15 -9.063078e-01
    outer loop
      vertex   -1.687000e+02 1.000000e+01 1.725167e+01
      vertex   -1.687000e+02 2.000000e-01 1.725167e+01
      vertex   -1.691107e+02 1.000000e+01 1.744320e+01
    endloop
  endfacet
  facet normal -4.226183e-01 -0.000000e+00 -9.063078e-01
    outer loop
      vertex   -1.691107e+02 1.000000e+01 1.744320e+01
      vertex   -1.687000e+02 2.000000e-01 1.725167e+01
      vertex   -1.691107e+02 2.000000e-01 1.744320e+01
    endloop
  endfacet
  facet normal -2.588190e-01 -0.000000e+00 -9.659258e-01
    outer loop
      vertex   -1.691107e+02 1.000000e+01 1.744320e+01
      vertex   -1.691107e+02 2.000000e-01 1.744320e+01
      vertex   -1.695485e+02 1.000000e+01 1.756050e+01
    endloop
  endfacet
  facet normal -2.588190e-01 3.501692e-16 -9.659258e-01
    outer loop
      vertex   -1.695485e+02 1.000000e+01 1.756050e+01
      vertex   -1.691107e+02 2.000000e-01 1.744320e+01
      vertex   -1.695485e+02 2.000000e-01 1.756050e+01
    endloop
  endfacet
  facet normal -8.715574e-02 3.611423e-16 -9.961947e-01
    outer loop
      vertex   -1.695485e+02 1.000000e+01 1.756050e+01
      vertex   -1.695485e+02 2.000000e-01 1.756050e+01
      vertex   -1.700000e+02 1.000000e+01 1.760000e+01
    endloop
  endfacet
  facet normal -8.715574e-02 -0.000000e+00 -9.961947e-01
    outer loop
      vertex   -1.700000e+02 1.000000e+01 1.760000e+01
      vertex   -1.695485e+02 2.000000e-01 1.756050e+01
      vertex   -1.700000e+02 2.000000e-01 1.760000e+01
    endloop
  endfacet
  facet normal 8.715574e-02 0.000000e+00 -9.961947e-01
    outer loop
      vertex   -1.700000e+02 1.000000e+01 1.760000e+01
      vertex   -1.700000e+02 2.000000e-01 1.760000e+01
      vertex   -1.704515e+02 1.000000e+01 1.756050e+01
    endloop
  endfacet
  facet normal 8.715574e-02 3.611423e-16 -9.961947e-01
    outer loop
      vertex   -1.704515e+02 1.000000e+01 1.756050e+01
      vertex   -1.700000e+02 2.000000e-01 1.760000e+01
      vertex   -1.704515e+02 2.000000e-01 1.756050e+01
    endloop
  endfacet
  facet normal 2.588190e-01 3.501692e-16 -9.659258e-01
    outer loop
      vertex   -1.704515e+02 1.000000e+01 1.756050e+01
      vertex   -1.704515e+02 2.000000e-01 1.756050e+01
      vertex   -1.708893e+02 1.000000e+01 1.744320e+01
    endloop
  endfacet
  facet normal 2.588190e-01 0.000000e+00 -9.659258e-01
    outer loop
      vertex   -1.708893e+02 1.000000e+01 1.744320e+01
      vertex   -1.704515e+02 2.000000e-01 1.756050e+01
      vertex   -1.708893e+02 2.000000e-01 1.744320e+01
    endloop
  endfacet
  facet normal 4.226183e-01 0.000000e+00 -9.063078e-01
    outer loop
      vertex   -1.708893e+02 1.000000e+01 1.744320e+01
      vertex   -1.708893e+02 2.000000e-01 1.744320e+01
      vertex   -1.713000e+02 1.000000e+01 1.725167e+01
    endloop
  endfacet
  facet normal 4.226183e-01 0.000000e+00 -9.063078e-01
    outer loop
      vertex   -1.713000e+02 1.000000e+01 1.725167e+01
      vertex   -1.708893e+02 2.000000e-01 1.744320e+01
      vertex   -1.713000e+02 2.000000e-01 1.725167e+01
    endloop
  endfacet
  facet normal 5.735764e-01 0.000000e+00 -8.191520e-01
    outer loop
      vertex   -1.713000e+02 1.000000e+01 1.725167e+01
      vertex   -1.713000e+02 2.000000e-01 1.725167e+01
      vertex   -1.716712e+02 1.000000e+01 1.699172e+01
    endloop
  endfacet
  facet normal 5.735764e-01 0.000000e+00 -8.191520e-01
    outer loop
      vertex   -1.716712e+02 1.000000e+01 1.699172e+01
      vertex   -1.713000e+02 2.000000e-01 1.725167e+01
      vertex   -1.716712e+02 2.000000e-01 1.699172e+01
    endloop
  endfacet
  facet normal 7.071068e-01 0.000000e+00 -7.071068e-01
    outer loop
      vertex   -1.716712e+02 1.000000e+01 1.699172e+01
      vertex   -1.716712e+02 2.000000e-01 1.699172e+01
      vertex   -1.719917e+02 1.000000e+01 1.667125e+01
    endloop
  endfacet
  facet normal 7.071068e-01 0.000000e+00 -7.071068e-01
    outer loop
      vertex   -1.719917e+02 1.000000e+01 1.667125e+01
      vertex   -1.716712e+02 2.000000e-01 1.699172e+01
      vertex   -1.719917e+02 2.000000e-01 1.667125e+01
    endloop
  endfacet
  facet normal 8.191520e-01 0.000000e+00 -5.735764e-01
    outer loop
      vertex   -1.719917e+02 1.000000e+01 1.667125e+01
      vertex   -1.719917e+02 2.000000e-01 1.667125e+01
      vertex   -1.722517e+02 1.000000e+01 1.630000e+01
    endloop
  endfacet
  facet normal 8.191520e-01 0.000000e+00 -5.735764e-01
    outer loop
      vertex   -1.722517e+02 1.000000e+01 1.630000e+01
      vertex   -1.719917e+02 2.000000e-01 1.667125e+01
      vertex   -1.722517e+02 2.000000e-01 1.630000e+01
    endloop
  endfacet
  facet normal 9.063078e-01 0.000000e+00 -4.226183e-01
    outer loop
      vertex   -1.722517e+02 1.000000e+01 1.630000e+01
      vertex   -1.722517e+02 2.000000e-01 1.630000e+01
      vertex   -1.724432e+02 1.000000e+01 1.588925e+01
    endloop
  endfacet
  facet normal 9.063078e-01 7.660417e-17 -4.226183e-01
    outer loop
      vertex   -1.724432e+02 1.000000e+01 1.588925e+01
      vertex   -1.722517e+02 2.000000e-01 1.630000e+01
      vertex   -1.724432e+02 2.000000e-01 1.588925e+01
    endloop
  endfacet
  facet normal 9.659258e-01 4.691377e-17 -2.588190e-01
    outer loop
      vertex   -1.724432e+02 1.000000e+01 1.588925e+01
      vertex   -1.724432e+02 2.000000e-01 1.588925e+01
      vertex   -1.725605e+02 1.000000e+01 1.545149e+01
    endloop
  endfacet
  facet normal 9.659258e-01 0.000000e+00 -2.588190e-01
    outer loop
      vertex   -1.725605e+02 1.000000e+01 1.545149e+01
      vertex   -1.724432e+02 2.000000e-01 1.588925e+01
      vertex   -1.725605e+02 2.000000e-01 1.545149e+01
    endloop
  endfacet
  facet normal 9.961947e-01 0.000000e+00 -8.715574e-02
    outer loop
      vertex   -1.725605e+02 1.000000e+01 4.545149e+01
      vertex   -1.725605e+02 2.000000e-01 4.545149e+01
      vertex   -1.726000e+02 1.000000e+01 4.500000e+01
    endloop
  endfacet
  facet normal 9.961947e-01 0.000000e+00 -8.715574e-02
    outer loop
      vertex   -1.726000e+02 1.000000e+01 4.500000e+01
      vertex   -1.725605e+02 2.000000e-01 4.545149e+01
      vertex   -1.726000e+02 2.000000e-01 4.500000e+01
    endloop
  endfacet
  facet normal 9.961947e-01 0.000000e+00 8.715574e-02
    outer loop
      vertex   -1.726000e+02 1.000000e+01 4.500000e+01
      vertex   -1.726000e+02 2.000000e-01 4.500000e+01
      vertex   -1.725605e+02 1.000000e+01 4.454851e+01
    endloop
  endfacet
  facet normal 9.961947e-01 0.000000e+00 8.715574e-02
    outer loop
      vertex   -1.725605e+02 1.000000e+01 4.454851e+01
      vertex   -1.726000e+02 2.000000e-01 4.500000e+01
      vertex   -1.725605e+02 2.000000e-01 4.454851e+01
    endloop
  endfacet
  facet normal 9.659258e-01 0.000000e+00 2.588190e-01
    outer loop
      vertex   -1.725605e+02 1.000000e+01 4.454851e+01
      vertex   -1.725605e+02 2.000000e-01 4.454851e+01
      vertex   -1.724432e+02 1.000000e+01 4.411075e+01
    endloop
  endfacet
  facet normal 9.659258e-01 0.000000e+00 2.588190e-01
    outer loop
      vertex   -1.724432e+02 1.000000e+01 4.411075e+01
      vertex   -1.725605e+02 2.000000e-01 4.454851e+01
      vertex   -1.724432e+02 2.000000e-01 4.411075e+01
    endloop
  endfacet
  facet normal 9.063078e-01 0.000000e+00 4.226183e-01
    outer loop
      vertex   -1.724432e+02 1.000000e+01 4.411075e+01
      vertex   -1.724432e+02 2.000000e-01 4.411075e+01
      vertex   -1.722517e+02 1.000000e+01 4.370000e+01
    endloop
  endfacet
  facet normal 9.063078e-01 0.000000e+00 4.226183e-01
    outer loop
      vertex   -1.722517e+02 1.000000e+01 4.370000e+01
      vertex   -1.724432e+02 2.000000e-01 4.411075e+01
      vertex   -1.722517e+02 2.000000e-01 4.370000e+01
    endloop
  endfacet
  facet normal 8.191520e-01 0.000000e+00 5.735764e-01
    outer loop
      vertex   -1.722517e+02 1.000000e+01 4.370000e+01
      vertex   -1.722517e+02 2.000000e-01 4.370000e+01
      vertex   -1.719917e+02 1.000000e+01 4.332875e+01
    endloop
  endfacet
  facet normal 8.191520e-01 0.000000e+00 5.735764e-01
    outer loop
      vertex   -1.719917e+02 1.000000e+01 4.332875e+01
      vertex   -1.722517e+02 2.000000e-01 4.370000e+01
      vertex   -1.719917e+02 2.000000e-01 4.332875e+01
    endloop
  endfacet
  facet normal 7.071068e-01 0.000000e+00 7.071068e-01
    outer loop
      vertex   -1.719917e+02 1.000000e+01 4.332875e+01
      vertex   -1.719917e+02 2.000000e-01 4.332875e+01
      vertex   -1.716712e+02 1.000000e+01 4.300828e+01
    endloop
  endfacet
  facet normal 7.071068e-01 0.000000e+00 7.071068e-01
    outer loop
      vertex   -1.716712e+02 1.000000e+01 4.300828e+01
      vertex   -1.719917e+02 2.000000e-01 4.332875e+01
      vertex   -1.716712e+02 2.000000e-01 4.300828e+01
    endloop
  endfacet
  facet normal 5.735764e-01 0.000000e+00 8.191520e-01
    outer loop
      vertex   -1.716712e+02 1.000000e+01 4.300828e+01
      vertex   -1.716712e+02 2.000000e-01 4.300828e+01
      vertex   -1.713000e+02 1.000000e+01 4.274833e+01
    endloop
  endfacet
  facet normal 5.735764e-01 1.663472e-15 8.191520e-01
    outer loop
      vertex   -1.713000e+02 1.000000e+01 4.274833e+01
      vertex   -1.716712e+02 2.000000e-01 4.300828e+01
      vertex   -1.713000e+02 2.000000e-01 4.274833e+01
    endloop
  endfacet
  facet normal 4.226183e-01 1.225667e-15 9.063078e-01
    outer loop
      vertex   -1.713000e+02 1.000000e+01 4.274833e+01
      vertex   -1.713000e+02 2.000000e-01 4.274833e+01
      vertex   -1.708893e+02 1.000000e+01 4.255680e+01
    endloop
  endfacet
  facet normal 4.226183e-01 0.000000e+00 9.063078e-01
    outer loop
      vertex   -1.708893e+02 1.000000e+01 4.255680e+01
      vertex   -1.713000e+02 2.000000e-01 4.274833e+01
      vertex   -1.708893e+02 2.000000e-01 4.255680e+01
    endloop
  endfacet
  facet normal 2.588190e-01 0.000000e+00 9.659258e-01
    outer loop
      vertex   -1.708893e+02 1.000000e+01 4.255680e+01
      vertex   -1.708893e+02 2.000000e-01 4.255680e+01
      vertex   -1.704515e+02 1.000000e+01 4.243950e+01
    endloop
  endfacet
  facet normal 2.588190e-01 0.000000e+00 9.659258e-01
    outer loop
      vertex   -1.704515e+02 1.000000e+01 4.243950e+01
      vertex   -1.708893e+02 2.000000e-01 4.255680e+01
      vertex   -1.704515e+02 2.000000e-01 4.243950e+01
    endloop
  endfacet
  facet normal 8.715574e-02 0.000000e+00 9.961947e-01
    outer loop
      vertex   -1.704515e+02 1.000000e+01 4.243950e+01
      vertex   -1.704515e+02 2.000000e-01 4.243950e+01
      vertex   -1.700000e+02 1.000000e+01 4.240000e+01
    endloop
  endfacet
  facet normal 8.715574e-02 0.000000e+00 9.961947e-01
    outer loop
      vertex   -1.700000e+02 1.000000e+01 4.240000e+01
      vertex   -1.704515e+02 2.000000e-01 4.243950e+01
      vertex   -1.700000e+02 2.000000e-01 4.240000e+01
    endloop
  endfacet
  facet normal -8.715574e-02 0.000000e+00 9.961947e-01
    outer loop
      vertex   -1.700000e+02 1.000000e+01 4.240000e+01
      vertex   -1.700000e+02 2.000000e-01 4.240000e+01
      vertex   -1.695485e+02 1.000000e+01 4.243950e+01
    endloop
  endfacet
  facet normal -8.715574e-02 0.000000e+00 9.961947e-01
    outer loop
      vertex   -1.695485e+02 1.000000e+01 4.243950e+01
      vertex   -1.700000e+02 2.000000e-01 4.240000e+01
      vertex   -1.695485e+02 2.000000e-01 4.243950e+01
    endloop
  endfacet
  facet normal -2.588190e-01 0.000000e+00 9.659258e-01
    outer loop
      vertex   -1.695485e+02 1.000000e+01 4.243950e+01
      vertex   -1.695485e+02 2.000000e-01 4.243950e+01
      vertex   -1.691107e+02 1.000000e+01 4.255680e+01
    endloop
  endfacet
  facet normal -2.588190e-01 0.000000e+00 9.659258e-01
    outer loop
      vertex   -1.691107e+02 1.000000e+01 4.255680e+01
      vertex   -1.695485e+02 2.000000e-01 4.243950e+01
      vertex   -1.691107e+02 2.000000e-01 4.255680e+01
    endloop
  endfacet
  facet normal -4.226183e-01 0.000000e+00 9.063078e-01
    outer loop
      vertex   -1.691107e+02 1.000000e+01 4.255680e+01
      vertex   -1.691107e+02 2.000000e-01 4.255680e+01
      vertex   -1.687000e+02 1.000000e+01 4.274833e+01
    endloop
  endfacet
  facet normal -4.226183e-01 -1.225667e-15 9.063078e-01
    outer loop
      vertex   -1.687000e+02 1.000000e+01 4.274833e+01
      vertex   -1.691107e+02 2.000000e-01 4.255680e+01
      vertex   -1.687000e+02 2.000000e-01 4.274833e+01
    endloop
  endfacet
  facet normal -5.735764e-01 -1.663472e-15 8.191520e-01
    outer loop
      vertex   -1.687000e+02 1.000000e+01 4.274833e+01
      vertex   -1.687000e+02 2.000000e-01 4.274833e+01
      vertex   -1.683288e+02 1.000000e+01 4.300828e+01
    endloop
  endfacet
  facet normal -5.735764e-01 0.000000e+00 8.191520e-01
    outer loop
      vertex   -1.683288e+02 1.000000e+01 4.300828e+01
      vertex   -1.687000e+02 2.000000e-01 4.274833e+01
      vertex   -1.683288e+02 2.000000e-01 4.300828e+01
    endloop
  endfacet
  facet normal -7.071068e-01 0.000000e+00 7.071068e-01
    outer loop
      vertex   -1.683288e+02 1.000000e+01 4.300828e+01
      vertex   -1.683288e+02 2.000000e-01 4.300828e+01
      vertex   -1.680083e+02 1.000000e+01 4.332875e+01
    endloop
  endfacet
  facet normal -7.071068e-01 0.000000e+00 7.071068e-01
    outer loop
      vertex   -1.680083e+02 1.000000e+01 4.332875e+01
      vertex   -1.683288e+02 2.000000e-01 4.300828e+01
      vertex   -1.680083e+02 2.000000e-01 4.332875e+01
    endloop
  endfacet
  facet normal -8.191520e-01 0.000000e+00 5.735764e-01
    outer loop
      vertex   -1.680083e+02 1.000000e+01 4.332875e+01
      vertex   -1.680083e+02 2.000000e-01 4.332875e+01
      vertex   -1.677483e+02 1.000000e+01 4.370000e+01
    endloop
  endfacet
  facet normal -8.191520e-01 0.000000e+00 5.735764e-01
    outer loop
      vertex   -1.677483e+02 1.000000e+01 4.370000e+01
      vertex   -1.680083e+02 2.000000e-01 4.332875e+01
      vertex   -1.677483e+02 2.000000e-01 4.370000e+01
    endloop
  endfacet
  facet normal -9.063078e-01 0.000000e+00 4.226183e-01
    outer loop
      vertex   -1.677483e+02 1.000000e+01 4.370000e+01
      vertex   -1.677483e+02 2.000000e-01 4.370000e+01
      vertex   -1.675568e+02 1.000000e+01 4.411075e+01
    endloop
  endfacet
  facet normal -9.063078e-01 0.000000e+00 4.226183e-01
    outer loop
      vertex   -1.675568e+02 1.000000e+01 4.411075e+01
      vertex   -1.677483e+02 2.000000e-01 4.370000e+01
      vertex   -1.675568e+02 2.000000e-01 4.411075e+01
    endloop
  endfacet
  facet normal -9.659258e-01 0.000000e+00 2.588190e-01
    outer loop
      vertex   -1.675568e+02 1.000000e+01 4.411075e+01
      vertex   -1.675568e+02 2.000000e-01 4.411075e+01
      vertex   -1.674395e+02 1.000000e+01 4.454851e+01
    endloop
  endfacet
  facet normal -9.659258e-01 0.000000e+00 2.588190e-01
    outer loop
      vertex   -1.674395e+02 1.000000e+01 4.454851e+01
      vertex   -1.675568e+02 2.000000e-01 4.411075e+01
      vertex   -1.674395e+02 2.000000e-01 4.454851e+01
    endloop
  endfacet
  facet normal -9.961947e-01 0.000000e+00 8.715574e-02
    outer loop
      vertex   -1.674395e+02 1.000000e+01 4.454851e+01
      vertex   -1.674395e+02 2.000000e-01 4.454851e+01
      vertex   -1.674000e+02 1.000000e+01 4.500000e+01
    endloop
  endfacet
  facet normal -9.961947e-01 0.000000e+00 8.715574e-02
    outer loop
      vertex   -1.674000e+02 1.000000e+01 4.500000e+01
      vertex   -1.674395e+02 2.000000e-01 4.454851e+01
      vertex   -1.674000e+02 2.000000e-01 4.500000e+01
    endloop
  endfacet
  facet normal -9.961947e-01 -0.000000e+00 -8.715574e-02
    outer loop
      vertex   -1.674000e+02 1.000000e+01 4.500000e+01
      vertex   -1.674000e+02 2.000000e-01 4.500000e+01
      vertex   -1.674395e+02 1.000000e+01 4.545149e+01
    endloop
  endfacet
  facet normal -9.961947e-01 -0.000000e+00 -8.715574e-02
    outer loop
      vertex   -1.674395e+02 1.000000e+01 4.545149e+01
      vertex   -1.674000e+02 2.000000e-01 4.500000e+01
      vertex   -1.674395e+02 2.000000e-01 4.545149e+01
    endloop
  endfacet
  facet normal -9.659258e-01 -0.000000e+00 -2.588190e-01
    outer loop
      vertex   -1.674395e+02 1.000000e+01 4.545149e+01
      vertex   -1.674395e+02 2.000000e-01 4.545149e+01
      vertex   -1.675568e+02 1.000000e+01 4.588925e+01
    endloop
  endfacet
  facet normal -9.659258e-01 -0.000000e+00 -2.588190e-01
    outer loop
      vertex   -1.675568e+02 1.000000e+01 4.588925e+01
      vertex   -1.674395e+02 2.000000e-01 4.545149e+01
      vertex   -1.675568e+02 2.000000e-01 4.588925e+01
    endloop
  endfacet
  facet normal -9.063078e-01 -0.000000e+00 -4.226183e-01
    outer loop
      vertex   -1.675568e+02 1.000000e+01 4.588925e+01
      vertex   -1.675568e+02 2.000000e-01 4.588925e+01
      vertex   -1.677483e+02 1.000000e+01 4.630000e+01
    endloop
  endfacet
  facet normal -9.063078e-01 -0.000000e+00 -4.226183e-01
    outer loop
      vertex   -1.677483e+02 1.000000e+01 4.630000e+01
      vertex   -1.675568e+02 2.000000e-01 4.588925e+01
      vertex   -1.677483e+02 2.000000e-01 4.630000e+01
    endloop
  endfacet
  facet normal -8.191520e-01 -0.000000e+00 -5.735764e-01
    outer loop
      vertex   -1.677483e+02 1.000000e+01 4.630000e+01
      vertex   -1.677483e+02 2.000000e-01 4.630000e+01
      vertex   -1.680083e+02 1.000000e+01 4.667125e+01
    endloop
  endfacet
  facet normal -8.191520e-01 -0.000000e+00 -5.735764e-01
    outer loop
      vertex   -1.680083e+02 1.000000e+01 4.667125e+01
      vertex   -1.677483e+02 2.000000e-01 4.630000e+01
      vertex   -1.680083e+02 2.000000e-01 4.667125e+01
    endloop
  endfacet
  facet normal -7.071068e-01 -0.000000e+00 -7.071068e-01
    outer loop
      vertex   -1.680083e+02 1.000000e+01 4.667125e+01
      vertex   -1.680083e+02 2.000000e-01 4.667125e+01
      vertex   -1.683288e+02 1.000000e+01 4.699172e+01
    endloop
  endfacet
  facet normal -7.071068e-01 -0.000000e+00 -7.071068e-01
    outer loop
      vertex   -1.683288e+02 1.000000e+01 4.699172e+01
      vertex   -1.680083e+02 2.000000e-01 4.667125e+01
      vertex   -1.683288e+02 2.000000e-01 4.699172e+01
    endloop
  endfacet
  facet normal -5.735764e-01 -0.000000e+00 -8.191520e-01
    outer loop
      vertex   -1.683288e+02 1.000000e+01 4.699172e+01
      vertex   -1.683288e+02 2.000000e-01 4.699172e+01
      vertex   -1.687000e+02 1.000000e+01 4.725167e+01
    endloop
  endfacet
  facet normal -5.735764e-01 1.663472e-15 -8.191520e-01
    outer loop
      vertex   -1.687000e+02 1.000000e+01 4.725167e+01
      vertex   -1.683288e+02 2.000000e-01 4.699172e+01
      vertex   -1.687000e+02 2.000000e-01 4.725167e+01
    endloop
  endfacet
  facet normal -4.226183e-01 1.225667e-15 -9.063078e-01
    outer loop
      vertex   -1.687000e+02 1.000000e+01 4.725167e+01
      vertex   -1.687000e+02 2.000000e-01 4.725167e+01
      vertex   -1.691107e+02 1.000000e+01 4.744320e+01
    endloop
  endfacet
  facet normal -4.226183e-01 -0.000000e+00 -9.063078e-01
    outer loop
      vertex   -1.691107e+02 1.000000e+01 4.744320e+01
      vertex   -1.687000e+02 2.000000e-01 4.725167e+01
      vertex   -1.691107e+02 2.000000e-01 4.744320e+01
    endloop
  endfacet
  facet normal -2.588190e-01 -0.000000e+00 -9.659258e-01
    outer loop
      vertex   -1.691107e+02 1.000000e+01 4.744320e+01
      vertex   -1.691107e+02 2.000000e-01 4.744320e+01
      vertex   -1.695485e+02 1.000000e+01 4.756050e+01
    endloop
  endfacet
  facet normal -2.588190e-01 -0.000000e+00 -9.659258e-01
    outer loop
      vertex   -1.695485e+02 1.000000e+01 4.756050e+01
      vertex   -1.691107e+02 2.000000e-01 4.744320e+01
      vertex   -1.695485e+02 2.000000e-01 4.756050e+01
    endloop
  endfacet
  facet normal -8.715574e-02 -0.000000e+00 -9.961947e-01
    outer loop
      vertex   -1.695485e+02 1.000000e+01 4.756050e+01
      vertex   -1.695485e+02 2.000000e-01 4.756050e+01
      vertex   -1.700000e+02 1.000000e+01 4.760000e+01
    endloop
  endfacet
  facet normal -8.715574e-02 -0.000000e+00 -9.961947e-01
    outer loop
      vertex   -1.700000e+02 1.000000e+01 4.760000e+01
      vertex   -1.695485e+02 2.000000e-01 4.756050e+01
      vertex   -1.700000e+02 2.000000e-01 4.760000e+01
    endloop
  endfacet
  facet normal 8.715574e-02 0.000000e+00 -9.961947e-01
    outer loop
      vertex   -1.700000e+02 1.000000e+01 4.760000e+01
      vertex   -1.700000e+02 2.000000e-01 4.760000e+01
      vertex   -1.704515e+02 1.000000e+01 4.756050e+01
    endloop
  endfacet
  facet normal 8.715574e-02 0.000000e+00 -9.961947e-01
    outer loop
      vertex   -1.704515e+02 1.000000e+01 4.756050e+01
      vertex   -1.700000e+02 2.000000e-01 4.760000e+01
      vertex   -1.704515e+02 2.000000e-01 4.756050e+01
    endloop
  endfacet
  facet normal 2.588190e-01 0.000000e+00 -9.659258e-01
    outer loop
      vertex   -1.704515e+02 1.000000e+01 4.756050e+01
      vertex   -1.704515e+02 2.000000e-01 4.756050e+01
      vertex   -1.708893e+02 1.000000e+01 4.744320e+01
    endloop
  endfacet
  facet normal 2.588190e-01 0.000000e+00 -9.659258e-01
    outer loop
      vertex   -1.708893e+02 1.000000e+01 4.744320e+01
      vertex   -1.704515e+02 2.000000e-01 4.756050e+01
      vertex   -1.708893e+02 2.000000e-01 4.744320e+01
    endloop
  endfacet
  facet normal 4.226183e-01 0.000000e+00 -9.063078e-01
    outer loop
      vertex   -1.708893e+02 1.000000e+01 4.744320e+01
      vertex   -1.708893e+02 2.000000e-01 4.744320e+01
      vertex   -1.713000e+02 1.000000e+01 4.725167e+01
    endloop
  endfacet
  facet normal 4.226183e-01 1.225667e-15 -9.063078e-01
    outer loop
      vertex   -1.713000e+02 1.000000e+01 4.725167e+01
      vertex   -1.708893e+02 2.000000e-01 4.744320e+01
      vertex   -1.713000e+02 2.000000e-01 4.725167e+01
    endloop
  endfacet
  facet normal 5.735764e-01 1.663472e-15 -8.191520e-01
    outer loop
      vertex   -1.713000e+02 1.000000e+01 4.725167e+01
      vertex   -1.713000e+02 2.000000e-01 4.725167e+01
      vertex   -1.716712e+02 1.000000e+01 4.699172e+01
    endloop
  endfacet
  facet normal 5.735764e-01 0.000000e+00 -8.191520e-01
    outer loop
      vertex   -1.716712e+02 1.000000e+01 4.699172e+01
      vertex   -1.713000e+02 2.000000e-01 4.725167e+01
      vertex   -1.716712e+02 2.000000e-01 4.699172e+01
    endloop
  endfacet
  facet normal 7.071068e-01 0.000000e+00 -7.071068e-01
    outer loop
      vertex   -1.716712e+02 1.000000e+01 4.699172e+01
      vertex   -1.716712e+02 2.000000e-01 4.699172e+01
      vertex   -1.719917e+02 1.000000e+01 4.667125e+01
    endloop
  endfacet
  facet normal 7.071068e-01 0.000000e+00 -7.071068e-01
    outer loop
      vertex   -1.719917e+02 1.000000e+01 4.667125e+01
      vertex   -1.716712e+02 2.000000e-01 4.699172e+01
      vertex   -1.719917e+02 2.000000e-01 4.667125e+01
    endloop
  endfacet
  facet normal 8.191520e-01 0.000000e+00 -5.735764e-01
    outer loop
      vertex   -1.719917e+02 1.000000e+01 4.667125e+01
      vertex   -1.719917e+02 2.000000e-01 4.667125e+01
      vertex   -1.722517e+02 1.000000e+01 4.630000e+01
    endloop
  endfacet
  facet normal 8.191520e-01 0.000000e+00 -5.735764e-01
    outer loop
      vertex   -1.722517e+02 1.000000e+01 4.630000e+01
      vertex   -1.719917e+02 2.000000e-01 4.667125e+01
      vertex   -1.722517e+02 2.000000e-01 4.630000e+01
    endloop
  endfacet
  facet normal 9.063078e-01 0.000000e+00 -4.226183e-01
    outer loop
      vertex   -1.722517e+02 1.000000e+01 4.630000e+01
      vertex   -1.722517e+02 2.000000e-01 4.630000e+01
      vertex   -1.724432e+02 1.000000e+01 4.588925e+01
    endloop
  endfacet
  facet normal 9.063078e-01 0.000000e+00 -4.226183e-01
    outer loop
      vertex   -1.724432e+02 1.000000e+01 4.588925e+01
      vertex   -1.722517e+02 2.000000e-01 4.630000e+01
      vertex   -1.724432e+02 2.000000e-01 4.588925e+01
    endloop
  endfacet
  facet normal 9.659258e-01 0.000000e+00 -2.588190e-01
    outer loop
      vertex   -1.724432e+02 1.000000e+01 4.588925e+01
      vertex   -1.724432e+02 2.000000e-01 4.588925e+01
      vertex   -1.725605e+02 1.000000e+01 4.545149e+01
    endloop
  endfacet
  facet normal 9.659258e-01 0.000000e+00 -2.588190e-01
    outer loop
      vertex   -1.725605e+02 1.000000e+01 4.545149e+01
      vertex   -1.724432e+02 2.000000e-01 4.588925e+01
      vertex   -1.725605e+02 2.000000e-01 4.545149e+01
    endloop
  endfacet
  facet normal 1.000000e+00 0.000000e+00 -0.000000e+00
    outer loop
      vertex   -1.610000e+02 4.502845e+01 5.200000e+01
      vertex   -1.610000e+02 4.502845e+01 6.000000e+01
      vertex   -1.610000e+02 1.000000e+01 5.200000e+01
    endloop
  endfacet
  facet normal 1.000000e+00 0.000000e+00 -0.000000e+00
    outer loop
      vertex   -1.610000e+02 1.000000e+01 5.200000e+01
      vertex   -1.610000e+02 4.502845e+01 6.000000e+01
      vertex   -1.610000e+02 2.000000e-01 6.000000e+01
    endloop
  endfacet
  facet normal 1.000000e+00 0.000000e+00 0.000000e+00
    outer loop
      vertex   -1.610000e+02 1.000000e+01 5.200000e+01
      vertex   -1.610000e+02 2.000000e-01 6.000000e+01
      vertex   -1.610000e+02 1.000000e+01 8.000000e+00
    endloop
  endfacet
  facet normal 1.000000e+00 0.000000e+00 0.000000e+00
    outer loop
      vertex   -1.610000e+02 1.000000e+01 8.000000e+00
      vertex   -1.610000e+02 2.000000e-01 6.000000e+01
      vertex   -1.610000e+02 2.000000e-01 1.065814e-13
    endloop
  endfacet
  facet normal 1.000000e+00 0.000000e+00 0.000000e+00
    outer loop
      vertex   -1.610000e+02 1.000000e+01 8.000000e+00
      vertex   -1.610000e+02 2.000000e-01 1.065814e-13
      vertex   -1.610000e+02 1.651038e+02 1.065814e-13
    endloop
  endfacet
  facet normal 1.000000e+00 0.000000e+00 0.000000e+00
    outer loop
      vertex   -1.610000e+02 1.651038e+02 1.065814e-13
      vertex   -1.610000e+02 1.651038e+02 7.999953e+00
      vertex   -1.610000e+02 1.000000e+01 8.000000e+00
    endloop
  endfacet
  facet normal 0.000000e+00 0.000000e+00 1.000000e+00
    outer loop
      vertex   -1.880000e+02 -2.000000e+01 6.000000e+01
      vertex   -1.800000e+02 5.492845e+01 6.000000e+01
      vertex   -1.880000e+02 1.750285e+02 6.000000e+01
    endloop
  endfacet
  facet normal 0.000000e+00 0.000000e+00 1.000000e+00
    outer loop
      vertex   -1.880000e+02 1.750285e+02 6.000000e+01
      vertex   -1.800000e+02 5.492845e+01 6.000000e+01
      vertex   -1.800000e+02 1.651285e+02 6.000000e+01
    endloop
  endfacet
  facet normal -0.000000e+00 0.000000e+00 1.000000e+00
    outer loop
      vertex   -1.880000e+02 1.750285e+02 6.000000e+01
      vertex   -1.800000e+02 1.651285e+02 6.000000e+01
      vertex   -1.320000e+02 1.750285e+02 6.000000e+01
    endloop
  endfacet
  facet normal 0.000000e+00 0.000000e+00 1.000000e+00
    outer loop
      vertex   -1.320000e+02 1.750285e+02 6.000000e+01
      vertex   -1.800000e+02 1.651285e+02 6.000000e+01
      vertex   -1.320000e+02 1.651285e+02 6.000000e+01
    endloop
  endfacet
  facet normal 0.000000e+00 -0.000000e+00 1.000000e+00
    outer loop
      vertex   -1.800000e+02 -2.000000e+01 6.000000e+01
      vertex   -1.800000e+02 2.000000e-01 6.000000e+01
      vertex   -1.880000e+02 -2.000000e+01 6.000000e+01
    endloop
  endfacet
  facet normal 0.000000e+00 0.000000e+00 1.000000e+00
    outer loop
      vertex   -1.880000e+02 -2.000000e+01 6.000000e+01
      vertex   -1.800000e+02 2.000000e-01 6.000000e+01
      vertex   -1.800000e+02 5.492845e+01 6.000000e+01
    endloop
  endfacet
  facet normal 0.000000e+00 -0.000000e+00 1.000000e+00
    outer loop
      vertex   -1.610000e+02 2.000000e-01 6.000000e+01
      vertex   -1.610000e+02 4.502845e+01 6.000000e+01
      vertex   -1.800000e+02 2.000000e-01 6.000000e+01
    endloop
  endfacet
  facet normal 0.000000e+00 0.000000e+00 1.000000e+00
    outer loop
      vertex   -1.800000e+02 2.000000e-01 6.000000e+01
      vertex   -1.610000e+02 4.502845e+01 6.000000e+01
      vertex   -1.800000e+02 5.492845e+01 6.000000e+01
    endloop
  endfacet
  facet normal 0.000000e+00 -0.000000e+00 1.000000e+00
    outer loop
      vertex   -1.320000e+02 4.502845e+01 6.000000e+01
      vertex   -1.320000e+02 5.492845e+01 6.000000e+01
      vertex   -1.610000e+02 4.502845e+01 6.000000e+01
    endloop
  endfacet
  facet normal 0.000000e+00 -0.000000e+00 1.000000e+00
    outer loop
      vertex   -1.610000e+02 4.502845e+01 6.000000e+01
      vertex   -1.320000e+02 5.492845e+01 6.000000e+01
      vertex   -1.800000e+02 5.492845e+01 6.000000e+01
    endloop
  endfacet
  facet normal 0.000000e+00 -1.000000e+00 0.000000e+00
    outer loop
      vertex   -1.880000e+02 -2.000000e+01 6.000000e+01
      vertex   -1.880000e+02 -2.000000e+01 1.065814e-13
      vertex   -1.800000e+02 -2.000000e+01 6.000000e+01
    endloop
  endfacet
  facet normal 0.000000e+00 -1.000000e+00 -0.000000e+00
    outer loop
      vertex   -1.800000e+02 -2.000000e+01 6.000000e+01
      vertex   -1.880000e+02 -2.000000e+01 1.065814e-13
      vertex   -1.800000e+02 -2.000000e+01 1.065814e-13
    endloop
  endfacet
  facet normal 0.000000e+00 0.000000e+00 -1.000000e+00
    outer loop
      vertex   -1.800000e+02 -2.000000e+01 1.065814e-13
      vertex   -1.880000e+02 -2.000000e+01 1.065814e-13
      vertex   -1.800000e+02 2.000000e-01 1.065814e-13
    endloop
  endfacet
  facet normal -0.000000e+00 0.000000e+00 -1.000000e+00
    outer loop
      vertex   -1.800000e+02 2.000000e-01 1.065814e-13
      vertex   -1.880000e+02 -2.000000e+01 1.065814e-13
      vertex   -1.880000e+02 1.750285e+02 1.065814e-13
    endloop
  endfacet
  facet normal 0.000000e+00 0.000000e+00 -1.000000e+00
    outer loop
      vertex   -1.800000e+02 2.000000e-01 1.065814e-13
      vertex   -1.880000e+02 1.750285e+02 1.065814e-13
      vertex   -1.610000e+02 1.651038e+02 1.065814e-13
    endloop
  endfacet
  facet normal 0.000000e+00 0.000000e+00 -1.000000e+00
    outer loop
      vertex   -1.610000e+02 1.651038e+02 1.065814e-13
      vertex   -1.880000e+02 1.750285e+02 1.065814e-13
      vertex   -1.470000e+02 1.750285e+02 1.065814e-13
    endloop
  endfacet
  facet normal 0.000000e+00 0.000000e+00 -1.000000e+00
    outer loop
      vertex   -1.610000e+02 1.651038e+02 1.065814e-13
      vertex   -1.470000e+02 1.750285e+02 1.065814e-13
      vertex   -1.470000e+02 1.651038e+02 1.065814e-13
    endloop
  endfacet
  facet normal 0.000000e+00 -0.000000e+00 -1.000000e+00
    outer loop
      vertex   -1.610000e+02 1.651038e+02 1.065814e-13
      vertex   -1.610000e+02 2.000000e-01 1.065814e-13
      vertex   -1.800000e+02 2.000000e-01 1.065814e-13
    endloop
  endfacet
  facet normal 0.000000e+00 1.000000e+00 0.000000e+00
    outer loop
      vertex   -1.880000e+02 1.750285e+02 6.000000e+01
      vertex   -1.475627e+02 1.750285e+02 1.882733e+01
      vertex   -1.880000e+02 1.750285e+02 1.065814e-13
    endloop
  endfacet
  facet normal 0.000000e+00 1.000000e+00 0.000000e+00
    outer loop
      vertex   -1.880000e+02 1.750285e+02 1.065814e-13
      vertex   -1.475627e+02 1.750285e+02 1.882733e+01
      vertex   -1.476417e+02 1.750285e+02 1.853267e+01
    endloop
  endfacet
  facet normal 0.000000e+00 1.000000e+00 0.000000e+00
    outer loop
      vertex   -1.880000e+02 1.750285e+02 1.065814e-13
      vertex   -1.476417e+02 1.750285e+02 1.853267e+01
      vertex   -1.476683e+02 1.750285e+02 1.822879e+01
    endloop
  endfacet
  facet normal 0.000000e+00 1.000000e+00 0.000000e+00
    outer loop
      vertex   -1.320000e+02 1.750285e+02 6.000000e+01
      vertex   -1.425000e+02 1.750285e+02 5.496673e+01
      vertex   -1.880000e+02 1.750285e+02 6.000000e+01
    endloop
  endfacet
  facet normal 0.000000e+00 1.000000e+00 0.000000e+00
    outer loop
      vertex   -1.880000e+02 1.750285e+02 6.000000e+01
      vertex   -1.425000e+02 1.750285e+02 5.496673e+01
      vertex   -1.425000e+02 1.750285e+02 5.003327e+01
    endloop
  endfacet
  facet normal 0.000000e+00 1.000000e+00 0.000000e+00
    outer loop
      vertex   -1.880000e+02 1.750285e+02 6.000000e+01
      vertex   -1.425000e+02 1.750285e+02 5.003327e+01
      vertex   -1.425000e+02 1.750285e+02 4.500000e+01
    endloop
  endfacet
  facet normal 0.000000e+00 1.000000e+00 0.000000e+00
    outer loop
      vertex   -1.425000e+02 1.750285e+02 4.500000e+01
      vertex   -1.425000e+02 1.750285e+02 5.003327e+01
      vertex   -1.395000e+02 1.750285e+02 4.500000e+01
    endloop
  endfacet
  facet normal 0.000000e+00 1.000000e+00 -0.000000e+00
    outer loop
      vertex   -1.395000e+02 1.750285e+02 4.500000e+01
      vertex   -1.425000e+02 1.750285e+02 5.003327e+01
      vertex   -1.395000e+02 1.750285e+02 5.003327e+01
    endloop
  endfacet
  facet normal 0.000000e+00 1.000000e+00 0.000000e+00
    outer loop
      vertex   -1.395000e+02 1.750285e+02 4.500000e+01
      vertex   -1.395000e+02 1.750285e+02 5.003327e+01
      vertex   -1.320000e+02 1.750285e+02 6.000000e+01
    endloop
  endfacet
  facet normal 0.000000e+00 1.000000e+00 0.000000e+00
    outer loop
      vertex   -1.320000e+02 1.750285e+02 6.000000e+01
      vertex   -1.395000e+02 1.750285e+02 5.003327e+01
      vertex   -1.395000e+02 1.750285e+02 5.496673e+01
    endloop
  endfacet
  facet normal 0.000000e+00 1.000000e+00 0.000000e+00
    outer loop
      vertex   -1.320000e+02 1.750285e+02 6.000000e+01
      vertex   -1.395000e+02 1.750285e+02 5.496673e+01
      vertex   -1.425000e+02 1.750285e+02 5.496673e+01
    endloop
  endfacet
  facet normal 0.000000e+00 1.000000e+00 -0.000000e+00
    outer loop
      vertex   -1.320000e+02 1.750285e+02 1.500000e+01
      vertex   -1.344027e+02 1.750285e+02 1.910379e+01
      vertex   -1.320000e+02 1.750285e+02 6.000000e+01
    endloop
  endfacet
  facet normal 0.000000e+00 1.000000e+00 0.000000e+00
    outer loop
      vertex   -1.320000e+02 1.750285e+02 6.000000e+01
      vertex   -1.344027e+02 1.750285e+02 1.910379e+01
      vertex   -1.395000e+02 1.750285e+02 4.000000e+01
    endloop
  endfacet
  facet normal 0.000000e+00 1.000000e+00 0.000000e+00
    outer loop
      vertex   -1.320000e+02 1.750285e+02 6.000000e+01
      vertex   -1.395000e+02 1.750285e+02 4.000000e+01
      vertex   -1.395000e+02 1.750285e+02 4.500000e+01
    endloop
  endfacet
  facet normal 0.000000e+00 1.000000e+00 -0.000000e+00
    outer loop
      vertex   -1.320419e+02 1.750285e+02 1.387905e+01
      vertex   -1.350433e+02 1.750285e+02 1.671325e+01
      vertex   -1.320000e+02 1.750285e+02 1.500000e+01
    endloop
  endfacet
  facet normal 0.000000e+00 1.000000e+00 0.000000e+00
    outer loop
      vertex   -1.320000e+02 1.750285e+02 1.500000e+01
      vertex   -1.350433e+02 1.750285e+02 1.671325e+01
      vertex   -1.347934e+02 1.750285e+02 1.688821e+01
    endloop
  endfacet
  facet normal 0.000000e+00 1.000000e+00 0.000000e+00
    outer loop
      vertex   -1.320000e+02 1.750285e+02 1.500000e+01
      vertex   -1.347934e+02 1.750285e+02 1.688821e+01
      vertex   -1.345777e+02 1.750285e+02 1.710391e+01
    endloop
  endfacet
  facet normal 0.000000e+00 1.000000e+00 0.000000e+00
    outer loop
      vertex   -1.350433e+02 1.750285e+02 1.671325e+01
      vertex   -1.320419e+02 1.750285e+02 1.387905e+01
      vertex   -1.353197e+02 1.750285e+02 1.658433e+01
    endloop
  endfacet
  facet normal 0.000000e+00 1.000000e+00 0.000000e+00
    outer loop
      vertex   -1.353197e+02 1.750285e+02 1.658433e+01
      vertex   -1.320419e+02 1.750285e+02 1.387905e+01
      vertex   -1.321675e+02 1.750285e+02 1.276437e+01
    endloop
  endfacet
  facet normal 0.000000e+00 1.000000e+00 0.000000e+00
    outer loop
      vertex   -1.353197e+02 1.750285e+02 1.658433e+01
      vertex   -1.321675e+02 1.750285e+02 1.276437e+01
      vertex   -1.356144e+02 1.750285e+02 1.650538e+01
    endloop
  endfacet
  facet normal 0.000000e+00 1.000000e+00 0.000000e+00
    outer loop
      vertex   -1.356144e+02 1.750285e+02 1.650538e+01
      vertex   -1.321675e+02 1.750285e+02 1.276437e+01
      vertex   -1.359183e+02 1.750285e+02 1.647879e+01
    endloop
  endfacet
  facet normal 0.000000e+00 1.000000e+00 0.000000e+00
    outer loop
      vertex   -1.359183e+02 1.750285e+02 1.647879e+01
      vertex   -1.321675e+02 1.750285e+02 1.276437e+01
      vertex   -1.323761e+02 1.750285e+02 1.166219e+01
    endloop
  endfacet
  facet normal 0.000000e+00 1.000000e+00 0.000000e+00
    outer loop
      vertex   -1.359183e+02 1.750285e+02 1.647879e+01
      vertex   -1.323761e+02 1.750285e+02 1.166219e+01
      vertex   -1.326664e+02 1.750285e+02 1.057867e+01
    endloop
  endfacet
  facet normal 0.000000e+00 1.000000e+00 0.000000e+00
    outer loop
      vertex   -1.359183e+02 1.750285e+02 1.647879e+01
      vertex   -1.326664e+02 1.750285e+02 1.057867e+01
      vertex   -1.362222e+02 1.750285e+02 1.650538e+01
    endloop
  endfacet
  facet normal 0.000000e+00 1.000000e+00 0.000000e+00
    outer loop
      vertex   -1.362222e+02 1.750285e+02 1.650538e+01
      vertex   -1.326664e+02 1.750285e+02 1.057867e+01
      vertex   -1.330369e+02 1.750285e+02 9.519885e+00
    endloop
  endfacet
  facet normal 0.000000e+00 1.000000e+00 0.000000e+00
    outer loop
      vertex   -1.362222e+02 1.750285e+02 1.650538e+01
      vertex   -1.330369e+02 1.750285e+02 9.519885e+00
      vertex   -1.365168e+02 1.750285e+02 1.658433e+01
    endloop
  endfacet
  facet normal 0.000000e+00 1.000000e+00 0.000000e+00
    outer loop
      vertex   -1.365168e+02 1.750285e+02 1.658433e+01
      vertex   -1.330369e+02 1.750285e+02 9.519885e+00
      vertex   -1.334855e+02 1.750285e+02 8.491744e+00
    endloop
  endfacet
  facet normal 0.000000e+00 1.000000e+00 0.000000e+00
    outer loop
      vertex   -1.365168e+02 1.750285e+02 1.658433e+01
      vertex   -1.334855e+02 1.750285e+02 8.491744e+00
      vertex   -1.340096e+02 1.750285e+02 7.500000e+00
    endloop
  endfacet
  facet normal 0.000000e+00 1.000000e+00 0.000000e+00
    outer loop
      vertex   -1.365168e+02 1.750285e+02 1.658433e+01
      vertex   -1.340096e+02 1.750285e+02 7.500000e+00
      vertex   -1.367933e+02 1.750285e+02 1.671325e+01
    endloop
  endfacet
  facet normal 0.000000e+00 1.000000e+00 0.000000e+00
    outer loop
      vertex   -1.367933e+02 1.750285e+02 1.671325e+01
      vertex   -1.340096e+02 1.750285e+02 7.500000e+00
      vertex   -1.346064e+02 1.750285e+02 6.550199e+00
    endloop
  endfacet
  facet normal 0.000000e+00 1.000000e+00 0.000000e+00
    outer loop
      vertex   -1.367933e+02 1.750285e+02 1.671325e+01
      vertex   -1.346064e+02 1.750285e+02 6.550199e+00
      vertex   -1.352725e+02 1.750285e+02 5.647653e+00
    endloop
  endfacet
  facet normal 0.000000e+00 1.000000e+00 -0.000000e+00
    outer loop
      vertex   -1.360042e+02 1.750285e+02 4.797409e+00
      vertex   -1.447934e+02 1.750285e+02 1.688821e+01
      vertex   -1.352725e+02 1.750285e+02 5.647653e+00
    endloop
  endfacet
  facet normal 0.000000e+00 1.000000e+00 0.000000e+00
    outer loop
      vertex   -1.352725e+02 1.750285e+02 5.647653e+00
      vertex   -1.447934e+02 1.750285e+02 1.688821e+01
      vertex   -1.370431e+02 1.750285e+02 1.688821e+01
    endloop
  endfacet
  facet normal 0.000000e+00 1.000000e+00 0.000000e+00
    outer loop
      vertex   -1.352725e+02 1.750285e+02 5.647653e+00
      vertex   -1.370431e+02 1.750285e+02 1.688821e+01
      vertex   -1.367933e+02 1.750285e+02 1.671325e+01
    endloop
  endfacet
  facet normal 0.000000e+00 1.000000e+00 0.000000e+00
    outer loop
      vertex   -1.447934e+02 1.750285e+02 1.688821e+01
      vertex   -1.360042e+02 1.750285e+02 4.797409e+00
      vertex   -1.450433e+02 1.750285e+02 1.671325e+01
    endloop
  endfacet
  facet normal 0.000000e+00 1.000000e+00 0.000000e+00
    outer loop
      vertex   -1.450433e+02 1.750285e+02 1.671325e+01
      vertex   -1.360042e+02 1.750285e+02 4.797409e+00
      vertex   -1.367974e+02 1.750285e+02 4.004222e+00
    endloop
  endfacet
  facet normal 0.000000e+00 1.000000e+00 0.000000e+00
    outer loop
      vertex   -1.450433e+02 1.750285e+02 1.671325e+01
      vertex   -1.367974e+02 1.750285e+02 4.004222e+00
      vertex   -1.376477e+02 1.750285e+02 3.272528e+00
    endloop
  endfacet
  facet normal 0.000000e+00 1.000000e+00 0.000000e+00
    outer loop
      vertex   -1.450433e+02 1.750285e+02 1.671325e+01
      vertex   -1.376477e+02 1.750285e+02 3.272528e+00
      vertex   -1.453197e+02 1.750285e+02 1.658433e+01
    endloop
  endfacet
  facet normal 0.000000e+00 1.000000e+00 0.000000e+00
    outer loop
      vertex   -1.453197e+02 1.750285e+02 1.658433e+01
      vertex   -1.376477e+02 1.750285e+02 3.272528e+00
      vertex   -1.385502e+02 1.750285e+02 2.606418e+00
    endloop
  endfacet
  facet normal 0.000000e+00 1.000000e+00 0.000000e+00
    outer loop
      vertex   -1.453197e+02 1.750285e+02 1.658433e+01
      vertex   -1.385502e+02 1.750285e+02 2.606418e+00
      vertex   -1.395000e+02 1.750285e+02 2.009619e+00
    endloop
  endfacet
  facet normal 0.000000e+00 1.000000e+00 0.000000e+00
    outer loop
      vertex   -1.395000e+02 1.750285e+02 2.009619e+00
      vertex   -1.404917e+02 1.750285e+02 1.485467e+00
      vertex   -1.453197e+02 1.750285e+02 1.658433e+01
    endloop
  endfacet
  facet normal 0.000000e+00 1.000000e+00 0.000000e+00
    outer loop
      vertex   -1.453197e+02 1.750285e+02 1.658433e+01
      vertex   -1.404917e+02 1.750285e+02 1.485467e+00
      vertex   -1.456144e+02 1.750285e+02 1.650538e+01
    endloop
  endfacet
  facet normal 0.000000e+00 1.000000e+00 0.000000e+00
    outer loop
      vertex   -1.456144e+02 1.750285e+02 1.650538e+01
      vertex   -1.404917e+02 1.750285e+02 1.485467e+00
      vertex   -1.415199e+02 1.750285e+02 1.036894e+00
    endloop
  endfacet
  facet normal 0.000000e+00 1.000000e+00 0.000000e+00
    outer loop
      vertex   -1.456144e+02 1.750285e+02 1.650538e+01
      vertex   -1.415199e+02 1.750285e+02 1.036894e+00
      vertex   -1.425787e+02 1.750285e+02 6.664079e-01
    endloop
  endfacet
  facet normal 0.000000e+00 1.000000e+00 0.000000e+00
    outer loop
      vertex   -1.425787e+02 1.750285e+02 6.664079e-01
      vertex   -1.436622e+02 1.750285e+02 3.760813e-01
      vertex   -1.456144e+02 1.750285e+02 1.650538e+01
    endloop
  endfacet
  facet normal 0.000000e+00 1.000000e+00 0.000000e+00
    outer loop
      vertex   -1.456144e+02 1.750285e+02 1.650538e+01
      vertex   -1.436622e+02 1.750285e+02 3.760813e-01
      vertex   -1.459183e+02 1.750285e+02 1.647879e+01
    endloop
  endfacet
  facet normal 0.000000e+00 1.000000e+00 0.000000e+00
    outer loop
      vertex   -1.459183e+02 1.750285e+02 1.647879e+01
      vertex   -1.436622e+02 1.750285e+02 3.760813e-01
      vertex   -1.447644e+02 1.750285e+02 1.675376e-01
    endloop
  endfacet
  facet normal 0.000000e+00 1.000000e+00 0.000000e+00
    outer loop
      vertex   -1.459183e+02 1.750285e+02 1.647879e+01
      vertex   -1.447644e+02 1.750285e+02 1.675376e-01
      vertex   -1.458790e+02 1.750285e+02 4.194304e-02
    endloop
  endfacet
  facet normal 0.000000e+00 1.000000e+00 0.000000e+00
    outer loop
      vertex   -1.459183e+02 1.750285e+02 1.647879e+01
      vertex   -1.458790e+02 1.750285e+02 4.194304e-02
      vertex   -1.462222e+02 1.750285e+02 1.650538e+01
    endloop
  endfacet
  facet normal 0.000000e+00 1.000000e+00 0.000000e+00
    outer loop
      vertex   -1.462222e+02 1.750285e+02 1.650538e+01
      vertex   -1.458790e+02 1.750285e+02 4.194304e-02
      vertex   -1.470000e+02 1.750285e+02 1.065814e-13
    endloop
  endfacet
  facet normal 0.000000e+00 1.000000e+00 0.000000e+00
    outer loop
      vertex   -1.462222e+02 1.750285e+02 1.650538e+01
      vertex   -1.470000e+02 1.750285e+02 1.065814e-13
      vertex   -1.465168e+02 1.750285e+02 1.658433e+01
    endloop
  endfacet
  facet normal 0.000000e+00 1.000000e+00 0.000000e+00
    outer loop
      vertex   -1.465168e+02 1.750285e+02 1.658433e+01
      vertex   -1.470000e+02 1.750285e+02 1.065814e-13
      vertex   -1.467933e+02 1.750285e+02 1.671325e+01
    endloop
  endfacet
  facet normal 0.000000e+00 1.000000e+00 0.000000e+00
    outer loop
      vertex   -1.467933e+02 1.750285e+02 1.671325e+01
      vertex   -1.470000e+02 1.750285e+02 1.065814e-13
      vertex   -1.470431e+02 1.750285e+02 1.688821e+01
    endloop
  endfacet
  facet normal 0.000000e+00 1.000000e+00 0.000000e+00
    outer loop
      vertex   -1.470431e+02 1.750285e+02 1.688821e+01
      vertex   -1.470000e+02 1.750285e+02 1.065814e-13
      vertex   -1.472588e+02 1.750285e+02 1.710391e+01
    endloop
  endfacet
  facet normal 0.000000e+00 1.000000e+00 0.000000e+00
    outer loop
      vertex   -1.472588e+02 1.750285e+02 1.710391e+01
      vertex   -1.470000e+02 1.750285e+02 1.065814e-13
      vertex   -1.474338e+02 1.750285e+02 1.735379e+01
    endloop
  endfacet
  facet normal 0.000000e+00 1.000000e+00 0.000000e+00
    outer loop
      vertex   -1.474338e+02 1.750285e+02 1.735379e+01
      vertex   -1.470000e+02 1.750285e+02 1.065814e-13
      vertex   -1.475627e+02 1.750285e+02 1.763025e+01
    endloop
  endfacet
  facet normal 0.000000e+00 1.000000e+00 0.000000e+00
    outer loop
      vertex   -1.475627e+02 1.750285e+02 1.763025e+01
      vertex   -1.470000e+02 1.750285e+02 1.065814e-13
      vertex   -1.880000e+02 1.750285e+02 1.065814e-13
    endloop
  endfacet
  facet normal 0.000000e+00 1.000000e+00 0.000000e+00
    outer loop
      vertex   -1.475627e+02 1.750285e+02 1.763025e+01
      vertex   -1.880000e+02 1.750285e+02 1.065814e-13
      vertex   -1.476417e+02 1.750285e+02 1.792491e+01
    endloop
  endfacet
  facet normal 0.000000e+00 1.000000e+00 0.000000e+00
    outer loop
      vertex   -1.476417e+02 1.750285e+02 1.792491e+01
      vertex   -1.880000e+02 1.750285e+02 1.065814e-13
      vertex   -1.476683e+02 1.750285e+02 1.822879e+01
    endloop
  endfacet
  facet normal -0.000000e+00 1.000000e+00 0.000000e+00
    outer loop
      vertex   -1.341949e+02 1.750285e+02 1.792491e+01
      vertex   -1.341683e+02 1.750285e+02 1.822879e+01
      vertex   -1.320000e+02 1.750285e+02 1.500000e+01
    endloop
  endfacet
  facet normal 0.000000e+00 1.000000e+00 0.000000e+00
    outer loop
      vertex   -1.320000e+02 1.750285e+02 1.500000e+01
      vertex   -1.341683e+02 1.750285e+02 1.822879e+01
      vertex   -1.341949e+02 1.750285e+02 1.853267e+01
    endloop
  endfacet
  facet normal 0.000000e+00 1.000000e+00 0.000000e+00
    outer loop
      vertex   -1.320000e+02 1.750285e+02 1.500000e+01
      vertex   -1.341949e+02 1.750285e+02 1.853267e+01
      vertex   -1.342738e+02 1.750285e+02 1.882733e+01
    endloop
  endfacet
  facet normal -0.000000e+00 1.000000e+00 -0.000000e+00
    outer loop
      vertex   -1.342738e+02 1.750285e+02 1.882733e+01
      vertex   -1.344027e+02 1.750285e+02 1.910379e+01
      vertex   -1.320000e+02 1.750285e+02 1.500000e+01
    endloop
  endfacet
  facet normal 0.000000e+00 1.000000e+00 0.000000e+00
    outer loop
      vertex   -1.344027e+02 1.750285e+02 1.910379e+01
      vertex   -1.345777e+02 1.750285e+02 1.935367e+01
      vertex   -1.395000e+02 1.750285e+02 4.000000e+01
    endloop
  endfacet
  facet normal 0.000000e+00 1.000000e+00 0.000000e+00
    outer loop
      vertex   -1.395000e+02 1.750285e+02 4.000000e+01
      vertex   -1.345777e+02 1.750285e+02 1.935367e+01
      vertex   -1.347934e+02 1.750285e+02 1.956937e+01
    endloop
  endfacet
  facet normal 0.000000e+00 1.000000e+00 0.000000e+00
    outer loop
      vertex   -1.395000e+02 1.750285e+02 4.000000e+01
      vertex   -1.347934e+02 1.750285e+02 1.956937e+01
      vertex   -1.350433e+02 1.750285e+02 1.974433e+01
    endloop
  endfacet
  facet normal 0.000000e+00 1.000000e+00 0.000000e+00
    outer loop
      vertex   -1.350433e+02 1.750285e+02 1.974433e+01
      vertex   -1.353197e+02 1.750285e+02 1.987325e+01
      vertex   -1.395000e+02 1.750285e+02 4.000000e+01
    endloop
  endfacet
  facet normal 0.000000e+00 1.000000e+00 0.000000e+00
    outer loop
      vertex   -1.395000e+02 1.750285e+02 4.000000e+01
      vertex   -1.353197e+02 1.750285e+02 1.987325e+01
      vertex   -1.356144e+02 1.750285e+02 1.995220e+01
    endloop
  endfacet
  facet normal 0.000000e+00 1.000000e+00 0.000000e+00
    outer loop
      vertex   -1.395000e+02 1.750285e+02 4.000000e+01
      vertex   -1.356144e+02 1.750285e+02 1.995220e+01
      vertex   -1.359183e+02 1.750285e+02 1.997879e+01
    endloop
  endfacet
  facet normal 0.000000e+00 1.000000e+00 0.000000e+00
    outer loop
      vertex   -1.359183e+02 1.750285e+02 1.997879e+01
      vertex   -1.362222e+02 1.750285e+02 1.995220e+01
      vertex   -1.395000e+02 1.750285e+02 4.000000e+01
    endloop
  endfacet
  facet normal 0.000000e+00 1.000000e+00 0.000000e+00
    outer loop
      vertex   -1.395000e+02 1.750285e+02 4.000000e+01
      vertex   -1.362222e+02 1.750285e+02 1.995220e+01
      vertex   -1.365168e+02 1.750285e+02 1.987325e+01
    endloop
  endfacet
  facet normal 0.000000e+00 1.000000e+00 0.000000e+00
    outer loop
      vertex   -1.395000e+02 1.750285e+02 4.000000e+01
      vertex   -1.365168e+02 1.750285e+02 1.987325e+01
      vertex   -1.367933e+02 1.750285e+02 1.974433e+01
    endloop
  endfacet
  facet normal 0.000000e+00 1.000000e+00 0.000000e+00
    outer loop
      vertex   -1.395000e+02 1.750285e+02 4.000000e+01
      vertex   -1.367933e+02 1.750285e+02 1.974433e+01
      vertex   -1.450433e+02 1.750285e+02 1.974433e+01
    endloop
  endfacet
  facet normal 0.000000e+00 1.000000e+00 0.000000e+00
    outer loop
      vertex   -1.450433e+02 1.750285e+02 1.974433e+01
      vertex   -1.367933e+02 1.750285e+02 1.974433e+01
      vertex   -1.370431e+02 1.750285e+02 1.956937e+01
    endloop
  endfacet
  facet normal 0.000000e+00 1.000000e+00 0.000000e+00
    outer loop
      vertex   -1.450433e+02 1.750285e+02 1.974433e+01
      vertex   -1.370431e+02 1.750285e+02 1.956937e+01
      vertex   -1.447934e+02 1.750285e+02 1.956937e+01
    endloop
  endfacet
  facet normal 0.000000e+00 1.000000e+00 0.000000e+00
    outer loop
      vertex   -1.447934e+02 1.750285e+02 1.956937e+01
      vertex   -1.370431e+02 1.750285e+02 1.956937e+01
      vertex   -1.372588e+02 1.750285e+02 1.935367e+01
    endloop
  endfacet
  facet normal 0.000000e+00 1.000000e+00 0.000000e+00
    outer loop
      vertex   -1.447934e+02 1.750285e+02 1.956937e+01
      vertex   -1.372588e+02 1.750285e+02 1.935367e+01
      vertex   -1.445777e+02 1.750285e+02 1.935367e+01
    endloop
  endfacet
  facet normal 0.000000e+00 1.000000e+00 0.000000e+00
    outer loop
      vertex   -1.445777e+02 1.750285e+02 1.935367e+01
      vertex   -1.372588e+02 1.750285e+02 1.935367e+01
      vertex   -1.374338e+02 1.750285e+02 1.910379e+01
    endloop
  endfacet
  facet normal 0.000000e+00 1.000000e+00 0.000000e+00
    outer loop
      vertex   -1.445777e+02 1.750285e+02 1.935367e+01
      vertex   -1.374338e+02 1.750285e+02 1.910379e+01
      vertex   -1.444027e+02 1.750285e+02 1.910379e+01
    endloop
  endfacet
  facet normal 0.000000e+00 1.000000e+00 0.000000e+00
    outer loop
      vertex   -1.444027e+02 1.750285e+02 1.910379e+01
      vertex   -1.374338e+02 1.750285e+02 1.910379e+01
      vertex   -1.375627e+02 1.750285e+02 1.882733e+01
    endloop
  endfacet
  facet normal 0.000000e+00 1.000000e+00 0.000000e+00
    outer loop
      vertex   -1.444027e+02 1.750285e+02 1.910379e+01
      vertex   -1.375627e+02 1.750285e+02 1.882733e+01
      vertex   -1.442738e+02 1.750285e+02 1.882733e+01
    endloop
  endfacet
  facet normal 0.000000e+00 1.000000e+00 0.000000e+00
    outer loop
      vertex   -1.442738e+02 1.750285e+02 1.882733e+01
      vertex   -1.375627e+02 1.750285e+02 1.882733e+01
      vertex   -1.376417e+02 1.750285e+02 1.853267e+01
    endloop
  endfacet
  facet normal 0.000000e+00 1.000000e+00 0.000000e+00
    outer loop
      vertex   -1.442738e+02 1.750285e+02 1.882733e+01
      vertex   -1.376417e+02 1.750285e+02 1.853267e+01
      vertex   -1.441949e+02 1.750285e+02 1.853267e+01
    endloop
  endfacet
  facet normal 0.000000e+00 1.000000e+00 0.000000e+00
    outer loop
      vertex   -1.441949e+02 1.750285e+02 1.853267e+01
      vertex   -1.376417e+02 1.750285e+02 1.853267e+01
      vertex   -1.376683e+02 1.750285e+02 1.822879e+01
    endloop
  endfacet
  facet normal 0.000000e+00 1.000000e+00 0.000000e+00
    outer loop
      vertex   -1.441949e+02 1.750285e+02 1.853267e+01
      vertex   -1.376683e+02 1.750285e+02 1.822879e+01
      vertex   -1.441683e+02 1.750285e+02 1.822879e+01
    endloop
  endfacet
  facet normal 0.000000e+00 1.000000e+00 0.000000e+00
    outer loop
      vertex   -1.441683e+02 1.750285e+02 1.822879e+01
      vertex   -1.376683e+02 1.750285e+02 1.822879e+01
      vertex   -1.441949e+02 1.750285e+02 1.792491e+01
    endloop
  endfacet
  facet normal -0.000000e+00 1.000000e+00 0.000000e+00
    outer loop
      vertex   -1.441949e+02 1.750285e+02 1.792491e+01
      vertex   -1.376683e+02 1.750285e+02 1.822879e+01
      vertex   -1.376417e+02 1.750285e+02 1.792491e+01
    endloop
  endfacet
  facet normal 0.000000e+00 1.000000e+00 0.000000e+00
    outer loop
      vertex   -1.441949e+02 1.750285e+02 1.792491e+01
      vertex   -1.376417e+02 1.750285e+02 1.792491e+01
      vertex   -1.442738e+02 1.750285e+02 1.763025e+01
    endloop
  endfacet
  facet normal -0.000000e+00 1.000000e+00 0.000000e+00
    outer loop
      vertex   -1.442738e+02 1.750285e+02 1.763025e+01
      vertex   -1.376417e+02 1.750285e+02 1.792491e+01
      vertex   -1.375627e+02 1.750285e+02 1.763025e+01
    endloop
  endfacet
  facet normal 0.000000e+00 1.000000e+00 0.000000e+00
    outer loop
      vertex   -1.442738e+02 1.750285e+02 1.763025e+01
      vertex   -1.375627e+02 1.750285e+02 1.763025e+01
      vertex   -1.444027e+02 1.750285e+02 1.735379e+01
    endloop
  endfacet
  facet normal -0.000000e+00 1.000000e+00 0.000000e+00
    outer loop
      vertex   -1.444027e+02 1.750285e+02 1.735379e+01
      vertex   -1.375627e+02 1.750285e+02 1.763025e+01
      vertex   -1.374338e+02 1.750285e+02 1.735379e+01
    endloop
  endfacet
  facet normal 0.000000e+00 1.000000e+00 0.000000e+00
    outer loop
      vertex   -1.444027e+02 1.750285e+02 1.735379e+01
      vertex   -1.374338e+02 1.750285e+02 1.735379e+01
      vertex   -1.372588e+02 1.750285e+02 1.710391e+01
    endloop
  endfacet
  facet normal 0.000000e+00 1.000000e+00 0.000000e+00
    outer loop
      vertex   -1.444027e+02 1.750285e+02 1.735379e+01
      vertex   -1.372588e+02 1.750285e+02 1.710391e+01
      vertex   -1.445777e+02 1.750285e+02 1.710391e+01
    endloop
  endfacet
  facet normal 0.000000e+00 1.000000e+00 0.000000e+00
    outer loop
      vertex   -1.445777e+02 1.750285e+02 1.710391e+01
      vertex   -1.372588e+02 1.750285e+02 1.710391e+01
      vertex   -1.370431e+02 1.750285e+02 1.688821e+01
    endloop
  endfacet
  facet normal 0.000000e+00 1.000000e+00 0.000000e+00
    outer loop
      vertex   -1.445777e+02 1.750285e+02 1.710391e+01
      vertex   -1.370431e+02 1.750285e+02 1.688821e+01
      vertex   -1.447934e+02 1.750285e+02 1.688821e+01
    endloop
  endfacet
  facet normal -0.000000e+00 1.000000e+00 0.000000e+00
    outer loop
      vertex   -1.345777e+02 1.750285e+02 1.710391e+01
      vertex   -1.344027e+02 1.750285e+02 1.735379e+01
      vertex   -1.320000e+02 1.750285e+02 1.500000e+01
    endloop
  endfacet
  facet normal 0.000000e+00 1.000000e+00 0.000000e+00
    outer loop
      vertex   -1.320000e+02 1.750285e+02 1.500000e+01
      vertex   -1.344027e+02 1.750285e+02 1.735379e+01
      vertex   -1.342738e+02 1.750285e+02 1.763025e+01
    endloop
  endfacet
  facet normal 0.000000e+00 1.000000e+00 0.000000e+00
    outer loop
      vertex   -1.320000e+02 1.750285e+02 1.500000e+01
      vertex   -1.342738e+02 1.750285e+02 1.763025e+01
      vertex   -1.341949e+02 1.750285e+02 1.792491e+01
    endloop
  endfacet
  facet normal 0.000000e+00 1.000000e+00 0.000000e+00
    outer loop
      vertex   -1.395000e+02 1.750285e+02 4.000000e+01
      vertex   -1.450433e+02 1.750285e+02 1.974433e+01
      vertex   -1.425000e+02 1.750285e+02 4.000000e+01
    endloop
  endfacet
  facet normal 0.000000e+00 1.000000e+00 0.000000e+00
    outer loop
      vertex   -1.425000e+02 1.750285e+02 4.000000e+01
      vertex   -1.450433e+02 1.750285e+02 1.974433e+01
      vertex   -1.453197e+02 1.750285e+02 1.987325e+01
    endloop
  endfacet
  facet normal 0.000000e+00 1.000000e+00 0.000000e+00
    outer loop
      vertex   -1.425000e+02 1.750285e+02 4.000000e+01
      vertex   -1.453197e+02 1.750285e+02 1.987325e+01
      vertex   -1.456144e+02 1.750285e+02 1.995220e+01
    endloop
  endfacet
  facet normal 0.000000e+00 1.000000e+00 -0.000000e+00
    outer loop
      vertex   -1.456144e+02 1.750285e+02 1.995220e+01
      vertex   -1.459183e+02 1.750285e+02 1.997879e+01
      vertex   -1.425000e+02 1.750285e+02 4.000000e+01
    endloop
  endfacet
  facet normal 0.000000e+00 1.000000e+00 0.000000e+00
    outer loop
      vertex   -1.425000e+02 1.750285e+02 4.000000e+01
      vertex   -1.459183e+02 1.750285e+02 1.997879e+01
      vertex   -1.462222e+02 1.750285e+02 1.995220e+01
    endloop
  endfacet
  facet normal 0.000000e+00 1.000000e+00 0.000000e+00
    outer loop
      vertex   -1.425000e+02 1.750285e+02 4.000000e+01
      vertex   -1.462222e+02 1.750285e+02 1.995220e+01
      vertex   -1.465168e+02 1.750285e+02 1.987325e+01
    endloop
  endfacet
  facet normal 0.000000e+00 1.000000e+00 -0.000000e+00
    outer loop
      vertex   -1.465168e+02 1.750285e+02 1.987325e+01
      vertex   -1.467933e+02 1.750285e+02 1.974433e+01
      vertex   -1.425000e+02 1.750285e+02 4.000000e+01
    endloop
  endfacet
  facet normal 0.000000e+00 1.000000e+00 0.000000e+00
    outer loop
      vertex   -1.425000e+02 1.750285e+02 4.000000e+01
      vertex   -1.467933e+02 1.750285e+02 1.974433e+01
      vertex   -1.470431e+02 1.750285e+02 1.956937e+01
    endloop
  endfacet
  facet normal 0.000000e+00 1.000000e+00 0.000000e+00
    outer loop
      vertex   -1.425000e+02 1.750285e+02 4.000000e+01
      vertex   -1.470431e+02 1.750285e+02 1.956937e+01
      vertex   -1.472588e+02 1.750285e+02 1.935367e+01
    endloop
  endfacet
  facet normal 0.000000e+00 1.000000e+00 -0.000000e+00
    outer loop
      vertex   -1.472588e+02 1.750285e+02 1.935367e+01
      vertex   -1.474338e+02 1.750285e+02 1.910379e+01
      vertex   -1.425000e+02 1.750285e+02 4.000000e+01
    endloop
  endfacet
  facet normal 0.000000e+00 1.000000e+00 0.000000e+00
    outer loop
      vertex   -1.425000e+02 1.750285e+02 4.000000e+01
      vertex   -1.474338e+02 1.750285e+02 1.910379e+01
      vertex   -1.880000e+02 1.750285e+02 6.000000e+01
    endloop
  endfacet
  facet normal 0.000000e+00 1.000000e+00 -0.000000e+00
    outer loop
      vertex   -1.425000e+02 1.750285e+02 4.000000e+01
      vertex   -1.880000e+02 1.750285e+02 6.000000e+01
      vertex   -1.425000e+02 1.750285e+02 4.500000e+01
    endloop
  endfacet
  facet normal 0.000000e+00 1.000000e+00 0.000000e+00
    outer loop
      vertex   -1.474338e+02 1.750285e+02 1.910379e+01
      vertex   -1.475627e+02 1.750285e+02 1.882733e+01
      vertex   -1.880000e+02 1.750285e+02 6.000000e+01
    endloop
  endfacet
  facet normal 1.000000e+00 0.000000e+00 0.000000e+00
    outer loop
      vertex   -1.320000e+02 1.750285e+02 1.500000e+01
      vertex   -1.320000e+02 1.700000e+02 4.100000e+01
      vertex   -1.320000e+02 1.651285e+02 1.500000e+01
    endloop
  endfacet
  facet normal 1.000000e+00 0.000000e+00 0.000000e+00
    outer loop
      vertex   -1.320000e+02 1.651285e+02 1.500000e+01
      vertex   -1.320000e+02 1.700000e+02 4.100000e+01
      vertex   -1.320000e+02 1.697395e+02 4.102279e+01
    endloop
  endfacet
  facet normal 1.000000e+00 0.000000e+00 0.000000e+00
    outer loop
      vertex   -1.320000e+02 1.651285e+02 1.500000e+01
      vertex   -1.320000e+02 1.697395e+02 4.102279e+01
      vertex   -1.320000e+02 1.694870e+02 4.109046e+01
    endloop
  endfacet
  facet normal 1.000000e+00 0.000000e+00 0.000000e+00
    outer loop
      vertex   -1.320000e+02 1.750285e+02 6.000000e+01
      vertex   -1.320000e+02 1.715000e+02 4.250000e+01
      vertex   -1.320000e+02 1.750285e+02 1.500000e+01
    endloop
  endfacet
  facet normal 1.000000e+00 0.000000e+00 0.000000e+00
    outer loop
      vertex   -1.320000e+02 1.750285e+02 1.500000e+01
      vertex   -1.320000e+02 1.715000e+02 4.250000e+01
      vertex   -1.320000e+02 1.714772e+02 4.223953e+01
    endloop
  endfacet
  facet normal 1.000000e+00 0.000000e+00 0.000000e+00
    outer loop
      vertex   -1.320000e+02 1.750285e+02 1.500000e+01
      vertex   -1.320000e+02 1.714772e+02 4.223953e+01
      vertex   -1.320000e+02 1.714095e+02 4.198697e+01
    endloop
  endfacet
  facet normal 1.000000e+00 -0.000000e+00 0.000000e+00
    outer loop
      vertex   -1.320000e+02 1.651285e+02 6.000000e+01
      vertex   -1.320000e+02 1.700000e+02 5.400000e+01
      vertex   -1.320000e+02 1.750285e+02 6.000000e+01
    endloop
  endfacet
  facet normal 1.000000e+00 0.000000e+00 0.000000e+00
    outer loop
      vertex   -1.320000e+02 1.750285e+02 6.000000e+01
      vertex   -1.320000e+02 1.700000e+02 5.400000e+01
      vertex   -1.320000e+02 1.702605e+02 5.397721e+01
    endloop
  endfacet
  facet normal 1.000000e+00 0.000000e+00 0.000000e+00
    outer loop
      vertex   -1.320000e+02 1.750285e+02 6.000000e+01
      vertex   -1.320000e+02 1.702605e+02 5.397721e+01
      vertex   -1.320000e+02 1.705130e+02 5.390954e+01
    endloop
  endfacet
  facet normal 1.000000e+00 0.000000e+00 0.000000e+00
    outer loop
      vertex   -1.320000e+02 1.651285e+02 1.500000e+01
      vertex   -1.320000e+02 1.685000e+02 4.250000e+01
      vertex   -1.320000e+02 1.651285e+02 6.000000e+01
    endloop
  endfacet
  facet normal 1.000000e+00 0.000000e+00 0.000000e+00
    outer loop
      vertex   -1.320000e+02 1.651285e+02 6.000000e+01
      vertex   -1.320000e+02 1.685000e+02 4.250000e+01
      vertex   -1.320000e+02 1.685228e+02 4.276047e+01
    endloop
  endfacet
  facet normal 1.000000e+00 0.000000e+00 0.000000e+00
    outer loop
      vertex   -1.320000e+02 1.651285e+02 6.000000e+01
      vertex   -1.320000e+02 1.685228e+02 4.276047e+01
      vertex   -1.320000e+02 1.685228e+02 5.223953e+01
    endloop
  endfacet
  facet normal 1.000000e+00 0.000000e+00 0.000000e+00
    outer loop
      vertex   -1.320000e+02 1.685228e+02 5.223953e+01
      vertex   -1.320000e+02 1.685228e+02 4.276047e+01
      vertex   -1.320000e+02 1.685905e+02 5.198697e+01
    endloop
  endfacet
  facet normal 1.000000e+00 0.000000e+00 0.000000e+00
    outer loop
      vertex   -1.320000e+02 1.685905e+02 5.198697e+01
      vertex   -1.320000e+02 1.685228e+02 4.276047e+01
      vertex   -1.320000e+02 1.685905e+02 4.301303e+01
    endloop
  endfacet
  facet normal 1.000000e+00 0.000000e+00 0.000000e+00
    outer loop
      vertex   -1.320000e+02 1.685905e+02 5.198697e+01
      vertex   -1.320000e+02 1.685905e+02 4.301303e+01
      vertex   -1.320000e+02 1.687010e+02 5.175000e+01
    endloop
  endfacet
  facet normal 1.000000e+00 0.000000e+00 0.000000e+00
    outer loop
      vertex   -1.320000e+02 1.687010e+02 5.175000e+01
      vertex   -1.320000e+02 1.685905e+02 4.301303e+01
      vertex   -1.320000e+02 1.687010e+02 4.325000e+01
    endloop
  endfacet
  facet normal 1.000000e+00 0.000000e+00 0.000000e+00
    outer loop
      vertex   -1.320000e+02 1.687010e+02 5.175000e+01
      vertex   -1.320000e+02 1.687010e+02 4.325000e+01
      vertex   -1.320000e+02 1.688509e+02 5.153582e+01
    endloop
  endfacet
  facet normal 1.000000e+00 0.000000e+00 0.000000e+00
    outer loop
      vertex   -1.320000e+02 1.688509e+02 5.153582e+01
      vertex   -1.320000e+02 1.687010e+02 4.325000e+01
      vertex   -1.320000e+02 1.688509e+02 4.346418e+01
    endloop
  endfacet
  facet normal 1.000000e+00 0.000000e+00 0.000000e+00
    outer loop
      vertex   -1.320000e+02 1.688509e+02 5.153582e+01
      vertex   -1.320000e+02 1.688509e+02 4.346418e+01
      vertex   -1.320000e+02 1.690358e+02 5.135093e+01
    endloop
  endfacet
  facet normal 1.000000e+00 0.000000e+00 0.000000e+00
    outer loop
      vertex   -1.320000e+02 1.690358e+02 5.135093e+01
      vertex   -1.320000e+02 1.688509e+02 4.346418e+01
      vertex   -1.320000e+02 1.690358e+02 4.364907e+01
    endloop
  endfacet
  facet normal 1.000000e+00 0.000000e+00 0.000000e+00
    outer loop
      vertex   -1.320000e+02 1.690358e+02 5.135093e+01
      vertex   -1.320000e+02 1.690358e+02 4.364907e+01
      vertex   -1.320000e+02 1.692500e+02 5.120096e+01
    endloop
  endfacet
  facet normal 1.000000e+00 0.000000e+00 0.000000e+00
    outer loop
      vertex   -1.320000e+02 1.692500e+02 5.120096e+01
      vertex   -1.320000e+02 1.690358e+02 4.364907e+01
      vertex   -1.320000e+02 1.692500e+02 4.379904e+01
    endloop
  endfacet
  facet normal 1.000000e+00 0.000000e+00 0.000000e+00
    outer loop
      vertex   -1.320000e+02 1.692500e+02 5.120096e+01
      vertex   -1.320000e+02 1.692500e+02 4.379904e+01
      vertex   -1.320000e+02 1.694870e+02 5.109046e+01
    endloop
  endfacet
  facet normal 1.000000e+00 0.000000e+00 0.000000e+00
    outer loop
      vertex   -1.320000e+02 1.694870e+02 5.109046e+01
      vertex   -1.320000e+02 1.692500e+02 4.379904e+01
      vertex   -1.320000e+02 1.694870e+02 4.390954e+01
    endloop
  endfacet
  facet normal 1.000000e+00 0.000000e+00 0.000000e+00
    outer loop
      vertex   -1.320000e+02 1.694870e+02 5.109046e+01
      vertex   -1.320000e+02 1.694870e+02 4.390954e+01
      vertex   -1.320000e+02 1.697395e+02 5.102279e+01
    endloop
  endfacet
  facet normal 1.000000e+00 0.000000e+00 0.000000e+00
    outer loop
      vertex   -1.320000e+02 1.697395e+02 5.102279e+01
      vertex   -1.320000e+02 1.694870e+02 4.390954e+01
      vertex   -1.320000e+02 1.697395e+02 4.397721e+01
    endloop
  endfacet
  facet normal 1.000000e+00 0.000000e+00 0.000000e+00
    outer loop
      vertex   -1.320000e+02 1.697395e+02 5.102279e+01
      vertex   -1.320000e+02 1.697395e+02 4.397721e+01
      vertex   -1.320000e+02 1.700000e+02 5.100000e+01
    endloop
  endfacet
  facet normal 1.000000e+00 0.000000e+00 0.000000e+00
    outer loop
      vertex   -1.320000e+02 1.700000e+02 5.100000e+01
      vertex   -1.320000e+02 1.697395e+02 4.397721e+01
      vertex   -1.320000e+02 1.700000e+02 4.400000e+01
    endloop
  endfacet
  facet normal 1.000000e+00 -0.000000e+00 0.000000e+00
    outer loop
      vertex   -1.320000e+02 1.700000e+02 5.100000e+01
      vertex   -1.320000e+02 1.700000e+02 4.400000e+01
      vertex   -1.320000e+02 1.702605e+02 5.102279e+01
    endloop
  endfacet
  facet normal 1.000000e+00 0.000000e+00 0.000000e+00
    outer loop
      vertex   -1.320000e+02 1.702605e+02 5.102279e+01
      vertex   -1.320000e+02 1.700000e+02 4.400000e+01
      vertex   -1.320000e+02 1.702605e+02 4.397721e+01
    endloop
  endfacet
  facet normal 1.000000e+00 -0.000000e+00 0.000000e+00
    outer loop
      vertex   -1.320000e+02 1.702605e+02 5.102279e+01
      vertex   -1.320000e+02 1.702605e+02 4.397721e+01
      vertex   -1.320000e+02 1.705130e+02 5.109046e+01
    endloop
  endfacet
  facet normal 1.000000e+00 0.000000e+00 0.000000e+00
    outer loop
      vertex   -1.320000e+02 1.705130e+02 5.109046e+01
      vertex   -1.320000e+02 1.702605e+02 4.397721e+01
      vertex   -1.320000e+02 1.705130e+02 4.390954e+01
    endloop
  endfacet
  facet normal 1.000000e+00 -0.000000e+00 0.000000e+00
    outer loop
      vertex   -1.320000e+02 1.705130e+02 5.109046e+01
      vertex   -1.320000e+02 1.705130e+02 4.390954e+01
      vertex   -1.320000e+02 1.707500e+02 5.120096e+01
    endloop
  endfacet
  facet normal 1.000000e+00 0.000000e+00 0.000000e+00
    outer loop
      vertex   -1.320000e+02 1.707500e+02 5.120096e+01
      vertex   -1.320000e+02 1.705130e+02 4.390954e+01
      vertex   -1.320000e+02 1.707500e+02 4.379904e+01
    endloop
  endfacet
  facet normal 1.000000e+00 -0.000000e+00 0.000000e+00
    outer loop
      vertex   -1.320000e+02 1.707500e+02 5.120096e+01
      vertex   -1.320000e+02 1.707500e+02 4.379904e+01
      vertex   -1.320000e+02 1.709642e+02 5.135093e+01
    endloop
  endfacet
  facet normal 1.000000e+00 0.000000e+00 0.000000e+00
    outer loop
      vertex   -1.320000e+02 1.709642e+02 5.135093e+01
      vertex   -1.320000e+02 1.707500e+02 4.379904e+01
      vertex   -1.320000e+02 1.709642e+02 4.364907e+01
    endloop
  endfacet
  facet normal 1.000000e+00 -0.000000e+00 0.000000e+00
    outer loop
      vertex   -1.320000e+02 1.709642e+02 5.135093e+01
      vertex   -1.320000e+02 1.709642e+02 4.364907e+01
      vertex   -1.320000e+02 1.711491e+02 5.153582e+01
    endloop
  endfacet
  facet normal 1.000000e+00 0.000000e+00 0.000000e+00
    outer loop
      vertex   -1.320000e+02 1.711491e+02 5.153582e+01
      vertex   -1.320000e+02 1.709642e+02 4.364907e+01
      vertex   -1.320000e+02 1.711491e+02 4.346418e+01
    endloop
  endfacet
  facet normal 1.000000e+00 -0.000000e+00 0.000000e+00
    outer loop
      vertex   -1.320000e+02 1.711491e+02 5.153582e+01
      vertex   -1.320000e+02 1.711491e+02 4.346418e+01
      vertex   -1.320000e+02 1.712990e+02 5.175000e+01
    endloop
  endfacet
  facet normal 1.000000e+00 0.000000e+00 0.000000e+00
    outer loop
      vertex   -1.320000e+02 1.712990e+02 5.175000e+01
      vertex   -1.320000e+02 1.711491e+02 4.346418e+01
      vertex   -1.320000e+02 1.712990e+02 4.325000e+01
    endloop
  endfacet
  facet normal 1.000000e+00 -0.000000e+00 0.000000e+00
    outer loop
      vertex   -1.320000e+02 1.712990e+02 5.175000e+01
      vertex   -1.320000e+02 1.712990e+02 4.325000e+01
      vertex   -1.320000e+02 1.714095e+02 5.198697e+01
    endloop
  endfacet
  facet normal 1.000000e+00 0.000000e+00 0.000000e+00
    outer loop
      vertex   -1.320000e+02 1.714095e+02 5.198697e+01
      vertex   -1.320000e+02 1.712990e+02 4.325000e+01
      vertex   -1.320000e+02 1.714095e+02 4.301303e+01
    endloop
  endfacet
  facet normal 1.000000e+00 -0.000000e+00 0.000000e+00
    outer loop
      vertex   -1.320000e+02 1.714095e+02 5.198697e+01
      vertex   -1.320000e+02 1.714095e+02 4.301303e+01
      vertex   -1.320000e+02 1.714772e+02 5.223953e+01
    endloop
  endfacet
  facet normal 1.000000e+00 0.000000e+00 0.000000e+00
    outer loop
      vertex   -1.320000e+02 1.714772e+02 5.223953e+01
      vertex   -1.320000e+02 1.714095e+02 4.301303e+01
      vertex   -1.320000e+02 1.714772e+02 4.276047e+01
    endloop
  endfacet
  facet normal 1.000000e+00 -0.000000e+00 0.000000e+00
    outer loop
      vertex   -1.320000e+02 1.714772e+02 5.223953e+01
      vertex   -1.320000e+02 1.714772e+02 4.276047e+01
      vertex   -1.320000e+02 1.750285e+02 6.000000e+01
    endloop
  endfacet
  facet normal 1.000000e+00 0.000000e+00 0.000000e+00
    outer loop
      vertex   -1.320000e+02 1.750285e+02 6.000000e+01
      vertex   -1.320000e+02 1.714772e+02 4.276047e+01
      vertex   -1.320000e+02 1.715000e+02 4.250000e+01
    endloop
  endfacet
  facet normal 1.000000e+00 0.000000e+00 0.000000e+00
    outer loop
      vertex   -1.320000e+02 1.685228e+02 5.223953e+01
      vertex   -1.320000e+02 1.685000e+02 5.250000e+01
      vertex   -1.320000e+02 1.651285e+02 6.000000e+01
    endloop
  endfacet
  facet normal 1.000000e+00 0.000000e+00 0.000000e+00
    outer loop
      vertex   -1.320000e+02 1.651285e+02 6.000000e+01
      vertex   -1.320000e+02 1.685000e+02 5.250000e+01
      vertex   -1.320000e+02 1.685228e+02 5.276047e+01
    endloop
  endfacet
  facet normal 1.000000e+00 0.000000e+00 0.000000e+00
    outer loop
      vertex   -1.320000e+02 1.651285e+02 6.000000e+01
      vertex   -1.320000e+02 1.685228e+02 5.276047e+01
      vertex   -1.320000e+02 1.685905e+02 5.301303e+01
    endloop
  endfacet
  facet normal 1.000000e+00 0.000000e+00 -0.000000e+00
    outer loop
      vertex   -1.320000e+02 1.685905e+02 5.301303e+01
      vertex   -1.320000e+02 1.687010e+02 5.325000e+01
      vertex   -1.320000e+02 1.651285e+02 6.000000e+01
    endloop
  endfacet
  facet normal 1.000000e+00 0.000000e+00 0.000000e+00
    outer loop
      vertex   -1.320000e+02 1.651285e+02 6.000000e+01
      vertex   -1.320000e+02 1.687010e+02 5.325000e+01
      vertex   -1.320000e+02 1.688509e+02 5.346418e+01
    endloop
  endfacet
  facet normal 1.000000e+00 0.000000e+00 0.000000e+00
    outer loop
      vertex   -1.320000e+02 1.651285e+02 6.000000e+01
      vertex   -1.320000e+02 1.688509e+02 5.346418e+01
      vertex   -1.320000e+02 1.690358e+02 5.364907e+01
    endloop
  endfacet
  facet normal 1.000000e+00 0.000000e+00 -0.000000e+00
    outer loop
      vertex   -1.320000e+02 1.690358e+02 5.364907e+01
      vertex   -1.320000e+02 1.692500e+02 5.379904e+01
      vertex   -1.320000e+02 1.651285e+02 6.000000e+01
    endloop
  endfacet
  facet normal 1.000000e+00 0.000000e+00 0.000000e+00
    outer loop
      vertex   -1.320000e+02 1.651285e+02 6.000000e+01
      vertex   -1.320000e+02 1.692500e+02 5.379904e+01
      vertex   -1.320000e+02 1.694870e+02 5.390954e+01
    endloop
  endfacet
  facet normal 1.000000e+00 0.000000e+00 0.000000e+00
    outer loop
      vertex   -1.320000e+02 1.651285e+02 6.000000e+01
      vertex   -1.320000e+02 1.694870e+02 5.390954e+01
      vertex   -1.320000e+02 1.697395e+02 5.397721e+01
    endloop
  endfacet
  facet normal 1.000000e+00 0.000000e+00 -0.000000e+00
    outer loop
      vertex   -1.320000e+02 1.697395e+02 5.397721e+01
      vertex   -1.320000e+02 1.700000e+02 5.400000e+01
      vertex   -1.320000e+02 1.651285e+02 6.000000e+01
    endloop
  endfacet
  facet normal 1.000000e+00 -0.000000e+00 0.000000e+00
    outer loop
      vertex   -1.320000e+02 1.705130e+02 5.390954e+01
      vertex   -1.320000e+02 1.707500e+02 5.379904e+01
      vertex   -1.320000e+02 1.750285e+02 6.000000e+01
    endloop
  endfacet
  facet normal 1.000000e+00 0.000000e+00 0.000000e+00
    outer loop
      vertex   -1.320000e+02 1.750285e+02 6.000000e+01
      vertex   -1.320000e+02 1.707500e+02 5.379904e+01
      vertex   -1.320000e+02 1.709642e+02 5.364907e+01
    endloop
  endfacet
  facet normal 1.000000e+00 0.000000e+00 0.000000e+00
    outer loop
      vertex   -1.320000e+02 1.750285e+02 6.000000e+01
      vertex   -1.320000e+02 1.709642e+02 5.364907e+01
      vertex   -1.320000e+02 1.711491e+02 5.346418e+01
    endloop
  endfacet
  facet normal 1.000000e+00 -0.000000e+00 0.000000e+00
    outer loop
      vertex   -1.320000e+02 1.711491e+02 5.346418e+01
      vertex   -1.320000e+02 1.712990e+02 5.325000e+01
      vertex   -1.320000e+02 1.750285e+02 6.000000e+01
    endloop
  endfacet
  facet normal 1.000000e+00 0.000000e+00 0.000000e+00
    outer loop
      vertex   -1.320000e+02 1.750285e+02 6.000000e+01
      vertex   -1.320000e+02 1.712990e+02 5.325000e+01
      vertex   -1.320000e+02 1.714095e+02 5.301303e+01
    endloop
  endfacet
  facet normal 1.000000e+00 0.000000e+00 0.000000e+00
    outer loop
      vertex   -1.320000e+02 1.750285e+02 6.000000e+01
      vertex   -1.320000e+02 1.714095e+02 5.301303e+01
      vertex   -1.320000e+02 1.714772e+02 5.276047e+01
    endloop
  endfacet
  facet normal 1.000000e+00 -0.000000e+00 0.000000e+00
    outer loop
      vertex   -1.320000e+02 1.714772e+02 5.276047e+01
      vertex   -1.320000e+02 1.715000e+02 5.250000e+01
      vertex   -1.320000e+02 1.750285e+02 6.000000e+01
    endloop
  endfacet
  facet normal 1.000000e+00 0.000000e+00 0.000000e+00
    outer loop
      vertex   -1.320000e+02 1.750285e+02 6.000000e+01
      vertex   -1.320000e+02 1.715000e+02 5.250000e+01
      vertex   -1.320000e+02 1.714772e+02 5.223953e+01
    endloop
  endfacet
  facet normal 1.000000e+00 0.000000e+00 0.000000e+00
    outer loop
      vertex   -1.320000e+02 1.714095e+02 4.198697e+01
      vertex   -1.320000e+02 1.712990e+02 4.175000e+01
      vertex   -1.320000e+02 1.750285e+02 1.500000e+01
    endloop
  endfacet
  facet normal 1.000000e+00 0.000000e+00 0.000000e+00
    outer loop
      vertex   -1.320000e+02 1.750285e+02 1.500000e+01
      vertex   -1.320000e+02 1.712990e+02 4.175000e+01
      vertex   -1.320000e+02 1.711491e+02 4.153582e+01
    endloop
  endfacet
  facet normal 1.000000e+00 0.000000e+00 0.000000e+00
    outer loop
      vertex   -1.320000e+02 1.750285e+02 1.500000e+01
      vertex   -1.320000e+02 1.711491e+02 4.153582e+01
      vertex   -1.320000e+02 1.709642e+02 4.135093e+01
    endloop
  endfacet
  facet normal 1.000000e+00 0.000000e+00 0.000000e+00
    outer loop
      vertex   -1.320000e+02 1.709642e+02 4.135093e+01
      vertex   -1.320000e+02 1.707500e+02 4.120096e+01
      vertex   -1.320000e+02 1.750285e+02 1.500000e+01
    endloop
  endfacet
  facet normal 1.000000e+00 0.000000e+00 0.000000e+00
    outer loop
      vertex   -1.320000e+02 1.750285e+02 1.500000e+01
      vertex   -1.320000e+02 1.707500e+02 4.120096e+01
      vertex   -1.320000e+02 1.705130e+02 4.109046e+01
    endloop
  endfacet
  facet normal 1.000000e+00 0.000000e+00 0.000000e+00
    outer loop
      vertex   -1.320000e+02 1.750285e+02 1.500000e+01
      vertex   -1.320000e+02 1.705130e+02 4.109046e+01
      vertex   -1.320000e+02 1.702605e+02 4.102279e+01
    endloop
  endfacet
  facet normal 1.000000e+00 0.000000e+00 0.000000e+00
    outer loop
      vertex   -1.320000e+02 1.702605e+02 4.102279e+01
      vertex   -1.320000e+02 1.700000e+02 4.100000e+01
      vertex   -1.320000e+02 1.750285e+02 1.500000e+01
    endloop
  endfacet
  facet normal 1.000000e+00 0.000000e+00 0.000000e+00
    outer loop
      vertex   -1.320000e+02 1.694870e+02 4.109046e+01
      vertex   -1.320000e+02 1.692500e+02 4.120096e+01
      vertex   -1.320000e+02 1.651285e+02 1.500000e+01
    endloop
  endfacet
  facet normal 1.000000e+00 0.000000e+00 0.000000e+00
    outer loop
      vertex   -1.320000e+02 1.651285e+02 1.500000e+01
      vertex   -1.320000e+02 1.692500e+02 4.120096e+01
      vertex   -1.320000e+02 1.690358e+02 4.135093e+01
    endloop
  endfacet
  facet normal 1.000000e+00 0.000000e+00 0.000000e+00
    outer loop
      vertex   -1.320000e+02 1.651285e+02 1.500000e+01
      vertex   -1.320000e+02 1.690358e+02 4.135093e+01
      vertex   -1.320000e+02 1.688509e+02 4.153582e+01
    endloop
  endfacet
  facet normal 1.000000e+00 0.000000e+00 0.000000e+00
    outer loop
      vertex   -1.320000e+02 1.688509e+02 4.153582e+01
      vertex   -1.320000e+02 1.687010e+02 4.175000e+01
      vertex   -1.320000e+02 1.651285e+02 1.500000e+01
    endloop
  endfacet
  facet normal 1.000000e+00 0.000000e+00 0.000000e+00
    outer loop
      vertex   -1.320000e+02 1.651285e+02 1.500000e+01
      vertex   -1.320000e+02 1.687010e+02 4.175000e+01
      vertex   -1.320000e+02 1.685905e+02 4.198697e+01
    endloop
  endfacet
  facet normal 1.000000e+00 0.000000e+00 0.000000e+00
    outer loop
      vertex   -1.320000e+02 1.651285e+02 1.500000e+01
      vertex   -1.320000e+02 1.685905e+02 4.198697e+01
      vertex   -1.320000e+02 1.685228e+02 4.223953e+01
    endloop
  endfacet
  facet normal 1.000000e+00 0.000000e+00 0.000000e+00
    outer loop
      vertex   -1.320000e+02 1.685228e+02 4.223953e+01
      vertex   -1.320000e+02 1.685000e+02 4.250000e+01
      vertex   -1.320000e+02 1.651285e+02 1.500000e+01
    endloop
  endfacet
  facet normal 8.669740e-01 -9.861289e-04 -4.983523e-01
    outer loop
      vertex   -1.342743e+02 1.651038e+02 7.059252e+00
      vertex   -1.340096e+02 1.750285e+02 7.500000e+00
      vertex   -1.337335e+02 1.651038e+02 7.999953e+00
    endloop
  endfacet
  facet normal 8.841149e-01 1.056559e-03 -4.672684e-01
    outer loop
      vertex   -1.337335e+02 1.651038e+02 7.999953e+00
      vertex   -1.340096e+02 1.750285e+02 7.500000e+00
      vertex   -1.334855e+02 1.750285e+02 8.491744e+00
    endloop
  endfacet
  facet normal 9.012897e-01 -1.060105e-03 -4.332157e-01
    outer loop
      vertex   -1.337335e+02 1.651038e+02 7.999953e+00
      vertex   -1.334855e+02 1.750285e+02 8.491744e+00
      vertex   -1.332467e+02 1.651043e+02 9.012676e+00
    endloop
  endfacet
  facet normal 9.165617e-01 1.056468e-03 -3.998918e-01
    outer loop
      vertex   -1.332467e+02 1.651043e+02 9.012676e+00
      vertex   -1.334855e+02 1.750285e+02 8.491744e+00
      vertex   -1.330369e+02 1.750285e+02 9.519885e+00
    endloop
  endfacet
  facet normal 9.311900e-01 -1.060003e-03 -3.645327e-01
    outer loop
      vertex   -1.332467e+02 1.651043e+02 9.012676e+00
      vertex   -1.330369e+02 1.750285e+02 9.519885e+00
      vertex   -1.328371e+02 1.651048e+02 1.005900e+01
    endloop
  endfacet
  facet normal 9.438828e-01 1.056354e-03 -3.302789e-01
    outer loop
      vertex   -1.328371e+02 1.651048e+02 1.005900e+01
      vertex   -1.330369e+02 1.750285e+02 9.519885e+00
      vertex   -1.326664e+02 1.750285e+02 1.057867e+01
    endloop
  endfacet
  facet normal 9.558651e-01 -1.059878e-03 -2.938041e-01
    outer loop
      vertex   -1.328371e+02 1.651048e+02 1.005900e+01
      vertex   -1.326664e+02 1.750285e+02 1.057867e+01
      vertex   -1.325070e+02 1.651053e+02 1.113304e+01
    endloop
  endfacet
  facet normal 9.659253e-01 1.056218e-03 -2.588189e-01
    outer loop
      vertex   -1.325070e+02 1.651053e+02 1.113304e+01
      vertex   -1.326664e+02 1.750285e+02 1.057867e+01
      vertex   -1.323761e+02 1.750285e+02 1.166219e+01
    endloop
  endfacet
  facet normal 9.751764e-01 -1.059730e-03 -2.214269e-01
    outer loop
      vertex   -1.325070e+02 1.651053e+02 1.113304e+01
      vertex   -1.323761e+02 1.750285e+02 1.166219e+01
      vertex   -1.322582e+02 1.651058e+02 1.222879e+01
    endloop
  endfacet
  facet normal 9.790392e-01 0.000000e+00 -2.036720e-01
    outer loop
      vertex   -1.322582e+02 1.651058e+02 1.222879e+01
      vertex   -1.323761e+02 1.750285e+02 1.166219e+01
      vertex   -1.322582e+02 1.651285e+02 1.222879e+01
    endloop
  endfacet
  facet normal 9.825659e-01 1.058474e-03 -1.859115e-01
    outer loop
      vertex   -1.322582e+02 1.651285e+02 1.222879e+01
      vertex   -1.323761e+02 1.750285e+02 1.166219e+01
      vertex   -1.321675e+02 1.750285e+02 1.276437e+01
    endloop
  endfacet
  facet normal 9.880351e-01 -7.056740e-04 -1.542275e-01
    outer loop
      vertex   -1.322582e+02 1.651285e+02 1.222879e+01
      vertex   -1.321675e+02 1.750285e+02 1.276437e+01
      vertex   -1.321149e+02 1.651285e+02 1.314660e+01
    endloop
  endfacet
  facet normal 9.937118e-01 9.562459e-04 -1.119644e-01
    outer loop
      vertex   -1.321149e+02 1.651285e+02 1.314660e+01
      vertex   -1.321675e+02 1.750285e+02 1.276437e+01
      vertex   -1.320419e+02 1.750285e+02 1.387905e+01
    endloop
  endfacet
  facet normal 9.956871e-01 -4.781330e-04 -9.277376e-02
    outer loop
      vertex   -1.321149e+02 1.651285e+02 1.314660e+01
      vertex   -1.320419e+02 1.750285e+02 1.387905e+01
      vertex   -1.320288e+02 1.651285e+02 1.407152e+01
    endloop
  endfacet
  facet normal 9.993005e-01 6.034019e-04 -3.739119e-02
    outer loop
      vertex   -1.320288e+02 1.651285e+02 1.407152e+01
      vertex   -1.320419e+02 1.750285e+02 1.387905e+01
      vertex   -1.320000e+02 1.750285e+02 1.500000e+01
    endloop
  endfacet
  facet normal 9.995205e-01 0.000000e+00 -3.096417e-02
    outer loop
      vertex   -1.320288e+02 1.651285e+02 1.407152e+01
      vertex   -1.320000e+02 1.750285e+02 1.500000e+01
      vertex   -1.320000e+02 1.651285e+02 1.500000e+01
    endloop
  endfacet
  facet normal 8.467237e-01 1.049524e-03 -5.320318e-01
    outer loop
      vertex   -1.340096e+02 1.750285e+02 7.500000e+00
      vertex   -1.342743e+02 1.651038e+02 7.059252e+00
      vertex   -1.346064e+02 1.750285e+02 6.550199e+00
    endloop
  endfacet
  facet normal 8.286807e-01 -9.745646e-04 -5.597208e-01
    outer loop
      vertex   -1.346064e+02 1.750285e+02 6.550199e+00
      vertex   -1.342743e+02 1.651038e+02 7.059252e+00
      vertex   -1.348816e+02 1.651038e+02 6.160102e+00
    endloop
  endfacet
  facet normal 8.045974e-01 1.033430e-03 -5.938199e-01
    outer loop
      vertex   -1.346064e+02 1.750285e+02 6.550199e+00
      vertex   -1.348816e+02 1.651038e+02 6.160102e+00
      vertex   -1.352725e+02 1.750285e+02 5.647653e+00
    endloop
  endfacet
  facet normal 7.860513e-01 -9.539418e-04 -6.181606e-01
    outer loop
      vertex   -1.352725e+02 1.750285e+02 5.647653e+00
      vertex   -1.348816e+02 1.651038e+02 6.160102e+00
      vertex   -1.355523e+02 1.651038e+02 5.307206e+00
    endloop
  endfacet
  facet normal 7.579713e-01 1.008278e-03 -6.522871e-01
    outer loop
      vertex   -1.352725e+02 1.750285e+02 5.647653e+00
      vertex   -1.355523e+02 1.651038e+02 5.307206e+00
      vertex   -1.360042e+02 1.750285e+02 4.797409e+00
    endloop
  endfacet
  facet normal 7.393089e-01 -9.242606e-04 -6.733658e-01
    outer loop
      vertex   -1.360042e+02 1.750285e+02 4.797409e+00
      vertex   -1.355523e+02 1.651038e+02 5.307206e+00
      vertex   -1.362829e+02 1.651038e+02 4.505028e+00
    endloop
  endfacet
  facet normal 7.071064e-01 9.740681e-04 -7.071064e-01
    outer loop
      vertex   -1.360042e+02 1.750285e+02 4.797409e+00
      vertex   -1.362829e+02 1.651038e+02 4.505028e+00
      vertex   -1.367974e+02 1.750285e+02 4.004222e+00
    endloop
  endfacet
  facet normal 6.886981e-01 -8.855212e-04 -7.250477e-01
    outer loop
      vertex   -1.367974e+02 1.750285e+02 4.004222e+00
      vertex   -1.362829e+02 1.651038e+02 4.505028e+00
      vertex   -1.370696e+02 1.651038e+02 3.757764e+00
    endloop
  endfacet
  facet normal 6.522871e-01 9.307996e-04 -7.579714e-01
    outer loop
      vertex   -1.367974e+02 1.750285e+02 4.004222e+00
      vertex   -1.370696e+02 1.651038e+02 3.757764e+00
      vertex   -1.376477e+02 1.750285e+02 3.272528e+00
    endloop
  endfacet
  facet normal 6.344837e-01 -8.377237e-04 -7.729358e-01
    outer loop
      vertex   -1.376477e+02 1.750285e+02 3.272528e+00
      vertex   -1.370696e+02 1.651038e+02 3.757764e+00
      vertex   -1.379083e+02 1.651038e+02 3.069325e+00
    endloop
  endfacet
  facet normal 5.938200e-01 8.784732e-04 -8.045975e-01
    outer loop
      vertex   -1.376477e+02 1.750285e+02 3.272528e+00
      vertex   -1.379083e+02 1.651038e+02 3.069325e+00
      vertex   -1.385502e+02 1.750285e+02 2.606418e+00
    endloop
  endfacet
  facet normal 5.769493e-01 -7.808685e-04 -8.167796e-01
    outer loop
      vertex   -1.385502e+02 1.750285e+02 2.606418e+00
      vertex   -1.379083e+02 1.651038e+02 3.069325e+00
      vertex   -1.387945e+02 1.651038e+02 2.443313e+00
    endloop
  endfacet
  facet normal 5.320319e-01 8.170892e-04 -8.467239e-01
    outer loop
      vertex   -1.385502e+02 1.750285e+02 2.606418e+00
      vertex   -1.387945e+02 1.651038e+02 2.443313e+00
      vertex   -1.395000e+02 1.750285e+02 2.009619e+00
    endloop
  endfacet
  facet normal 5.163961e-01 -7.149558e-04 -8.563495e-01
    outer loop
      vertex   -1.395000e+02 1.750285e+02 2.009619e+00
      vertex   -1.387945e+02 1.651038e+02 2.443313e+00
      vertex   -1.397237e+02 1.651038e+02 1.883003e+00
    endloop
  endfacet
  facet normal 4.672685e-01 7.466481e-04 -8.841151e-01
    outer loop
      vertex   -1.395000e+02 1.750285e+02 2.009619e+00
      vertex   -1.397237e+02 1.651038e+02 1.883003e+00
      vertex   -1.404917e+02 1.750285e+02 1.485467e+00
    endloop
  endfacet
  facet normal 4.531409e-01 -6.399862e-04 -8.914387e-01
    outer loop
      vertex   -1.404917e+02 1.750285e+02 1.485467e+00
      vertex   -1.397237e+02 1.651038e+02 1.883003e+00
      vertex   -1.406910e+02 1.651038e+02 1.391328e+00
    endloop
  endfacet
  facet normal 3.998919e-01 6.671501e-04 -9.165621e-01
    outer loop
      vertex   -1.404917e+02 1.750285e+02 1.485467e+00
      vertex   -1.406910e+02 1.651038e+02 1.391328e+00
      vertex   -1.415199e+02 1.750285e+02 1.036894e+00
    endloop
  endfacet
  facet normal 3.875146e-01 -5.559600e-04 -9.218634e-01
    outer loop
      vertex   -1.415199e+02 1.750285e+02 1.036894e+00
      vertex   -1.406910e+02 1.651038e+02 1.391328e+00
      vertex   -1.416912e+02 1.651038e+02 9.708599e-01
    endloop
  endfacet
  facet normal 3.302790e-01 5.785958e-04 -9.438832e-01
    outer loop
      vertex   -1.415199e+02 1.750285e+02 1.036894e+00
      vertex   -1.416912e+02 1.651038e+02 9.708599e-01
      vertex   -1.425787e+02 1.750285e+02 6.664079e-01
    endloop
  endfacet
  facet normal 3.198606e-01 -4.628777e-04 -9.474645e-01
    outer loop
      vertex   -1.425787e+02 1.750285e+02 6.664079e-01
      vertex   -1.416912e+02 1.651038e+02 9.708599e-01
      vertex   -1.427192e+02 1.651038e+02 6.237990e-01
    endloop
  endfacet
  facet normal 2.588190e-01 4.809857e-04 -9.659257e-01
    outer loop
      vertex   -1.425787e+02 1.750285e+02 6.664079e-01
      vertex   -1.427192e+02 1.651038e+02 6.237990e-01
      vertex   -1.436622e+02 1.750285e+02 3.760813e-01
    endloop
  endfacet
  facet normal 2.505330e-01 -3.607399e-04 -9.681080e-01
    outer loop
      vertex   -1.436622e+02 1.750285e+02 3.760813e-01
      vertex   -1.427192e+02 1.651038e+02 6.237990e-01
      vertex   -1.437697e+02 1.651038e+02 3.519612e-01
    endloop
  endfacet
  facet normal 1.859116e-01 3.743204e-04 -9.825664e-01
    outer loop
      vertex   -1.436622e+02 1.750285e+02 3.760813e-01
      vertex   -1.437697e+02 1.651038e+02 3.519612e-01
      vertex   -1.447644e+02 1.750285e+02 1.675376e-01
    endloop
  endfacet
  facet normal 1.798944e-01 -2.495473e-04 -9.836859e-01
    outer loop
      vertex   -1.447644e+02 1.750285e+02 1.675376e-01
      vertex   -1.437697e+02 1.651038e+02 3.519612e-01
      vertex   -1.448370e+02 1.651038e+02 1.567690e-01
    endloop
  endfacet
  facet normal 1.119645e-01 2.586006e-04 -9.937122e-01
    outer loop
      vertex   -1.447644e+02 1.750285e+02 1.675376e-01
      vertex   -1.448370e+02 1.651038e+02 1.567690e-01
      vertex   -1.458790e+02 1.750285e+02 4.194304e-02
    endloop
  endfacet
  facet normal 1.083145e-01 -1.293004e-04 -9.941167e-01
    outer loop
      vertex   -1.458790e+02 1.750285e+02 4.194304e-02
      vertex   -1.448370e+02 1.651038e+02 1.567690e-01
      vertex   -1.459157e+02 1.651038e+02 3.924358e-02
    endloop
  endfacet
  facet normal 3.739119e-02 1.338269e-04 -9.993007e-01
    outer loop
      vertex   -1.458790e+02 1.750285e+02 4.194304e-02
      vertex   -1.459157e+02 1.651038e+02 3.924358e-02
      vertex   -1.470000e+02 1.750285e+02 1.065814e-13
    endloop
  endfacet
  facet normal 3.616793e-02 0.000000e+00 -9.993457e-01
    outer loop
      vertex   -1.470000e+02 1.750285e+02 1.065814e-13
      vertex   -1.459157e+02 1.651038e+02 3.924358e-02
      vertex   -1.470000e+02 1.651038e+02 1.065814e-13
    endloop
  endfacet
  facet normal -9.961947e-01 0.000000e+00 -8.715574e-02
    outer loop
      vertex   -1.341949e+02 1.651285e+02 1.853267e+01
      vertex   -1.341949e+02 1.700785e+02 1.853267e+01
      vertex   -1.341683e+02 1.651285e+02 1.822879e+01
    endloop
  endfacet
  facet normal -9.961947e-01 0.000000e+00 -8.715574e-02
    outer loop
      vertex   -1.341683e+02 1.651285e+02 1.822879e+01
      vertex   -1.341949e+02 1.700785e+02 1.853267e+01
      vertex   -1.341683e+02 1.700785e+02 1.822879e+01
    endloop
  endfacet
  facet normal -9.961947e-01 0.000000e+00 8.715574e-02
    outer loop
      vertex   -1.341683e+02 1.651285e+02 1.822879e+01
      vertex   -1.341683e+02 1.700785e+02 1.822879e+01
      vertex   -1.341949e+02 1.651285e+02 1.792491e+01
    endloop
  endfacet
  facet normal -9.961947e-01 0.000000e+00 8.715574e-02
    outer loop
      vertex   -1.341949e+02 1.651285e+02 1.792491e+01
      vertex   -1.341683e+02 1.700785e+02 1.822879e+01
      vertex   -1.341949e+02 1.700785e+02 1.792491e+01
    endloop
  endfacet
  facet normal -9.659258e-01 0.000000e+00 2.588190e-01
    outer loop
      vertex   -1.341949e+02 1.651285e+02 1.792491e+01
      vertex   -1.341949e+02 1.700785e+02 1.792491e+01
      vertex   -1.342738e+02 1.651285e+02 1.763025e+01
    endloop
  endfacet
  facet normal -9.659258e-01 0.000000e+00 2.588190e-01
    outer loop
      vertex   -1.342738e+02 1.651285e+02 1.763025e+01
      vertex   -1.341949e+02 1.700785e+02 1.792491e+01
      vertex   -1.342738e+02 1.700785e+02 1.763025e+01
    endloop
  endfacet
  facet normal -9.063078e-01 0.000000e+00 4.226183e-01
    outer loop
      vertex   -1.342738e+02 1.651285e+02 1.763025e+01
      vertex   -1.342738e+02 1.700785e+02 1.763025e+01
      vertex   -1.344027e+02 1.651285e+02 1.735379e+01
    endloop
  endfacet
  facet normal -9.063078e-01 0.000000e+00 4.226183e-01
    outer loop
      vertex   -1.344027e+02 1.651285e+02 1.735379e+01
      vertex   -1.342738e+02 1.700785e+02 1.763025e+01
      vertex   -1.344027e+02 1.700785e+02 1.735379e+01
    endloop
  endfacet
  facet normal -8.191520e-01 0.000000e+00 5.735764e-01
    outer loop
      vertex   -1.344027e+02 1.651285e+02 1.735379e+01
      vertex   -1.344027e+02 1.700785e+02 1.735379e+01
      vertex   -1.345777e+02 1.651285e+02 1.710391e+01
    endloop
  endfacet
  facet normal -8.191520e-01 0.000000e+00 5.735764e-01
    outer loop
      vertex   -1.345777e+02 1.651285e+02 1.710391e+01
      vertex   -1.344027e+02 1.700785e+02 1.735379e+01
      vertex   -1.345777e+02 1.700785e+02 1.710391e+01
    endloop
  endfacet
  facet normal -7.071068e-01 0.000000e+00 7.071068e-01
    outer loop
      vertex   -1.345777e+02 1.651285e+02 1.710391e+01
      vertex   -1.345777e+02 1.700785e+02 1.710391e+01
      vertex   -1.347934e+02 1.651285e+02 1.688821e+01
    endloop
  endfacet
  facet normal -7.071068e-01 -1.015009e-15 7.071068e-01
    outer loop
      vertex   -1.347934e+02 1.651285e+02 1.688821e+01
      vertex   -1.345777e+02 1.700785e+02 1.710391e+01
      vertex   -1.347934e+02 1.700785e+02 1.688821e+01
    endloop
  endfacet
  facet normal -5.735764e-01 -1.175844e-15 8.191520e-01
    outer loop
      vertex   -1.347934e+02 1.651285e+02 1.688821e+01
      vertex   -1.347934e+02 1.700785e+02 1.688821e+01
      vertex   -1.350433e+02 1.651285e+02 1.671325e+01
    endloop
  endfacet
  facet normal -5.735764e-01 -5.879218e-16 8.191520e-01
    outer loop
      vertex   -1.350433e+02 1.651285e+02 1.671325e+01
      vertex   -1.347934e+02 1.700785e+02 1.688821e+01
      vertex   -1.350433e+02 1.700785e+02 1.671325e+01
    endloop
  endfacet
  facet normal -4.226183e-01 -6.504752e-16 9.063078e-01
    outer loop
      vertex   -1.350433e+02 1.651285e+02 1.671325e+01
      vertex   -1.350433e+02 1.700785e+02 1.671325e+01
      vertex   -1.353197e+02 1.651285e+02 1.658433e+01
    endloop
  endfacet
  facet normal -4.226183e-01 0.000000e+00 9.063078e-01
    outer loop
      vertex   -1.353197e+02 1.651285e+02 1.658433e+01
      vertex   -1.350433e+02 1.700785e+02 1.671325e+01
      vertex   -1.353197e+02 1.700785e+02 1.658433e+01
    endloop
  endfacet
  facet normal -2.588190e-01 0.000000e+00 9.659258e-01
    outer loop
      vertex   -1.353197e+02 1.651285e+02 1.658433e+01
      vertex   -1.353197e+02 1.700785e+02 1.658433e+01
      vertex   -1.356144e+02 1.651285e+02 1.650538e+01
    endloop
  endfacet
  facet normal -2.588190e-01 6.932642e-16 9.659258e-01
    outer loop
      vertex   -1.356144e+02 1.651285e+02 1.650538e+01
      vertex   -1.353197e+02 1.700785e+02 1.658433e+01
      vertex   -1.356144e+02 1.700785e+02 1.650538e+01
    endloop
  endfacet
  facet normal -8.715574e-02 7.149888e-16 9.961947e-01
    outer loop
      vertex   -1.356144e+02 1.651285e+02 1.650538e+01
      vertex   -1.356144e+02 1.700785e+02 1.650538e+01
      vertex   -1.359183e+02 1.651285e+02 1.647879e+01
    endloop
  endfacet
  facet normal -8.715574e-02 0.000000e+00 9.961947e-01
    outer loop
      vertex   -1.359183e+02 1.651285e+02 1.647879e+01
      vertex   -1.356144e+02 1.700785e+02 1.650538e+01
      vertex   -1.359183e+02 1.700785e+02 1.647879e+01
    endloop
  endfacet
  facet normal 8.715574e-02 -0.000000e+00 9.961947e-01
    outer loop
      vertex   -1.359183e+02 1.651285e+02 1.647879e+01
      vertex   -1.359183e+02 1.700785e+02 1.647879e+01
      vertex   -1.362222e+02 1.651285e+02 1.650538e+01
    endloop
  endfacet
  facet normal 8.715574e-02 7.149888e-16 9.961947e-01
    outer loop
      vertex   -1.362222e+02 1.651285e+02 1.650538e+01
      vertex   -1.359183e+02 1.700785e+02 1.647879e+01
      vertex   -1.362222e+02 1.700785e+02 1.650538e+01
    endloop
  endfacet
  facet normal 2.588190e-01 6.932642e-16 9.659258e-01
    outer loop
      vertex   -1.362222e+02 1.651285e+02 1.650538e+01
      vertex   -1.362222e+02 1.700785e+02 1.650538e+01
      vertex   -1.365168e+02 1.651285e+02 1.658433e+01
    endloop
  endfacet
  facet normal 2.588190e-01 -0.000000e+00 9.659258e-01
    outer loop
      vertex   -1.365168e+02 1.651285e+02 1.658433e+01
      vertex   -1.362222e+02 1.700785e+02 1.650538e+01
      vertex   -1.365168e+02 1.700785e+02 1.658433e+01
    endloop
  endfacet
  facet normal 4.226183e-01 -0.000000e+00 9.063078e-01
    outer loop
      vertex   -1.365168e+02 1.651285e+02 1.658433e+01
      vertex   -1.365168e+02 1.700785e+02 1.658433e+01
      vertex   -1.367933e+02 1.651285e+02 1.671325e+01
    endloop
  endfacet
  facet normal 4.226183e-01 -0.000000e+00 9.063078e-01
    outer loop
      vertex   -1.367933e+02 1.651285e+02 1.671325e+01
      vertex   -1.365168e+02 1.700785e+02 1.658433e+01
      vertex   -1.367933e+02 1.700785e+02 1.671325e+01
    endloop
  endfacet
  facet normal 5.735764e-01 -0.000000e+00 8.191520e-01
    outer loop
      vertex   -1.367933e+02 1.651285e+02 1.671325e+01
      vertex   -1.367933e+02 1.700785e+02 1.671325e+01
      vertex   -1.370431e+02 1.651285e+02 1.688821e+01
    endloop
  endfacet
  facet normal 5.735764e-01 -1.175844e-15 8.191520e-01
    outer loop
      vertex   -1.370431e+02 1.651285e+02 1.688821e+01
      vertex   -1.367933e+02 1.700785e+02 1.671325e+01
      vertex   -1.370431e+02 1.700785e+02 1.688821e+01
    endloop
  endfacet
  facet normal 7.071068e-01 -1.015009e-15 7.071068e-01
    outer loop
      vertex   -1.370431e+02 1.651285e+02 1.688821e+01
      vertex   -1.370431e+02 1.700785e+02 1.688821e+01
      vertex   -1.372588e+02 1.651285e+02 1.710391e+01
    endloop
  endfacet
  facet normal 7.071068e-01 -0.000000e+00 7.071068e-01
    outer loop
      vertex   -1.372588e+02 1.651285e+02 1.710391e+01
      vertex   -1.370431e+02 1.700785e+02 1.688821e+01
      vertex   -1.372588e+02 1.700785e+02 1.710391e+01
    endloop
  endfacet
  facet normal 8.191520e-01 -0.000000e+00 5.735764e-01
    outer loop
      vertex   -1.372588e+02 1.651285e+02 1.710391e+01
      vertex   -1.372588e+02 1.700785e+02 1.710391e+01
      vertex   -1.374338e+02 1.651285e+02 1.735379e+01
    endloop
  endfacet
  facet normal 8.191520e-01 -0.000000e+00 5.735764e-01
    outer loop
      vertex   -1.374338e+02 1.651285e+02 1.735379e+01
      vertex   -1.372588e+02 1.700785e+02 1.710391e+01
      vertex   -1.374338e+02 1.700785e+02 1.735379e+01
    endloop
  endfacet
  facet normal 9.063078e-01 -0.000000e+00 4.226183e-01
    outer loop
      vertex   -1.374338e+02 1.651285e+02 1.735379e+01
      vertex   -1.374338e+02 1.700785e+02 1.735379e+01
      vertex   -1.375627e+02 1.651285e+02 1.763025e+01
    endloop
  endfacet
  facet normal 9.063078e-01 -0.000000e+00 4.226183e-01
    outer loop
      vertex   -1.375627e+02 1.651285e+02 1.763025e+01
      vertex   -1.374338e+02 1.700785e+02 1.735379e+01
      vertex   -1.375627e+02 1.700785e+02 1.763025e+01
    endloop
  endfacet
  facet normal 9.659258e-01 -0.000000e+00 2.588190e-01
    outer loop
      vertex   -1.375627e+02 1.651285e+02 1.763025e+01
      vertex   -1.375627e+02 1.700785e+02 1.763025e+01
      vertex   -1.376417e+02 1.651285e+02 1.792491e+01
    endloop
  endfacet
  facet normal 9.659258e-01 -0.000000e+00 2.588190e-01
    outer loop
      vertex   -1.376417e+02 1.651285e+02 1.792491e+01
      vertex   -1.375627e+02 1.700785e+02 1.763025e+01
      vertex   -1.376417e+02 1.700785e+02 1.792491e+01
    endloop
  endfacet
  facet normal 9.961947e-01 -0.000000e+00 8.715574e-02
    outer loop
      vertex   -1.376417e+02 1.651285e+02 1.792491e+01
      vertex   -1.376417e+02 1.700785e+02 1.792491e+01
      vertex   -1.376683e+02 1.651285e+02 1.822879e+01
    endloop
  endfacet
  facet normal 9.961947e-01 -0.000000e+00 8.715574e-02
    outer loop
      vertex   -1.376683e+02 1.651285e+02 1.822879e+01
      vertex   -1.376417e+02 1.700785e+02 1.792491e+01
      vertex   -1.376683e+02 1.700785e+02 1.822879e+01
    endloop
  endfacet
  facet normal 9.961947e-01 0.000000e+00 -8.715574e-02
    outer loop
      vertex   -1.376683e+02 1.651285e+02 1.822879e+01
      vertex   -1.376683e+02 1.700785e+02 1.822879e+01
      vertex   -1.376417e+02 1.651285e+02 1.853267e+01
    endloop
  endfacet
  facet normal 9.961947e-01 0.000000e+00 -8.715574e-02
    outer loop
      vertex   -1.376417e+02 1.651285e+02 1.853267e+01
      vertex   -1.376683e+02 1.700785e+02 1.822879e+01
      vertex   -1.376417e+02 1.700785e+02 1.853267e+01
    endloop
  endfacet
  facet normal 9.659258e-01 0.000000e+00 -2.588190e-01
    outer loop
      vertex   -1.376417e+02 1.651285e+02 1.853267e+01
      vertex   -1.376417e+02 1.700785e+02 1.853267e+01
      vertex   -1.375627e+02 1.651285e+02 1.882733e+01
    endloop
  endfacet
  facet normal 9.659258e-01 0.000000e+00 -2.588190e-01
    outer loop
      vertex   -1.375627e+02 1.651285e+02 1.882733e+01
      vertex   -1.376417e+02 1.700785e+02 1.853267e+01
      vertex   -1.375627e+02 1.700785e+02 1.882733e+01
    endloop
  endfacet
  facet normal 9.063078e-01 0.000000e+00 -4.226183e-01
    outer loop
      vertex   -1.375627e+02 1.651285e+02 1.882733e+01
      vertex   -1.375627e+02 1.700785e+02 1.882733e+01
      vertex   -1.374338e+02 1.651285e+02 1.910379e+01
    endloop
  endfacet
  facet normal 9.063078e-01 0.000000e+00 -4.226183e-01
    outer loop
      vertex   -1.374338e+02 1.651285e+02 1.910379e+01
      vertex   -1.375627e+02 1.700785e+02 1.882733e+01
      vertex   -1.374338e+02 1.700785e+02 1.910379e+01
    endloop
  endfacet
  facet normal 8.191520e-01 0.000000e+00 -5.735764e-01
    outer loop
      vertex   -1.374338e+02 1.651285e+02 1.910379e+01
      vertex   -1.374338e+02 1.700785e+02 1.910379e+01
      vertex   -1.372588e+02 1.651285e+02 1.935367e+01
    endloop
  endfacet
  facet normal 8.191520e-01 0.000000e+00 -5.735764e-01
    outer loop
      vertex   -1.372588e+02 1.651285e+02 1.935367e+01
      vertex   -1.374338e+02 1.700785e+02 1.910379e+01
      vertex   -1.372588e+02 1.700785e+02 1.935367e+01
    endloop
  endfacet
  facet normal 7.071068e-01 0.000000e+00 -7.071068e-01
    outer loop
      vertex   -1.372588e+02 1.651285e+02 1.935367e+01
      vertex   -1.372588e+02 1.700785e+02 1.935367e+01
      vertex   -1.370431e+02 1.651285e+02 1.956937e+01
    endloop
  endfacet
  facet normal 7.071068e-01 -1.015009e-15 -7.071068e-01
    outer loop
      vertex   -1.370431e+02 1.651285e+02 1.956937e+01
      vertex   -1.372588e+02 1.700785e+02 1.935367e+01
      vertex   -1.370431e+02 1.700785e+02 1.956937e+01
    endloop
  endfacet
  facet normal 5.735764e-01 -1.175844e-15 -8.191520e-01
    outer loop
      vertex   -1.370431e+02 1.651285e+02 1.956937e+01
      vertex   -1.370431e+02 1.700785e+02 1.956937e+01
      vertex   -1.367933e+02 1.651285e+02 1.974433e+01
    endloop
  endfacet
  facet normal 5.735764e-01 5.879218e-16 -8.191520e-01
    outer loop
      vertex   -1.367933e+02 1.651285e+02 1.974433e+01
      vertex   -1.370431e+02 1.700785e+02 1.956937e+01
      vertex   -1.367933e+02 1.700785e+02 1.974433e+01
    endloop
  endfacet
  facet normal 4.226183e-01 6.504752e-16 -9.063078e-01
    outer loop
      vertex   -1.367933e+02 1.651285e+02 1.974433e+01
      vertex   -1.367933e+02 1.700785e+02 1.974433e+01
      vertex   -1.365168e+02 1.651285e+02 1.987325e+01
    endloop
  endfacet
  facet normal 4.226183e-01 0.000000e+00 -9.063078e-01
    outer loop
      vertex   -1.365168e+02 1.651285e+02 1.987325e+01
      vertex   -1.367933e+02 1.700785e+02 1.974433e+01
      vertex   -1.365168e+02 1.700785e+02 1.987325e+01
    endloop
  endfacet
  facet normal 2.588190e-01 0.000000e+00 -9.659258e-01
    outer loop
      vertex   -1.365168e+02 1.651285e+02 1.987325e+01
      vertex   -1.365168e+02 1.700785e+02 1.987325e+01
      vertex   -1.362222e+02 1.651285e+02 1.995220e+01
    endloop
  endfacet
  facet normal 2.588190e-01 0.000000e+00 -9.659258e-01
    outer loop
      vertex   -1.362222e+02 1.651285e+02 1.995220e+01
      vertex   -1.365168e+02 1.700785e+02 1.987325e+01
      vertex   -1.362222e+02 1.700785e+02 1.995220e+01
    endloop
  endfacet
  facet normal 8.715574e-02 0.000000e+00 -9.961947e-01
    outer loop
      vertex   -1.362222e+02 1.651285e+02 1.995220e+01
      vertex   -1.362222e+02 1.700785e+02 1.995220e+01
      vertex   -1.359183e+02 1.651285e+02 1.997879e+01
    endloop
  endfacet
  facet normal 8.715574e-02 0.000000e+00 -9.961947e-01
    outer loop
      vertex   -1.359183e+02 1.651285e+02 1.997879e+01
      vertex   -1.362222e+02 1.700785e+02 1.995220e+01
      vertex   -1.359183e+02 1.700785e+02 1.997879e+01
    endloop
  endfacet
  facet normal -8.715574e-02 0.000000e+00 -9.961947e-01
    outer loop
      vertex   -1.359183e+02 1.651285e+02 1.997879e+01
      vertex   -1.359183e+02 1.700785e+02 1.997879e+01
      vertex   -1.356144e+02 1.651285e+02 1.995220e+01
    endloop
  endfacet
  facet normal -8.715574e-02 0.000000e+00 -9.961947e-01
    outer loop
      vertex   -1.356144e+02 1.651285e+02 1.995220e+01
      vertex   -1.359183e+02 1.700785e+02 1.997879e+01
      vertex   -1.356144e+02 1.700785e+02 1.995220e+01
    endloop
  endfacet
  facet normal -2.588190e-01 0.000000e+00 -9.659258e-01
    outer loop
      vertex   -1.356144e+02 1.651285e+02 1.995220e+01
      vertex   -1.356144e+02 1.700785e+02 1.995220e+01
      vertex   -1.353197e+02 1.651285e+02 1.987325e+01
    endloop
  endfacet
  facet normal -2.588190e-01 0.000000e+00 -9.659258e-01
    outer loop
      vertex   -1.353197e+02 1.651285e+02 1.987325e+01
      vertex   -1.356144e+02 1.700785e+02 1.995220e+01
      vertex   -1.353197e+02 1.700785e+02 1.987325e+01
    endloop
  endfacet
  facet normal -4.226183e-01 0.000000e+00 -9.063078e-01
    outer loop
      vertex   -1.353197e+02 1.651285e+02 1.987325e+01
      vertex   -1.353197e+02 1.700785e+02 1.987325e+01
      vertex   -1.350433e+02 1.651285e+02 1.974433e+01
    endloop
  endfacet
  facet normal -4.226183e-01 -6.504752e-16 -9.063078e-01
    outer loop
      vertex   -1.350433e+02 1.651285e+02 1.974433e+01
      vertex   -1.353197e+02 1.700785e+02 1.987325e+01
      vertex   -1.350433e+02 1.700785e+02 1.974433e+01
    endloop
  endfacet
  facet normal -5.735764e-01 -5.879218e-16 -8.191520e-01
    outer loop
      vertex   -1.350433e+02 1.651285e+02 1.974433e+01
      vertex   -1.350433e+02 1.700785e+02 1.974433e+01
      vertex   -1.347934e+02 1.651285e+02 1.956937e+01
    endloop
  endfacet
  facet normal -5.735764e-01 -1.175844e-15 -8.191520e-01
    outer loop
      vertex   -1.347934e+02 1.651285e+02 1.956937e+01
      vertex   -1.350433e+02 1.700785e+02 1.974433e+01
      vertex   -1.347934e+02 1.700785e+02 1.956937e+01
    endloop
  endfacet
  facet normal -7.071068e-01 -1.015009e-15 -7.071068e-01
    outer loop
      vertex   -1.347934e+02 1.651285e+02 1.956937e+01
      vertex   -1.347934e+02 1.700785e+02 1.956937e+01
      vertex   -1.345777e+02 1.651285e+02 1.935367e+01
    endloop
  endfacet
  facet normal -7.071068e-01 0.000000e+00 -7.071068e-01
    outer loop
      vertex   -1.345777e+02 1.651285e+02 1.935367e+01
      vertex   -1.347934e+02 1.700785e+02 1.956937e+01
      vertex   -1.345777e+02 1.700785e+02 1.935367e+01
    endloop
  endfacet
  facet normal -8.191520e-01 0.000000e+00 -5.735764e-01
    outer loop
      vertex   -1.345777e+02 1.651285e+02 1.935367e+01
      vertex   -1.345777e+02 1.700785e+02 1.935367e+01
      vertex   -1.344027e+02 1.651285e+02 1.910379e+01
    endloop
  endfacet
  facet normal -8.191520e-01 0.000000e+00 -5.735764e-01
    outer loop
      vertex   -1.344027e+02 1.651285e+02 1.910379e+01
      vertex   -1.345777e+02 1.700785e+02 1.935367e+01
      vertex   -1.344027e+02 1.700785e+02 1.910379e+01
    endloop
  endfacet
  facet normal -9.063078e-01 0.000000e+00 -4.226183e-01
    outer loop
      vertex   -1.344027e+02 1.651285e+02 1.910379e+01
      vertex   -1.344027e+02 1.700785e+02 1.910379e+01
      vertex   -1.342738e+02 1.651285e+02 1.882733e+01
    endloop
  endfacet
  facet normal -9.063078e-01 -3.033216e-16 -4.226183e-01
    outer loop
      vertex   -1.342738e+02 1.651285e+02 1.882733e+01
      vertex   -1.344027e+02 1.700785e+02 1.910379e+01
      vertex   -1.342738e+02 1.700785e+02 1.882733e+01
    endloop
  endfacet
  facet normal -9.659258e-01 -1.857596e-16 -2.588190e-01
    outer loop
      vertex   -1.342738e+02 1.651285e+02 1.882733e+01
      vertex   -1.342738e+02 1.700785e+02 1.882733e+01
      vertex   -1.341949e+02 1.651285e+02 1.853267e+01
    endloop
  endfacet
  facet normal -9.659258e-01 0.000000e+00 -2.588190e-01
    outer loop
      vertex   -1.341949e+02 1.651285e+02 1.853267e+01
      vertex   -1.342738e+02 1.700785e+02 1.882733e+01
      vertex   -1.341949e+02 1.700785e+02 1.853267e+01
    endloop
  endfacet
  facet normal -9.961947e-01 0.000000e+00 8.715574e-02
    outer loop
      vertex   -1.341949e+02 1.750285e+02 1.792491e+01
      vertex   -1.341949e+02 1.700785e+02 1.792491e+01
      vertex   -1.341683e+02 1.750285e+02 1.822879e+01
    endloop
  endfacet
  facet normal -9.961947e-01 0.000000e+00 8.715574e-02
    outer loop
      vertex   -1.341683e+02 1.750285e+02 1.822879e+01
      vertex   -1.341949e+02 1.700785e+02 1.792491e+01
      vertex   -1.341683e+02 1.700785e+02 1.822879e+01
    endloop
  endfacet
  facet normal -9.961947e-01 -0.000000e+00 -8.715574e-02
    outer loop
      vertex   -1.341683e+02 1.750285e+02 1.822879e+01
      vertex   -1.341683e+02 1.700785e+02 1.822879e+01
      vertex   -1.341949e+02 1.750285e+02 1.853267e+01
    endloop
  endfacet
  facet normal -9.961947e-01 -0.000000e+00 -8.715574e-02
    outer loop
      vertex   -1.341949e+02 1.750285e+02 1.853267e+01
      vertex   -1.341683e+02 1.700785e+02 1.822879e+01
      vertex   -1.341949e+02 1.700785e+02 1.853267e+01
    endloop
  endfacet
  facet normal -9.659258e-01 -0.000000e+00 -2.588190e-01
    outer loop
      vertex   -1.341949e+02 1.750285e+02 1.853267e+01
      vertex   -1.341949e+02 1.700785e+02 1.853267e+01
      vertex   -1.342738e+02 1.750285e+02 1.882733e+01
    endloop
  endfacet
  facet normal -9.659258e-01 -0.000000e+00 -2.588190e-01
    outer loop
      vertex   -1.342738e+02 1.750285e+02 1.882733e+01
      vertex   -1.341949e+02 1.700785e+02 1.853267e+01
      vertex   -1.342738e+02 1.700785e+02 1.882733e+01
    endloop
  endfacet
  facet normal -9.063078e-01 -0.000000e+00 -4.226183e-01
    outer loop
      vertex   -1.342738e+02 1.750285e+02 1.882733e+01
      vertex   -1.342738e+02 1.700785e+02 1.882733e+01
      vertex   -1.344027e+02 1.750285e+02 1.910379e+01
    endloop
  endfacet
  facet normal -9.063078e-01 -0.000000e+00 -4.226183e-01
    outer loop
      vertex   -1.344027e+02 1.750285e+02 1.910379e+01
      vertex   -1.342738e+02 1.700785e+02 1.882733e+01
      vertex   -1.344027e+02 1.700785e+02 1.910379e+01
    endloop
  endfacet
  facet normal -8.191520e-01 -0.000000e+00 -5.735764e-01
    outer loop
      vertex   -1.344027e+02 1.750285e+02 1.910379e+01
      vertex   -1.344027e+02 1.700785e+02 1.910379e+01
      vertex   -1.345777e+02 1.750285e+02 1.935367e+01
    endloop
  endfacet
  facet normal -8.191520e-01 -0.000000e+00 -5.735764e-01
    outer loop
      vertex   -1.345777e+02 1.750285e+02 1.935367e+01
      vertex   -1.344027e+02 1.700785e+02 1.910379e+01
      vertex   -1.345777e+02 1.700785e+02 1.935367e+01
    endloop
  endfacet
  facet normal -7.071068e-01 -0.000000e+00 -7.071068e-01
    outer loop
      vertex   -1.345777e+02 1.750285e+02 1.935367e+01
      vertex   -1.345777e+02 1.700785e+02 1.935367e+01
      vertex   -1.347934e+02 1.750285e+02 1.956937e+01
    endloop
  endfacet
  facet normal -7.071068e-01 1.015009e-15 -7.071068e-01
    outer loop
      vertex   -1.347934e+02 1.750285e+02 1.956937e+01
      vertex   -1.345777e+02 1.700785e+02 1.935367e+01
      vertex   -1.347934e+02 1.700785e+02 1.956937e+01
    endloop
  endfacet
  facet normal -5.735764e-01 1.175844e-15 -8.191520e-01
    outer loop
      vertex   -1.347934e+02 1.750285e+02 1.956937e+01
      vertex   -1.347934e+02 1.700785e+02 1.956937e+01
      vertex   -1.350433e+02 1.750285e+02 1.974433e+01
    endloop
  endfacet
  facet normal -5.735764e-01 5.879218e-16 -8.191520e-01
    outer loop
      vertex   -1.350433e+02 1.750285e+02 1.974433e+01
      vertex   -1.347934e+02 1.700785e+02 1.956937e+01
      vertex   -1.350433e+02 1.700785e+02 1.974433e+01
    endloop
  endfacet
  facet normal -4.226183e-01 6.504752e-16 -9.063078e-01
    outer loop
      vertex   -1.350433e+02 1.750285e+02 1.974433e+01
      vertex   -1.350433e+02 1.700785e+02 1.974433e+01
      vertex   -1.353197e+02 1.750285e+02 1.987325e+01
    endloop
  endfacet
  facet normal -4.226183e-01 -0.000000e+00 -9.063078e-01
    outer loop
      vertex   -1.353197e+02 1.750285e+02 1.987325e+01
      vertex   -1.350433e+02 1.700785e+02 1.974433e+01
      vertex   -1.353197e+02 1.700785e+02 1.987325e+01
    endloop
  endfacet
  facet normal -2.588190e-01 -0.000000e+00 -9.659258e-01
    outer loop
      vertex   -1.353197e+02 1.750285e+02 1.987325e+01
      vertex   -1.353197e+02 1.700785e+02 1.987325e+01
      vertex   -1.356144e+02 1.750285e+02 1.995220e+01
    endloop
  endfacet
  facet normal -2.588190e-01 -6.932642e-16 -9.659258e-01
    outer loop
      vertex   -1.356144e+02 1.750285e+02 1.995220e+01
      vertex   -1.353197e+02 1.700785e+02 1.987325e+01
      vertex   -1.356144e+02 1.700785e+02 1.995220e+01
    endloop
  endfacet
  facet normal -8.715574e-02 -7.149888e-16 -9.961947e-01
    outer loop
      vertex   -1.356144e+02 1.750285e+02 1.995220e+01
      vertex   -1.356144e+02 1.700785e+02 1.995220e+01
      vertex   -1.359183e+02 1.750285e+02 1.997879e+01
    endloop
  endfacet
  facet normal -8.715574e-02 -0.000000e+00 -9.961947e-01
    outer loop
      vertex   -1.359183e+02 1.750285e+02 1.997879e+01
      vertex   -1.356144e+02 1.700785e+02 1.995220e+01
      vertex   -1.359183e+02 1.700785e+02 1.997879e+01
    endloop
  endfacet
  facet normal 8.715574e-02 0.000000e+00 -9.961947e-01
    outer loop
      vertex   -1.359183e+02 1.750285e+02 1.997879e+01
      vertex   -1.359183e+02 1.700785e+02 1.997879e+01
      vertex   -1.362222e+02 1.750285e+02 1.995220e+01
    endloop
  endfacet
  facet normal 8.715574e-02 -7.149888e-16 -9.961947e-01
    outer loop
      vertex   -1.362222e+02 1.750285e+02 1.995220e+01
      vertex   -1.359183e+02 1.700785e+02 1.997879e+01
      vertex   -1.362222e+02 1.700785e+02 1.995220e+01
    endloop
  endfacet
  facet normal 2.588190e-01 -6.932642e-16 -9.659258e-01
    outer loop
      vertex   -1.362222e+02 1.750285e+02 1.995220e+01
      vertex   -1.362222e+02 1.700785e+02 1.995220e+01
      vertex   -1.365168e+02 1.750285e+02 1.987325e+01
    endloop
  endfacet
  facet normal 2.588190e-01 0.000000e+00 -9.659258e-01
    outer loop
      vertex   -1.365168e+02 1.750285e+02 1.987325e+01
      vertex   -1.362222e+02 1.700785e+02 1.995220e+01
      vertex   -1.365168e+02 1.700785e+02 1.987325e+01
    endloop
  endfacet
  facet normal 4.226183e-01 0.000000e+00 -9.063078e-01
    outer loop
      vertex   -1.365168e+02 1.750285e+02 1.987325e+01
      vertex   -1.365168e+02 1.700785e+02 1.987325e+01
      vertex   -1.367933e+02 1.750285e+02 1.974433e+01
    endloop
  endfacet
  facet normal 4.226183e-01 0.000000e+00 -9.063078e-01
    outer loop
      vertex   -1.367933e+02 1.750285e+02 1.974433e+01
      vertex   -1.365168e+02 1.700785e+02 1.987325e+01
      vertex   -1.367933e+02 1.700785e+02 1.974433e+01
    endloop
  endfacet
  facet normal 5.735764e-01 0.000000e+00 -8.191520e-01
    outer loop
      vertex   -1.367933e+02 1.750285e+02 1.974433e+01
      vertex   -1.367933e+02 1.700785e+02 1.974433e+01
      vertex   -1.370431e+02 1.750285e+02 1.956937e+01
    endloop
  endfacet
  facet normal 5.735764e-01 1.175844e-15 -8.191520e-01
    outer loop
      vertex   -1.370431e+02 1.750285e+02 1.956937e+01
      vertex   -1.367933e+02 1.700785e+02 1.974433e+01
      vertex   -1.370431e+02 1.700785e+02 1.956937e+01
    endloop
  endfacet
  facet normal 7.071068e-01 1.015009e-15 -7.071068e-01
    outer loop
      vertex   -1.370431e+02 1.750285e+02 1.956937e+01
      vertex   -1.370431e+02 1.700785e+02 1.956937e+01
      vertex   -1.372588e+02 1.750285e+02 1.935367e+01
    endloop
  endfacet
  facet normal 7.071068e-01 0.000000e+00 -7.071068e-01
    outer loop
      vertex   -1.372588e+02 1.750285e+02 1.935367e+01
      vertex   -1.370431e+02 1.700785e+02 1.956937e+01
      vertex   -1.372588e+02 1.700785e+02 1.935367e+01
    endloop
  endfacet
  facet normal 8.191520e-01 0.000000e+00 -5.735764e-01
    outer loop
      vertex   -1.372588e+02 1.750285e+02 1.935367e+01
      vertex   -1.372588e+02 1.700785e+02 1.935367e+01
      vertex   -1.374338e+02 1.750285e+02 1.910379e+01
    endloop
  endfacet
  facet normal 8.191520e-01 0.000000e+00 -5.735764e-01
    outer loop
      vertex   -1.374338e+02 1.750285e+02 1.910379e+01
      vertex   -1.372588e+02 1.700785e+02 1.935367e+01
      vertex   -1.374338e+02 1.700785e+02 1.910379e+01
    endloop
  endfacet
  facet normal 9.063078e-01 0.000000e+00 -4.226183e-01
    outer loop
      vertex   -1.374338e+02 1.750285e+02 1.910379e+01
      vertex   -1.374338e+02 1.700785e+02 1.910379e+01
      vertex   -1.375627e+02 1.750285e+02 1.882733e+01
    endloop
  endfacet
  facet normal 9.063078e-01 0.000000e+00 -4.226183e-01
    outer loop
      vertex   -1.375627e+02 1.750285e+02 1.882733e+01
      vertex   -1.374338e+02 1.700785e+02 1.910379e+01
      vertex   -1.375627e+02 1.700785e+02 1.882733e+01
    endloop
  endfacet
  facet normal 9.659258e-01 0.000000e+00 -2.588190e-01
    outer loop
      vertex   -1.375627e+02 1.750285e+02 1.882733e+01
      vertex   -1.375627e+02 1.700785e+02 1.882733e+01
      vertex   -1.376417e+02 1.750285e+02 1.853267e+01
    endloop
  endfacet
  facet normal 9.659258e-01 0.000000e+00 -2.588190e-01
    outer loop
      vertex   -1.376417e+02 1.750285e+02 1.853267e+01
      vertex   -1.375627e+02 1.700785e+02 1.882733e+01
      vertex   -1.376417e+02 1.700785e+02 1.853267e+01
    endloop
  endfacet
  facet normal 9.961947e-01 0.000000e+00 -8.715574e-02
    outer loop
      vertex   -1.376417e+02 1.750285e+02 1.853267e+01
      vertex   -1.376417e+02 1.700785e+02 1.853267e+01
      vertex   -1.376683e+02 1.750285e+02 1.822879e+01
    endloop
  endfacet
  facet normal 9.961947e-01 0.000000e+00 -8.715574e-02
    outer loop
      vertex   -1.376683e+02 1.750285e+02 1.822879e+01
      vertex   -1.376417e+02 1.700785e+02 1.853267e+01
      vertex   -1.376683e+02 1.700785e+02 1.822879e+01
    endloop
  endfacet
  facet normal 9.961947e-01 0.000000e+00 8.715574e-02
    outer loop
      vertex   -1.376683e+02 1.750285e+02 1.822879e+01
      vertex   -1.376683e+02 1.700785e+02 1.822879e+01
      vertex   -1.376417e+02 1.750285e+02 1.792491e+01
    endloop
  endfacet
  facet normal 9.961947e-01 0.000000e+00 8.715574e-02
    outer loop
      vertex   -1.376417e+02 1.750285e+02 1.792491e+01
      vertex   -1.376683e+02 1.700785e+02 1.822879e+01
      vertex   -1.376417e+02 1.700785e+02 1.792491e+01
    endloop
  endfacet
  facet normal 9.659258e-01 0.000000e+00 2.588190e-01
    outer loop
      vertex   -1.376417e+02 1.750285e+02 1.792491e+01
      vertex   -1.376417e+02 1.700785e+02 1.792491e+01
      vertex   -1.375627e+02 1.750285e+02 1.763025e+01
    endloop
  endfacet
  facet normal 9.659258e-01 0.000000e+00 2.588190e-01
    outer loop
      vertex   -1.375627e+02 1.750285e+02 1.763025e+01
      vertex   -1.376417e+02 1.700785e+02 1.792491e+01
      vertex   -1.375627e+02 1.700785e+02 1.763025e+01
    endloop
  endfacet
  facet normal 9.063078e-01 0.000000e+00 4.226183e-01
    outer loop
      vertex   -1.375627e+02 1.750285e+02 1.763025e+01
      vertex   -1.375627e+02 1.700785e+02 1.763025e+01
      vertex   -1.374338e+02 1.750285e+02 1.735379e+01
    endloop
  endfacet
  facet normal 9.063078e-01 0.000000e+00 4.226183e-01
    outer loop
      vertex   -1.374338e+02 1.750285e+02 1.735379e+01
      vertex   -1.375627e+02 1.700785e+02 1.763025e+01
      vertex   -1.374338e+02 1.700785e+02 1.735379e+01
    endloop
  endfacet
  facet normal 8.191520e-01 0.000000e+00 5.735764e-01
    outer loop
      vertex   -1.374338e+02 1.750285e+02 1.735379e+01
      vertex   -1.374338e+02 1.700785e+02 1.735379e+01
      vertex   -1.372588e+02 1.750285e+02 1.710391e+01
    endloop
  endfacet
  facet normal 8.191520e-01 0.000000e+00 5.735764e-01
    outer loop
      vertex   -1.372588e+02 1.750285e+02 1.710391e+01
      vertex   -1.374338e+02 1.700785e+02 1.735379e+01
      vertex   -1.372588e+02 1.700785e+02 1.710391e+01
    endloop
  endfacet
  facet normal 7.071068e-01 0.000000e+00 7.071068e-01
    outer loop
      vertex   -1.372588e+02 1.750285e+02 1.710391e+01
      vertex   -1.372588e+02 1.700785e+02 1.710391e+01
      vertex   -1.370431e+02 1.750285e+02 1.688821e+01
    endloop
  endfacet
  facet normal 7.071068e-01 1.015009e-15 7.071068e-01
    outer loop
      vertex   -1.370431e+02 1.750285e+02 1.688821e+01
      vertex   -1.372588e+02 1.700785e+02 1.710391e+01
      vertex   -1.370431e+02 1.700785e+02 1.688821e+01
    endloop
  endfacet
  facet normal 5.735764e-01 1.175844e-15 8.191520e-01
    outer loop
      vertex   -1.370431e+02 1.750285e+02 1.688821e+01
      vertex   -1.370431e+02 1.700785e+02 1.688821e+01
      vertex   -1.367933e+02 1.750285e+02 1.671325e+01
    endloop
  endfacet
  facet normal 5.735764e-01 -5.879218e-16 8.191520e-01
    outer loop
      vertex   -1.367933e+02 1.750285e+02 1.671325e+01
      vertex   -1.370431e+02 1.700785e+02 1.688821e+01
      vertex   -1.367933e+02 1.700785e+02 1.671325e+01
    endloop
  endfacet
  facet normal 4.226183e-01 -6.504752e-16 9.063078e-01
    outer loop
      vertex   -1.367933e+02 1.750285e+02 1.671325e+01
      vertex   -1.367933e+02 1.700785e+02 1.671325e+01
      vertex   -1.365168e+02 1.750285e+02 1.658433e+01
    endloop
  endfacet
  facet normal 4.226183e-01 0.000000e+00 9.063078e-01
    outer loop
      vertex   -1.365168e+02 1.750285e+02 1.658433e+01
      vertex   -1.367933e+02 1.700785e+02 1.671325e+01
      vertex   -1.365168e+02 1.700785e+02 1.658433e+01
    endloop
  endfacet
  facet normal 2.588190e-01 0.000000e+00 9.659258e-01
    outer loop
      vertex   -1.365168e+02 1.750285e+02 1.658433e+01
      vertex   -1.365168e+02 1.700785e+02 1.658433e+01
      vertex   -1.362222e+02 1.750285e+02 1.650538e+01
    endloop
  endfacet
  facet normal 2.588190e-01 0.000000e+00 9.659258e-01
    outer loop
      vertex   -1.362222e+02 1.750285e+02 1.650538e+01
      vertex   -1.365168e+02 1.700785e+02 1.658433e+01
      vertex   -1.362222e+02 1.700785e+02 1.650538e+01
    endloop
  endfacet
  facet normal 8.715574e-02 0.000000e+00 9.961947e-01
    outer loop
      vertex   -1.362222e+02 1.750285e+02 1.650538e+01
      vertex   -1.362222e+02 1.700785e+02 1.650538e+01
      vertex   -1.359183e+02 1.750285e+02 1.647879e+01
    endloop
  endfacet
  facet normal 8.715574e-02 0.000000e+00 9.961947e-01
    outer loop
      vertex   -1.359183e+02 1.750285e+02 1.647879e+01
      vertex   -1.362222e+02 1.700785e+02 1.650538e+01
      vertex   -1.359183e+02 1.700785e+02 1.647879e+01
    endloop
  endfacet
  facet normal -8.715574e-02 0.000000e+00 9.961947e-01
    outer loop
      vertex   -1.359183e+02 1.750285e+02 1.647879e+01
      vertex   -1.359183e+02 1.700785e+02 1.647879e+01
      vertex   -1.356144e+02 1.750285e+02 1.650538e+01
    endloop
  endfacet
  facet normal -8.715574e-02 0.000000e+00 9.961947e-01
    outer loop
      vertex   -1.356144e+02 1.750285e+02 1.650538e+01
      vertex   -1.359183e+02 1.700785e+02 1.647879e+01
      vertex   -1.356144e+02 1.700785e+02 1.650538e+01
    endloop
  endfacet
  facet normal -2.588190e-01 0.000000e+00 9.659258e-01
    outer loop
      vertex   -1.356144e+02 1.750285e+02 1.650538e+01
      vertex   -1.356144e+02 1.700785e+02 1.650538e+01
      vertex   -1.353197e+02 1.750285e+02 1.658433e+01
    endloop
  endfacet
  facet normal -2.588190e-01 0.000000e+00 9.659258e-01
    outer loop
      vertex   -1.353197e+02 1.750285e+02 1.658433e+01
      vertex   -1.356144e+02 1.700785e+02 1.650538e+01
      vertex   -1.353197e+02 1.700785e+02 1.658433e+01
    endloop
  endfacet
  facet normal -4.226183e-01 0.000000e+00 9.063078e-01
    outer loop
      vertex   -1.353197e+02 1.750285e+02 1.658433e+01
      vertex   -1.353197e+02 1.700785e+02 1.658433e+01
      vertex   -1.350433e+02 1.750285e+02 1.671325e+01
    endloop
  endfacet
  facet normal -4.226183e-01 6.504752e-16 9.063078e-01
    outer loop
      vertex   -1.350433e+02 1.750285e+02 1.671325e+01
      vertex   -1.353197e+02 1.700785e+02 1.658433e+01
      vertex   -1.350433e+02 1.700785e+02 1.671325e+01
    endloop
  endfacet
  facet normal -5.735764e-01 5.879218e-16 8.191520e-01
    outer loop
      vertex   -1.350433e+02 1.750285e+02 1.671325e+01
      vertex   -1.350433e+02 1.700785e+02 1.671325e+01
      vertex   -1.347934e+02 1.750285e+02 1.688821e+01
    endloop
  endfacet
  facet normal -5.735764e-01 1.175844e-15 8.191520e-01
    outer loop
      vertex   -1.347934e+02 1.750285e+02 1.688821e+01
      vertex   -1.350433e+02 1.700785e+02 1.671325e+01
      vertex   -1.347934e+02 1.700785e+02 1.688821e+01
    endloop
  endfacet
  facet normal -7.071068e-01 1.015009e-15 7.071068e-01
    outer loop
      vertex   -1.347934e+02 1.750285e+02 1.688821e+01
      vertex   -1.347934e+02 1.700785e+02 1.688821e+01
      vertex   -1.345777e+02 1.750285e+02 1.710391e+01
    endloop
  endfacet
  facet normal -7.071068e-01 0.000000e+00 7.071068e-01
    outer loop
      vertex   -1.345777e+02 1.750285e+02 1.710391e+01
      vertex   -1.347934e+02 1.700785e+02 1.688821e+01
      vertex   -1.345777e+02 1.700785e+02 1.710391e+01
    endloop
  endfacet
  facet normal -8.191520e-01 0.000000e+00 5.735764e-01
    outer loop
      vertex   -1.345777e+02 1.750285e+02 1.710391e+01
      vertex   -1.345777e+02 1.700785e+02 1.710391e+01
      vertex   -1.344027e+02 1.750285e+02 1.735379e+01
    endloop
  endfacet
  facet normal -8.191520e-01 0.000000e+00 5.735764e-01
    outer loop
      vertex   -1.344027e+02 1.750285e+02 1.735379e+01
      vertex   -1.345777e+02 1.700785e+02 1.710391e+01
      vertex   -1.344027e+02 1.700785e+02 1.735379e+01
    endloop
  endfacet
  facet normal -9.063078e-01 0.000000e+00 4.226183e-01
    outer loop
      vertex   -1.344027e+02 1.750285e+02 1.735379e+01
      vertex   -1.344027e+02 1.700785e+02 1.735379e+01
      vertex   -1.342738e+02 1.750285e+02 1.763025e+01
    endloop
  endfacet
  facet normal -9.063078e-01 3.033216e-16 4.226183e-01
    outer loop
      vertex   -1.342738e+02 1.750285e+02 1.763025e+01
      vertex   -1.344027e+02 1.700785e+02 1.735379e+01
      vertex   -1.342738e+02 1.700785e+02 1.763025e+01
    endloop
  endfacet
  facet normal -9.659258e-01 1.857596e-16 2.588190e-01
    outer loop
      vertex   -1.342738e+02 1.750285e+02 1.763025e+01
      vertex   -1.342738e+02 1.700785e+02 1.763025e+01
      vertex   -1.341949e+02 1.750285e+02 1.792491e+01
    endloop
  endfacet
  facet normal -9.659258e-01 0.000000e+00 2.588190e-01
    outer loop
      vertex   -1.341949e+02 1.750285e+02 1.792491e+01
      vertex   -1.342738e+02 1.700785e+02 1.763025e+01
      vertex   -1.341949e+02 1.700785e+02 1.792491e+01
    endloop
  endfacet
  facet normal -9.961947e-01 0.000000e+00 -8.715574e-02
    outer loop
      vertex   -1.441949e+02 1.651285e+02 1.853267e+01
      vertex   -1.441949e+02 1.700785e+02 1.853267e+01
      vertex   -1.441683e+02 1.651285e+02 1.822879e+01
    endloop
  endfacet
  facet normal -9.961947e-01 0.000000e+00 -8.715574e-02
    outer loop
      vertex   -1.441683e+02 1.651285e+02 1.822879e+01
      vertex   -1.441949e+02 1.700785e+02 1.853267e+01
      vertex   -1.441683e+02 1.700785e+02 1.822879e+01
    endloop
  endfacet
  facet normal -9.961947e-01 0.000000e+00 8.715574e-02
    outer loop
      vertex   -1.441683e+02 1.651285e+02 1.822879e+01
      vertex   -1.441683e+02 1.700785e+02 1.822879e+01
      vertex   -1.441949e+02 1.651285e+02 1.792491e+01
    endloop
  endfacet
  facet normal -9.961947e-01 0.000000e+00 8.715574e-02
    outer loop
      vertex   -1.441949e+02 1.651285e+02 1.792491e+01
      vertex   -1.441683e+02 1.700785e+02 1.822879e+01
      vertex   -1.441949e+02 1.700785e+02 1.792491e+01
    endloop
  endfacet
  facet normal -9.659258e-01 0.000000e+00 2.588190e-01
    outer loop
      vertex   -1.441949e+02 1.651285e+02 1.792491e+01
      vertex   -1.441949e+02 1.700785e+02 1.792491e+01
      vertex   -1.442738e+02 1.651285e+02 1.763025e+01
    endloop
  endfacet
  facet normal -9.659258e-01 1.857596e-16 2.588190e-01
    outer loop
      vertex   -1.442738e+02 1.651285e+02 1.763025e+01
      vertex   -1.441949e+02 1.700785e+02 1.792491e+01
      vertex   -1.442738e+02 1.700785e+02 1.763025e+01
    endloop
  endfacet
  facet normal -9.063078e-01 3.033216e-16 4.226183e-01
    outer loop
      vertex   -1.442738e+02 1.651285e+02 1.763025e+01
      vertex   -1.442738e+02 1.700785e+02 1.763025e+01
      vertex   -1.444027e+02 1.651285e+02 1.735379e+01
    endloop
  endfacet
  facet normal -9.063078e-01 -3.033216e-16 4.226183e-01
    outer loop
      vertex   -1.444027e+02 1.651285e+02 1.735379e+01
      vertex   -1.442738e+02 1.700785e+02 1.763025e+01
      vertex   -1.444027e+02 1.700785e+02 1.735379e+01
    endloop
  endfacet
  facet normal -8.191520e-01 -4.116672e-16 5.735764e-01
    outer loop
      vertex   -1.444027e+02 1.651285e+02 1.735379e+01
      vertex   -1.444027e+02 1.700785e+02 1.735379e+01
      vertex   -1.445777e+02 1.651285e+02 1.710391e+01
    endloop
  endfacet
  facet normal -8.191520e-01 0.000000e+00 5.735764e-01
    outer loop
      vertex   -1.445777e+02 1.651285e+02 1.710391e+01
      vertex   -1.444027e+02 1.700785e+02 1.735379e+01
      vertex   -1.445777e+02 1.700785e+02 1.710391e+01
    endloop
  endfacet
  facet normal -7.071068e-01 0.000000e+00 7.071068e-01
    outer loop
      vertex   -1.445777e+02 1.651285e+02 1.710391e+01
      vertex   -1.445777e+02 1.700785e+02 1.710391e+01
      vertex   -1.447934e+02 1.651285e+02 1.688821e+01
    endloop
  endfacet
  facet normal -7.071068e-01 0.000000e+00 7.071068e-01
    outer loop
      vertex   -1.447934e+02 1.651285e+02 1.688821e+01
      vertex   -1.445777e+02 1.700785e+02 1.710391e+01
      vertex   -1.447934e+02 1.700785e+02 1.688821e+01
    endloop
  endfacet
  facet normal -5.735764e-01 0.000000e+00 8.191520e-01
    outer loop
      vertex   -1.447934e+02 1.651285e+02 1.688821e+01
      vertex   -1.447934e+02 1.700785e+02 1.688821e+01
      vertex   -1.450433e+02 1.651285e+02 1.671325e+01
    endloop
  endfacet
  facet normal -5.735764e-01 0.000000e+00 8.191520e-01
    outer loop
      vertex   -1.450433e+02 1.651285e+02 1.671325e+01
      vertex   -1.447934e+02 1.700785e+02 1.688821e+01
      vertex   -1.450433e+02 1.700785e+02 1.671325e+01
    endloop
  endfacet
  facet normal -4.226183e-01 0.000000e+00 9.063078e-01
    outer loop
      vertex   -1.450433e+02 1.651285e+02 1.671325e+01
      vertex   -1.450433e+02 1.700785e+02 1.671325e+01
      vertex   -1.453197e+02 1.651285e+02 1.658433e+01
    endloop
  endfacet
  facet normal -4.226183e-01 0.000000e+00 9.063078e-01
    outer loop
      vertex   -1.453197e+02 1.651285e+02 1.658433e+01
      vertex   -1.450433e+02 1.700785e+02 1.671325e+01
      vertex   -1.453197e+02 1.700785e+02 1.658433e+01
    endloop
  endfacet
  facet normal -2.588190e-01 0.000000e+00 9.659258e-01
    outer loop
      vertex   -1.453197e+02 1.651285e+02 1.658433e+01
      vertex   -1.453197e+02 1.700785e+02 1.658433e+01
      vertex   -1.456144e+02 1.651285e+02 1.650538e+01
    endloop
  endfacet
  facet normal -2.588190e-01 0.000000e+00 9.659258e-01
    outer loop
      vertex   -1.456144e+02 1.651285e+02 1.650538e+01
      vertex   -1.453197e+02 1.700785e+02 1.658433e+01
      vertex   -1.456144e+02 1.700785e+02 1.650538e+01
    endloop
  endfacet
  facet normal -8.715574e-02 0.000000e+00 9.961947e-01
    outer loop
      vertex   -1.456144e+02 1.651285e+02 1.650538e+01
      vertex   -1.456144e+02 1.700785e+02 1.650538e+01
      vertex   -1.459183e+02 1.651285e+02 1.647879e+01
    endloop
  endfacet
  facet normal -8.715574e-02 0.000000e+00 9.961947e-01
    outer loop
      vertex   -1.459183e+02 1.651285e+02 1.647879e+01
      vertex   -1.456144e+02 1.700785e+02 1.650538e+01
      vertex   -1.459183e+02 1.700785e+02 1.647879e+01
    endloop
  endfacet
  facet normal 8.715574e-02 -0.000000e+00 9.961947e-01
    outer loop
      vertex   -1.459183e+02 1.651285e+02 1.647879e+01
      vertex   -1.459183e+02 1.700785e+02 1.647879e+01
      vertex   -1.462222e+02 1.651285e+02 1.650538e+01
    endloop
  endfacet
  facet normal 8.715574e-02 -0.000000e+00 9.961947e-01
    outer loop
      vertex   -1.462222e+02 1.651285e+02 1.650538e+01
      vertex   -1.459183e+02 1.700785e+02 1.647879e+01
      vertex   -1.462222e+02 1.700785e+02 1.650538e+01
    endloop
  endfacet
  facet normal 2.588190e-01 -0.000000e+00 9.659258e-01
    outer loop
      vertex   -1.462222e+02 1.651285e+02 1.650538e+01
      vertex   -1.462222e+02 1.700785e+02 1.650538e+01
      vertex   -1.465168e+02 1.651285e+02 1.658433e+01
    endloop
  endfacet
  facet normal 2.588190e-01 -0.000000e+00 9.659258e-01
    outer loop
      vertex   -1.465168e+02 1.651285e+02 1.658433e+01
      vertex   -1.462222e+02 1.700785e+02 1.650538e+01
      vertex   -1.465168e+02 1.700785e+02 1.658433e+01
    endloop
  endfacet
  facet normal 4.226183e-01 -0.000000e+00 9.063078e-01
    outer loop
      vertex   -1.465168e+02 1.651285e+02 1.658433e+01
      vertex   -1.465168e+02 1.700785e+02 1.658433e+01
      vertex   -1.467933e+02 1.651285e+02 1.671325e+01
    endloop
  endfacet
  facet normal 4.226183e-01 -0.000000e+00 9.063078e-01
    outer loop
      vertex   -1.467933e+02 1.651285e+02 1.671325e+01
      vertex   -1.465168e+02 1.700785e+02 1.658433e+01
      vertex   -1.467933e+02 1.700785e+02 1.671325e+01
    endloop
  endfacet
  facet normal 5.735764e-01 -0.000000e+00 8.191520e-01
    outer loop
      vertex   -1.467933e+02 1.651285e+02 1.671325e+01
      vertex   -1.467933e+02 1.700785e+02 1.671325e+01
      vertex   -1.470431e+02 1.651285e+02 1.688821e+01
    endloop
  endfacet
  facet normal 5.735764e-01 5.879218e-16 8.191520e-01
    outer loop
      vertex   -1.470431e+02 1.651285e+02 1.688821e+01
      vertex   -1.467933e+02 1.700785e+02 1.671325e+01
      vertex   -1.470431e+02 1.700785e+02 1.688821e+01
    endloop
  endfacet
  facet normal 7.071068e-01 5.075046e-16 7.071068e-01
    outer loop
      vertex   -1.470431e+02 1.651285e+02 1.688821e+01
      vertex   -1.470431e+02 1.700785e+02 1.688821e+01
      vertex   -1.472588e+02 1.651285e+02 1.710391e+01
    endloop
  endfacet
  facet normal 7.071068e-01 -0.000000e+00 7.071068e-01
    outer loop
      vertex   -1.472588e+02 1.651285e+02 1.710391e+01
      vertex   -1.470431e+02 1.700785e+02 1.688821e+01
      vertex   -1.472588e+02 1.700785e+02 1.710391e+01
    endloop
  endfacet
  facet normal 8.191520e-01 -0.000000e+00 5.735764e-01
    outer loop
      vertex   -1.472588e+02 1.651285e+02 1.710391e+01
      vertex   -1.472588e+02 1.700785e+02 1.710391e+01
      vertex   -1.474338e+02 1.651285e+02 1.735379e+01
    endloop
  endfacet
  facet normal 8.191520e-01 -4.116672e-16 5.735764e-01
    outer loop
      vertex   -1.474338e+02 1.651285e+02 1.735379e+01
      vertex   -1.472588e+02 1.700785e+02 1.710391e+01
      vertex   -1.474338e+02 1.700785e+02 1.735379e+01
    endloop
  endfacet
  facet normal 9.063078e-01 -3.033216e-16 4.226183e-01
    outer loop
      vertex   -1.474338e+02 1.651285e+02 1.735379e+01
      vertex   -1.474338e+02 1.700785e+02 1.735379e+01
      vertex   -1.475627e+02 1.651285e+02 1.763025e+01
    endloop
  endfacet
  facet normal 9.063078e-01 3.033216e-16 4.226183e-01
    outer loop
      vertex   -1.475627e+02 1.651285e+02 1.763025e+01
      vertex   -1.474338e+02 1.700785e+02 1.735379e+01
      vertex   -1.475627e+02 1.700785e+02 1.763025e+01
    endloop
  endfacet
  facet normal 9.659258e-01 1.857596e-16 2.588190e-01
    outer loop
      vertex   -1.475627e+02 1.651285e+02 1.763025e+01
      vertex   -1.475627e+02 1.700785e+02 1.763025e+01
      vertex   -1.476417e+02 1.651285e+02 1.792491e+01
    endloop
  endfacet
  facet normal 9.659258e-01 -0.000000e+00 2.588190e-01
    outer loop
      vertex   -1.476417e+02 1.651285e+02 1.792491e+01
      vertex   -1.475627e+02 1.700785e+02 1.763025e+01
      vertex   -1.476417e+02 1.700785e+02 1.792491e+01
    endloop
  endfacet
  facet normal 9.961947e-01 -0.000000e+00 8.715574e-02
    outer loop
      vertex   -1.476417e+02 1.651285e+02 1.792491e+01
      vertex   -1.476417e+02 1.700785e+02 1.792491e+01
      vertex   -1.476683e+02 1.651285e+02 1.822879e+01
    endloop
  endfacet
  facet normal 9.961947e-01 -0.000000e+00 8.715574e-02
    outer loop
      vertex   -1.476683e+02 1.651285e+02 1.822879e+01
      vertex   -1.476417e+02 1.700785e+02 1.792491e+01
      vertex   -1.476683e+02 1.700785e+02 1.822879e+01
    endloop
  endfacet
  facet normal 9.961947e-01 0.000000e+00 -8.715574e-02
    outer loop
      vertex   -1.476683e+02 1.651285e+02 1.822879e+01
      vertex   -1.476683e+02 1.700785e+02 1.822879e+01
      vertex   -1.476417e+02 1.651285e+02 1.853267e+01
    endloop
  endfacet
  facet normal 9.961947e-01 0.000000e+00 -8.715574e-02
    outer loop
      vertex   -1.476417e+02 1.651285e+02 1.853267e+01
      vertex   -1.476683e+02 1.700785e+02 1.822879e+01
      vertex   -1.476417e+02 1.700785e+02 1.853267e+01
    endloop
  endfacet
  facet normal 9.659258e-01 0.000000e+00 -2.588190e-01
    outer loop
      vertex   -1.476417e+02 1.651285e+02 1.853267e+01
      vertex   -1.476417e+02 1.700785e+02 1.853267e+01
      vertex   -1.475627e+02 1.651285e+02 1.882733e+01
    endloop
  endfacet
  facet normal 9.659258e-01 1.857596e-16 -2.588190e-01
    outer loop
      vertex   -1.475627e+02 1.651285e+02 1.882733e+01
      vertex   -1.476417e+02 1.700785e+02 1.853267e+01
      vertex   -1.475627e+02 1.700785e+02 1.882733e+01
    endloop
  endfacet
  facet normal 9.063078e-01 3.033216e-16 -4.226183e-01
    outer loop
      vertex   -1.475627e+02 1.651285e+02 1.882733e+01
      vertex   -1.475627e+02 1.700785e+02 1.882733e+01
      vertex   -1.474338e+02 1.651285e+02 1.910379e+01
    endloop
  endfacet
  facet normal 9.063078e-01 -3.033216e-16 -4.226183e-01
    outer loop
      vertex   -1.474338e+02 1.651285e+02 1.910379e+01
      vertex   -1.475627e+02 1.700785e+02 1.882733e+01
      vertex   -1.474338e+02 1.700785e+02 1.910379e+01
    endloop
  endfacet
  facet normal 8.191520e-01 -4.116672e-16 -5.735764e-01
    outer loop
      vertex   -1.474338e+02 1.651285e+02 1.910379e+01
      vertex   -1.474338e+02 1.700785e+02 1.910379e+01
      vertex   -1.472588e+02 1.651285e+02 1.935367e+01
    endloop
  endfacet
  facet normal 8.191520e-01 0.000000e+00 -5.735764e-01
    outer loop
      vertex   -1.472588e+02 1.651285e+02 1.935367e+01
      vertex   -1.474338e+02 1.700785e+02 1.910379e+01
      vertex   -1.472588e+02 1.700785e+02 1.935367e+01
    endloop
  endfacet
  facet normal 7.071068e-01 0.000000e+00 -7.071068e-01
    outer loop
      vertex   -1.472588e+02 1.651285e+02 1.935367e+01
      vertex   -1.472588e+02 1.700785e+02 1.935367e+01
      vertex   -1.470431e+02 1.651285e+02 1.956937e+01
    endloop
  endfacet
  facet normal 7.071068e-01 5.075046e-16 -7.071068e-01
    outer loop
      vertex   -1.470431e+02 1.651285e+02 1.956937e+01
      vertex   -1.472588e+02 1.700785e+02 1.935367e+01
      vertex   -1.470431e+02 1.700785e+02 1.956937e+01
    endloop
  endfacet
  facet normal 5.735764e-01 5.879218e-16 -8.191520e-01
    outer loop
      vertex   -1.470431e+02 1.651285e+02 1.956937e+01
      vertex   -1.470431e+02 1.700785e+02 1.956937e+01
      vertex   -1.467933e+02 1.651285e+02 1.974433e+01
    endloop
  endfacet
  facet normal 5.735764e-01 0.000000e+00 -8.191520e-01
    outer loop
      vertex   -1.467933e+02 1.651285e+02 1.974433e+01
      vertex   -1.470431e+02 1.700785e+02 1.956937e+01
      vertex   -1.467933e+02 1.700785e+02 1.974433e+01
    endloop
  endfacet
  facet normal 4.226183e-01 0.000000e+00 -9.063078e-01
    outer loop
      vertex   -1.467933e+02 1.651285e+02 1.974433e+01
      vertex   -1.467933e+02 1.700785e+02 1.974433e+01
      vertex   -1.465168e+02 1.651285e+02 1.987325e+01
    endloop
  endfacet
  facet normal 4.226183e-01 0.000000e+00 -9.063078e-01
    outer loop
      vertex   -1.465168e+02 1.651285e+02 1.987325e+01
      vertex   -1.467933e+02 1.700785e+02 1.974433e+01
      vertex   -1.465168e+02 1.700785e+02 1.987325e+01
    endloop
  endfacet
  facet normal 2.588190e-01 0.000000e+00 -9.659258e-01
    outer loop
      vertex   -1.465168e+02 1.651285e+02 1.987325e+01
      vertex   -1.465168e+02 1.700785e+02 1.987325e+01
      vertex   -1.462222e+02 1.651285e+02 1.995220e+01
    endloop
  endfacet
  facet normal 2.588190e-01 0.000000e+00 -9.659258e-01
    outer loop
      vertex   -1.462222e+02 1.651285e+02 1.995220e+01
      vertex   -1.465168e+02 1.700785e+02 1.987325e+01
      vertex   -1.462222e+02 1.700785e+02 1.995220e+01
    endloop
  endfacet
  facet normal 8.715574e-02 0.000000e+00 -9.961947e-01
    outer loop
      vertex   -1.462222e+02 1.651285e+02 1.995220e+01
      vertex   -1.462222e+02 1.700785e+02 1.995220e+01
      vertex   -1.459183e+02 1.651285e+02 1.997879e+01
    endloop
  endfacet
  facet normal 8.715574e-02 0.000000e+00 -9.961947e-01
    outer loop
      vertex   -1.459183e+02 1.651285e+02 1.997879e+01
      vertex   -1.462222e+02 1.700785e+02 1.995220e+01
      vertex   -1.459183e+02 1.700785e+02 1.997879e+01
    endloop
  endfacet
  facet normal -8.715574e-02 0.000000e+00 -9.961947e-01
    outer loop
      vertex   -1.459183e+02 1.651285e+02 1.997879e+01
      vertex   -1.459183e+02 1.700785e+02 1.997879e+01
      vertex   -1.456144e+02 1.651285e+02 1.995220e+01
    endloop
  endfacet
  facet normal -8.715574e-02 0.000000e+00 -9.961947e-01
    outer loop
      vertex   -1.456144e+02 1.651285e+02 1.995220e+01
      vertex   -1.459183e+02 1.700785e+02 1.997879e+01
      vertex   -1.456144e+02 1.700785e+02 1.995220e+01
    endloop
  endfacet
  facet normal -2.588190e-01 0.000000e+00 -9.659258e-01
    outer loop
      vertex   -1.456144e+02 1.651285e+02 1.995220e+01
      vertex   -1.456144e+02 1.700785e+02 1.995220e+01
      vertex   -1.453197e+02 1.651285e+02 1.987325e+01
    endloop
  endfacet
  facet normal -2.588190e-01 0.000000e+00 -9.659258e-01
    outer loop
      vertex   -1.453197e+02 1.651285e+02 1.987325e+01
      vertex   -1.456144e+02 1.700785e+02 1.995220e+01
      vertex   -1.453197e+02 1.700785e+02 1.987325e+01
    endloop
  endfacet
  facet normal -4.226183e-01 0.000000e+00 -9.063078e-01
    outer loop
      vertex   -1.453197e+02 1.651285e+02 1.987325e+01
      vertex   -1.453197e+02 1.700785e+02 1.987325e+01
      vertex   -1.450433e+02 1.651285e+02 1.974433e+01
    endloop
  endfacet
  facet normal -4.226183e-01 0.000000e+00 -9.063078e-01
    outer loop
      vertex   -1.450433e+02 1.651285e+02 1.974433e+01
      vertex   -1.453197e+02 1.700785e+02 1.987325e+01
      vertex   -1.450433e+02 1.700785e+02 1.974433e+01
    endloop
  endfacet
  facet normal -5.735764e-01 0.000000e+00 -8.191520e-01
    outer loop
      vertex   -1.450433e+02 1.651285e+02 1.974433e+01
      vertex   -1.450433e+02 1.700785e+02 1.974433e+01
      vertex   -1.447934e+02 1.651285e+02 1.956937e+01
    endloop
  endfacet
  facet normal -5.735764e-01 0.000000e+00 -8.191520e-01
    outer loop
      vertex   -1.447934e+02 1.651285e+02 1.956937e+01
      vertex   -1.450433e+02 1.700785e+02 1.974433e+01
      vertex   -1.447934e+02 1.700785e+02 1.956937e+01
    endloop
  endfacet
  facet normal -7.071068e-01 0.000000e+00 -7.071068e-01
    outer loop
      vertex   -1.447934e+02 1.651285e+02 1.956937e+01
      vertex   -1.447934e+02 1.700785e+02 1.956937e+01
      vertex   -1.445777e+02 1.651285e+02 1.935367e+01
    endloop
  endfacet
  facet normal -7.071068e-01 0.000000e+00 -7.071068e-01
    outer loop
      vertex   -1.445777e+02 1.651285e+02 1.935367e+01
      vertex   -1.447934e+02 1.700785e+02 1.956937e+01
      vertex   -1.445777e+02 1.700785e+02 1.935367e+01
    endloop
  endfacet
  facet normal -8.191520e-01 0.000000e+00 -5.735764e-01
    outer loop
      vertex   -1.445777e+02 1.651285e+02 1.935367e+01
      vertex   -1.445777e+02 1.700785e+02 1.935367e+01
      vertex   -1.444027e+02 1.651285e+02 1.910379e+01
    endloop
  endfacet
  facet normal -8.191520e-01 -4.116672e-16 -5.735764e-01
    outer loop
      vertex   -1.444027e+02 1.651285e+02 1.910379e+01
      vertex   -1.445777e+02 1.700785e+02 1.935367e+01
      vertex   -1.444027e+02 1.700785e+02 1.910379e+01
    endloop
  endfacet
  facet normal -9.063078e-01 -3.033216e-16 -4.226183e-01
    outer loop
      vertex   -1.444027e+02 1.651285e+02 1.910379e+01
      vertex   -1.444027e+02 1.700785e+02 1.910379e+01
      vertex   -1.442738e+02 1.651285e+02 1.882733e+01
    endloop
  endfacet
  facet normal -9.063078e-01 3.033216e-16 -4.226183e-01
    outer loop
      vertex   -1.442738e+02 1.651285e+02 1.882733e+01
      vertex   -1.444027e+02 1.700785e+02 1.910379e+01
      vertex   -1.442738e+02 1.700785e+02 1.882733e+01
    endloop
  endfacet
  facet normal -9.659258e-01 1.857596e-16 -2.588190e-01
    outer loop
      vertex   -1.442738e+02 1.651285e+02 1.882733e+01
      vertex   -1.442738e+02 1.700785e+02 1.882733e+01
      vertex   -1.441949e+02 1.651285e+02 1.853267e+01
    endloop
  endfacet
  facet normal -9.659258e-01 0.000000e+00 -2.588190e-01
    outer loop
      vertex   -1.441949e+02 1.651285e+02 1.853267e+01
      vertex   -1.442738e+02 1.700785e+02 1.882733e+01
      vertex   -1.441949e+02 1.700785e+02 1.853267e+01
    endloop
  endfacet
  facet normal -9.961947e-01 0.000000e+00 8.715574e-02
    outer loop
      vertex   -1.441949e+02 1.750285e+02 1.792491e+01
      vertex   -1.441949e+02 1.700785e+02 1.792491e+01
      vertex   -1.441683e+02 1.750285e+02 1.822879e+01
    endloop
  endfacet
  facet normal -9.961947e-01 0.000000e+00 8.715574e-02
    outer loop
      vertex   -1.441683e+02 1.750285e+02 1.822879e+01
      vertex   -1.441949e+02 1.700785e+02 1.792491e+01
      vertex   -1.441683e+02 1.700785e+02 1.822879e+01
    endloop
  endfacet
  facet normal -9.961947e-01 -0.000000e+00 -8.715574e-02
    outer loop
      vertex   -1.441683e+02 1.750285e+02 1.822879e+01
      vertex   -1.441683e+02 1.700785e+02 1.822879e+01
      vertex   -1.441949e+02 1.750285e+02 1.853267e+01
    endloop
  endfacet
  facet normal -9.961947e-01 -0.000000e+00 -8.715574e-02
    outer loop
      vertex   -1.441949e+02 1.750285e+02 1.853267e+01
      vertex   -1.441683e+02 1.700785e+02 1.822879e+01
      vertex   -1.441949e+02 1.700785e+02 1.853267e+01
    endloop
  endfacet
  facet normal -9.659258e-01 -0.000000e+00 -2.588190e-01
    outer loop
      vertex   -1.441949e+02 1.750285e+02 1.853267e+01
      vertex   -1.441949e+02 1.700785e+02 1.853267e+01
      vertex   -1.442738e+02 1.750285e+02 1.882733e+01
    endloop
  endfacet
  facet normal -9.659258e-01 -3.715192e-16 -2.588190e-01
    outer loop
      vertex   -1.442738e+02 1.750285e+02 1.882733e+01
      vertex   -1.441949e+02 1.700785e+02 1.853267e+01
      vertex   -1.442738e+02 1.700785e+02 1.882733e+01
    endloop
  endfacet
  facet normal -9.063078e-01 -6.066431e-16 -4.226183e-01
    outer loop
      vertex   -1.442738e+02 1.750285e+02 1.882733e+01
      vertex   -1.442738e+02 1.700785e+02 1.882733e+01
      vertex   -1.444027e+02 1.750285e+02 1.910379e+01
    endloop
  endfacet
  facet normal -9.063078e-01 3.033216e-16 -4.226183e-01
    outer loop
      vertex   -1.444027e+02 1.750285e+02 1.910379e+01
      vertex   -1.442738e+02 1.700785e+02 1.882733e+01
      vertex   -1.444027e+02 1.700785e+02 1.910379e+01
    endloop
  endfacet
  facet normal -8.191520e-01 4.116672e-16 -5.735764e-01
    outer loop
      vertex   -1.444027e+02 1.750285e+02 1.910379e+01
      vertex   -1.444027e+02 1.700785e+02 1.910379e+01
      vertex   -1.445777e+02 1.750285e+02 1.935367e+01
    endloop
  endfacet
  facet normal -8.191520e-01 -0.000000e+00 -5.735764e-01
    outer loop
      vertex   -1.445777e+02 1.750285e+02 1.935367e+01
      vertex   -1.444027e+02 1.700785e+02 1.910379e+01
      vertex   -1.445777e+02 1.700785e+02 1.935367e+01
    endloop
  endfacet
  facet normal -7.071068e-01 -0.000000e+00 -7.071068e-01
    outer loop
      vertex   -1.445777e+02 1.750285e+02 1.935367e+01
      vertex   -1.445777e+02 1.700785e+02 1.935367e+01
      vertex   -1.447934e+02 1.750285e+02 1.956937e+01
    endloop
  endfacet
  facet normal -7.071068e-01 -0.000000e+00 -7.071068e-01
    outer loop
      vertex   -1.447934e+02 1.750285e+02 1.956937e+01
      vertex   -1.445777e+02 1.700785e+02 1.935367e+01
      vertex   -1.447934e+02 1.700785e+02 1.956937e+01
    endloop
  endfacet
  facet normal -5.735764e-01 -0.000000e+00 -8.191520e-01
    outer loop
      vertex   -1.447934e+02 1.750285e+02 1.956937e+01
      vertex   -1.447934e+02 1.700785e+02 1.956937e+01
      vertex   -1.450433e+02 1.750285e+02 1.974433e+01
    endloop
  endfacet
  facet normal -5.735764e-01 -0.000000e+00 -8.191520e-01
    outer loop
      vertex   -1.450433e+02 1.750285e+02 1.974433e+01
      vertex   -1.447934e+02 1.700785e+02 1.956937e+01
      vertex   -1.450433e+02 1.700785e+02 1.974433e+01
    endloop
  endfacet
  facet normal -4.226183e-01 -0.000000e+00 -9.063078e-01
    outer loop
      vertex   -1.450433e+02 1.750285e+02 1.974433e+01
      vertex   -1.450433e+02 1.700785e+02 1.974433e+01
      vertex   -1.453197e+02 1.750285e+02 1.987325e+01
    endloop
  endfacet
  facet normal -4.226183e-01 -0.000000e+00 -9.063078e-01
    outer loop
      vertex   -1.453197e+02 1.750285e+02 1.987325e+01
      vertex   -1.450433e+02 1.700785e+02 1.974433e+01
      vertex   -1.453197e+02 1.700785e+02 1.987325e+01
    endloop
  endfacet
  facet normal -2.588190e-01 -0.000000e+00 -9.659258e-01
    outer loop
      vertex   -1.453197e+02 1.750285e+02 1.987325e+01
      vertex   -1.453197e+02 1.700785e+02 1.987325e+01
      vertex   -1.456144e+02 1.750285e+02 1.995220e+01
    endloop
  endfacet
  facet normal -2.588190e-01 -0.000000e+00 -9.659258e-01
    outer loop
      vertex   -1.456144e+02 1.750285e+02 1.995220e+01
      vertex   -1.453197e+02 1.700785e+02 1.987325e+01
      vertex   -1.456144e+02 1.700785e+02 1.995220e+01
    endloop
  endfacet
  facet normal -8.715574e-02 -0.000000e+00 -9.961947e-01
    outer loop
      vertex   -1.456144e+02 1.750285e+02 1.995220e+01
      vertex   -1.456144e+02 1.700785e+02 1.995220e+01
      vertex   -1.459183e+02 1.750285e+02 1.997879e+01
    endloop
  endfacet
  facet normal -8.715574e-02 -0.000000e+00 -9.961947e-01
    outer loop
      vertex   -1.459183e+02 1.750285e+02 1.997879e+01
      vertex   -1.456144e+02 1.700785e+02 1.995220e+01
      vertex   -1.459183e+02 1.700785e+02 1.997879e+01
    endloop
  endfacet
  facet normal 8.715574e-02 0.000000e+00 -9.961947e-01
    outer loop
      vertex   -1.459183e+02 1.750285e+02 1.997879e+01
      vertex   -1.459183e+02 1.700785e+02 1.997879e+01
      vertex   -1.462222e+02 1.750285e+02 1.995220e+01
    endloop
  endfacet
  facet normal 8.715574e-02 0.000000e+00 -9.961947e-01
    outer loop
      vertex   -1.462222e+02 1.750285e+02 1.995220e+01
      vertex   -1.459183e+02 1.700785e+02 1.997879e+01
      vertex   -1.462222e+02 1.700785e+02 1.995220e+01
    endloop
  endfacet
  facet normal 2.588190e-01 0.000000e+00 -9.659258e-01
    outer loop
      vertex   -1.462222e+02 1.750285e+02 1.995220e+01
      vertex   -1.462222e+02 1.700785e+02 1.995220e+01
      vertex   -1.465168e+02 1.750285e+02 1.987325e+01
    endloop
  endfacet
  facet normal 2.588190e-01 0.000000e+00 -9.659258e-01
    outer loop
      vertex   -1.465168e+02 1.750285e+02 1.987325e+01
      vertex   -1.462222e+02 1.700785e+02 1.995220e+01
      vertex   -1.465168e+02 1.700785e+02 1.987325e+01
    endloop
  endfacet
  facet normal 4.226183e-01 0.000000e+00 -9.063078e-01
    outer loop
      vertex   -1.465168e+02 1.750285e+02 1.987325e+01
      vertex   -1.465168e+02 1.700785e+02 1.987325e+01
      vertex   -1.467933e+02 1.750285e+02 1.974433e+01
    endloop
  endfacet
  facet normal 4.226183e-01 0.000000e+00 -9.063078e-01
    outer loop
      vertex   -1.467933e+02 1.750285e+02 1.974433e+01
      vertex   -1.465168e+02 1.700785e+02 1.987325e+01
      vertex   -1.467933e+02 1.700785e+02 1.974433e+01
    endloop
  endfacet
  facet normal 5.735764e-01 0.000000e+00 -8.191520e-01
    outer loop
      vertex   -1.467933e+02 1.750285e+02 1.974433e+01
      vertex   -1.467933e+02 1.700785e+02 1.974433e+01
      vertex   -1.470431e+02 1.750285e+02 1.956937e+01
    endloop
  endfacet
  facet normal 5.735764e-01 -5.879218e-16 -8.191520e-01
    outer loop
      vertex   -1.470431e+02 1.750285e+02 1.956937e+01
      vertex   -1.467933e+02 1.700785e+02 1.974433e+01
      vertex   -1.470431e+02 1.700785e+02 1.956937e+01
    endloop
  endfacet
  facet normal 7.071068e-01 -5.075046e-16 -7.071068e-01
    outer loop
      vertex   -1.470431e+02 1.750285e+02 1.956937e+01
      vertex   -1.470431e+02 1.700785e+02 1.956937e+01
      vertex   -1.472588e+02 1.750285e+02 1.935367e+01
    endloop
  endfacet
  facet normal 7.071068e-01 0.000000e+00 -7.071068e-01
    outer loop
      vertex   -1.472588e+02 1.750285e+02 1.935367e+01
      vertex   -1.470431e+02 1.700785e+02 1.956937e+01
      vertex   -1.472588e+02 1.700785e+02 1.935367e+01
    endloop
  endfacet
  facet normal 8.191520e-01 0.000000e+00 -5.735764e-01
    outer loop
      vertex   -1.472588e+02 1.750285e+02 1.935367e+01
      vertex   -1.472588e+02 1.700785e+02 1.935367e+01
      vertex   -1.474338e+02 1.750285e+02 1.910379e+01
    endloop
  endfacet
  facet normal 8.191520e-01 4.116672e-16 -5.735764e-01
    outer loop
      vertex   -1.474338e+02 1.750285e+02 1.910379e+01
      vertex   -1.472588e+02 1.700785e+02 1.935367e+01
      vertex   -1.474338e+02 1.700785e+02 1.910379e+01
    endloop
  endfacet
  facet normal 9.063078e-01 3.033216e-16 -4.226183e-01
    outer loop
      vertex   -1.474338e+02 1.750285e+02 1.910379e+01
      vertex   -1.474338e+02 1.700785e+02 1.910379e+01
      vertex   -1.475627e+02 1.750285e+02 1.882733e+01
    endloop
  endfacet
  facet normal 9.063078e-01 -3.033216e-16 -4.226183e-01
    outer loop
      vertex   -1.475627e+02 1.750285e+02 1.882733e+01
      vertex   -1.474338e+02 1.700785e+02 1.910379e+01
      vertex   -1.475627e+02 1.700785e+02 1.882733e+01
    endloop
  endfacet
  facet normal 9.659258e-01 -1.857596e-16 -2.588190e-01
    outer loop
      vertex   -1.475627e+02 1.750285e+02 1.882733e+01
      vertex   -1.475627e+02 1.700785e+02 1.882733e+01
      vertex   -1.476417e+02 1.750285e+02 1.853267e+01
    endloop
  endfacet
  facet normal 9.659258e-01 0.000000e+00 -2.588190e-01
    outer loop
      vertex   -1.476417e+02 1.750285e+02 1.853267e+01
      vertex   -1.475627e+02 1.700785e+02 1.882733e+01
      vertex   -1.476417e+02 1.700785e+02 1.853267e+01
    endloop
  endfacet
  facet normal 9.961947e-01 0.000000e+00 -8.715574e-02
    outer loop
      vertex   -1.476417e+02 1.750285e+02 1.853267e+01
      vertex   -1.476417e+02 1.700785e+02 1.853267e+01
      vertex   -1.476683e+02 1.750285e+02 1.822879e+01
    endloop
  endfacet
  facet normal 9.961947e-01 0.000000e+00 -8.715574e-02
    outer loop
      vertex   -1.476683e+02 1.750285e+02 1.822879e+01
      vertex   -1.476417e+02 1.700785e+02 1.853267e+01
      vertex   -1.476683e+02 1.700785e+02 1.822879e+01
    endloop
  endfacet
  facet normal 9.961947e-01 0.000000e+00 8.715574e-02
    outer loop
      vertex   -1.476683e+02 1.750285e+02 1.822879e+01
      vertex   -1.476683e+02 1.700785e+02 1.822879e+01
      vertex   -1.476417e+02 1.750285e+02 1.792491e+01
    endloop
  endfacet
  facet normal 9.961947e-01 0.000000e+00 8.715574e-02
    outer loop
      vertex   -1.476417e+02 1.750285e+02 1.792491e+01
      vertex   -1.476683e+02 1.700785e+02 1.822879e+01
      vertex   -1.476417e+02 1.700785e+02 1.792491e+01
    endloop
  endfacet
  facet normal 9.659258e-01 0.000000e+00 2.588190e-01
    outer loop
      vertex   -1.476417e+02 1.750285e+02 1.792491e+01
      vertex   -1.476417e+02 1.700785e+02 1.792491e+01
      vertex   -1.475627e+02 1.750285e+02 1.763025e+01
    endloop
  endfacet
  facet normal 9.659258e-01 -1.857596e-16 2.588190e-01
    outer loop
      vertex   -1.475627e+02 1.750285e+02 1.763025e+01
      vertex   -1.476417e+02 1.700785e+02 1.792491e+01
      vertex   -1.475627e+02 1.700785e+02 1.763025e+01
    endloop
  endfacet
  facet normal 9.063078e-01 -3.033216e-16 4.226183e-01
    outer loop
      vertex   -1.475627e+02 1.750285e+02 1.763025e+01
      vertex   -1.475627e+02 1.700785e+02 1.763025e+01
      vertex   -1.474338e+02 1.750285e+02 1.735379e+01
    endloop
  endfacet
  facet normal 9.063078e-01 3.033216e-16 4.226183e-01
    outer loop
      vertex   -1.474338e+02 1.750285e+02 1.735379e+01
      vertex   -1.475627e+02 1.700785e+02 1.763025e+01
      vertex   -1.474338e+02 1.700785e+02 1.735379e+01
    endloop
  endfacet
  facet normal 8.191520e-01 4.116672e-16 5.735764e-01
    outer loop
      vertex   -1.474338e+02 1.750285e+02 1.735379e+01
      vertex   -1.474338e+02 1.700785e+02 1.735379e+01
      vertex   -1.472588e+02 1.750285e+02 1.710391e+01
    endloop
  endfacet
  facet normal 8.191520e-01 0.000000e+00 5.735764e-01
    outer loop
      vertex   -1.472588e+02 1.750285e+02 1.710391e+01
      vertex   -1.474338e+02 1.700785e+02 1.735379e+01
      vertex   -1.472588e+02 1.700785e+02 1.710391e+01
    endloop
  endfacet
  facet normal 7.071068e-01 0.000000e+00 7.071068e-01
    outer loop
      vertex   -1.472588e+02 1.750285e+02 1.710391e+01
      vertex   -1.472588e+02 1.700785e+02 1.710391e+01
      vertex   -1.470431e+02 1.750285e+02 1.688821e+01
    endloop
  endfacet
  facet normal 7.071068e-01 -5.075046e-16 7.071068e-01
    outer loop
      vertex   -1.470431e+02 1.750285e+02 1.688821e+01
      vertex   -1.472588e+02 1.700785e+02 1.710391e+01
      vertex   -1.470431e+02 1.700785e+02 1.688821e+01
    endloop
  endfacet
  facet normal 5.735764e-01 -5.879218e-16 8.191520e-01
    outer loop
      vertex   -1.470431e+02 1.750285e+02 1.688821e+01
      vertex   -1.470431e+02 1.700785e+02 1.688821e+01
      vertex   -1.467933e+02 1.750285e+02 1.671325e+01
    endloop
  endfacet
  facet normal 5.735764e-01 0.000000e+00 8.191520e-01
    outer loop
      vertex   -1.467933e+02 1.750285e+02 1.671325e+01
      vertex   -1.470431e+02 1.700785e+02 1.688821e+01
      vertex   -1.467933e+02 1.700785e+02 1.671325e+01
    endloop
  endfacet
  facet normal 4.226183e-01 0.000000e+00 9.063078e-01
    outer loop
      vertex   -1.467933e+02 1.750285e+02 1.671325e+01
      vertex   -1.467933e+02 1.700785e+02 1.671325e+01
      vertex   -1.465168e+02 1.750285e+02 1.658433e+01
    endloop
  endfacet
  facet normal 4.226183e-01 0.000000e+00 9.063078e-01
    outer loop
      vertex   -1.465168e+02 1.750285e+02 1.658433e+01
      vertex   -1.467933e+02 1.700785e+02 1.671325e+01
      vertex   -1.465168e+02 1.700785e+02 1.658433e+01
    endloop
  endfacet
  facet normal 2.588190e-01 0.000000e+00 9.659258e-01
    outer loop
      vertex   -1.465168e+02 1.750285e+02 1.658433e+01
      vertex   -1.465168e+02 1.700785e+02 1.658433e+01
      vertex   -1.462222e+02 1.750285e+02 1.650538e+01
    endloop
  endfacet
  facet normal 2.588190e-01 0.000000e+00 9.659258e-01
    outer loop
      vertex   -1.462222e+02 1.750285e+02 1.650538e+01
      vertex   -1.465168e+02 1.700785e+02 1.658433e+01
      vertex   -1.462222e+02 1.700785e+02 1.650538e+01
    endloop
  endfacet
  facet normal 8.715574e-02 0.000000e+00 9.961947e-01
    outer loop
      vertex   -1.462222e+02 1.750285e+02 1.650538e+01
      vertex   -1.462222e+02 1.700785e+02 1.650538e+01
      vertex   -1.459183e+02 1.750285e+02 1.647879e+01
    endloop
  endfacet
  facet normal 8.715574e-02 0.000000e+00 9.961947e-01
    outer loop
      vertex   -1.459183e+02 1.750285e+02 1.647879e+01
      vertex   -1.462222e+02 1.700785e+02 1.650538e+01
      vertex   -1.459183e+02 1.700785e+02 1.647879e+01
    endloop
  endfacet
  facet normal -8.715574e-02 0.000000e+00 9.961947e-01
    outer loop
      vertex   -1.459183e+02 1.750285e+02 1.647879e+01
      vertex   -1.459183e+02 1.700785e+02 1.647879e+01
      vertex   -1.456144e+02 1.750285e+02 1.650538e+01
    endloop
  endfacet
  facet normal -8.715574e-02 0.000000e+00 9.961947e-01
    outer loop
      vertex   -1.456144e+02 1.750285e+02 1.650538e+01
      vertex   -1.459183e+02 1.700785e+02 1.647879e+01
      vertex   -1.456144e+02 1.700785e+02 1.650538e+01
    endloop
  endfacet
  facet normal -2.588190e-01 0.000000e+00 9.659258e-01
    outer loop
      vertex   -1.456144e+02 1.750285e+02 1.650538e+01
      vertex   -1.456144e+02 1.700785e+02 1.650538e+01
      vertex   -1.453197e+02 1.750285e+02 1.658433e+01
    endloop
  endfacet
  facet normal -2.588190e-01 0.000000e+00 9.659258e-01
    outer loop
      vertex   -1.453197e+02 1.750285e+02 1.658433e+01
      vertex   -1.456144e+02 1.700785e+02 1.650538e+01
      vertex   -1.453197e+02 1.700785e+02 1.658433e+01
    endloop
  endfacet
  facet normal -4.226183e-01 0.000000e+00 9.063078e-01
    outer loop
      vertex   -1.453197e+02 1.750285e+02 1.658433e+01
      vertex   -1.453197e+02 1.700785e+02 1.658433e+01
      vertex   -1.450433e+02 1.750285e+02 1.671325e+01
    endloop
  endfacet
  facet normal -4.226183e-01 0.000000e+00 9.063078e-01
    outer loop
      vertex   -1.450433e+02 1.750285e+02 1.671325e+01
      vertex   -1.453197e+02 1.700785e+02 1.658433e+01
      vertex   -1.450433e+02 1.700785e+02 1.671325e+01
    endloop
  endfacet
  facet normal -5.735764e-01 0.000000e+00 8.191520e-01
    outer loop
      vertex   -1.450433e+02 1.750285e+02 1.671325e+01
      vertex   -1.450433e+02 1.700785e+02 1.671325e+01
      vertex   -1.447934e+02 1.750285e+02 1.688821e+01
    endloop
  endfacet
  facet normal -5.735764e-01 0.000000e+00 8.191520e-01
    outer loop
      vertex   -1.447934e+02 1.750285e+02 1.688821e+01
      vertex   -1.450433e+02 1.700785e+02 1.671325e+01
      vertex   -1.447934e+02 1.700785e+02 1.688821e+01
    endloop
  endfacet
  facet normal -7.071068e-01 0.000000e+00 7.071068e-01
    outer loop
      vertex   -1.447934e+02 1.750285e+02 1.688821e+01
      vertex   -1.447934e+02 1.700785e+02 1.688821e+01
      vertex   -1.445777e+02 1.750285e+02 1.710391e+01
    endloop
  endfacet
  facet normal -7.071068e-01 0.000000e+00 7.071068e-01
    outer loop
      vertex   -1.445777e+02 1.750285e+02 1.710391e+01
      vertex   -1.447934e+02 1.700785e+02 1.688821e+01
      vertex   -1.445777e+02 1.700785e+02 1.710391e+01
    endloop
  endfacet
  facet normal -8.191520e-01 0.000000e+00 5.735764e-01
    outer loop
      vertex   -1.445777e+02 1.750285e+02 1.710391e+01
      vertex   -1.445777e+02 1.700785e+02 1.710391e+01
      vertex   -1.444027e+02 1.750285e+02 1.735379e+01
    endloop
  endfacet
  facet normal -8.191520e-01 4.116672e-16 5.735764e-01
    outer loop
      vertex   -1.444027e+02 1.750285e+02 1.735379e+01
      vertex   -1.445777e+02 1.700785e+02 1.710391e+01
      vertex   -1.444027e+02 1.700785e+02 1.735379e+01
    endloop
  endfacet
  facet normal -9.063078e-01 3.033216e-16 4.226183e-01
    outer loop
      vertex   -1.444027e+02 1.750285e+02 1.735379e+01
      vertex   -1.444027e+02 1.700785e+02 1.735379e+01
      vertex   -1.442738e+02 1.750285e+02 1.763025e+01
    endloop
  endfacet
  facet normal -9.063078e-01 0.000000e+00 4.226183e-01
    outer loop
      vertex   -1.442738e+02 1.750285e+02 1.763025e+01
      vertex   -1.444027e+02 1.700785e+02 1.735379e+01
      vertex   -1.442738e+02 1.700785e+02 1.763025e+01
    endloop
  endfacet
  facet normal -9.659258e-01 0.000000e+00 2.588190e-01
    outer loop
      vertex   -1.442738e+02 1.750285e+02 1.763025e+01
      vertex   -1.442738e+02 1.700785e+02 1.763025e+01
      vertex   -1.441949e+02 1.750285e+02 1.792491e+01
    endloop
  endfacet
  facet normal -9.659258e-01 0.000000e+00 2.588190e-01
    outer loop
      vertex   -1.441949e+02 1.750285e+02 1.792491e+01
      vertex   -1.442738e+02 1.700785e+02 1.763025e+01
      vertex   -1.441949e+02 1.700785e+02 1.792491e+01
    endloop
  endfacet
  facet normal -1.000000e+00 -0.000000e+00 0.000000e+00
    outer loop
      vertex   -1.395000e+02 1.685228e+02 5.223953e+01
      vertex   -1.395000e+02 1.651285e+02 5.003327e+01
      vertex   -1.395000e+02 1.685000e+02 5.250000e+01
    endloop
  endfacet
  facet normal -1.000000e+00 -0.000000e+00 0.000000e+00
    outer loop
      vertex   -1.395000e+02 1.685000e+02 5.250000e+01
      vertex   -1.395000e+02 1.651285e+02 5.003327e+01
      vertex   -1.395000e+02 1.651285e+02 5.496673e+01
    endloop
  endfacet
  facet normal -1.000000e+00 0.000000e+00 0.000000e+00
    outer loop
      vertex   -1.395000e+02 1.685000e+02 5.250000e+01
      vertex   -1.395000e+02 1.651285e+02 5.496673e+01
      vertex   -1.395000e+02 1.685228e+02 5.276047e+01
    endloop
  endfacet
  facet normal -1.000000e+00 0.000000e+00 0.000000e+00
    outer loop
      vertex   -1.395000e+02 1.685228e+02 5.276047e+01
      vertex   -1.395000e+02 1.651285e+02 5.496673e+01
      vertex   -1.395000e+02 1.685905e+02 5.301303e+01
    endloop
  endfacet
  facet normal -1.000000e+00 0.000000e+00 0.000000e+00
    outer loop
      vertex   -1.395000e+02 1.685905e+02 5.301303e+01
      vertex   -1.395000e+02 1.651285e+02 5.496673e+01
      vertex   -1.395000e+02 1.687010e+02 5.325000e+01
    endloop
  endfacet
  facet normal -1.000000e+00 0.000000e+00 0.000000e+00
    outer loop
      vertex   -1.395000e+02 1.687010e+02 5.325000e+01
      vertex   -1.395000e+02 1.651285e+02 5.496673e+01
      vertex   -1.395000e+02 1.688509e+02 5.346418e+01
    endloop
  endfacet
  facet normal -1.000000e+00 0.000000e+00 0.000000e+00
    outer loop
      vertex   -1.395000e+02 1.688509e+02 5.346418e+01
      vertex   -1.395000e+02 1.651285e+02 5.496673e+01
      vertex   -1.395000e+02 1.690358e+02 5.364907e+01
    endloop
  endfacet
  facet normal -1.000000e+00 0.000000e+00 0.000000e+00
    outer loop
      vertex   -1.395000e+02 1.690358e+02 5.364907e+01
      vertex   -1.395000e+02 1.651285e+02 5.496673e+01
      vertex   -1.395000e+02 1.692500e+02 5.379904e+01
    endloop
  endfacet
  facet normal -1.000000e+00 0.000000e+00 0.000000e+00
    outer loop
      vertex   -1.395000e+02 1.692500e+02 5.379904e+01
      vertex   -1.395000e+02 1.651285e+02 5.496673e+01
      vertex   -1.395000e+02 1.694870e+02 5.390954e+01
    endloop
  endfacet
  facet normal -1.000000e+00 0.000000e+00 0.000000e+00
    outer loop
      vertex   -1.395000e+02 1.694870e+02 5.390954e+01
      vertex   -1.395000e+02 1.651285e+02 5.496673e+01
      vertex   -1.395000e+02 1.697395e+02 5.397721e+01
    endloop
  endfacet
  facet normal -1.000000e+00 0.000000e+00 0.000000e+00
    outer loop
      vertex   -1.395000e+02 1.697395e+02 5.397721e+01
      vertex   -1.395000e+02 1.651285e+02 5.496673e+01
      vertex   -1.395000e+02 1.700000e+02 5.400000e+01
    endloop
  endfacet
  facet normal -1.000000e+00 0.000000e+00 0.000000e+00
    outer loop
      vertex   -1.395000e+02 1.700000e+02 5.400000e+01
      vertex   -1.395000e+02 1.651285e+02 5.496673e+01
      vertex   -1.395000e+02 1.750285e+02 5.496673e+01
    endloop
  endfacet
  facet normal -1.000000e+00 0.000000e+00 0.000000e+00
    outer loop
      vertex   -1.395000e+02 1.700000e+02 5.400000e+01
      vertex   -1.395000e+02 1.750285e+02 5.496673e+01
      vertex   -1.395000e+02 1.702605e+02 5.397721e+01
    endloop
  endfacet
  facet normal -1.000000e+00 0.000000e+00 0.000000e+00
    outer loop
      vertex   -1.395000e+02 1.702605e+02 5.397721e+01
      vertex   -1.395000e+02 1.750285e+02 5.496673e+01
      vertex   -1.395000e+02 1.705130e+02 5.390954e+01
    endloop
  endfacet
  facet normal -1.000000e+00 0.000000e+00 0.000000e+00
    outer loop
      vertex   -1.395000e+02 1.705130e+02 5.390954e+01
      vertex   -1.395000e+02 1.750285e+02 5.496673e+01
      vertex   -1.395000e+02 1.707500e+02 5.379904e+01
    endloop
  endfacet
  facet normal -1.000000e+00 0.000000e+00 0.000000e+00
    outer loop
      vertex   -1.395000e+02 1.707500e+02 5.379904e+01
      vertex   -1.395000e+02 1.750285e+02 5.496673e+01
      vertex   -1.395000e+02 1.709642e+02 5.364907e+01
    endloop
  endfacet
  facet normal -1.000000e+00 0.000000e+00 0.000000e+00
    outer loop
      vertex   -1.395000e+02 1.709642e+02 5.364907e+01
      vertex   -1.395000e+02 1.750285e+02 5.496673e+01
      vertex   -1.395000e+02 1.711491e+02 5.346418e+01
    endloop
  endfacet
  facet normal -1.000000e+00 0.000000e+00 0.000000e+00
    outer loop
      vertex   -1.395000e+02 1.711491e+02 5.346418e+01
      vertex   -1.395000e+02 1.750285e+02 5.496673e+01
      vertex   -1.395000e+02 1.712990e+02 5.325000e+01
    endloop
  endfacet
  facet normal -1.000000e+00 0.000000e+00 0.000000e+00
    outer loop
      vertex   -1.395000e+02 1.712990e+02 5.325000e+01
      vertex   -1.395000e+02 1.750285e+02 5.496673e+01
      vertex   -1.395000e+02 1.714095e+02 5.301303e+01
    endloop
  endfacet
  facet normal -1.000000e+00 0.000000e+00 0.000000e+00
    outer loop
      vertex   -1.395000e+02 1.714095e+02 5.301303e+01
      vertex   -1.395000e+02 1.750285e+02 5.496673e+01
      vertex   -1.395000e+02 1.714772e+02 5.276047e+01
    endloop
  endfacet
  facet normal -1.000000e+00 0.000000e+00 0.000000e+00
    outer loop
      vertex   -1.395000e+02 1.714772e+02 5.276047e+01
      vertex   -1.395000e+02 1.750285e+02 5.496673e+01
      vertex   -1.395000e+02 1.715000e+02 5.250000e+01
    endloop
  endfacet
  facet normal -1.000000e+00 0.000000e+00 0.000000e+00
    outer loop
      vertex   -1.395000e+02 1.715000e+02 5.250000e+01
      vertex   -1.395000e+02 1.750285e+02 5.496673e+01
      vertex   -1.395000e+02 1.750285e+02 5.003327e+01
    endloop
  endfacet
  facet normal -1.000000e+00 0.000000e+00 -0.000000e+00
    outer loop
      vertex   -1.395000e+02 1.715000e+02 5.250000e+01
      vertex   -1.395000e+02 1.750285e+02 5.003327e+01
      vertex   -1.395000e+02 1.714772e+02 5.223953e+01
    endloop
  endfacet
  facet normal -1.000000e+00 0.000000e+00 -0.000000e+00
    outer loop
      vertex   -1.395000e+02 1.714772e+02 5.223953e+01
      vertex   -1.395000e+02 1.750285e+02 5.003327e+01
      vertex   -1.395000e+02 1.714095e+02 5.198697e+01
    endloop
  endfacet
  facet normal -1.000000e+00 0.000000e+00 -0.000000e+00
    outer loop
      vertex   -1.395000e+02 1.714095e+02 5.198697e+01
      vertex   -1.395000e+02 1.750285e+02 5.003327e+01
      vertex   -1.395000e+02 1.712990e+02 5.175000e+01
    endloop
  endfacet
  facet normal -1.000000e+00 0.000000e+00 -0.000000e+00
    outer loop
      vertex   -1.395000e+02 1.712990e+02 5.175000e+01
      vertex   -1.395000e+02 1.750285e+02 5.003327e+01
      vertex   -1.395000e+02 1.711491e+02 5.153582e+01
    endloop
  endfacet
  facet normal -1.000000e+00 0.000000e+00 -0.000000e+00
    outer loop
      vertex   -1.395000e+02 1.711491e+02 5.153582e+01
      vertex   -1.395000e+02 1.750285e+02 5.003327e+01
      vertex   -1.395000e+02 1.709642e+02 5.135093e+01
    endloop
  endfacet
  facet normal -1.000000e+00 0.000000e+00 -0.000000e+00
    outer loop
      vertex   -1.395000e+02 1.709642e+02 5.135093e+01
      vertex   -1.395000e+02 1.750285e+02 5.003327e+01
      vertex   -1.395000e+02 1.707500e+02 5.120096e+01
    endloop
  endfacet
  facet normal -1.000000e+00 0.000000e+00 -0.000000e+00
    outer loop
      vertex   -1.395000e+02 1.707500e+02 5.120096e+01
      vertex   -1.395000e+02 1.750285e+02 5.003327e+01
      vertex   -1.395000e+02 1.705130e+02 5.109046e+01
    endloop
  endfacet
  facet normal -1.000000e+00 0.000000e+00 -0.000000e+00
    outer loop
      vertex   -1.395000e+02 1.705130e+02 5.109046e+01
      vertex   -1.395000e+02 1.750285e+02 5.003327e+01
      vertex   -1.395000e+02 1.702605e+02 5.102279e+01
    endloop
  endfacet
  facet normal -1.000000e+00 0.000000e+00 -0.000000e+00
    outer loop
      vertex   -1.395000e+02 1.702605e+02 5.102279e+01
      vertex   -1.395000e+02 1.750285e+02 5.003327e+01
      vertex   -1.395000e+02 1.700000e+02 5.100000e+01
    endloop
  endfacet
  facet normal -1.000000e+00 0.000000e+00 -0.000000e+00
    outer loop
      vertex   -1.395000e+02 1.700000e+02 5.100000e+01
      vertex   -1.395000e+02 1.750285e+02 5.003327e+01
      vertex   -1.395000e+02 1.651285e+02 5.003327e+01
    endloop
  endfacet
  facet normal -1.000000e+00 -0.000000e+00 0.000000e+00
    outer loop
      vertex   -1.395000e+02 1.700000e+02 5.100000e+01
      vertex   -1.395000e+02 1.651285e+02 5.003327e+01
      vertex   -1.395000e+02 1.697395e+02 5.102279e+01
    endloop
  endfacet
  facet normal -1.000000e+00 -0.000000e+00 0.000000e+00
    outer loop
      vertex   -1.395000e+02 1.697395e+02 5.102279e+01
      vertex   -1.395000e+02 1.651285e+02 5.003327e+01
      vertex   -1.395000e+02 1.694870e+02 5.109046e+01
    endloop
  endfacet
  facet normal -1.000000e+00 -0.000000e+00 0.000000e+00
    outer loop
      vertex   -1.395000e+02 1.694870e+02 5.109046e+01
      vertex   -1.395000e+02 1.651285e+02 5.003327e+01
      vertex   -1.395000e+02 1.692500e+02 5.120096e+01
    endloop
  endfacet
  facet normal -1.000000e+00 -0.000000e+00 0.000000e+00
    outer loop
      vertex   -1.395000e+02 1.692500e+02 5.120096e+01
      vertex   -1.395000e+02 1.651285e+02 5.003327e+01
      vertex   -1.395000e+02 1.690358e+02 5.135093e+01
    endloop
  endfacet
  facet normal -1.000000e+00 -0.000000e+00 0.000000e+00
    outer loop
      vertex   -1.395000e+02 1.690358e+02 5.135093e+01
      vertex   -1.395000e+02 1.651285e+02 5.003327e+01
      vertex   -1.395000e+02 1.688509e+02 5.153582e+01
    endloop
  endfacet
  facet normal -1.000000e+00 -0.000000e+00 0.000000e+00
    outer loop
      vertex   -1.395000e+02 1.688509e+02 5.153582e+01
      vertex   -1.395000e+02 1.651285e+02 5.003327e+01
      vertex   -1.395000e+02 1.687010e+02 5.175000e+01
    endloop
  endfacet
  facet normal -1.000000e+00 -0.000000e+00 0.000000e+00
    outer loop
      vertex   -1.395000e+02 1.687010e+02 5.175000e+01
      vertex   -1.395000e+02 1.651285e+02 5.003327e+01
      vertex   -1.395000e+02 1.685905e+02 5.198697e+01
    endloop
  endfacet
  facet normal -1.000000e+00 -0.000000e+00 0.000000e+00
    outer loop
      vertex   -1.395000e+02 1.685905e+02 5.198697e+01
      vertex   -1.395000e+02 1.651285e+02 5.003327e+01
      vertex   -1.395000e+02 1.685228e+02 5.223953e+01
    endloop
  endfacet
  facet normal 0.000000e+00 0.000000e+00 -1.000000e+00
    outer loop
      vertex   -1.425000e+02 1.750285e+02 5.496673e+01
      vertex   -1.395000e+02 1.750285e+02 5.496673e+01
      vertex   -1.425000e+02 1.651285e+02 5.496673e+01
    endloop
  endfacet
  facet normal 0.000000e+00 0.000000e+00 -1.000000e+00
    outer loop
      vertex   -1.425000e+02 1.651285e+02 5.496673e+01
      vertex   -1.395000e+02 1.750285e+02 5.496673e+01
      vertex   -1.395000e+02 1.651285e+02 5.496673e+01
    endloop
  endfacet
  facet normal 1.000000e+00 0.000000e+00 -0.000000e+00
    outer loop
      vertex   -1.425000e+02 1.750285e+02 5.003327e+01
      vertex   -1.425000e+02 1.750285e+02 5.496673e+01
      vertex   -1.425000e+02 1.651285e+02 5.003327e+01
    endloop
  endfacet
  facet normal 1.000000e+00 0.000000e+00 0.000000e+00
    outer loop
      vertex   -1.425000e+02 1.651285e+02 5.003327e+01
      vertex   -1.425000e+02 1.750285e+02 5.496673e+01
      vertex   -1.425000e+02 1.651285e+02 5.496673e+01
    endloop
  endfacet
  facet normal 0.000000e+00 0.000000e+00 1.000000e+00
    outer loop
      vertex   -1.395000e+02 1.750285e+02 5.003327e+01
      vertex   -1.425000e+02 1.750285e+02 5.003327e+01
      vertex   -1.395000e+02 1.651285e+02 5.003327e+01
    endloop
  endfacet
  facet normal 0.000000e+00 0.000000e+00 1.000000e+00
    outer loop
      vertex   -1.395000e+02 1.651285e+02 5.003327e+01
      vertex   -1.425000e+02 1.750285e+02 5.003327e+01
      vertex   -1.425000e+02 1.651285e+02 5.003327e+01
    endloop
  endfacet
  facet normal -1.000000e+00 -0.000000e+00 0.000000e+00
    outer loop
      vertex   -1.395000e+02 1.685228e+02 4.223953e+01
      vertex   -1.395000e+02 1.651285e+02 4.000000e+01
      vertex   -1.395000e+02 1.685000e+02 4.250000e+01
    endloop
  endfacet
  facet normal -1.000000e+00 -0.000000e+00 0.000000e+00
    outer loop
      vertex   -1.395000e+02 1.685000e+02 4.250000e+01
      vertex   -1.395000e+02 1.651285e+02 4.000000e+01
      vertex   -1.395000e+02 1.651285e+02 4.500000e+01
    endloop
  endfacet
  facet normal -1.000000e+00 0.000000e+00 0.000000e+00
    outer loop
      vertex   -1.395000e+02 1.685000e+02 4.250000e+01
      vertex   -1.395000e+02 1.651285e+02 4.500000e+01
      vertex   -1.395000e+02 1.685228e+02 4.276047e+01
    endloop
  endfacet
  facet normal -1.000000e+00 0.000000e+00 0.000000e+00
    outer loop
      vertex   -1.395000e+02 1.685228e+02 4.276047e+01
      vertex   -1.395000e+02 1.651285e+02 4.500000e+01
      vertex   -1.395000e+02 1.685905e+02 4.301303e+01
    endloop
  endfacet
  facet normal -1.000000e+00 0.000000e+00 0.000000e+00
    outer loop
      vertex   -1.395000e+02 1.685905e+02 4.301303e+01
      vertex   -1.395000e+02 1.651285e+02 4.500000e+01
      vertex   -1.395000e+02 1.687010e+02 4.325000e+01
    endloop
  endfacet
  facet normal -1.000000e+00 0.000000e+00 0.000000e+00
    outer loop
      vertex   -1.395000e+02 1.687010e+02 4.325000e+01
      vertex   -1.395000e+02 1.651285e+02 4.500000e+01
      vertex   -1.395000e+02 1.688509e+02 4.346418e+01
    endloop
  endfacet
  facet normal -1.000000e+00 0.000000e+00 0.000000e+00
    outer loop
      vertex   -1.395000e+02 1.688509e+02 4.346418e+01
      vertex   -1.395000e+02 1.651285e+02 4.500000e+01
      vertex   -1.395000e+02 1.690358e+02 4.364907e+01
    endloop
  endfacet
  facet normal -1.000000e+00 0.000000e+00 0.000000e+00
    outer loop
      vertex   -1.395000e+02 1.690358e+02 4.364907e+01
      vertex   -1.395000e+02 1.651285e+02 4.500000e+01
      vertex   -1.395000e+02 1.692500e+02 4.379904e+01
    endloop
  endfacet
  facet normal -1.000000e+00 0.000000e+00 0.000000e+00
    outer loop
      vertex   -1.395000e+02 1.692500e+02 4.379904e+01
      vertex   -1.395000e+02 1.651285e+02 4.500000e+01
      vertex   -1.395000e+02 1.694870e+02 4.390954e+01
    endloop
  endfacet
  facet normal -1.000000e+00 0.000000e+00 0.000000e+00
    outer loop
      vertex   -1.395000e+02 1.694870e+02 4.390954e+01
      vertex   -1.395000e+02 1.651285e+02 4.500000e+01
      vertex   -1.395000e+02 1.697395e+02 4.397721e+01
    endloop
  endfacet
  facet normal -1.000000e+00 0.000000e+00 0.000000e+00
    outer loop
      vertex   -1.395000e+02 1.697395e+02 4.397721e+01
      vertex   -1.395000e+02 1.651285e+02 4.500000e+01
      vertex   -1.395000e+02 1.700000e+02 4.400000e+01
    endloop
  endfacet
  facet normal -1.000000e+00 0.000000e+00 0.000000e+00
    outer loop
      vertex   -1.395000e+02 1.700000e+02 4.400000e+01
      vertex   -1.395000e+02 1.651285e+02 4.500000e+01
      vertex   -1.395000e+02 1.750285e+02 4.500000e+01
    endloop
  endfacet
  facet normal -1.000000e+00 0.000000e+00 0.000000e+00
    outer loop
      vertex   -1.395000e+02 1.700000e+02 4.400000e+01
      vertex   -1.395000e+02 1.750285e+02 4.500000e+01
      vertex   -1.395000e+02 1.702605e+02 4.397721e+01
    endloop
  endfacet
  facet normal -1.000000e+00 0.000000e+00 0.000000e+00
    outer loop
      vertex   -1.395000e+02 1.702605e+02 4.397721e+01
      vertex   -1.395000e+02 1.750285e+02 4.500000e+01
      vertex   -1.395000e+02 1.705130e+02 4.390954e+01
    endloop
  endfacet
  facet normal -1.000000e+00 0.000000e+00 0.000000e+00
    outer loop
      vertex   -1.395000e+02 1.705130e+02 4.390954e+01
      vertex   -1.395000e+02 1.750285e+02 4.500000e+01
      vertex   -1.395000e+02 1.707500e+02 4.379904e+01
    endloop
  endfacet
  facet normal -1.000000e+00 0.000000e+00 0.000000e+00
    outer loop
      vertex   -1.395000e+02 1.707500e+02 4.379904e+01
      vertex   -1.395000e+02 1.750285e+02 4.500000e+01
      vertex   -1.395000e+02 1.709642e+02 4.364907e+01
    endloop
  endfacet
  facet normal -1.000000e+00 0.000000e+00 0.000000e+00
    outer loop
      vertex   -1.395000e+02 1.709642e+02 4.364907e+01
      vertex   -1.395000e+02 1.750285e+02 4.500000e+01
      vertex   -1.395000e+02 1.711491e+02 4.346418e+01
    endloop
  endfacet
  facet normal -1.000000e+00 0.000000e+00 0.000000e+00
    outer loop
      vertex   -1.395000e+02 1.711491e+02 4.346418e+01
      vertex   -1.395000e+02 1.750285e+02 4.500000e+01
      vertex   -1.395000e+02 1.712990e+02 4.325000e+01
    endloop
  endfacet
  facet normal -1.000000e+00 0.000000e+00 0.000000e+00
    outer loop
      vertex   -1.395000e+02 1.712990e+02 4.325000e+01
      vertex   -1.395000e+02 1.750285e+02 4.500000e+01
      vertex   -1.395000e+02 1.714095e+02 4.301303e+01
    endloop
  endfacet
  facet normal -1.000000e+00 0.000000e+00 0.000000e+00
    outer loop
      vertex   -1.395000e+02 1.714095e+02 4.301303e+01
      vertex   -1.395000e+02 1.750285e+02 4.500000e+01
      vertex   -1.395000e+02 1.714772e+02 4.276047e+01
    endloop
  endfacet
  facet normal -1.000000e+00 0.000000e+00 0.000000e+00
    outer loop
      vertex   -1.395000e+02 1.714772e+02 4.276047e+01
      vertex   -1.395000e+02 1.750285e+02 4.500000e+01
      vertex   -1.395000e+02 1.715000e+02 4.250000e+01
    endloop
  endfacet
  facet normal -1.000000e+00 0.000000e+00 0.000000e+00
    outer loop
      vertex   -1.395000e+02 1.715000e+02 4.250000e+01
      vertex   -1.395000e+02 1.750285e+02 4.500000e+01
      vertex   -1.395000e+02 1.750285e+02 4.000000e+01
    endloop
  endfacet
  facet normal -1.000000e+00 0.000000e+00 -0.000000e+00
    outer loop
      vertex   -1.395000e+02 1.715000e+02 4.250000e+01
      vertex   -1.395000e+02 1.750285e+02 4.000000e+01
      vertex   -1.395000e+02 1.714772e+02 4.223953e+01
    endloop
  endfacet
  facet normal -1.000000e+00 0.000000e+00 -0.000000e+00
    outer loop
      vertex   -1.395000e+02 1.714772e+02 4.223953e+01
      vertex   -1.395000e+02 1.750285e+02 4.000000e+01
      vertex   -1.395000e+02 1.714095e+02 4.198697e+01
    endloop
  endfacet
  facet normal -1.000000e+00 0.000000e+00 -0.000000e+00
    outer loop
      vertex   -1.395000e+02 1.714095e+02 4.198697e+01
      vertex   -1.395000e+02 1.750285e+02 4.000000e+01
      vertex   -1.395000e+02 1.712990e+02 4.175000e+01
    endloop
  endfacet
  facet normal -1.000000e+00 0.000000e+00 -0.000000e+00
    outer loop
      vertex   -1.395000e+02 1.712990e+02 4.175000e+01
      vertex   -1.395000e+02 1.750285e+02 4.000000e+01
      vertex   -1.395000e+02 1.711491e+02 4.153582e+01
    endloop
  endfacet
  facet normal -1.000000e+00 0.000000e+00 -0.000000e+00
    outer loop
      vertex   -1.395000e+02 1.711491e+02 4.153582e+01
      vertex   -1.395000e+02 1.750285e+02 4.000000e+01
      vertex   -1.395000e+02 1.709642e+02 4.135093e+01
    endloop
  endfacet
  facet normal -1.000000e+00 0.000000e+00 -0.000000e+00
    outer loop
      vertex   -1.395000e+02 1.709642e+02 4.135093e+01
      vertex   -1.395000e+02 1.750285e+02 4.000000e+01
      vertex   -1.395000e+02 1.707500e+02 4.120096e+01
    endloop
  endfacet
  facet normal -1.000000e+00 0.000000e+00 -0.000000e+00
    outer loop
      vertex   -1.395000e+02 1.707500e+02 4.120096e+01
      vertex   -1.395000e+02 1.750285e+02 4.000000e+01
      vertex   -1.395000e+02 1.705130e+02 4.109046e+01
    endloop
  endfacet
  facet normal -1.000000e+00 0.000000e+00 -0.000000e+00
    outer loop
      vertex   -1.395000e+02 1.705130e+02 4.109046e+01
      vertex   -1.395000e+02 1.750285e+02 4.000000e+01
      vertex   -1.395000e+02 1.702605e+02 4.102279e+01
    endloop
  endfacet
  facet normal -1.000000e+00 0.000000e+00 -0.000000e+00
    outer loop
      vertex   -1.395000e+02 1.702605e+02 4.102279e+01
      vertex   -1.395000e+02 1.750285e+02 4.000000e+01
      vertex   -1.395000e+02 1.700000e+02 4.100000e+01
    endloop
  endfacet
  facet normal -1.000000e+00 0.000000e+00 -0.000000e+00
    outer loop
      vertex   -1.395000e+02 1.700000e+02 4.100000e+01
      vertex   -1.395000e+02 1.750285e+02 4.000000e+01
      vertex   -1.395000e+02 1.651285e+02 4.000000e+01
    endloop
  endfacet
  facet normal -1.000000e+00 -0.000000e+00 0.000000e+00
    outer loop
      vertex   -1.395000e+02 1.700000e+02 4.100000e+01
      vertex   -1.395000e+02 1.651285e+02 4.000000e+01
      vertex   -1.395000e+02 1.697395e+02 4.102279e+01
    endloop
  endfacet
  facet normal -1.000000e+00 -0.000000e+00 0.000000e+00
    outer loop
      vertex   -1.395000e+02 1.697395e+02 4.102279e+01
      vertex   -1.395000e+02 1.651285e+02 4.000000e+01
      vertex   -1.395000e+02 1.694870e+02 4.109046e+01
    endloop
  endfacet
  facet normal -1.000000e+00 -0.000000e+00 0.000000e+00
    outer loop
      vertex   -1.395000e+02 1.694870e+02 4.109046e+01
      vertex   -1.395000e+02 1.651285e+02 4.000000e+01
      vertex   -1.395000e+02 1.692500e+02 4.120096e+01
    endloop
  endfacet
  facet normal -1.000000e+00 -0.000000e+00 0.000000e+00
    outer loop
      vertex   -1.395000e+02 1.692500e+02 4.120096e+01
      vertex   -1.395000e+02 1.651285e+02 4.000000e+01
      vertex   -1.395000e+02 1.690358e+02 4.135093e+01
    endloop
  endfacet
  facet normal -1.000000e+00 -0.000000e+00 0.000000e+00
    outer loop
      vertex   -1.395000e+02 1.690358e+02 4.135093e+01
      vertex   -1.395000e+02 1.651285e+02 4.000000e+01
      vertex   -1.395000e+02 1.688509e+02 4.153582e+01
    endloop
  endfacet
  facet normal -1.000000e+00 -0.000000e+00 0.000000e+00
    outer loop
      vertex   -1.395000e+02 1.688509e+02 4.153582e+01
      vertex   -1.395000e+02 1.651285e+02 4.000000e+01
      vertex   -1.395000e+02 1.687010e+02 4.175000e+01
    endloop
  endfacet
  facet normal -1.000000e+00 -0.000000e+00 0.000000e+00
    outer loop
      vertex   -1.395000e+02 1.687010e+02 4.175000e+01
      vertex   -1.395000e+02 1.651285e+02 4.000000e+01
      vertex   -1.395000e+02 1.685905e+02 4.198697e+01
    endloop
  endfacet
  facet normal -1.000000e+00 -0.000000e+00 0.000000e+00
    outer loop
      vertex   -1.395000e+02 1.685905e+02 4.198697e+01
      vertex   -1.395000e+02 1.651285e+02 4.000000e+01
      vertex   -1.395000e+02 1.685228e+02 4.223953e+01
    endloop
  endfacet
  facet normal 0.000000e+00 0.000000e+00 -1.000000e+00
    outer loop
      vertex   -1.425000e+02 1.750285e+02 4.500000e+01
      vertex   -1.395000e+02 1.750285e+02 4.500000e+01
      vertex   -1.425000e+02 1.651285e+02 4.500000e+01
    endloop
  endfacet
  facet normal 0.000000e+00 0.000000e+00 -1.000000e+00
    outer loop
      vertex   -1.425000e+02 1.651285e+02 4.500000e+01
      vertex   -1.395000e+02 1.750285e+02 4.500000e+01
      vertex   -1.395000e+02 1.651285e+02 4.500000e+01
    endloop
  endfacet
  facet normal 1.000000e+00 0.000000e+00 -0.000000e+00
    outer loop
      vertex   -1.425000e+02 1.750285e+02 4.000000e+01
      vertex   -1.425000e+02 1.750285e+02 4.500000e+01
      vertex   -1.425000e+02 1.651285e+02 4.000000e+01
    endloop
  endfacet
  facet normal 1.000000e+00 0.000000e+00 0.000000e+00
    outer loop
      vertex   -1.425000e+02 1.651285e+02 4.000000e+01
      vertex   -1.425000e+02 1.750285e+02 4.500000e+01
      vertex   -1.425000e+02 1.651285e+02 4.500000e+01
    endloop
  endfacet
  facet normal 0.000000e+00 0.000000e+00 1.000000e+00
    outer loop
      vertex   -1.395000e+02 1.750285e+02 4.000000e+01
      vertex   -1.425000e+02 1.750285e+02 4.000000e+01
      vertex   -1.395000e+02 1.651285e+02 4.000000e+01
    endloop
  endfacet
  facet normal 0.000000e+00 0.000000e+00 1.000000e+00
    outer loop
      vertex   -1.395000e+02 1.651285e+02 4.000000e+01
      vertex   -1.425000e+02 1.750285e+02 4.000000e+01
      vertex   -1.425000e+02 1.651285e+02 4.000000e+01
    endloop
  endfacet
  facet normal 1.000000e+00 0.000000e+00 0.000000e+00
    outer loop
      vertex   -1.320000e+02 4.855124e+01 5.223953e+01
      vertex   -1.320000e+02 4.852845e+01 5.250000e+01
      vertex   -1.320000e+02 4.502845e+01 6.000000e+01
    endloop
  endfacet
  facet normal 1.000000e+00 0.000000e+00 0.000000e+00
    outer loop
      vertex   -1.320000e+02 4.502845e+01 6.000000e+01
      vertex   -1.320000e+02 4.852845e+01 5.250000e+01
      vertex   -1.320000e+02 4.855124e+01 5.276047e+01
    endloop
  endfacet
  facet normal 1.000000e+00 0.000000e+00 0.000000e+00
    outer loop
      vertex   -1.320000e+02 4.502845e+01 6.000000e+01
      vertex   -1.320000e+02 4.855124e+01 5.276047e+01
      vertex   -1.320000e+02 4.861891e+01 5.301303e+01
    endloop
  endfacet
  facet normal 1.000000e+00 0.000000e+00 -0.000000e+00
    outer loop
      vertex   -1.320000e+02 4.861891e+01 5.301303e+01
      vertex   -1.320000e+02 4.872941e+01 5.325000e+01
      vertex   -1.320000e+02 4.502845e+01 6.000000e+01
    endloop
  endfacet
  facet normal 1.000000e+00 0.000000e+00 0.000000e+00
    outer loop
      vertex   -1.320000e+02 4.502845e+01 6.000000e+01
      vertex   -1.320000e+02 4.872941e+01 5.325000e+01
      vertex   -1.320000e+02 4.887938e+01 5.346418e+01
    endloop
  endfacet
  facet normal 1.000000e+00 0.000000e+00 0.000000e+00
    outer loop
      vertex   -1.320000e+02 4.502845e+01 6.000000e+01
      vertex   -1.320000e+02 4.887938e+01 5.346418e+01
      vertex   -1.320000e+02 4.906427e+01 5.364907e+01
    endloop
  endfacet
  facet normal 1.000000e+00 0.000000e+00 -0.000000e+00
    outer loop
      vertex   -1.320000e+02 4.906427e+01 5.364907e+01
      vertex   -1.320000e+02 4.927845e+01 5.379904e+01
      vertex   -1.320000e+02 4.502845e+01 6.000000e+01
    endloop
  endfacet
  facet normal 1.000000e+00 0.000000e+00 0.000000e+00
    outer loop
      vertex   -1.320000e+02 4.502845e+01 6.000000e+01
      vertex   -1.320000e+02 4.927845e+01 5.379904e+01
      vertex   -1.320000e+02 4.951542e+01 5.390954e+01
    endloop
  endfacet
  facet normal 1.000000e+00 0.000000e+00 0.000000e+00
    outer loop
      vertex   -1.320000e+02 4.502845e+01 6.000000e+01
      vertex   -1.320000e+02 4.951542e+01 5.390954e+01
      vertex   -1.320000e+02 4.976798e+01 5.397721e+01
    endloop
  endfacet
  facet normal 1.000000e+00 0.000000e+00 -0.000000e+00
    outer loop
      vertex   -1.320000e+02 4.976798e+01 5.397721e+01
      vertex   -1.320000e+02 5.002845e+01 5.400000e+01
      vertex   -1.320000e+02 4.502845e+01 6.000000e+01
    endloop
  endfacet
  facet normal 1.000000e+00 -0.000000e+00 0.000000e+00
    outer loop
      vertex   -1.320000e+02 4.502845e+01 6.000000e+01
      vertex   -1.320000e+02 5.002845e+01 5.400000e+01
      vertex   -1.320000e+02 5.492845e+01 6.000000e+01
    endloop
  endfacet
  facet normal 1.000000e+00 0.000000e+00 0.000000e+00
    outer loop
      vertex   -1.320000e+02 5.492845e+01 6.000000e+01
      vertex   -1.320000e+02 5.002845e+01 5.400000e+01
      vertex   -1.320000e+02 5.028892e+01 5.397721e+01
    endloop
  endfacet
  facet normal 1.000000e+00 0.000000e+00 0.000000e+00
    outer loop
      vertex   -1.320000e+02 5.492845e+01 6.000000e+01
      vertex   -1.320000e+02 5.028892e+01 5.397721e+01
      vertex   -1.320000e+02 5.054148e+01 5.390954e+01
    endloop
  endfacet
  facet normal 1.000000e+00 -0.000000e+00 0.000000e+00
    outer loop
      vertex   -1.320000e+02 5.054148e+01 5.390954e+01
      vertex   -1.320000e+02 5.077845e+01 5.379904e+01
      vertex   -1.320000e+02 5.492845e+01 6.000000e+01
    endloop
  endfacet
  facet normal 1.000000e+00 0.000000e+00 0.000000e+00
    outer loop
      vertex   -1.320000e+02 5.492845e+01 6.000000e+01
      vertex   -1.320000e+02 5.077845e+01 5.379904e+01
      vertex   -1.320000e+02 5.099263e+01 5.364907e+01
    endloop
  endfacet
  facet normal 1.000000e+00 0.000000e+00 0.000000e+00
    outer loop
      vertex   -1.320000e+02 5.492845e+01 6.000000e+01
      vertex   -1.320000e+02 5.099263e+01 5.364907e+01
      vertex   -1.320000e+02 5.117752e+01 5.346418e+01
    endloop
  endfacet
  facet normal 1.000000e+00 -0.000000e+00 0.000000e+00
    outer loop
      vertex   -1.320000e+02 5.117752e+01 5.346418e+01
      vertex   -1.320000e+02 5.132749e+01 5.325000e+01
      vertex   -1.320000e+02 5.492845e+01 6.000000e+01
    endloop
  endfacet
  facet normal 1.000000e+00 0.000000e+00 0.000000e+00
    outer loop
      vertex   -1.320000e+02 5.492845e+01 6.000000e+01
      vertex   -1.320000e+02 5.132749e+01 5.325000e+01
      vertex   -1.320000e+02 5.143799e+01 5.301303e+01
    endloop
  endfacet
  facet normal 1.000000e+00 0.000000e+00 0.000000e+00
    outer loop
      vertex   -1.320000e+02 5.492845e+01 6.000000e+01
      vertex   -1.320000e+02 5.143799e+01 5.301303e+01
      vertex   -1.320000e+02 5.150566e+01 5.276047e+01
    endloop
  endfacet
  facet normal 1.000000e+00 -0.000000e+00 0.000000e+00
    outer loop
      vertex   -1.320000e+02 5.150566e+01 5.276047e+01
      vertex   -1.320000e+02 5.152845e+01 5.250000e+01
      vertex   -1.320000e+02 5.492845e+01 6.000000e+01
    endloop
  endfacet
  facet normal 1.000000e+00 0.000000e+00 0.000000e+00
    outer loop
      vertex   -1.320000e+02 5.492845e+01 6.000000e+01
      vertex   -1.320000e+02 5.152845e+01 5.250000e+01
      vertex   -1.320000e+02 5.150566e+01 5.223953e+01
    endloop
  endfacet
  facet normal 1.000000e+00 0.000000e+00 0.000000e+00
    outer loop
      vertex   -1.320000e+02 5.492845e+01 6.000000e+01
      vertex   -1.320000e+02 5.150566e+01 5.223953e+01
      vertex   -1.320000e+02 5.150566e+01 4.276047e+01
    endloop
  endfacet
  facet normal 1.000000e+00 0.000000e+00 0.000000e+00
    outer loop
      vertex   -1.320000e+02 5.150566e+01 4.276047e+01
      vertex   -1.320000e+02 5.150566e+01 5.223953e+01
      vertex   -1.320000e+02 5.143799e+01 4.301303e+01
    endloop
  endfacet
  facet normal 1.000000e+00 0.000000e+00 -0.000000e+00
    outer loop
      vertex   -1.320000e+02 5.143799e+01 4.301303e+01
      vertex   -1.320000e+02 5.150566e+01 5.223953e+01
      vertex   -1.320000e+02 5.143799e+01 5.198697e+01
    endloop
  endfacet
  facet normal 1.000000e+00 0.000000e+00 0.000000e+00
    outer loop
      vertex   -1.320000e+02 5.143799e+01 4.301303e+01
      vertex   -1.320000e+02 5.143799e+01 5.198697e+01
      vertex   -1.320000e+02 5.132749e+01 4.325000e+01
    endloop
  endfacet
  facet normal 1.000000e+00 0.000000e+00 -0.000000e+00
    outer loop
      vertex   -1.320000e+02 5.132749e+01 4.325000e+01
      vertex   -1.320000e+02 5.143799e+01 5.198697e+01
      vertex   -1.320000e+02 5.132749e+01 5.175000e+01
    endloop
  endfacet
  facet normal 1.000000e+00 0.000000e+00 0.000000e+00
    outer loop
      vertex   -1.320000e+02 5.132749e+01 4.325000e+01
      vertex   -1.320000e+02 5.132749e+01 5.175000e+01
      vertex   -1.320000e+02 5.117752e+01 4.346418e+01
    endloop
  endfacet
  facet normal 1.000000e+00 0.000000e+00 0.000000e+00
    outer loop
      vertex   -1.320000e+02 5.117752e+01 4.346418e+01
      vertex   -1.320000e+02 5.132749e+01 5.175000e+01
      vertex   -1.320000e+02 5.117752e+01 5.153582e+01
    endloop
  endfacet
  facet normal 1.000000e+00 0.000000e+00 -0.000000e+00
    outer loop
      vertex   -1.320000e+02 5.117752e+01 4.346418e+01
      vertex   -1.320000e+02 5.117752e+01 5.153582e+01
      vertex   -1.320000e+02 5.099263e+01 4.364907e+01
    endloop
  endfacet
  facet normal 1.000000e+00 0.000000e+00 0.000000e+00
    outer loop
      vertex   -1.320000e+02 5.099263e+01 4.364907e+01
      vertex   -1.320000e+02 5.117752e+01 5.153582e+01
      vertex   -1.320000e+02 5.099263e+01 5.135093e+01
    endloop
  endfacet
  facet normal 1.000000e+00 0.000000e+00 -0.000000e+00
    outer loop
      vertex   -1.320000e+02 5.099263e+01 4.364907e+01
      vertex   -1.320000e+02 5.099263e+01 5.135093e+01
      vertex   -1.320000e+02 5.077845e+01 4.379904e+01
    endloop
  endfacet
  facet normal 1.000000e+00 0.000000e+00 0.000000e+00
    outer loop
      vertex   -1.320000e+02 5.077845e+01 4.379904e+01
      vertex   -1.320000e+02 5.099263e+01 5.135093e+01
      vertex   -1.320000e+02 5.077845e+01 5.120096e+01
    endloop
  endfacet
  facet normal 1.000000e+00 0.000000e+00 -0.000000e+00
    outer loop
      vertex   -1.320000e+02 5.077845e+01 4.379904e+01
      vertex   -1.320000e+02 5.077845e+01 5.120096e+01
      vertex   -1.320000e+02 5.054148e+01 4.390954e+01
    endloop
  endfacet
  facet normal 1.000000e+00 0.000000e+00 0.000000e+00
    outer loop
      vertex   -1.320000e+02 5.054148e+01 4.390954e+01
      vertex   -1.320000e+02 5.077845e+01 5.120096e+01
      vertex   -1.320000e+02 5.054148e+01 5.109046e+01
    endloop
  endfacet
  facet normal 1.000000e+00 0.000000e+00 -0.000000e+00
    outer loop
      vertex   -1.320000e+02 5.054148e+01 4.390954e+01
      vertex   -1.320000e+02 5.054148e+01 5.109046e+01
      vertex   -1.320000e+02 5.028892e+01 4.397721e+01
    endloop
  endfacet
  facet normal 1.000000e+00 0.000000e+00 0.000000e+00
    outer loop
      vertex   -1.320000e+02 5.028892e+01 4.397721e+01
      vertex   -1.320000e+02 5.054148e+01 5.109046e+01
      vertex   -1.320000e+02 5.028892e+01 5.102279e+01
    endloop
  endfacet
  facet normal 1.000000e+00 0.000000e+00 -0.000000e+00
    outer loop
      vertex   -1.320000e+02 5.028892e+01 4.397721e+01
      vertex   -1.320000e+02 5.028892e+01 5.102279e+01
      vertex   -1.320000e+02 5.002845e+01 4.400000e+01
    endloop
  endfacet
  facet normal 1.000000e+00 0.000000e+00 0.000000e+00
    outer loop
      vertex   -1.320000e+02 5.002845e+01 4.400000e+01
      vertex   -1.320000e+02 5.028892e+01 5.102279e+01
      vertex   -1.320000e+02 5.002845e+01 5.100000e+01
    endloop
  endfacet
  facet normal 1.000000e+00 0.000000e+00 -0.000000e+00
    outer loop
      vertex   -1.320000e+02 5.002845e+01 4.400000e+01
      vertex   -1.320000e+02 5.002845e+01 5.100000e+01
      vertex   -1.320000e+02 4.976798e+01 4.397721e+01
    endloop
  endfacet
  facet normal 1.000000e+00 0.000000e+00 0.000000e+00
    outer loop
      vertex   -1.320000e+02 4.976798e+01 4.397721e+01
      vertex   -1.320000e+02 5.002845e+01 5.100000e+01
      vertex   -1.320000e+02 4.976798e+01 5.102279e+01
    endloop
  endfacet
  facet normal 1.000000e+00 0.000000e+00 -0.000000e+00
    outer loop
      vertex   -1.320000e+02 4.976798e+01 4.397721e+01
      vertex   -1.320000e+02 4.976798e+01 5.102279e+01
      vertex   -1.320000e+02 4.951542e+01 4.390954e+01
    endloop
  endfacet
  facet normal 1.000000e+00 0.000000e+00 0.000000e+00
    outer loop
      vertex   -1.320000e+02 4.951542e+01 4.390954e+01
      vertex   -1.320000e+02 4.976798e+01 5.102279e+01
      vertex   -1.320000e+02 4.951542e+01 5.109046e+01
    endloop
  endfacet
  facet normal 1.000000e+00 0.000000e+00 -0.000000e+00
    outer loop
      vertex   -1.320000e+02 4.951542e+01 4.390954e+01
      vertex   -1.320000e+02 4.951542e+01 5.109046e+01
      vertex   -1.320000e+02 4.927845e+01 4.379904e+01
    endloop
  endfacet
  facet normal 1.000000e+00 0.000000e+00 0.000000e+00
    outer loop
      vertex   -1.320000e+02 4.927845e+01 4.379904e+01
      vertex   -1.320000e+02 4.951542e+01 5.109046e+01
      vertex   -1.320000e+02 4.927845e+01 5.120096e+01
    endloop
  endfacet
  facet normal 1.000000e+00 0.000000e+00 -0.000000e+00
    outer loop
      vertex   -1.320000e+02 4.927845e+01 4.379904e+01
      vertex   -1.320000e+02 4.927845e+01 5.120096e+01
      vertex   -1.320000e+02 4.906427e+01 4.364907e+01
    endloop
  endfacet
  facet normal 1.000000e+00 0.000000e+00 0.000000e+00
    outer loop
      vertex   -1.320000e+02 4.906427e+01 4.364907e+01
      vertex   -1.320000e+02 4.927845e+01 5.120096e+01
      vertex   -1.320000e+02 4.906427e+01 5.135093e+01
    endloop
  endfacet
  facet normal 1.000000e+00 0.000000e+00 -0.000000e+00
    outer loop
      vertex   -1.320000e+02 4.906427e+01 4.364907e+01
      vertex   -1.320000e+02 4.906427e+01 5.135093e+01
      vertex   -1.320000e+02 4.887938e+01 4.346418e+01
    endloop
  endfacet
  facet normal 1.000000e+00 0.000000e+00 0.000000e+00
    outer loop
      vertex   -1.320000e+02 4.887938e+01 4.346418e+01
      vertex   -1.320000e+02 4.906427e+01 5.135093e+01
      vertex   -1.320000e+02 4.887938e+01 5.153582e+01
    endloop
  endfacet
  facet normal 1.000000e+00 0.000000e+00 -0.000000e+00
    outer loop
      vertex   -1.320000e+02 4.887938e+01 4.346418e+01
      vertex   -1.320000e+02 4.887938e+01 5.153582e+01
      vertex   -1.320000e+02 4.872941e+01 4.325000e+01
    endloop
  endfacet
  facet normal 1.000000e+00 0.000000e+00 0.000000e+00
    outer loop
      vertex   -1.320000e+02 4.872941e+01 4.325000e+01
      vertex   -1.320000e+02 4.887938e+01 5.153582e+01
      vertex   -1.320000e+02 4.872941e+01 5.175000e+01
    endloop
  endfacet
  facet normal 1.000000e+00 0.000000e+00 -0.000000e+00
    outer loop
      vertex   -1.320000e+02 4.872941e+01 4.325000e+01
      vertex   -1.320000e+02 4.872941e+01 5.175000e+01
      vertex   -1.320000e+02 4.861891e+01 4.301303e+01
    endloop
  endfacet
  facet normal 1.000000e+00 0.000000e+00 0.000000e+00
    outer loop
      vertex   -1.320000e+02 4.861891e+01 4.301303e+01
      vertex   -1.320000e+02 4.872941e+01 5.175000e+01
      vertex   -1.320000e+02 4.861891e+01 5.198697e+01
    endloop
  endfacet
  facet normal 1.000000e+00 0.000000e+00 -0.000000e+00
    outer loop
      vertex   -1.320000e+02 4.861891e+01 4.301303e+01
      vertex   -1.320000e+02 4.861891e+01 5.198697e+01
      vertex   -1.320000e+02 4.855124e+01 4.276047e+01
    endloop
  endfacet
  facet normal 1.000000e+00 0.000000e+00 0.000000e+00
    outer loop
      vertex   -1.320000e+02 4.855124e+01 4.276047e+01
      vertex   -1.320000e+02 4.861891e+01 5.198697e+01
      vertex   -1.320000e+02 4.855124e+01 5.223953e+01
    endloop
  endfacet
  facet normal 1.000000e+00 0.000000e+00 -0.000000e+00
    outer loop
      vertex   -1.320000e+02 4.855124e+01 4.276047e+01
      vertex   -1.320000e+02 4.855124e+01 5.223953e+01
      vertex   -1.320000e+02 4.502845e+01 6.000000e+01
    endloop
  endfacet
  facet normal 1.000000e+00 0.000000e+00 0.000000e+00
    outer loop
      vertex   -1.320000e+02 4.855124e+01 4.276047e+01
      vertex   -1.320000e+02 4.502845e+01 6.000000e+01
      vertex   -1.320000e+02 4.852845e+01 4.250000e+01
    endloop
  endfacet
  facet normal 1.000000e+00 0.000000e+00 0.000000e+00
    outer loop
      vertex   -1.320000e+02 4.852845e+01 4.250000e+01
      vertex   -1.320000e+02 4.502845e+01 6.000000e+01
      vertex   -1.320000e+02 4.502845e+01 3.000000e+01
    endloop
  endfacet
  facet normal 1.000000e+00 0.000000e+00 0.000000e+00
    outer loop
      vertex   -1.320000e+02 4.852845e+01 4.250000e+01
      vertex   -1.320000e+02 4.502845e+01 3.000000e+01
      vertex   -1.320000e+02 4.855124e+01 4.223953e+01
    endloop
  endfacet
  facet normal 1.000000e+00 0.000000e+00 0.000000e+00
    outer loop
      vertex   -1.320000e+02 4.855124e+01 4.223953e+01
      vertex   -1.320000e+02 4.502845e+01 3.000000e+01
      vertex   -1.320000e+02 4.861891e+01 4.198697e+01
    endloop
  endfacet
  facet normal 1.000000e+00 0.000000e+00 0.000000e+00
    outer loop
      vertex   -1.320000e+02 4.861891e+01 4.198697e+01
      vertex   -1.320000e+02 4.502845e+01 3.000000e+01
      vertex   -1.320000e+02 4.872941e+01 4.175000e+01
    endloop
  endfacet
  facet normal 1.000000e+00 0.000000e+00 0.000000e+00
    outer loop
      vertex   -1.320000e+02 4.872941e+01 4.175000e+01
      vertex   -1.320000e+02 4.502845e+01 3.000000e+01
      vertex   -1.320000e+02 4.887938e+01 4.153582e+01
    endloop
  endfacet
  facet normal 1.000000e+00 0.000000e+00 0.000000e+00
    outer loop
      vertex   -1.320000e+02 4.887938e+01 4.153582e+01
      vertex   -1.320000e+02 4.502845e+01 3.000000e+01
      vertex   -1.320000e+02 4.906427e+01 4.135093e+01
    endloop
  endfacet
  facet normal 1.000000e+00 0.000000e+00 0.000000e+00
    outer loop
      vertex   -1.320000e+02 4.906427e+01 4.135093e+01
      vertex   -1.320000e+02 4.502845e+01 3.000000e+01
      vertex   -1.320000e+02 4.927845e+01 4.120096e+01
    endloop
  endfacet
  facet normal 1.000000e+00 0.000000e+00 0.000000e+00
    outer loop
      vertex   -1.320000e+02 4.927845e+01 4.120096e+01
      vertex   -1.320000e+02 4.502845e+01 3.000000e+01
      vertex   -1.320000e+02 4.951542e+01 4.109046e+01
    endloop
  endfacet
  facet normal 1.000000e+00 0.000000e+00 0.000000e+00
    outer loop
      vertex   -1.320000e+02 4.951542e+01 4.109046e+01
      vertex   -1.320000e+02 4.502845e+01 3.000000e+01
      vertex   -1.320000e+02 4.976798e+01 4.102279e+01
    endloop
  endfacet
  facet normal 1.000000e+00 0.000000e+00 0.000000e+00
    outer loop
      vertex   -1.320000e+02 4.976798e+01 4.102279e+01
      vertex   -1.320000e+02 4.502845e+01 3.000000e+01
      vertex   -1.320000e+02 5.002845e+01 4.100000e+01
    endloop
  endfacet
  facet normal 1.000000e+00 0.000000e+00 0.000000e+00
    outer loop
      vertex   -1.320000e+02 5.002845e+01 4.100000e+01
      vertex   -1.320000e+02 4.502845e+01 3.000000e+01
      vertex   -1.320000e+02 5.492845e+01 3.000000e+01
    endloop
  endfacet
  facet normal 1.000000e+00 -0.000000e+00 0.000000e+00
    outer loop
      vertex   -1.320000e+02 5.002845e+01 4.100000e+01
      vertex   -1.320000e+02 5.492845e+01 3.000000e+01
      vertex   -1.320000e+02 5.028892e+01 4.102279e+01
    endloop
  endfacet
  facet normal 1.000000e+00 -0.000000e+00 0.000000e+00
    outer loop
      vertex   -1.320000e+02 5.028892e+01 4.102279e+01
      vertex   -1.320000e+02 5.492845e+01 3.000000e+01
      vertex   -1.320000e+02 5.054148e+01 4.109046e+01
    endloop
  endfacet
  facet normal 1.000000e+00 -0.000000e+00 0.000000e+00
    outer loop
      vertex   -1.320000e+02 5.054148e+01 4.109046e+01
      vertex   -1.320000e+02 5.492845e+01 3.000000e+01
      vertex   -1.320000e+02 5.077845e+01 4.120096e+01
    endloop
  endfacet
  facet normal 1.000000e+00 -0.000000e+00 0.000000e+00
    outer loop
      vertex   -1.320000e+02 5.077845e+01 4.120096e+01
      vertex   -1.320000e+02 5.492845e+01 3.000000e+01
      vertex   -1.320000e+02 5.099263e+01 4.135093e+01
    endloop
  endfacet
  facet normal 1.000000e+00 -0.000000e+00 0.000000e+00
    outer loop
      vertex   -1.320000e+02 5.099263e+01 4.135093e+01
      vertex   -1.320000e+02 5.492845e+01 3.000000e+01
      vertex   -1.320000e+02 5.117752e+01 4.153582e+01
    endloop
  endfacet
  facet normal 1.000000e+00 -0.000000e+00 0.000000e+00
    outer loop
      vertex   -1.320000e+02 5.117752e+01 4.153582e+01
      vertex   -1.320000e+02 5.492845e+01 3.000000e+01
      vertex   -1.320000e+02 5.132749e+01 4.175000e+01
    endloop
  endfacet
  facet normal 1.000000e+00 -0.000000e+00 0.000000e+00
    outer loop
      vertex   -1.320000e+02 5.132749e+01 4.175000e+01
      vertex   -1.320000e+02 5.492845e+01 3.000000e+01
      vertex   -1.320000e+02 5.143799e+01 4.198697e+01
    endloop
  endfacet
  facet normal 1.000000e+00 -0.000000e+00 0.000000e+00
    outer loop
      vertex   -1.320000e+02 5.143799e+01 4.198697e+01
      vertex   -1.320000e+02 5.492845e+01 3.000000e+01
      vertex   -1.320000e+02 5.150566e+01 4.223953e+01
    endloop
  endfacet
  facet normal 1.000000e+00 -0.000000e+00 0.000000e+00
    outer loop
      vertex   -1.320000e+02 5.150566e+01 4.223953e+01
      vertex   -1.320000e+02 5.492845e+01 3.000000e+01
      vertex   -1.320000e+02 5.152845e+01 4.250000e+01
    endloop
  endfacet
  facet normal 1.000000e+00 -0.000000e+00 0.000000e+00
    outer loop
      vertex   -1.320000e+02 5.152845e+01 4.250000e+01
      vertex   -1.320000e+02 5.492845e+01 3.000000e+01
      vertex   -1.320000e+02 5.492845e+01 6.000000e+01
    endloop
  endfacet
  facet normal 1.000000e+00 0.000000e+00 -0.000000e+00
    outer loop
      vertex   -1.320000e+02 5.152845e+01 4.250000e+01
      vertex   -1.320000e+02 5.492845e+01 6.000000e+01
      vertex   -1.320000e+02 5.150566e+01 4.276047e+01
    endloop
  endfacet
  facet normal 1.000000e+00 0.000000e+00 0.000000e+00
    outer loop
      vertex   -1.800000e+02 5.492845e+01 5.200000e+01
      vertex   -1.800000e+02 1.651285e+02 5.200000e+01
      vertex   -1.800000e+02 5.492845e+01 6.000000e+01
    endloop
  endfacet
  facet normal 1.000000e+00 -0.000000e+00 0.000000e+00
    outer loop
      vertex   -1.800000e+02 5.492845e+01 6.000000e+01
      vertex   -1.800000e+02 1.651285e+02 5.200000e+01
      vertex   -1.800000e+02 1.651285e+02 6.000000e+01
    endloop
  endfacet
  facet normal -1.000000e+00 -0.000000e+00 0.000000e+00
    outer loop
      vertex   -1.395000e+02 4.855124e+01 4.223953e+01
      vertex   -1.395000e+02 4.502845e+01 4.000000e+01
      vertex   -1.395000e+02 4.852845e+01 4.250000e+01
    endloop
  endfacet
  facet normal -1.000000e+00 -0.000000e+00 0.000000e+00
    outer loop
      vertex   -1.395000e+02 4.852845e+01 4.250000e+01
      vertex   -1.395000e+02 4.502845e+01 4.000000e+01
      vertex   -1.395000e+02 4.502845e+01 4.500000e+01
    endloop
  endfacet
  facet normal -1.000000e+00 0.000000e+00 0.000000e+00
    outer loop
      vertex   -1.395000e+02 4.852845e+01 4.250000e+01
      vertex   -1.395000e+02 4.502845e+01 4.500000e+01
      vertex   -1.395000e+02 4.855124e+01 4.276047e+01
    endloop
  endfacet
  facet normal -1.000000e+00 0.000000e+00 0.000000e+00
    outer loop
      vertex   -1.395000e+02 4.855124e+01 4.276047e+01
      vertex   -1.395000e+02 4.502845e+01 4.500000e+01
      vertex   -1.395000e+02 4.861891e+01 4.301303e+01
    endloop
  endfacet
  facet normal -1.000000e+00 0.000000e+00 0.000000e+00
    outer loop
      vertex   -1.395000e+02 4.861891e+01 4.301303e+01
      vertex   -1.395000e+02 4.502845e+01 4.500000e+01
      vertex   -1.395000e+02 4.872941e+01 4.325000e+01
    endloop
  endfacet
  facet normal -1.000000e+00 0.000000e+00 0.000000e+00
    outer loop
      vertex   -1.395000e+02 4.872941e+01 4.325000e+01
      vertex   -1.395000e+02 4.502845e+01 4.500000e+01
      vertex   -1.395000e+02 4.887938e+01 4.346418e+01
    endloop
  endfacet
  facet normal -1.000000e+00 0.000000e+00 0.000000e+00
    outer loop
      vertex   -1.395000e+02 4.887938e+01 4.346418e+01
      vertex   -1.395000e+02 4.502845e+01 4.500000e+01
      vertex   -1.395000e+02 4.906427e+01 4.364907e+01
    endloop
  endfacet
  facet normal -1.000000e+00 0.000000e+00 0.000000e+00
    outer loop
      vertex   -1.395000e+02 4.906427e+01 4.364907e+01
      vertex   -1.395000e+02 4.502845e+01 4.500000e+01
      vertex   -1.395000e+02 4.927845e+01 4.379904e+01
    endloop
  endfacet
  facet normal -1.000000e+00 0.000000e+00 0.000000e+00
    outer loop
      vertex   -1.395000e+02 4.927845e+01 4.379904e+01
      vertex   -1.395000e+02 4.502845e+01 4.500000e+01
      vertex   -1.395000e+02 4.951542e+01 4.390954e+01
    endloop
  endfacet
  facet normal -1.000000e+00 0.000000e+00 0.000000e+00
    outer loop
      vertex   -1.395000e+02 4.951542e+01 4.390954e+01
      vertex   -1.395000e+02 4.502845e+01 4.500000e+01
      vertex   -1.395000e+02 4.976798e+01 4.397721e+01
    endloop
  endfacet
  facet normal -1.000000e+00 0.000000e+00 0.000000e+00
    outer loop
      vertex   -1.395000e+02 4.976798e+01 4.397721e+01
      vertex   -1.395000e+02 4.502845e+01 4.500000e+01
      vertex   -1.395000e+02 5.002845e+01 4.400000e+01
    endloop
  endfacet
  facet normal -1.000000e+00 0.000000e+00 0.000000e+00
    outer loop
      vertex   -1.395000e+02 5.002845e+01 4.400000e+01
      vertex   -1.395000e+02 4.502845e+01 4.500000e+01
      vertex   -1.395000e+02 5.492845e+01 4.500000e+01
    endloop
  endfacet
  facet normal -1.000000e+00 0.000000e+00 0.000000e+00
    outer loop
      vertex   -1.395000e+02 5.002845e+01 4.400000e+01
      vertex   -1.395000e+02 5.492845e+01 4.500000e+01
      vertex   -1.395000e+02 5.028892e+01 4.397721e+01
    endloop
  endfacet
  facet normal -1.000000e+00 0.000000e+00 0.000000e+00
    outer loop
      vertex   -1.395000e+02 5.028892e+01 4.397721e+01
      vertex   -1.395000e+02 5.492845e+01 4.500000e+01
      vertex   -1.395000e+02 5.054148e+01 4.390954e+01
    endloop
  endfacet
  facet normal -1.000000e+00 0.000000e+00 0.000000e+00
    outer loop
      vertex   -1.395000e+02 5.054148e+01 4.390954e+01
      vertex   -1.395000e+02 5.492845e+01 4.500000e+01
      vertex   -1.395000e+02 5.077845e+01 4.379904e+01
    endloop
  endfacet
  facet normal -1.000000e+00 0.000000e+00 0.000000e+00
    outer loop
      vertex   -1.395000e+02 5.077845e+01 4.379904e+01
      vertex   -1.395000e+02 5.492845e+01 4.500000e+01
      vertex   -1.395000e+02 5.099263e+01 4.364907e+01
    endloop
  endfacet
  facet normal -1.000000e+00 0.000000e+00 0.000000e+00
    outer loop
      vertex   -1.395000e+02 5.099263e+01 4.364907e+01
      vertex   -1.395000e+02 5.492845e+01 4.500000e+01
      vertex   -1.395000e+02 5.117752e+01 4.346418e+01
    endloop
  endfacet
  facet normal -1.000000e+00 0.000000e+00 0.000000e+00
    outer loop
      vertex   -1.395000e+02 5.117752e+01 4.346418e+01
      vertex   -1.395000e+02 5.492845e+01 4.500000e+01
      vertex   -1.395000e+02 5.132749e+01 4.325000e+01
    endloop
  endfacet
  facet normal -1.000000e+00 0.000000e+00 0.000000e+00
    outer loop
      vertex   -1.395000e+02 5.132749e+01 4.325000e+01
      vertex   -1.395000e+02 5.492845e+01 4.500000e+01
      vertex   -1.395000e+02 5.143799e+01 4.301303e+01
    endloop
  endfacet
  facet normal -1.000000e+00 0.000000e+00 0.000000e+00
    outer loop
      vertex   -1.395000e+02 5.143799e+01 4.301303e+01
      vertex   -1.395000e+02 5.492845e+01 4.500000e+01
      vertex   -1.395000e+02 5.150566e+01 4.276047e+01
    endloop
  endfacet
  facet normal -1.000000e+00 0.000000e+00 0.000000e+00
    outer loop
      vertex   -1.395000e+02 5.150566e+01 4.276047e+01
      vertex   -1.395000e+02 5.492845e+01 4.500000e+01
      vertex   -1.395000e+02 5.152845e+01 4.250000e+01
    endloop
  endfacet
  facet normal -1.000000e+00 0.000000e+00 0.000000e+00
    outer loop
      vertex   -1.395000e+02 5.152845e+01 4.250000e+01
      vertex   -1.395000e+02 5.492845e+01 4.500000e+01
      vertex   -1.395000e+02 5.492845e+01 4.000000e+01
    endloop
  endfacet
  facet normal -1.000000e+00 0.000000e+00 -0.000000e+00
    outer loop
      vertex   -1.395000e+02 5.152845e+01 4.250000e+01
      vertex   -1.395000e+02 5.492845e+01 4.000000e+01
      vertex   -1.395000e+02 5.150566e+01 4.223953e+01
    endloop
  endfacet
  facet normal -1.000000e+00 0.000000e+00 -0.000000e+00
    outer loop
      vertex   -1.395000e+02 5.150566e+01 4.223953e+01
      vertex   -1.395000e+02 5.492845e+01 4.000000e+01
      vertex   -1.395000e+02 5.143799e+01 4.198697e+01
    endloop
  endfacet
  facet normal -1.000000e+00 0.000000e+00 -0.000000e+00
    outer loop
      vertex   -1.395000e+02 5.143799e+01 4.198697e+01
      vertex   -1.395000e+02 5.492845e+01 4.000000e+01
      vertex   -1.395000e+02 5.132749e+01 4.175000e+01
    endloop
  endfacet
  facet normal -1.000000e+00 0.000000e+00 -0.000000e+00
    outer loop
      vertex   -1.395000e+02 5.132749e+01 4.175000e+01
      vertex   -1.395000e+02 5.492845e+01 4.000000e+01
      vertex   -1.395000e+02 5.117752e+01 4.153582e+01
    endloop
  endfacet
  facet normal -1.000000e+00 0.000000e+00 -0.000000e+00
    outer loop
      vertex   -1.395000e+02 5.117752e+01 4.153582e+01
      vertex   -1.395000e+02 5.492845e+01 4.000000e+01
      vertex   -1.395000e+02 5.099263e+01 4.135093e+01
    endloop
  endfacet
  facet normal -1.000000e+00 0.000000e+00 -0.000000e+00
    outer loop
      vertex   -1.395000e+02 5.099263e+01 4.135093e+01
      vertex   -1.395000e+02 5.492845e+01 4.000000e+01
      vertex   -1.395000e+02 5.077845e+01 4.120096e+01
    endloop
  endfacet
  facet normal -1.000000e+00 0.000000e+00 -0.000000e+00
    outer loop
      vertex   -1.395000e+02 5.077845e+01 4.120096e+01
      vertex   -1.395000e+02 5.492845e+01 4.000000e+01
      vertex   -1.395000e+02 5.054148e+01 4.109046e+01
    endloop
  endfacet
  facet normal -1.000000e+00 0.000000e+00 -0.000000e+00
    outer loop
      vertex   -1.395000e+02 5.054148e+01 4.109046e+01
      vertex   -1.395000e+02 5.492845e+01 4.000000e+01
      vertex   -1.395000e+02 5.028892e+01 4.102279e+01
    endloop
  endfacet
  facet normal -1.000000e+00 0.000000e+00 -0.000000e+00
    outer loop
      vertex   -1.395000e+02 5.028892e+01 4.102279e+01
      vertex   -1.395000e+02 5.492845e+01 4.000000e+01
      vertex   -1.395000e+02 5.002845e+01 4.100000e+01
    endloop
  endfacet
  facet normal -1.000000e+00 0.000000e+00 -0.000000e+00
    outer loop
      vertex   -1.395000e+02 5.002845e+01 4.100000e+01
      vertex   -1.395000e+02 5.492845e+01 4.000000e+01
      vertex   -1.395000e+02 4.502845e+01 4.000000e+01
    endloop
  endfacet
  facet normal -1.000000e+00 -0.000000e+00 0.000000e+00
    outer loop
      vertex   -1.395000e+02 5.002845e+01 4.100000e+01
      vertex   -1.395000e+02 4.502845e+01 4.000000e+01
      vertex   -1.395000e+02 4.976798e+01 4.102279e+01
    endloop
  endfacet
  facet normal -1.000000e+00 -0.000000e+00 0.000000e+00
    outer loop
      vertex   -1.395000e+02 4.976798e+01 4.102279e+01
      vertex   -1.395000e+02 4.502845e+01 4.000000e+01
      vertex   -1.395000e+02 4.951542e+01 4.109046e+01
    endloop
  endfacet
  facet normal -1.000000e+00 -0.000000e+00 0.000000e+00
    outer loop
      vertex   -1.395000e+02 4.951542e+01 4.109046e+01
      vertex   -1.395000e+02 4.502845e+01 4.000000e+01
      vertex   -1.395000e+02 4.927845e+01 4.120096e+01
    endloop
  endfacet
  facet normal -1.000000e+00 -0.000000e+00 0.000000e+00
    outer loop
      vertex   -1.395000e+02 4.927845e+01 4.120096e+01
      vertex   -1.395000e+02 4.502845e+01 4.000000e+01
      vertex   -1.395000e+02 4.906427e+01 4.135093e+01
    endloop
  endfacet
  facet normal -1.000000e+00 -0.000000e+00 0.000000e+00
    outer loop
      vertex   -1.395000e+02 4.906427e+01 4.135093e+01
      vertex   -1.395000e+02 4.502845e+01 4.000000e+01
      vertex   -1.395000e+02 4.887938e+01 4.153582e+01
    endloop
  endfacet
  facet normal -1.000000e+00 -0.000000e+00 0.000000e+00
    outer loop
      vertex   -1.395000e+02 4.887938e+01 4.153582e+01
      vertex   -1.395000e+02 4.502845e+01 4.000000e+01
      vertex   -1.395000e+02 4.872941e+01 4.175000e+01
    endloop
  endfacet
  facet normal -1.000000e+00 -0.000000e+00 0.000000e+00
    outer loop
      vertex   -1.395000e+02 4.872941e+01 4.175000e+01
      vertex   -1.395000e+02 4.502845e+01 4.000000e+01
      vertex   -1.395000e+02 4.861891e+01 4.198697e+01
    endloop
  endfacet
  facet normal -1.000000e+00 -0.000000e+00 0.000000e+00
    outer loop
      vertex   -1.395000e+02 4.861891e+01 4.198697e+01
      vertex   -1.395000e+02 4.502845e+01 4.000000e+01
      vertex   -1.395000e+02 4.855124e+01 4.223953e+01
    endloop
  endfacet
  facet normal 0.000000e+00 0.000000e+00 1.000000e+00
    outer loop
      vertex   -1.425000e+02 4.502845e+01 4.000000e+01
      vertex   -1.395000e+02 4.502845e+01 4.000000e+01
      vertex   -1.425000e+02 5.492845e+01 4.000000e+01
    endloop
  endfacet
  facet normal -0.000000e+00 0.000000e+00 1.000000e+00
    outer loop
      vertex   -1.425000e+02 5.492845e+01 4.000000e+01
      vertex   -1.395000e+02 4.502845e+01 4.000000e+01
      vertex   -1.395000e+02 5.492845e+01 4.000000e+01
    endloop
  endfacet
  facet normal 1.000000e+00 -0.000000e+00 0.000000e+00
    outer loop
      vertex   -1.425000e+02 4.502845e+01 4.500000e+01
      vertex   -1.425000e+02 4.502845e+01 4.000000e+01
      vertex   -1.425000e+02 5.492845e+01 4.500000e+01
    endloop
  endfacet
  facet normal 1.000000e+00 0.000000e+00 0.000000e+00
    outer loop
      vertex   -1.425000e+02 5.492845e+01 4.500000e+01
      vertex   -1.425000e+02 4.502845e+01 4.000000e+01
      vertex   -1.425000e+02 5.492845e+01 4.000000e+01
    endloop
  endfacet
  facet normal 0.000000e+00 0.000000e+00 -1.000000e+00
    outer loop
      vertex   -1.395000e+02 4.502845e+01 4.500000e+01
      vertex   -1.425000e+02 4.502845e+01 4.500000e+01
      vertex   -1.395000e+02 5.492845e+01 4.500000e+01
    endloop
  endfacet
  facet normal -0.000000e+00 0.000000e+00 -1.000000e+00
    outer loop
      vertex   -1.395000e+02 5.492845e+01 4.500000e+01
      vertex   -1.425000e+02 4.502845e+01 4.500000e+01
      vertex   -1.425000e+02 5.492845e+01 4.500000e+01
    endloop
  endfacet
  facet normal -1.000000e+00 -0.000000e+00 0.000000e+00
    outer loop
      vertex   -1.395000e+02 4.855124e+01 5.223953e+01
      vertex   -1.395000e+02 4.502845e+01 5.000000e+01
      vertex   -1.395000e+02 4.852845e+01 5.250000e+01
    endloop
  endfacet
  facet normal -1.000000e+00 -0.000000e+00 0.000000e+00
    outer loop
      vertex   -1.395000e+02 4.852845e+01 5.250000e+01
      vertex   -1.395000e+02 4.502845e+01 5.000000e+01
      vertex   -1.395000e+02 4.502845e+01 5.500000e+01
    endloop
  endfacet
  facet normal -1.000000e+00 0.000000e+00 0.000000e+00
    outer loop
      vertex   -1.395000e+02 4.852845e+01 5.250000e+01
      vertex   -1.395000e+02 4.502845e+01 5.500000e+01
      vertex   -1.395000e+02 4.855124e+01 5.276047e+01
    endloop
  endfacet
  facet normal -1.000000e+00 0.000000e+00 0.000000e+00
    outer loop
      vertex   -1.395000e+02 4.855124e+01 5.276047e+01
      vertex   -1.395000e+02 4.502845e+01 5.500000e+01
      vertex   -1.395000e+02 4.861891e+01 5.301303e+01
    endloop
  endfacet
  facet normal -1.000000e+00 0.000000e+00 0.000000e+00
    outer loop
      vertex   -1.395000e+02 4.861891e+01 5.301303e+01
      vertex   -1.395000e+02 4.502845e+01 5.500000e+01
      vertex   -1.395000e+02 4.872941e+01 5.325000e+01
    endloop
  endfacet
  facet normal -1.000000e+00 0.000000e+00 0.000000e+00
    outer loop
      vertex   -1.395000e+02 4.872941e+01 5.325000e+01
      vertex   -1.395000e+02 4.502845e+01 5.500000e+01
      vertex   -1.395000e+02 4.887938e+01 5.346418e+01
    endloop
  endfacet
  facet normal -1.000000e+00 0.000000e+00 0.000000e+00
    outer loop
      vertex   -1.395000e+02 4.887938e+01 5.346418e+01
      vertex   -1.395000e+02 4.502845e+01 5.500000e+01
      vertex   -1.395000e+02 4.906427e+01 5.364907e+01
    endloop
  endfacet
  facet normal -1.000000e+00 0.000000e+00 0.000000e+00
    outer loop
      vertex   -1.395000e+02 4.906427e+01 5.364907e+01
      vertex   -1.395000e+02 4.502845e+01 5.500000e+01
      vertex   -1.395000e+02 4.927845e+01 5.379904e+01
    endloop
  endfacet
  facet normal -1.000000e+00 0.000000e+00 0.000000e+00
    outer loop
      vertex   -1.395000e+02 4.927845e+01 5.379904e+01
      vertex   -1.395000e+02 4.502845e+01 5.500000e+01
      vertex   -1.395000e+02 4.951542e+01 5.390954e+01
    endloop
  endfacet
  facet normal -1.000000e+00 0.000000e+00 0.000000e+00
    outer loop
      vertex   -1.395000e+02 4.951542e+01 5.390954e+01
      vertex   -1.395000e+02 4.502845e+01 5.500000e+01
      vertex   -1.395000e+02 4.976798e+01 5.397721e+01
    endloop
  endfacet
  facet normal -1.000000e+00 0.000000e+00 0.000000e+00
    outer loop
      vertex   -1.395000e+02 4.976798e+01 5.397721e+01
      vertex   -1.395000e+02 4.502845e+01 5.500000e+01
      vertex   -1.395000e+02 5.002845e+01 5.400000e+01
    endloop
  endfacet
  facet normal -1.000000e+00 0.000000e+00 0.000000e+00
    outer loop
      vertex   -1.395000e+02 5.002845e+01 5.400000e+01
      vertex   -1.395000e+02 4.502845e+01 5.500000e+01
      vertex   -1.395000e+02 5.492845e+01 5.500000e+01
    endloop
  endfacet
  facet normal -1.000000e+00 0.000000e+00 0.000000e+00
    outer loop
      vertex   -1.395000e+02 5.002845e+01 5.400000e+01
      vertex   -1.395000e+02 5.492845e+01 5.500000e+01
      vertex   -1.395000e+02 5.028892e+01 5.397721e+01
    endloop
  endfacet
  facet normal -1.000000e+00 0.000000e+00 0.000000e+00
    outer loop
      vertex   -1.395000e+02 5.028892e+01 5.397721e+01
      vertex   -1.395000e+02 5.492845e+01 5.500000e+01
      vertex   -1.395000e+02 5.054148e+01 5.390954e+01
    endloop
  endfacet
  facet normal -1.000000e+00 0.000000e+00 0.000000e+00
    outer loop
      vertex   -1.395000e+02 5.054148e+01 5.390954e+01
      vertex   -1.395000e+02 5.492845e+01 5.500000e+01
      vertex   -1.395000e+02 5.077845e+01 5.379904e+01
    endloop
  endfacet
  facet normal -1.000000e+00 0.000000e+00 0.000000e+00
    outer loop
      vertex   -1.395000e+02 5.077845e+01 5.379904e+01
      vertex   -1.395000e+02 5.492845e+01 5.500000e+01
      vertex   -1.395000e+02 5.099263e+01 5.364907e+01
    endloop
  endfacet
  facet normal -1.000000e+00 0.000000e+00 0.000000e+00
    outer loop
      vertex   -1.395000e+02 5.099263e+01 5.364907e+01
      vertex   -1.395000e+02 5.492845e+01 5.500000e+01
      vertex   -1.395000e+02 5.117752e+01 5.346418e+01
    endloop
  endfacet
  facet normal -1.000000e+00 0.000000e+00 0.000000e+00
    outer loop
      vertex   -1.395000e+02 5.117752e+01 5.346418e+01
      vertex   -1.395000e+02 5.492845e+01 5.500000e+01
      vertex   -1.395000e+02 5.132749e+01 5.325000e+01
    endloop
  endfacet
  facet normal -1.000000e+00 0.000000e+00 0.000000e+00
    outer loop
      vertex   -1.395000e+02 5.132749e+01 5.325000e+01
      vertex   -1.395000e+02 5.492845e+01 5.500000e+01
      vertex   -1.395000e+02 5.143799e+01 5.301303e+01
    endloop
  endfacet
  facet normal -1.000000e+00 0.000000e+00 0.000000e+00
    outer loop
      vertex   -1.395000e+02 5.143799e+01 5.301303e+01
      vertex   -1.395000e+02 5.492845e+01 5.500000e+01
      vertex   -1.395000e+02 5.150566e+01 5.276047e+01
    endloop
  endfacet
  facet normal -1.000000e+00 0.000000e+00 0.000000e+00
    outer loop
      vertex   -1.395000e+02 5.150566e+01 5.276047e+01
      vertex   -1.395000e+02 5.492845e+01 5.500000e+01
      vertex   -1.395000e+02 5.152845e+01 5.250000e+01
    endloop
  endfacet
  facet normal -1.000000e+00 0.000000e+00 0.000000e+00
    outer loop
      vertex   -1.395000e+02 5.152845e+01 5.250000e+01
      vertex   -1.395000e+02 5.492845e+01 5.500000e+01
      vertex   -1.395000e+02 5.492845e+01 5.000000e+01
    endloop
  endfacet
  facet normal -1.000000e+00 0.000000e+00 -0.000000e+00
    outer loop
      vertex   -1.395000e+02 5.152845e+01 5.250000e+01
      vertex   -1.395000e+02 5.492845e+01 5.000000e+01
      vertex   -1.395000e+02 5.150566e+01 5.223953e+01
    endloop
  endfacet
  facet normal -1.000000e+00 0.000000e+00 -0.000000e+00
    outer loop
      vertex   -1.395000e+02 5.150566e+01 5.223953e+01
      vertex   -1.395000e+02 5.492845e+01 5.000000e+01
      vertex   -1.395000e+02 5.143799e+01 5.198697e+01
    endloop
  endfacet
  facet normal -1.000000e+00 0.000000e+00 -0.000000e+00
    outer loop
      vertex   -1.395000e+02 5.143799e+01 5.198697e+01
      vertex   -1.395000e+02 5.492845e+01 5.000000e+01
      vertex   -1.395000e+02 5.132749e+01 5.175000e+01
    endloop
  endfacet
  facet normal -1.000000e+00 0.000000e+00 -0.000000e+00
    outer loop
      vertex   -1.395000e+02 5.132749e+01 5.175000e+01
      vertex   -1.395000e+02 5.492845e+01 5.000000e+01
      vertex   -1.395000e+02 5.117752e+01 5.153582e+01
    endloop
  endfacet
  facet normal -1.000000e+00 0.000000e+00 -0.000000e+00
    outer loop
      vertex   -1.395000e+02 5.117752e+01 5.153582e+01
      vertex   -1.395000e+02 5.492845e+01 5.000000e+01
      vertex   -1.395000e+02 5.099263e+01 5.135093e+01
    endloop
  endfacet
  facet normal -1.000000e+00 0.000000e+00 -0.000000e+00
    outer loop
      vertex   -1.395000e+02 5.099263e+01 5.135093e+01
      vertex   -1.395000e+02 5.492845e+01 5.000000e+01
      vertex   -1.395000e+02 5.077845e+01 5.120096e+01
    endloop
  endfacet
  facet normal -1.000000e+00 0.000000e+00 -0.000000e+00
    outer loop
      vertex   -1.395000e+02 5.077845e+01 5.120096e+01
      vertex   -1.395000e+02 5.492845e+01 5.000000e+01
      vertex   -1.395000e+02 5.054148e+01 5.109046e+01
    endloop
  endfacet
  facet normal -1.000000e+00 0.000000e+00 -0.000000e+00
    outer loop
      vertex   -1.395000e+02 5.054148e+01 5.109046e+01
      vertex   -1.395000e+02 5.492845e+01 5.000000e+01
      vertex   -1.395000e+02 5.028892e+01 5.102279e+01
    endloop
  endfacet
  facet normal -1.000000e+00 0.000000e+00 -0.000000e+00
    outer loop
      vertex   -1.395000e+02 5.028892e+01 5.102279e+01
      vertex   -1.395000e+02 5.492845e+01 5.000000e+01
      vertex   -1.395000e+02 5.002845e+01 5.100000e+01
    endloop
  endfacet
  facet normal -1.000000e+00 0.000000e+00 -0.000000e+00
    outer loop
      vertex   -1.395000e+02 5.002845e+01 5.100000e+01
      vertex   -1.395000e+02 5.492845e+01 5.000000e+01
      vertex   -1.395000e+02 4.502845e+01 5.000000e+01
    endloop
  endfacet
  facet normal -1.000000e+00 -0.000000e+00 0.000000e+00
    outer loop
      vertex   -1.395000e+02 5.002845e+01 5.100000e+01
      vertex   -1.395000e+02 4.502845e+01 5.000000e+01
      vertex   -1.395000e+02 4.976798e+01 5.102279e+01
    endloop
  endfacet
  facet normal -1.000000e+00 -0.000000e+00 0.000000e+00
    outer loop
      vertex   -1.395000e+02 4.976798e+01 5.102279e+01
      vertex   -1.395000e+02 4.502845e+01 5.000000e+01
      vertex   -1.395000e+02 4.951542e+01 5.109046e+01
    endloop
  endfacet
  facet normal -1.000000e+00 -0.000000e+00 0.000000e+00
    outer loop
      vertex   -1.395000e+02 4.951542e+01 5.109046e+01
      vertex   -1.395000e+02 4.502845e+01 5.000000e+01
      vertex   -1.395000e+02 4.927845e+01 5.120096e+01
    endloop
  endfacet
  facet normal -1.000000e+00 -0.000000e+00 0.000000e+00
    outer loop
      vertex   -1.395000e+02 4.927845e+01 5.120096e+01
      vertex   -1.395000e+02 4.502845e+01 5.000000e+01
      vertex   -1.395000e+02 4.906427e+01 5.135093e+01
    endloop
  endfacet
  facet normal -1.000000e+00 -0.000000e+00 0.000000e+00
    outer loop
      vertex   -1.395000e+02 4.906427e+01 5.135093e+01
      vertex   -1.395000e+02 4.502845e+01 5.000000e+01
      vertex   -1.395000e+02 4.887938e+01 5.153582e+01
    endloop
  endfacet
  facet normal -1.000000e+00 -0.000000e+00 0.000000e+00
    outer loop
      vertex   -1.395000e+02 4.887938e+01 5.153582e+01
      vertex   -1.395000e+02 4.502845e+01 5.000000e+01
      vertex   -1.395000e+02 4.872941e+01 5.175000e+01
    endloop
  endfacet
  facet normal -1.000000e+00 -0.000000e+00 0.000000e+00
    outer loop
      vertex   -1.395000e+02 4.872941e+01 5.175000e+01
      vertex   -1.395000e+02 4.502845e+01 5.000000e+01
      vertex   -1.395000e+02 4.861891e+01 5.198697e+01
    endloop
  endfacet
  facet normal -1.000000e+00 -0.000000e+00 0.000000e+00
    outer loop
      vertex   -1.395000e+02 4.861891e+01 5.198697e+01
      vertex   -1.395000e+02 4.502845e+01 5.000000e+01
      vertex   -1.395000e+02 4.855124e+01 5.223953e+01
    endloop
  endfacet
  facet normal 0.000000e+00 0.000000e+00 1.000000e+00
    outer loop
      vertex   -1.425000e+02 4.502845e+01 5.000000e+01
      vertex   -1.395000e+02 4.502845e+01 5.000000e+01
      vertex   -1.425000e+02 5.492845e+01 5.000000e+01
    endloop
  endfacet
  facet normal -0.000000e+00 0.000000e+00 1.000000e+00
    outer loop
      vertex   -1.425000e+02 5.492845e+01 5.000000e+01
      vertex   -1.395000e+02 4.502845e+01 5.000000e+01
      vertex   -1.395000e+02 5.492845e+01 5.000000e+01
    endloop
  endfacet
  facet normal 1.000000e+00 -0.000000e+00 0.000000e+00
    outer loop
      vertex   -1.425000e+02 4.502845e+01 5.500000e+01
      vertex   -1.425000e+02 4.502845e+01 5.000000e+01
      vertex   -1.425000e+02 5.492845e+01 5.500000e+01
    endloop
  endfacet
  facet normal 1.000000e+00 0.000000e+00 0.000000e+00
    outer loop
      vertex   -1.425000e+02 5.492845e+01 5.500000e+01
      vertex   -1.425000e+02 4.502845e+01 5.000000e+01
      vertex   -1.425000e+02 5.492845e+01 5.000000e+01
    endloop
  endfacet
  facet normal 0.000000e+00 0.000000e+00 -1.000000e+00
    outer loop
      vertex   -1.395000e+02 4.502845e+01 5.500000e+01
      vertex   -1.425000e+02 4.502845e+01 5.500000e+01
      vertex   -1.395000e+02 5.492845e+01 5.500000e+01
    endloop
  endfacet
  facet normal -0.000000e+00 0.000000e+00 -1.000000e+00
    outer loop
      vertex   -1.395000e+02 5.492845e+01 5.500000e+01
      vertex   -1.425000e+02 4.502845e+01 5.500000e+01
      vertex   -1.425000e+02 5.492845e+01 5.500000e+01
    endloop
  endfacet
  facet normal 0.000000e+00 0.000000e+00 -1.000000e+00
    outer loop
      vertex   -1.800000e+02 4.502845e+01 3.000000e+01
      vertex   -1.800000e+02 5.492845e+01 3.000000e+01
      vertex   -1.320000e+02 4.502845e+01 3.000000e+01
    endloop
  endfacet
  facet normal 0.000000e+00 0.000000e+00 -1.000000e+00
    outer loop
      vertex   -1.320000e+02 4.502845e+01 3.000000e+01
      vertex   -1.800000e+02 5.492845e+01 3.000000e+01
      vertex   -1.320000e+02 5.492845e+01 3.000000e+01
    endloop
  endfacet
  facet normal 2.976607e-16 0.000000e+00 1.000000e+00
    outer loop
      vertex   -1.322582e+02 1.651285e+02 1.222879e+01
      vertex   -1.800000e+02 1.651285e+02 1.222879e+01
      vertex   -1.322582e+02 1.651058e+02 1.222879e+01
    endloop
  endfacet
  facet normal 2.976607e-16 0.000000e+00 1.000000e+00
    outer loop
      vertex   -1.322582e+02 1.651058e+02 1.222879e+01
      vertex   -1.800000e+02 1.651285e+02 1.222879e+01
      vertex   -1.800000e+02 1.651058e+02 1.222879e+01
    endloop
  endfacet
  facet normal 0.000000e+00 -9.999999e-01 4.741422e-04
    outer loop
      vertex   -1.337335e+02 1.651038e+02 7.999953e+00
      vertex   -1.332467e+02 1.651043e+02 9.012676e+00
      vertex   -1.610000e+02 1.651038e+02 7.999953e+00
    endloop
  endfacet
  facet normal 1.202645e-15 -9.999999e-01 4.741422e-04
    outer loop
      vertex   -1.610000e+02 1.651038e+02 7.999953e+00
      vertex   -1.332467e+02 1.651043e+02 9.012676e+00
      vertex   -1.328371e+02 1.651048e+02 1.005900e+01
    endloop
  endfacet
  facet normal 2.286022e-16 -9.999999e-01 4.741422e-04
    outer loop
      vertex   -1.610000e+02 1.651038e+02 7.999953e+00
      vertex   -1.328371e+02 1.651048e+02 1.005900e+01
      vertex   -1.800000e+02 1.651058e+02 1.222879e+01
    endloop
  endfacet
  facet normal 4.493625e-16 -9.999999e-01 4.741422e-04
    outer loop
      vertex   -1.800000e+02 1.651058e+02 1.222879e+01
      vertex   -1.328371e+02 1.651048e+02 1.005900e+01
      vertex   -1.325070e+02 1.651053e+02 1.113304e+01
    endloop
  endfacet
  facet normal 5.954625e-16 -9.999999e-01 4.741422e-04
    outer loop
      vertex   -1.800000e+02 1.651058e+02 1.222879e+01
      vertex   -1.325070e+02 1.651053e+02 1.113304e+01
      vertex   -1.322582e+02 1.651058e+02 1.222879e+01
    endloop
  endfacet
  facet normal 1.387571e-15 -9.999999e-01 4.741422e-04
    outer loop
      vertex   -1.800000e+02 1.651058e+02 1.222879e+01
      vertex   -1.800000e+02 1.651038e+02 8.000000e+00
      vertex   -1.610000e+02 1.651038e+02 7.999953e+00
    endloop
  endfacet
  facet normal 0.000000e+00 3.056935e-07 1.000000e+00
    outer loop
      vertex   -1.610000e+02 1.000000e+01 8.000000e+00
      vertex   -1.610000e+02 1.651038e+02 7.999953e+00
      vertex   -1.800000e+02 1.000000e+01 8.000000e+00
    endloop
  endfacet
  facet normal 2.495485e-06 -2.290539e-17 1.000000e+00
    outer loop
      vertex   -1.800000e+02 1.000000e+01 8.000000e+00
      vertex   -1.610000e+02 1.651038e+02 7.999953e+00
      vertex   -1.800000e+02 1.651038e+02 8.000000e+00
    endloop
  endfacet
  facet normal 0.000000e+00 -8.715574e-02 9.961947e-01
    outer loop
      vertex   -1.800000e+02 -9.548515e+00 4.199759e+01
      vertex   -1.900000e+02 -9.548515e+00 4.199759e+01
      vertex   -1.800000e+02 -1.000000e+01 4.195809e+01
    endloop
  endfacet
  facet normal 0.000000e+00 -8.715574e-02 9.961947e-01
    outer loop
      vertex   -1.800000e+02 -1.000000e+01 4.195809e+01
      vertex   -1.900000e+02 -9.548515e+00 4.199759e+01
      vertex   -1.900000e+02 -1.000000e+01 4.195809e+01
    endloop
  endfacet
  facet normal 0.000000e+00 8.715574e-02 9.961947e-01
    outer loop
      vertex   -1.800000e+02 -1.000000e+01 4.195809e+01
      vertex   -1.900000e+02 -1.000000e+01 4.195809e+01
      vertex   -1.800000e+02 -1.045149e+01 4.199759e+01
    endloop
  endfacet
  facet normal 0.000000e+00 8.715574e-02 9.961947e-01
    outer loop
      vertex   -1.800000e+02 -1.045149e+01 4.199759e+01
      vertex   -1.900000e+02 -1.000000e+01 4.195809e+01
      vertex   -1.900000e+02 -1.045149e+01 4.199759e+01
    endloop
  endfacet
  facet normal 0.000000e+00 2.588190e-01 9.659258e-01
    outer loop
      vertex   -1.800000e+02 -1.045149e+01 4.199759e+01
      vertex   -1.900000e+02 -1.045149e+01 4.199759e+01
      vertex   -1.800000e+02 -1.088925e+01 4.211489e+01
    endloop
  endfacet
  facet normal -4.597550e-17 2.588190e-01 9.659258e-01
    outer loop
      vertex   -1.800000e+02 -1.088925e+01 4.211489e+01
      vertex   -1.900000e+02 -1.045149e+01 4.199759e+01
      vertex   -1.900000e+02 -1.088925e+01 4.211489e+01
    endloop
  endfacet
  facet normal -7.507208e-17 4.226183e-01 9.063078e-01
    outer loop
      vertex   -1.800000e+02 -1.088925e+01 4.211489e+01
      vertex   -1.900000e+02 -1.088925e+01 4.211489e+01
      vertex   -1.800000e+02 -1.130000e+01 4.230642e+01
    endloop
  endfacet
  facet normal -1.501442e-16 4.226183e-01 9.063078e-01
    outer loop
      vertex   -1.800000e+02 -1.130000e+01 4.230642e+01
      vertex   -1.900000e+02 -1.088925e+01 4.211489e+01
      vertex   -1.900000e+02 -1.130000e+01 4.230642e+01
    endloop
  endfacet
  facet normal -2.037753e-16 5.735764e-01 8.191520e-01
    outer loop
      vertex   -1.800000e+02 -1.130000e+01 4.230642e+01
      vertex   -1.900000e+02 -1.130000e+01 4.230642e+01
      vertex   -1.800000e+02 -1.167125e+01 4.256637e+01
    endloop
  endfacet
  facet normal -1.018876e-16 5.735764e-01 8.191520e-01
    outer loop
      vertex   -1.800000e+02 -1.167125e+01 4.256637e+01
      vertex   -1.900000e+02 -1.130000e+01 4.230642e+01
      vertex   -1.900000e+02 -1.167125e+01 4.256637e+01
    endloop
  endfacet
  facet normal -1.256074e-16 7.071068e-01 7.071068e-01
    outer loop
      vertex   -1.800000e+02 -1.167125e+01 4.256637e+01
      vertex   -1.900000e+02 -1.167125e+01 4.256637e+01
      vertex   -1.800000e+02 -1.199172e+01 4.288684e+01
    endloop
  endfacet
  facet normal 0.000000e+00 7.071068e-01 7.071068e-01
    outer loop
      vertex   -1.800000e+02 -1.199172e+01 4.288684e+01
      vertex   -1.900000e+02 -1.167125e+01 4.256637e+01
      vertex   -1.900000e+02 -1.199172e+01 4.288684e+01
    endloop
  endfacet
  facet normal 0.000000e+00 8.191520e-01 5.735764e-01
    outer loop
      vertex   -1.800000e+02 -1.199172e+01 4.288684e+01
      vertex   -1.900000e+02 -1.199172e+01 4.288684e+01
      vertex   -1.800000e+02 -1.225167e+01 4.325809e+01
    endloop
  endfacet
  facet normal 0.000000e+00 8.191520e-01 5.735764e-01
    outer loop
      vertex   -1.800000e+02 -1.225167e+01 4.325809e+01
      vertex   -1.900000e+02 -1.199172e+01 4.288684e+01
      vertex   -1.900000e+02 -1.225167e+01 4.325809e+01
    endloop
  endfacet
  facet normal 0.000000e+00 9.063078e-01 4.226183e-01
    outer loop
      vertex   -1.800000e+02 -1.225167e+01 4.325809e+01
      vertex   -1.900000e+02 -1.225167e+01 4.325809e+01
      vertex   -1.800000e+02 -1.244320e+01 4.366883e+01
    endloop
  endfacet
  facet normal 3.002883e-16 9.063078e-01 4.226183e-01
    outer loop
      vertex   -1.800000e+02 -1.244320e+01 4.366883e+01
      vertex   -1.900000e+02 -1.225167e+01 4.325809e+01
      vertex   -1.900000e+02 -1.244320e+01 4.366883e+01
    endloop
  endfacet
  facet normal 1.839020e-16 9.659258e-01 2.588190e-01
    outer loop
      vertex   -1.800000e+02 -1.244320e+01 4.366883e+01
      vertex   -1.900000e+02 -1.244320e+01 4.366883e+01
      vertex   -1.800000e+02 -1.256050e+01 4.410660e+01
    endloop
  endfacet
  facet normal 0.000000e+00 9.659258e-01 2.588190e-01
    outer loop
      vertex   -1.800000e+02 -1.256050e+01 4.410660e+01
      vertex   -1.900000e+02 -1.244320e+01 4.366883e+01
      vertex   -1.900000e+02 -1.256050e+01 4.410660e+01
    endloop
  endfacet
  facet normal 0.000000e+00 9.961947e-01 8.715574e-02
    outer loop
      vertex   -1.800000e+02 -1.256050e+01 4.410660e+01
      vertex   -1.900000e+02 -1.256050e+01 4.410660e+01
      vertex   -1.800000e+02 -1.260000e+01 4.455809e+01
    endloop
  endfacet
  facet normal 0.000000e+00 9.961947e-01 8.715574e-02
    outer loop
      vertex   -1.800000e+02 -1.260000e+01 4.455809e+01
      vertex   -1.900000e+02 -1.256050e+01 4.410660e+01
      vertex   -1.900000e+02 -1.260000e+01 4.455809e+01
    endloop
  endfacet
  facet normal 0.000000e+00 9.961947e-01 -8.715574e-02
    outer loop
      vertex   -1.800000e+02 -1.260000e+01 4.455809e+01
      vertex   -1.900000e+02 -1.260000e+01 4.455809e+01
      vertex   -1.800000e+02 -1.256050e+01 4.500957e+01
    endloop
  endfacet
  facet normal 0.000000e+00 9.961947e-01 -8.715574e-02
    outer loop
      vertex   -1.800000e+02 -1.256050e+01 4.500957e+01
      vertex   -1.900000e+02 -1.260000e+01 4.455809e+01
      vertex   -1.900000e+02 -1.256050e+01 4.500957e+01
    endloop
  endfacet
  facet normal 0.000000e+00 9.659258e-01 -2.588190e-01
    outer loop
      vertex   -1.800000e+02 -1.256050e+01 4.500957e+01
      vertex   -1.900000e+02 -1.256050e+01 4.500957e+01
      vertex   -1.800000e+02 -1.244320e+01 4.544734e+01
    endloop
  endfacet
  facet normal 1.715829e-16 9.659258e-01 -2.588190e-01
    outer loop
      vertex   -1.800000e+02 -1.244320e+01 4.544734e+01
      vertex   -1.900000e+02 -1.256050e+01 4.500957e+01
      vertex   -1.900000e+02 -1.244320e+01 4.544734e+01
    endloop
  endfacet
  facet normal 1.609926e-16 9.063078e-01 -4.226183e-01
    outer loop
      vertex   -1.800000e+02 -1.244320e+01 4.544734e+01
      vertex   -1.900000e+02 -1.244320e+01 4.544734e+01
      vertex   -1.800000e+02 -1.225167e+01 4.585809e+01
    endloop
  endfacet
  facet normal 0.000000e+00 9.063078e-01 -4.226183e-01
    outer loop
      vertex   -1.800000e+02 -1.225167e+01 4.585809e+01
      vertex   -1.900000e+02 -1.244320e+01 4.544734e+01
      vertex   -1.900000e+02 -1.225167e+01 4.585809e+01
    endloop
  endfacet
  facet normal 0.000000e+00 8.191520e-01 -5.735764e-01
    outer loop
      vertex   -1.800000e+02 -1.225167e+01 4.585809e+01
      vertex   -1.900000e+02 -1.225167e+01 4.585809e+01
      vertex   -1.800000e+02 -1.199172e+01 4.622933e+01
    endloop
  endfacet
  facet normal 0.000000e+00 8.191520e-01 -5.735764e-01
    outer loop
      vertex   -1.800000e+02 -1.199172e+01 4.622933e+01
      vertex   -1.900000e+02 -1.225167e+01 4.585809e+01
      vertex   -1.900000e+02 -1.199172e+01 4.622933e+01
    endloop
  endfacet
  facet normal 0.000000e+00 7.071068e-01 -7.071068e-01
    outer loop
      vertex   -1.800000e+02 -1.199172e+01 4.622933e+01
      vertex   -1.900000e+02 -1.199172e+01 4.622933e+01
      vertex   -1.800000e+02 -1.167125e+01 4.654980e+01
    endloop
  endfacet
  facet normal 0.000000e+00 7.071068e-01 -7.071068e-01
    outer loop
      vertex   -1.800000e+02 -1.167125e+01 4.654980e+01
      vertex   -1.900000e+02 -1.199172e+01 4.622933e+01
      vertex   -1.900000e+02 -1.167125e+01 4.654980e+01
    endloop
  endfacet
  facet normal 0.000000e+00 5.735764e-01 -8.191520e-01
    outer loop
      vertex   -1.800000e+02 -1.167125e+01 4.654980e+01
      vertex   -1.900000e+02 -1.167125e+01 4.654980e+01
      vertex   -1.800000e+02 -1.130000e+01 4.680975e+01
    endloop
  endfacet
  facet normal 0.000000e+00 5.735764e-01 -8.191520e-01
    outer loop
      vertex   -1.800000e+02 -1.130000e+01 4.680975e+01
      vertex   -1.900000e+02 -1.167125e+01 4.654980e+01
      vertex   -1.900000e+02 -1.130000e+01 4.680975e+01
    endloop
  endfacet
  facet normal 0.000000e+00 4.226183e-01 -9.063078e-01
    outer loop
      vertex   -1.800000e+02 -1.130000e+01 4.680975e+01
      vertex   -1.900000e+02 -1.130000e+01 4.680975e+01
      vertex   -1.800000e+02 -1.088925e+01 4.700129e+01
    endloop
  endfacet
  facet normal 0.000000e+00 4.226183e-01 -9.063078e-01
    outer loop
      vertex   -1.800000e+02 -1.088925e+01 4.700129e+01
      vertex   -1.900000e+02 -1.130000e+01 4.680975e+01
      vertex   -1.900000e+02 -1.088925e+01 4.700129e+01
    endloop
  endfacet
  facet normal 0.000000e+00 2.588190e-01 -9.659258e-01
    outer loop
      vertex   -1.800000e+02 -1.088925e+01 4.700129e+01
      vertex   -1.900000e+02 -1.088925e+01 4.700129e+01
      vertex   -1.800000e+02 -1.045149e+01 4.711859e+01
    endloop
  endfacet
  facet normal 4.597550e-17 2.588190e-01 -9.659258e-01
    outer loop
      vertex   -1.800000e+02 -1.045149e+01 4.711859e+01
      vertex   -1.900000e+02 -1.088925e+01 4.700129e+01
      vertex   -1.900000e+02 -1.045149e+01 4.711859e+01
    endloop
  endfacet
  facet normal 1.548197e-17 8.715574e-02 -9.961947e-01
    outer loop
      vertex   -1.800000e+02 -1.045149e+01 4.711859e+01
      vertex   -1.900000e+02 -1.045149e+01 4.711859e+01
      vertex   -1.800000e+02 -1.000000e+01 4.715809e+01
    endloop
  endfacet
  facet normal 0.000000e+00 8.715574e-02 -9.961947e-01
    outer loop
      vertex   -1.800000e+02 -1.000000e+01 4.715809e+01
      vertex   -1.900000e+02 -1.045149e+01 4.711859e+01
      vertex   -1.900000e+02 -1.000000e+01 4.715809e+01
    endloop
  endfacet
  facet normal -0.000000e+00 -8.715574e-02 -9.961947e-01
    outer loop
      vertex   -1.800000e+02 -1.000000e+01 4.715809e+01
      vertex   -1.900000e+02 -1.000000e+01 4.715809e+01
      vertex   -1.800000e+02 -9.548515e+00 4.711859e+01
    endloop
  endfacet
  facet normal -1.548197e-17 -8.715574e-02 -9.961947e-01
    outer loop
      vertex   -1.800000e+02 -9.548515e+00 4.711859e+01
      vertex   -1.900000e+02 -1.000000e+01 4.715809e+01
      vertex   -1.900000e+02 -9.548515e+00 4.711859e+01
    endloop
  endfacet
  facet normal -4.597550e-17 -2.588190e-01 -9.659258e-01
    outer loop
      vertex   -1.800000e+02 -9.548515e+00 4.711859e+01
      vertex   -1.900000e+02 -9.548515e+00 4.711859e+01
      vertex   -1.800000e+02 -9.110748e+00 4.700129e+01
    endloop
  endfacet
  facet normal -0.000000e+00 -2.588190e-01 -9.659258e-01
    outer loop
      vertex   -1.800000e+02 -9.110748e+00 4.700129e+01
      vertex   -1.900000e+02 -9.548515e+00 4.711859e+01
      vertex   -1.900000e+02 -9.110748e+00 4.700129e+01
    endloop
  endfacet
  facet normal -0.000000e+00 -4.226183e-01 -9.063078e-01
    outer loop
      vertex   -1.800000e+02 -9.110748e+00 4.700129e+01
      vertex   -1.900000e+02 -9.110748e+00 4.700129e+01
      vertex   -1.800000e+02 -8.700000e+00 4.680975e+01
    endloop
  endfacet
  facet normal -0.000000e+00 -4.226183e-01 -9.063078e-01
    outer loop
      vertex   -1.800000e+02 -8.700000e+00 4.680975e+01
      vertex   -1.900000e+02 -9.110748e+00 4.700129e+01
      vertex   -1.900000e+02 -8.700000e+00 4.680975e+01
    endloop
  endfacet
  facet normal -0.000000e+00 -5.735764e-01 -8.191520e-01
    outer loop
      vertex   -1.800000e+02 -8.700000e+00 4.680975e+01
      vertex   -1.900000e+02 -8.700000e+00 4.680975e+01
      vertex   -1.800000e+02 -8.328752e+00 4.654980e+01
    endloop
  endfacet
  facet normal -0.000000e+00 -5.735764e-01 -8.191520e-01
    outer loop
      vertex   -1.800000e+02 -8.328752e+00 4.654980e+01
      vertex   -1.900000e+02 -8.700000e+00 4.680975e+01
      vertex   -1.900000e+02 -8.328752e+00 4.654980e+01
    endloop
  endfacet
  facet normal -0.000000e+00 -7.071068e-01 -7.071068e-01
    outer loop
      vertex   -1.800000e+02 -8.328752e+00 4.654980e+01
      vertex   -1.900000e+02 -8.328752e+00 4.654980e+01
      vertex   -1.800000e+02 -8.008284e+00 4.622933e+01
    endloop
  endfacet
  facet normal -0.000000e+00 -7.071068e-01 -7.071068e-01
    outer loop
      vertex   -1.800000e+02 -8.008284e+00 4.622933e+01
      vertex   -1.900000e+02 -8.328752e+00 4.654980e+01
      vertex   -1.900000e+02 -8.008284e+00 4.622933e+01
    endloop
  endfacet
  facet normal -0.000000e+00 -8.191520e-01 -5.735764e-01
    outer loop
      vertex   -1.800000e+02 -8.008284e+00 4.622933e+01
      vertex   -1.900000e+02 -8.008284e+00 4.622933e+01
      vertex   -1.800000e+02 -7.748334e+00 4.585809e+01
    endloop
  endfacet
  facet normal -1.455106e-16 -8.191520e-01 -5.735764e-01
    outer loop
      vertex   -1.800000e+02 -7.748334e+00 4.585809e+01
      vertex   -1.900000e+02 -8.008284e+00 4.622933e+01
      vertex   -1.900000e+02 -7.748334e+00 4.585809e+01
    endloop
  endfacet
  facet normal -1.609926e-16 -9.063078e-01 -4.226183e-01
    outer loop
      vertex   -1.800000e+02 -7.748334e+00 4.585809e+01
      vertex   -1.900000e+02 -7.748334e+00 4.585809e+01
      vertex   -1.800000e+02 -7.556799e+00 4.544734e+01
    endloop
  endfacet
  facet normal -8.049630e-17 -9.063078e-01 -4.226183e-01
    outer loop
      vertex   -1.800000e+02 -7.556799e+00 4.544734e+01
      vertex   -1.900000e+02 -7.748334e+00 4.585809e+01
      vertex   -1.900000e+02 -7.556799e+00 4.544734e+01
    endloop
  endfacet
  facet normal -8.579145e-17 -9.659258e-01 -2.588190e-01
    outer loop
      vertex   -1.800000e+02 -7.556799e+00 4.544734e+01
      vertex   -1.900000e+02 -7.556799e+00 4.544734e+01
      vertex   -1.800000e+02 -7.439500e+00 4.500957e+01
    endloop
  endfacet
  facet normal -0.000000e+00 -9.659258e-01 -2.588190e-01
    outer loop
      vertex   -1.800000e+02 -7.439500e+00 4.500957e+01
      vertex   -1.900000e+02 -7.556799e+00 4.544734e+01
      vertex   -1.900000e+02 -7.439500e+00 4.500957e+01
    endloop
  endfacet
  facet normal -0.000000e+00 -9.961947e-01 -8.715574e-02
    outer loop
      vertex   -1.800000e+02 -7.439500e+00 4.500957e+01
      vertex   -1.900000e+02 -7.439500e+00 4.500957e+01
      vertex   -1.800000e+02 -7.400000e+00 4.455809e+01
    endloop
  endfacet
  facet normal -0.000000e+00 -9.961947e-01 -8.715574e-02
    outer loop
      vertex   -1.800000e+02 -7.400000e+00 4.455809e+01
      vertex   -1.900000e+02 -7.439500e+00 4.500957e+01
      vertex   -1.900000e+02 -7.400000e+00 4.455809e+01
    endloop
  endfacet
  facet normal 0.000000e+00 -9.961947e-01 8.715574e-02
    outer loop
      vertex   -1.800000e+02 -7.400000e+00 4.455809e+01
      vertex   -1.900000e+02 -7.400000e+00 4.455809e+01
      vertex   -1.800000e+02 -7.439500e+00 4.410660e+01
    endloop
  endfacet
  facet normal 0.000000e+00 -9.961947e-01 8.715574e-02
    outer loop
      vertex   -1.800000e+02 -7.439500e+00 4.410660e+01
      vertex   -1.900000e+02 -7.400000e+00 4.455809e+01
      vertex   -1.900000e+02 -7.439500e+00 4.410660e+01
    endloop
  endfacet
  facet normal 0.000000e+00 -9.659258e-01 2.588190e-01
    outer loop
      vertex   -1.800000e+02 -7.439500e+00 4.410660e+01
      vertex   -1.900000e+02 -7.439500e+00 4.410660e+01
      vertex   -1.800000e+02 -7.556799e+00 4.366883e+01
    endloop
  endfacet
  facet normal -9.811054e-17 -9.659258e-01 2.588190e-01
    outer loop
      vertex   -1.800000e+02 -7.556799e+00 4.366883e+01
      vertex   -1.900000e+02 -7.439500e+00 4.410660e+01
      vertex   -1.900000e+02 -7.556799e+00 4.366883e+01
    endloop
  endfacet
  facet normal -2.197920e-16 -9.063078e-01 4.226183e-01
    outer loop
      vertex   -1.800000e+02 -7.556799e+00 4.366883e+01
      vertex   -1.900000e+02 -7.556799e+00 4.366883e+01
      vertex   -1.800000e+02 -7.748334e+00 4.325809e+01
    endloop
  endfacet
  facet normal 0.000000e+00 -9.063078e-01 4.226183e-01
    outer loop
      vertex   -1.800000e+02 -7.748334e+00 4.325809e+01
      vertex   -1.900000e+02 -7.556799e+00 4.366883e+01
      vertex   -1.900000e+02 -7.748334e+00 4.325809e+01
    endloop
  endfacet
  facet normal 0.000000e+00 -8.191520e-01 5.735764e-01
    outer loop
      vertex   -1.800000e+02 -7.748334e+00 4.325809e+01
      vertex   -1.900000e+02 -7.748334e+00 4.325809e+01
      vertex   -1.800000e+02 -8.008284e+00 4.288684e+01
    endloop
  endfacet
  facet normal 0.000000e+00 -8.191520e-01 5.735764e-01
    outer loop
      vertex   -1.800000e+02 -8.008284e+00 4.288684e+01
      vertex   -1.900000e+02 -7.748334e+00 4.325809e+01
      vertex   -1.900000e+02 -8.008284e+00 4.288684e+01
    endloop
  endfacet
  facet normal 0.000000e+00 -7.071068e-01 7.071068e-01
    outer loop
      vertex   -1.800000e+02 -8.008284e+00 4.288684e+01
      vertex   -1.900000e+02 -8.008284e+00 4.288684e+01
      vertex   -1.800000e+02 -8.328752e+00 4.256637e+01
    endloop
  endfacet
  facet normal 0.000000e+00 -7.071068e-01 7.071068e-01
    outer loop
      vertex   -1.800000e+02 -8.328752e+00 4.256637e+01
      vertex   -1.900000e+02 -8.008284e+00 4.288684e+01
      vertex   -1.900000e+02 -8.328752e+00 4.256637e+01
    endloop
  endfacet
  facet normal 0.000000e+00 -5.735764e-01 8.191520e-01
    outer loop
      vertex   -1.800000e+02 -8.328752e+00 4.256637e+01
      vertex   -1.900000e+02 -8.328752e+00 4.256637e+01
      vertex   -1.800000e+02 -8.700000e+00 4.230642e+01
    endloop
  endfacet
  facet normal 1.018876e-16 -5.735764e-01 8.191520e-01
    outer loop
      vertex   -1.800000e+02 -8.700000e+00 4.230642e+01
      vertex   -1.900000e+02 -8.328752e+00 4.256637e+01
      vertex   -1.900000e+02 -8.700000e+00 4.230642e+01
    endloop
  endfacet
  facet normal 7.507208e-17 -4.226183e-01 9.063078e-01
    outer loop
      vertex   -1.800000e+02 -8.700000e+00 4.230642e+01
      vertex   -1.900000e+02 -8.700000e+00 4.230642e+01
      vertex   -1.800000e+02 -9.110748e+00 4.211489e+01
    endloop
  endfacet
  facet normal 7.507208e-17 -4.226183e-01 9.063078e-01
    outer loop
      vertex   -1.800000e+02 -9.110748e+00 4.211489e+01
      vertex   -1.900000e+02 -8.700000e+00 4.230642e+01
      vertex   -1.900000e+02 -9.110748e+00 4.211489e+01
    endloop
  endfacet
  facet normal 4.597550e-17 -2.588190e-01 9.659258e-01
    outer loop
      vertex   -1.800000e+02 -9.110748e+00 4.211489e+01
      vertex   -1.900000e+02 -9.110748e+00 4.211489e+01
      vertex   -1.800000e+02 -9.548515e+00 4.199759e+01
    endloop
  endfacet
  facet normal 0.000000e+00 -2.588190e-01 9.659258e-01
    outer loop
      vertex   -1.800000e+02 -9.548515e+00 4.199759e+01
      vertex   -1.900000e+02 -9.110748e+00 4.211489e+01
      vertex   -1.900000e+02 -9.548515e+00 4.199759e+01
    endloop
  endfacet
  facet normal 0.000000e+00 8.715574e-02 -9.961947e-01
    outer loop
      vertex   -1.800000e+02 -1.045149e+01 2.211859e+01
      vertex   -1.900000e+02 -1.045149e+01 2.211859e+01
      vertex   -1.800000e+02 -1.000000e+01 2.215809e+01
    endloop
  endfacet
  facet normal 0.000000e+00 8.715574e-02 -9.961947e-01
    outer loop
      vertex   -1.800000e+02 -1.000000e+01 2.215809e+01
      vertex   -1.900000e+02 -1.045149e+01 2.211859e+01
      vertex   -1.900000e+02 -1.000000e+01 2.215809e+01
    endloop
  endfacet
  facet normal -0.000000e+00 -8.715574e-02 -9.961947e-01
    outer loop
      vertex   -1.800000e+02 -1.000000e+01 2.215809e+01
      vertex   -1.900000e+02 -1.000000e+01 2.215809e+01
      vertex   -1.800000e+02 -9.548515e+00 2.211859e+01
    endloop
  endfacet
  facet normal -0.000000e+00 -8.715574e-02 -9.961947e-01
    outer loop
      vertex   -1.800000e+02 -9.548515e+00 2.211859e+01
      vertex   -1.900000e+02 -1.000000e+01 2.215809e+01
      vertex   -1.900000e+02 -9.548515e+00 2.211859e+01
    endloop
  endfacet
  facet normal -0.000000e+00 -2.588190e-01 -9.659258e-01
    outer loop
      vertex   -1.800000e+02 -9.548515e+00 2.211859e+01
      vertex   -1.900000e+02 -9.548515e+00 2.211859e+01
      vertex   -1.800000e+02 -9.110748e+00 2.200129e+01
    endloop
  endfacet
  facet normal -4.597550e-17 -2.588190e-01 -9.659258e-01
    outer loop
      vertex   -1.800000e+02 -9.110748e+00 2.200129e+01
      vertex   -1.900000e+02 -9.548515e+00 2.211859e+01
      vertex   -1.900000e+02 -9.110748e+00 2.200129e+01
    endloop
  endfacet
  facet normal -7.507208e-17 -4.226183e-01 -9.063078e-01
    outer loop
      vertex   -1.800000e+02 -9.110748e+00 2.200129e+01
      vertex   -1.900000e+02 -9.110748e+00 2.200129e+01
      vertex   -1.800000e+02 -8.700000e+00 2.180975e+01
    endloop
  endfacet
  facet normal -0.000000e+00 -4.226183e-01 -9.063078e-01
    outer loop
      vertex   -1.800000e+02 -8.700000e+00 2.180975e+01
      vertex   -1.900000e+02 -9.110748e+00 2.200129e+01
      vertex   -1.900000e+02 -8.700000e+00 2.180975e+01
    endloop
  endfacet
  facet normal -0.000000e+00 -5.735764e-01 -8.191520e-01
    outer loop
      vertex   -1.800000e+02 -8.700000e+00 2.180975e+01
      vertex   -1.900000e+02 -8.700000e+00 2.180975e+01
      vertex   -1.800000e+02 -8.328752e+00 2.154980e+01
    endloop
  endfacet
  facet normal -0.000000e+00 -5.735764e-01 -8.191520e-01
    outer loop
      vertex   -1.800000e+02 -8.328752e+00 2.154980e+01
      vertex   -1.900000e+02 -8.700000e+00 2.180975e+01
      vertex   -1.900000e+02 -8.328752e+00 2.154980e+01
    endloop
  endfacet
  facet normal -0.000000e+00 -7.071068e-01 -7.071068e-01
    outer loop
      vertex   -1.800000e+02 -8.328752e+00 2.154980e+01
      vertex   -1.900000e+02 -8.328752e+00 2.154980e+01
      vertex   -1.800000e+02 -8.008284e+00 2.122933e+01
    endloop
  endfacet
  facet normal 2.512148e-16 -7.071068e-01 -7.071068e-01
    outer loop
      vertex   -1.800000e+02 -8.008284e+00 2.122933e+01
      vertex   -1.900000e+02 -8.328752e+00 2.154980e+01
      vertex   -1.900000e+02 -8.008284e+00 2.122933e+01
    endloop
  endfacet
  facet normal 2.037753e-16 -8.191520e-01 -5.735764e-01
    outer loop
      vertex   -1.800000e+02 -8.008284e+00 2.122933e+01
      vertex   -1.900000e+02 -8.008284e+00 2.122933e+01
      vertex   -1.800000e+02 -7.748334e+00 2.085809e+01
    endloop
  endfacet
  facet normal -0.000000e+00 -8.191520e-01 -5.735764e-01
    outer loop
      vertex   -1.800000e+02 -7.748334e+00 2.085809e+01
      vertex   -1.900000e+02 -8.008284e+00 2.122933e+01
      vertex   -1.900000e+02 -7.748334e+00 2.085809e+01
    endloop
  endfacet
  facet normal -0.000000e+00 -9.063078e-01 -4.226183e-01
    outer loop
      vertex   -1.800000e+02 -7.748334e+00 2.085809e+01
      vertex   -1.900000e+02 -7.748334e+00 2.085809e+01
      vertex   -1.800000e+02 -7.556799e+00 2.044734e+01
    endloop
  endfacet
  facet normal -8.049630e-17 -9.063078e-01 -4.226183e-01
    outer loop
      vertex   -1.800000e+02 -7.556799e+00 2.044734e+01
      vertex   -1.900000e+02 -7.748334e+00 2.085809e+01
      vertex   -1.900000e+02 -7.556799e+00 2.044734e+01
    endloop
  endfacet
  facet normal -8.579145e-17 -9.659258e-01 -2.588190e-01
    outer loop
      vertex   -1.800000e+02 -7.556799e+00 2.044734e+01
      vertex   -1.900000e+02 -7.556799e+00 2.044734e+01
      vertex   -1.800000e+02 -7.439500e+00 2.000957e+01
    endloop
  endfacet
  facet normal -0.000000e+00 -9.659258e-01 -2.588190e-01
    outer loop
      vertex   -1.800000e+02 -7.439500e+00 2.000957e+01
      vertex   -1.900000e+02 -7.556799e+00 2.044734e+01
      vertex   -1.900000e+02 -7.439500e+00 2.000957e+01
    endloop
  endfacet
  facet normal -0.000000e+00 -9.961947e-01 -8.715574e-02
    outer loop
      vertex   -1.800000e+02 -7.439500e+00 2.000957e+01
      vertex   -1.900000e+02 -7.439500e+00 2.000957e+01
      vertex   -1.800000e+02 -7.400000e+00 1.955809e+01
    endloop
  endfacet
  facet normal -0.000000e+00 -9.961947e-01 -8.715574e-02
    outer loop
      vertex   -1.800000e+02 -7.400000e+00 1.955809e+01
      vertex   -1.900000e+02 -7.439500e+00 2.000957e+01
      vertex   -1.900000e+02 -7.400000e+00 1.955809e+01
    endloop
  endfacet
  facet normal 0.000000e+00 -9.961947e-01 8.715574e-02
    outer loop
      vertex   -1.800000e+02 -7.400000e+00 1.955809e+01
      vertex   -1.900000e+02 -7.400000e+00 1.955809e+01
      vertex   -1.800000e+02 -7.439500e+00 1.910660e+01
    endloop
  endfacet
  facet normal 0.000000e+00 -9.961947e-01 8.715574e-02
    outer loop
      vertex   -1.800000e+02 -7.439500e+00 1.910660e+01
      vertex   -1.900000e+02 -7.400000e+00 1.955809e+01
      vertex   -1.900000e+02 -7.439500e+00 1.910660e+01
    endloop
  endfacet
  facet normal 0.000000e+00 -9.659258e-01 2.588190e-01
    outer loop
      vertex   -1.800000e+02 -7.439500e+00 1.910660e+01
      vertex   -1.900000e+02 -7.439500e+00 1.910660e+01
      vertex   -1.800000e+02 -7.556799e+00 1.866883e+01
    endloop
  endfacet
  facet normal 8.579145e-17 -9.659258e-01 2.588190e-01
    outer loop
      vertex   -1.800000e+02 -7.556799e+00 1.866883e+01
      vertex   -1.900000e+02 -7.439500e+00 1.910660e+01
      vertex   -1.900000e+02 -7.556799e+00 1.866883e+01
    endloop
  endfacet
  facet normal 8.049630e-17 -9.063078e-01 4.226183e-01
    outer loop
      vertex   -1.800000e+02 -7.556799e+00 1.866883e+01
      vertex   -1.900000e+02 -7.556799e+00 1.866883e+01
      vertex   -1.800000e+02 -7.748334e+00 1.825809e+01
    endloop
  endfacet
  facet normal 0.000000e+00 -9.063078e-01 4.226183e-01
    outer loop
      vertex   -1.800000e+02 -7.748334e+00 1.825809e+01
      vertex   -1.900000e+02 -7.556799e+00 1.866883e+01
      vertex   -1.900000e+02 -7.748334e+00 1.825809e+01
    endloop
  endfacet
  facet normal 0.000000e+00 -8.191520e-01 5.735764e-01
    outer loop
      vertex   -1.800000e+02 -7.748334e+00 1.825809e+01
      vertex   -1.900000e+02 -7.748334e+00 1.825809e+01
      vertex   -1.800000e+02 -8.008284e+00 1.788684e+01
    endloop
  endfacet
  facet normal 0.000000e+00 -8.191520e-01 5.735764e-01
    outer loop
      vertex   -1.800000e+02 -8.008284e+00 1.788684e+01
      vertex   -1.900000e+02 -7.748334e+00 1.825809e+01
      vertex   -1.900000e+02 -8.008284e+00 1.788684e+01
    endloop
  endfacet
  facet normal 0.000000e+00 -7.071068e-01 7.071068e-01
    outer loop
      vertex   -1.800000e+02 -8.008284e+00 1.788684e+01
      vertex   -1.900000e+02 -8.008284e+00 1.788684e+01
      vertex   -1.800000e+02 -8.328752e+00 1.756637e+01
    endloop
  endfacet
  facet normal -2.512148e-16 -7.071068e-01 7.071068e-01
    outer loop
      vertex   -1.800000e+02 -8.328752e+00 1.756637e+01
      vertex   -1.900000e+02 -8.008284e+00 1.788684e+01
      vertex   -1.900000e+02 -8.328752e+00 1.756637e+01
    endloop
  endfacet
  facet normal -2.910213e-16 -5.735764e-01 8.191520e-01
    outer loop
      vertex   -1.800000e+02 -8.328752e+00 1.756637e+01
      vertex   -1.900000e+02 -8.328752e+00 1.756637e+01
      vertex   -1.800000e+02 -8.700000e+00 1.730642e+01
    endloop
  endfacet
  facet normal -1.018876e-16 -5.735764e-01 8.191520e-01
    outer loop
      vertex   -1.800000e+02 -8.700000e+00 1.730642e+01
      vertex   -1.900000e+02 -8.328752e+00 1.756637e+01
      vertex   -1.900000e+02 -8.700000e+00 1.730642e+01
    endloop
  endfacet
  facet normal -7.507208e-17 -4.226183e-01 9.063078e-01
    outer loop
      vertex   -1.800000e+02 -8.700000e+00 1.730642e+01
      vertex   -1.900000e+02 -8.700000e+00 1.730642e+01
      vertex   -1.800000e+02 -9.110748e+00 1.711489e+01
    endloop
  endfacet
  facet normal 0.000000e+00 -4.226183e-01 9.063078e-01
    outer loop
      vertex   -1.800000e+02 -9.110748e+00 1.711489e+01
      vertex   -1.900000e+02 -8.700000e+00 1.730642e+01
      vertex   -1.900000e+02 -9.110748e+00 1.711489e+01
    endloop
  endfacet
  facet normal 0.000000e+00 -2.588190e-01 9.659258e-01
    outer loop
      vertex   -1.800000e+02 -9.110748e+00 1.711489e+01
      vertex   -1.900000e+02 -9.110748e+00 1.711489e+01
      vertex   -1.800000e+02 -9.548515e+00 1.699759e+01
    endloop
  endfacet
  facet normal 4.597550e-17 -2.588190e-01 9.659258e-01
    outer loop
      vertex   -1.800000e+02 -9.548515e+00 1.699759e+01
      vertex   -1.900000e+02 -9.110748e+00 1.711489e+01
      vertex   -1.900000e+02 -9.548515e+00 1.699759e+01
    endloop
  endfacet
  facet normal 1.548197e-17 -8.715574e-02 9.961947e-01
    outer loop
      vertex   -1.800000e+02 -9.548515e+00 1.699759e+01
      vertex   -1.900000e+02 -9.548515e+00 1.699759e+01
      vertex   -1.800000e+02 -1.000000e+01 1.695809e+01
    endloop
  endfacet
  facet normal 0.000000e+00 -8.715574e-02 9.961947e-01
    outer loop
      vertex   -1.800000e+02 -1.000000e+01 1.695809e+01
      vertex   -1.900000e+02 -9.548515e+00 1.699759e+01
      vertex   -1.900000e+02 -1.000000e+01 1.695809e+01
    endloop
  endfacet
  facet normal 0.000000e+00 8.715574e-02 9.961947e-01
    outer loop
      vertex   -1.800000e+02 -1.000000e+01 1.695809e+01
      vertex   -1.900000e+02 -1.000000e+01 1.695809e+01
      vertex   -1.800000e+02 -1.045149e+01 1.699759e+01
    endloop
  endfacet
  facet normal 0.000000e+00 8.715574e-02 9.961947e-01
    outer loop
      vertex   -1.800000e+02 -1.045149e+01 1.699759e+01
      vertex   -1.900000e+02 -1.000000e+01 1.695809e+01
      vertex   -1.900000e+02 -1.045149e+01 1.699759e+01
    endloop
  endfacet
  facet normal 0.000000e+00 2.588190e-01 9.659258e-01
    outer loop
      vertex   -1.800000e+02 -1.045149e+01 1.699759e+01
      vertex   -1.900000e+02 -1.045149e+01 1.699759e+01
      vertex   -1.800000e+02 -1.088925e+01 1.711489e+01
    endloop
  endfacet
  facet normal -4.597550e-17 2.588190e-01 9.659258e-01
    outer loop
      vertex   -1.800000e+02 -1.088925e+01 1.711489e+01
      vertex   -1.900000e+02 -1.045149e+01 1.699759e+01
      vertex   -1.900000e+02 -1.088925e+01 1.711489e+01
    endloop
  endfacet
  facet normal -7.507208e-17 4.226183e-01 9.063078e-01
    outer loop
      vertex   -1.800000e+02 -1.088925e+01 1.711489e+01
      vertex   -1.900000e+02 -1.088925e+01 1.711489e+01
      vertex   -1.800000e+02 -1.130000e+01 1.730642e+01
    endloop
  endfacet
  facet normal -1.501442e-16 4.226183e-01 9.063078e-01
    outer loop
      vertex   -1.800000e+02 -1.130000e+01 1.730642e+01
      vertex   -1.900000e+02 -1.088925e+01 1.711489e+01
      vertex   -1.900000e+02 -1.130000e+01 1.730642e+01
    endloop
  endfacet
  facet normal -2.037753e-16 5.735764e-01 8.191520e-01
    outer loop
      vertex   -1.800000e+02 -1.130000e+01 1.730642e+01
      vertex   -1.900000e+02 -1.130000e+01 1.730642e+01
      vertex   -1.800000e+02 -1.167125e+01 1.756637e+01
    endloop
  endfacet
  facet normal 2.910213e-16 5.735764e-01 8.191520e-01
    outer loop
      vertex   -1.800000e+02 -1.167125e+01 1.756637e+01
      vertex   -1.900000e+02 -1.130000e+01 1.730642e+01
      vertex   -1.900000e+02 -1.167125e+01 1.756637e+01
    endloop
  endfacet
  facet normal 2.512148e-16 7.071068e-01 7.071068e-01
    outer loop
      vertex   -1.800000e+02 -1.167125e+01 1.756637e+01
      vertex   -1.900000e+02 -1.167125e+01 1.756637e+01
      vertex   -1.800000e+02 -1.199172e+01 1.788684e+01
    endloop
  endfacet
  facet normal -1.256074e-16 7.071068e-01 7.071068e-01
    outer loop
      vertex   -1.800000e+02 -1.199172e+01 1.788684e+01
      vertex   -1.900000e+02 -1.167125e+01 1.756637e+01
      vertex   -1.900000e+02 -1.199172e+01 1.788684e+01
    endloop
  endfacet
  facet normal -1.455106e-16 8.191520e-01 5.735764e-01
    outer loop
      vertex   -1.800000e+02 -1.199172e+01 1.788684e+01
      vertex   -1.900000e+02 -1.199172e+01 1.788684e+01
      vertex   -1.800000e+02 -1.225167e+01 1.825809e+01
    endloop
  endfacet
  facet normal 0.000000e+00 8.191520e-01 5.735764e-01
    outer loop
      vertex   -1.800000e+02 -1.225167e+01 1.825809e+01
      vertex   -1.900000e+02 -1.199172e+01 1.788684e+01
      vertex   -1.900000e+02 -1.225167e+01 1.825809e+01
    endloop
  endfacet
  facet normal 0.000000e+00 9.063078e-01 4.226183e-01
    outer loop
      vertex   -1.800000e+02 -1.225167e+01 1.825809e+01
      vertex   -1.900000e+02 -1.225167e+01 1.825809e+01
      vertex   -1.800000e+02 -1.244320e+01 1.866883e+01
    endloop
  endfacet
  facet normal -1.609926e-16 9.063078e-01 4.226183e-01
    outer loop
      vertex   -1.800000e+02 -1.244320e+01 1.866883e+01
      vertex   -1.900000e+02 -1.225167e+01 1.825809e+01
      vertex   -1.900000e+02 -1.244320e+01 1.866883e+01
    endloop
  endfacet
  facet normal -1.715829e-16 9.659258e-01 2.588190e-01
    outer loop
      vertex   -1.800000e+02 -1.244320e+01 1.866883e+01
      vertex   -1.900000e+02 -1.244320e+01 1.866883e+01
      vertex   -1.800000e+02 -1.256050e+01 1.910660e+01
    endloop
  endfacet
  facet normal 0.000000e+00 9.659258e-01 2.588190e-01
    outer loop
      vertex   -1.800000e+02 -1.256050e+01 1.910660e+01
      vertex   -1.900000e+02 -1.244320e+01 1.866883e+01
      vertex   -1.900000e+02 -1.256050e+01 1.910660e+01
    endloop
  endfacet
  facet normal 0.000000e+00 9.961947e-01 8.715574e-02
    outer loop
      vertex   -1.800000e+02 -1.256050e+01 1.910660e+01
      vertex   -1.900000e+02 -1.256050e+01 1.910660e+01
      vertex   -1.800000e+02 -1.260000e+01 1.955809e+01
    endloop
  endfacet
  facet normal 0.000000e+00 9.961947e-01 8.715574e-02
    outer loop
      vertex   -1.800000e+02 -1.260000e+01 1.955809e+01
      vertex   -1.900000e+02 -1.256050e+01 1.910660e+01
      vertex   -1.900000e+02 -1.260000e+01 1.955809e+01
    endloop
  endfacet
  facet normal 0.000000e+00 9.961947e-01 -8.715574e-02
    outer loop
      vertex   -1.800000e+02 -1.260000e+01 1.955809e+01
      vertex   -1.900000e+02 -1.260000e+01 1.955809e+01
      vertex   -1.800000e+02 -1.256050e+01 2.000957e+01
    endloop
  endfacet
  facet normal 0.000000e+00 9.961947e-01 -8.715574e-02
    outer loop
      vertex   -1.800000e+02 -1.256050e+01 2.000957e+01
      vertex   -1.900000e+02 -1.260000e+01 1.955809e+01
      vertex   -1.900000e+02 -1.256050e+01 2.000957e+01
    endloop
  endfacet
  facet normal 0.000000e+00 9.659258e-01 -2.588190e-01
    outer loop
      vertex   -1.800000e+02 -1.256050e+01 2.000957e+01
      vertex   -1.900000e+02 -1.256050e+01 2.000957e+01
      vertex   -1.800000e+02 -1.244320e+01 2.044734e+01
    endloop
  endfacet
  facet normal 0.000000e+00 9.659258e-01 -2.588190e-01
    outer loop
      vertex   -1.800000e+02 -1.244320e+01 2.044734e+01
      vertex   -1.900000e+02 -1.256050e+01 2.000957e+01
      vertex   -1.900000e+02 -1.244320e+01 2.044734e+01
    endloop
  endfacet
  facet normal 0.000000e+00 9.063078e-01 -4.226183e-01
    outer loop
      vertex   -1.800000e+02 -1.244320e+01 2.044734e+01
      vertex   -1.900000e+02 -1.244320e+01 2.044734e+01
      vertex   -1.800000e+02 -1.225167e+01 2.085809e+01
    endloop
  endfacet
  facet normal 0.000000e+00 9.063078e-01 -4.226183e-01
    outer loop
      vertex   -1.800000e+02 -1.225167e+01 2.085809e+01
      vertex   -1.900000e+02 -1.244320e+01 2.044734e+01
      vertex   -1.900000e+02 -1.225167e+01 2.085809e+01
    endloop
  endfacet
  facet normal 0.000000e+00 8.191520e-01 -5.735764e-01
    outer loop
      vertex   -1.800000e+02 -1.225167e+01 2.085809e+01
      vertex   -1.900000e+02 -1.225167e+01 2.085809e+01
      vertex   -1.800000e+02 -1.199172e+01 2.122933e+01
    endloop
  endfacet
  facet normal 0.000000e+00 8.191520e-01 -5.735764e-01
    outer loop
      vertex   -1.800000e+02 -1.199172e+01 2.122933e+01
      vertex   -1.900000e+02 -1.225167e+01 2.085809e+01
      vertex   -1.900000e+02 -1.199172e+01 2.122933e+01
    endloop
  endfacet
  facet normal 0.000000e+00 7.071068e-01 -7.071068e-01
    outer loop
      vertex   -1.800000e+02 -1.199172e+01 2.122933e+01
      vertex   -1.900000e+02 -1.199172e+01 2.122933e+01
      vertex   -1.800000e+02 -1.167125e+01 2.154980e+01
    endloop
  endfacet
  facet normal 0.000000e+00 7.071068e-01 -7.071068e-01
    outer loop
      vertex   -1.800000e+02 -1.167125e+01 2.154980e+01
      vertex   -1.900000e+02 -1.199172e+01 2.122933e+01
      vertex   -1.900000e+02 -1.167125e+01 2.154980e+01
    endloop
  endfacet
  facet normal 0.000000e+00 5.735764e-01 -8.191520e-01
    outer loop
      vertex   -1.800000e+02 -1.167125e+01 2.154980e+01
      vertex   -1.900000e+02 -1.167125e+01 2.154980e+01
      vertex   -1.800000e+02 -1.130000e+01 2.180975e+01
    endloop
  endfacet
  facet normal 1.018876e-16 5.735764e-01 -8.191520e-01
    outer loop
      vertex   -1.800000e+02 -1.130000e+01 2.180975e+01
      vertex   -1.900000e+02 -1.167125e+01 2.154980e+01
      vertex   -1.900000e+02 -1.130000e+01 2.180975e+01
    endloop
  endfacet
  facet normal 7.507208e-17 4.226183e-01 -9.063078e-01
    outer loop
      vertex   -1.800000e+02 -1.130000e+01 2.180975e+01
      vertex   -1.900000e+02 -1.130000e+01 2.180975e+01
      vertex   -1.800000e+02 -1.088925e+01 2.200129e+01
    endloop
  endfacet
  facet normal 0.000000e+00 4.226183e-01 -9.063078e-01
    outer loop
      vertex   -1.800000e+02 -1.088925e+01 2.200129e+01
      vertex   -1.900000e+02 -1.130000e+01 2.180975e+01
      vertex   -1.900000e+02 -1.088925e+01 2.200129e+01
    endloop
  endfacet
  facet normal 0.000000e+00 2.588190e-01 -9.659258e-01
    outer loop
      vertex   -1.800000e+02 -1.088925e+01 2.200129e+01
      vertex   -1.900000e+02 -1.088925e+01 2.200129e+01
      vertex   -1.800000e+02 -1.045149e+01 2.211859e+01
    endloop
  endfacet
  facet normal 0.000000e+00 2.588190e-01 -9.659258e-01
    outer loop
      vertex   -1.800000e+02 -1.045149e+01 2.211859e+01
      vertex   -1.900000e+02 -1.088925e+01 2.200129e+01
      vertex   -1.900000e+02 -1.045149e+01 2.211859e+01
    endloop
  endfacet
  facet normal 0.000000e+00 0.000000e+00 -1.000000e+00
    outer loop
      vertex   -1.610000e+02 1.000000e+01 5.200000e+01
      vertex   -1.900000e+02 1.000000e+01 5.200000e+01
      vertex   -1.610000e+02 4.502845e+01 5.200000e+01
    endloop
  endfacet
  facet normal -0.000000e+00 0.000000e+00 -1.000000e+00
    outer loop
      vertex   -1.610000e+02 4.502845e+01 5.200000e+01
      vertex   -1.900000e+02 1.000000e+01 5.200000e+01
      vertex   -1.900000e+02 4.502845e+01 5.200000e+01
    endloop
  endfacet
  facet normal 0.000000e+00 -1.000000e+00 0.000000e+00
    outer loop
      vertex   -1.395000e+02 4.502845e+01 5.500000e+01
      vertex   -1.320000e+02 4.502845e+01 6.000000e+01
      vertex   -1.425000e+02 4.502845e+01 5.500000e+01
    endloop
  endfacet
  facet normal 0.000000e+00 -1.000000e+00 0.000000e+00
    outer loop
      vertex   -1.425000e+02 4.502845e+01 5.500000e+01
      vertex   -1.320000e+02 4.502845e+01 6.000000e+01
      vertex   -1.610000e+02 4.502845e+01 6.000000e+01
    endloop
  endfacet
  facet normal -0.000000e+00 -1.000000e+00 0.000000e+00
    outer loop
      vertex   -1.425000e+02 4.502845e+01 5.500000e+01
      vertex   -1.610000e+02 4.502845e+01 6.000000e+01
      vertex   -1.610000e+02 4.502845e+01 5.200000e+01
    endloop
  endfacet
  facet normal 0.000000e+00 -1.000000e+00 0.000000e+00
    outer loop
      vertex   -1.395000e+02 4.502845e+01 5.500000e+01
      vertex   -1.395000e+02 4.502845e+01 5.000000e+01
      vertex   -1.320000e+02 4.502845e+01 6.000000e+01
    endloop
  endfacet
  facet normal 0.000000e+00 -1.000000e+00 0.000000e+00
    outer loop
      vertex   -1.320000e+02 4.502845e+01 6.000000e+01
      vertex   -1.395000e+02 4.502845e+01 5.000000e+01
      vertex   -1.395000e+02 4.502845e+01 4.500000e+01
    endloop
  endfacet
  facet normal 0.000000e+00 -1.000000e+00 -0.000000e+00
    outer loop
      vertex   -1.320000e+02 4.502845e+01 6.000000e+01
      vertex   -1.395000e+02 4.502845e+01 4.500000e+01
      vertex   -1.320000e+02 4.502845e+01 3.000000e+01
    endloop
  endfacet
  facet normal 0.000000e+00 -1.000000e+00 0.000000e+00
    outer loop
      vertex   -1.320000e+02 4.502845e+01 3.000000e+01
      vertex   -1.395000e+02 4.502845e+01 4.500000e+01
      vertex   -1.395000e+02 4.502845e+01 4.000000e+01
    endloop
  endfacet
  facet normal 0.000000e+00 -1.000000e+00 0.000000e+00
    outer loop
      vertex   -1.320000e+02 4.502845e+01 3.000000e+01
      vertex   -1.395000e+02 4.502845e+01 4.000000e+01
      vertex   -1.425000e+02 4.502845e+01 4.000000e+01
    endloop
  endfacet
  facet normal 0.000000e+00 -1.000000e+00 0.000000e+00
    outer loop
      vertex   -1.395000e+02 4.502845e+01 4.500000e+01
      vertex   -1.395000e+02 4.502845e+01 5.000000e+01
      vertex   -1.425000e+02 4.502845e+01 4.500000e+01
    endloop
  endfacet
  facet normal 0.000000e+00 -1.000000e+00 0.000000e+00
    outer loop
      vertex   -1.425000e+02 4.502845e+01 4.500000e+01
      vertex   -1.395000e+02 4.502845e+01 5.000000e+01
      vertex   -1.425000e+02 4.502845e+01 5.000000e+01
    endloop
  endfacet
  facet normal 0.000000e+00 -1.000000e+00 0.000000e+00
    outer loop
      vertex   -1.425000e+02 4.502845e+01 4.500000e+01
      vertex   -1.425000e+02 4.502845e+01 5.000000e+01
      vertex   -1.610000e+02 4.502845e+01 5.200000e+01
    endloop
  endfacet
  facet normal 0.000000e+00 -1.000000e+00 0.000000e+00
    outer loop
      vertex   -1.610000e+02 4.502845e+01 5.200000e+01
      vertex   -1.425000e+02 4.502845e+01 5.000000e+01
      vertex   -1.425000e+02 4.502845e+01 5.500000e+01
    endloop
  endfacet
  facet normal -0.000000e+00 -1.000000e+00 -0.000000e+00
    outer loop
      vertex   -1.425000e+02 4.502845e+01 4.500000e+01
      vertex   -1.610000e+02 4.502845e+01 5.200000e+01
      vertex   -1.425000e+02 4.502845e+01 4.000000e+01
    endloop
  endfacet
  facet normal -0.000000e+00 -1.000000e+00 0.000000e+00
    outer loop
      vertex   -1.425000e+02 4.502845e+01 4.000000e+01
      vertex   -1.610000e+02 4.502845e+01 5.200000e+01
      vertex   -1.800000e+02 4.502845e+01 3.000000e+01
    endloop
  endfacet
  facet normal 0.000000e+00 -1.000000e+00 -0.000000e+00
    outer loop
      vertex   -1.425000e+02 4.502845e+01 4.000000e+01
      vertex   -1.800000e+02 4.502845e+01 3.000000e+01
      vertex   -1.320000e+02 4.502845e+01 3.000000e+01
    endloop
  endfacet
  facet normal -0.000000e+00 -1.000000e+00 0.000000e+00
    outer loop
      vertex   -1.610000e+02 4.502845e+01 5.200000e+01
      vertex   -1.900000e+02 4.502845e+01 5.200000e+01
      vertex   -1.800000e+02 4.502845e+01 3.000000e+01
    endloop
  endfacet
  facet normal -0.000000e+00 -1.000000e+00 0.000000e+00
    outer loop
      vertex   -1.800000e+02 4.502845e+01 3.000000e+01
      vertex   -1.900000e+02 4.502845e+01 5.200000e+01
      vertex   -1.900000e+02 4.502845e+01 3.000000e+01
    endloop
  endfacet
  facet normal -4.263256e-15 -1.521355e-15 1.000000e+00
    outer loop
      vertex   -1.800000e+02 4.502845e+01 3.000000e+01
      vertex   -1.900000e+02 4.502845e+01 3.000000e+01
      vertex   -1.800000e+02 1.000000e+01 3.000000e+01
    endloop
  endfacet
  facet normal 5.404938e-32 -3.042710e-16 1.000000e+00
    outer loop
      vertex   -1.800000e+02 1.000000e+01 3.000000e+01
      vertex   -1.900000e+02 4.502845e+01 3.000000e+01
      vertex   -1.900000e+02 1.000000e+01 3.000000e+01
    endloop
  endfacet
  facet normal -7.071068e-01 -2.630130e-17 7.071068e-01
    outer loop
      vertex   -1.900000e+02 1.730285e+02 5.800000e+01
      vertex   -1.900000e+02 -1.800000e+01 5.800000e+01
      vertex   -1.880000e+02 1.750285e+02 6.000000e+01
    endloop
  endfacet
  facet normal -7.071068e-01 0.000000e+00 7.071068e-01
    outer loop
      vertex   -1.880000e+02 1.750285e+02 6.000000e+01
      vertex   -1.900000e+02 -1.800000e+01 5.800000e+01
      vertex   -1.880000e+02 -2.000000e+01 6.000000e+01
    endloop
  endfacet
  facet normal -7.071068e-01 -7.071068e-01 4.485978e-17
    outer loop
      vertex   -1.900000e+02 -1.800000e+01 5.800000e+01
      vertex   -1.900000e+02 -1.800000e+01 2.000000e+00
      vertex   -1.880000e+02 -2.000000e+01 6.000000e+01
    endloop
  endfacet
  facet normal -7.071068e-01 -7.071068e-01 -0.000000e+00
    outer loop
      vertex   -1.880000e+02 -2.000000e+01 6.000000e+01
      vertex   -1.900000e+02 -1.800000e+01 2.000000e+00
      vertex   -1.880000e+02 -2.000000e+01 1.065814e-13
    endloop
  endfacet
  facet normal -7.071068e-01 0.000000e+00 -7.071068e-01
    outer loop
      vertex   -1.900000e+02 -1.800000e+01 2.000000e+00
      vertex   -1.900000e+02 1.730285e+02 2.000000e+00
      vertex   -1.880000e+02 -2.000000e+01 1.065814e-13
    endloop
  endfacet
  facet normal -7.071068e-01 0.000000e+00 -7.071068e-01
    outer loop
      vertex   -1.880000e+02 -2.000000e+01 1.065814e-13
      vertex   -1.900000e+02 1.730285e+02 2.000000e+00
      vertex   -1.880000e+02 1.750285e+02 1.065814e-13
    endloop
  endfacet
  facet normal -7.071068e-01 7.071068e-01 0.000000e+00
    outer loop
      vertex   -1.880000e+02 1.750285e+02 6.000000e+01
      vertex   -1.880000e+02 1.750285e+02 1.065814e-13
      vertex   -1.900000e+02 1.730285e+02 5.800000e+01
    endloop
  endfacet
  facet normal -7.071068e-01 7.071068e-01 0.000000e+00
    outer loop
      vertex   -1.900000e+02 1.730285e+02 5.800000e+01
      vertex   -1.880000e+02 1.750285e+02 1.065814e-13
      vertex   -1.900000e+02 1.730285e+02 2.000000e+00
    endloop
  endfacet
  facet normal 0.000000e+00 -9.961947e-01 8.715574e-02
    outer loop
      vertex   -1.900000e+02 6.315338e+01 1.844227e+01
      vertex   -1.850000e+02 6.315338e+01 1.844227e+01
      vertex   -1.900000e+02 6.317845e+01 1.872879e+01
    endloop
  endfacet
  facet normal -1.477606e-15 -9.961947e-01 8.715574e-02
    outer loop
      vertex   -1.900000e+02 6.317845e+01 1.872879e+01
      vertex   -1.850000e+02 6.315338e+01 1.844227e+01
      vertex   -1.850000e+02 6.317845e+01 1.872879e+01
    endloop
  endfacet
  facet normal -1.353750e-15 -9.961947e-01 -8.715574e-02
    outer loop
      vertex   -1.900000e+02 6.317845e+01 1.872879e+01
      vertex   -1.850000e+02 6.317845e+01 1.872879e+01
      vertex   -1.900000e+02 6.315338e+01 1.901531e+01
    endloop
  endfacet
  facet normal 0.000000e+00 -9.961947e-01 -8.715574e-02
    outer loop
      vertex   -1.900000e+02 6.315338e+01 1.901531e+01
      vertex   -1.850000e+02 6.317845e+01 1.872879e+01
      vertex   -1.850000e+02 6.315338e+01 1.901531e+01
    endloop
  endfacet
  facet normal 0.000000e+00 -9.659258e-01 -2.588190e-01
    outer loop
      vertex   -1.900000e+02 6.315338e+01 1.901531e+01
      vertex   -1.850000e+02 6.315338e+01 1.901531e+01
      vertex   -1.900000e+02 6.307894e+01 1.929312e+01
    endloop
  endfacet
  facet normal 0.000000e+00 -9.659258e-01 -2.588190e-01
    outer loop
      vertex   -1.900000e+02 6.307894e+01 1.929312e+01
      vertex   -1.850000e+02 6.315338e+01 1.901531e+01
      vertex   -1.850000e+02 6.307894e+01 1.929312e+01
    endloop
  endfacet
  facet normal 0.000000e+00 -9.063078e-01 -4.226183e-01
    outer loop
      vertex   -1.900000e+02 6.307894e+01 1.929312e+01
      vertex   -1.850000e+02 6.307894e+01 1.929312e+01
      vertex   -1.900000e+02 6.295739e+01 1.955379e+01
    endloop
  endfacet
  facet normal 0.000000e+00 -9.063078e-01 -4.226183e-01
    outer loop
      vertex   -1.900000e+02 6.295739e+01 1.955379e+01
      vertex   -1.850000e+02 6.307894e+01 1.929312e+01
      vertex   -1.850000e+02 6.295739e+01 1.955379e+01
    endloop
  endfacet
  facet normal 0.000000e+00 -8.191520e-01 -5.735764e-01
    outer loop
      vertex   -1.900000e+02 6.295739e+01 1.955379e+01
      vertex   -1.850000e+02 6.295739e+01 1.955379e+01
      vertex   -1.900000e+02 6.279242e+01 1.978939e+01
    endloop
  endfacet
  facet normal 0.000000e+00 -8.191520e-01 -5.735764e-01
    outer loop
      vertex   -1.900000e+02 6.279242e+01 1.978939e+01
      vertex   -1.850000e+02 6.295739e+01 1.955379e+01
      vertex   -1.850000e+02 6.279242e+01 1.978939e+01
    endloop
  endfacet
  facet normal 0.000000e+00 -7.071068e-01 -7.071068e-01
    outer loop
      vertex   -1.900000e+02 6.279242e+01 1.978939e+01
      vertex   -1.850000e+02 6.279242e+01 1.978939e+01
      vertex   -1.900000e+02 6.258905e+01 1.999276e+01
    endloop
  endfacet
  facet normal 5.024296e-16 -7.071068e-01 -7.071068e-01
    outer loop
      vertex   -1.900000e+02 6.258905e+01 1.999276e+01
      vertex   -1.850000e+02 6.279242e+01 1.978939e+01
      vertex   -1.850000e+02 6.258905e+01 1.999276e+01
    endloop
  endfacet
  facet normal 5.820425e-16 -5.735764e-01 -8.191520e-01
    outer loop
      vertex   -1.900000e+02 6.258905e+01 1.999276e+01
      vertex   -1.850000e+02 6.258905e+01 1.999276e+01
      vertex   -1.900000e+02 6.235345e+01 2.015773e+01
    endloop
  endfacet
  facet normal 0.000000e+00 -5.735764e-01 -8.191520e-01
    outer loop
      vertex   -1.900000e+02 6.235345e+01 2.015773e+01
      vertex   -1.850000e+02 6.258905e+01 1.999276e+01
      vertex   -1.850000e+02 6.235345e+01 2.015773e+01
    endloop
  endfacet
  facet normal 0.000000e+00 -4.226183e-01 -9.063078e-01
    outer loop
      vertex   -1.900000e+02 6.235345e+01 2.015773e+01
      vertex   -1.850000e+02 6.235345e+01 2.015773e+01
      vertex   -1.900000e+02 6.209278e+01 2.027928e+01
    endloop
  endfacet
  facet normal 0.000000e+00 -4.226183e-01 -9.063078e-01
    outer loop
      vertex   -1.900000e+02 6.209278e+01 2.027928e+01
      vertex   -1.850000e+02 6.235345e+01 2.015773e+01
      vertex   -1.850000e+02 6.209278e+01 2.027928e+01
    endloop
  endfacet
  facet normal 0.000000e+00 -2.588190e-01 -9.659258e-01
    outer loop
      vertex   -1.900000e+02 6.209278e+01 2.027928e+01
      vertex   -1.850000e+02 6.209278e+01 2.027928e+01
      vertex   -1.900000e+02 6.181497e+01 2.035372e+01
    endloop
  endfacet
  facet normal 0.000000e+00 -2.588190e-01 -9.659258e-01
    outer loop
      vertex   -1.900000e+02 6.181497e+01 2.035372e+01
      vertex   -1.850000e+02 6.209278e+01 2.027928e+01
      vertex   -1.850000e+02 6.181497e+01 2.035372e+01
    endloop
  endfacet
  facet normal 0.000000e+00 -8.715574e-02 -9.961947e-01
    outer loop
      vertex   -1.900000e+02 6.181497e+01 2.035372e+01
      vertex   -1.850000e+02 6.181497e+01 2.035372e+01
      vertex   -1.900000e+02 6.152845e+01 2.037879e+01
    endloop
  endfacet
  facet normal 0.000000e+00 -8.715574e-02 -9.961947e-01
    outer loop
      vertex   -1.900000e+02 6.152845e+01 2.037879e+01
      vertex   -1.850000e+02 6.181497e+01 2.035372e+01
      vertex   -1.850000e+02 6.152845e+01 2.037879e+01
    endloop
  endfacet
  facet normal 0.000000e+00 8.715574e-02 -9.961947e-01
    outer loop
      vertex   -1.900000e+02 6.152845e+01 2.037879e+01
      vertex   -1.850000e+02 6.152845e+01 2.037879e+01
      vertex   -1.900000e+02 6.124193e+01 2.035372e+01
    endloop
  endfacet
  facet normal 0.000000e+00 8.715574e-02 -9.961947e-01
    outer loop
      vertex   -1.900000e+02 6.124193e+01 2.035372e+01
      vertex   -1.850000e+02 6.152845e+01 2.037879e+01
      vertex   -1.850000e+02 6.124193e+01 2.035372e+01
    endloop
  endfacet
  facet normal 0.000000e+00 2.588190e-01 -9.659258e-01
    outer loop
      vertex   -1.900000e+02 6.124193e+01 2.035372e+01
      vertex   -1.850000e+02 6.124193e+01 2.035372e+01
      vertex   -1.900000e+02 6.096412e+01 2.027928e+01
    endloop
  endfacet
  facet normal 0.000000e+00 2.588190e-01 -9.659258e-01
    outer loop
      vertex   -1.900000e+02 6.096412e+01 2.027928e+01
      vertex   -1.850000e+02 6.124193e+01 2.035372e+01
      vertex   -1.850000e+02 6.096412e+01 2.027928e+01
    endloop
  endfacet
  facet normal 0.000000e+00 4.226183e-01 -9.063078e-01
    outer loop
      vertex   -1.900000e+02 6.096412e+01 2.027928e+01
      vertex   -1.850000e+02 6.096412e+01 2.027928e+01
      vertex   -1.900000e+02 6.070345e+01 2.015773e+01
    endloop
  endfacet
  facet normal 0.000000e+00 4.226183e-01 -9.063078e-01
    outer loop
      vertex   -1.900000e+02 6.070345e+01 2.015773e+01
      vertex   -1.850000e+02 6.096412e+01 2.027928e+01
      vertex   -1.850000e+02 6.070345e+01 2.015773e+01
    endloop
  endfacet
  facet normal 0.000000e+00 5.735764e-01 -8.191520e-01
    outer loop
      vertex   -1.900000e+02 6.070345e+01 2.015773e+01
      vertex   -1.850000e+02 6.070345e+01 2.015773e+01
      vertex   -1.900000e+02 6.046785e+01 1.999276e+01
    endloop
  endfacet
  facet normal 5.820425e-16 5.735764e-01 -8.191520e-01
    outer loop
      vertex   -1.900000e+02 6.046785e+01 1.999276e+01
      vertex   -1.850000e+02 6.070345e+01 2.015773e+01
      vertex   -1.850000e+02 6.046785e+01 1.999276e+01
    endloop
  endfacet
  facet normal 5.024296e-16 7.071068e-01 -7.071068e-01
    outer loop
      vertex   -1.900000e+02 6.046785e+01 1.999276e+01
      vertex   -1.850000e+02 6.046785e+01 1.999276e+01
      vertex   -1.900000e+02 6.026448e+01 1.978939e+01
    endloop
  endfacet
  facet normal 0.000000e+00 7.071068e-01 -7.071068e-01
    outer loop
      vertex   -1.900000e+02 6.026448e+01 1.978939e+01
      vertex   -1.850000e+02 6.046785e+01 1.999276e+01
      vertex   -1.850000e+02 6.026448e+01 1.978939e+01
    endloop
  endfacet
  facet normal 0.000000e+00 8.191520e-01 -5.735764e-01
    outer loop
      vertex   -1.900000e+02 6.026448e+01 1.978939e+01
      vertex   -1.850000e+02 6.026448e+01 1.978939e+01
      vertex   -1.900000e+02 6.009951e+01 1.955379e+01
    endloop
  endfacet
  facet normal -4.075506e-16 8.191520e-01 -5.735764e-01
    outer loop
      vertex   -1.900000e+02 6.009951e+01 1.955379e+01
      vertex   -1.850000e+02 6.026448e+01 1.978939e+01
      vertex   -1.850000e+02 6.009951e+01 1.955379e+01
    endloop
  endfacet
  facet normal -3.002883e-16 9.063078e-01 -4.226183e-01
    outer loop
      vertex   -1.900000e+02 6.009951e+01 1.955379e+01
      vertex   -1.850000e+02 6.009951e+01 1.955379e+01
      vertex   -1.900000e+02 5.997796e+01 1.929312e+01
    endloop
  endfacet
  facet normal 0.000000e+00 9.063078e-01 -4.226183e-01
    outer loop
      vertex   -1.900000e+02 5.997796e+01 1.929312e+01
      vertex   -1.850000e+02 6.009951e+01 1.955379e+01
      vertex   -1.850000e+02 5.997796e+01 1.929312e+01
    endloop
  endfacet
  facet normal 0.000000e+00 9.659258e-01 -2.588190e-01
    outer loop
      vertex   -1.900000e+02 5.997796e+01 1.929312e+01
      vertex   -1.850000e+02 5.997796e+01 1.929312e+01
      vertex   -1.900000e+02 5.990352e+01 1.901531e+01
    endloop
  endfacet
  facet normal 0.000000e+00 9.659258e-01 -2.588190e-01
    outer loop
      vertex   -1.900000e+02 5.990352e+01 1.901531e+01
      vertex   -1.850000e+02 5.997796e+01 1.929312e+01
      vertex   -1.850000e+02 5.990352e+01 1.901531e+01
    endloop
  endfacet
  facet normal 0.000000e+00 9.961947e-01 -8.715574e-02
    outer loop
      vertex   -1.900000e+02 5.990352e+01 1.901531e+01
      vertex   -1.850000e+02 5.990352e+01 1.901531e+01
      vertex   -1.900000e+02 5.987845e+01 1.872879e+01
    endloop
  endfacet
  facet normal 0.000000e+00 9.961947e-01 -8.715574e-02
    outer loop
      vertex   -1.900000e+02 5.987845e+01 1.872879e+01
      vertex   -1.850000e+02 5.990352e+01 1.901531e+01
      vertex   -1.850000e+02 5.987845e+01 1.872879e+01
    endloop
  endfacet
  facet normal -0.000000e+00 9.961947e-01 8.715574e-02
    outer loop
      vertex   -1.900000e+02 5.987845e+01 1.872879e+01
      vertex   -1.850000e+02 5.987845e+01 1.872879e+01
      vertex   -1.900000e+02 5.990352e+01 1.844227e+01
    endloop
  endfacet
  facet normal -0.000000e+00 9.961947e-01 8.715574e-02
    outer loop
      vertex   -1.900000e+02 5.990352e+01 1.844227e+01
      vertex   -1.850000e+02 5.987845e+01 1.872879e+01
      vertex   -1.850000e+02 5.990352e+01 1.844227e+01
    endloop
  endfacet
  facet normal -0.000000e+00 9.659258e-01 2.588190e-01
    outer loop
      vertex   -1.900000e+02 5.990352e+01 1.844227e+01
      vertex   -1.850000e+02 5.990352e+01 1.844227e+01
      vertex   -1.900000e+02 5.997796e+01 1.816446e+01
    endloop
  endfacet
  facet normal -0.000000e+00 9.659258e-01 2.588190e-01
    outer loop
      vertex   -1.900000e+02 5.997796e+01 1.816446e+01
      vertex   -1.850000e+02 5.990352e+01 1.844227e+01
      vertex   -1.850000e+02 5.997796e+01 1.816446e+01
    endloop
  endfacet
  facet normal -0.000000e+00 9.063078e-01 4.226183e-01
    outer loop
      vertex   -1.900000e+02 5.997796e+01 1.816446e+01
      vertex   -1.850000e+02 5.997796e+01 1.816446e+01
      vertex   -1.900000e+02 6.009951e+01 1.790379e+01
    endloop
  endfacet
  facet normal -3.002883e-16 9.063078e-01 4.226183e-01
    outer loop
      vertex   -1.900000e+02 6.009951e+01 1.790379e+01
      vertex   -1.850000e+02 5.997796e+01 1.816446e+01
      vertex   -1.850000e+02 6.009951e+01 1.790379e+01
    endloop
  endfacet
  facet normal -4.075506e-16 8.191520e-01 5.735764e-01
    outer loop
      vertex   -1.900000e+02 6.009951e+01 1.790379e+01
      vertex   -1.850000e+02 6.009951e+01 1.790379e+01
      vertex   -1.900000e+02 6.026448e+01 1.766819e+01
    endloop
  endfacet
  facet normal -4.075506e-16 8.191520e-01 5.735764e-01
    outer loop
      vertex   -1.900000e+02 6.026448e+01 1.766819e+01
      vertex   -1.850000e+02 6.009951e+01 1.790379e+01
      vertex   -1.850000e+02 6.026448e+01 1.766819e+01
    endloop
  endfacet
  facet normal -5.024296e-16 7.071068e-01 7.071068e-01
    outer loop
      vertex   -1.900000e+02 6.026448e+01 1.766819e+01
      vertex   -1.850000e+02 6.026448e+01 1.766819e+01
      vertex   -1.900000e+02 6.046785e+01 1.746482e+01
    endloop
  endfacet
  facet normal 5.024296e-16 7.071068e-01 7.071068e-01
    outer loop
      vertex   -1.900000e+02 6.046785e+01 1.746482e+01
      vertex   -1.850000e+02 6.026448e+01 1.766819e+01
      vertex   -1.850000e+02 6.046785e+01 1.746482e+01
    endloop
  endfacet
  facet normal 5.820425e-16 5.735764e-01 8.191520e-01
    outer loop
      vertex   -1.900000e+02 6.046785e+01 1.746482e+01
      vertex   -1.850000e+02 6.046785e+01 1.746482e+01
      vertex   -1.900000e+02 6.070345e+01 1.729985e+01
    endloop
  endfacet
  facet normal -1.630202e-15 5.735764e-01 8.191520e-01
    outer loop
      vertex   -1.900000e+02 6.070345e+01 1.729985e+01
      vertex   -1.850000e+02 6.046785e+01 1.746482e+01
      vertex   -1.850000e+02 6.070345e+01 1.729985e+01
    endloop
  endfacet
  facet normal -1.201153e-15 4.226183e-01 9.063078e-01
    outer loop
      vertex   -1.900000e+02 6.070345e+01 1.729985e+01
      vertex   -1.850000e+02 6.070345e+01 1.729985e+01
      vertex   -1.900000e+02 6.096412e+01 1.717830e+01
    endloop
  endfacet
  facet normal -6.439704e-16 4.226183e-01 9.063078e-01
    outer loop
      vertex   -1.900000e+02 6.096412e+01 1.717830e+01
      vertex   -1.850000e+02 6.070345e+01 1.729985e+01
      vertex   -1.850000e+02 6.096412e+01 1.717830e+01
    endloop
  endfacet
  facet normal -6.863316e-16 2.588190e-01 9.659258e-01
    outer loop
      vertex   -1.900000e+02 6.096412e+01 1.717830e+01
      vertex   -1.850000e+02 6.096412e+01 1.717830e+01
      vertex   -1.900000e+02 6.124193e+01 1.710386e+01
    endloop
  endfacet
  facet normal -0.000000e+00 2.588190e-01 9.659258e-01
    outer loop
      vertex   -1.900000e+02 6.124193e+01 1.710386e+01
      vertex   -1.850000e+02 6.096412e+01 1.717830e+01
      vertex   -1.850000e+02 6.124193e+01 1.710386e+01
    endloop
  endfacet
  facet normal -0.000000e+00 8.715574e-02 9.961947e-01
    outer loop
      vertex   -1.900000e+02 6.124193e+01 1.710386e+01
      vertex   -1.850000e+02 6.124193e+01 1.710386e+01
      vertex   -1.900000e+02 6.152845e+01 1.707879e+01
    endloop
  endfacet
  facet normal -0.000000e+00 8.715574e-02 9.961947e-01
    outer loop
      vertex   -1.900000e+02 6.152845e+01 1.707879e+01
      vertex   -1.850000e+02 6.124193e+01 1.710386e+01
      vertex   -1.850000e+02 6.152845e+01 1.707879e+01
    endloop
  endfacet
  facet normal 0.000000e+00 -8.715574e-02 9.961947e-01
    outer loop
      vertex   -1.900000e+02 6.152845e+01 1.707879e+01
      vertex   -1.850000e+02 6.152845e+01 1.707879e+01
      vertex   -1.900000e+02 6.181497e+01 1.710386e+01
    endloop
  endfacet
  facet normal 0.000000e+00 -8.715574e-02 9.961947e-01
    outer loop
      vertex   -1.900000e+02 6.181497e+01 1.710386e+01
      vertex   -1.850000e+02 6.152845e+01 1.707879e+01
      vertex   -1.850000e+02 6.181497e+01 1.710386e+01
    endloop
  endfacet
  facet normal 0.000000e+00 -2.588190e-01 9.659258e-01
    outer loop
      vertex   -1.900000e+02 6.181497e+01 1.710386e+01
      vertex   -1.850000e+02 6.181497e+01 1.710386e+01
      vertex   -1.900000e+02 6.209278e+01 1.717830e+01
    endloop
  endfacet
  facet normal -6.863316e-16 -2.588190e-01 9.659258e-01
    outer loop
      vertex   -1.900000e+02 6.209278e+01 1.717830e+01
      vertex   -1.850000e+02 6.181497e+01 1.710386e+01
      vertex   -1.850000e+02 6.209278e+01 1.717830e+01
    endloop
  endfacet
  facet normal -6.439704e-16 -4.226183e-01 9.063078e-01
    outer loop
      vertex   -1.900000e+02 6.209278e+01 1.717830e+01
      vertex   -1.850000e+02 6.209278e+01 1.717830e+01
      vertex   -1.900000e+02 6.235345e+01 1.729985e+01
    endloop
  endfacet
  facet normal -6.439704e-16 -4.226183e-01 9.063078e-01
    outer loop
      vertex   -1.900000e+02 6.235345e+01 1.729985e+01
      vertex   -1.850000e+02 6.209278e+01 1.717830e+01
      vertex   -1.850000e+02 6.235345e+01 1.729985e+01
    endloop
  endfacet
  facet normal -5.820425e-16 -5.735764e-01 8.191520e-01
    outer loop
      vertex   -1.900000e+02 6.235345e+01 1.729985e+01
      vertex   -1.850000e+02 6.235345e+01 1.729985e+01
      vertex   -1.900000e+02 6.258905e+01 1.746482e+01
    endloop
  endfacet
  facet normal 5.820425e-16 -5.735764e-01 8.191520e-01
    outer loop
      vertex   -1.900000e+02 6.258905e+01 1.746482e+01
      vertex   -1.850000e+02 6.235345e+01 1.729985e+01
      vertex   -1.850000e+02 6.258905e+01 1.746482e+01
    endloop
  endfacet
  facet normal 5.024296e-16 -7.071068e-01 7.071068e-01
    outer loop
      vertex   -1.900000e+02 6.258905e+01 1.746482e+01
      vertex   -1.850000e+02 6.258905e+01 1.746482e+01
      vertex   -1.900000e+02 6.279242e+01 1.766819e+01
    endloop
  endfacet
  facet normal -5.024296e-16 -7.071068e-01 7.071068e-01
    outer loop
      vertex   -1.900000e+02 6.279242e+01 1.766819e+01
      vertex   -1.850000e+02 6.258905e+01 1.746482e+01
      vertex   -1.850000e+02 6.279242e+01 1.766819e+01
    endloop
  endfacet
  facet normal -4.075506e-16 -8.191520e-01 5.735764e-01
    outer loop
      vertex   -1.900000e+02 6.279242e+01 1.766819e+01
      vertex   -1.850000e+02 6.279242e+01 1.766819e+01
      vertex   -1.900000e+02 6.295739e+01 1.790379e+01
    endloop
  endfacet
  facet normal 1.164085e-15 -8.191520e-01 5.735764e-01
    outer loop
      vertex   -1.900000e+02 6.295739e+01 1.790379e+01
      vertex   -1.850000e+02 6.279242e+01 1.766819e+01
      vertex   -1.850000e+02 6.295739e+01 1.790379e+01
    endloop
  endfacet
  facet normal 1.287941e-15 -9.063078e-01 4.226183e-01
    outer loop
      vertex   -1.900000e+02 6.295739e+01 1.790379e+01
      vertex   -1.850000e+02 6.295739e+01 1.790379e+01
      vertex   -1.900000e+02 6.307894e+01 1.816446e+01
    endloop
  endfacet
  facet normal 0.000000e+00 -9.063078e-01 4.226183e-01
    outer loop
      vertex   -1.900000e+02 6.307894e+01 1.816446e+01
      vertex   -1.850000e+02 6.295739e+01 1.790379e+01
      vertex   -1.850000e+02 6.307894e+01 1.816446e+01
    endloop
  endfacet
  facet normal 0.000000e+00 -9.659258e-01 2.588190e-01
    outer loop
      vertex   -1.900000e+02 6.307894e+01 1.816446e+01
      vertex   -1.850000e+02 6.307894e+01 1.816446e+01
      vertex   -1.900000e+02 6.315338e+01 1.844227e+01
    endloop
  endfacet
  facet normal 0.000000e+00 -9.659258e-01 2.588190e-01
    outer loop
      vertex   -1.900000e+02 6.315338e+01 1.844227e+01
      vertex   -1.850000e+02 6.307894e+01 1.816446e+01
      vertex   -1.850000e+02 6.315338e+01 1.844227e+01
    endloop
  endfacet
  facet normal -0.000000e+00 -9.961947e-01 -8.715574e-02
    outer loop
      vertex   -1.800000e+02 6.315338e+01 1.901531e+01
      vertex   -1.850000e+02 6.315338e+01 1.901531e+01
      vertex   -1.800000e+02 6.317845e+01 1.872879e+01
    endloop
  endfacet
  facet normal -0.000000e+00 -9.961947e-01 -8.715574e-02
    outer loop
      vertex   -1.800000e+02 6.317845e+01 1.872879e+01
      vertex   -1.850000e+02 6.315338e+01 1.901531e+01
      vertex   -1.850000e+02 6.317845e+01 1.872879e+01
    endloop
  endfacet
  facet normal 0.000000e+00 -9.961947e-01 8.715574e-02
    outer loop
      vertex   -1.800000e+02 6.317845e+01 1.872879e+01
      vertex   -1.850000e+02 6.317845e+01 1.872879e+01
      vertex   -1.800000e+02 6.315338e+01 1.844227e+01
    endloop
  endfacet
  facet normal 0.000000e+00 -9.961947e-01 8.715574e-02
    outer loop
      vertex   -1.800000e+02 6.315338e+01 1.844227e+01
      vertex   -1.850000e+02 6.317845e+01 1.872879e+01
      vertex   -1.850000e+02 6.315338e+01 1.844227e+01
    endloop
  endfacet
  facet normal 0.000000e+00 -9.659258e-01 2.588190e-01
    outer loop
      vertex   -1.800000e+02 6.315338e+01 1.844227e+01
      vertex   -1.850000e+02 6.315338e+01 1.844227e+01
      vertex   -1.800000e+02 6.307894e+01 1.816446e+01
    endloop
  endfacet
  facet normal 0.000000e+00 -9.659258e-01 2.588190e-01
    outer loop
      vertex   -1.800000e+02 6.307894e+01 1.816446e+01
      vertex   -1.850000e+02 6.315338e+01 1.844227e+01
      vertex   -1.850000e+02 6.307894e+01 1.816446e+01
    endloop
  endfacet
  facet normal 0.000000e+00 -9.063078e-01 4.226183e-01
    outer loop
      vertex   -1.800000e+02 6.307894e+01 1.816446e+01
      vertex   -1.850000e+02 6.307894e+01 1.816446e+01
      vertex   -1.800000e+02 6.295739e+01 1.790379e+01
    endloop
  endfacet
  facet normal 0.000000e+00 -9.063078e-01 4.226183e-01
    outer loop
      vertex   -1.800000e+02 6.295739e+01 1.790379e+01
      vertex   -1.850000e+02 6.307894e+01 1.816446e+01
      vertex   -1.850000e+02 6.295739e+01 1.790379e+01
    endloop
  endfacet
  facet normal 0.000000e+00 -8.191520e-01 5.735764e-01
    outer loop
      vertex   -1.800000e+02 6.295739e+01 1.790379e+01
      vertex   -1.850000e+02 6.295739e+01 1.790379e+01
      vertex   -1.800000e+02 6.279242e+01 1.766819e+01
    endloop
  endfacet
  facet normal 4.075506e-16 -8.191520e-01 5.735764e-01
    outer loop
      vertex   -1.800000e+02 6.279242e+01 1.766819e+01
      vertex   -1.850000e+02 6.295739e+01 1.790379e+01
      vertex   -1.850000e+02 6.279242e+01 1.766819e+01
    endloop
  endfacet
  facet normal 5.024296e-16 -7.071068e-01 7.071068e-01
    outer loop
      vertex   -1.800000e+02 6.279242e+01 1.766819e+01
      vertex   -1.850000e+02 6.279242e+01 1.766819e+01
      vertex   -1.800000e+02 6.258905e+01 1.746482e+01
    endloop
  endfacet
  facet normal -5.024296e-16 -7.071068e-01 7.071068e-01
    outer loop
      vertex   -1.800000e+02 6.258905e+01 1.746482e+01
      vertex   -1.850000e+02 6.279242e+01 1.766819e+01
      vertex   -1.850000e+02 6.258905e+01 1.746482e+01
    endloop
  endfacet
  facet normal -5.820425e-16 -5.735764e-01 8.191520e-01
    outer loop
      vertex   -1.800000e+02 6.258905e+01 1.746482e+01
      vertex   -1.850000e+02 6.258905e+01 1.746482e+01
      vertex   -1.800000e+02 6.235345e+01 1.729985e+01
    endloop
  endfacet
  facet normal 5.820425e-16 -5.735764e-01 8.191520e-01
    outer loop
      vertex   -1.800000e+02 6.235345e+01 1.729985e+01
      vertex   -1.850000e+02 6.258905e+01 1.746482e+01
      vertex   -1.850000e+02 6.235345e+01 1.729985e+01
    endloop
  endfacet
  facet normal 6.439704e-16 -4.226183e-01 9.063078e-01
    outer loop
      vertex   -1.800000e+02 6.235345e+01 1.729985e+01
      vertex   -1.850000e+02 6.235345e+01 1.729985e+01
      vertex   -1.800000e+02 6.209278e+01 1.717830e+01
    endloop
  endfacet
  facet normal 6.439704e-16 -4.226183e-01 9.063078e-01
    outer loop
      vertex   -1.800000e+02 6.209278e+01 1.717830e+01
      vertex   -1.850000e+02 6.235345e+01 1.729985e+01
      vertex   -1.850000e+02 6.209278e+01 1.717830e+01
    endloop
  endfacet
  facet normal 6.863316e-16 -2.588190e-01 9.659258e-01
    outer loop
      vertex   -1.800000e+02 6.209278e+01 1.717830e+01
      vertex   -1.850000e+02 6.209278e+01 1.717830e+01
      vertex   -1.800000e+02 6.181497e+01 1.710386e+01
    endloop
  endfacet
  facet normal 0.000000e+00 -2.588190e-01 9.659258e-01
    outer loop
      vertex   -1.800000e+02 6.181497e+01 1.710386e+01
      vertex   -1.850000e+02 6.209278e+01 1.717830e+01
      vertex   -1.850000e+02 6.181497e+01 1.710386e+01
    endloop
  endfacet
  facet normal 0.000000e+00 -8.715574e-02 9.961947e-01
    outer loop
      vertex   -1.800000e+02 6.181497e+01 1.710386e+01
      vertex   -1.850000e+02 6.181497e+01 1.710386e+01
      vertex   -1.800000e+02 6.152845e+01 1.707879e+01
    endloop
  endfacet
  facet normal 0.000000e+00 -8.715574e-02 9.961947e-01
    outer loop
      vertex   -1.800000e+02 6.152845e+01 1.707879e+01
      vertex   -1.850000e+02 6.181497e+01 1.710386e+01
      vertex   -1.850000e+02 6.152845e+01 1.707879e+01
    endloop
  endfacet
  facet normal 0.000000e+00 8.715574e-02 9.961947e-01
    outer loop
      vertex   -1.800000e+02 6.152845e+01 1.707879e+01
      vertex   -1.850000e+02 6.152845e+01 1.707879e+01
      vertex   -1.800000e+02 6.124193e+01 1.710386e+01
    endloop
  endfacet
  facet normal 0.000000e+00 8.715574e-02 9.961947e-01
    outer loop
      vertex   -1.800000e+02 6.124193e+01 1.710386e+01
      vertex   -1.850000e+02 6.152845e+01 1.707879e+01
      vertex   -1.850000e+02 6.124193e+01 1.710386e+01
    endloop
  endfacet
  facet normal 0.000000e+00 2.588190e-01 9.659258e-01
    outer loop
      vertex   -1.800000e+02 6.124193e+01 1.710386e+01
      vertex   -1.850000e+02 6.124193e+01 1.710386e+01
      vertex   -1.800000e+02 6.096412e+01 1.717830e+01
    endloop
  endfacet
  facet normal 6.863316e-16 2.588190e-01 9.659258e-01
    outer loop
      vertex   -1.800000e+02 6.096412e+01 1.717830e+01
      vertex   -1.850000e+02 6.124193e+01 1.710386e+01
      vertex   -1.850000e+02 6.096412e+01 1.717830e+01
    endloop
  endfacet
  facet normal 6.439704e-16 4.226183e-01 9.063078e-01
    outer loop
      vertex   -1.800000e+02 6.096412e+01 1.717830e+01
      vertex   -1.850000e+02 6.096412e+01 1.717830e+01
      vertex   -1.800000e+02 6.070345e+01 1.729985e+01
    endloop
  endfacet
  facet normal 0.000000e+00 4.226183e-01 9.063078e-01
    outer loop
      vertex   -1.800000e+02 6.070345e+01 1.729985e+01
      vertex   -1.850000e+02 6.096412e+01 1.717830e+01
      vertex   -1.850000e+02 6.070345e+01 1.729985e+01
    endloop
  endfacet
  facet normal 0.000000e+00 5.735764e-01 8.191520e-01
    outer loop
      vertex   -1.800000e+02 6.070345e+01 1.729985e+01
      vertex   -1.850000e+02 6.070345e+01 1.729985e+01
      vertex   -1.800000e+02 6.046785e+01 1.746482e+01
    endloop
  endfacet
  facet normal -5.820425e-16 5.735764e-01 8.191520e-01
    outer loop
      vertex   -1.800000e+02 6.046785e+01 1.746482e+01
      vertex   -1.850000e+02 6.070345e+01 1.729985e+01
      vertex   -1.850000e+02 6.046785e+01 1.746482e+01
    endloop
  endfacet
  facet normal -5.024296e-16 7.071068e-01 7.071068e-01
    outer loop
      vertex   -1.800000e+02 6.046785e+01 1.746482e+01
      vertex   -1.850000e+02 6.046785e+01 1.746482e+01
      vertex   -1.800000e+02 6.026448e+01 1.766819e+01
    endloop
  endfacet
  facet normal 5.024296e-16 7.071068e-01 7.071068e-01
    outer loop
      vertex   -1.800000e+02 6.026448e+01 1.766819e+01
      vertex   -1.850000e+02 6.046785e+01 1.746482e+01
      vertex   -1.850000e+02 6.026448e+01 1.766819e+01
    endloop
  endfacet
  facet normal 4.075506e-16 8.191520e-01 5.735764e-01
    outer loop
      vertex   -1.800000e+02 6.026448e+01 1.766819e+01
      vertex   -1.850000e+02 6.026448e+01 1.766819e+01
      vertex   -1.800000e+02 6.009951e+01 1.790379e+01
    endloop
  endfacet
  facet normal 4.075506e-16 8.191520e-01 5.735764e-01
    outer loop
      vertex   -1.800000e+02 6.009951e+01 1.790379e+01
      vertex   -1.850000e+02 6.026448e+01 1.766819e+01
      vertex   -1.850000e+02 6.009951e+01 1.790379e+01
    endloop
  endfacet
  facet normal 3.002883e-16 9.063078e-01 4.226183e-01
    outer loop
      vertex   -1.800000e+02 6.009951e+01 1.790379e+01
      vertex   -1.850000e+02 6.009951e+01 1.790379e+01
      vertex   -1.800000e+02 5.997796e+01 1.816446e+01
    endloop
  endfacet
  facet normal 0.000000e+00 9.063078e-01 4.226183e-01
    outer loop
      vertex   -1.800000e+02 5.997796e+01 1.816446e+01
      vertex   -1.850000e+02 6.009951e+01 1.790379e+01
      vertex   -1.850000e+02 5.997796e+01 1.816446e+01
    endloop
  endfacet
  facet normal 0.000000e+00 9.659258e-01 2.588190e-01
    outer loop
      vertex   -1.800000e+02 5.997796e+01 1.816446e+01
      vertex   -1.850000e+02 5.997796e+01 1.816446e+01
      vertex   -1.800000e+02 5.990352e+01 1.844227e+01
    endloop
  endfacet
  facet normal 0.000000e+00 9.659258e-01 2.588190e-01
    outer loop
      vertex   -1.800000e+02 5.990352e+01 1.844227e+01
      vertex   -1.850000e+02 5.997796e+01 1.816446e+01
      vertex   -1.850000e+02 5.990352e+01 1.844227e+01
    endloop
  endfacet
  facet normal 0.000000e+00 9.961947e-01 8.715574e-02
    outer loop
      vertex   -1.800000e+02 5.990352e+01 1.844227e+01
      vertex   -1.850000e+02 5.990352e+01 1.844227e+01
      vertex   -1.800000e+02 5.987845e+01 1.872879e+01
    endloop
  endfacet
  facet normal 0.000000e+00 9.961947e-01 8.715574e-02
    outer loop
      vertex   -1.800000e+02 5.987845e+01 1.872879e+01
      vertex   -1.850000e+02 5.990352e+01 1.844227e+01
      vertex   -1.850000e+02 5.987845e+01 1.872879e+01
    endloop
  endfacet
  facet normal 0.000000e+00 9.961947e-01 -8.715574e-02
    outer loop
      vertex   -1.800000e+02 5.987845e+01 1.872879e+01
      vertex   -1.850000e+02 5.987845e+01 1.872879e+01
      vertex   -1.800000e+02 5.990352e+01 1.901531e+01
    endloop
  endfacet
  facet normal 0.000000e+00 9.961947e-01 -8.715574e-02
    outer loop
      vertex   -1.800000e+02 5.990352e+01 1.901531e+01
      vertex   -1.850000e+02 5.987845e+01 1.872879e+01
      vertex   -1.850000e+02 5.990352e+01 1.901531e+01
    endloop
  endfacet
  facet normal 0.000000e+00 9.659258e-01 -2.588190e-01
    outer loop
      vertex   -1.800000e+02 5.990352e+01 1.901531e+01
      vertex   -1.850000e+02 5.990352e+01 1.901531e+01
      vertex   -1.800000e+02 5.997796e+01 1.929312e+01
    endloop
  endfacet
  facet normal 0.000000e+00 9.659258e-01 -2.588190e-01
    outer loop
      vertex   -1.800000e+02 5.997796e+01 1.929312e+01
      vertex   -1.850000e+02 5.990352e+01 1.901531e+01
      vertex   -1.850000e+02 5.997796e+01 1.929312e+01
    endloop
  endfacet
  facet normal 0.000000e+00 9.063078e-01 -4.226183e-01
    outer loop
      vertex   -1.800000e+02 5.997796e+01 1.929312e+01
      vertex   -1.850000e+02 5.997796e+01 1.929312e+01
      vertex   -1.800000e+02 6.009951e+01 1.955379e+01
    endloop
  endfacet
  facet normal 3.002883e-16 9.063078e-01 -4.226183e-01
    outer loop
      vertex   -1.800000e+02 6.009951e+01 1.955379e+01
      vertex   -1.850000e+02 5.997796e+01 1.929312e+01
      vertex   -1.850000e+02 6.009951e+01 1.955379e+01
    endloop
  endfacet
  facet normal 4.075506e-16 8.191520e-01 -5.735764e-01
    outer loop
      vertex   -1.800000e+02 6.009951e+01 1.955379e+01
      vertex   -1.850000e+02 6.009951e+01 1.955379e+01
      vertex   -1.800000e+02 6.026448e+01 1.978939e+01
    endloop
  endfacet
  facet normal 0.000000e+00 8.191520e-01 -5.735764e-01
    outer loop
      vertex   -1.800000e+02 6.026448e+01 1.978939e+01
      vertex   -1.850000e+02 6.009951e+01 1.955379e+01
      vertex   -1.850000e+02 6.026448e+01 1.978939e+01
    endloop
  endfacet
  facet normal 0.000000e+00 7.071068e-01 -7.071068e-01
    outer loop
      vertex   -1.800000e+02 6.026448e+01 1.978939e+01
      vertex   -1.850000e+02 6.026448e+01 1.978939e+01
      vertex   -1.800000e+02 6.046785e+01 1.999276e+01
    endloop
  endfacet
  facet normal -5.024296e-16 7.071068e-01 -7.071068e-01
    outer loop
      vertex   -1.800000e+02 6.046785e+01 1.999276e+01
      vertex   -1.850000e+02 6.026448e+01 1.978939e+01
      vertex   -1.850000e+02 6.046785e+01 1.999276e+01
    endloop
  endfacet
  facet normal -5.820425e-16 5.735764e-01 -8.191520e-01
    outer loop
      vertex   -1.800000e+02 6.046785e+01 1.999276e+01
      vertex   -1.850000e+02 6.046785e+01 1.999276e+01
      vertex   -1.800000e+02 6.070345e+01 2.015773e+01
    endloop
  endfacet
  facet normal 1.630202e-15 5.735764e-01 -8.191520e-01
    outer loop
      vertex   -1.800000e+02 6.070345e+01 2.015773e+01
      vertex   -1.850000e+02 6.046785e+01 1.999276e+01
      vertex   -1.850000e+02 6.070345e+01 2.015773e+01
    endloop
  endfacet
  facet normal 1.201153e-15 4.226183e-01 -9.063078e-01
    outer loop
      vertex   -1.800000e+02 6.070345e+01 2.015773e+01
      vertex   -1.850000e+02 6.070345e+01 2.015773e+01
      vertex   -1.800000e+02 6.096412e+01 2.027928e+01
    endloop
  endfacet
  facet normal 0.000000e+00 4.226183e-01 -9.063078e-01
    outer loop
      vertex   -1.800000e+02 6.096412e+01 2.027928e+01
      vertex   -1.850000e+02 6.070345e+01 2.015773e+01
      vertex   -1.850000e+02 6.096412e+01 2.027928e+01
    endloop
  endfacet
  facet normal 0.000000e+00 2.588190e-01 -9.659258e-01
    outer loop
      vertex   -1.800000e+02 6.096412e+01 2.027928e+01
      vertex   -1.850000e+02 6.096412e+01 2.027928e+01
      vertex   -1.800000e+02 6.124193e+01 2.035372e+01
    endloop
  endfacet
  facet normal 0.000000e+00 2.588190e-01 -9.659258e-01
    outer loop
      vertex   -1.800000e+02 6.124193e+01 2.035372e+01
      vertex   -1.850000e+02 6.096412e+01 2.027928e+01
      vertex   -1.850000e+02 6.124193e+01 2.035372e+01
    endloop
  endfacet
  facet normal 0.000000e+00 8.715574e-02 -9.961947e-01
    outer loop
      vertex   -1.800000e+02 6.124193e+01 2.035372e+01
      vertex   -1.850000e+02 6.124193e+01 2.035372e+01
      vertex   -1.800000e+02 6.152845e+01 2.037879e+01
    endloop
  endfacet
  facet normal 0.000000e+00 8.715574e-02 -9.961947e-01
    outer loop
      vertex   -1.800000e+02 6.152845e+01 2.037879e+01
      vertex   -1.850000e+02 6.124193e+01 2.035372e+01
      vertex   -1.850000e+02 6.152845e+01 2.037879e+01
    endloop
  endfacet
  facet normal -0.000000e+00 -8.715574e-02 -9.961947e-01
    outer loop
      vertex   -1.800000e+02 6.152845e+01 2.037879e+01
      vertex   -1.850000e+02 6.152845e+01 2.037879e+01
      vertex   -1.800000e+02 6.181497e+01 2.035372e+01
    endloop
  endfacet
  facet normal -0.000000e+00 -8.715574e-02 -9.961947e-01
    outer loop
      vertex   -1.800000e+02 6.181497e+01 2.035372e+01
      vertex   -1.850000e+02 6.152845e+01 2.037879e+01
      vertex   -1.850000e+02 6.181497e+01 2.035372e+01
    endloop
  endfacet
  facet normal -0.000000e+00 -2.588190e-01 -9.659258e-01
    outer loop
      vertex   -1.800000e+02 6.181497e+01 2.035372e+01
      vertex   -1.850000e+02 6.181497e+01 2.035372e+01
      vertex   -1.800000e+02 6.209278e+01 2.027928e+01
    endloop
  endfacet
  facet normal -0.000000e+00 -2.588190e-01 -9.659258e-01
    outer loop
      vertex   -1.800000e+02 6.209278e+01 2.027928e+01
      vertex   -1.850000e+02 6.181497e+01 2.035372e+01
      vertex   -1.850000e+02 6.209278e+01 2.027928e+01
    endloop
  endfacet
  facet normal -0.000000e+00 -4.226183e-01 -9.063078e-01
    outer loop
      vertex   -1.800000e+02 6.209278e+01 2.027928e+01
      vertex   -1.850000e+02 6.209278e+01 2.027928e+01
      vertex   -1.800000e+02 6.235345e+01 2.015773e+01
    endloop
  endfacet
  facet normal -0.000000e+00 -4.226183e-01 -9.063078e-01
    outer loop
      vertex   -1.800000e+02 6.235345e+01 2.015773e+01
      vertex   -1.850000e+02 6.209278e+01 2.027928e+01
      vertex   -1.850000e+02 6.235345e+01 2.015773e+01
    endloop
  endfacet
  facet normal -0.000000e+00 -5.735764e-01 -8.191520e-01
    outer loop
      vertex   -1.800000e+02 6.235345e+01 2.015773e+01
      vertex   -1.850000e+02 6.235345e+01 2.015773e+01
      vertex   -1.800000e+02 6.258905e+01 1.999276e+01
    endloop
  endfacet
  facet normal -5.820425e-16 -5.735764e-01 -8.191520e-01
    outer loop
      vertex   -1.800000e+02 6.258905e+01 1.999276e+01
      vertex   -1.850000e+02 6.235345e+01 2.015773e+01
      vertex   -1.850000e+02 6.258905e+01 1.999276e+01
    endloop
  endfacet
  facet normal -5.024296e-16 -7.071068e-01 -7.071068e-01
    outer loop
      vertex   -1.800000e+02 6.258905e+01 1.999276e+01
      vertex   -1.850000e+02 6.258905e+01 1.999276e+01
      vertex   -1.800000e+02 6.279242e+01 1.978939e+01
    endloop
  endfacet
  facet normal -0.000000e+00 -7.071068e-01 -7.071068e-01
    outer loop
      vertex   -1.800000e+02 6.279242e+01 1.978939e+01
      vertex   -1.850000e+02 6.258905e+01 1.999276e+01
      vertex   -1.850000e+02 6.279242e+01 1.978939e+01
    endloop
  endfacet
  facet normal -0.000000e+00 -8.191520e-01 -5.735764e-01
    outer loop
      vertex   -1.800000e+02 6.279242e+01 1.978939e+01
      vertex   -1.850000e+02 6.279242e+01 1.978939e+01
      vertex   -1.800000e+02 6.295739e+01 1.955379e+01
    endloop
  endfacet
  facet normal -1.164085e-15 -8.191520e-01 -5.735764e-01
    outer loop
      vertex   -1.800000e+02 6.295739e+01 1.955379e+01
      vertex   -1.850000e+02 6.279242e+01 1.978939e+01
      vertex   -1.850000e+02 6.295739e+01 1.955379e+01
    endloop
  endfacet
  facet normal -1.287941e-15 -9.063078e-01 -4.226183e-01
    outer loop
      vertex   -1.800000e+02 6.295739e+01 1.955379e+01
      vertex   -1.850000e+02 6.295739e+01 1.955379e+01
      vertex   -1.800000e+02 6.307894e+01 1.929312e+01
    endloop
  endfacet
  facet normal 3.002883e-16 -9.063078e-01 -4.226183e-01
    outer loop
      vertex   -1.800000e+02 6.307894e+01 1.929312e+01
      vertex   -1.850000e+02 6.295739e+01 1.955379e+01
      vertex   -1.850000e+02 6.307894e+01 1.929312e+01
    endloop
  endfacet
  facet normal 1.839020e-16 -9.659258e-01 -2.588190e-01
    outer loop
      vertex   -1.800000e+02 6.307894e+01 1.929312e+01
      vertex   -1.850000e+02 6.307894e+01 1.929312e+01
      vertex   -1.800000e+02 6.315338e+01 1.901531e+01
    endloop
  endfacet
  facet normal -0.000000e+00 -9.659258e-01 -2.588190e-01
    outer loop
      vertex   -1.800000e+02 6.315338e+01 1.901531e+01
      vertex   -1.850000e+02 6.307894e+01 1.929312e+01
      vertex   -1.850000e+02 6.315338e+01 1.901531e+01
    endloop
  endfacet
  facet normal 6.192788e-17 -9.961947e-01 8.715574e-02
    outer loop
      vertex   -1.900000e+02 1.606534e+02 1.694227e+01
      vertex   -1.850000e+02 1.606534e+02 1.694227e+01
      vertex   -1.900000e+02 1.606785e+02 1.722879e+01
    endloop
  endfacet
  facet normal 0.000000e+00 -9.961947e-01 8.715574e-02
    outer loop
      vertex   -1.900000e+02 1.606785e+02 1.722879e+01
      vertex   -1.850000e+02 1.606534e+02 1.694227e+01
      vertex   -1.850000e+02 1.606785e+02 1.722879e+01
    endloop
  endfacet
  facet normal 0.000000e+00 -9.961947e-01 -8.715574e-02
    outer loop
      vertex   -1.900000e+02 1.606785e+02 1.722879e+01
      vertex   -1.850000e+02 1.606785e+02 1.722879e+01
      vertex   -1.900000e+02 1.606534e+02 1.751531e+01
    endloop
  endfacet
  facet normal 0.000000e+00 -9.961947e-01 -8.715574e-02
    outer loop
      vertex   -1.900000e+02 1.606534e+02 1.751531e+01
      vertex   -1.850000e+02 1.606785e+02 1.722879e+01
      vertex   -1.850000e+02 1.606534e+02 1.751531e+01
    endloop
  endfacet
  facet normal 0.000000e+00 -9.659258e-01 -2.588190e-01
    outer loop
      vertex   -1.900000e+02 1.606534e+02 1.751531e+01
      vertex   -1.850000e+02 1.606534e+02 1.751531e+01
      vertex   -1.900000e+02 1.605789e+02 1.779312e+01
    endloop
  endfacet
  facet normal 3.678040e-16 -9.659258e-01 -2.588190e-01
    outer loop
      vertex   -1.900000e+02 1.605789e+02 1.779312e+01
      vertex   -1.850000e+02 1.606534e+02 1.751531e+01
      vertex   -1.850000e+02 1.605789e+02 1.779312e+01
    endloop
  endfacet
  facet normal 6.005767e-16 -9.063078e-01 -4.226183e-01
    outer loop
      vertex   -1.900000e+02 1.605789e+02 1.779312e+01
      vertex   -1.850000e+02 1.605789e+02 1.779312e+01
      vertex   -1.900000e+02 1.604574e+02 1.805379e+01
    endloop
  endfacet
  facet normal 0.000000e+00 -9.063078e-01 -4.226183e-01
    outer loop
      vertex   -1.900000e+02 1.604574e+02 1.805379e+01
      vertex   -1.850000e+02 1.605789e+02 1.779312e+01
      vertex   -1.850000e+02 1.604574e+02 1.805379e+01
    endloop
  endfacet
  facet normal 0.000000e+00 -8.191520e-01 -5.735764e-01
    outer loop
      vertex   -1.900000e+02 1.604574e+02 1.805379e+01
      vertex   -1.850000e+02 1.604574e+02 1.805379e+01
      vertex   -1.900000e+02 1.602924e+02 1.828939e+01
    endloop
  endfacet
  facet normal -4.075506e-16 -8.191520e-01 -5.735764e-01
    outer loop
      vertex   -1.900000e+02 1.602924e+02 1.828939e+01
      vertex   -1.850000e+02 1.604574e+02 1.805379e+01
      vertex   -1.850000e+02 1.602924e+02 1.828939e+01
    endloop
  endfacet
  facet normal -5.024296e-16 -7.071068e-01 -7.071068e-01
    outer loop
      vertex   -1.900000e+02 1.602924e+02 1.828939e+01
      vertex   -1.850000e+02 1.602924e+02 1.828939e+01
      vertex   -1.900000e+02 1.600891e+02 1.849276e+01
    endloop
  endfacet
  facet normal -1.004859e-15 -7.071068e-01 -7.071068e-01
    outer loop
      vertex   -1.900000e+02 1.600891e+02 1.849276e+01
      vertex   -1.850000e+02 1.602924e+02 1.828939e+01
      vertex   -1.850000e+02 1.600891e+02 1.849276e+01
    endloop
  endfacet
  facet normal -1.164085e-15 -5.735764e-01 -8.191520e-01
    outer loop
      vertex   -1.900000e+02 1.600891e+02 1.849276e+01
      vertex   -1.850000e+02 1.600891e+02 1.849276e+01
      vertex   -1.900000e+02 1.598535e+02 1.865773e+01
    endloop
  endfacet
  facet normal 0.000000e+00 -5.735764e-01 -8.191520e-01
    outer loop
      vertex   -1.900000e+02 1.598535e+02 1.865773e+01
      vertex   -1.850000e+02 1.600891e+02 1.849276e+01
      vertex   -1.850000e+02 1.598535e+02 1.865773e+01
    endloop
  endfacet
  facet normal 0.000000e+00 -4.226183e-01 -9.063078e-01
    outer loop
      vertex   -1.900000e+02 1.598535e+02 1.865773e+01
      vertex   -1.850000e+02 1.598535e+02 1.865773e+01
      vertex   -1.900000e+02 1.595928e+02 1.877928e+01
    endloop
  endfacet
  facet normal 6.439704e-16 -4.226183e-01 -9.063078e-01
    outer loop
      vertex   -1.900000e+02 1.595928e+02 1.877928e+01
      vertex   -1.850000e+02 1.598535e+02 1.865773e+01
      vertex   -1.850000e+02 1.595928e+02 1.877928e+01
    endloop
  endfacet
  facet normal 6.863316e-16 -2.588190e-01 -9.659258e-01
    outer loop
      vertex   -1.900000e+02 1.595928e+02 1.877928e+01
      vertex   -1.850000e+02 1.595928e+02 1.877928e+01
      vertex   -1.900000e+02 1.593150e+02 1.885372e+01
    endloop
  endfacet
  facet normal 0.000000e+00 -2.588190e-01 -9.659258e-01
    outer loop
      vertex   -1.900000e+02 1.593150e+02 1.885372e+01
      vertex   -1.850000e+02 1.595928e+02 1.877928e+01
      vertex   -1.850000e+02 1.593150e+02 1.885372e+01
    endloop
  endfacet
  facet normal 0.000000e+00 -8.715574e-02 -9.961947e-01
    outer loop
      vertex   -1.900000e+02 1.593150e+02 1.885372e+01
      vertex   -1.850000e+02 1.593150e+02 1.885372e+01
      vertex   -1.900000e+02 1.590285e+02 1.887879e+01
    endloop
  endfacet
  facet normal 0.000000e+00 -8.715574e-02 -9.961947e-01
    outer loop
      vertex   -1.900000e+02 1.590285e+02 1.887879e+01
      vertex   -1.850000e+02 1.593150e+02 1.885372e+01
      vertex   -1.850000e+02 1.590285e+02 1.887879e+01
    endloop
  endfacet
  facet normal 0.000000e+00 8.715574e-02 -9.961947e-01
    outer loop
      vertex   -1.900000e+02 1.590285e+02 1.887879e+01
      vertex   -1.850000e+02 1.590285e+02 1.887879e+01
      vertex   -1.900000e+02 1.587419e+02 1.885372e+01
    endloop
  endfacet
  facet normal 0.000000e+00 8.715574e-02 -9.961947e-01
    outer loop
      vertex   -1.900000e+02 1.587419e+02 1.885372e+01
      vertex   -1.850000e+02 1.590285e+02 1.887879e+01
      vertex   -1.850000e+02 1.587419e+02 1.885372e+01
    endloop
  endfacet
  facet normal 0.000000e+00 2.588190e-01 -9.659258e-01
    outer loop
      vertex   -1.900000e+02 1.587419e+02 1.885372e+01
      vertex   -1.850000e+02 1.587419e+02 1.885372e+01
      vertex   -1.900000e+02 1.584641e+02 1.877928e+01
    endloop
  endfacet
  facet normal 6.863316e-16 2.588190e-01 -9.659258e-01
    outer loop
      vertex   -1.900000e+02 1.584641e+02 1.877928e+01
      vertex   -1.850000e+02 1.587419e+02 1.885372e+01
      vertex   -1.850000e+02 1.584641e+02 1.877928e+01
    endloop
  endfacet
  facet normal 6.439704e-16 4.226183e-01 -9.063078e-01
    outer loop
      vertex   -1.900000e+02 1.584641e+02 1.877928e+01
      vertex   -1.850000e+02 1.584641e+02 1.877928e+01
      vertex   -1.900000e+02 1.582035e+02 1.865773e+01
    endloop
  endfacet
  facet normal 0.000000e+00 4.226183e-01 -9.063078e-01
    outer loop
      vertex   -1.900000e+02 1.582035e+02 1.865773e+01
      vertex   -1.850000e+02 1.584641e+02 1.877928e+01
      vertex   -1.850000e+02 1.582035e+02 1.865773e+01
    endloop
  endfacet
  facet normal 0.000000e+00 5.735764e-01 -8.191520e-01
    outer loop
      vertex   -1.900000e+02 1.582035e+02 1.865773e+01
      vertex   -1.850000e+02 1.582035e+02 1.865773e+01
      vertex   -1.900000e+02 1.579679e+02 1.849276e+01
    endloop
  endfacet
  facet normal 5.820425e-16 5.735764e-01 -8.191520e-01
    outer loop
      vertex   -1.900000e+02 1.579679e+02 1.849276e+01
      vertex   -1.850000e+02 1.582035e+02 1.865773e+01
      vertex   -1.850000e+02 1.579679e+02 1.849276e+01
    endloop
  endfacet
  facet normal 5.024296e-16 7.071068e-01 -7.071068e-01
    outer loop
      vertex   -1.900000e+02 1.579679e+02 1.849276e+01
      vertex   -1.850000e+02 1.579679e+02 1.849276e+01
      vertex   -1.900000e+02 1.577645e+02 1.828939e+01
    endloop
  endfacet
  facet normal 1.004859e-15 7.071068e-01 -7.071068e-01
    outer loop
      vertex   -1.900000e+02 1.577645e+02 1.828939e+01
      vertex   -1.850000e+02 1.579679e+02 1.849276e+01
      vertex   -1.850000e+02 1.577645e+02 1.828939e+01
    endloop
  endfacet
  facet normal 8.151011e-16 8.191520e-01 -5.735764e-01
    outer loop
      vertex   -1.900000e+02 1.577645e+02 1.828939e+01
      vertex   -1.850000e+02 1.577645e+02 1.828939e+01
      vertex   -1.900000e+02 1.575995e+02 1.805379e+01
    endloop
  endfacet
  facet normal 0.000000e+00 8.191520e-01 -5.735764e-01
    outer loop
      vertex   -1.900000e+02 1.575995e+02 1.805379e+01
      vertex   -1.850000e+02 1.577645e+02 1.828939e+01
      vertex   -1.850000e+02 1.575995e+02 1.805379e+01
    endloop
  endfacet
  facet normal 0.000000e+00 9.063078e-01 -4.226183e-01
    outer loop
      vertex   -1.900000e+02 1.575995e+02 1.805379e+01
      vertex   -1.850000e+02 1.575995e+02 1.805379e+01
      vertex   -1.900000e+02 1.574780e+02 1.779312e+01
    endloop
  endfacet
  facet normal 0.000000e+00 9.063078e-01 -4.226183e-01
    outer loop
      vertex   -1.900000e+02 1.574780e+02 1.779312e+01
      vertex   -1.850000e+02 1.575995e+02 1.805379e+01
      vertex   -1.850000e+02 1.574780e+02 1.779312e+01
    endloop
  endfacet
  facet normal 0.000000e+00 9.659258e-01 -2.588190e-01
    outer loop
      vertex   -1.900000e+02 1.574780e+02 1.779312e+01
      vertex   -1.850000e+02 1.574780e+02 1.779312e+01
      vertex   -1.900000e+02 1.574035e+02 1.751531e+01
    endloop
  endfacet
  facet normal 0.000000e+00 9.659258e-01 -2.588190e-01
    outer loop
      vertex   -1.900000e+02 1.574035e+02 1.751531e+01
      vertex   -1.850000e+02 1.574780e+02 1.779312e+01
      vertex   -1.850000e+02 1.574035e+02 1.751531e+01
    endloop
  endfacet
  facet normal 0.000000e+00 9.961947e-01 -8.715574e-02
    outer loop
      vertex   -1.900000e+02 1.574035e+02 1.751531e+01
      vertex   -1.850000e+02 1.574035e+02 1.751531e+01
      vertex   -1.900000e+02 1.573785e+02 1.722879e+01
    endloop
  endfacet
  facet normal 0.000000e+00 9.961947e-01 -8.715574e-02
    outer loop
      vertex   -1.900000e+02 1.573785e+02 1.722879e+01
      vertex   -1.850000e+02 1.574035e+02 1.751531e+01
      vertex   -1.850000e+02 1.573785e+02 1.722879e+01
    endloop
  endfacet
  facet normal -0.000000e+00 9.961947e-01 8.715574e-02
    outer loop
      vertex   -1.900000e+02 1.573785e+02 1.722879e+01
      vertex   -1.850000e+02 1.573785e+02 1.722879e+01
      vertex   -1.900000e+02 1.574035e+02 1.694227e+01
    endloop
  endfacet
  facet normal -0.000000e+00 9.961947e-01 8.715574e-02
    outer loop
      vertex   -1.900000e+02 1.574035e+02 1.694227e+01
      vertex   -1.850000e+02 1.573785e+02 1.722879e+01
      vertex   -1.850000e+02 1.574035e+02 1.694227e+01
    endloop
  endfacet
  facet normal -0.000000e+00 9.659258e-01 2.588190e-01
    outer loop
      vertex   -1.900000e+02 1.574035e+02 1.694227e+01
      vertex   -1.850000e+02 1.574035e+02 1.694227e+01
      vertex   -1.900000e+02 1.574780e+02 1.666446e+01
    endloop
  endfacet
  facet normal -0.000000e+00 9.659258e-01 2.588190e-01
    outer loop
      vertex   -1.900000e+02 1.574780e+02 1.666446e+01
      vertex   -1.850000e+02 1.574035e+02 1.694227e+01
      vertex   -1.850000e+02 1.574780e+02 1.666446e+01
    endloop
  endfacet
  facet normal -0.000000e+00 9.063078e-01 4.226183e-01
    outer loop
      vertex   -1.900000e+02 1.574780e+02 1.666446e+01
      vertex   -1.850000e+02 1.574780e+02 1.666446e+01
      vertex   -1.900000e+02 1.575995e+02 1.640379e+01
    endloop
  endfacet
  facet normal -3.002883e-16 9.063078e-01 4.226183e-01
    outer loop
      vertex   -1.900000e+02 1.575995e+02 1.640379e+01
      vertex   -1.850000e+02 1.574780e+02 1.666446e+01
      vertex   -1.850000e+02 1.575995e+02 1.640379e+01
    endloop
  endfacet
  facet normal -4.075506e-16 8.191520e-01 5.735764e-01
    outer loop
      vertex   -1.900000e+02 1.575995e+02 1.640379e+01
      vertex   -1.850000e+02 1.575995e+02 1.640379e+01
      vertex   -1.900000e+02 1.577645e+02 1.616819e+01
    endloop
  endfacet
  facet normal 4.075506e-16 8.191520e-01 5.735764e-01
    outer loop
      vertex   -1.900000e+02 1.577645e+02 1.616819e+01
      vertex   -1.850000e+02 1.575995e+02 1.640379e+01
      vertex   -1.850000e+02 1.577645e+02 1.616819e+01
    endloop
  endfacet
  facet normal 5.024296e-16 7.071068e-01 7.071068e-01
    outer loop
      vertex   -1.900000e+02 1.577645e+02 1.616819e+01
      vertex   -1.850000e+02 1.577645e+02 1.616819e+01
      vertex   -1.900000e+02 1.579679e+02 1.596482e+01
    endloop
  endfacet
  facet normal 2.512148e-16 7.071068e-01 7.071068e-01
    outer loop
      vertex   -1.900000e+02 1.579679e+02 1.596482e+01
      vertex   -1.850000e+02 1.577645e+02 1.616819e+01
      vertex   -1.850000e+02 1.579679e+02 1.596482e+01
    endloop
  endfacet
  facet normal 2.910213e-16 5.735764e-01 8.191520e-01
    outer loop
      vertex   -1.900000e+02 1.579679e+02 1.596482e+01
      vertex   -1.850000e+02 1.579679e+02 1.596482e+01
      vertex   -1.900000e+02 1.582035e+02 1.579985e+01
    endloop
  endfacet
  facet normal -0.000000e+00 5.735764e-01 8.191520e-01
    outer loop
      vertex   -1.900000e+02 1.582035e+02 1.579985e+01
      vertex   -1.850000e+02 1.579679e+02 1.596482e+01
      vertex   -1.850000e+02 1.582035e+02 1.579985e+01
    endloop
  endfacet
  facet normal -0.000000e+00 4.226183e-01 9.063078e-01
    outer loop
      vertex   -1.900000e+02 1.582035e+02 1.579985e+01
      vertex   -1.850000e+02 1.582035e+02 1.579985e+01
      vertex   -1.900000e+02 1.584641e+02 1.567830e+01
    endloop
  endfacet
  facet normal 6.439704e-16 4.226183e-01 9.063078e-01
    outer loop
      vertex   -1.900000e+02 1.584641e+02 1.567830e+01
      vertex   -1.850000e+02 1.582035e+02 1.579985e+01
      vertex   -1.850000e+02 1.584641e+02 1.567830e+01
    endloop
  endfacet
  facet normal 6.863316e-16 2.588190e-01 9.659258e-01
    outer loop
      vertex   -1.900000e+02 1.584641e+02 1.567830e+01
      vertex   -1.850000e+02 1.584641e+02 1.567830e+01
      vertex   -1.900000e+02 1.587419e+02 1.560386e+01
    endloop
  endfacet
  facet normal 3.431658e-16 2.588190e-01 9.659258e-01
    outer loop
      vertex   -1.900000e+02 1.587419e+02 1.560386e+01
      vertex   -1.850000e+02 1.584641e+02 1.567830e+01
      vertex   -1.850000e+02 1.587419e+02 1.560386e+01
    endloop
  endfacet
  facet normal 3.539195e-16 8.715574e-02 9.961947e-01
    outer loop
      vertex   -1.900000e+02 1.587419e+02 1.560386e+01
      vertex   -1.850000e+02 1.587419e+02 1.560386e+01
      vertex   -1.900000e+02 1.590285e+02 1.557879e+01
    endloop
  endfacet
  facet normal -0.000000e+00 8.715574e-02 9.961947e-01
    outer loop
      vertex   -1.900000e+02 1.590285e+02 1.557879e+01
      vertex   -1.850000e+02 1.587419e+02 1.560386e+01
      vertex   -1.850000e+02 1.590285e+02 1.557879e+01
    endloop
  endfacet
  facet normal 0.000000e+00 -8.715574e-02 9.961947e-01
    outer loop
      vertex   -1.900000e+02 1.590285e+02 1.557879e+01
      vertex   -1.850000e+02 1.590285e+02 1.557879e+01
      vertex   -1.900000e+02 1.593150e+02 1.560386e+01
    endloop
  endfacet
  facet normal 3.539195e-16 -8.715574e-02 9.961947e-01
    outer loop
      vertex   -1.900000e+02 1.593150e+02 1.560386e+01
      vertex   -1.850000e+02 1.590285e+02 1.557879e+01
      vertex   -1.850000e+02 1.593150e+02 1.560386e+01
    endloop
  endfacet
  facet normal 3.431658e-16 -2.588190e-01 9.659258e-01
    outer loop
      vertex   -1.900000e+02 1.593150e+02 1.560386e+01
      vertex   -1.850000e+02 1.593150e+02 1.560386e+01
      vertex   -1.900000e+02 1.595928e+02 1.567830e+01
    endloop
  endfacet
  facet normal 6.863316e-16 -2.588190e-01 9.659258e-01
    outer loop
      vertex   -1.900000e+02 1.595928e+02 1.567830e+01
      vertex   -1.850000e+02 1.593150e+02 1.560386e+01
      vertex   -1.850000e+02 1.595928e+02 1.567830e+01
    endloop
  endfacet
  facet normal 6.439704e-16 -4.226183e-01 9.063078e-01
    outer loop
      vertex   -1.900000e+02 1.595928e+02 1.567830e+01
      vertex   -1.850000e+02 1.595928e+02 1.567830e+01
      vertex   -1.900000e+02 1.598535e+02 1.579985e+01
    endloop
  endfacet
  facet normal 0.000000e+00 -4.226183e-01 9.063078e-01
    outer loop
      vertex   -1.900000e+02 1.598535e+02 1.579985e+01
      vertex   -1.850000e+02 1.595928e+02 1.567830e+01
      vertex   -1.850000e+02 1.598535e+02 1.579985e+01
    endloop
  endfacet
  facet normal 0.000000e+00 -5.735764e-01 8.191520e-01
    outer loop
      vertex   -1.900000e+02 1.598535e+02 1.579985e+01
      vertex   -1.850000e+02 1.598535e+02 1.579985e+01
      vertex   -1.900000e+02 1.600891e+02 1.596482e+01
    endloop
  endfacet
  facet normal -1.164085e-15 -5.735764e-01 8.191520e-01
    outer loop
      vertex   -1.900000e+02 1.600891e+02 1.596482e+01
      vertex   -1.850000e+02 1.598535e+02 1.579985e+01
      vertex   -1.850000e+02 1.600891e+02 1.596482e+01
    endloop
  endfacet
  facet normal -1.004859e-15 -7.071068e-01 7.071068e-01
    outer loop
      vertex   -1.900000e+02 1.600891e+02 1.596482e+01
      vertex   -1.850000e+02 1.600891e+02 1.596482e+01
      vertex   -1.900000e+02 1.602924e+02 1.616819e+01
    endloop
  endfacet
  facet normal -5.024296e-16 -7.071068e-01 7.071068e-01
    outer loop
      vertex   -1.900000e+02 1.602924e+02 1.616819e+01
      vertex   -1.850000e+02 1.600891e+02 1.596482e+01
      vertex   -1.850000e+02 1.602924e+02 1.616819e+01
    endloop
  endfacet
  facet normal -4.075506e-16 -8.191520e-01 5.735764e-01
    outer loop
      vertex   -1.900000e+02 1.602924e+02 1.616819e+01
      vertex   -1.850000e+02 1.602924e+02 1.616819e+01
      vertex   -1.900000e+02 1.604574e+02 1.640379e+01
    endloop
  endfacet
  facet normal -4.075506e-16 -8.191520e-01 5.735764e-01
    outer loop
      vertex   -1.900000e+02 1.604574e+02 1.640379e+01
      vertex   -1.850000e+02 1.602924e+02 1.616819e+01
      vertex   -1.850000e+02 1.604574e+02 1.640379e+01
    endloop
  endfacet
  facet normal -3.002883e-16 -9.063078e-01 4.226183e-01
    outer loop
      vertex   -1.900000e+02 1.604574e+02 1.640379e+01
      vertex   -1.850000e+02 1.604574e+02 1.640379e+01
      vertex   -1.900000e+02 1.605789e+02 1.666446e+01
    endloop
  endfacet
  facet normal 3.002883e-16 -9.063078e-01 4.226183e-01
    outer loop
      vertex   -1.900000e+02 1.605789e+02 1.666446e+01
      vertex   -1.850000e+02 1.604574e+02 1.640379e+01
      vertex   -1.850000e+02 1.605789e+02 1.666446e+01
    endloop
  endfacet
  facet normal 1.839020e-16 -9.659258e-01 2.588190e-01
    outer loop
      vertex   -1.900000e+02 1.605789e+02 1.666446e+01
      vertex   -1.850000e+02 1.605789e+02 1.666446e+01
      vertex   -1.900000e+02 1.606534e+02 1.694227e+01
    endloop
  endfacet
  facet normal 1.839020e-16 -9.659258e-01 2.588190e-01
    outer loop
      vertex   -1.900000e+02 1.606534e+02 1.694227e+01
      vertex   -1.850000e+02 1.605789e+02 1.666446e+01
      vertex   -1.850000e+02 1.606534e+02 1.694227e+01
    endloop
  endfacet
  facet normal -0.000000e+00 -9.961947e-01 -8.715574e-02
    outer loop
      vertex   -1.800000e+02 1.606534e+02 1.751531e+01
      vertex   -1.850000e+02 1.606534e+02 1.751531e+01
      vertex   -1.800000e+02 1.606785e+02 1.722879e+01
    endloop
  endfacet
  facet normal -0.000000e+00 -9.961947e-01 -8.715574e-02
    outer loop
      vertex   -1.800000e+02 1.606785e+02 1.722879e+01
      vertex   -1.850000e+02 1.606534e+02 1.751531e+01
      vertex   -1.850000e+02 1.606785e+02 1.722879e+01
    endloop
  endfacet
  facet normal 0.000000e+00 -9.961947e-01 8.715574e-02
    outer loop
      vertex   -1.800000e+02 1.606785e+02 1.722879e+01
      vertex   -1.850000e+02 1.606785e+02 1.722879e+01
      vertex   -1.800000e+02 1.606534e+02 1.694227e+01
    endloop
  endfacet
  facet normal -6.192788e-17 -9.961947e-01 8.715574e-02
    outer loop
      vertex   -1.800000e+02 1.606534e+02 1.694227e+01
      vertex   -1.850000e+02 1.606785e+02 1.722879e+01
      vertex   -1.850000e+02 1.606534e+02 1.694227e+01
    endloop
  endfacet
  facet normal -1.839020e-16 -9.659258e-01 2.588190e-01
    outer loop
      vertex   -1.800000e+02 1.606534e+02 1.694227e+01
      vertex   -1.850000e+02 1.606534e+02 1.694227e+01
      vertex   -1.800000e+02 1.605789e+02 1.666446e+01
    endloop
  endfacet
  facet normal -1.839020e-16 -9.659258e-01 2.588190e-01
    outer loop
      vertex   -1.800000e+02 1.605789e+02 1.666446e+01
      vertex   -1.850000e+02 1.606534e+02 1.694227e+01
      vertex   -1.850000e+02 1.605789e+02 1.666446e+01
    endloop
  endfacet
  facet normal -3.002883e-16 -9.063078e-01 4.226183e-01
    outer loop
      vertex   -1.800000e+02 1.605789e+02 1.666446e+01
      vertex   -1.850000e+02 1.605789e+02 1.666446e+01
      vertex   -1.800000e+02 1.604574e+02 1.640379e+01
    endloop
  endfacet
  facet normal 3.002883e-16 -9.063078e-01 4.226183e-01
    outer loop
      vertex   -1.800000e+02 1.604574e+02 1.640379e+01
      vertex   -1.850000e+02 1.605789e+02 1.666446e+01
      vertex   -1.850000e+02 1.604574e+02 1.640379e+01
    endloop
  endfacet
  facet normal 4.075506e-16 -8.191520e-01 5.735764e-01
    outer loop
      vertex   -1.800000e+02 1.604574e+02 1.640379e+01
      vertex   -1.850000e+02 1.604574e+02 1.640379e+01
      vertex   -1.800000e+02 1.602924e+02 1.616819e+01
    endloop
  endfacet
  facet normal 4.075506e-16 -8.191520e-01 5.735764e-01
    outer loop
      vertex   -1.800000e+02 1.602924e+02 1.616819e+01
      vertex   -1.850000e+02 1.604574e+02 1.640379e+01
      vertex   -1.850000e+02 1.602924e+02 1.616819e+01
    endloop
  endfacet
  facet normal 5.024296e-16 -7.071068e-01 7.071068e-01
    outer loop
      vertex   -1.800000e+02 1.602924e+02 1.616819e+01
      vertex   -1.850000e+02 1.602924e+02 1.616819e+01
      vertex   -1.800000e+02 1.600891e+02 1.596482e+01
    endloop
  endfacet
  facet normal 1.004859e-15 -7.071068e-01 7.071068e-01
    outer loop
      vertex   -1.800000e+02 1.600891e+02 1.596482e+01
      vertex   -1.850000e+02 1.602924e+02 1.616819e+01
      vertex   -1.850000e+02 1.600891e+02 1.596482e+01
    endloop
  endfacet
  facet normal 1.164085e-15 -5.735764e-01 8.191520e-01
    outer loop
      vertex   -1.800000e+02 1.600891e+02 1.596482e+01
      vertex   -1.850000e+02 1.600891e+02 1.596482e+01
      vertex   -1.800000e+02 1.598535e+02 1.579985e+01
    endloop
  endfacet
  facet normal 0.000000e+00 -5.735764e-01 8.191520e-01
    outer loop
      vertex   -1.800000e+02 1.598535e+02 1.579985e+01
      vertex   -1.850000e+02 1.600891e+02 1.596482e+01
      vertex   -1.850000e+02 1.598535e+02 1.579985e+01
    endloop
  endfacet
  facet normal 0.000000e+00 -4.226183e-01 9.063078e-01
    outer loop
      vertex   -1.800000e+02 1.598535e+02 1.579985e+01
      vertex   -1.850000e+02 1.598535e+02 1.579985e+01
      vertex   -1.800000e+02 1.595928e+02 1.567830e+01
    endloop
  endfacet
  facet normal -6.439704e-16 -4.226183e-01 9.063078e-01
    outer loop
      vertex   -1.800000e+02 1.595928e+02 1.567830e+01
      vertex   -1.850000e+02 1.598535e+02 1.579985e+01
      vertex   -1.850000e+02 1.595928e+02 1.567830e+01
    endloop
  endfacet
  facet normal -6.863316e-16 -2.588190e-01 9.659258e-01
    outer loop
      vertex   -1.800000e+02 1.595928e+02 1.567830e+01
      vertex   -1.850000e+02 1.595928e+02 1.567830e+01
      vertex   -1.800000e+02 1.593150e+02 1.560386e+01
    endloop
  endfacet
  facet normal -3.431658e-16 -2.588190e-01 9.659258e-01
    outer loop
      vertex   -1.800000e+02 1.593150e+02 1.560386e+01
      vertex   -1.850000e+02 1.595928e+02 1.567830e+01
      vertex   -1.850000e+02 1.593150e+02 1.560386e+01
    endloop
  endfacet
  facet normal -3.539195e-16 -8.715574e-02 9.961947e-01
    outer loop
      vertex   -1.800000e+02 1.593150e+02 1.560386e+01
      vertex   -1.850000e+02 1.593150e+02 1.560386e+01
      vertex   -1.800000e+02 1.590285e+02 1.557879e+01
    endloop
  endfacet
  facet normal 0.000000e+00 -8.715574e-02 9.961947e-01
    outer loop
      vertex   -1.800000e+02 1.590285e+02 1.557879e+01
      vertex   -1.850000e+02 1.593150e+02 1.560386e+01
      vertex   -1.850000e+02 1.590285e+02 1.557879e+01
    endloop
  endfacet
  facet normal 0.000000e+00 8.715574e-02 9.961947e-01
    outer loop
      vertex   -1.800000e+02 1.590285e+02 1.557879e+01
      vertex   -1.850000e+02 1.590285e+02 1.557879e+01
      vertex   -1.800000e+02 1.587419e+02 1.560386e+01
    endloop
  endfacet
  facet normal -3.539195e-16 8.715574e-02 9.961947e-01
    outer loop
      vertex   -1.800000e+02 1.587419e+02 1.560386e+01
      vertex   -1.850000e+02 1.590285e+02 1.557879e+01
      vertex   -1.850000e+02 1.587419e+02 1.560386e+01
    endloop
  endfacet
  facet normal -3.431658e-16 2.588190e-01 9.659258e-01
    outer loop
      vertex   -1.800000e+02 1.587419e+02 1.560386e+01
      vertex   -1.850000e+02 1.587419e+02 1.560386e+01
      vertex   -1.800000e+02 1.584641e+02 1.567830e+01
    endloop
  endfacet
  facet normal -6.863316e-16 2.588190e-01 9.659258e-01
    outer loop
      vertex   -1.800000e+02 1.584641e+02 1.567830e+01
      vertex   -1.850000e+02 1.587419e+02 1.560386e+01
      vertex   -1.850000e+02 1.584641e+02 1.567830e+01
    endloop
  endfacet
  facet normal -6.439704e-16 4.226183e-01 9.063078e-01
    outer loop
      vertex   -1.800000e+02 1.584641e+02 1.567830e+01
      vertex   -1.850000e+02 1.584641e+02 1.567830e+01
      vertex   -1.800000e+02 1.582035e+02 1.579985e+01
    endloop
  endfacet
  facet normal 0.000000e+00 4.226183e-01 9.063078e-01
    outer loop
      vertex   -1.800000e+02 1.582035e+02 1.579985e+01
      vertex   -1.850000e+02 1.584641e+02 1.567830e+01
      vertex   -1.850000e+02 1.582035e+02 1.579985e+01
    endloop
  endfacet
  facet normal 0.000000e+00 5.735764e-01 8.191520e-01
    outer loop
      vertex   -1.800000e+02 1.582035e+02 1.579985e+01
      vertex   -1.850000e+02 1.582035e+02 1.579985e+01
      vertex   -1.800000e+02 1.579679e+02 1.596482e+01
    endloop
  endfacet
  facet normal -2.910213e-16 5.735764e-01 8.191520e-01
    outer loop
      vertex   -1.800000e+02 1.579679e+02 1.596482e+01
      vertex   -1.850000e+02 1.582035e+02 1.579985e+01
      vertex   -1.850000e+02 1.579679e+02 1.596482e+01
    endloop
  endfacet
  facet normal -2.512148e-16 7.071068e-01 7.071068e-01
    outer loop
      vertex   -1.800000e+02 1.579679e+02 1.596482e+01
      vertex   -1.850000e+02 1.579679e+02 1.596482e+01
      vertex   -1.800000e+02 1.577645e+02 1.616819e+01
    endloop
  endfacet
  facet normal -5.024296e-16 7.071068e-01 7.071068e-01
    outer loop
      vertex   -1.800000e+02 1.577645e+02 1.616819e+01
      vertex   -1.850000e+02 1.579679e+02 1.596482e+01
      vertex   -1.850000e+02 1.577645e+02 1.616819e+01
    endloop
  endfacet
  facet normal -4.075506e-16 8.191520e-01 5.735764e-01
    outer loop
      vertex   -1.800000e+02 1.577645e+02 1.616819e+01
      vertex   -1.850000e+02 1.577645e+02 1.616819e+01
      vertex   -1.800000e+02 1.575995e+02 1.640379e+01
    endloop
  endfacet
  facet normal 4.075506e-16 8.191520e-01 5.735764e-01
    outer loop
      vertex   -1.800000e+02 1.575995e+02 1.640379e+01
      vertex   -1.850000e+02 1.577645e+02 1.616819e+01
      vertex   -1.850000e+02 1.575995e+02 1.640379e+01
    endloop
  endfacet
  facet normal 3.002883e-16 9.063078e-01 4.226183e-01
    outer loop
      vertex   -1.800000e+02 1.575995e+02 1.640379e+01
      vertex   -1.850000e+02 1.575995e+02 1.640379e+01
      vertex   -1.800000e+02 1.574780e+02 1.666446e+01
    endloop
  endfacet
  facet normal 0.000000e+00 9.063078e-01 4.226183e-01
    outer loop
      vertex   -1.800000e+02 1.574780e+02 1.666446e+01
      vertex   -1.850000e+02 1.575995e+02 1.640379e+01
      vertex   -1.850000e+02 1.574780e+02 1.666446e+01
    endloop
  endfacet
  facet normal 0.000000e+00 9.659258e-01 2.588190e-01
    outer loop
      vertex   -1.800000e+02 1.574780e+02 1.666446e+01
      vertex   -1.850000e+02 1.574780e+02 1.666446e+01
      vertex   -1.800000e+02 1.574035e+02 1.694227e+01
    endloop
  endfacet
  facet normal 0.000000e+00 9.659258e-01 2.588190e-01
    outer loop
      vertex   -1.800000e+02 1.574035e+02 1.694227e+01
      vertex   -1.850000e+02 1.574780e+02 1.666446e+01
      vertex   -1.850000e+02 1.574035e+02 1.694227e+01
    endloop
  endfacet
  facet normal 0.000000e+00 9.961947e-01 8.715574e-02
    outer loop
      vertex   -1.800000e+02 1.574035e+02 1.694227e+01
      vertex   -1.850000e+02 1.574035e+02 1.694227e+01
      vertex   -1.800000e+02 1.573785e+02 1.722879e+01
    endloop
  endfacet
  facet normal 0.000000e+00 9.961947e-01 8.715574e-02
    outer loop
      vertex   -1.800000e+02 1.573785e+02 1.722879e+01
      vertex   -1.850000e+02 1.574035e+02 1.694227e+01
      vertex   -1.850000e+02 1.573785e+02 1.722879e+01
    endloop
  endfacet
  facet normal 0.000000e+00 9.961947e-01 -8.715574e-02
    outer loop
      vertex   -1.800000e+02 1.573785e+02 1.722879e+01
      vertex   -1.850000e+02 1.573785e+02 1.722879e+01
      vertex   -1.800000e+02 1.574035e+02 1.751531e+01
    endloop
  endfacet
  facet normal -6.192788e-17 9.961947e-01 -8.715574e-02
    outer loop
      vertex   -1.800000e+02 1.574035e+02 1.751531e+01
      vertex   -1.850000e+02 1.573785e+02 1.722879e+01
      vertex   -1.850000e+02 1.574035e+02 1.751531e+01
    endloop
  endfacet
  facet normal -1.839020e-16 9.659258e-01 -2.588190e-01
    outer loop
      vertex   -1.800000e+02 1.574035e+02 1.751531e+01
      vertex   -1.850000e+02 1.574035e+02 1.751531e+01
      vertex   -1.800000e+02 1.574780e+02 1.779312e+01
    endloop
  endfacet
  facet normal 0.000000e+00 9.659258e-01 -2.588190e-01
    outer loop
      vertex   -1.800000e+02 1.574780e+02 1.779312e+01
      vertex   -1.850000e+02 1.574035e+02 1.751531e+01
      vertex   -1.850000e+02 1.574780e+02 1.779312e+01
    endloop
  endfacet
  facet normal 0.000000e+00 9.063078e-01 -4.226183e-01
    outer loop
      vertex   -1.800000e+02 1.574780e+02 1.779312e+01
      vertex   -1.850000e+02 1.574780e+02 1.779312e+01
      vertex   -1.800000e+02 1.575995e+02 1.805379e+01
    endloop
  endfacet
  facet normal 0.000000e+00 9.063078e-01 -4.226183e-01
    outer loop
      vertex   -1.800000e+02 1.575995e+02 1.805379e+01
      vertex   -1.850000e+02 1.574780e+02 1.779312e+01
      vertex   -1.850000e+02 1.575995e+02 1.805379e+01
    endloop
  endfacet
  facet normal 0.000000e+00 8.191520e-01 -5.735764e-01
    outer loop
      vertex   -1.800000e+02 1.575995e+02 1.805379e+01
      vertex   -1.850000e+02 1.575995e+02 1.805379e+01
      vertex   -1.800000e+02 1.577645e+02 1.828939e+01
    endloop
  endfacet
  facet normal -8.151011e-16 8.191520e-01 -5.735764e-01
    outer loop
      vertex   -1.800000e+02 1.577645e+02 1.828939e+01
      vertex   -1.850000e+02 1.575995e+02 1.805379e+01
      vertex   -1.850000e+02 1.577645e+02 1.828939e+01
    endloop
  endfacet
  facet normal -1.004859e-15 7.071068e-01 -7.071068e-01
    outer loop
      vertex   -1.800000e+02 1.577645e+02 1.828939e+01
      vertex   -1.850000e+02 1.577645e+02 1.828939e+01
      vertex   -1.800000e+02 1.579679e+02 1.849276e+01
    endloop
  endfacet
  facet normal -5.024296e-16 7.071068e-01 -7.071068e-01
    outer loop
      vertex   -1.800000e+02 1.579679e+02 1.849276e+01
      vertex   -1.850000e+02 1.577645e+02 1.828939e+01
      vertex   -1.850000e+02 1.579679e+02 1.849276e+01
    endloop
  endfacet
  facet normal -5.820425e-16 5.735764e-01 -8.191520e-01
    outer loop
      vertex   -1.800000e+02 1.579679e+02 1.849276e+01
      vertex   -1.850000e+02 1.579679e+02 1.849276e+01
      vertex   -1.800000e+02 1.582035e+02 1.865773e+01
    endloop
  endfacet
  facet normal 0.000000e+00 5.735764e-01 -8.191520e-01
    outer loop
      vertex   -1.800000e+02 1.582035e+02 1.865773e+01
      vertex   -1.850000e+02 1.579679e+02 1.849276e+01
      vertex   -1.850000e+02 1.582035e+02 1.865773e+01
    endloop
  endfacet
  facet normal 0.000000e+00 4.226183e-01 -9.063078e-01
    outer loop
      vertex   -1.800000e+02 1.582035e+02 1.865773e+01
      vertex   -1.850000e+02 1.582035e+02 1.865773e+01
      vertex   -1.800000e+02 1.584641e+02 1.877928e+01
    endloop
  endfacet
  facet normal -6.439704e-16 4.226183e-01 -9.063078e-01
    outer loop
      vertex   -1.800000e+02 1.584641e+02 1.877928e+01
      vertex   -1.850000e+02 1.582035e+02 1.865773e+01
      vertex   -1.850000e+02 1.584641e+02 1.877928e+01
    endloop
  endfacet
  facet normal -6.863316e-16 2.588190e-01 -9.659258e-01
    outer loop
      vertex   -1.800000e+02 1.584641e+02 1.877928e+01
      vertex   -1.850000e+02 1.584641e+02 1.877928e+01
      vertex   -1.800000e+02 1.587419e+02 1.885372e+01
    endloop
  endfacet
  facet normal 0.000000e+00 2.588190e-01 -9.659258e-01
    outer loop
      vertex   -1.800000e+02 1.587419e+02 1.885372e+01
      vertex   -1.850000e+02 1.584641e+02 1.877928e+01
      vertex   -1.850000e+02 1.587419e+02 1.885372e+01
    endloop
  endfacet
  facet normal 0.000000e+00 8.715574e-02 -9.961947e-01
    outer loop
      vertex   -1.800000e+02 1.587419e+02 1.885372e+01
      vertex   -1.850000e+02 1.587419e+02 1.885372e+01
      vertex   -1.800000e+02 1.590285e+02 1.887879e+01
    endloop
  endfacet
  facet normal 0.000000e+00 8.715574e-02 -9.961947e-01
    outer loop
      vertex   -1.800000e+02 1.590285e+02 1.887879e+01
      vertex   -1.850000e+02 1.587419e+02 1.885372e+01
      vertex   -1.850000e+02 1.590285e+02 1.887879e+01
    endloop
  endfacet
  facet normal -0.000000e+00 -8.715574e-02 -9.961947e-01
    outer loop
      vertex   -1.800000e+02 1.590285e+02 1.887879e+01
      vertex   -1.850000e+02 1.590285e+02 1.887879e+01
      vertex   -1.800000e+02 1.593150e+02 1.885372e+01
    endloop
  endfacet
  facet normal -0.000000e+00 -8.715574e-02 -9.961947e-01
    outer loop
      vertex   -1.800000e+02 1.593150e+02 1.885372e+01
      vertex   -1.850000e+02 1.590285e+02 1.887879e+01
      vertex   -1.850000e+02 1.593150e+02 1.885372e+01
    endloop
  endfacet
  facet normal -0.000000e+00 -2.588190e-01 -9.659258e-01
    outer loop
      vertex   -1.800000e+02 1.593150e+02 1.885372e+01
      vertex   -1.850000e+02 1.593150e+02 1.885372e+01
      vertex   -1.800000e+02 1.595928e+02 1.877928e+01
    endloop
  endfacet
  facet normal -6.863316e-16 -2.588190e-01 -9.659258e-01
    outer loop
      vertex   -1.800000e+02 1.595928e+02 1.877928e+01
      vertex   -1.850000e+02 1.593150e+02 1.885372e+01
      vertex   -1.850000e+02 1.595928e+02 1.877928e+01
    endloop
  endfacet
  facet normal -6.439704e-16 -4.226183e-01 -9.063078e-01
    outer loop
      vertex   -1.800000e+02 1.595928e+02 1.877928e+01
      vertex   -1.850000e+02 1.595928e+02 1.877928e+01
      vertex   -1.800000e+02 1.598535e+02 1.865773e+01
    endloop
  endfacet
  facet normal -0.000000e+00 -4.226183e-01 -9.063078e-01
    outer loop
      vertex   -1.800000e+02 1.598535e+02 1.865773e+01
      vertex   -1.850000e+02 1.595928e+02 1.877928e+01
      vertex   -1.850000e+02 1.598535e+02 1.865773e+01
    endloop
  endfacet
  facet normal -0.000000e+00 -5.735764e-01 -8.191520e-01
    outer loop
      vertex   -1.800000e+02 1.598535e+02 1.865773e+01
      vertex   -1.850000e+02 1.598535e+02 1.865773e+01
      vertex   -1.800000e+02 1.600891e+02 1.849276e+01
    endloop
  endfacet
  facet normal 1.164085e-15 -5.735764e-01 -8.191520e-01
    outer loop
      vertex   -1.800000e+02 1.600891e+02 1.849276e+01
      vertex   -1.850000e+02 1.598535e+02 1.865773e+01
      vertex   -1.850000e+02 1.600891e+02 1.849276e+01
    endloop
  endfacet
  facet normal 1.004859e-15 -7.071068e-01 -7.071068e-01
    outer loop
      vertex   -1.800000e+02 1.600891e+02 1.849276e+01
      vertex   -1.850000e+02 1.600891e+02 1.849276e+01
      vertex   -1.800000e+02 1.602924e+02 1.828939e+01
    endloop
  endfacet
  facet normal 5.024296e-16 -7.071068e-01 -7.071068e-01
    outer loop
      vertex   -1.800000e+02 1.602924e+02 1.828939e+01
      vertex   -1.850000e+02 1.600891e+02 1.849276e+01
      vertex   -1.850000e+02 1.602924e+02 1.828939e+01
    endloop
  endfacet
  facet normal 4.075506e-16 -8.191520e-01 -5.735764e-01
    outer loop
      vertex   -1.800000e+02 1.602924e+02 1.828939e+01
      vertex   -1.850000e+02 1.602924e+02 1.828939e+01
      vertex   -1.800000e+02 1.604574e+02 1.805379e+01
    endloop
  endfacet
  facet normal -0.000000e+00 -8.191520e-01 -5.735764e-01
    outer loop
      vertex   -1.800000e+02 1.604574e+02 1.805379e+01
      vertex   -1.850000e+02 1.602924e+02 1.828939e+01
      vertex   -1.850000e+02 1.604574e+02 1.805379e+01
    endloop
  endfacet
  facet normal -0.000000e+00 -9.063078e-01 -4.226183e-01
    outer loop
      vertex   -1.800000e+02 1.604574e+02 1.805379e+01
      vertex   -1.850000e+02 1.604574e+02 1.805379e+01
      vertex   -1.800000e+02 1.605789e+02 1.779312e+01
    endloop
  endfacet
  facet normal -6.005767e-16 -9.063078e-01 -4.226183e-01
    outer loop
      vertex   -1.800000e+02 1.605789e+02 1.779312e+01
      vertex   -1.850000e+02 1.604574e+02 1.805379e+01
      vertex   -1.850000e+02 1.605789e+02 1.779312e+01
    endloop
  endfacet
  facet normal -3.678040e-16 -9.659258e-01 -2.588190e-01
    outer loop
      vertex   -1.800000e+02 1.605789e+02 1.779312e+01
      vertex   -1.850000e+02 1.605789e+02 1.779312e+01
      vertex   -1.800000e+02 1.606534e+02 1.751531e+01
    endloop
  endfacet
  facet normal -0.000000e+00 -9.659258e-01 -2.588190e-01
    outer loop
      vertex   -1.800000e+02 1.606534e+02 1.751531e+01
      vertex   -1.850000e+02 1.605789e+02 1.779312e+01
      vertex   -1.850000e+02 1.606534e+02 1.751531e+01
    endloop
  endfacet
  facet normal 0.000000e+00 0.000000e+00 -1.000000e+00
    outer loop
      vertex   -1.900000e+02 1.651285e+02 5.200000e+01
      vertex   -1.800000e+02 1.651285e+02 5.200000e+01
      vertex   -1.900000e+02 5.492845e+01 5.200000e+01
    endloop
  endfacet
  facet normal 0.000000e+00 0.000000e+00 -1.000000e+00
    outer loop
      vertex   -1.900000e+02 5.492845e+01 5.200000e+01
      vertex   -1.800000e+02 1.651285e+02 5.200000e+01
      vertex   -1.800000e+02 5.492845e+01 5.200000e+01
    endloop
  endfacet
  facet normal 0.000000e+00 -1.000000e+00 5.648545e-15
    outer loop
      vertex   -1.425000e+02 1.651285e+02 4.000000e+01
      vertex   -1.453197e+02 1.651285e+02 1.987325e+01
      vertex   -1.395000e+02 1.651285e+02 4.000000e+01
    endloop
  endfacet
  facet normal 4.559315e-29 -1.000000e+00 5.648545e-15
    outer loop
      vertex   -1.395000e+02 1.651285e+02 4.000000e+01
      vertex   -1.453197e+02 1.651285e+02 1.987325e+01
      vertex   -1.365168e+02 1.651285e+02 1.987325e+01
    endloop
  endfacet
  facet normal -1.455709e-15 -1.000000e+00 5.432779e-15
    outer loop
      vertex   -1.395000e+02 1.651285e+02 4.000000e+01
      vertex   -1.365168e+02 1.651285e+02 1.987325e+01
      vertex   -1.362222e+02 1.651285e+02 1.995220e+01
    endloop
  endfacet
  facet normal 1.212661e-15 -1.000000e+00 2.273737e-14
    outer loop
      vertex   -1.425000e+02 1.651285e+02 4.500000e+01
      vertex   -1.800000e+02 1.651285e+02 5.200000e+01
      vertex   -1.425000e+02 1.651285e+02 4.000000e+01
    endloop
  endfacet
  facet normal -6.890112e-16 -1.000000e+00 1.679465e-14
    outer loop
      vertex   -1.425000e+02 1.651285e+02 4.000000e+01
      vertex   -1.800000e+02 1.651285e+02 5.200000e+01
      vertex   -1.800000e+02 1.651285e+02 3.000000e+01
    endloop
  endfacet
  facet normal 2.451029e-15 -1.000000e+00 5.019495e-15
    outer loop
      vertex   -1.425000e+02 1.651285e+02 4.000000e+01
      vertex   -1.800000e+02 1.651285e+02 3.000000e+01
      vertex   -1.470431e+02 1.651285e+02 1.956937e+01
    endloop
  endfacet
  facet normal 3.233230e-14 -1.000000e+00 9.943302e-14
    outer loop
      vertex   -1.470431e+02 1.651285e+02 1.956937e+01
      vertex   -1.800000e+02 1.651285e+02 3.000000e+01
      vertex   -1.472588e+02 1.651285e+02 1.935367e+01
    endloop
  endfacet
  facet normal -0.000000e+00 -1.000000e+00 0.000000e+00
    outer loop
      vertex   -1.472588e+02 1.651285e+02 1.935367e+01
      vertex   -1.800000e+02 1.651285e+02 3.000000e+01
      vertex   -1.474338e+02 1.651285e+02 1.910379e+01
    endloop
  endfacet
  facet normal -0.000000e+00 -1.000000e+00 0.000000e+00
    outer loop
      vertex   -1.474338e+02 1.651285e+02 1.910379e+01
      vertex   -1.800000e+02 1.651285e+02 3.000000e+01
      vertex   -1.475627e+02 1.651285e+02 1.882733e+01
    endloop
  endfacet
  facet normal -0.000000e+00 -1.000000e+00 0.000000e+00
    outer loop
      vertex   -1.475627e+02 1.651285e+02 1.882733e+01
      vertex   -1.800000e+02 1.651285e+02 3.000000e+01
      vertex   -1.476417e+02 1.651285e+02 1.853267e+01
    endloop
  endfacet
  facet normal 5.667733e-15 -1.000000e+00 1.599312e-14
    outer loop
      vertex   -1.476417e+02 1.651285e+02 1.853267e+01
      vertex   -1.800000e+02 1.651285e+02 3.000000e+01
      vertex   -1.800000e+02 1.651285e+02 1.222879e+01
    endloop
  endfacet
  facet normal 8.935733e-15 -1.000000e+00 -7.817754e-16
    outer loop
      vertex   -1.476417e+02 1.651285e+02 1.853267e+01
      vertex   -1.800000e+02 1.651285e+02 1.222879e+01
      vertex   -1.476683e+02 1.651285e+02 1.822879e+01
    endloop
  endfacet
  facet normal 8.650211e-15 -1.000000e+00 7.567954e-16
    outer loop
      vertex   -1.476683e+02 1.651285e+02 1.822879e+01
      vertex   -1.800000e+02 1.651285e+02 1.222879e+01
      vertex   -1.476417e+02 1.651285e+02 1.792491e+01
    endloop
  endfacet
  facet normal 8.387798e-15 -1.000000e+00 2.247504e-15
    outer loop
      vertex   -1.476417e+02 1.651285e+02 1.792491e+01
      vertex   -1.800000e+02 1.651285e+02 1.222879e+01
      vertex   -1.475627e+02 1.651285e+02 1.763025e+01
    endloop
  endfacet
  facet normal 8.130706e-15 -1.000000e+00 3.791411e-15
    outer loop
      vertex   -1.475627e+02 1.651285e+02 1.763025e+01
      vertex   -1.800000e+02 1.651285e+02 1.222879e+01
      vertex   -1.474338e+02 1.651285e+02 1.735379e+01
    endloop
  endfacet
  facet normal 7.861127e-15 -1.000000e+00 5.504420e-15
    outer loop
      vertex   -1.474338e+02 1.651285e+02 1.735379e+01
      vertex   -1.800000e+02 1.651285e+02 1.222879e+01
      vertex   -1.472588e+02 1.651285e+02 1.710391e+01
    endloop
  endfacet
  facet normal -9.521275e-15 -1.000000e+00 1.222441e-13
    outer loop
      vertex   -1.472588e+02 1.651285e+02 1.710391e+01
      vertex   -1.800000e+02 1.651285e+02 1.222879e+01
      vertex   -1.470431e+02 1.651285e+02 1.688821e+01
    endloop
  endfacet
  facet normal 6.457653e-15 -1.000000e+00 9.222484e-15
    outer loop
      vertex   -1.470431e+02 1.651285e+02 1.688821e+01
      vertex   -1.800000e+02 1.651285e+02 1.222879e+01
      vertex   -1.467933e+02 1.651285e+02 1.671325e+01
    endloop
  endfacet
  facet normal 5.973223e-15 -1.000000e+00 1.280962e-14
    outer loop
      vertex   -1.467933e+02 1.651285e+02 1.671325e+01
      vertex   -1.800000e+02 1.651285e+02 1.222879e+01
      vertex   -1.465168e+02 1.651285e+02 1.658433e+01
    endloop
  endfacet
  facet normal 5.142827e-15 -1.000000e+00 1.919329e-14
    outer loop
      vertex   -1.465168e+02 1.651285e+02 1.658433e+01
      vertex   -1.800000e+02 1.651285e+02 1.222879e+01
      vertex   -1.462222e+02 1.651285e+02 1.650538e+01
    endloop
  endfacet
  facet normal 1.780397e-29 -1.000000e+00 5.981298e-14
    outer loop
      vertex   -1.462222e+02 1.651285e+02 1.650538e+01
      vertex   -1.800000e+02 1.651285e+02 1.222879e+01
      vertex   -1.322582e+02 1.651285e+02 1.222879e+01
    endloop
  endfacet
  facet normal 7.325673e-15 -1.000000e+00 8.373282e-14
    outer loop
      vertex   -1.462222e+02 1.651285e+02 1.650538e+01
      vertex   -1.322582e+02 1.651285e+02 1.222879e+01
      vertex   -1.459183e+02 1.651285e+02 1.647879e+01
    endloop
  endfacet
  facet normal -4.109970e-15 -1.000000e+00 4.697717e-14
    outer loop
      vertex   -1.459183e+02 1.651285e+02 1.647879e+01
      vertex   -1.322582e+02 1.651285e+02 1.222879e+01
      vertex   -1.456144e+02 1.651285e+02 1.650538e+01
    endloop
  endfacet
  facet normal -8.725271e-15 -1.000000e+00 3.256316e-14
    outer loop
      vertex   -1.456144e+02 1.651285e+02 1.650538e+01
      vertex   -1.322582e+02 1.651285e+02 1.222879e+01
      vertex   -1.453197e+02 1.651285e+02 1.658433e+01
    endloop
  endfacet
  facet normal 2.370194e-28 -1.000000e+00 5.872877e-14
    outer loop
      vertex   -1.453197e+02 1.651285e+02 1.658433e+01
      vertex   -1.322582e+02 1.651285e+02 1.222879e+01
      vertex   -1.365168e+02 1.651285e+02 1.658433e+01
    endloop
  endfacet
  facet normal 0.000000e+00 -1.000000e+00 0.000000e+00
    outer loop
      vertex   -1.453197e+02 1.651285e+02 1.658433e+01
      vertex   -1.365168e+02 1.651285e+02 1.658433e+01
      vertex   -1.367933e+02 1.651285e+02 1.671325e+01
    endloop
  endfacet
  facet normal 0.000000e+00 -1.000000e+00 1.129355e-14
    outer loop
      vertex   -1.395000e+02 1.651285e+02 4.500000e+01
      vertex   -1.395000e+02 1.651285e+02 5.003327e+01
      vertex   -1.425000e+02 1.651285e+02 4.500000e+01
    endloop
  endfacet
  facet normal 0.000000e+00 -1.000000e+00 1.129355e-14
    outer loop
      vertex   -1.425000e+02 1.651285e+02 4.500000e+01
      vertex   -1.395000e+02 1.651285e+02 5.003327e+01
      vertex   -1.425000e+02 1.651285e+02 5.003327e+01
    endloop
  endfacet
  facet normal -9.235201e-16 -1.000000e+00 1.129355e-14
    outer loop
      vertex   -1.425000e+02 1.651285e+02 4.500000e+01
      vertex   -1.425000e+02 1.651285e+02 5.003327e+01
      vertex   -1.800000e+02 1.651285e+02 5.200000e+01
    endloop
  endfacet
  facet normal -6.093957e-16 -1.000000e+00 1.728300e-14
    outer loop
      vertex   -1.800000e+02 1.651285e+02 5.200000e+01
      vertex   -1.425000e+02 1.651285e+02 5.003327e+01
      vertex   -1.425000e+02 1.651285e+02 5.496673e+01
    endloop
  endfacet
  facet normal -8.528430e-17 -1.000000e+00 1.065814e-14
    outer loop
      vertex   -1.800000e+02 1.651285e+02 5.200000e+01
      vertex   -1.425000e+02 1.651285e+02 5.496673e+01
      vertex   -1.800000e+02 1.651285e+02 6.000000e+01
    endloop
  endfacet
  facet normal 0.000000e+00 -1.000000e+00 1.129355e-14
    outer loop
      vertex   -1.800000e+02 1.651285e+02 6.000000e+01
      vertex   -1.425000e+02 1.651285e+02 5.496673e+01
      vertex   -1.320000e+02 1.651285e+02 6.000000e+01
    endloop
  endfacet
  facet normal 0.000000e+00 -1.000000e+00 1.129355e-14
    outer loop
      vertex   -1.320000e+02 1.651285e+02 6.000000e+01
      vertex   -1.425000e+02 1.651285e+02 5.496673e+01
      vertex   -1.395000e+02 1.651285e+02 5.496673e+01
    endloop
  endfacet
  facet normal -4.019532e-15 -1.000000e+00 1.728300e-14
    outer loop
      vertex   -1.320000e+02 1.651285e+02 6.000000e+01
      vertex   -1.395000e+02 1.651285e+02 5.496673e+01
      vertex   -1.395000e+02 1.651285e+02 5.003327e+01
    endloop
  endfacet
  facet normal 3.939837e-15 -1.000000e+00 1.129355e-14
    outer loop
      vertex   -1.395000e+02 1.651285e+02 5.003327e+01
      vertex   -1.395000e+02 1.651285e+02 4.500000e+01
      vertex   -1.320000e+02 1.651285e+02 6.000000e+01
    endloop
  endfacet
  facet normal -1.894782e-14 -1.000000e+00 2.273737e-14
    outer loop
      vertex   -1.320000e+02 1.651285e+02 6.000000e+01
      vertex   -1.395000e+02 1.651285e+02 4.500000e+01
      vertex   -1.395000e+02 1.651285e+02 4.000000e+01
    endloop
  endfacet
  facet normal 1.426851e-14 -1.000000e+00 1.028125e-14
    outer loop
      vertex   -1.320000e+02 1.651285e+02 6.000000e+01
      vertex   -1.395000e+02 1.651285e+02 4.000000e+01
      vertex   -1.344027e+02 1.651285e+02 1.910379e+01
    endloop
  endfacet
  facet normal 1.490481e-14 -1.000000e+00 1.043646e-14
    outer loop
      vertex   -1.344027e+02 1.651285e+02 1.910379e+01
      vertex   -1.395000e+02 1.651285e+02 4.000000e+01
      vertex   -1.345777e+02 1.651285e+02 1.935367e+01
    endloop
  endfacet
  facet normal -1.639760e-13 -1.000000e+00 -3.221067e-14
    outer loop
      vertex   -1.345777e+02 1.651285e+02 1.935367e+01
      vertex   -1.395000e+02 1.651285e+02 4.000000e+01
      vertex   -1.347934e+02 1.651285e+02 1.956937e+01
    endloop
  endfacet
  facet normal 4.645711e-15 -1.000000e+00 6.634762e-15
    outer loop
      vertex   -1.347934e+02 1.651285e+02 1.956937e+01
      vertex   -1.395000e+02 1.651285e+02 4.000000e+01
      vertex   -1.350433e+02 1.651285e+02 1.974433e+01
    endloop
  endfacet
  facet normal 2.916417e-15 -1.000000e+00 6.254276e-15
    outer loop
      vertex   -1.350433e+02 1.651285e+02 1.974433e+01
      vertex   -1.395000e+02 1.651285e+02 4.000000e+01
      vertex   -1.353197e+02 1.651285e+02 1.987325e+01
    endloop
  endfacet
  facet normal 1.602718e-15 -1.000000e+00 5.981425e-15
    outer loop
      vertex   -1.353197e+02 1.651285e+02 1.987325e+01
      vertex   -1.395000e+02 1.651285e+02 4.000000e+01
      vertex   -1.356144e+02 1.651285e+02 1.995220e+01
    endloop
  endfacet
  facet normal 5.046877e-16 -1.000000e+00 5.768607e-15
    outer loop
      vertex   -1.356144e+02 1.651285e+02 1.995220e+01
      vertex   -1.395000e+02 1.651285e+02 4.000000e+01
      vertex   -1.359183e+02 1.651285e+02 1.997879e+01
    endloop
  endfacet
  facet normal -4.891330e-16 -1.000000e+00 5.590816e-15
    outer loop
      vertex   -1.359183e+02 1.651285e+02 1.997879e+01
      vertex   -1.395000e+02 1.651285e+02 4.000000e+01
      vertex   -1.362222e+02 1.651285e+02 1.995220e+01
    endloop
  endfacet
  facet normal 0.000000e+00 -1.000000e+00 0.000000e+00
    outer loop
      vertex   -1.441949e+02 1.651285e+02 1.792491e+01
      vertex   -1.376417e+02 1.651285e+02 1.792491e+01
      vertex   -1.441683e+02 1.651285e+02 1.822879e+01
    endloop
  endfacet
  facet normal 0.000000e+00 -1.000000e+00 0.000000e+00
    outer loop
      vertex   -1.441683e+02 1.651285e+02 1.822879e+01
      vertex   -1.376417e+02 1.651285e+02 1.792491e+01
      vertex   -1.376683e+02 1.651285e+02 1.822879e+01
    endloop
  endfacet
  facet normal 0.000000e+00 -1.000000e+00 0.000000e+00
    outer loop
      vertex   -1.441683e+02 1.651285e+02 1.822879e+01
      vertex   -1.376683e+02 1.651285e+02 1.822879e+01
      vertex   -1.441949e+02 1.651285e+02 1.853267e+01
    endloop
  endfacet
  facet normal 0.000000e+00 -1.000000e+00 0.000000e+00
    outer loop
      vertex   -1.441949e+02 1.651285e+02 1.853267e+01
      vertex   -1.376683e+02 1.651285e+02 1.822879e+01
      vertex   -1.376417e+02 1.651285e+02 1.853267e+01
    endloop
  endfacet
  facet normal 0.000000e+00 -1.000000e+00 0.000000e+00
    outer loop
      vertex   -1.441949e+02 1.651285e+02 1.853267e+01
      vertex   -1.376417e+02 1.651285e+02 1.853267e+01
      vertex   -1.442738e+02 1.651285e+02 1.882733e+01
    endloop
  endfacet
  facet normal 0.000000e+00 -1.000000e+00 0.000000e+00
    outer loop
      vertex   -1.442738e+02 1.651285e+02 1.882733e+01
      vertex   -1.376417e+02 1.651285e+02 1.853267e+01
      vertex   -1.375627e+02 1.651285e+02 1.882733e+01
    endloop
  endfacet
  facet normal 0.000000e+00 -1.000000e+00 0.000000e+00
    outer loop
      vertex   -1.442738e+02 1.651285e+02 1.882733e+01
      vertex   -1.375627e+02 1.651285e+02 1.882733e+01
      vertex   -1.444027e+02 1.651285e+02 1.910379e+01
    endloop
  endfacet
  facet normal 0.000000e+00 -1.000000e+00 0.000000e+00
    outer loop
      vertex   -1.444027e+02 1.651285e+02 1.910379e+01
      vertex   -1.375627e+02 1.651285e+02 1.882733e+01
      vertex   -1.374338e+02 1.651285e+02 1.910379e+01
    endloop
  endfacet
  facet normal 0.000000e+00 -1.000000e+00 0.000000e+00
    outer loop
      vertex   -1.444027e+02 1.651285e+02 1.910379e+01
      vertex   -1.374338e+02 1.651285e+02 1.910379e+01
      vertex   -1.445777e+02 1.651285e+02 1.935367e+01
    endloop
  endfacet
  facet normal 0.000000e+00 -1.000000e+00 0.000000e+00
    outer loop
      vertex   -1.445777e+02 1.651285e+02 1.935367e+01
      vertex   -1.374338e+02 1.651285e+02 1.910379e+01
      vertex   -1.372588e+02 1.651285e+02 1.935367e+01
    endloop
  endfacet
  facet normal 1.151308e-27 -1.000000e+00 1.317653e-13
    outer loop
      vertex   -1.445777e+02 1.651285e+02 1.935367e+01
      vertex   -1.372588e+02 1.651285e+02 1.935367e+01
      vertex   -1.447934e+02 1.651285e+02 1.956937e+01
    endloop
  endfacet
  facet normal 1.147624e-27 -1.000000e+00 1.317653e-13
    outer loop
      vertex   -1.447934e+02 1.651285e+02 1.956937e+01
      vertex   -1.372588e+02 1.651285e+02 1.935367e+01
      vertex   -1.370431e+02 1.651285e+02 1.956937e+01
    endloop
  endfacet
  facet normal 0.000000e+00 -1.000000e+00 0.000000e+00
    outer loop
      vertex   -1.447934e+02 1.651285e+02 1.956937e+01
      vertex   -1.370431e+02 1.651285e+02 1.956937e+01
      vertex   -1.450433e+02 1.651285e+02 1.974433e+01
    endloop
  endfacet
  facet normal 0.000000e+00 -1.000000e+00 0.000000e+00
    outer loop
      vertex   -1.450433e+02 1.651285e+02 1.974433e+01
      vertex   -1.370431e+02 1.651285e+02 1.956937e+01
      vertex   -1.367933e+02 1.651285e+02 1.974433e+01
    endloop
  endfacet
  facet normal 0.000000e+00 -1.000000e+00 0.000000e+00
    outer loop
      vertex   -1.450433e+02 1.651285e+02 1.974433e+01
      vertex   -1.367933e+02 1.651285e+02 1.974433e+01
      vertex   -1.365168e+02 1.651285e+02 1.987325e+01
    endloop
  endfacet
  facet normal -0.000000e+00 -1.000000e+00 -0.000000e+00
    outer loop
      vertex   -1.376417e+02 1.651285e+02 1.792491e+01
      vertex   -1.441949e+02 1.651285e+02 1.792491e+01
      vertex   -1.375627e+02 1.651285e+02 1.763025e+01
    endloop
  endfacet
  facet normal 0.000000e+00 -1.000000e+00 0.000000e+00
    outer loop
      vertex   -1.375627e+02 1.651285e+02 1.763025e+01
      vertex   -1.441949e+02 1.651285e+02 1.792491e+01
      vertex   -1.442738e+02 1.651285e+02 1.763025e+01
    endloop
  endfacet
  facet normal -0.000000e+00 -1.000000e+00 -0.000000e+00
    outer loop
      vertex   -1.375627e+02 1.651285e+02 1.763025e+01
      vertex   -1.442738e+02 1.651285e+02 1.763025e+01
      vertex   -1.374338e+02 1.651285e+02 1.735379e+01
    endloop
  endfacet
  facet normal 0.000000e+00 -1.000000e+00 0.000000e+00
    outer loop
      vertex   -1.374338e+02 1.651285e+02 1.735379e+01
      vertex   -1.442738e+02 1.651285e+02 1.763025e+01
      vertex   -1.444027e+02 1.651285e+02 1.735379e+01
    endloop
  endfacet
  facet normal -0.000000e+00 -1.000000e+00 -0.000000e+00
    outer loop
      vertex   -1.374338e+02 1.651285e+02 1.735379e+01
      vertex   -1.444027e+02 1.651285e+02 1.735379e+01
      vertex   -1.372588e+02 1.651285e+02 1.710391e+01
    endloop
  endfacet
  facet normal 0.000000e+00 -1.000000e+00 0.000000e+00
    outer loop
      vertex   -1.372588e+02 1.651285e+02 1.710391e+01
      vertex   -1.444027e+02 1.651285e+02 1.735379e+01
      vertex   -1.445777e+02 1.651285e+02 1.710391e+01
    endloop
  endfacet
  facet normal 7.675383e-28 -1.000000e+00 1.317653e-13
    outer loop
      vertex   -1.372588e+02 1.651285e+02 1.710391e+01
      vertex   -1.445777e+02 1.651285e+02 1.710391e+01
      vertex   -1.370431e+02 1.651285e+02 1.688821e+01
    endloop
  endfacet
  facet normal 6.644139e-28 -1.000000e+00 1.317653e-13
    outer loop
      vertex   -1.370431e+02 1.651285e+02 1.688821e+01
      vertex   -1.445777e+02 1.651285e+02 1.710391e+01
      vertex   -1.447934e+02 1.651285e+02 1.688821e+01
    endloop
  endfacet
  facet normal -0.000000e+00 -1.000000e+00 0.000000e+00
    outer loop
      vertex   -1.370431e+02 1.651285e+02 1.688821e+01
      vertex   -1.447934e+02 1.651285e+02 1.688821e+01
      vertex   -1.450433e+02 1.651285e+02 1.671325e+01
    endloop
  endfacet
  facet normal 0.000000e+00 -1.000000e+00 -0.000000e+00
    outer loop
      vertex   -1.370431e+02 1.651285e+02 1.688821e+01
      vertex   -1.450433e+02 1.651285e+02 1.671325e+01
      vertex   -1.367933e+02 1.651285e+02 1.671325e+01
    endloop
  endfacet
  facet normal -0.000000e+00 -1.000000e+00 0.000000e+00
    outer loop
      vertex   -1.367933e+02 1.651285e+02 1.671325e+01
      vertex   -1.450433e+02 1.651285e+02 1.671325e+01
      vertex   -1.453197e+02 1.651285e+02 1.658433e+01
    endloop
  endfacet
  facet normal -4.614884e-15 -1.000000e+00 6.590737e-15
    outer loop
      vertex   -1.470431e+02 1.651285e+02 1.956937e+01
      vertex   -1.467933e+02 1.651285e+02 1.974433e+01
      vertex   -1.425000e+02 1.651285e+02 4.000000e+01
    endloop
  endfacet
  facet normal -2.904238e-15 -1.000000e+00 6.228159e-15
    outer loop
      vertex   -1.425000e+02 1.651285e+02 4.000000e+01
      vertex   -1.467933e+02 1.651285e+02 1.974433e+01
      vertex   -1.465168e+02 1.651285e+02 1.987325e+01
    endloop
  endfacet
  facet normal -1.599033e-15 -1.000000e+00 5.967672e-15
    outer loop
      vertex   -1.425000e+02 1.651285e+02 4.000000e+01
      vertex   -1.465168e+02 1.651285e+02 1.987325e+01
      vertex   -1.462222e+02 1.651285e+02 1.995220e+01
    endloop
  endfacet
  facet normal -5.043217e-16 -1.000000e+00 5.764424e-15
    outer loop
      vertex   -1.462222e+02 1.651285e+02 1.995220e+01
      vertex   -1.459183e+02 1.651285e+02 1.997879e+01
      vertex   -1.425000e+02 1.651285e+02 4.000000e+01
    endloop
  endfacet
  facet normal 4.894772e-16 -1.000000e+00 5.594750e-15
    outer loop
      vertex   -1.425000e+02 1.651285e+02 4.000000e+01
      vertex   -1.459183e+02 1.651285e+02 1.997879e+01
      vertex   -1.456144e+02 1.651285e+02 1.995220e+01
    endloop
  endfacet
  facet normal 1.458762e-15 -1.000000e+00 5.444174e-15
    outer loop
      vertex   -1.425000e+02 1.651285e+02 4.000000e+01
      vertex   -1.456144e+02 1.651285e+02 1.995220e+01
      vertex   -1.453197e+02 1.651285e+02 1.987325e+01
    endloop
  endfacet
  facet normal 0.000000e+00 -1.000000e+00 0.000000e+00
    outer loop
      vertex   -1.453197e+02 1.651285e+02 1.987325e+01
      vertex   -1.450433e+02 1.651285e+02 1.974433e+01
      vertex   -1.365168e+02 1.651285e+02 1.987325e+01
    endloop
  endfacet
  facet normal -1.356440e-13 -1.000000e+00 -1.186731e-14
    outer loop
      vertex   -1.341949e+02 1.651285e+02 1.853267e+01
      vertex   -1.341683e+02 1.651285e+02 1.822879e+01
      vertex   -1.320000e+02 1.651285e+02 1.500000e+01
    endloop
  endfacet
  facet normal -1.043743e-13 -1.000000e+00 9.131572e-15
    outer loop
      vertex   -1.320000e+02 1.651285e+02 1.500000e+01
      vertex   -1.341683e+02 1.651285e+02 1.822879e+01
      vertex   -1.341949e+02 1.651285e+02 1.792491e+01
    endloop
  endfacet
  facet normal -8.587831e-14 -1.000000e+00 2.301102e-14
    outer loop
      vertex   -1.320000e+02 1.651285e+02 1.500000e+01
      vertex   -1.341949e+02 1.651285e+02 1.792491e+01
      vertex   -1.342738e+02 1.651285e+02 1.763025e+01
    endloop
  endfacet
  facet normal -7.307786e-14 -1.000000e+00 3.407677e-14
    outer loop
      vertex   -1.342738e+02 1.651285e+02 1.763025e+01
      vertex   -1.344027e+02 1.651285e+02 1.735379e+01
      vertex   -1.320000e+02 1.651285e+02 1.500000e+01
    endloop
  endfacet
  facet normal -6.314588e-14 -1.000000e+00 4.421522e-14
    outer loop
      vertex   -1.320000e+02 1.651285e+02 1.500000e+01
      vertex   -1.344027e+02 1.651285e+02 1.735379e+01
      vertex   -1.345777e+02 1.651285e+02 1.710391e+01
    endloop
  endfacet
  facet normal 4.576907e-15 -1.000000e+00 1.271884e-13
    outer loop
      vertex   -1.320000e+02 1.651285e+02 1.500000e+01
      vertex   -1.345777e+02 1.651285e+02 1.710391e+01
      vertex   -1.347934e+02 1.651285e+02 1.688821e+01
    endloop
  endfacet
  facet normal -4.141570e-14 -1.000000e+00 5.914775e-14
    outer loop
      vertex   -1.347934e+02 1.651285e+02 1.688821e+01
      vertex   -1.350433e+02 1.651285e+02 1.671325e+01
      vertex   -1.320000e+02 1.651285e+02 1.500000e+01
    endloop
  endfacet
  facet normal -3.384879e-14 -1.000000e+00 7.258897e-14
    outer loop
      vertex   -1.320000e+02 1.651285e+02 1.500000e+01
      vertex   -1.350433e+02 1.651285e+02 1.671325e+01
      vertex   -1.353197e+02 1.651285e+02 1.658433e+01
    endloop
  endfacet
  facet normal -2.546435e-13 -1.000000e+00 -3.900546e-13
    outer loop
      vertex   -1.320000e+02 1.651285e+02 1.500000e+01
      vertex   -1.353197e+02 1.651285e+02 1.658433e+01
      vertex   -1.320288e+02 1.651285e+02 1.407152e+01
    endloop
  endfacet
  facet normal 1.121712e-14 -1.000000e+00 -4.186287e-14
    outer loop
      vertex   -1.320288e+02 1.651285e+02 1.407152e+01
      vertex   -1.353197e+02 1.651285e+02 1.658433e+01
      vertex   -1.356144e+02 1.651285e+02 1.650538e+01
    endloop
  endfacet
  facet normal 3.727539e-14 -1.000000e+00 -3.473158e-15
    outer loop
      vertex   -1.320288e+02 1.651285e+02 1.407152e+01
      vertex   -1.356144e+02 1.651285e+02 1.650538e+01
      vertex   -1.321149e+02 1.651285e+02 1.314660e+01
    endloop
  endfacet
  facet normal 3.392388e-15 -1.000000e+00 -3.877517e-14
    outer loop
      vertex   -1.321149e+02 1.651285e+02 1.314660e+01
      vertex   -1.356144e+02 1.651285e+02 1.650538e+01
      vertex   -1.359183e+02 1.651285e+02 1.647879e+01
    endloop
  endfacet
  facet normal 3.670049e-13 -1.000000e+00 3.762481e-13
    outer loop
      vertex   -1.321149e+02 1.651285e+02 1.314660e+01
      vertex   -1.359183e+02 1.651285e+02 1.647879e+01
      vertex   -1.322582e+02 1.651285e+02 1.222879e+01
    endloop
  endfacet
  facet normal 5.694761e-15 -1.000000e+00 6.509142e-14
    outer loop
      vertex   -1.322582e+02 1.651285e+02 1.222879e+01
      vertex   -1.359183e+02 1.651285e+02 1.647879e+01
      vertex   -1.362222e+02 1.651285e+02 1.650538e+01
    endloop
  endfacet
  facet normal 2.132251e-14 -1.000000e+00 7.957669e-14
    outer loop
      vertex   -1.322582e+02 1.651285e+02 1.222879e+01
      vertex   -1.362222e+02 1.651285e+02 1.650538e+01
      vertex   -1.365168e+02 1.651285e+02 1.658433e+01
    endloop
  endfacet
  facet normal -7.949199e-14 -1.000000e+00 1.578984e-14
    outer loop
      vertex   -1.320000e+02 1.651285e+02 6.000000e+01
      vertex   -1.344027e+02 1.651285e+02 1.910379e+01
      vertex   -1.320000e+02 1.651285e+02 1.500000e+01
    endloop
  endfacet
  facet normal -5.229986e-13 -1.000000e+00 -2.438782e-13
    outer loop
      vertex   -1.320000e+02 1.651285e+02 1.500000e+01
      vertex   -1.344027e+02 1.651285e+02 1.910379e+01
      vertex   -1.342738e+02 1.651285e+02 1.882733e+01
    endloop
  endfacet
  facet normal -2.049189e-13 -1.000000e+00 -5.490785e-14
    outer loop
      vertex   -1.320000e+02 1.651285e+02 1.500000e+01
      vertex   -1.342738e+02 1.651285e+02 1.882733e+01
      vertex   -1.341949e+02 1.651285e+02 1.853267e+01
    endloop
  endfacet
  facet normal 0.000000e+00 -1.000000e+00 1.679465e-14
    outer loop
      vertex   -1.900000e+02 1.651285e+02 5.200000e+01
      vertex   -1.900000e+02 1.651285e+02 3.000000e+01
      vertex   -1.800000e+02 1.651285e+02 5.200000e+01
    endloop
  endfacet
  facet normal 0.000000e+00 -1.000000e+00 1.679465e-14
    outer loop
      vertex   -1.800000e+02 1.651285e+02 5.200000e+01
      vertex   -1.900000e+02 1.651285e+02 3.000000e+01
      vertex   -1.800000e+02 1.651285e+02 3.000000e+01
    endloop
  endfacet
  facet normal -3.907985e-15 3.223878e-17 1.000000e+00
    outer loop
      vertex   -1.800000e+02 5.492845e+01 3.000000e+01
      vertex   -1.800000e+02 1.651285e+02 3.000000e+01
      vertex   -1.900000e+02 5.492845e+01 3.000000e+01
    endloop
  endfacet
  facet normal 0.000000e+00 -3.223878e-16 1.000000e+00
    outer loop
      vertex   -1.900000e+02 5.492845e+01 3.000000e+01
      vertex   -1.800000e+02 1.651285e+02 3.000000e+01
      vertex   -1.900000e+02 1.651285e+02 3.000000e+01
    endloop
  endfacet
  facet normal 0.000000e+00 1.000000e+00 -1.421085e-14
    outer loop
      vertex   -1.395000e+02 5.492845e+01 5.000000e+01
      vertex   -1.395000e+02 5.492845e+01 5.500000e+01
      vertex   -1.320000e+02 5.492845e+01 6.000000e+01
    endloop
  endfacet
  facet normal 0.000000e+00 1.000000e+00 -1.421085e-14
    outer loop
      vertex   -1.320000e+02 5.492845e+01 6.000000e+01
      vertex   -1.395000e+02 5.492845e+01 5.500000e+01
      vertex   -1.425000e+02 5.492845e+01 5.500000e+01
    endloop
  endfacet
  facet normal 0.000000e+00 1.000000e+00 -1.421085e-14
    outer loop
      vertex   -1.320000e+02 5.492845e+01 6.000000e+01
      vertex   -1.425000e+02 5.492845e+01 5.500000e+01
      vertex   -1.800000e+02 5.492845e+01 6.000000e+01
    endloop
  endfacet
  facet normal -2.368478e-16 1.000000e+00 -1.598721e-14
    outer loop
      vertex   -1.800000e+02 5.492845e+01 6.000000e+01
      vertex   -1.425000e+02 5.492845e+01 5.500000e+01
      vertex   -1.800000e+02 5.492845e+01 5.200000e+01
    endloop
  endfacet
  facet normal -3.789564e-16 1.000000e+00 -1.421085e-14
    outer loop
      vertex   -1.800000e+02 5.492845e+01 5.200000e+01
      vertex   -1.425000e+02 5.492845e+01 5.500000e+01
      vertex   -1.425000e+02 5.492845e+01 5.000000e+01
    endloop
  endfacet
  facet normal -3.789564e-16 1.000000e+00 -1.421085e-14
    outer loop
      vertex   -1.800000e+02 5.492845e+01 5.200000e+01
      vertex   -1.425000e+02 5.492845e+01 5.000000e+01
      vertex   -1.425000e+02 5.492845e+01 4.500000e+01
    endloop
  endfacet
  facet normal 0.000000e+00 1.000000e+00 -1.421085e-14
    outer loop
      vertex   -1.425000e+02 5.492845e+01 4.500000e+01
      vertex   -1.425000e+02 5.492845e+01 5.000000e+01
      vertex   -1.395000e+02 5.492845e+01 5.000000e+01
    endloop
  endfacet
  facet normal 0.000000e+00 1.000000e+00 -1.421085e-14
    outer loop
      vertex   -1.425000e+02 5.492845e+01 4.500000e+01
      vertex   -1.395000e+02 5.492845e+01 5.000000e+01
      vertex   -1.395000e+02 5.492845e+01 4.500000e+01
    endloop
  endfacet
  facet normal -3.985112e-28 1.000000e+00 -1.421085e-14
    outer loop
      vertex   -1.395000e+02 5.492845e+01 4.500000e+01
      vertex   -1.395000e+02 5.492845e+01 5.000000e+01
      vertex   -1.320000e+02 5.492845e+01 6.000000e+01
    endloop
  endfacet
  facet normal 2.010508e-28 1.000000e+00 -1.421085e-14
    outer loop
      vertex   -1.395000e+02 5.492845e+01 4.500000e+01
      vertex   -1.320000e+02 5.492845e+01 6.000000e+01
      vertex   -1.320000e+02 5.492845e+01 3.000000e+01
    endloop
  endfacet
  facet normal -3.789564e-16 1.000000e+00 -1.421085e-14
    outer loop
      vertex   -1.425000e+02 5.492845e+01 4.500000e+01
      vertex   -1.425000e+02 5.492845e+01 4.000000e+01
      vertex   -1.800000e+02 5.492845e+01 5.200000e+01
    endloop
  endfacet
  facet normal -1.722529e-16 1.000000e+00 -1.356491e-14
    outer loop
      vertex   -1.800000e+02 5.492845e+01 5.200000e+01
      vertex   -1.425000e+02 5.492845e+01 4.000000e+01
      vertex   -1.800000e+02 5.492845e+01 3.000000e+01
    endloop
  endfacet
  facet normal 7.105427e-16 1.000000e+00 -1.356491e-14
    outer loop
      vertex   -1.800000e+02 5.492845e+01 5.200000e+01
      vertex   -1.800000e+02 5.492845e+01 3.000000e+01
      vertex   -1.900000e+02 5.492845e+01 5.200000e+01
    endloop
  endfacet
  facet normal 5.140504e-29 1.000000e+00 -1.388788e-14
    outer loop
      vertex   -1.900000e+02 5.492845e+01 5.200000e+01
      vertex   -1.800000e+02 5.492845e+01 3.000000e+01
      vertex   -1.900000e+02 5.492845e+01 3.000000e+01
    endloop
  endfacet
  facet normal 0.000000e+00 1.000000e+00 -1.421085e-14
    outer loop
      vertex   -1.800000e+02 5.492845e+01 3.000000e+01
      vertex   -1.425000e+02 5.492845e+01 4.000000e+01
      vertex   -1.320000e+02 5.492845e+01 3.000000e+01
    endloop
  endfacet
  facet normal 0.000000e+00 1.000000e+00 -1.421085e-14
    outer loop
      vertex   -1.320000e+02 5.492845e+01 3.000000e+01
      vertex   -1.425000e+02 5.492845e+01 4.000000e+01
      vertex   -1.395000e+02 5.492845e+01 4.000000e+01
    endloop
  endfacet
  facet normal 1.938705e-28 1.000000e+00 -1.421085e-14
    outer loop
      vertex   -1.320000e+02 5.492845e+01 3.000000e+01
      vertex   -1.395000e+02 5.492845e+01 4.000000e+01
      vertex   -1.395000e+02 5.492845e+01 4.500000e+01
    endloop
  endfacet
  facet normal 1.000000e+00 0.000000e+00 0.000000e+00
    outer loop
      vertex   -1.800000e+02 3.706917e+01 1.543074e+01
      vertex   -1.800000e+02 3.702845e+01 1.600000e+01
      vertex   -1.800000e+02 1.000000e+01 8.000000e+00
    endloop
  endfacet
  facet normal 1.000000e+00 0.000000e+00 0.000000e+00
    outer loop
      vertex   -1.800000e+02 1.000000e+01 8.000000e+00
      vertex   -1.800000e+02 3.702845e+01 1.600000e+01
      vertex   -1.800000e+02 3.706917e+01 1.656926e+01
    endloop
  endfacet
  facet normal 1.000000e+00 0.000000e+00 0.000000e+00
    outer loop
      vertex   -1.800000e+02 1.000000e+01 8.000000e+00
      vertex   -1.800000e+02 3.706917e+01 1.656926e+01
      vertex   -1.800000e+02 3.719048e+01 1.712693e+01
    endloop
  endfacet
  facet normal 1.000000e+00 0.000000e+00 -0.000000e+00
    outer loop
      vertex   -1.800000e+02 3.719048e+01 1.712693e+01
      vertex   -1.800000e+02 3.738992e+01 1.766166e+01
      vertex   -1.800000e+02 1.000000e+01 8.000000e+00
    endloop
  endfacet
  facet normal 1.000000e+00 0.000000e+00 0.000000e+00
    outer loop
      vertex   -1.800000e+02 1.000000e+01 8.000000e+00
      vertex   -1.800000e+02 3.738992e+01 1.766166e+01
      vertex   -1.800000e+02 1.000000e+01 3.000000e+01
    endloop
  endfacet
  facet normal 1.000000e+00 0.000000e+00 0.000000e+00
    outer loop
      vertex   -1.800000e+02 1.000000e+01 3.000000e+01
      vertex   -1.800000e+02 3.738992e+01 1.766166e+01
      vertex   -1.800000e+02 3.766344e+01 1.816256e+01
    endloop
  endfacet
  facet normal 1.000000e+00 0.000000e+00 0.000000e+00
    outer loop
      vertex   -1.800000e+02 1.000000e+01 3.000000e+01
      vertex   -1.800000e+02 3.766344e+01 1.816256e+01
      vertex   -1.800000e+02 3.800545e+01 1.861944e+01
    endloop
  endfacet
  facet normal 1.000000e+00 0.000000e+00 -0.000000e+00
    outer loop
      vertex   -1.800000e+02 3.800545e+01 1.861944e+01
      vertex   -1.800000e+02 3.840901e+01 1.902300e+01
      vertex   -1.800000e+02 1.000000e+01 3.000000e+01
    endloop
  endfacet
  facet normal 1.000000e+00 0.000000e+00 0.000000e+00
    outer loop
      vertex   -1.800000e+02 1.000000e+01 3.000000e+01
      vertex   -1.800000e+02 3.840901e+01 1.902300e+01
      vertex   -1.800000e+02 3.886589e+01 1.936501e+01
    endloop
  endfacet
  facet normal 1.000000e+00 0.000000e+00 0.000000e+00
    outer loop
      vertex   -1.800000e+02 1.000000e+01 3.000000e+01
      vertex   -1.800000e+02 3.886589e+01 1.936501e+01
      vertex   -1.800000e+02 3.936679e+01 1.963853e+01
    endloop
  endfacet
  facet normal 1.000000e+00 0.000000e+00 -0.000000e+00
    outer loop
      vertex   -1.800000e+02 3.936679e+01 1.963853e+01
      vertex   -1.800000e+02 3.990152e+01 1.983797e+01
      vertex   -1.800000e+02 1.000000e+01 3.000000e+01
    endloop
  endfacet
  facet normal 1.000000e+00 0.000000e+00 0.000000e+00
    outer loop
      vertex   -1.800000e+02 1.000000e+01 3.000000e+01
      vertex   -1.800000e+02 3.990152e+01 1.983797e+01
      vertex   -1.800000e+02 4.045919e+01 1.995929e+01
    endloop
  endfacet
  facet normal 1.000000e+00 0.000000e+00 0.000000e+00
    outer loop
      vertex   -1.800000e+02 1.000000e+01 3.000000e+01
      vertex   -1.800000e+02 4.045919e+01 1.995929e+01
      vertex   -1.800000e+02 4.102845e+01 2.000000e+01
    endloop
  endfacet
  facet normal 1.000000e+00 0.000000e+00 -0.000000e+00
    outer loop
      vertex   -1.800000e+02 4.159771e+01 1.995929e+01
      vertex   -1.800000e+02 6.124193e+01 2.035372e+01
      vertex   -1.800000e+02 4.102845e+01 2.000000e+01
    endloop
  endfacet
  facet normal 1.000000e+00 0.000000e+00 0.000000e+00
    outer loop
      vertex   -1.800000e+02 4.102845e+01 2.000000e+01
      vertex   -1.800000e+02 6.124193e+01 2.035372e+01
      vertex   -1.800000e+02 6.152845e+01 2.037879e+01
    endloop
  endfacet
  facet normal 1.000000e+00 0.000000e+00 0.000000e+00
    outer loop
      vertex   -1.800000e+02 4.102845e+01 2.000000e+01
      vertex   -1.800000e+02 6.152845e+01 2.037879e+01
      vertex   -1.800000e+02 4.502845e+01 3.000000e+01
    endloop
  endfacet
  facet normal 1.000000e+00 -0.000000e+00 0.000000e+00
    outer loop
      vertex   -1.800000e+02 4.502845e+01 3.000000e+01
      vertex   -1.800000e+02 6.152845e+01 2.037879e+01
      vertex   -1.800000e+02 5.492845e+01 3.000000e+01
    endloop
  endfacet
  facet normal 1.000000e+00 0.000000e+00 0.000000e+00
    outer loop
      vertex   -1.800000e+02 5.492845e+01 3.000000e+01
      vertex   -1.800000e+02 6.152845e+01 2.037879e+01
      vertex   -1.800000e+02 6.181497e+01 2.035372e+01
    endloop
  endfacet
  facet normal 1.000000e+00 0.000000e+00 0.000000e+00
    outer loop
      vertex   -1.800000e+02 5.492845e+01 3.000000e+01
      vertex   -1.800000e+02 6.181497e+01 2.035372e+01
      vertex   -1.800000e+02 1.651285e+02 3.000000e+01
    endloop
  endfacet
  facet normal 1.000000e+00 0.000000e+00 0.000000e+00
    outer loop
      vertex   -1.800000e+02 1.651285e+02 3.000000e+01
      vertex   -1.800000e+02 6.181497e+01 2.035372e+01
      vertex   -1.800000e+02 1.587419e+02 1.885372e+01
    endloop
  endfacet
  facet normal 1.000000e+00 0.000000e+00 0.000000e+00
    outer loop
      vertex   -1.800000e+02 1.651285e+02 3.000000e+01
      vertex   -1.800000e+02 1.587419e+02 1.885372e+01
      vertex   -1.800000e+02 1.590285e+02 1.887879e+01
    endloop
  endfacet
  facet normal 1.000000e+00 0.000000e+00 0.000000e+00
    outer loop
      vertex   -1.800000e+02 6.124193e+01 2.035372e+01
      vertex   -1.800000e+02 4.159771e+01 1.995929e+01
      vertex   -1.800000e+02 6.096412e+01 2.027928e+01
    endloop
  endfacet
  facet normal 1.000000e+00 0.000000e+00 0.000000e+00
    outer loop
      vertex   -1.800000e+02 6.096412e+01 2.027928e+01
      vertex   -1.800000e+02 4.159771e+01 1.995929e+01
      vertex   -1.800000e+02 4.215538e+01 1.983797e+01
    endloop
  endfacet
  facet normal 1.000000e+00 0.000000e+00 0.000000e+00
    outer loop
      vertex   -1.800000e+02 6.096412e+01 2.027928e+01
      vertex   -1.800000e+02 4.215538e+01 1.983797e+01
      vertex   -1.800000e+02 6.070345e+01 2.015773e+01
    endloop
  endfacet
  facet normal 1.000000e+00 0.000000e+00 0.000000e+00
    outer loop
      vertex   -1.800000e+02 6.070345e+01 2.015773e+01
      vertex   -1.800000e+02 4.215538e+01 1.983797e+01
      vertex   -1.800000e+02 6.046785e+01 1.999276e+01
    endloop
  endfacet
  facet normal 1.000000e+00 0.000000e+00 0.000000e+00
    outer loop
      vertex   -1.800000e+02 6.046785e+01 1.999276e+01
      vertex   -1.800000e+02 4.215538e+01 1.983797e+01
      vertex   -1.800000e+02 4.269011e+01 1.963853e+01
    endloop
  endfacet
  facet normal 1.000000e+00 0.000000e+00 0.000000e+00
    outer loop
      vertex   -1.800000e+02 6.046785e+01 1.999276e+01
      vertex   -1.800000e+02 4.269011e+01 1.963853e+01
      vertex   -1.800000e+02 6.026448e+01 1.978939e+01
    endloop
  endfacet
  facet normal 1.000000e+00 0.000000e+00 0.000000e+00
    outer loop
      vertex   -1.800000e+02 6.026448e+01 1.978939e+01
      vertex   -1.800000e+02 4.269011e+01 1.963853e+01
      vertex   -1.800000e+02 4.319101e+01 1.936501e+01
    endloop
  endfacet
  facet normal 1.000000e+00 0.000000e+00 0.000000e+00
    outer loop
      vertex   -1.800000e+02 6.026448e+01 1.978939e+01
      vertex   -1.800000e+02 4.319101e+01 1.936501e+01
      vertex   -1.800000e+02 6.009951e+01 1.955379e+01
    endloop
  endfacet
  facet normal 1.000000e+00 0.000000e+00 0.000000e+00
    outer loop
      vertex   -1.800000e+02 6.009951e+01 1.955379e+01
      vertex   -1.800000e+02 4.319101e+01 1.936501e+01
      vertex   -1.800000e+02 5.997796e+01 1.929312e+01
    endloop
  endfacet
  facet normal 1.000000e+00 0.000000e+00 0.000000e+00
    outer loop
      vertex   -1.800000e+02 5.997796e+01 1.929312e+01
      vertex   -1.800000e+02 4.319101e+01 1.936501e+01
      vertex   -1.800000e+02 4.364789e+01 1.902300e+01
    endloop
  endfacet
  facet normal 1.000000e+00 0.000000e+00 0.000000e+00
    outer loop
      vertex   -1.800000e+02 5.997796e+01 1.929312e+01
      vertex   -1.800000e+02 4.364789e+01 1.902300e+01
      vertex   -1.800000e+02 5.990352e+01 1.901531e+01
    endloop
  endfacet
  facet normal 1.000000e+00 0.000000e+00 0.000000e+00
    outer loop
      vertex   -1.800000e+02 5.990352e+01 1.901531e+01
      vertex   -1.800000e+02 4.364789e+01 1.902300e+01
      vertex   -1.800000e+02 4.405145e+01 1.861944e+01
    endloop
  endfacet
  facet normal 1.000000e+00 0.000000e+00 0.000000e+00
    outer loop
      vertex   -1.800000e+02 5.990352e+01 1.901531e+01
      vertex   -1.800000e+02 4.405145e+01 1.861944e+01
      vertex   -1.800000e+02 5.987845e+01 1.872879e+01
    endloop
  endfacet
  facet normal 1.000000e+00 0.000000e+00 0.000000e+00
    outer loop
      vertex   -1.800000e+02 5.987845e+01 1.872879e+01
      vertex   -1.800000e+02 4.405145e+01 1.861944e+01
      vertex   -1.800000e+02 5.990352e+01 1.844227e+01
    endloop
  endfacet
  facet normal 1.000000e+00 0.000000e+00 0.000000e+00
    outer loop
      vertex   -1.800000e+02 5.990352e+01 1.844227e+01
      vertex   -1.800000e+02 4.405145e+01 1.861944e+01
      vertex   -1.800000e+02 4.439347e+01 1.816256e+01
    endloop
  endfacet
  facet normal 1.000000e+00 0.000000e+00 0.000000e+00
    outer loop
      vertex   -1.800000e+02 5.990352e+01 1.844227e+01
      vertex   -1.800000e+02 4.439347e+01 1.816256e+01
      vertex   -1.800000e+02 5.997796e+01 1.816446e+01
    endloop
  endfacet
  facet normal 1.000000e+00 0.000000e+00 0.000000e+00
    outer loop
      vertex   -1.800000e+02 5.997796e+01 1.816446e+01
      vertex   -1.800000e+02 4.439347e+01 1.816256e+01
      vertex   -1.800000e+02 4.466698e+01 1.766166e+01
    endloop
  endfacet
  facet normal 1.000000e+00 0.000000e+00 0.000000e+00
    outer loop
      vertex   -1.800000e+02 5.997796e+01 1.816446e+01
      vertex   -1.800000e+02 4.466698e+01 1.766166e+01
      vertex   -1.800000e+02 6.009951e+01 1.790379e+01
    endloop
  endfacet
  facet normal 1.000000e+00 0.000000e+00 0.000000e+00
    outer loop
      vertex   -1.800000e+02 6.009951e+01 1.790379e+01
      vertex   -1.800000e+02 4.466698e+01 1.766166e+01
      vertex   -1.800000e+02 6.026448e+01 1.766819e+01
    endloop
  endfacet
  facet normal 1.000000e+00 0.000000e+00 0.000000e+00
    outer loop
      vertex   -1.800000e+02 6.026448e+01 1.766819e+01
      vertex   -1.800000e+02 4.466698e+01 1.766166e+01
      vertex   -1.800000e+02 4.486642e+01 1.712693e+01
    endloop
  endfacet
  facet normal 1.000000e+00 0.000000e+00 0.000000e+00
    outer loop
      vertex   -1.800000e+02 6.026448e+01 1.766819e+01
      vertex   -1.800000e+02 4.486642e+01 1.712693e+01
      vertex   -1.800000e+02 6.046785e+01 1.746482e+01
    endloop
  endfacet
  facet normal 1.000000e+00 0.000000e+00 0.000000e+00
    outer loop
      vertex   -1.800000e+02 6.046785e+01 1.746482e+01
      vertex   -1.800000e+02 4.486642e+01 1.712693e+01
      vertex   -1.800000e+02 6.070345e+01 1.729985e+01
    endloop
  endfacet
  facet normal 1.000000e+00 0.000000e+00 0.000000e+00
    outer loop
      vertex   -1.800000e+02 6.070345e+01 1.729985e+01
      vertex   -1.800000e+02 4.486642e+01 1.712693e+01
      vertex   -1.800000e+02 6.096412e+01 1.717830e+01
    endloop
  endfacet
  facet normal 1.000000e+00 0.000000e+00 0.000000e+00
    outer loop
      vertex   -1.800000e+02 6.096412e+01 1.717830e+01
      vertex   -1.800000e+02 4.486642e+01 1.712693e+01
      vertex   -1.800000e+02 4.498774e+01 1.656926e+01
    endloop
  endfacet
  facet normal 1.000000e+00 0.000000e+00 0.000000e+00
    outer loop
      vertex   -1.800000e+02 6.096412e+01 1.717830e+01
      vertex   -1.800000e+02 4.498774e+01 1.656926e+01
      vertex   -1.800000e+02 6.124193e+01 1.710386e+01
    endloop
  endfacet
  facet normal 1.000000e+00 0.000000e+00 0.000000e+00
    outer loop
      vertex   -1.800000e+02 6.124193e+01 1.710386e+01
      vertex   -1.800000e+02 4.498774e+01 1.656926e+01
      vertex   -1.800000e+02 4.502845e+01 1.600000e+01
    endloop
  endfacet
  facet normal 1.000000e+00 0.000000e+00 0.000000e+00
    outer loop
      vertex   -1.800000e+02 6.124193e+01 1.710386e+01
      vertex   -1.800000e+02 4.502845e+01 1.600000e+01
      vertex   -1.800000e+02 6.152845e+01 1.707879e+01
    endloop
  endfacet
  facet normal 1.000000e+00 0.000000e+00 0.000000e+00
    outer loop
      vertex   -1.800000e+02 6.152845e+01 1.707879e+01
      vertex   -1.800000e+02 4.502845e+01 1.600000e+01
      vertex   -1.800000e+02 4.498774e+01 1.543074e+01
    endloop
  endfacet
  facet normal 1.000000e+00 0.000000e+00 0.000000e+00
    outer loop
      vertex   -1.800000e+02 6.152845e+01 1.707879e+01
      vertex   -1.800000e+02 4.498774e+01 1.543074e+01
      vertex   -1.800000e+02 4.486642e+01 1.487307e+01
    endloop
  endfacet
  facet normal 1.000000e+00 -0.000000e+00 0.000000e+00
    outer loop
      vertex   -1.800000e+02 4.486642e+01 1.487307e+01
      vertex   -1.800000e+02 4.466698e+01 1.433834e+01
      vertex   -1.800000e+02 6.152845e+01 1.707879e+01
    endloop
  endfacet
  facet normal 1.000000e+00 0.000000e+00 0.000000e+00
    outer loop
      vertex   -1.800000e+02 6.152845e+01 1.707879e+01
      vertex   -1.800000e+02 4.466698e+01 1.433834e+01
      vertex   -1.800000e+02 4.439347e+01 1.383744e+01
    endloop
  endfacet
  facet normal 1.000000e+00 0.000000e+00 0.000000e+00
    outer loop
      vertex   -1.800000e+02 6.152845e+01 1.707879e+01
      vertex   -1.800000e+02 4.439347e+01 1.383744e+01
      vertex   -1.800000e+02 4.405145e+01 1.338056e+01
    endloop
  endfacet
  facet normal 1.000000e+00 -0.000000e+00 0.000000e+00
    outer loop
      vertex   -1.800000e+02 6.152845e+01 1.707879e+01
      vertex   -1.800000e+02 4.405145e+01 1.338056e+01
      vertex   -1.800000e+02 6.181497e+01 1.710386e+01
    endloop
  endfacet
  facet normal 1.000000e+00 0.000000e+00 0.000000e+00
    outer loop
      vertex   -1.800000e+02 6.181497e+01 1.710386e+01
      vertex   -1.800000e+02 4.405145e+01 1.338056e+01
      vertex   -1.800000e+02 4.364789e+01 1.297700e+01
    endloop
  endfacet
  facet normal 1.000000e+00 0.000000e+00 0.000000e+00
    outer loop
      vertex   -1.800000e+02 6.181497e+01 1.710386e+01
      vertex   -1.800000e+02 4.364789e+01 1.297700e+01
      vertex   -1.800000e+02 4.319101e+01 1.263499e+01
    endloop
  endfacet
  facet normal 1.000000e+00 0.000000e+00 0.000000e+00
    outer loop
      vertex   -1.800000e+02 6.181497e+01 1.710386e+01
      vertex   -1.800000e+02 4.319101e+01 1.263499e+01
      vertex   -1.800000e+02 1.651058e+02 1.222879e+01
    endloop
  endfacet
  facet normal 1.000000e+00 0.000000e+00 0.000000e+00
    outer loop
      vertex   -1.800000e+02 1.651058e+02 1.222879e+01
      vertex   -1.800000e+02 4.319101e+01 1.263499e+01
      vertex   -1.800000e+02 4.269011e+01 1.236147e+01
    endloop
  endfacet
  facet normal 1.000000e+00 0.000000e+00 0.000000e+00
    outer loop
      vertex   -1.800000e+02 1.651058e+02 1.222879e+01
      vertex   -1.800000e+02 4.269011e+01 1.236147e+01
      vertex   -1.800000e+02 1.651038e+02 8.000000e+00
    endloop
  endfacet
  facet normal 1.000000e+00 0.000000e+00 0.000000e+00
    outer loop
      vertex   -1.800000e+02 1.651038e+02 8.000000e+00
      vertex   -1.800000e+02 4.269011e+01 1.236147e+01
      vertex   -1.800000e+02 4.215538e+01 1.216203e+01
    endloop
  endfacet
  facet normal 1.000000e+00 0.000000e+00 0.000000e+00
    outer loop
      vertex   -1.800000e+02 1.651038e+02 8.000000e+00
      vertex   -1.800000e+02 4.215538e+01 1.216203e+01
      vertex   -1.800000e+02 4.159771e+01 1.204071e+01
    endloop
  endfacet
  facet normal 1.000000e+00 0.000000e+00 0.000000e+00
    outer loop
      vertex   -1.800000e+02 1.651038e+02 8.000000e+00
      vertex   -1.800000e+02 4.159771e+01 1.204071e+01
      vertex   -1.800000e+02 1.000000e+01 8.000000e+00
    endloop
  endfacet
  facet normal 1.000000e+00 0.000000e+00 0.000000e+00
    outer loop
      vertex   -1.800000e+02 1.000000e+01 8.000000e+00
      vertex   -1.800000e+02 4.159771e+01 1.204071e+01
      vertex   -1.800000e+02 4.102845e+01 1.200000e+01
    endloop
  endfacet
  facet normal 1.000000e+00 0.000000e+00 0.000000e+00
    outer loop
      vertex   -1.800000e+02 1.000000e+01 8.000000e+00
      vertex   -1.800000e+02 4.102845e+01 1.200000e+01
      vertex   -1.800000e+02 4.045919e+01 1.204071e+01
    endloop
  endfacet
  facet normal 1.000000e+00 0.000000e+00 0.000000e+00
    outer loop
      vertex   -1.800000e+02 4.045919e+01 1.204071e+01
      vertex   -1.800000e+02 3.990152e+01 1.216203e+01
      vertex   -1.800000e+02 1.000000e+01 8.000000e+00
    endloop
  endfacet
  facet normal 1.000000e+00 0.000000e+00 0.000000e+00
    outer loop
      vertex   -1.800000e+02 1.000000e+01 8.000000e+00
      vertex   -1.800000e+02 3.990152e+01 1.216203e+01
      vertex   -1.800000e+02 3.936679e+01 1.236147e+01
    endloop
  endfacet
  facet normal 1.000000e+00 0.000000e+00 0.000000e+00
    outer loop
      vertex   -1.800000e+02 1.000000e+01 8.000000e+00
      vertex   -1.800000e+02 3.936679e+01 1.236147e+01
      vertex   -1.800000e+02 3.886589e+01 1.263499e+01
    endloop
  endfacet
  facet normal 1.000000e+00 0.000000e+00 0.000000e+00
    outer loop
      vertex   -1.800000e+02 3.886589e+01 1.263499e+01
      vertex   -1.800000e+02 3.840901e+01 1.297700e+01
      vertex   -1.800000e+02 1.000000e+01 8.000000e+00
    endloop
  endfacet
  facet normal 1.000000e+00 0.000000e+00 0.000000e+00
    outer loop
      vertex   -1.800000e+02 1.000000e+01 8.000000e+00
      vertex   -1.800000e+02 3.840901e+01 1.297700e+01
      vertex   -1.800000e+02 3.800545e+01 1.338056e+01
    endloop
  endfacet
  facet normal 1.000000e+00 0.000000e+00 0.000000e+00
    outer loop
      vertex   -1.800000e+02 1.000000e+01 8.000000e+00
      vertex   -1.800000e+02 3.800545e+01 1.338056e+01
      vertex   -1.800000e+02 3.766344e+01 1.383744e+01
    endloop
  endfacet
  facet normal 1.000000e+00 0.000000e+00 0.000000e+00
    outer loop
      vertex   -1.800000e+02 3.766344e+01 1.383744e+01
      vertex   -1.800000e+02 3.738992e+01 1.433834e+01
      vertex   -1.800000e+02 1.000000e+01 8.000000e+00
    endloop
  endfacet
  facet normal 1.000000e+00 0.000000e+00 0.000000e+00
    outer loop
      vertex   -1.800000e+02 1.000000e+01 8.000000e+00
      vertex   -1.800000e+02 3.738992e+01 1.433834e+01
      vertex   -1.800000e+02 3.719048e+01 1.487307e+01
    endloop
  endfacet
  facet normal 1.000000e+00 0.000000e+00 0.000000e+00
    outer loop
      vertex   -1.800000e+02 1.000000e+01 8.000000e+00
      vertex   -1.800000e+02 3.719048e+01 1.487307e+01
      vertex   -1.800000e+02 3.706917e+01 1.543074e+01
    endloop
  endfacet
  facet normal 1.000000e+00 0.000000e+00 0.000000e+00
    outer loop
      vertex   -1.800000e+02 4.502845e+01 3.000000e+01
      vertex   -1.800000e+02 1.000000e+01 3.000000e+01
      vertex   -1.800000e+02 4.102845e+01 2.000000e+01
    endloop
  endfacet
  facet normal 1.000000e+00 0.000000e+00 0.000000e+00
    outer loop
      vertex   -1.800000e+02 1.651285e+02 1.222879e+01
      vertex   -1.800000e+02 1.590285e+02 1.557879e+01
      vertex   -1.800000e+02 1.651058e+02 1.222879e+01
    endloop
  endfacet
  facet normal 1.000000e+00 0.000000e+00 0.000000e+00
    outer loop
      vertex   -1.800000e+02 1.651058e+02 1.222879e+01
      vertex   -1.800000e+02 1.590285e+02 1.557879e+01
      vertex   -1.800000e+02 1.587419e+02 1.560386e+01
    endloop
  endfacet
  facet normal 1.000000e+00 0.000000e+00 0.000000e+00
    outer loop
      vertex   -1.800000e+02 1.651058e+02 1.222879e+01
      vertex   -1.800000e+02 1.587419e+02 1.560386e+01
      vertex   -1.800000e+02 1.584641e+02 1.567830e+01
    endloop
  endfacet
  facet normal 1.000000e+00 0.000000e+00 0.000000e+00
    outer loop
      vertex   -1.800000e+02 1.651285e+02 3.000000e+01
      vertex   -1.800000e+02 1.605789e+02 1.779312e+01
      vertex   -1.800000e+02 1.651285e+02 1.222879e+01
    endloop
  endfacet
  facet normal 1.000000e+00 0.000000e+00 0.000000e+00
    outer loop
      vertex   -1.800000e+02 1.651285e+02 1.222879e+01
      vertex   -1.800000e+02 1.605789e+02 1.779312e+01
      vertex   -1.800000e+02 1.606534e+02 1.751531e+01
    endloop
  endfacet
  facet normal 1.000000e+00 0.000000e+00 0.000000e+00
    outer loop
      vertex   -1.800000e+02 1.651285e+02 1.222879e+01
      vertex   -1.800000e+02 1.606534e+02 1.751531e+01
      vertex   -1.800000e+02 1.606785e+02 1.722879e+01
    endloop
  endfacet
  facet normal 1.000000e+00 0.000000e+00 0.000000e+00
    outer loop
      vertex   -1.800000e+02 1.606785e+02 1.722879e+01
      vertex   -1.800000e+02 1.606534e+02 1.694227e+01
      vertex   -1.800000e+02 1.651285e+02 1.222879e+01
    endloop
  endfacet
  facet normal 1.000000e+00 0.000000e+00 0.000000e+00
    outer loop
      vertex   -1.800000e+02 1.651285e+02 1.222879e+01
      vertex   -1.800000e+02 1.606534e+02 1.694227e+01
      vertex   -1.800000e+02 1.605789e+02 1.666446e+01
    endloop
  endfacet
  facet normal 1.000000e+00 0.000000e+00 0.000000e+00
    outer loop
      vertex   -1.800000e+02 1.651285e+02 1.222879e+01
      vertex   -1.800000e+02 1.605789e+02 1.666446e+01
      vertex   -1.800000e+02 1.604574e+02 1.640379e+01
    endloop
  endfacet
  facet normal 1.000000e+00 0.000000e+00 0.000000e+00
    outer loop
      vertex   -1.800000e+02 1.604574e+02 1.640379e+01
      vertex   -1.800000e+02 1.602924e+02 1.616819e+01
      vertex   -1.800000e+02 1.651285e+02 1.222879e+01
    endloop
  endfacet
  facet normal 1.000000e+00 0.000000e+00 0.000000e+00
    outer loop
      vertex   -1.800000e+02 1.651285e+02 1.222879e+01
      vertex   -1.800000e+02 1.602924e+02 1.616819e+01
      vertex   -1.800000e+02 1.600891e+02 1.596482e+01
    endloop
  endfacet
  facet normal 1.000000e+00 0.000000e+00 0.000000e+00
    outer loop
      vertex   -1.800000e+02 1.651285e+02 1.222879e+01
      vertex   -1.800000e+02 1.600891e+02 1.596482e+01
      vertex   -1.800000e+02 1.598535e+02 1.579985e+01
    endloop
  endfacet
  facet normal 1.000000e+00 0.000000e+00 0.000000e+00
    outer loop
      vertex   -1.800000e+02 1.598535e+02 1.579985e+01
      vertex   -1.800000e+02 1.595928e+02 1.567830e+01
      vertex   -1.800000e+02 1.651285e+02 1.222879e+01
    endloop
  endfacet
  facet normal 1.000000e+00 0.000000e+00 0.000000e+00
    outer loop
      vertex   -1.800000e+02 1.651285e+02 1.222879e+01
      vertex   -1.800000e+02 1.595928e+02 1.567830e+01
      vertex   -1.800000e+02 1.593150e+02 1.560386e+01
    endloop
  endfacet
  facet normal 1.000000e+00 0.000000e+00 0.000000e+00
    outer loop
      vertex   -1.800000e+02 1.651285e+02 1.222879e+01
      vertex   -1.800000e+02 1.593150e+02 1.560386e+01
      vertex   -1.800000e+02 1.590285e+02 1.557879e+01
    endloop
  endfacet
  facet normal 1.000000e+00 0.000000e+00 0.000000e+00
    outer loop
      vertex   -1.800000e+02 1.651058e+02 1.222879e+01
      vertex   -1.800000e+02 1.584641e+02 1.567830e+01
      vertex   -1.800000e+02 6.181497e+01 1.710386e+01
    endloop
  endfacet
  facet normal 1.000000e+00 0.000000e+00 0.000000e+00
    outer loop
      vertex   -1.800000e+02 6.181497e+01 1.710386e+01
      vertex   -1.800000e+02 1.584641e+02 1.567830e+01
      vertex   -1.800000e+02 1.582035e+02 1.579985e+01
    endloop
  endfacet
  facet normal 1.000000e+00 -0.000000e+00 0.000000e+00
    outer loop
      vertex   -1.800000e+02 6.181497e+01 1.710386e+01
      vertex   -1.800000e+02 1.582035e+02 1.579985e+01
      vertex   -1.800000e+02 6.209278e+01 1.717830e+01
    endloop
  endfacet
  facet normal 1.000000e+00 0.000000e+00 0.000000e+00
    outer loop
      vertex   -1.800000e+02 6.209278e+01 1.717830e+01
      vertex   -1.800000e+02 1.582035e+02 1.579985e+01
      vertex   -1.800000e+02 1.579679e+02 1.596482e+01
    endloop
  endfacet
  facet normal 1.000000e+00 0.000000e+00 0.000000e+00
    outer loop
      vertex   -1.800000e+02 6.209278e+01 1.717830e+01
      vertex   -1.800000e+02 1.579679e+02 1.596482e+01
      vertex   -1.800000e+02 1.577645e+02 1.616819e+01
    endloop
  endfacet
  facet normal 1.000000e+00 -0.000000e+00 0.000000e+00
    outer loop
      vertex   -1.800000e+02 6.209278e+01 1.717830e+01
      vertex   -1.800000e+02 1.577645e+02 1.616819e+01
      vertex   -1.800000e+02 6.235345e+01 1.729985e+01
    endloop
  endfacet
  facet normal 1.000000e+00 0.000000e+00 0.000000e+00
    outer loop
      vertex   -1.800000e+02 6.235345e+01 1.729985e+01
      vertex   -1.800000e+02 1.577645e+02 1.616819e+01
      vertex   -1.800000e+02 1.575995e+02 1.640379e+01
    endloop
  endfacet
  facet normal 1.000000e+00 -0.000000e+00 0.000000e+00
    outer loop
      vertex   -1.800000e+02 6.235345e+01 1.729985e+01
      vertex   -1.800000e+02 1.575995e+02 1.640379e+01
      vertex   -1.800000e+02 6.258905e+01 1.746482e+01
    endloop
  endfacet
  facet normal 1.000000e+00 0.000000e+00 0.000000e+00
    outer loop
      vertex   -1.800000e+02 6.258905e+01 1.746482e+01
      vertex   -1.800000e+02 1.575995e+02 1.640379e+01
      vertex   -1.800000e+02 1.574780e+02 1.666446e+01
    endloop
  endfacet
  facet normal 1.000000e+00 0.000000e+00 0.000000e+00
    outer loop
      vertex   -1.800000e+02 6.258905e+01 1.746482e+01
      vertex   -1.800000e+02 1.574780e+02 1.666446e+01
      vertex   -1.800000e+02 1.574035e+02 1.694227e+01
    endloop
  endfacet
  facet normal 1.000000e+00 -0.000000e+00 0.000000e+00
    outer loop
      vertex   -1.800000e+02 6.258905e+01 1.746482e+01
      vertex   -1.800000e+02 1.574035e+02 1.694227e+01
      vertex   -1.800000e+02 6.279242e+01 1.766819e+01
    endloop
  endfacet
  facet normal 1.000000e+00 0.000000e+00 0.000000e+00
    outer loop
      vertex   -1.800000e+02 6.279242e+01 1.766819e+01
      vertex   -1.800000e+02 1.574035e+02 1.694227e+01
      vertex   -1.800000e+02 1.573785e+02 1.722879e+01
    endloop
  endfacet
  facet normal 1.000000e+00 -0.000000e+00 0.000000e+00
    outer loop
      vertex   -1.800000e+02 6.279242e+01 1.766819e+01
      vertex   -1.800000e+02 1.573785e+02 1.722879e+01
      vertex   -1.800000e+02 6.295739e+01 1.790379e+01
    endloop
  endfacet
  facet normal 1.000000e+00 0.000000e+00 0.000000e+00
    outer loop
      vertex   -1.800000e+02 6.295739e+01 1.790379e+01
      vertex   -1.800000e+02 1.573785e+02 1.722879e+01
      vertex   -1.800000e+02 1.574035e+02 1.751531e+01
    endloop
  endfacet
  facet normal 1.000000e+00 -0.000000e+00 0.000000e+00
    outer loop
      vertex   -1.800000e+02 6.295739e+01 1.790379e+01
      vertex   -1.800000e+02 1.574035e+02 1.751531e+01
      vertex   -1.800000e+02 6.307894e+01 1.816446e+01
    endloop
  endfacet
  facet normal 1.000000e+00 0.000000e+00 0.000000e+00
    outer loop
      vertex   -1.800000e+02 6.307894e+01 1.816446e+01
      vertex   -1.800000e+02 1.574035e+02 1.751531e+01
      vertex   -1.800000e+02 1.574780e+02 1.779312e+01
    endloop
  endfacet
  facet normal 1.000000e+00 -0.000000e+00 0.000000e+00
    outer loop
      vertex   -1.800000e+02 6.307894e+01 1.816446e+01
      vertex   -1.800000e+02 1.574780e+02 1.779312e+01
      vertex   -1.800000e+02 6.315338e+01 1.844227e+01
    endloop
  endfacet
  facet normal 1.000000e+00 0.000000e+00 0.000000e+00
    outer loop
      vertex   -1.800000e+02 6.315338e+01 1.844227e+01
      vertex   -1.800000e+02 1.574780e+02 1.779312e+01
      vertex   -1.800000e+02 1.575995e+02 1.805379e+01
    endloop
  endfacet
  facet normal 1.000000e+00 -0.000000e+00 0.000000e+00
    outer loop
      vertex   -1.800000e+02 6.315338e+01 1.844227e+01
      vertex   -1.800000e+02 1.575995e+02 1.805379e+01
      vertex   -1.800000e+02 6.317845e+01 1.872879e+01
    endloop
  endfacet
  facet normal 1.000000e+00 0.000000e+00 0.000000e+00
    outer loop
      vertex   -1.800000e+02 6.317845e+01 1.872879e+01
      vertex   -1.800000e+02 1.575995e+02 1.805379e+01
      vertex   -1.800000e+02 1.577645e+02 1.828939e+01
    endloop
  endfacet
  facet normal 1.000000e+00 -0.000000e+00 -0.000000e+00
    outer loop
      vertex   -1.800000e+02 6.317845e+01 1.872879e+01
      vertex   -1.800000e+02 1.577645e+02 1.828939e+01
      vertex   -1.800000e+02 6.315338e+01 1.901531e+01
    endloop
  endfacet
  facet normal 1.000000e+00 0.000000e+00 0.000000e+00
    outer loop
      vertex   -1.800000e+02 6.315338e+01 1.901531e+01
      vertex   -1.800000e+02 1.577645e+02 1.828939e+01
      vertex   -1.800000e+02 1.579679e+02 1.849276e+01
    endloop
  endfacet
  facet normal 1.000000e+00 -0.000000e+00 -0.000000e+00
    outer loop
      vertex   -1.800000e+02 6.315338e+01 1.901531e+01
      vertex   -1.800000e+02 1.579679e+02 1.849276e+01
      vertex   -1.800000e+02 6.307894e+01 1.929312e+01
    endloop
  endfacet
  facet normal 1.000000e+00 -0.000000e+00 -0.000000e+00
    outer loop
      vertex   -1.800000e+02 6.307894e+01 1.929312e+01
      vertex   -1.800000e+02 1.579679e+02 1.849276e+01
      vertex   -1.800000e+02 6.295739e+01 1.955379e+01
    endloop
  endfacet
  facet normal 1.000000e+00 0.000000e+00 0.000000e+00
    outer loop
      vertex   -1.800000e+02 6.295739e+01 1.955379e+01
      vertex   -1.800000e+02 1.579679e+02 1.849276e+01
      vertex   -1.800000e+02 1.582035e+02 1.865773e+01
    endloop
  endfacet
  facet normal 1.000000e+00 -0.000000e+00 -0.000000e+00
    outer loop
      vertex   -1.800000e+02 6.295739e+01 1.955379e+01
      vertex   -1.800000e+02 1.582035e+02 1.865773e+01
      vertex   -1.800000e+02 6.279242e+01 1.978939e+01
    endloop
  endfacet
  facet normal 1.000000e+00 0.000000e+00 0.000000e+00
    outer loop
      vertex   -1.800000e+02 6.279242e+01 1.978939e+01
      vertex   -1.800000e+02 1.582035e+02 1.865773e+01
      vertex   -1.800000e+02 1.584641e+02 1.877928e+01
    endloop
  endfacet
  facet normal 1.000000e+00 -0.000000e+00 -0.000000e+00
    outer loop
      vertex   -1.800000e+02 6.279242e+01 1.978939e+01
      vertex   -1.800000e+02 1.584641e+02 1.877928e+01
      vertex   -1.800000e+02 6.258905e+01 1.999276e+01
    endloop
  endfacet
  facet normal 1.000000e+00 -0.000000e+00 -0.000000e+00
    outer loop
      vertex   -1.800000e+02 6.258905e+01 1.999276e+01
      vertex   -1.800000e+02 1.584641e+02 1.877928e+01
      vertex   -1.800000e+02 6.235345e+01 2.015773e+01
    endloop
  endfacet
  facet normal 1.000000e+00 0.000000e+00 0.000000e+00
    outer loop
      vertex   -1.800000e+02 6.235345e+01 2.015773e+01
      vertex   -1.800000e+02 1.584641e+02 1.877928e+01
      vertex   -1.800000e+02 1.587419e+02 1.885372e+01
    endloop
  endfacet
  facet normal 1.000000e+00 -0.000000e+00 -0.000000e+00
    outer loop
      vertex   -1.800000e+02 6.235345e+01 2.015773e+01
      vertex   -1.800000e+02 1.587419e+02 1.885372e+01
      vertex   -1.800000e+02 6.209278e+01 2.027928e+01
    endloop
  endfacet
  facet normal 1.000000e+00 -0.000000e+00 -0.000000e+00
    outer loop
      vertex   -1.800000e+02 6.209278e+01 2.027928e+01
      vertex   -1.800000e+02 1.587419e+02 1.885372e+01
      vertex   -1.800000e+02 6.181497e+01 2.035372e+01
    endloop
  endfacet
  facet normal 1.000000e+00 -0.000000e+00 0.000000e+00
    outer loop
      vertex   -1.800000e+02 1.590285e+02 1.887879e+01
      vertex   -1.800000e+02 1.593150e+02 1.885372e+01
      vertex   -1.800000e+02 1.651285e+02 3.000000e+01
    endloop
  endfacet
  facet normal 1.000000e+00 0.000000e+00 0.000000e+00
    outer loop
      vertex   -1.800000e+02 1.651285e+02 3.000000e+01
      vertex   -1.800000e+02 1.593150e+02 1.885372e+01
      vertex   -1.800000e+02 1.595928e+02 1.877928e+01
    endloop
  endfacet
  facet normal 1.000000e+00 0.000000e+00 0.000000e+00
    outer loop
      vertex   -1.800000e+02 1.651285e+02 3.000000e+01
      vertex   -1.800000e+02 1.595928e+02 1.877928e+01
      vertex   -1.800000e+02 1.598535e+02 1.865773e+01
    endloop
  endfacet
  facet normal 1.000000e+00 -0.000000e+00 0.000000e+00
    outer loop
      vertex   -1.800000e+02 1.598535e+02 1.865773e+01
      vertex   -1.800000e+02 1.600891e+02 1.849276e+01
      vertex   -1.800000e+02 1.651285e+02 3.000000e+01
    endloop
  endfacet
  facet normal 1.000000e+00 0.000000e+00 0.000000e+00
    outer loop
      vertex   -1.800000e+02 1.651285e+02 3.000000e+01
      vertex   -1.800000e+02 1.600891e+02 1.849276e+01
      vertex   -1.800000e+02 1.602924e+02 1.828939e+01
    endloop
  endfacet
  facet normal 1.000000e+00 0.000000e+00 0.000000e+00
    outer loop
      vertex   -1.800000e+02 1.651285e+02 3.000000e+01
      vertex   -1.800000e+02 1.602924e+02 1.828939e+01
      vertex   -1.800000e+02 1.604574e+02 1.805379e+01
    endloop
  endfacet
  facet normal 1.000000e+00 -0.000000e+00 0.000000e+00
    outer loop
      vertex   -1.800000e+02 1.604574e+02 1.805379e+01
      vertex   -1.800000e+02 1.605789e+02 1.779312e+01
      vertex   -1.800000e+02 1.651285e+02 3.000000e+01
    endloop
  endfacet
endsolid
