solid ASCII
  facet normal 5.773503e-01 5.773503e-01 -5.773503e-01
    outer loop
      vertex   1.930000e+02 8.000000e+00 4.030000e+02
      vertex   1.930000e+02 1.000000e+01 4.050000e+02
      vertex   1.950000e+02 8.000000e+00 4.050000e+02
    endloop
  endfacet
  facet normal 7.071068e-01 7.071068e-01 0.000000e+00
    outer loop
      vertex   1.950000e+02 8.000000e+00 4.130000e+02
      vertex   1.950000e+02 8.000000e+00 4.050000e+02
      vertex   1.930000e+02 1.000000e+01 4.130000e+02
    endloop
  endfacet
  facet normal 7.071068e-01 7.071068e-01 -1.570092e-16
    outer loop
      vertex   1.930000e+02 1.000000e+01 4.130000e+02
      vertex   1.950000e+02 8.000000e+00 4.050000e+02
      vertex   1.930000e+02 1.000000e+01 4.050000e+02
    endloop
  endfacet
  facet normal 7.071068e-01 0.000000e+00 -7.071068e-01
    outer loop
      vertex   1.950000e+02 5.844342e-09 4.050000e+02
      vertex   1.930000e+02 1.227162e-07 4.030000e+02
      vertex   1.950000e+02 8.000000e+00 4.050000e+02
    endloop
  endfacet
  facet normal 7.071068e-01 -5.024296e-15 -7.071068e-01
    outer loop
      vertex   1.950000e+02 8.000000e+00 4.050000e+02
      vertex   1.930000e+02 1.227162e-07 4.030000e+02
      vertex   1.930000e+02 8.000000e+00 4.030000e+02
    endloop
  endfacet
  facet normal -5.773503e-01 5.773503e-01 -5.773503e-01
    outer loop
      vertex   1.550000e+02 8.000000e+00 4.030000e+02
      vertex   1.530000e+02 8.000000e+00 4.050000e+02
      vertex   1.550000e+02 1.000000e+01 4.050000e+02
    endloop
  endfacet
  facet normal -7.071068e-01 7.071068e-01 -1.570092e-16
    outer loop
      vertex   1.550000e+02 1.000000e+01 4.130000e+02
      vertex   1.550000e+02 1.000000e+01 4.050000e+02
      vertex   1.530000e+02 8.000000e+00 4.130000e+02
    endloop
  endfacet
  facet normal -7.071068e-01 7.071068e-01 0.000000e+00
    outer loop
      vertex   1.530000e+02 8.000000e+00 4.130000e+02
      vertex   1.550000e+02 1.000000e+01 4.050000e+02
      vertex   1.530000e+02 8.000000e+00 4.050000e+02
    endloop
  endfacet
  facet normal -3.305458e-17 7.071068e-01 -7.071068e-01
    outer loop
      vertex   1.930000e+02 8.000000e+00 4.030000e+02
      vertex   1.550000e+02 8.000000e+00 4.030000e+02
      vertex   1.930000e+02 1.000000e+01 4.050000e+02
    endloop
  endfacet
  facet normal 0.000000e+00 7.071068e-01 -7.071068e-01
    outer loop
      vertex   1.930000e+02 1.000000e+01 4.050000e+02
      vertex   1.550000e+02 8.000000e+00 4.030000e+02
      vertex   1.550000e+02 1.000000e+01 4.050000e+02
    endloop
  endfacet
  facet normal -7.071068e-01 0.000000e+00 -7.071068e-01
    outer loop
      vertex   1.530000e+02 5.844340e-09 4.050000e+02
      vertex   1.530000e+02 8.000000e+00 4.050000e+02
      vertex   1.550000e+02 1.227162e-07 4.030000e+02
    endloop
  endfacet
  facet normal -7.071068e-01 -5.024296e-15 -7.071068e-01
    outer loop
      vertex   1.550000e+02 1.227162e-07 4.030000e+02
      vertex   1.530000e+02 8.000000e+00 4.050000e+02
      vertex   1.550000e+02 8.000000e+00 4.030000e+02
    endloop
  endfacet
  facet normal 1.000000e+00 0.000000e+00 -0.000000e+00
    outer loop
      vertex   1.950000e+02 5.844342e-09 4.050000e+02
      vertex   1.950000e+02 8.000000e+00 4.050000e+02
      vertex   1.950000e+02 -1.421085e-13 4.051000e+02
    endloop
  endfacet
  facet normal 1.000000e+00 -0.000000e+00 0.000000e+00
    outer loop
      vertex   1.950000e+02 -1.421085e-13 4.051000e+02
      vertex   1.950000e+02 8.000000e+00 4.050000e+02
      vertex   1.950000e+02 8.000000e+00 4.130000e+02
    endloop
  endfacet
  facet normal 1.000000e+00 2.175691e-15 -2.203236e-15
    outer loop
      vertex   1.950000e+02 -1.421085e-13 4.051000e+02
      vertex   1.950000e+02 8.000000e+00 4.130000e+02
      vertex   1.950000e+02 1.251697e-06 4.180000e+02
    endloop
  endfacet
  facet normal 1.000000e+00 5.465713e-16 -4.809828e-15
    outer loop
      vertex   1.950000e+02 1.251697e-06 4.180000e+02
      vertex   1.950000e+02 8.000000e+00 4.130000e+02
      vertex   1.950000e+02 5.200000e+01 4.180000e+02
    endloop
  endfacet
  facet normal 1.000000e+00 0.000000e+00 0.000000e+00
    outer loop
      vertex   1.950000e+02 5.200000e+01 4.180000e+02
      vertex   1.950000e+02 8.000000e+00 4.130000e+02
      vertex   1.950000e+02 5.200000e+01 4.130000e+02
    endloop
  endfacet
  facet normal -3.161511e-16 1.000000e+00 -2.220446e-16
    outer loop
      vertex   1.930000e+02 1.000000e+01 4.050000e+02
      vertex   1.899555e+02 1.000000e+01 4.093347e+02
      vertex   1.930000e+02 1.000000e+01 4.130000e+02
    endloop
  endfacet
  facet normal -6.587184e-16 1.000000e+00 6.250170e-17
    outer loop
      vertex   1.930000e+02 1.000000e+01 4.130000e+02
      vertex   1.899555e+02 1.000000e+01 4.093347e+02
      vertex   1.899922e+02 1.000000e+01 4.097214e+02
    endloop
  endfacet
  facet normal -6.016777e-16 1.000000e+00 1.017297e-17
    outer loop
      vertex   1.930000e+02 1.000000e+01 4.130000e+02
      vertex   1.899922e+02 1.000000e+01 4.097214e+02
      vertex   1.899988e+02 1.000000e+01 4.101097e+02
    endloop
  endfacet
  facet normal 0.000000e+00 1.000000e+00 0.000000e+00
    outer loop
      vertex   1.550000e+02 1.000000e+01 4.050000e+02
      vertex   1.848058e+02 1.000000e+01 4.050038e+02
      vertex   1.930000e+02 1.000000e+01 4.050000e+02
    endloop
  endfacet
  facet normal 0.000000e+00 1.000000e+00 0.000000e+00
    outer loop
      vertex   1.930000e+02 1.000000e+01 4.050000e+02
      vertex   1.848058e+02 1.000000e+01 4.050038e+02
      vertex   1.851942e+02 1.000000e+01 4.050038e+02
    endloop
  endfacet
  facet normal 0.000000e+00 1.000000e+00 0.000000e+00
    outer loop
      vertex   1.930000e+02 1.000000e+01 4.050000e+02
      vertex   1.851942e+02 1.000000e+01 4.050038e+02
      vertex   1.855814e+02 1.000000e+01 4.050339e+02
    endloop
  endfacet
  facet normal 3.161515e-16 1.000000e+00 -2.220446e-16
    outer loop
      vertex   1.550000e+02 1.000000e+01 4.130000e+02
      vertex   1.580445e+02 1.000000e+01 4.093347e+02
      vertex   1.550000e+02 1.000000e+01 4.050000e+02
    endloop
  endfacet
  facet normal 0.000000e+00 1.000000e+00 0.000000e+00
    outer loop
      vertex   1.550000e+02 1.000000e+01 4.050000e+02
      vertex   1.580445e+02 1.000000e+01 4.093347e+02
      vertex   1.581110e+02 1.000000e+01 4.089521e+02
    endloop
  endfacet
  facet normal 0.000000e+00 1.000000e+00 0.000000e+00
    outer loop
      vertex   1.550000e+02 1.000000e+01 4.050000e+02
      vertex   1.581110e+02 1.000000e+01 4.089521e+02
      vertex   1.582071e+02 1.000000e+01 4.085758e+02
    endloop
  endfacet
  facet normal -1.548512e-26 1.000000e+00 -5.559517e-15
    outer loop
      vertex   1.590000e+02 1.000000e+01 4.130000e+02
      vertex   1.587792e+02 1.000000e+01 4.126805e+02
      vertex   1.550000e+02 1.000000e+01 4.130000e+02
    endloop
  endfacet
  facet normal 4.479965e-16 1.000000e+00 -2.606599e-16
    outer loop
      vertex   1.550000e+02 1.000000e+01 4.130000e+02
      vertex   1.587792e+02 1.000000e+01 4.126805e+02
      vertex   1.585839e+02 1.000000e+01 4.123448e+02
    endloop
  endfacet
  facet normal 4.555000e-16 1.000000e+00 -2.196166e-16
    outer loop
      vertex   1.550000e+02 1.000000e+01 4.130000e+02
      vertex   1.585839e+02 1.000000e+01 4.123448e+02
      vertex   1.584152e+02 1.000000e+01 4.119949e+02
    endloop
  endfacet
  facet normal 4.666210e-16 1.000000e+00 -1.818265e-16
    outer loop
      vertex   1.584152e+02 1.000000e+01 4.119949e+02
      vertex   1.582742e+02 1.000000e+01 4.116331e+02
      vertex   1.550000e+02 1.000000e+01 4.130000e+02
    endloop
  endfacet
  facet normal 4.816734e-16 1.000000e+00 -1.457710e-16
    outer loop
      vertex   1.550000e+02 1.000000e+01 4.130000e+02
      vertex   1.582742e+02 1.000000e+01 4.116331e+02
      vertex   1.581617e+02 1.000000e+01 4.112613e+02
    endloop
  endfacet
  facet normal 5.012951e-16 1.000000e+00 -1.100890e-16
    outer loop
      vertex   1.550000e+02 1.000000e+01 4.130000e+02
      vertex   1.581617e+02 1.000000e+01 4.112613e+02
      vertex   1.580784e+02 1.000000e+01 4.108820e+02
    endloop
  endfacet
  facet normal 5.265461e-16 1.000000e+00 -7.338739e-17
    outer loop
      vertex   1.580784e+02 1.000000e+01 4.108820e+02
      vertex   1.580248e+02 1.000000e+01 4.104974e+02
      vertex   1.550000e+02 1.000000e+01 4.130000e+02
    endloop
  endfacet
  facet normal 5.591098e-16 1.000000e+00 -3.402934e-17
    outer loop
      vertex   1.550000e+02 1.000000e+01 4.130000e+02
      vertex   1.580248e+02 1.000000e+01 4.104974e+02
      vertex   1.580012e+02 1.000000e+01 4.101097e+02
    endloop
  endfacet
  facet normal 6.016785e-16 1.000000e+00 1.017299e-17
    outer loop
      vertex   1.550000e+02 1.000000e+01 4.130000e+02
      vertex   1.580012e+02 1.000000e+01 4.101097e+02
      vertex   1.580078e+02 1.000000e+01 4.097214e+02
    endloop
  endfacet
  facet normal 6.587193e-16 1.000000e+00 6.250179e-17
    outer loop
      vertex   1.580078e+02 1.000000e+01 4.097214e+02
      vertex   1.580445e+02 1.000000e+01 4.093347e+02
      vertex   1.550000e+02 1.000000e+01 4.130000e+02
    endloop
  endfacet
  facet normal 0.000000e+00 1.000000e+00 0.000000e+00
    outer loop
      vertex   1.582071e+02 1.000000e+01 4.085758e+02
      vertex   1.583321e+02 1.000000e+01 4.082081e+02
      vertex   1.550000e+02 1.000000e+01 4.050000e+02
    endloop
  endfacet
  facet normal 0.000000e+00 1.000000e+00 0.000000e+00
    outer loop
      vertex   1.550000e+02 1.000000e+01 4.050000e+02
      vertex   1.583321e+02 1.000000e+01 4.082081e+02
      vertex   1.584853e+02 1.000000e+01 4.078512e+02
    endloop
  endfacet
  facet normal 0.000000e+00 1.000000e+00 0.000000e+00
    outer loop
      vertex   1.550000e+02 1.000000e+01 4.050000e+02
      vertex   1.584853e+02 1.000000e+01 4.078512e+02
      vertex   1.586657e+02 1.000000e+01 4.075073e+02
    endloop
  endfacet
  facet normal 0.000000e+00 1.000000e+00 0.000000e+00
    outer loop
      vertex   1.586657e+02 1.000000e+01 4.075073e+02
      vertex   1.588722e+02 1.000000e+01 4.071784e+02
      vertex   1.550000e+02 1.000000e+01 4.050000e+02
    endloop
  endfacet
  facet normal 0.000000e+00 1.000000e+00 0.000000e+00
    outer loop
      vertex   1.550000e+02 1.000000e+01 4.050000e+02
      vertex   1.588722e+02 1.000000e+01 4.071784e+02
      vertex   1.591037e+02 1.000000e+01 4.068665e+02
    endloop
  endfacet
  facet normal 0.000000e+00 1.000000e+00 0.000000e+00
    outer loop
      vertex   1.550000e+02 1.000000e+01 4.050000e+02
      vertex   1.591037e+02 1.000000e+01 4.068665e+02
      vertex   1.593587e+02 1.000000e+01 4.065735e+02
    endloop
  endfacet
  facet normal 0.000000e+00 1.000000e+00 0.000000e+00
    outer loop
      vertex   1.593587e+02 1.000000e+01 4.065735e+02
      vertex   1.596356e+02 1.000000e+01 4.063013e+02
      vertex   1.550000e+02 1.000000e+01 4.050000e+02
    endloop
  endfacet
  facet normal 0.000000e+00 1.000000e+00 0.000000e+00
    outer loop
      vertex   1.550000e+02 1.000000e+01 4.050000e+02
      vertex   1.596356e+02 1.000000e+01 4.063013e+02
      vertex   1.599328e+02 1.000000e+01 4.060513e+02
    endloop
  endfacet
  facet normal 0.000000e+00 1.000000e+00 0.000000e+00
    outer loop
      vertex   1.550000e+02 1.000000e+01 4.050000e+02
      vertex   1.599328e+02 1.000000e+01 4.060513e+02
      vertex   1.602486e+02 1.000000e+01 4.058251e+02
    endloop
  endfacet
  facet normal 0.000000e+00 1.000000e+00 0.000000e+00
    outer loop
      vertex   1.602486e+02 1.000000e+01 4.058251e+02
      vertex   1.605809e+02 1.000000e+01 4.056242e+02
      vertex   1.550000e+02 1.000000e+01 4.050000e+02
    endloop
  endfacet
  facet normal 0.000000e+00 1.000000e+00 0.000000e+00
    outer loop
      vertex   1.550000e+02 1.000000e+01 4.050000e+02
      vertex   1.605809e+02 1.000000e+01 4.056242e+02
      vertex   1.609278e+02 1.000000e+01 4.054496e+02
    endloop
  endfacet
  facet normal 0.000000e+00 1.000000e+00 0.000000e+00
    outer loop
      vertex   1.550000e+02 1.000000e+01 4.050000e+02
      vertex   1.609278e+02 1.000000e+01 4.054496e+02
      vertex   1.612873e+02 1.000000e+01 4.053025e+02
    endloop
  endfacet
  facet normal 0.000000e+00 1.000000e+00 0.000000e+00
    outer loop
      vertex   1.612873e+02 1.000000e+01 4.053025e+02
      vertex   1.616570e+02 1.000000e+01 4.051837e+02
      vertex   1.550000e+02 1.000000e+01 4.050000e+02
    endloop
  endfacet
  facet normal 0.000000e+00 1.000000e+00 0.000000e+00
    outer loop
      vertex   1.550000e+02 1.000000e+01 4.050000e+02
      vertex   1.616570e+02 1.000000e+01 4.051837e+02
      vertex   1.620349e+02 1.000000e+01 4.050940e+02
    endloop
  endfacet
  facet normal 0.000000e+00 1.000000e+00 0.000000e+00
    outer loop
      vertex   1.550000e+02 1.000000e+01 4.050000e+02
      vertex   1.620349e+02 1.000000e+01 4.050940e+02
      vertex   1.624186e+02 1.000000e+01 4.050339e+02
    endloop
  endfacet
  facet normal 0.000000e+00 1.000000e+00 0.000000e+00
    outer loop
      vertex   1.624186e+02 1.000000e+01 4.050339e+02
      vertex   1.628058e+02 1.000000e+01 4.050038e+02
      vertex   1.550000e+02 1.000000e+01 4.050000e+02
    endloop
  endfacet
  facet normal 0.000000e+00 1.000000e+00 0.000000e+00
    outer loop
      vertex   1.550000e+02 1.000000e+01 4.050000e+02
      vertex   1.628058e+02 1.000000e+01 4.050038e+02
      vertex   1.631942e+02 1.000000e+01 4.050038e+02
    endloop
  endfacet
  facet normal 0.000000e+00 1.000000e+00 0.000000e+00
    outer loop
      vertex   1.550000e+02 1.000000e+01 4.050000e+02
      vertex   1.631942e+02 1.000000e+01 4.050038e+02
      vertex   1.848058e+02 1.000000e+01 4.050038e+02
    endloop
  endfacet
  facet normal 0.000000e+00 1.000000e+00 0.000000e+00
    outer loop
      vertex   1.848058e+02 1.000000e+01 4.050038e+02
      vertex   1.631942e+02 1.000000e+01 4.050038e+02
      vertex   1.844186e+02 1.000000e+01 4.050339e+02
    endloop
  endfacet
  facet normal 0.000000e+00 1.000000e+00 0.000000e+00
    outer loop
      vertex   1.844186e+02 1.000000e+01 4.050339e+02
      vertex   1.631942e+02 1.000000e+01 4.050038e+02
      vertex   1.635814e+02 1.000000e+01 4.050339e+02
    endloop
  endfacet
  facet normal 0.000000e+00 1.000000e+00 0.000000e+00
    outer loop
      vertex   1.844186e+02 1.000000e+01 4.050339e+02
      vertex   1.635814e+02 1.000000e+01 4.050339e+02
      vertex   1.840349e+02 1.000000e+01 4.050940e+02
    endloop
  endfacet
  facet normal 0.000000e+00 1.000000e+00 0.000000e+00
    outer loop
      vertex   1.840349e+02 1.000000e+01 4.050940e+02
      vertex   1.635814e+02 1.000000e+01 4.050339e+02
      vertex   1.639651e+02 1.000000e+01 4.050940e+02
    endloop
  endfacet
  facet normal 0.000000e+00 1.000000e+00 0.000000e+00
    outer loop
      vertex   1.840349e+02 1.000000e+01 4.050940e+02
      vertex   1.639651e+02 1.000000e+01 4.050940e+02
      vertex   1.836570e+02 1.000000e+01 4.051837e+02
    endloop
  endfacet
  facet normal 0.000000e+00 1.000000e+00 0.000000e+00
    outer loop
      vertex   1.836570e+02 1.000000e+01 4.051837e+02
      vertex   1.639651e+02 1.000000e+01 4.050940e+02
      vertex   1.643430e+02 1.000000e+01 4.051837e+02
    endloop
  endfacet
  facet normal 0.000000e+00 1.000000e+00 0.000000e+00
    outer loop
      vertex   1.836570e+02 1.000000e+01 4.051837e+02
      vertex   1.643430e+02 1.000000e+01 4.051837e+02
      vertex   1.832873e+02 1.000000e+01 4.053025e+02
    endloop
  endfacet
  facet normal 0.000000e+00 1.000000e+00 0.000000e+00
    outer loop
      vertex   1.832873e+02 1.000000e+01 4.053025e+02
      vertex   1.643430e+02 1.000000e+01 4.051837e+02
      vertex   1.647127e+02 1.000000e+01 4.053025e+02
    endloop
  endfacet
  facet normal 0.000000e+00 1.000000e+00 0.000000e+00
    outer loop
      vertex   1.832873e+02 1.000000e+01 4.053025e+02
      vertex   1.647127e+02 1.000000e+01 4.053025e+02
      vertex   1.829278e+02 1.000000e+01 4.054496e+02
    endloop
  endfacet
  facet normal 0.000000e+00 1.000000e+00 0.000000e+00
    outer loop
      vertex   1.829278e+02 1.000000e+01 4.054496e+02
      vertex   1.647127e+02 1.000000e+01 4.053025e+02
      vertex   1.650722e+02 1.000000e+01 4.054496e+02
    endloop
  endfacet
  facet normal 0.000000e+00 1.000000e+00 0.000000e+00
    outer loop
      vertex   1.829278e+02 1.000000e+01 4.054496e+02
      vertex   1.650722e+02 1.000000e+01 4.054496e+02
      vertex   1.825809e+02 1.000000e+01 4.056242e+02
    endloop
  endfacet
  facet normal 0.000000e+00 1.000000e+00 0.000000e+00
    outer loop
      vertex   1.825809e+02 1.000000e+01 4.056242e+02
      vertex   1.650722e+02 1.000000e+01 4.054496e+02
      vertex   1.654191e+02 1.000000e+01 4.056242e+02
    endloop
  endfacet
  facet normal 0.000000e+00 1.000000e+00 0.000000e+00
    outer loop
      vertex   1.825809e+02 1.000000e+01 4.056242e+02
      vertex   1.654191e+02 1.000000e+01 4.056242e+02
      vertex   1.822486e+02 1.000000e+01 4.058251e+02
    endloop
  endfacet
  facet normal 0.000000e+00 1.000000e+00 0.000000e+00
    outer loop
      vertex   1.822486e+02 1.000000e+01 4.058251e+02
      vertex   1.654191e+02 1.000000e+01 4.056242e+02
      vertex   1.657514e+02 1.000000e+01 4.058251e+02
    endloop
  endfacet
  facet normal 0.000000e+00 1.000000e+00 0.000000e+00
    outer loop
      vertex   1.822486e+02 1.000000e+01 4.058251e+02
      vertex   1.657514e+02 1.000000e+01 4.058251e+02
      vertex   1.819328e+02 1.000000e+01 4.060513e+02
    endloop
  endfacet
  facet normal 0.000000e+00 1.000000e+00 0.000000e+00
    outer loop
      vertex   1.819328e+02 1.000000e+01 4.060513e+02
      vertex   1.657514e+02 1.000000e+01 4.058251e+02
      vertex   1.660672e+02 1.000000e+01 4.060513e+02
    endloop
  endfacet
  facet normal 0.000000e+00 1.000000e+00 0.000000e+00
    outer loop
      vertex   1.819328e+02 1.000000e+01 4.060513e+02
      vertex   1.660672e+02 1.000000e+01 4.060513e+02
      vertex   1.816356e+02 1.000000e+01 4.063013e+02
    endloop
  endfacet
  facet normal 0.000000e+00 1.000000e+00 0.000000e+00
    outer loop
      vertex   1.816356e+02 1.000000e+01 4.063013e+02
      vertex   1.660672e+02 1.000000e+01 4.060513e+02
      vertex   1.663644e+02 1.000000e+01 4.063013e+02
    endloop
  endfacet
  facet normal 0.000000e+00 1.000000e+00 0.000000e+00
    outer loop
      vertex   1.816356e+02 1.000000e+01 4.063013e+02
      vertex   1.663644e+02 1.000000e+01 4.063013e+02
      vertex   1.813587e+02 1.000000e+01 4.065735e+02
    endloop
  endfacet
  facet normal 0.000000e+00 1.000000e+00 0.000000e+00
    outer loop
      vertex   1.813587e+02 1.000000e+01 4.065735e+02
      vertex   1.663644e+02 1.000000e+01 4.063013e+02
      vertex   1.666413e+02 1.000000e+01 4.065735e+02
    endloop
  endfacet
  facet normal 0.000000e+00 1.000000e+00 0.000000e+00
    outer loop
      vertex   1.813587e+02 1.000000e+01 4.065735e+02
      vertex   1.666413e+02 1.000000e+01 4.065735e+02
      vertex   1.811037e+02 1.000000e+01 4.068665e+02
    endloop
  endfacet
  facet normal 0.000000e+00 1.000000e+00 0.000000e+00
    outer loop
      vertex   1.811037e+02 1.000000e+01 4.068665e+02
      vertex   1.666413e+02 1.000000e+01 4.065735e+02
      vertex   1.668963e+02 1.000000e+01 4.068665e+02
    endloop
  endfacet
  facet normal 0.000000e+00 1.000000e+00 0.000000e+00
    outer loop
      vertex   1.811037e+02 1.000000e+01 4.068665e+02
      vertex   1.668963e+02 1.000000e+01 4.068665e+02
      vertex   1.808722e+02 1.000000e+01 4.071784e+02
    endloop
  endfacet
  facet normal 0.000000e+00 1.000000e+00 0.000000e+00
    outer loop
      vertex   1.808722e+02 1.000000e+01 4.071784e+02
      vertex   1.668963e+02 1.000000e+01 4.068665e+02
      vertex   1.671278e+02 1.000000e+01 4.071784e+02
    endloop
  endfacet
  facet normal 0.000000e+00 1.000000e+00 0.000000e+00
    outer loop
      vertex   1.808722e+02 1.000000e+01 4.071784e+02
      vertex   1.671278e+02 1.000000e+01 4.071784e+02
      vertex   1.806657e+02 1.000000e+01 4.075073e+02
    endloop
  endfacet
  facet normal 0.000000e+00 1.000000e+00 0.000000e+00
    outer loop
      vertex   1.806657e+02 1.000000e+01 4.075073e+02
      vertex   1.671278e+02 1.000000e+01 4.071784e+02
      vertex   1.673343e+02 1.000000e+01 4.075073e+02
    endloop
  endfacet
  facet normal 0.000000e+00 1.000000e+00 0.000000e+00
    outer loop
      vertex   1.806657e+02 1.000000e+01 4.075073e+02
      vertex   1.673343e+02 1.000000e+01 4.075073e+02
      vertex   1.804853e+02 1.000000e+01 4.078512e+02
    endloop
  endfacet
  facet normal 0.000000e+00 1.000000e+00 0.000000e+00
    outer loop
      vertex   1.804853e+02 1.000000e+01 4.078512e+02
      vertex   1.673343e+02 1.000000e+01 4.075073e+02
      vertex   1.675147e+02 1.000000e+01 4.078512e+02
    endloop
  endfacet
  facet normal 0.000000e+00 1.000000e+00 0.000000e+00
    outer loop
      vertex   1.804853e+02 1.000000e+01 4.078512e+02
      vertex   1.675147e+02 1.000000e+01 4.078512e+02
      vertex   1.803321e+02 1.000000e+01 4.082081e+02
    endloop
  endfacet
  facet normal 0.000000e+00 1.000000e+00 0.000000e+00
    outer loop
      vertex   1.803321e+02 1.000000e+01 4.082081e+02
      vertex   1.675147e+02 1.000000e+01 4.078512e+02
      vertex   1.676679e+02 1.000000e+01 4.082081e+02
    endloop
  endfacet
  facet normal 0.000000e+00 1.000000e+00 0.000000e+00
    outer loop
      vertex   1.803321e+02 1.000000e+01 4.082081e+02
      vertex   1.676679e+02 1.000000e+01 4.082081e+02
      vertex   1.802071e+02 1.000000e+01 4.085758e+02
    endloop
  endfacet
  facet normal 0.000000e+00 1.000000e+00 0.000000e+00
    outer loop
      vertex   1.802071e+02 1.000000e+01 4.085758e+02
      vertex   1.676679e+02 1.000000e+01 4.082081e+02
      vertex   1.677929e+02 1.000000e+01 4.085758e+02
    endloop
  endfacet
  facet normal 0.000000e+00 1.000000e+00 0.000000e+00
    outer loop
      vertex   1.802071e+02 1.000000e+01 4.085758e+02
      vertex   1.677929e+02 1.000000e+01 4.085758e+02
      vertex   1.801110e+02 1.000000e+01 4.089521e+02
    endloop
  endfacet
  facet normal 0.000000e+00 1.000000e+00 0.000000e+00
    outer loop
      vertex   1.801110e+02 1.000000e+01 4.089521e+02
      vertex   1.677929e+02 1.000000e+01 4.085758e+02
      vertex   1.678890e+02 1.000000e+01 4.089521e+02
    endloop
  endfacet
  facet normal 0.000000e+00 1.000000e+00 0.000000e+00
    outer loop
      vertex   1.801110e+02 1.000000e+01 4.089521e+02
      vertex   1.678890e+02 1.000000e+01 4.089521e+02
      vertex   1.800445e+02 1.000000e+01 4.093347e+02
    endloop
  endfacet
  facet normal 0.000000e+00 1.000000e+00 0.000000e+00
    outer loop
      vertex   1.800445e+02 1.000000e+01 4.093347e+02
      vertex   1.678890e+02 1.000000e+01 4.089521e+02
      vertex   1.679555e+02 1.000000e+01 4.093347e+02
    endloop
  endfacet
  facet normal 0.000000e+00 1.000000e+00 0.000000e+00
    outer loop
      vertex   1.800445e+02 1.000000e+01 4.093347e+02
      vertex   1.679555e+02 1.000000e+01 4.093347e+02
      vertex   1.800078e+02 1.000000e+01 4.097214e+02
    endloop
  endfacet
  facet normal 0.000000e+00 1.000000e+00 0.000000e+00
    outer loop
      vertex   1.800078e+02 1.000000e+01 4.097214e+02
      vertex   1.679555e+02 1.000000e+01 4.093347e+02
      vertex   1.679922e+02 1.000000e+01 4.097214e+02
    endloop
  endfacet
  facet normal 0.000000e+00 1.000000e+00 0.000000e+00
    outer loop
      vertex   1.800078e+02 1.000000e+01 4.097214e+02
      vertex   1.679922e+02 1.000000e+01 4.097214e+02
      vertex   1.800012e+02 1.000000e+01 4.101097e+02
    endloop
  endfacet
  facet normal 0.000000e+00 1.000000e+00 0.000000e+00
    outer loop
      vertex   1.800012e+02 1.000000e+01 4.101097e+02
      vertex   1.679922e+02 1.000000e+01 4.097214e+02
      vertex   1.679988e+02 1.000000e+01 4.101097e+02
    endloop
  endfacet
  facet normal 0.000000e+00 1.000000e+00 -0.000000e+00
    outer loop
      vertex   1.800012e+02 1.000000e+01 4.101097e+02
      vertex   1.679988e+02 1.000000e+01 4.101097e+02
      vertex   1.800248e+02 1.000000e+01 4.104974e+02
    endloop
  endfacet
  facet normal 0.000000e+00 1.000000e+00 0.000000e+00
    outer loop
      vertex   1.800248e+02 1.000000e+01 4.104974e+02
      vertex   1.679988e+02 1.000000e+01 4.101097e+02
      vertex   1.679752e+02 1.000000e+01 4.104974e+02
    endloop
  endfacet
  facet normal 0.000000e+00 1.000000e+00 -0.000000e+00
    outer loop
      vertex   1.800248e+02 1.000000e+01 4.104974e+02
      vertex   1.679752e+02 1.000000e+01 4.104974e+02
      vertex   1.800784e+02 1.000000e+01 4.108820e+02
    endloop
  endfacet
  facet normal 0.000000e+00 1.000000e+00 0.000000e+00
    outer loop
      vertex   1.800784e+02 1.000000e+01 4.108820e+02
      vertex   1.679752e+02 1.000000e+01 4.104974e+02
      vertex   1.679216e+02 1.000000e+01 4.108820e+02
    endloop
  endfacet
  facet normal 0.000000e+00 1.000000e+00 -0.000000e+00
    outer loop
      vertex   1.800784e+02 1.000000e+01 4.108820e+02
      vertex   1.679216e+02 1.000000e+01 4.108820e+02
      vertex   1.801617e+02 1.000000e+01 4.112613e+02
    endloop
  endfacet
  facet normal 0.000000e+00 1.000000e+00 0.000000e+00
    outer loop
      vertex   1.801617e+02 1.000000e+01 4.112613e+02
      vertex   1.679216e+02 1.000000e+01 4.108820e+02
      vertex   1.678383e+02 1.000000e+01 4.112613e+02
    endloop
  endfacet
  facet normal 0.000000e+00 1.000000e+00 -0.000000e+00
    outer loop
      vertex   1.801617e+02 1.000000e+01 4.112613e+02
      vertex   1.678383e+02 1.000000e+01 4.112613e+02
      vertex   1.802742e+02 1.000000e+01 4.116331e+02
    endloop
  endfacet
  facet normal 0.000000e+00 1.000000e+00 0.000000e+00
    outer loop
      vertex   1.802742e+02 1.000000e+01 4.116331e+02
      vertex   1.678383e+02 1.000000e+01 4.112613e+02
      vertex   1.677258e+02 1.000000e+01 4.116331e+02
    endloop
  endfacet
  facet normal 0.000000e+00 1.000000e+00 -0.000000e+00
    outer loop
      vertex   1.802742e+02 1.000000e+01 4.116331e+02
      vertex   1.677258e+02 1.000000e+01 4.116331e+02
      vertex   1.804152e+02 1.000000e+01 4.119949e+02
    endloop
  endfacet
  facet normal 0.000000e+00 1.000000e+00 0.000000e+00
    outer loop
      vertex   1.804152e+02 1.000000e+01 4.119949e+02
      vertex   1.677258e+02 1.000000e+01 4.116331e+02
      vertex   1.675848e+02 1.000000e+01 4.119949e+02
    endloop
  endfacet
  facet normal 0.000000e+00 1.000000e+00 -0.000000e+00
    outer loop
      vertex   1.804152e+02 1.000000e+01 4.119949e+02
      vertex   1.675848e+02 1.000000e+01 4.119949e+02
      vertex   1.805839e+02 1.000000e+01 4.123448e+02
    endloop
  endfacet
  facet normal 0.000000e+00 1.000000e+00 0.000000e+00
    outer loop
      vertex   1.805839e+02 1.000000e+01 4.123448e+02
      vertex   1.675848e+02 1.000000e+01 4.119949e+02
      vertex   1.674161e+02 1.000000e+01 4.123448e+02
    endloop
  endfacet
  facet normal 0.000000e+00 1.000000e+00 -0.000000e+00
    outer loop
      vertex   1.805839e+02 1.000000e+01 4.123448e+02
      vertex   1.674161e+02 1.000000e+01 4.123448e+02
      vertex   1.807792e+02 1.000000e+01 4.126805e+02
    endloop
  endfacet
  facet normal 0.000000e+00 1.000000e+00 0.000000e+00
    outer loop
      vertex   1.807792e+02 1.000000e+01 4.126805e+02
      vertex   1.674161e+02 1.000000e+01 4.123448e+02
      vertex   1.672208e+02 1.000000e+01 4.126805e+02
    endloop
  endfacet
  facet normal 0.000000e+00 1.000000e+00 -5.559517e-15
    outer loop
      vertex   1.807792e+02 1.000000e+01 4.126805e+02
      vertex   1.672208e+02 1.000000e+01 4.126805e+02
      vertex   1.810000e+02 1.000000e+01 4.130000e+02
    endloop
  endfacet
  facet normal 0.000000e+00 1.000000e+00 -5.559517e-15
    outer loop
      vertex   1.810000e+02 1.000000e+01 4.130000e+02
      vertex   1.672208e+02 1.000000e+01 4.126805e+02
      vertex   1.670000e+02 1.000000e+01 4.130000e+02
    endloop
  endfacet
  facet normal -0.000000e+00 1.000000e+00 0.000000e+00
    outer loop
      vertex   1.855814e+02 1.000000e+01 4.050339e+02
      vertex   1.859651e+02 1.000000e+01 4.050940e+02
      vertex   1.930000e+02 1.000000e+01 4.050000e+02
    endloop
  endfacet
  facet normal 0.000000e+00 1.000000e+00 0.000000e+00
    outer loop
      vertex   1.930000e+02 1.000000e+01 4.050000e+02
      vertex   1.859651e+02 1.000000e+01 4.050940e+02
      vertex   1.863430e+02 1.000000e+01 4.051837e+02
    endloop
  endfacet
  facet normal 0.000000e+00 1.000000e+00 0.000000e+00
    outer loop
      vertex   1.930000e+02 1.000000e+01 4.050000e+02
      vertex   1.863430e+02 1.000000e+01 4.051837e+02
      vertex   1.867127e+02 1.000000e+01 4.053025e+02
    endloop
  endfacet
  facet normal -0.000000e+00 1.000000e+00 0.000000e+00
    outer loop
      vertex   1.867127e+02 1.000000e+01 4.053025e+02
      vertex   1.870722e+02 1.000000e+01 4.054496e+02
      vertex   1.930000e+02 1.000000e+01 4.050000e+02
    endloop
  endfacet
  facet normal 0.000000e+00 1.000000e+00 0.000000e+00
    outer loop
      vertex   1.930000e+02 1.000000e+01 4.050000e+02
      vertex   1.870722e+02 1.000000e+01 4.054496e+02
      vertex   1.874191e+02 1.000000e+01 4.056242e+02
    endloop
  endfacet
  facet normal 0.000000e+00 1.000000e+00 0.000000e+00
    outer loop
      vertex   1.930000e+02 1.000000e+01 4.050000e+02
      vertex   1.874191e+02 1.000000e+01 4.056242e+02
      vertex   1.877514e+02 1.000000e+01 4.058251e+02
    endloop
  endfacet
  facet normal -0.000000e+00 1.000000e+00 0.000000e+00
    outer loop
      vertex   1.877514e+02 1.000000e+01 4.058251e+02
      vertex   1.880672e+02 1.000000e+01 4.060513e+02
      vertex   1.930000e+02 1.000000e+01 4.050000e+02
    endloop
  endfacet
  facet normal 0.000000e+00 1.000000e+00 0.000000e+00
    outer loop
      vertex   1.930000e+02 1.000000e+01 4.050000e+02
      vertex   1.880672e+02 1.000000e+01 4.060513e+02
      vertex   1.883644e+02 1.000000e+01 4.063013e+02
    endloop
  endfacet
  facet normal 0.000000e+00 1.000000e+00 0.000000e+00
    outer loop
      vertex   1.930000e+02 1.000000e+01 4.050000e+02
      vertex   1.883644e+02 1.000000e+01 4.063013e+02
      vertex   1.886413e+02 1.000000e+01 4.065735e+02
    endloop
  endfacet
  facet normal -0.000000e+00 1.000000e+00 0.000000e+00
    outer loop
      vertex   1.886413e+02 1.000000e+01 4.065735e+02
      vertex   1.888963e+02 1.000000e+01 4.068665e+02
      vertex   1.930000e+02 1.000000e+01 4.050000e+02
    endloop
  endfacet
  facet normal 0.000000e+00 1.000000e+00 0.000000e+00
    outer loop
      vertex   1.930000e+02 1.000000e+01 4.050000e+02
      vertex   1.888963e+02 1.000000e+01 4.068665e+02
      vertex   1.891278e+02 1.000000e+01 4.071784e+02
    endloop
  endfacet
  facet normal 0.000000e+00 1.000000e+00 0.000000e+00
    outer loop
      vertex   1.930000e+02 1.000000e+01 4.050000e+02
      vertex   1.891278e+02 1.000000e+01 4.071784e+02
      vertex   1.893343e+02 1.000000e+01 4.075073e+02
    endloop
  endfacet
  facet normal -0.000000e+00 1.000000e+00 0.000000e+00
    outer loop
      vertex   1.893343e+02 1.000000e+01 4.075073e+02
      vertex   1.895147e+02 1.000000e+01 4.078512e+02
      vertex   1.930000e+02 1.000000e+01 4.050000e+02
    endloop
  endfacet
  facet normal 0.000000e+00 1.000000e+00 0.000000e+00
    outer loop
      vertex   1.930000e+02 1.000000e+01 4.050000e+02
      vertex   1.895147e+02 1.000000e+01 4.078512e+02
      vertex   1.896679e+02 1.000000e+01 4.082081e+02
    endloop
  endfacet
  facet normal 0.000000e+00 1.000000e+00 0.000000e+00
    outer loop
      vertex   1.930000e+02 1.000000e+01 4.050000e+02
      vertex   1.896679e+02 1.000000e+01 4.082081e+02
      vertex   1.897929e+02 1.000000e+01 4.085758e+02
    endloop
  endfacet
  facet normal -0.000000e+00 1.000000e+00 0.000000e+00
    outer loop
      vertex   1.897929e+02 1.000000e+01 4.085758e+02
      vertex   1.898890e+02 1.000000e+01 4.089521e+02
      vertex   1.930000e+02 1.000000e+01 4.050000e+02
    endloop
  endfacet
  facet normal 0.000000e+00 1.000000e+00 0.000000e+00
    outer loop
      vertex   1.930000e+02 1.000000e+01 4.050000e+02
      vertex   1.898890e+02 1.000000e+01 4.089521e+02
      vertex   1.899555e+02 1.000000e+01 4.093347e+02
    endloop
  endfacet
  facet normal -5.591091e-16 1.000000e+00 -3.402930e-17
    outer loop
      vertex   1.899988e+02 1.000000e+01 4.101097e+02
      vertex   1.899752e+02 1.000000e+01 4.104974e+02
      vertex   1.930000e+02 1.000000e+01 4.130000e+02
    endloop
  endfacet
  facet normal -5.265455e-16 1.000000e+00 -7.338731e-17
    outer loop
      vertex   1.930000e+02 1.000000e+01 4.130000e+02
      vertex   1.899752e+02 1.000000e+01 4.104974e+02
      vertex   1.899216e+02 1.000000e+01 4.108820e+02
    endloop
  endfacet
  facet normal -5.012945e-16 1.000000e+00 -1.100889e-16
    outer loop
      vertex   1.930000e+02 1.000000e+01 4.130000e+02
      vertex   1.899216e+02 1.000000e+01 4.108820e+02
      vertex   1.898383e+02 1.000000e+01 4.112613e+02
    endloop
  endfacet
  facet normal -4.816729e-16 1.000000e+00 -1.457708e-16
    outer loop
      vertex   1.898383e+02 1.000000e+01 4.112613e+02
      vertex   1.897258e+02 1.000000e+01 4.116331e+02
      vertex   1.930000e+02 1.000000e+01 4.130000e+02
    endloop
  endfacet
  facet normal -4.666205e-16 1.000000e+00 -1.818263e-16
    outer loop
      vertex   1.930000e+02 1.000000e+01 4.130000e+02
      vertex   1.897258e+02 1.000000e+01 4.116331e+02
      vertex   1.895848e+02 1.000000e+01 4.119949e+02
    endloop
  endfacet
  facet normal -4.554996e-16 1.000000e+00 -2.196164e-16
    outer loop
      vertex   1.930000e+02 1.000000e+01 4.130000e+02
      vertex   1.895848e+02 1.000000e+01 4.119949e+02
      vertex   1.894161e+02 1.000000e+01 4.123448e+02
    endloop
  endfacet
  facet normal -4.479961e-16 1.000000e+00 -2.606596e-16
    outer loop
      vertex   1.894161e+02 1.000000e+01 4.123448e+02
      vertex   1.892208e+02 1.000000e+01 4.126805e+02
      vertex   1.930000e+02 1.000000e+01 4.130000e+02
    endloop
  endfacet
  facet normal 1.548510e-26 1.000000e+00 -5.559517e-15
    outer loop
      vertex   1.930000e+02 1.000000e+01 4.130000e+02
      vertex   1.892208e+02 1.000000e+01 4.126805e+02
      vertex   1.890000e+02 1.000000e+01 4.130000e+02
    endloop
  endfacet
  facet normal 7.071068e-01 -0.000000e+00 7.071068e-01
    outer loop
      vertex   1.930000e+02 1.251697e-06 4.200000e+02
      vertex   1.950000e+02 1.251697e-06 4.180000e+02
      vertex   1.930000e+02 5.200000e+01 4.200000e+02
    endloop
  endfacet
  facet normal 7.071068e-01 3.864843e-16 7.071068e-01
    outer loop
      vertex   1.930000e+02 5.200000e+01 4.200000e+02
      vertex   1.950000e+02 1.251697e-06 4.180000e+02
      vertex   1.950000e+02 5.200000e+01 4.180000e+02
    endloop
  endfacet
  facet normal 7.069771e-01 1.915153e-02 7.069771e-01
    outer loop
      vertex   1.950000e+02 5.200000e+01 4.180000e+02
      vertex   1.949853e+02 5.254139e+01 4.180000e+02
      vertex   1.930000e+02 5.200000e+01 4.200000e+02
    endloop
  endfacet
  facet normal 7.066464e-01 2.135260e-02 7.072446e-01
    outer loop
      vertex   1.930000e+02 5.200000e+01 4.200000e+02
      vertex   1.949853e+02 5.254139e+01 4.180000e+02
      vertex   1.929854e+02 5.248303e+01 4.200000e+02
    endloop
  endfacet
  facet normal 7.051145e-01 5.741560e-02 7.067651e-01
    outer loop
      vertex   1.929854e+02 5.248303e+01 4.200000e+02
      vertex   1.949853e+02 5.254139e+01 4.180000e+02
      vertex   1.949414e+02 5.308119e+01 4.180000e+02
    endloop
  endfacet
  facet normal 7.038388e-01 6.395907e-02 7.074745e-01
    outer loop
      vertex   1.929854e+02 5.248303e+01 4.200000e+02
      vertex   1.949414e+02 5.308119e+01 4.180000e+02
      vertex   1.929417e+02 5.296429e+01 4.200000e+02
    endloop
  endfacet
  facet normal 7.011271e-01 9.552666e-02 7.066084e-01
    outer loop
      vertex   1.929417e+02 5.296429e+01 4.200000e+02
      vertex   1.949414e+02 5.308119e+01 4.180000e+02
      vertex   1.948683e+02 5.361782e+01 4.180000e+02
    endloop
  endfacet
  facet normal 6.985337e-01 1.063149e-01 7.076353e-01
    outer loop
      vertex   1.929417e+02 5.296429e+01 4.200000e+02
      vertex   1.948683e+02 5.361782e+01 4.180000e+02
      vertex   1.928690e+02 5.344204e+01 4.200000e+02
    endloop
  endfacet
  facet normal 6.950267e-01 1.333639e-01 7.065069e-01
    outer loop
      vertex   1.928690e+02 5.344204e+01 4.200000e+02
      vertex   1.948683e+02 5.361782e+01 4.180000e+02
      vertex   1.947662e+02 5.414971e+01 4.180000e+02
    endloop
  endfacet
  facet normal 6.907502e-01 1.482780e-01 7.077272e-01
    outer loop
      vertex   1.928690e+02 5.344204e+01 4.200000e+02
      vertex   1.947662e+02 5.414971e+01 4.180000e+02
      vertex   1.927675e+02 5.391453e+01 4.200000e+02
    endloop
  endfacet
  facet normal 6.868319e-01 1.708074e-01 7.064607e-01
    outer loop
      vertex   1.927675e+02 5.391453e+01 4.200000e+02
      vertex   1.947662e+02 5.414971e+01 4.180000e+02
      vertex   1.946355e+02 5.467528e+01 4.180000e+02
    endloop
  endfacet
  facet normal 6.805150e-01 1.897078e-01 7.077501e-01
    outer loop
      vertex   1.927675e+02 5.391453e+01 4.200000e+02
      vertex   1.946355e+02 5.467528e+01 4.180000e+02
      vertex   1.926378e+02 5.438003e+01 4.200000e+02
    endloop
  endfacet
  facet normal 6.765685e-01 2.077386e-01 7.064699e-01
    outer loop
      vertex   1.926378e+02 5.438003e+01 4.200000e+02
      vertex   1.946355e+02 5.467528e+01 4.180000e+02
      vertex   1.944765e+02 5.519302e+01 4.180000e+02
    endloop
  endfacet
  facet normal 6.678627e-01 2.304652e-01 7.077042e-01
    outer loop
      vertex   1.926378e+02 5.438003e+01 4.200000e+02
      vertex   1.944765e+02 5.519302e+01 4.180000e+02
      vertex   1.924801e+02 5.483684e+01 4.200000e+02
    endloop
  endfacet
  facet normal 6.642690e-01 2.440403e-01 7.065345e-01
    outer loop
      vertex   1.924801e+02 5.483684e+01 4.200000e+02
      vertex   1.944765e+02 5.519302e+01 4.180000e+02
      vertex   1.942898e+02 5.570138e+01 4.180000e+02
    endloop
  endfacet
  facet normal 6.528353e-01 2.704132e-01 7.075894e-01
    outer loop
      vertex   1.924801e+02 5.483684e+01 4.200000e+02
      vertex   1.942898e+02 5.570138e+01 4.180000e+02
      vertex   1.922952e+02 5.528330e+01 4.200000e+02
    endloop
  endfacet
  facet normal 6.499727e-01 2.795979e-01 7.066545e-01
    outer loop
      vertex   1.922952e+02 5.528330e+01 4.200000e+02
      vertex   1.942898e+02 5.570138e+01 4.180000e+02
      vertex   1.940758e+02 5.619889e+01 4.180000e+02
    endloop
  endfacet
  facet normal 6.354825e-01 3.094177e-01 7.074056e-01
    outer loop
      vertex   1.922952e+02 5.528330e+01 4.200000e+02
      vertex   1.940758e+02 5.619889e+01 4.180000e+02
      vertex   1.920837e+02 5.571779e+01 4.200000e+02
    endloop
  endfacet
  facet normal 6.337255e-01 3.142989e-01 7.068297e-01
    outer loop
      vertex   1.920837e+02 5.571779e+01 4.200000e+02
      vertex   1.940758e+02 5.619889e+01 4.180000e+02
      vertex   1.938351e+02 5.668409e+01 4.180000e+02
    endloop
  endfacet
  facet normal 6.158614e-01 3.473470e-01 7.071526e-01
    outer loop
      vertex   1.920837e+02 5.571779e+01 4.200000e+02
      vertex   1.938351e+02 5.668409e+01 4.180000e+02
      vertex   1.918463e+02 5.613870e+01 4.200000e+02
    endloop
  endfacet
  facet normal 6.155799e-01 3.480339e-01 7.070600e-01
    outer loop
      vertex   1.918463e+02 5.613870e+01 4.200000e+02
      vertex   1.938351e+02 5.668409e+01 4.180000e+02
      vertex   1.935686e+02 5.715554e+01 4.180000e+02
    endloop
  endfacet
  facet normal 5.959694e-01 3.809362e-01 7.069003e-01
    outer loop
      vertex   1.918463e+02 5.613870e+01 4.200000e+02
      vertex   1.935686e+02 5.715554e+01 4.180000e+02
      vertex   1.932769e+02 5.761187e+01 4.180000e+02
    endloop
  endfacet
  facet normal 5.936174e-01 3.838022e-01 7.073289e-01
    outer loop
      vertex   1.918463e+02 5.613870e+01 4.200000e+02
      vertex   1.932769e+02 5.761187e+01 4.180000e+02
      vertex   1.915839e+02 5.654452e+01 4.200000e+02
    endloop
  endfacet
  facet normal 5.746290e-01 4.127555e-01 7.067068e-01
    outer loop
      vertex   1.915839e+02 5.654452e+01 4.200000e+02
      vertex   1.932769e+02 5.761187e+01 4.180000e+02
      vertex   1.929609e+02 5.805174e+01 4.180000e+02
    endloop
  endfacet
  facet normal 5.691942e-01 4.188210e-01 7.075358e-01
    outer loop
      vertex   1.915839e+02 5.654452e+01 4.200000e+02
      vertex   1.929609e+02 5.805174e+01 4.180000e+02
      vertex   1.912975e+02 5.693375e+01 4.200000e+02
    endloop
  endfacet
  facet normal 5.515478e-01 4.433465e-01 7.065684e-01
    outer loop
      vertex   1.912975e+02 5.693375e+01 4.200000e+02
      vertex   1.929609e+02 5.805174e+01 4.180000e+02
      vertex   1.926216e+02 5.847386e+01 4.180000e+02
    endloop
  endfacet
  facet normal 5.427619e-01 4.523357e-01 7.076736e-01
    outer loop
      vertex   1.912975e+02 5.693375e+01 4.200000e+02
      vertex   1.926216e+02 5.847386e+01 4.180000e+02
      vertex   1.909881e+02 5.730498e+01 4.200000e+02
    endloop
  endfacet
  facet normal 5.267983e-01 4.726119e-01 7.064853e-01
    outer loop
      vertex   1.909881e+02 5.730498e+01 4.200000e+02
      vertex   1.926216e+02 5.847386e+01 4.180000e+02
      vertex   1.922600e+02 5.887700e+01 4.180000e+02
    endloop
  endfacet
  facet normal 5.144101e-01 4.842343e-01 7.077425e-01
    outer loop
      vertex   1.909881e+02 5.730498e+01 4.200000e+02
      vertex   1.922600e+02 5.887700e+01 4.180000e+02
      vertex   1.906569e+02 5.765686e+01 4.200000e+02
    endloop
  endfacet
  facet normal 5.004586e-01 5.004586e-01 7.064576e-01
    outer loop
      vertex   1.906569e+02 5.765686e+01 4.200000e+02
      vertex   1.922600e+02 5.887700e+01 4.180000e+02
      vertex   1.918770e+02 5.925996e+01 4.180000e+02
    endloop
  endfacet
  facet normal 4.842343e-01 5.144101e-01 7.077425e-01
    outer loop
      vertex   1.906569e+02 5.765686e+01 4.200000e+02
      vertex   1.918770e+02 5.925996e+01 4.180000e+02
      vertex   1.903050e+02 5.798809e+01 4.200000e+02
    endloop
  endfacet
  facet normal 4.726119e-01 5.267983e-01 7.064853e-01
    outer loop
      vertex   1.903050e+02 5.798809e+01 4.200000e+02
      vertex   1.918770e+02 5.925996e+01 4.180000e+02
      vertex   1.914739e+02 5.962162e+01 4.180000e+02
    endloop
  endfacet
  facet normal 4.523357e-01 5.427619e-01 7.076736e-01
    outer loop
      vertex   1.903050e+02 5.798809e+01 4.200000e+02
      vertex   1.914739e+02 5.962162e+01 4.180000e+02
      vertex   1.899338e+02 5.829747e+01 4.200000e+02
    endloop
  endfacet
  facet normal 4.433465e-01 5.515478e-01 7.065684e-01
    outer loop
      vertex   1.899338e+02 5.829747e+01 4.200000e+02
      vertex   1.914739e+02 5.962162e+01 4.180000e+02
      vertex   1.910517e+02 5.996093e+01 4.180000e+02
    endloop
  endfacet
  facet normal 4.188210e-01 5.691942e-01 7.075358e-01
    outer loop
      vertex   1.899338e+02 5.829747e+01 4.200000e+02
      vertex   1.910517e+02 5.996093e+01 4.180000e+02
      vertex   1.895445e+02 5.858387e+01 4.200000e+02
    endloop
  endfacet
  facet normal 4.127555e-01 5.746290e-01 7.067068e-01
    outer loop
      vertex   1.895445e+02 5.858387e+01 4.200000e+02
      vertex   1.910517e+02 5.996093e+01 4.180000e+02
      vertex   1.906119e+02 6.027689e+01 4.180000e+02
    endloop
  endfacet
  facet normal 3.838022e-01 5.936174e-01 7.073289e-01
    outer loop
      vertex   1.895445e+02 5.858387e+01 4.200000e+02
      vertex   1.906119e+02 6.027689e+01 4.180000e+02
      vertex   1.891387e+02 5.884625e+01 4.200000e+02
    endloop
  endfacet
  facet normal 3.809362e-01 5.959694e-01 7.069003e-01
    outer loop
      vertex   1.891387e+02 5.884625e+01 4.200000e+02
      vertex   1.906119e+02 6.027689e+01 4.180000e+02
      vertex   1.901555e+02 6.056857e+01 4.180000e+02
    endloop
  endfacet
  facet normal 3.480339e-01 6.155799e-01 7.070600e-01
    outer loop
      vertex   1.891387e+02 5.884625e+01 4.200000e+02
      vertex   1.901555e+02 6.056857e+01 4.180000e+02
      vertex   1.896841e+02 6.083512e+01 4.180000e+02
    endloop
  endfacet
  facet normal 3.473470e-01 6.158614e-01 7.071526e-01
    outer loop
      vertex   1.891387e+02 5.884625e+01 4.200000e+02
      vertex   1.896841e+02 6.083512e+01 4.180000e+02
      vertex   1.887178e+02 5.908365e+01 4.200000e+02
    endloop
  endfacet
  facet normal 3.142989e-01 6.337255e-01 7.068297e-01
    outer loop
      vertex   1.887178e+02 5.908365e+01 4.200000e+02
      vertex   1.896841e+02 6.083512e+01 4.180000e+02
      vertex   1.891989e+02 6.107576e+01 4.180000e+02
    endloop
  endfacet
  facet normal 3.094177e-01 6.354825e-01 7.074056e-01
    outer loop
      vertex   1.887178e+02 5.908365e+01 4.200000e+02
      vertex   1.891989e+02 6.107576e+01 4.180000e+02
      vertex   1.882833e+02 5.929520e+01 4.200000e+02
    endloop
  endfacet
  facet normal 2.795979e-01 6.499727e-01 7.066545e-01
    outer loop
      vertex   1.882833e+02 5.929520e+01 4.200000e+02
      vertex   1.891989e+02 6.107576e+01 4.180000e+02
      vertex   1.887014e+02 6.128977e+01 4.180000e+02
    endloop
  endfacet
  facet normal 2.704132e-01 6.528353e-01 7.075894e-01
    outer loop
      vertex   1.882833e+02 5.929520e+01 4.200000e+02
      vertex   1.887014e+02 6.128977e+01 4.180000e+02
      vertex   1.878368e+02 5.948013e+01 4.200000e+02
    endloop
  endfacet
  facet normal 2.440403e-01 6.642690e-01 7.065345e-01
    outer loop
      vertex   1.878368e+02 5.948013e+01 4.200000e+02
      vertex   1.887014e+02 6.128977e+01 4.180000e+02
      vertex   1.881930e+02 6.147653e+01 4.180000e+02
    endloop
  endfacet
  facet normal 2.304652e-01 6.678627e-01 7.077042e-01
    outer loop
      vertex   1.878368e+02 5.948013e+01 4.200000e+02
      vertex   1.881930e+02 6.147653e+01 4.180000e+02
      vertex   1.873800e+02 5.963777e+01 4.200000e+02
    endloop
  endfacet
  facet normal 2.077386e-01 6.765685e-01 7.064699e-01
    outer loop
      vertex   1.873800e+02 5.963777e+01 4.200000e+02
      vertex   1.881930e+02 6.147653e+01 4.180000e+02
      vertex   1.876753e+02 6.163550e+01 4.180000e+02
    endloop
  endfacet
  facet normal 1.897078e-01 6.805150e-01 7.077501e-01
    outer loop
      vertex   1.873800e+02 5.963777e+01 4.200000e+02
      vertex   1.876753e+02 6.163550e+01 4.180000e+02
      vertex   1.869145e+02 5.976754e+01 4.200000e+02
    endloop
  endfacet
  facet normal 1.708074e-01 6.868319e-01 7.064607e-01
    outer loop
      vertex   1.869145e+02 5.976754e+01 4.200000e+02
      vertex   1.876753e+02 6.163550e+01 4.180000e+02
      vertex   1.871497e+02 6.176621e+01 4.180000e+02
    endloop
  endfacet
  facet normal 1.482780e-01 6.907502e-01 7.077272e-01
    outer loop
      vertex   1.869145e+02 5.976754e+01 4.200000e+02
      vertex   1.871497e+02 6.176621e+01 4.180000e+02
      vertex   1.864420e+02 5.986896e+01 4.200000e+02
    endloop
  endfacet
  facet normal 1.333639e-01 6.950267e-01 7.065069e-01
    outer loop
      vertex   1.864420e+02 5.986896e+01 4.200000e+02
      vertex   1.871497e+02 6.176621e+01 4.180000e+02
      vertex   1.866178e+02 6.186827e+01 4.180000e+02
    endloop
  endfacet
  facet normal 1.063149e-01 6.985337e-01 7.076353e-01
    outer loop
      vertex   1.864420e+02 5.986896e+01 4.200000e+02
      vertex   1.866178e+02 6.186827e+01 4.180000e+02
      vertex   1.859643e+02 5.994167e+01 4.200000e+02
    endloop
  endfacet
  facet normal 9.552666e-02 7.011271e-01 7.066084e-01
    outer loop
      vertex   1.859643e+02 5.994167e+01 4.200000e+02
      vertex   1.866178e+02 6.186827e+01 4.180000e+02
      vertex   1.860812e+02 6.194138e+01 4.180000e+02
    endloop
  endfacet
  facet normal 6.395907e-02 7.038388e-01 7.074745e-01
    outer loop
      vertex   1.859643e+02 5.994167e+01 4.200000e+02
      vertex   1.860812e+02 6.194138e+01 4.180000e+02
      vertex   1.854830e+02 5.998541e+01 4.200000e+02
    endloop
  endfacet
  facet normal 5.741560e-02 7.051145e-01 7.067651e-01
    outer loop
      vertex   1.854830e+02 5.998541e+01 4.200000e+02
      vertex   1.860812e+02 6.194138e+01 4.180000e+02
      vertex   1.855414e+02 6.198534e+01 4.180000e+02
    endloop
  endfacet
  facet normal 2.135260e-02 7.066464e-01 7.072446e-01
    outer loop
      vertex   1.854830e+02 5.998541e+01 4.200000e+02
      vertex   1.855414e+02 6.198534e+01 4.180000e+02
      vertex   1.850000e+02 6.000000e+01 4.200000e+02
    endloop
  endfacet
  facet normal 1.915153e-02 7.069771e-01 7.069771e-01
    outer loop
      vertex   1.850000e+02 6.000000e+01 4.200000e+02
      vertex   1.855414e+02 6.198534e+01 4.180000e+02
      vertex   1.850000e+02 6.200000e+01 4.180000e+02
    endloop
  endfacet
  facet normal 2.283771e-16 7.071068e-01 7.071068e-01
    outer loop
      vertex   1.630000e+02 6.000000e+01 4.200000e+02
      vertex   1.850000e+02 6.000000e+01 4.200000e+02
      vertex   1.630000e+02 6.200000e+01 4.180000e+02
    endloop
  endfacet
  facet normal -0.000000e+00 7.071068e-01 7.071068e-01
    outer loop
      vertex   1.630000e+02 6.200000e+01 4.180000e+02
      vertex   1.850000e+02 6.000000e+01 4.200000e+02
      vertex   1.850000e+02 6.200000e+01 4.180000e+02
    endloop
  endfacet
  facet normal -1.915153e-02 7.069771e-01 7.069771e-01
    outer loop
      vertex   1.630000e+02 6.200000e+01 4.180000e+02
      vertex   1.624586e+02 6.198534e+01 4.180000e+02
      vertex   1.630000e+02 6.000000e+01 4.200000e+02
    endloop
  endfacet
  facet normal -2.135260e-02 7.066464e-01 7.072446e-01
    outer loop
      vertex   1.630000e+02 6.000000e+01 4.200000e+02
      vertex   1.624586e+02 6.198534e+01 4.180000e+02
      vertex   1.625170e+02 5.998541e+01 4.200000e+02
    endloop
  endfacet
  facet normal -5.741560e-02 7.051145e-01 7.067651e-01
    outer loop
      vertex   1.625170e+02 5.998541e+01 4.200000e+02
      vertex   1.624586e+02 6.198534e+01 4.180000e+02
      vertex   1.619188e+02 6.194138e+01 4.180000e+02
    endloop
  endfacet
  facet normal -6.395907e-02 7.038388e-01 7.074745e-01
    outer loop
      vertex   1.625170e+02 5.998541e+01 4.200000e+02
      vertex   1.619188e+02 6.194138e+01 4.180000e+02
      vertex   1.620357e+02 5.994167e+01 4.200000e+02
    endloop
  endfacet
  facet normal -9.552666e-02 7.011271e-01 7.066084e-01
    outer loop
      vertex   1.620357e+02 5.994167e+01 4.200000e+02
      vertex   1.619188e+02 6.194138e+01 4.180000e+02
      vertex   1.613822e+02 6.186827e+01 4.180000e+02
    endloop
  endfacet
  facet normal -1.063149e-01 6.985337e-01 7.076353e-01
    outer loop
      vertex   1.620357e+02 5.994167e+01 4.200000e+02
      vertex   1.613822e+02 6.186827e+01 4.180000e+02
      vertex   1.615580e+02 5.986896e+01 4.200000e+02
    endloop
  endfacet
  facet normal -1.333639e-01 6.950267e-01 7.065069e-01
    outer loop
      vertex   1.615580e+02 5.986896e+01 4.200000e+02
      vertex   1.613822e+02 6.186827e+01 4.180000e+02
      vertex   1.608503e+02 6.176621e+01 4.180000e+02
    endloop
  endfacet
  facet normal -1.482780e-01 6.907502e-01 7.077272e-01
    outer loop
      vertex   1.615580e+02 5.986896e+01 4.200000e+02
      vertex   1.608503e+02 6.176621e+01 4.180000e+02
      vertex   1.610855e+02 5.976754e+01 4.200000e+02
    endloop
  endfacet
  facet normal -1.708074e-01 6.868319e-01 7.064607e-01
    outer loop
      vertex   1.610855e+02 5.976754e+01 4.200000e+02
      vertex   1.608503e+02 6.176621e+01 4.180000e+02
      vertex   1.603247e+02 6.163550e+01 4.180000e+02
    endloop
  endfacet
  facet normal -1.897078e-01 6.805150e-01 7.077501e-01
    outer loop
      vertex   1.610855e+02 5.976754e+01 4.200000e+02
      vertex   1.603247e+02 6.163550e+01 4.180000e+02
      vertex   1.606200e+02 5.963777e+01 4.200000e+02
    endloop
  endfacet
  facet normal -2.077386e-01 6.765685e-01 7.064699e-01
    outer loop
      vertex   1.606200e+02 5.963777e+01 4.200000e+02
      vertex   1.603247e+02 6.163550e+01 4.180000e+02
      vertex   1.598070e+02 6.147653e+01 4.180000e+02
    endloop
  endfacet
  facet normal -2.304652e-01 6.678627e-01 7.077042e-01
    outer loop
      vertex   1.606200e+02 5.963777e+01 4.200000e+02
      vertex   1.598070e+02 6.147653e+01 4.180000e+02
      vertex   1.601632e+02 5.948013e+01 4.200000e+02
    endloop
  endfacet
  facet normal -2.440403e-01 6.642690e-01 7.065345e-01
    outer loop
      vertex   1.601632e+02 5.948013e+01 4.200000e+02
      vertex   1.598070e+02 6.147653e+01 4.180000e+02
      vertex   1.592986e+02 6.128977e+01 4.180000e+02
    endloop
  endfacet
  facet normal -2.704132e-01 6.528353e-01 7.075894e-01
    outer loop
      vertex   1.601632e+02 5.948013e+01 4.200000e+02
      vertex   1.592986e+02 6.128977e+01 4.180000e+02
      vertex   1.597167e+02 5.929520e+01 4.200000e+02
    endloop
  endfacet
  facet normal -2.795979e-01 6.499727e-01 7.066545e-01
    outer loop
      vertex   1.597167e+02 5.929520e+01 4.200000e+02
      vertex   1.592986e+02 6.128977e+01 4.180000e+02
      vertex   1.588011e+02 6.107576e+01 4.180000e+02
    endloop
  endfacet
  facet normal -3.094177e-01 6.354825e-01 7.074056e-01
    outer loop
      vertex   1.597167e+02 5.929520e+01 4.200000e+02
      vertex   1.588011e+02 6.107576e+01 4.180000e+02
      vertex   1.592822e+02 5.908365e+01 4.200000e+02
    endloop
  endfacet
  facet normal -3.142989e-01 6.337255e-01 7.068297e-01
    outer loop
      vertex   1.592822e+02 5.908365e+01 4.200000e+02
      vertex   1.588011e+02 6.107576e+01 4.180000e+02
      vertex   1.583159e+02 6.083512e+01 4.180000e+02
    endloop
  endfacet
  facet normal -3.473470e-01 6.158614e-01 7.071526e-01
    outer loop
      vertex   1.592822e+02 5.908365e+01 4.200000e+02
      vertex   1.583159e+02 6.083512e+01 4.180000e+02
      vertex   1.588613e+02 5.884625e+01 4.200000e+02
    endloop
  endfacet
  facet normal -3.480339e-01 6.155799e-01 7.070600e-01
    outer loop
      vertex   1.588613e+02 5.884625e+01 4.200000e+02
      vertex   1.583159e+02 6.083512e+01 4.180000e+02
      vertex   1.578445e+02 6.056857e+01 4.180000e+02
    endloop
  endfacet
  facet normal -3.809362e-01 5.959694e-01 7.069003e-01
    outer loop
      vertex   1.588613e+02 5.884625e+01 4.200000e+02
      vertex   1.578445e+02 6.056857e+01 4.180000e+02
      vertex   1.573881e+02 6.027689e+01 4.180000e+02
    endloop
  endfacet
  facet normal -3.838022e-01 5.936174e-01 7.073289e-01
    outer loop
      vertex   1.588613e+02 5.884625e+01 4.200000e+02
      vertex   1.573881e+02 6.027689e+01 4.180000e+02
      vertex   1.584555e+02 5.858387e+01 4.200000e+02
    endloop
  endfacet
  facet normal -4.127555e-01 5.746290e-01 7.067068e-01
    outer loop
      vertex   1.584555e+02 5.858387e+01 4.200000e+02
      vertex   1.573881e+02 6.027689e+01 4.180000e+02
      vertex   1.569483e+02 5.996093e+01 4.180000e+02
    endloop
  endfacet
  facet normal -4.188210e-01 5.691942e-01 7.075358e-01
    outer loop
      vertex   1.584555e+02 5.858387e+01 4.200000e+02
      vertex   1.569483e+02 5.996093e+01 4.180000e+02
      vertex   1.580663e+02 5.829747e+01 4.200000e+02
    endloop
  endfacet
  facet normal -4.433465e-01 5.515478e-01 7.065684e-01
    outer loop
      vertex   1.580663e+02 5.829747e+01 4.200000e+02
      vertex   1.569483e+02 5.996093e+01 4.180000e+02
      vertex   1.565261e+02 5.962162e+01 4.180000e+02
    endloop
  endfacet
  facet normal -4.523357e-01 5.427619e-01 7.076736e-01
    outer loop
      vertex   1.580663e+02 5.829747e+01 4.200000e+02
      vertex   1.565261e+02 5.962162e+01 4.180000e+02
      vertex   1.576950e+02 5.798809e+01 4.200000e+02
    endloop
  endfacet
  facet normal -4.726119e-01 5.267983e-01 7.064853e-01
    outer loop
      vertex   1.576950e+02 5.798809e+01 4.200000e+02
      vertex   1.565261e+02 5.962162e+01 4.180000e+02
      vertex   1.561230e+02 5.925996e+01 4.180000e+02
    endloop
  endfacet
  facet normal -4.842343e-01 5.144101e-01 7.077425e-01
    outer loop
      vertex   1.576950e+02 5.798809e+01 4.200000e+02
      vertex   1.561230e+02 5.925996e+01 4.180000e+02
      vertex   1.573431e+02 5.765686e+01 4.200000e+02
    endloop
  endfacet
  facet normal -5.004586e-01 5.004586e-01 7.064576e-01
    outer loop
      vertex   1.573431e+02 5.765686e+01 4.200000e+02
      vertex   1.561230e+02 5.925996e+01 4.180000e+02
      vertex   1.557400e+02 5.887700e+01 4.180000e+02
    endloop
  endfacet
  facet normal -5.144101e-01 4.842343e-01 7.077425e-01
    outer loop
      vertex   1.573431e+02 5.765686e+01 4.200000e+02
      vertex   1.557400e+02 5.887700e+01 4.180000e+02
      vertex   1.570119e+02 5.730498e+01 4.200000e+02
    endloop
  endfacet
  facet normal -5.267983e-01 4.726119e-01 7.064853e-01
    outer loop
      vertex   1.570119e+02 5.730498e+01 4.200000e+02
      vertex   1.557400e+02 5.887700e+01 4.180000e+02
      vertex   1.553784e+02 5.847386e+01 4.180000e+02
    endloop
  endfacet
  facet normal -5.427619e-01 4.523357e-01 7.076736e-01
    outer loop
      vertex   1.570119e+02 5.730498e+01 4.200000e+02
      vertex   1.553784e+02 5.847386e+01 4.180000e+02
      vertex   1.567025e+02 5.693375e+01 4.200000e+02
    endloop
  endfacet
  facet normal -5.515478e-01 4.433465e-01 7.065684e-01
    outer loop
      vertex   1.567025e+02 5.693375e+01 4.200000e+02
      vertex   1.553784e+02 5.847386e+01 4.180000e+02
      vertex   1.550391e+02 5.805174e+01 4.180000e+02
    endloop
  endfacet
  facet normal -5.691942e-01 4.188210e-01 7.075358e-01
    outer loop
      vertex   1.567025e+02 5.693375e+01 4.200000e+02
      vertex   1.550391e+02 5.805174e+01 4.180000e+02
      vertex   1.564161e+02 5.654452e+01 4.200000e+02
    endloop
  endfacet
  facet normal -5.746290e-01 4.127555e-01 7.067068e-01
    outer loop
      vertex   1.564161e+02 5.654452e+01 4.200000e+02
      vertex   1.550391e+02 5.805174e+01 4.180000e+02
      vertex   1.547231e+02 5.761187e+01 4.180000e+02
    endloop
  endfacet
  facet normal -5.936174e-01 3.838022e-01 7.073289e-01
    outer loop
      vertex   1.564161e+02 5.654452e+01 4.200000e+02
      vertex   1.547231e+02 5.761187e+01 4.180000e+02
      vertex   1.561538e+02 5.613870e+01 4.200000e+02
    endloop
  endfacet
  facet normal -5.959694e-01 3.809362e-01 7.069003e-01
    outer loop
      vertex   1.561538e+02 5.613870e+01 4.200000e+02
      vertex   1.547231e+02 5.761187e+01 4.180000e+02
      vertex   1.544314e+02 5.715554e+01 4.180000e+02
    endloop
  endfacet
  facet normal -6.155799e-01 3.480339e-01 7.070600e-01
    outer loop
      vertex   1.561538e+02 5.613870e+01 4.200000e+02
      vertex   1.544314e+02 5.715554e+01 4.180000e+02
      vertex   1.541649e+02 5.668409e+01 4.180000e+02
    endloop
  endfacet
  facet normal -6.158614e-01 3.473470e-01 7.071526e-01
    outer loop
      vertex   1.561538e+02 5.613870e+01 4.200000e+02
      vertex   1.541649e+02 5.668409e+01 4.180000e+02
      vertex   1.559164e+02 5.571779e+01 4.200000e+02
    endloop
  endfacet
  facet normal -6.337255e-01 3.142989e-01 7.068297e-01
    outer loop
      vertex   1.559164e+02 5.571779e+01 4.200000e+02
      vertex   1.541649e+02 5.668409e+01 4.180000e+02
      vertex   1.539242e+02 5.619889e+01 4.180000e+02
    endloop
  endfacet
  facet normal -6.354825e-01 3.094177e-01 7.074056e-01
    outer loop
      vertex   1.559164e+02 5.571779e+01 4.200000e+02
      vertex   1.539242e+02 5.619889e+01 4.180000e+02
      vertex   1.557048e+02 5.528330e+01 4.200000e+02
    endloop
  endfacet
  facet normal -6.499727e-01 2.795979e-01 7.066545e-01
    outer loop
      vertex   1.557048e+02 5.528330e+01 4.200000e+02
      vertex   1.539242e+02 5.619889e+01 4.180000e+02
      vertex   1.537102e+02 5.570138e+01 4.180000e+02
    endloop
  endfacet
  facet normal -6.528353e-01 2.704132e-01 7.075894e-01
    outer loop
      vertex   1.557048e+02 5.528330e+01 4.200000e+02
      vertex   1.537102e+02 5.570138e+01 4.180000e+02
      vertex   1.555199e+02 5.483684e+01 4.200000e+02
    endloop
  endfacet
  facet normal -6.642690e-01 2.440403e-01 7.065345e-01
    outer loop
      vertex   1.555199e+02 5.483684e+01 4.200000e+02
      vertex   1.537102e+02 5.570138e+01 4.180000e+02
      vertex   1.535235e+02 5.519302e+01 4.180000e+02
    endloop
  endfacet
  facet normal -6.678627e-01 2.304652e-01 7.077042e-01
    outer loop
      vertex   1.555199e+02 5.483684e+01 4.200000e+02
      vertex   1.535235e+02 5.519302e+01 4.180000e+02
      vertex   1.553622e+02 5.438003e+01 4.200000e+02
    endloop
  endfacet
  facet normal -6.765685e-01 2.077386e-01 7.064699e-01
    outer loop
      vertex   1.553622e+02 5.438003e+01 4.200000e+02
      vertex   1.535235e+02 5.519302e+01 4.180000e+02
      vertex   1.533645e+02 5.467528e+01 4.180000e+02
    endloop
  endfacet
  facet normal -6.805150e-01 1.897078e-01 7.077501e-01
    outer loop
      vertex   1.553622e+02 5.438003e+01 4.200000e+02
      vertex   1.533645e+02 5.467528e+01 4.180000e+02
      vertex   1.552325e+02 5.391453e+01 4.200000e+02
    endloop
  endfacet
  facet normal -6.868319e-01 1.708074e-01 7.064607e-01
    outer loop
      vertex   1.552325e+02 5.391453e+01 4.200000e+02
      vertex   1.533645e+02 5.467528e+01 4.180000e+02
      vertex   1.532338e+02 5.414971e+01 4.180000e+02
    endloop
  endfacet
  facet normal -6.907502e-01 1.482780e-01 7.077272e-01
    outer loop
      vertex   1.552325e+02 5.391453e+01 4.200000e+02
      vertex   1.532338e+02 5.414971e+01 4.180000e+02
      vertex   1.551310e+02 5.344204e+01 4.200000e+02
    endloop
  endfacet
  facet normal -6.950267e-01 1.333639e-01 7.065069e-01
    outer loop
      vertex   1.551310e+02 5.344204e+01 4.200000e+02
      vertex   1.532338e+02 5.414971e+01 4.180000e+02
      vertex   1.531317e+02 5.361782e+01 4.180000e+02
    endloop
  endfacet
  facet normal -6.985337e-01 1.063149e-01 7.076353e-01
    outer loop
      vertex   1.551310e+02 5.344204e+01 4.200000e+02
      vertex   1.531317e+02 5.361782e+01 4.180000e+02
      vertex   1.550583e+02 5.296429e+01 4.200000e+02
    endloop
  endfacet
  facet normal -7.011271e-01 9.552666e-02 7.066084e-01
    outer loop
      vertex   1.550583e+02 5.296429e+01 4.200000e+02
      vertex   1.531317e+02 5.361782e+01 4.180000e+02
      vertex   1.530586e+02 5.308119e+01 4.180000e+02
    endloop
  endfacet
  facet normal -7.038388e-01 6.395907e-02 7.074745e-01
    outer loop
      vertex   1.550583e+02 5.296429e+01 4.200000e+02
      vertex   1.530586e+02 5.308119e+01 4.180000e+02
      vertex   1.550146e+02 5.248303e+01 4.200000e+02
    endloop
  endfacet
  facet normal -7.051145e-01 5.741560e-02 7.067651e-01
    outer loop
      vertex   1.550146e+02 5.248303e+01 4.200000e+02
      vertex   1.530586e+02 5.308119e+01 4.180000e+02
      vertex   1.530147e+02 5.254139e+01 4.180000e+02
    endloop
  endfacet
  facet normal -7.066464e-01 2.135260e-02 7.072446e-01
    outer loop
      vertex   1.550146e+02 5.248303e+01 4.200000e+02
      vertex   1.530147e+02 5.254139e+01 4.180000e+02
      vertex   1.550000e+02 5.200000e+01 4.200000e+02
    endloop
  endfacet
  facet normal -7.069771e-01 1.915153e-02 7.069771e-01
    outer loop
      vertex   1.550000e+02 5.200000e+01 4.200000e+02
      vertex   1.530147e+02 5.254139e+01 4.180000e+02
      vertex   1.530000e+02 5.200000e+01 4.180000e+02
    endloop
  endfacet
  facet normal -7.071068e-01 0.000000e+00 7.071068e-01
    outer loop
      vertex   1.530000e+02 1.251697e-06 4.180000e+02
      vertex   1.550000e+02 1.251697e-06 4.200000e+02
      vertex   1.530000e+02 5.200000e+01 4.180000e+02
    endloop
  endfacet
  facet normal -7.071068e-01 0.000000e+00 7.071068e-01
    outer loop
      vertex   1.530000e+02 5.200000e+01 4.180000e+02
      vertex   1.550000e+02 1.251697e-06 4.200000e+02
      vertex   1.550000e+02 5.200000e+01 4.200000e+02
    endloop
  endfacet
  facet normal -1.000000e+00 0.000000e+00 0.000000e+00
    outer loop
      vertex   1.530000e+02 5.844340e-09 4.050000e+02
      vertex   1.530000e+02 -1.421085e-13 4.051000e+02
      vertex   1.530000e+02 8.000000e+00 4.050000e+02
    endloop
  endfacet
  facet normal -1.000000e+00 0.000000e+00 0.000000e+00
    outer loop
      vertex   1.530000e+02 8.000000e+00 4.050000e+02
      vertex   1.530000e+02 -1.421085e-13 4.051000e+02
      vertex   1.530000e+02 8.000000e+00 4.130000e+02
    endloop
  endfacet
  facet normal -1.000000e+00 -0.000000e+00 0.000000e+00
    outer loop
      vertex   1.530000e+02 8.000000e+00 4.130000e+02
      vertex   1.530000e+02 -1.421085e-13 4.051000e+02
      vertex   1.530000e+02 1.251697e-06 4.180000e+02
    endloop
  endfacet
  facet normal -1.000000e+00 0.000000e+00 0.000000e+00
    outer loop
      vertex   1.530000e+02 8.000000e+00 4.130000e+02
      vertex   1.530000e+02 1.251697e-06 4.180000e+02
      vertex   1.530000e+02 5.200000e+01 4.180000e+02
    endloop
  endfacet
  facet normal -1.000000e+00 -6.459479e-16 5.684342e-15
    outer loop
      vertex   1.530000e+02 5.200000e+01 4.180000e+02
      vertex   1.530000e+02 5.200000e+01 4.130000e+02
      vertex   1.530000e+02 8.000000e+00 4.130000e+02
    endloop
  endfacet
  facet normal -9.996333e-01 2.707938e-02 5.682257e-15
    outer loop
      vertex   1.530000e+02 5.200000e+01 4.130000e+02
      vertex   1.530000e+02 5.200000e+01 4.180000e+02
      vertex   1.530147e+02 5.254139e+01 4.130000e+02
    endloop
  endfacet
  facet normal -9.996333e-01 2.707938e-02 0.000000e+00
    outer loop
      vertex   1.530147e+02 5.254139e+01 4.130000e+02
      vertex   1.530000e+02 5.200000e+01 4.180000e+02
      vertex   1.530147e+02 5.254139e+01 4.180000e+02
    endloop
  endfacet
  facet normal -9.967012e-01 8.115873e-02 0.000000e+00
    outer loop
      vertex   1.530147e+02 5.254139e+01 4.130000e+02
      vertex   1.530147e+02 5.254139e+01 4.180000e+02
      vertex   1.530586e+02 5.308119e+01 4.130000e+02
    endloop
  endfacet
  facet normal -9.967012e-01 8.115873e-02 0.000000e+00
    outer loop
      vertex   1.530586e+02 5.308119e+01 4.130000e+02
      vertex   1.530147e+02 5.254139e+01 4.180000e+02
      vertex   1.530586e+02 5.308119e+01 4.180000e+02
    endloop
  endfacet
  facet normal -9.908456e-01 1.350000e-01 0.000000e+00
    outer loop
      vertex   1.530586e+02 5.308119e+01 4.130000e+02
      vertex   1.530586e+02 5.308119e+01 4.180000e+02
      vertex   1.531317e+02 5.361782e+01 4.130000e+02
    endloop
  endfacet
  facet normal -9.908456e-01 1.350000e-01 0.000000e+00
    outer loop
      vertex   1.531317e+02 5.361782e+01 4.130000e+02
      vertex   1.530586e+02 5.308119e+01 4.180000e+02
      vertex   1.531317e+02 5.361782e+01 4.180000e+02
    endloop
  endfacet
  facet normal -9.820837e-01 1.884453e-01 0.000000e+00
    outer loop
      vertex   1.531317e+02 5.361782e+01 4.130000e+02
      vertex   1.531317e+02 5.361782e+01 4.180000e+02
      vertex   1.532338e+02 5.414971e+01 4.130000e+02
    endloop
  endfacet
  facet normal -9.820837e-01 1.884453e-01 0.000000e+00
    outer loop
      vertex   1.532338e+02 5.414971e+01 4.130000e+02
      vertex   1.531317e+02 5.361782e+01 4.180000e+02
      vertex   1.532338e+02 5.414971e+01 4.180000e+02
    endloop
  endfacet
  facet normal -9.704411e-01 2.413379e-01 0.000000e+00
    outer loop
      vertex   1.532338e+02 5.414971e+01 4.130000e+02
      vertex   1.532338e+02 5.414971e+01 4.180000e+02
      vertex   1.533645e+02 5.467528e+01 4.130000e+02
    endloop
  endfacet
  facet normal -9.704411e-01 2.413379e-01 0.000000e+00
    outer loop
      vertex   1.533645e+02 5.467528e+01 4.130000e+02
      vertex   1.532338e+02 5.414971e+01 4.180000e+02
      vertex   1.533645e+02 5.467528e+01 4.180000e+02
    endloop
  endfacet
  facet normal -9.559521e-01 2.935226e-01 0.000000e+00
    outer loop
      vertex   1.533645e+02 5.467528e+01 4.130000e+02
      vertex   1.533645e+02 5.467528e+01 4.180000e+02
      vertex   1.535235e+02 5.519302e+01 4.130000e+02
    endloop
  endfacet
  facet normal -9.559521e-01 2.935226e-01 0.000000e+00
    outer loop
      vertex   1.535235e+02 5.519302e+01 4.130000e+02
      vertex   1.533645e+02 5.467528e+01 4.180000e+02
      vertex   1.535235e+02 5.519302e+01 4.180000e+02
    endloop
  endfacet
  facet normal -9.386592e-01 3.448463e-01 0.000000e+00
    outer loop
      vertex   1.535235e+02 5.519302e+01 4.130000e+02
      vertex   1.535235e+02 5.519302e+01 4.180000e+02
      vertex   1.537102e+02 5.570138e+01 4.130000e+02
    endloop
  endfacet
  facet normal -9.386592e-01 3.448463e-01 0.000000e+00
    outer loop
      vertex   1.537102e+02 5.570138e+01 4.130000e+02
      vertex   1.535235e+02 5.519302e+01 4.180000e+02
      vertex   1.537102e+02 5.570138e+01 4.180000e+02
    endloop
  endfacet
  facet normal -9.186129e-01 3.951585e-01 0.000000e+00
    outer loop
      vertex   1.537102e+02 5.570138e+01 4.130000e+02
      vertex   1.537102e+02 5.570138e+01 4.180000e+02
      vertex   1.539242e+02 5.619889e+01 4.130000e+02
    endloop
  endfacet
  facet normal -9.186129e-01 3.951585e-01 0.000000e+00
    outer loop
      vertex   1.539242e+02 5.619889e+01 4.130000e+02
      vertex   1.537102e+02 5.570138e+01 4.180000e+02
      vertex   1.539242e+02 5.619889e+01 4.180000e+02
    endloop
  endfacet
  facet normal -8.958723e-01 4.443117e-01 0.000000e+00
    outer loop
      vertex   1.539242e+02 5.619889e+01 4.130000e+02
      vertex   1.539242e+02 5.619889e+01 4.180000e+02
      vertex   1.541649e+02 5.668409e+01 4.130000e+02
    endloop
  endfacet
  facet normal -8.958723e-01 4.443117e-01 0.000000e+00
    outer loop
      vertex   1.541649e+02 5.668409e+01 4.130000e+02
      vertex   1.539242e+02 5.619889e+01 4.180000e+02
      vertex   1.541649e+02 5.668409e+01 4.180000e+02
    endloop
  endfacet
  facet normal -8.705038e-01 4.921616e-01 0.000000e+00
    outer loop
      vertex   1.541649e+02 5.668409e+01 4.130000e+02
      vertex   1.541649e+02 5.668409e+01 4.180000e+02
      vertex   1.544314e+02 5.715554e+01 4.130000e+02
    endloop
  endfacet
  facet normal -8.705038e-01 4.921616e-01 0.000000e+00
    outer loop
      vertex   1.544314e+02 5.715554e+01 4.130000e+02
      vertex   1.541649e+02 5.668409e+01 4.180000e+02
      vertex   1.544314e+02 5.715554e+01 4.180000e+02
    endloop
  endfacet
  facet normal -8.425821e-01 5.385680e-01 0.000000e+00
    outer loop
      vertex   1.544314e+02 5.715554e+01 4.130000e+02
      vertex   1.544314e+02 5.715554e+01 4.180000e+02
      vertex   1.547231e+02 5.761187e+01 4.130000e+02
    endloop
  endfacet
  facet normal -8.425821e-01 5.385680e-01 0.000000e+00
    outer loop
      vertex   1.547231e+02 5.761187e+01 4.130000e+02
      vertex   1.544314e+02 5.715554e+01 4.180000e+02
      vertex   1.547231e+02 5.761187e+01 4.180000e+02
    endloop
  endfacet
  facet normal -8.121889e-01 5.833946e-01 0.000000e+00
    outer loop
      vertex   1.547231e+02 5.761187e+01 4.130000e+02
      vertex   1.547231e+02 5.761187e+01 4.180000e+02
      vertex   1.550391e+02 5.805174e+01 4.130000e+02
    endloop
  endfacet
  facet normal -8.121889e-01 5.833946e-01 0.000000e+00
    outer loop
      vertex   1.550391e+02 5.805174e+01 4.130000e+02
      vertex   1.547231e+02 5.761187e+01 4.180000e+02
      vertex   1.550391e+02 5.805174e+01 4.180000e+02
    endloop
  endfacet
  facet normal -7.794134e-01 6.265100e-01 0.000000e+00
    outer loop
      vertex   1.550391e+02 5.805174e+01 4.130000e+02
      vertex   1.550391e+02 5.805174e+01 4.180000e+02
      vertex   1.553784e+02 5.847386e+01 4.130000e+02
    endloop
  endfacet
  facet normal -7.794134e-01 6.265100e-01 0.000000e+00
    outer loop
      vertex   1.553784e+02 5.847386e+01 4.130000e+02
      vertex   1.550391e+02 5.805174e+01 4.180000e+02
      vertex   1.553784e+02 5.847386e+01 4.180000e+02
    endloop
  endfacet
  facet normal -7.443517e-01 6.677878e-01 0.000000e+00
    outer loop
      vertex   1.553784e+02 5.847386e+01 4.130000e+02
      vertex   1.553784e+02 5.847386e+01 4.180000e+02
      vertex   1.557400e+02 5.887700e+01 4.130000e+02
    endloop
  endfacet
  facet normal -7.443517e-01 6.677878e-01 0.000000e+00
    outer loop
      vertex   1.557400e+02 5.887700e+01 4.130000e+02
      vertex   1.553784e+02 5.847386e+01 4.180000e+02
      vertex   1.557400e+02 5.887700e+01 4.180000e+02
    endloop
  endfacet
  facet normal -7.071068e-01 7.071068e-01 0.000000e+00
    outer loop
      vertex   1.557400e+02 5.887700e+01 4.130000e+02
      vertex   1.557400e+02 5.887700e+01 4.180000e+02
      vertex   1.561230e+02 5.925996e+01 4.130000e+02
    endloop
  endfacet
  facet normal -7.071068e-01 7.071068e-01 0.000000e+00
    outer loop
      vertex   1.561230e+02 5.925996e+01 4.130000e+02
      vertex   1.557400e+02 5.887700e+01 4.180000e+02
      vertex   1.561230e+02 5.925996e+01 4.180000e+02
    endloop
  endfacet
  facet normal -6.677878e-01 7.443517e-01 0.000000e+00
    outer loop
      vertex   1.561230e+02 5.925996e+01 4.130000e+02
      vertex   1.561230e+02 5.925996e+01 4.180000e+02
      vertex   1.565261e+02 5.962162e+01 4.130000e+02
    endloop
  endfacet
  facet normal -6.677878e-01 7.443517e-01 0.000000e+00
    outer loop
      vertex   1.565261e+02 5.962162e+01 4.130000e+02
      vertex   1.561230e+02 5.925996e+01 4.180000e+02
      vertex   1.565261e+02 5.962162e+01 4.180000e+02
    endloop
  endfacet
  facet normal -6.265100e-01 7.794134e-01 0.000000e+00
    outer loop
      vertex   1.565261e+02 5.962162e+01 4.130000e+02
      vertex   1.565261e+02 5.962162e+01 4.180000e+02
      vertex   1.569483e+02 5.996093e+01 4.130000e+02
    endloop
  endfacet
  facet normal -6.265100e-01 7.794134e-01 0.000000e+00
    outer loop
      vertex   1.569483e+02 5.996093e+01 4.130000e+02
      vertex   1.565261e+02 5.962162e+01 4.180000e+02
      vertex   1.569483e+02 5.996093e+01 4.180000e+02
    endloop
  endfacet
  facet normal -5.833946e-01 8.121889e-01 0.000000e+00
    outer loop
      vertex   1.569483e+02 5.996093e+01 4.130000e+02
      vertex   1.569483e+02 5.996093e+01 4.180000e+02
      vertex   1.573881e+02 6.027689e+01 4.130000e+02
    endloop
  endfacet
  facet normal -5.833946e-01 8.121889e-01 0.000000e+00
    outer loop
      vertex   1.573881e+02 6.027689e+01 4.130000e+02
      vertex   1.569483e+02 5.996093e+01 4.180000e+02
      vertex   1.573881e+02 6.027689e+01 4.180000e+02
    endloop
  endfacet
  facet normal -5.385680e-01 8.425821e-01 0.000000e+00
    outer loop
      vertex   1.573881e+02 6.027689e+01 4.130000e+02
      vertex   1.573881e+02 6.027689e+01 4.180000e+02
      vertex   1.578445e+02 6.056857e+01 4.130000e+02
    endloop
  endfacet
  facet normal -5.385680e-01 8.425821e-01 0.000000e+00
    outer loop
      vertex   1.578445e+02 6.056857e+01 4.130000e+02
      vertex   1.573881e+02 6.027689e+01 4.180000e+02
      vertex   1.578445e+02 6.056857e+01 4.180000e+02
    endloop
  endfacet
  facet normal -4.921616e-01 8.705038e-01 0.000000e+00
    outer loop
      vertex   1.578445e+02 6.056857e+01 4.130000e+02
      vertex   1.578445e+02 6.056857e+01 4.180000e+02
      vertex   1.583159e+02 6.083512e+01 4.130000e+02
    endloop
  endfacet
  facet normal -4.921616e-01 8.705038e-01 0.000000e+00
    outer loop
      vertex   1.583159e+02 6.083512e+01 4.130000e+02
      vertex   1.578445e+02 6.056857e+01 4.180000e+02
      vertex   1.583159e+02 6.083512e+01 4.180000e+02
    endloop
  endfacet
  facet normal -4.443117e-01 8.958723e-01 0.000000e+00
    outer loop
      vertex   1.583159e+02 6.083512e+01 4.130000e+02
      vertex   1.583159e+02 6.083512e+01 4.180000e+02
      vertex   1.588011e+02 6.107576e+01 4.130000e+02
    endloop
  endfacet
  facet normal -4.443117e-01 8.958723e-01 0.000000e+00
    outer loop
      vertex   1.588011e+02 6.107576e+01 4.130000e+02
      vertex   1.583159e+02 6.083512e+01 4.180000e+02
      vertex   1.588011e+02 6.107576e+01 4.180000e+02
    endloop
  endfacet
  facet normal -3.951585e-01 9.186129e-01 0.000000e+00
    outer loop
      vertex   1.588011e+02 6.107576e+01 4.130000e+02
      vertex   1.588011e+02 6.107576e+01 4.180000e+02
      vertex   1.592986e+02 6.128977e+01 4.130000e+02
    endloop
  endfacet
  facet normal -3.951585e-01 9.186129e-01 0.000000e+00
    outer loop
      vertex   1.592986e+02 6.128977e+01 4.130000e+02
      vertex   1.588011e+02 6.107576e+01 4.180000e+02
      vertex   1.592986e+02 6.128977e+01 4.180000e+02
    endloop
  endfacet
  facet normal -3.448463e-01 9.386592e-01 0.000000e+00
    outer loop
      vertex   1.592986e+02 6.128977e+01 4.130000e+02
      vertex   1.592986e+02 6.128977e+01 4.180000e+02
      vertex   1.598070e+02 6.147653e+01 4.130000e+02
    endloop
  endfacet
  facet normal -3.448463e-01 9.386592e-01 0.000000e+00
    outer loop
      vertex   1.598070e+02 6.147653e+01 4.130000e+02
      vertex   1.592986e+02 6.128977e+01 4.180000e+02
      vertex   1.598070e+02 6.147653e+01 4.180000e+02
    endloop
  endfacet
  facet normal -2.935226e-01 9.559521e-01 0.000000e+00
    outer loop
      vertex   1.598070e+02 6.147653e+01 4.130000e+02
      vertex   1.598070e+02 6.147653e+01 4.180000e+02
      vertex   1.603247e+02 6.163550e+01 4.130000e+02
    endloop
  endfacet
  facet normal -2.935226e-01 9.559521e-01 0.000000e+00
    outer loop
      vertex   1.603247e+02 6.163550e+01 4.130000e+02
      vertex   1.598070e+02 6.147653e+01 4.180000e+02
      vertex   1.603247e+02 6.163550e+01 4.180000e+02
    endloop
  endfacet
  facet normal -2.413379e-01 9.704411e-01 0.000000e+00
    outer loop
      vertex   1.603247e+02 6.163550e+01 4.130000e+02
      vertex   1.603247e+02 6.163550e+01 4.180000e+02
      vertex   1.608503e+02 6.176621e+01 4.130000e+02
    endloop
  endfacet
  facet normal -2.413379e-01 9.704411e-01 0.000000e+00
    outer loop
      vertex   1.608503e+02 6.176621e+01 4.130000e+02
      vertex   1.603247e+02 6.163550e+01 4.180000e+02
      vertex   1.608503e+02 6.176621e+01 4.180000e+02
    endloop
  endfacet
  facet normal -1.884453e-01 9.820837e-01 0.000000e+00
    outer loop
      vertex   1.608503e+02 6.176621e+01 4.130000e+02
      vertex   1.608503e+02 6.176621e+01 4.180000e+02
      vertex   1.613822e+02 6.186827e+01 4.130000e+02
    endloop
  endfacet
  facet normal -1.884453e-01 9.820837e-01 0.000000e+00
    outer loop
      vertex   1.613822e+02 6.186827e+01 4.130000e+02
      vertex   1.608503e+02 6.176621e+01 4.180000e+02
      vertex   1.613822e+02 6.186827e+01 4.180000e+02
    endloop
  endfacet
  facet normal -1.350000e-01 9.908456e-01 0.000000e+00
    outer loop
      vertex   1.613822e+02 6.186827e+01 4.130000e+02
      vertex   1.613822e+02 6.186827e+01 4.180000e+02
      vertex   1.619188e+02 6.194138e+01 4.130000e+02
    endloop
  endfacet
  facet normal -1.350000e-01 9.908456e-01 0.000000e+00
    outer loop
      vertex   1.619188e+02 6.194138e+01 4.130000e+02
      vertex   1.613822e+02 6.186827e+01 4.180000e+02
      vertex   1.619188e+02 6.194138e+01 4.180000e+02
    endloop
  endfacet
  facet normal -8.115873e-02 9.967012e-01 0.000000e+00
    outer loop
      vertex   1.619188e+02 6.194138e+01 4.130000e+02
      vertex   1.619188e+02 6.194138e+01 4.180000e+02
      vertex   1.624586e+02 6.198534e+01 4.130000e+02
    endloop
  endfacet
  facet normal -8.115873e-02 9.967012e-01 0.000000e+00
    outer loop
      vertex   1.624586e+02 6.198534e+01 4.130000e+02
      vertex   1.619188e+02 6.194138e+01 4.180000e+02
      vertex   1.624586e+02 6.198534e+01 4.180000e+02
    endloop
  endfacet
  facet normal -2.707938e-02 9.996333e-01 0.000000e+00
    outer loop
      vertex   1.624586e+02 6.198534e+01 4.130000e+02
      vertex   1.624586e+02 6.198534e+01 4.180000e+02
      vertex   1.630000e+02 6.200000e+01 4.130000e+02
    endloop
  endfacet
  facet normal -2.707938e-02 9.996333e-01 0.000000e+00
    outer loop
      vertex   1.630000e+02 6.200000e+01 4.130000e+02
      vertex   1.624586e+02 6.198534e+01 4.180000e+02
      vertex   1.630000e+02 6.200000e+01 4.180000e+02
    endloop
  endfacet
  facet normal -0.000000e+00 1.000000e+00 0.000000e+00
    outer loop
      vertex   1.630000e+02 6.200000e+01 4.180000e+02
      vertex   1.850000e+02 6.200000e+01 4.180000e+02
      vertex   1.630000e+02 6.200000e+01 4.130000e+02
    endloop
  endfacet
  facet normal 0.000000e+00 1.000000e+00 0.000000e+00
    outer loop
      vertex   1.630000e+02 6.200000e+01 4.130000e+02
      vertex   1.850000e+02 6.200000e+01 4.180000e+02
      vertex   1.850000e+02 6.200000e+01 4.130000e+02
    endloop
  endfacet
  facet normal 2.707938e-02 9.996333e-01 -0.000000e+00
    outer loop
      vertex   1.850000e+02 6.200000e+01 4.130000e+02
      vertex   1.850000e+02 6.200000e+01 4.180000e+02
      vertex   1.855414e+02 6.198534e+01 4.130000e+02
    endloop
  endfacet
  facet normal 2.707938e-02 9.996333e-01 -0.000000e+00
    outer loop
      vertex   1.855414e+02 6.198534e+01 4.130000e+02
      vertex   1.850000e+02 6.200000e+01 4.180000e+02
      vertex   1.855414e+02 6.198534e+01 4.180000e+02
    endloop
  endfacet
  facet normal 8.115873e-02 9.967012e-01 -0.000000e+00
    outer loop
      vertex   1.855414e+02 6.198534e+01 4.130000e+02
      vertex   1.855414e+02 6.198534e+01 4.180000e+02
      vertex   1.860812e+02 6.194138e+01 4.130000e+02
    endloop
  endfacet
  facet normal 8.115873e-02 9.967012e-01 -0.000000e+00
    outer loop
      vertex   1.860812e+02 6.194138e+01 4.130000e+02
      vertex   1.855414e+02 6.198534e+01 4.180000e+02
      vertex   1.860812e+02 6.194138e+01 4.180000e+02
    endloop
  endfacet
  facet normal 1.350000e-01 9.908456e-01 -0.000000e+00
    outer loop
      vertex   1.860812e+02 6.194138e+01 4.130000e+02
      vertex   1.860812e+02 6.194138e+01 4.180000e+02
      vertex   1.866178e+02 6.186827e+01 4.130000e+02
    endloop
  endfacet
  facet normal 1.350000e-01 9.908456e-01 -0.000000e+00
    outer loop
      vertex   1.866178e+02 6.186827e+01 4.130000e+02
      vertex   1.860812e+02 6.194138e+01 4.180000e+02
      vertex   1.866178e+02 6.186827e+01 4.180000e+02
    endloop
  endfacet
  facet normal 1.884453e-01 9.820837e-01 -0.000000e+00
    outer loop
      vertex   1.866178e+02 6.186827e+01 4.130000e+02
      vertex   1.866178e+02 6.186827e+01 4.180000e+02
      vertex   1.871497e+02 6.176621e+01 4.130000e+02
    endloop
  endfacet
  facet normal 1.884453e-01 9.820837e-01 -0.000000e+00
    outer loop
      vertex   1.871497e+02 6.176621e+01 4.130000e+02
      vertex   1.866178e+02 6.186827e+01 4.180000e+02
      vertex   1.871497e+02 6.176621e+01 4.180000e+02
    endloop
  endfacet
  facet normal 2.413379e-01 9.704411e-01 -0.000000e+00
    outer loop
      vertex   1.871497e+02 6.176621e+01 4.130000e+02
      vertex   1.871497e+02 6.176621e+01 4.180000e+02
      vertex   1.876753e+02 6.163550e+01 4.130000e+02
    endloop
  endfacet
  facet normal 2.413379e-01 9.704411e-01 -0.000000e+00
    outer loop
      vertex   1.876753e+02 6.163550e+01 4.130000e+02
      vertex   1.871497e+02 6.176621e+01 4.180000e+02
      vertex   1.876753e+02 6.163550e+01 4.180000e+02
    endloop
  endfacet
  facet normal 2.935226e-01 9.559521e-01 -0.000000e+00
    outer loop
      vertex   1.876753e+02 6.163550e+01 4.130000e+02
      vertex   1.876753e+02 6.163550e+01 4.180000e+02
      vertex   1.881930e+02 6.147653e+01 4.130000e+02
    endloop
  endfacet
  facet normal 2.935226e-01 9.559521e-01 -0.000000e+00
    outer loop
      vertex   1.881930e+02 6.147653e+01 4.130000e+02
      vertex   1.876753e+02 6.163550e+01 4.180000e+02
      vertex   1.881930e+02 6.147653e+01 4.180000e+02
    endloop
  endfacet
  facet normal 3.448463e-01 9.386592e-01 -0.000000e+00
    outer loop
      vertex   1.881930e+02 6.147653e+01 4.130000e+02
      vertex   1.881930e+02 6.147653e+01 4.180000e+02
      vertex   1.887014e+02 6.128977e+01 4.130000e+02
    endloop
  endfacet
  facet normal 3.448463e-01 9.386592e-01 -0.000000e+00
    outer loop
      vertex   1.887014e+02 6.128977e+01 4.130000e+02
      vertex   1.881930e+02 6.147653e+01 4.180000e+02
      vertex   1.887014e+02 6.128977e+01 4.180000e+02
    endloop
  endfacet
  facet normal 3.951585e-01 9.186129e-01 -0.000000e+00
    outer loop
      vertex   1.887014e+02 6.128977e+01 4.130000e+02
      vertex   1.887014e+02 6.128977e+01 4.180000e+02
      vertex   1.891989e+02 6.107576e+01 4.130000e+02
    endloop
  endfacet
  facet normal 3.951585e-01 9.186129e-01 -0.000000e+00
    outer loop
      vertex   1.891989e+02 6.107576e+01 4.130000e+02
      vertex   1.887014e+02 6.128977e+01 4.180000e+02
      vertex   1.891989e+02 6.107576e+01 4.180000e+02
    endloop
  endfacet
  facet normal 4.443117e-01 8.958723e-01 -0.000000e+00
    outer loop
      vertex   1.891989e+02 6.107576e+01 4.130000e+02
      vertex   1.891989e+02 6.107576e+01 4.180000e+02
      vertex   1.896841e+02 6.083512e+01 4.130000e+02
    endloop
  endfacet
  facet normal 4.443117e-01 8.958723e-01 -0.000000e+00
    outer loop
      vertex   1.896841e+02 6.083512e+01 4.130000e+02
      vertex   1.891989e+02 6.107576e+01 4.180000e+02
      vertex   1.896841e+02 6.083512e+01 4.180000e+02
    endloop
  endfacet
  facet normal 4.921616e-01 8.705038e-01 -0.000000e+00
    outer loop
      vertex   1.896841e+02 6.083512e+01 4.130000e+02
      vertex   1.896841e+02 6.083512e+01 4.180000e+02
      vertex   1.901555e+02 6.056857e+01 4.130000e+02
    endloop
  endfacet
  facet normal 4.921616e-01 8.705038e-01 -0.000000e+00
    outer loop
      vertex   1.901555e+02 6.056857e+01 4.130000e+02
      vertex   1.896841e+02 6.083512e+01 4.180000e+02
      vertex   1.901555e+02 6.056857e+01 4.180000e+02
    endloop
  endfacet
  facet normal 5.385680e-01 8.425821e-01 -0.000000e+00
    outer loop
      vertex   1.901555e+02 6.056857e+01 4.130000e+02
      vertex   1.901555e+02 6.056857e+01 4.180000e+02
      vertex   1.906119e+02 6.027689e+01 4.130000e+02
    endloop
  endfacet
  facet normal 5.385680e-01 8.425821e-01 -0.000000e+00
    outer loop
      vertex   1.906119e+02 6.027689e+01 4.130000e+02
      vertex   1.901555e+02 6.056857e+01 4.180000e+02
      vertex   1.906119e+02 6.027689e+01 4.180000e+02
    endloop
  endfacet
  facet normal 5.833946e-01 8.121889e-01 -0.000000e+00
    outer loop
      vertex   1.906119e+02 6.027689e+01 4.130000e+02
      vertex   1.906119e+02 6.027689e+01 4.180000e+02
      vertex   1.910517e+02 5.996093e+01 4.130000e+02
    endloop
  endfacet
  facet normal 5.833946e-01 8.121889e-01 -0.000000e+00
    outer loop
      vertex   1.910517e+02 5.996093e+01 4.130000e+02
      vertex   1.906119e+02 6.027689e+01 4.180000e+02
      vertex   1.910517e+02 5.996093e+01 4.180000e+02
    endloop
  endfacet
  facet normal 6.265100e-01 7.794134e-01 -0.000000e+00
    outer loop
      vertex   1.910517e+02 5.996093e+01 4.130000e+02
      vertex   1.910517e+02 5.996093e+01 4.180000e+02
      vertex   1.914739e+02 5.962162e+01 4.130000e+02
    endloop
  endfacet
  facet normal 6.265100e-01 7.794134e-01 -0.000000e+00
    outer loop
      vertex   1.914739e+02 5.962162e+01 4.130000e+02
      vertex   1.910517e+02 5.996093e+01 4.180000e+02
      vertex   1.914739e+02 5.962162e+01 4.180000e+02
    endloop
  endfacet
  facet normal 6.677878e-01 7.443517e-01 -0.000000e+00
    outer loop
      vertex   1.914739e+02 5.962162e+01 4.130000e+02
      vertex   1.914739e+02 5.962162e+01 4.180000e+02
      vertex   1.918770e+02 5.925996e+01 4.130000e+02
    endloop
  endfacet
  facet normal 6.677878e-01 7.443517e-01 -0.000000e+00
    outer loop
      vertex   1.918770e+02 5.925996e+01 4.130000e+02
      vertex   1.914739e+02 5.962162e+01 4.180000e+02
      vertex   1.918770e+02 5.925996e+01 4.180000e+02
    endloop
  endfacet
  facet normal 7.071068e-01 7.071068e-01 -0.000000e+00
    outer loop
      vertex   1.918770e+02 5.925996e+01 4.130000e+02
      vertex   1.918770e+02 5.925996e+01 4.180000e+02
      vertex   1.922600e+02 5.887700e+01 4.130000e+02
    endloop
  endfacet
  facet normal 7.071068e-01 7.071068e-01 -0.000000e+00
    outer loop
      vertex   1.922600e+02 5.887700e+01 4.130000e+02
      vertex   1.918770e+02 5.925996e+01 4.180000e+02
      vertex   1.922600e+02 5.887700e+01 4.180000e+02
    endloop
  endfacet
  facet normal 7.443517e-01 6.677878e-01 -0.000000e+00
    outer loop
      vertex   1.922600e+02 5.887700e+01 4.130000e+02
      vertex   1.922600e+02 5.887700e+01 4.180000e+02
      vertex   1.926216e+02 5.847386e+01 4.130000e+02
    endloop
  endfacet
  facet normal 7.443517e-01 6.677878e-01 -0.000000e+00
    outer loop
      vertex   1.926216e+02 5.847386e+01 4.130000e+02
      vertex   1.922600e+02 5.887700e+01 4.180000e+02
      vertex   1.926216e+02 5.847386e+01 4.180000e+02
    endloop
  endfacet
  facet normal 7.794134e-01 6.265100e-01 -0.000000e+00
    outer loop
      vertex   1.926216e+02 5.847386e+01 4.130000e+02
      vertex   1.926216e+02 5.847386e+01 4.180000e+02
      vertex   1.929609e+02 5.805174e+01 4.130000e+02
    endloop
  endfacet
  facet normal 7.794134e-01 6.265100e-01 -0.000000e+00
    outer loop
      vertex   1.929609e+02 5.805174e+01 4.130000e+02
      vertex   1.926216e+02 5.847386e+01 4.180000e+02
      vertex   1.929609e+02 5.805174e+01 4.180000e+02
    endloop
  endfacet
  facet normal 8.121889e-01 5.833946e-01 -0.000000e+00
    outer loop
      vertex   1.929609e+02 5.805174e+01 4.130000e+02
      vertex   1.929609e+02 5.805174e+01 4.180000e+02
      vertex   1.932769e+02 5.761187e+01 4.130000e+02
    endloop
  endfacet
  facet normal 8.121889e-01 5.833946e-01 -0.000000e+00
    outer loop
      vertex   1.932769e+02 5.761187e+01 4.130000e+02
      vertex   1.929609e+02 5.805174e+01 4.180000e+02
      vertex   1.932769e+02 5.761187e+01 4.180000e+02
    endloop
  endfacet
  facet normal 8.425821e-01 5.385680e-01 -0.000000e+00
    outer loop
      vertex   1.932769e+02 5.761187e+01 4.130000e+02
      vertex   1.932769e+02 5.761187e+01 4.180000e+02
      vertex   1.935686e+02 5.715554e+01 4.130000e+02
    endloop
  endfacet
  facet normal 8.425821e-01 5.385680e-01 -0.000000e+00
    outer loop
      vertex   1.935686e+02 5.715554e+01 4.130000e+02
      vertex   1.932769e+02 5.761187e+01 4.180000e+02
      vertex   1.935686e+02 5.715554e+01 4.180000e+02
    endloop
  endfacet
  facet normal 8.705038e-01 4.921616e-01 -0.000000e+00
    outer loop
      vertex   1.935686e+02 5.715554e+01 4.130000e+02
      vertex   1.935686e+02 5.715554e+01 4.180000e+02
      vertex   1.938351e+02 5.668409e+01 4.130000e+02
    endloop
  endfacet
  facet normal 8.705038e-01 4.921616e-01 -0.000000e+00
    outer loop
      vertex   1.938351e+02 5.668409e+01 4.130000e+02
      vertex   1.935686e+02 5.715554e+01 4.180000e+02
      vertex   1.938351e+02 5.668409e+01 4.180000e+02
    endloop
  endfacet
  facet normal 8.958723e-01 4.443117e-01 -0.000000e+00
    outer loop
      vertex   1.938351e+02 5.668409e+01 4.130000e+02
      vertex   1.938351e+02 5.668409e+01 4.180000e+02
      vertex   1.940758e+02 5.619889e+01 4.130000e+02
    endloop
  endfacet
  facet normal 8.958723e-01 4.443117e-01 -0.000000e+00
    outer loop
      vertex   1.940758e+02 5.619889e+01 4.130000e+02
      vertex   1.938351e+02 5.668409e+01 4.180000e+02
      vertex   1.940758e+02 5.619889e+01 4.180000e+02
    endloop
  endfacet
  facet normal 9.186129e-01 3.951585e-01 -0.000000e+00
    outer loop
      vertex   1.940758e+02 5.619889e+01 4.130000e+02
      vertex   1.940758e+02 5.619889e+01 4.180000e+02
      vertex   1.942898e+02 5.570138e+01 4.130000e+02
    endloop
  endfacet
  facet normal 9.186129e-01 3.951585e-01 -0.000000e+00
    outer loop
      vertex   1.942898e+02 5.570138e+01 4.130000e+02
      vertex   1.940758e+02 5.619889e+01 4.180000e+02
      vertex   1.942898e+02 5.570138e+01 4.180000e+02
    endloop
  endfacet
  facet normal 9.386592e-01 3.448463e-01 -0.000000e+00
    outer loop
      vertex   1.942898e+02 5.570138e+01 4.130000e+02
      vertex   1.942898e+02 5.570138e+01 4.180000e+02
      vertex   1.944765e+02 5.519302e+01 4.130000e+02
    endloop
  endfacet
  facet normal 9.386592e-01 3.448463e-01 -0.000000e+00
    outer loop
      vertex   1.944765e+02 5.519302e+01 4.130000e+02
      vertex   1.942898e+02 5.570138e+01 4.180000e+02
      vertex   1.944765e+02 5.519302e+01 4.180000e+02
    endloop
  endfacet
  facet normal 9.559521e-01 2.935226e-01 -0.000000e+00
    outer loop
      vertex   1.944765e+02 5.519302e+01 4.130000e+02
      vertex   1.944765e+02 5.519302e+01 4.180000e+02
      vertex   1.946355e+02 5.467528e+01 4.130000e+02
    endloop
  endfacet
  facet normal 9.559521e-01 2.935226e-01 -0.000000e+00
    outer loop
      vertex   1.946355e+02 5.467528e+01 4.130000e+02
      vertex   1.944765e+02 5.519302e+01 4.180000e+02
      vertex   1.946355e+02 5.467528e+01 4.180000e+02
    endloop
  endfacet
  facet normal 9.704411e-01 2.413379e-01 -0.000000e+00
    outer loop
      vertex   1.946355e+02 5.467528e+01 4.130000e+02
      vertex   1.946355e+02 5.467528e+01 4.180000e+02
      vertex   1.947662e+02 5.414971e+01 4.130000e+02
    endloop
  endfacet
  facet normal 9.704411e-01 2.413379e-01 -0.000000e+00
    outer loop
      vertex   1.947662e+02 5.414971e+01 4.130000e+02
      vertex   1.946355e+02 5.467528e+01 4.180000e+02
      vertex   1.947662e+02 5.414971e+01 4.180000e+02
    endloop
  endfacet
  facet normal 9.820837e-01 1.884453e-01 -0.000000e+00
    outer loop
      vertex   1.947662e+02 5.414971e+01 4.130000e+02
      vertex   1.947662e+02 5.414971e+01 4.180000e+02
      vertex   1.948683e+02 5.361782e+01 4.130000e+02
    endloop
  endfacet
  facet normal 9.820837e-01 1.884453e-01 -0.000000e+00
    outer loop
      vertex   1.948683e+02 5.361782e+01 4.130000e+02
      vertex   1.947662e+02 5.414971e+01 4.180000e+02
      vertex   1.948683e+02 5.361782e+01 4.180000e+02
    endloop
  endfacet
  facet normal 9.908456e-01 1.350000e-01 -0.000000e+00
    outer loop
      vertex   1.948683e+02 5.361782e+01 4.130000e+02
      vertex   1.948683e+02 5.361782e+01 4.180000e+02
      vertex   1.949414e+02 5.308119e+01 4.130000e+02
    endloop
  endfacet
  facet normal 9.908456e-01 1.350000e-01 -0.000000e+00
    outer loop
      vertex   1.949414e+02 5.308119e+01 4.130000e+02
      vertex   1.948683e+02 5.361782e+01 4.180000e+02
      vertex   1.949414e+02 5.308119e+01 4.180000e+02
    endloop
  endfacet
  facet normal 9.967012e-01 8.115873e-02 -0.000000e+00
    outer loop
      vertex   1.949414e+02 5.308119e+01 4.130000e+02
      vertex   1.949414e+02 5.308119e+01 4.180000e+02
      vertex   1.949853e+02 5.254139e+01 4.130000e+02
    endloop
  endfacet
  facet normal 9.967012e-01 8.115873e-02 -0.000000e+00
    outer loop
      vertex   1.949853e+02 5.254139e+01 4.130000e+02
      vertex   1.949414e+02 5.308119e+01 4.180000e+02
      vertex   1.949853e+02 5.254139e+01 4.180000e+02
    endloop
  endfacet
  facet normal 9.996333e-01 2.707938e-02 -0.000000e+00
    outer loop
      vertex   1.949853e+02 5.254139e+01 4.130000e+02
      vertex   1.949853e+02 5.254139e+01 4.180000e+02
      vertex   1.950000e+02 5.200000e+01 4.130000e+02
    endloop
  endfacet
  facet normal 9.996333e-01 2.707938e-02 -0.000000e+00
    outer loop
      vertex   1.950000e+02 5.200000e+01 4.130000e+02
      vertex   1.949853e+02 5.254139e+01 4.180000e+02
      vertex   1.950000e+02 5.200000e+01 4.180000e+02
    endloop
  endfacet
  facet normal 3.328168e-06 -1.000000e+00 4.698855e-06
    outer loop
      vertex   1.875122e+02 1.251697e-06 4.106699e+02
      vertex   1.875699e+02 1.490116e-07 4.103944e+02
      vertex   1.950000e+02 -1.421085e-13 4.051000e+02
    endloop
  endfacet
  facet normal -3.037600e-06 -1.000000e+00 -4.234786e-06
    outer loop
      vertex   1.950000e+02 -1.421085e-13 4.051000e+02
      vertex   1.875699e+02 1.490116e-07 4.103944e+02
      vertex   1.875975e+02 1.251697e-06 4.101142e+02
    endloop
  endfacet
  facet normal -1.679286e-07 -1.000000e+00 1.715813e-09
    outer loop
      vertex   1.950000e+02 -1.421085e-13 4.051000e+02
      vertex   1.875975e+02 1.251697e-06 4.101142e+02
      vertex   1.875946e+02 1.251697e-06 4.098327e+02
    endloop
  endfacet
  facet normal -1.570691e-07 -1.000000e+00 1.870794e-08
    outer loop
      vertex   1.875946e+02 1.251697e-06 4.098327e+02
      vertex   1.875613e+02 1.251697e-06 4.095532e+02
      vertex   1.950000e+02 -1.421085e-13 4.051000e+02
    endloop
  endfacet
  facet normal -1.478374e-07 -1.000000e+00 3.412876e-08
    outer loop
      vertex   1.950000e+02 -1.421085e-13 4.051000e+02
      vertex   1.875613e+02 1.251697e-06 4.095532e+02
      vertex   1.874980e+02 1.251697e-06 4.092789e+02
    endloop
  endfacet
  facet normal -1.397335e-07 -1.000000e+00 4.867702e-08
    outer loop
      vertex   1.950000e+02 -1.421085e-13 4.051000e+02
      vertex   1.874980e+02 1.251697e-06 4.092789e+02
      vertex   1.874054e+02 1.251697e-06 4.090130e+02
    endloop
  endfacet
  facet normal -1.324023e-07 -1.000000e+00 6.290600e-08
    outer loop
      vertex   1.874054e+02 1.251697e-06 4.090130e+02
      vertex   1.872846e+02 1.251697e-06 4.087587e+02
      vertex   1.950000e+02 -1.421085e-13 4.051000e+02
    endloop
  endfacet
  facet normal -1.255709e-07 -1.000000e+00 7.731181e-08
    outer loop
      vertex   1.950000e+02 -1.421085e-13 4.051000e+02
      vertex   1.872846e+02 1.251697e-06 4.087587e+02
      vertex   1.871370e+02 1.251697e-06 4.085190e+02
    endloop
  endfacet
  facet normal -1.190093e-07 -1.000000e+00 9.240220e-08
    outer loop
      vertex   1.950000e+02 -1.421085e-13 4.051000e+02
      vertex   1.871370e+02 1.251697e-06 4.085190e+02
      vertex   1.869643e+02 1.251697e-06 4.082966e+02
    endloop
  endfacet
  facet normal -1.124992e-07 -1.000000e+00 1.087671e-07
    outer loop
      vertex   1.869643e+02 1.251697e-06 4.082966e+02
      vertex   1.867686e+02 1.251697e-06 4.080942e+02
      vertex   1.950000e+02 -1.421085e-13 4.051000e+02
    endloop
  endfacet
  facet normal -1.058040e-07 -1.000000e+00 1.271729e-07
    outer loop
      vertex   1.950000e+02 -1.421085e-13 4.051000e+02
      vertex   1.867686e+02 1.251697e-06 4.080942e+02
      vertex   1.865522e+02 1.251697e-06 4.079142e+02
    endloop
  endfacet
  facet normal -9.862796e-08 -1.000000e+00 1.487142e-07
    outer loop
      vertex   1.950000e+02 -1.421085e-13 4.051000e+02
      vertex   1.865522e+02 1.251697e-06 4.079142e+02
      vertex   1.863176e+02 1.251697e-06 4.077586e+02
    endloop
  endfacet
  facet normal -9.055000e-08 -1.000000e+00 1.750951e-07
    outer loop
      vertex   1.863176e+02 1.251697e-06 4.077586e+02
      vertex   1.860675e+02 1.251697e-06 4.076293e+02
      vertex   1.950000e+02 -1.421085e-13 4.051000e+02
    endloop
  endfacet
  facet normal -8.089009e-08 -1.000000e+00 2.092103e-07
    outer loop
      vertex   1.950000e+02 -1.421085e-13 4.051000e+02
      vertex   1.860675e+02 1.251697e-06 4.076293e+02
      vertex   1.858050e+02 1.251697e-06 4.075277e+02
    endloop
  endfacet
  facet normal -6.840316e-08 -1.000000e+00 2.565042e-07
    outer loop
      vertex   1.950000e+02 -1.421085e-13 4.051000e+02
      vertex   1.858050e+02 1.251697e-06 4.075277e+02
      vertex   1.855330e+02 1.251697e-06 4.074552e+02
    endloop
  endfacet
  facet normal -5.044376e-08 -1.000000e+00 3.286943e-07
    outer loop
      vertex   1.855330e+02 1.251697e-06 4.074552e+02
      vertex   1.852547e+02 1.251697e-06 4.074125e+02
      vertex   1.950000e+02 -1.421085e-13 4.051000e+02
    endloop
  endfacet
  facet normal -2.008170e-08 -1.000000e+00 4.566456e-07
    outer loop
      vertex   1.950000e+02 -1.421085e-13 4.051000e+02
      vertex   1.852547e+02 1.251697e-06 4.074125e+02
      vertex   1.849734e+02 1.251697e-06 4.074001e+02
    endloop
  endfacet
  facet normal 4.879887e-08 -1.000000e+00 7.569043e-07
    outer loop
      vertex   1.950000e+02 -1.421085e-13 4.051000e+02
      vertex   1.849734e+02 1.251697e-06 4.074001e+02
      vertex   1.846925e+02 1.251697e-06 4.074182e+02
    endloop
  endfacet
  facet normal 0.000000e+00 -1.000000e+00 -0.000000e+00
    outer loop
      vertex   1.844152e+02 1.251697e-06 4.074666e+02
      vertex   1.635848e+02 1.251697e-06 4.074666e+02
      vertex   1.846925e+02 1.251697e-06 4.074182e+02
    endloop
  endfacet
  facet normal 0.000000e+00 -1.000000e+00 0.000000e+00
    outer loop
      vertex   1.846925e+02 1.251697e-06 4.074182e+02
      vertex   1.635848e+02 1.251697e-06 4.074666e+02
      vertex   1.633075e+02 1.251697e-06 4.074182e+02
    endloop
  endfacet
  facet normal 0.000000e+00 -1.000000e+00 5.399324e-07
    outer loop
      vertex   1.846925e+02 1.251697e-06 4.074182e+02
      vertex   1.633075e+02 1.251697e-06 4.074182e+02
      vertex   1.530000e+02 -1.421085e-13 4.051000e+02
    endloop
  endfacet
  facet normal -4.879887e-08 -1.000000e+00 7.569042e-07
    outer loop
      vertex   1.530000e+02 -1.421085e-13 4.051000e+02
      vertex   1.633075e+02 1.251697e-06 4.074182e+02
      vertex   1.630266e+02 1.251697e-06 4.074001e+02
    endloop
  endfacet
  facet normal 2.008170e-08 -1.000000e+00 4.566456e-07
    outer loop
      vertex   1.530000e+02 -1.421085e-13 4.051000e+02
      vertex   1.630266e+02 1.251697e-06 4.074001e+02
      vertex   1.627453e+02 1.251697e-06 4.074125e+02
    endloop
  endfacet
  facet normal 0.000000e+00 -1.000000e+00 0.000000e+00
    outer loop
      vertex   1.635848e+02 1.251697e-06 4.074666e+02
      vertex   1.844152e+02 1.251697e-06 4.074666e+02
      vertex   1.638553e+02 1.251697e-06 4.075447e+02
    endloop
  endfacet
  facet normal 0.000000e+00 -1.000000e+00 0.000000e+00
    outer loop
      vertex   1.638553e+02 1.251697e-06 4.075447e+02
      vertex   1.844152e+02 1.251697e-06 4.074666e+02
      vertex   1.841447e+02 1.251697e-06 4.075447e+02
    endloop
  endfacet
  facet normal 0.000000e+00 -1.000000e+00 0.000000e+00
    outer loop
      vertex   1.638553e+02 1.251697e-06 4.075447e+02
      vertex   1.841447e+02 1.251697e-06 4.075447e+02
      vertex   1.641158e+02 1.251697e-06 4.076516e+02
    endloop
  endfacet
  facet normal 0.000000e+00 -1.000000e+00 0.000000e+00
    outer loop
      vertex   1.641158e+02 1.251697e-06 4.076516e+02
      vertex   1.841447e+02 1.251697e-06 4.075447e+02
      vertex   1.838842e+02 1.251697e-06 4.076516e+02
    endloop
  endfacet
  facet normal 0.000000e+00 -1.000000e+00 0.000000e+00
    outer loop
      vertex   1.641158e+02 1.251697e-06 4.076516e+02
      vertex   1.838842e+02 1.251697e-06 4.076516e+02
      vertex   1.643631e+02 1.251697e-06 4.077860e+02
    endloop
  endfacet
  facet normal 0.000000e+00 -1.000000e+00 0.000000e+00
    outer loop
      vertex   1.643631e+02 1.251697e-06 4.077860e+02
      vertex   1.838842e+02 1.251697e-06 4.076516e+02
      vertex   1.836369e+02 1.251697e-06 4.077860e+02
    endloop
  endfacet
  facet normal 0.000000e+00 -1.000000e+00 0.000000e+00
    outer loop
      vertex   1.643631e+02 1.251697e-06 4.077860e+02
      vertex   1.836369e+02 1.251697e-06 4.077860e+02
      vertex   1.645945e+02 1.251697e-06 4.079463e+02
    endloop
  endfacet
  facet normal 0.000000e+00 -1.000000e+00 0.000000e+00
    outer loop
      vertex   1.645945e+02 1.251697e-06 4.079463e+02
      vertex   1.836369e+02 1.251697e-06 4.077860e+02
      vertex   1.834055e+02 1.251697e-06 4.079463e+02
    endloop
  endfacet
  facet normal 0.000000e+00 -1.000000e+00 0.000000e+00
    outer loop
      vertex   1.645945e+02 1.251697e-06 4.079463e+02
      vertex   1.834055e+02 1.251697e-06 4.079463e+02
      vertex   1.648072e+02 1.251697e-06 4.081308e+02
    endloop
  endfacet
  facet normal 0.000000e+00 -1.000000e+00 0.000000e+00
    outer loop
      vertex   1.648072e+02 1.251697e-06 4.081308e+02
      vertex   1.834055e+02 1.251697e-06 4.079463e+02
      vertex   1.831928e+02 1.251697e-06 4.081308e+02
    endloop
  endfacet
  facet normal 0.000000e+00 -1.000000e+00 0.000000e+00
    outer loop
      vertex   1.648072e+02 1.251697e-06 4.081308e+02
      vertex   1.831928e+02 1.251697e-06 4.081308e+02
      vertex   1.649987e+02 1.251697e-06 4.083371e+02
    endloop
  endfacet
  facet normal 0.000000e+00 -1.000000e+00 0.000000e+00
    outer loop
      vertex   1.649987e+02 1.251697e-06 4.083371e+02
      vertex   1.831928e+02 1.251697e-06 4.081308e+02
      vertex   1.830013e+02 1.251697e-06 4.083371e+02
    endloop
  endfacet
  facet normal 0.000000e+00 -1.000000e+00 0.000000e+00
    outer loop
      vertex   1.649987e+02 1.251697e-06 4.083371e+02
      vertex   1.830013e+02 1.251697e-06 4.083371e+02
      vertex   1.651668e+02 1.251697e-06 4.085630e+02
    endloop
  endfacet
  facet normal 0.000000e+00 -1.000000e+00 0.000000e+00
    outer loop
      vertex   1.651668e+02 1.251697e-06 4.085630e+02
      vertex   1.830013e+02 1.251697e-06 4.083371e+02
      vertex   1.828332e+02 1.251697e-06 4.085630e+02
    endloop
  endfacet
  facet normal 0.000000e+00 -1.000000e+00 0.000000e+00
    outer loop
      vertex   1.651668e+02 1.251697e-06 4.085630e+02
      vertex   1.828332e+02 1.251697e-06 4.085630e+02
      vertex   1.653095e+02 1.251697e-06 4.088057e+02
    endloop
  endfacet
  facet normal 0.000000e+00 -1.000000e+00 0.000000e+00
    outer loop
      vertex   1.653095e+02 1.251697e-06 4.088057e+02
      vertex   1.828332e+02 1.251697e-06 4.085630e+02
      vertex   1.826905e+02 1.251697e-06 4.088057e+02
    endloop
  endfacet
  facet normal 0.000000e+00 -1.000000e+00 0.000000e+00
    outer loop
      vertex   1.653095e+02 1.251697e-06 4.088057e+02
      vertex   1.826905e+02 1.251697e-06 4.088057e+02
      vertex   1.654250e+02 1.251697e-06 4.090624e+02
    endloop
  endfacet
  facet normal 0.000000e+00 -1.000000e+00 0.000000e+00
    outer loop
      vertex   1.654250e+02 1.251697e-06 4.090624e+02
      vertex   1.826905e+02 1.251697e-06 4.088057e+02
      vertex   1.825750e+02 1.251697e-06 4.090624e+02
    endloop
  endfacet
  facet normal 0.000000e+00 -1.000000e+00 0.000000e+00
    outer loop
      vertex   1.654250e+02 1.251697e-06 4.090624e+02
      vertex   1.825750e+02 1.251697e-06 4.090624e+02
      vertex   1.655122e+02 1.251697e-06 4.093301e+02
    endloop
  endfacet
  facet normal 0.000000e+00 -1.000000e+00 0.000000e+00
    outer loop
      vertex   1.655122e+02 1.251697e-06 4.093301e+02
      vertex   1.825750e+02 1.251697e-06 4.090624e+02
      vertex   1.824878e+02 1.251697e-06 4.093301e+02
    endloop
  endfacet
  facet normal 0.000000e+00 -1.000000e+00 0.000000e+00
    outer loop
      vertex   1.655122e+02 1.251697e-06 4.093301e+02
      vertex   1.824878e+02 1.251697e-06 4.093301e+02
      vertex   1.655699e+02 1.251697e-06 4.096056e+02
    endloop
  endfacet
  facet normal 0.000000e+00 -1.000000e+00 0.000000e+00
    outer loop
      vertex   1.655699e+02 1.251697e-06 4.096056e+02
      vertex   1.824878e+02 1.251697e-06 4.093301e+02
      vertex   1.824301e+02 1.251697e-06 4.096056e+02
    endloop
  endfacet
  facet normal 0.000000e+00 -1.000000e+00 0.000000e+00
    outer loop
      vertex   1.655699e+02 1.251697e-06 4.096056e+02
      vertex   1.824301e+02 1.251697e-06 4.096056e+02
      vertex   1.655975e+02 1.251697e-06 4.098858e+02
    endloop
  endfacet
  facet normal 0.000000e+00 -1.000000e+00 0.000000e+00
    outer loop
      vertex   1.655975e+02 1.251697e-06 4.098858e+02
      vertex   1.824301e+02 1.251697e-06 4.096056e+02
      vertex   1.824025e+02 1.251697e-06 4.098858e+02
    endloop
  endfacet
  facet normal 0.000000e+00 -1.000000e+00 0.000000e+00
    outer loop
      vertex   1.655975e+02 1.251697e-06 4.098858e+02
      vertex   1.824025e+02 1.251697e-06 4.098858e+02
      vertex   1.655946e+02 1.251697e-06 4.101673e+02
    endloop
  endfacet
  facet normal 0.000000e+00 -1.000000e+00 0.000000e+00
    outer loop
      vertex   1.655946e+02 1.251697e-06 4.101673e+02
      vertex   1.824025e+02 1.251697e-06 4.098858e+02
      vertex   1.824054e+02 1.251697e-06 4.101673e+02
    endloop
  endfacet
  facet normal 0.000000e+00 -1.000000e+00 0.000000e+00
    outer loop
      vertex   1.655946e+02 1.251697e-06 4.101673e+02
      vertex   1.824054e+02 1.251697e-06 4.101673e+02
      vertex   1.655613e+02 1.251697e-06 4.104468e+02
    endloop
  endfacet
  facet normal 0.000000e+00 -1.000000e+00 0.000000e+00
    outer loop
      vertex   1.655613e+02 1.251697e-06 4.104468e+02
      vertex   1.824054e+02 1.251697e-06 4.101673e+02
      vertex   1.824387e+02 1.251697e-06 4.104468e+02
    endloop
  endfacet
  facet normal 0.000000e+00 -1.000000e+00 0.000000e+00
    outer loop
      vertex   1.655613e+02 1.251697e-06 4.104468e+02
      vertex   1.824387e+02 1.251697e-06 4.104468e+02
      vertex   1.654980e+02 1.251697e-06 4.107211e+02
    endloop
  endfacet
  facet normal 0.000000e+00 -1.000000e+00 0.000000e+00
    outer loop
      vertex   1.654980e+02 1.251697e-06 4.107211e+02
      vertex   1.824387e+02 1.251697e-06 4.104468e+02
      vertex   1.825020e+02 1.251697e-06 4.107211e+02
    endloop
  endfacet
  facet normal 0.000000e+00 -1.000000e+00 0.000000e+00
    outer loop
      vertex   1.654980e+02 1.251697e-06 4.107211e+02
      vertex   1.825020e+02 1.251697e-06 4.107211e+02
      vertex   1.654054e+02 1.251697e-06 4.109870e+02
    endloop
  endfacet
  facet normal 0.000000e+00 -1.000000e+00 0.000000e+00
    outer loop
      vertex   1.654054e+02 1.251697e-06 4.109870e+02
      vertex   1.825020e+02 1.251697e-06 4.107211e+02
      vertex   1.825946e+02 1.251697e-06 4.109870e+02
    endloop
  endfacet
  facet normal 0.000000e+00 -1.000000e+00 0.000000e+00
    outer loop
      vertex   1.654054e+02 1.251697e-06 4.109870e+02
      vertex   1.825946e+02 1.251697e-06 4.109870e+02
      vertex   1.652846e+02 1.251697e-06 4.112413e+02
    endloop
  endfacet
  facet normal 0.000000e+00 -1.000000e+00 0.000000e+00
    outer loop
      vertex   1.652846e+02 1.251697e-06 4.112413e+02
      vertex   1.825946e+02 1.251697e-06 4.109870e+02
      vertex   1.827154e+02 1.251697e-06 4.112413e+02
    endloop
  endfacet
  facet normal 0.000000e+00 -1.000000e+00 0.000000e+00
    outer loop
      vertex   1.652846e+02 1.251697e-06 4.112413e+02
      vertex   1.827154e+02 1.251697e-06 4.112413e+02
      vertex   1.651370e+02 1.251697e-06 4.114810e+02
    endloop
  endfacet
  facet normal 0.000000e+00 -1.000000e+00 0.000000e+00
    outer loop
      vertex   1.651370e+02 1.251697e-06 4.114810e+02
      vertex   1.827154e+02 1.251697e-06 4.112413e+02
      vertex   1.828630e+02 1.251697e-06 4.114810e+02
    endloop
  endfacet
  facet normal 0.000000e+00 -1.000000e+00 0.000000e+00
    outer loop
      vertex   1.651370e+02 1.251697e-06 4.114810e+02
      vertex   1.828630e+02 1.251697e-06 4.114810e+02
      vertex   1.649643e+02 1.251697e-06 4.117034e+02
    endloop
  endfacet
  facet normal 0.000000e+00 -1.000000e+00 0.000000e+00
    outer loop
      vertex   1.649643e+02 1.251697e-06 4.117034e+02
      vertex   1.828630e+02 1.251697e-06 4.114810e+02
      vertex   1.830357e+02 1.251697e-06 4.117034e+02
    endloop
  endfacet
  facet normal 0.000000e+00 -1.000000e+00 0.000000e+00
    outer loop
      vertex   1.649643e+02 1.251697e-06 4.117034e+02
      vertex   1.830357e+02 1.251697e-06 4.117034e+02
      vertex   1.647686e+02 1.251697e-06 4.119058e+02
    endloop
  endfacet
  facet normal 0.000000e+00 -1.000000e+00 0.000000e+00
    outer loop
      vertex   1.647686e+02 1.251697e-06 4.119058e+02
      vertex   1.830357e+02 1.251697e-06 4.117034e+02
      vertex   1.832314e+02 1.251697e-06 4.119058e+02
    endloop
  endfacet
  facet normal 0.000000e+00 -1.000000e+00 0.000000e+00
    outer loop
      vertex   1.647686e+02 1.251697e-06 4.119058e+02
      vertex   1.832314e+02 1.251697e-06 4.119058e+02
      vertex   1.645522e+02 1.251697e-06 4.120858e+02
    endloop
  endfacet
  facet normal 0.000000e+00 -1.000000e+00 0.000000e+00
    outer loop
      vertex   1.645522e+02 1.251697e-06 4.120858e+02
      vertex   1.832314e+02 1.251697e-06 4.119058e+02
      vertex   1.834478e+02 1.251697e-06 4.120858e+02
    endloop
  endfacet
  facet normal 0.000000e+00 -1.000000e+00 0.000000e+00
    outer loop
      vertex   1.645522e+02 1.251697e-06 4.120858e+02
      vertex   1.834478e+02 1.251697e-06 4.120858e+02
      vertex   1.643176e+02 1.251697e-06 4.122414e+02
    endloop
  endfacet
  facet normal 0.000000e+00 -1.000000e+00 0.000000e+00
    outer loop
      vertex   1.643176e+02 1.251697e-06 4.122414e+02
      vertex   1.834478e+02 1.251697e-06 4.120858e+02
      vertex   1.836824e+02 1.251697e-06 4.122414e+02
    endloop
  endfacet
  facet normal 0.000000e+00 -1.000000e+00 0.000000e+00
    outer loop
      vertex   1.643176e+02 1.251697e-06 4.122414e+02
      vertex   1.836824e+02 1.251697e-06 4.122414e+02
      vertex   1.640675e+02 1.251697e-06 4.123707e+02
    endloop
  endfacet
  facet normal 0.000000e+00 -1.000000e+00 0.000000e+00
    outer loop
      vertex   1.640675e+02 1.251697e-06 4.123707e+02
      vertex   1.836824e+02 1.251697e-06 4.122414e+02
      vertex   1.839325e+02 1.251697e-06 4.123707e+02
    endloop
  endfacet
  facet normal 0.000000e+00 -1.000000e+00 0.000000e+00
    outer loop
      vertex   1.640675e+02 1.251697e-06 4.123707e+02
      vertex   1.839325e+02 1.251697e-06 4.123707e+02
      vertex   1.638050e+02 1.251697e-06 4.124723e+02
    endloop
  endfacet
  facet normal 0.000000e+00 -1.000000e+00 0.000000e+00
    outer loop
      vertex   1.638050e+02 1.251697e-06 4.124723e+02
      vertex   1.839325e+02 1.251697e-06 4.123707e+02
      vertex   1.841950e+02 1.251697e-06 4.124723e+02
    endloop
  endfacet
  facet normal 0.000000e+00 -1.000000e+00 0.000000e+00
    outer loop
      vertex   1.638050e+02 1.251697e-06 4.124723e+02
      vertex   1.841950e+02 1.251697e-06 4.124723e+02
      vertex   1.635330e+02 1.251697e-06 4.125448e+02
    endloop
  endfacet
  facet normal 0.000000e+00 -1.000000e+00 0.000000e+00
    outer loop
      vertex   1.635330e+02 1.251697e-06 4.125448e+02
      vertex   1.841950e+02 1.251697e-06 4.124723e+02
      vertex   1.844670e+02 1.251697e-06 4.125448e+02
    endloop
  endfacet
  facet normal 0.000000e+00 -1.000000e+00 0.000000e+00
    outer loop
      vertex   1.635330e+02 1.251697e-06 4.125448e+02
      vertex   1.844670e+02 1.251697e-06 4.125448e+02
      vertex   1.550000e+02 1.251697e-06 4.200000e+02
    endloop
  endfacet
  facet normal 0.000000e+00 -1.000000e+00 0.000000e+00
    outer loop
      vertex   1.550000e+02 1.251697e-06 4.200000e+02
      vertex   1.844670e+02 1.251697e-06 4.125448e+02
      vertex   1.930000e+02 1.251697e-06 4.200000e+02
    endloop
  endfacet
  facet normal 0.000000e+00 -1.000000e+00 0.000000e+00
    outer loop
      vertex   1.930000e+02 1.251697e-06 4.200000e+02
      vertex   1.844670e+02 1.251697e-06 4.125448e+02
      vertex   1.847453e+02 1.251697e-06 4.125875e+02
    endloop
  endfacet
  facet normal 0.000000e+00 -1.000000e+00 -0.000000e+00
    outer loop
      vertex   1.930000e+02 1.251697e-06 4.200000e+02
      vertex   1.847453e+02 1.251697e-06 4.125875e+02
      vertex   1.950000e+02 1.251697e-06 4.180000e+02
    endloop
  endfacet
  facet normal 0.000000e+00 -1.000000e+00 0.000000e+00
    outer loop
      vertex   1.950000e+02 1.251697e-06 4.180000e+02
      vertex   1.847453e+02 1.251697e-06 4.125875e+02
      vertex   1.850266e+02 1.251697e-06 4.125999e+02
    endloop
  endfacet
  facet normal 0.000000e+00 -1.000000e+00 0.000000e+00
    outer loop
      vertex   1.950000e+02 1.251697e-06 4.180000e+02
      vertex   1.850266e+02 1.251697e-06 4.125999e+02
      vertex   1.853075e+02 1.251697e-06 4.125818e+02
    endloop
  endfacet
  facet normal 0.000000e+00 -1.000000e+00 0.000000e+00
    outer loop
      vertex   1.853075e+02 1.251697e-06 4.125818e+02
      vertex   1.855848e+02 1.251697e-06 4.125334e+02
      vertex   1.950000e+02 1.251697e-06 4.180000e+02
    endloop
  endfacet
  facet normal 0.000000e+00 -1.000000e+00 0.000000e+00
    outer loop
      vertex   1.950000e+02 1.251697e-06 4.180000e+02
      vertex   1.855848e+02 1.251697e-06 4.125334e+02
      vertex   1.858553e+02 1.251697e-06 4.124553e+02
    endloop
  endfacet
  facet normal 0.000000e+00 -1.000000e+00 0.000000e+00
    outer loop
      vertex   1.950000e+02 1.251697e-06 4.180000e+02
      vertex   1.858553e+02 1.251697e-06 4.124553e+02
      vertex   1.861158e+02 1.251697e-06 4.123484e+02
    endloop
  endfacet
  facet normal 0.000000e+00 -1.000000e+00 0.000000e+00
    outer loop
      vertex   1.861158e+02 1.251697e-06 4.123484e+02
      vertex   1.863631e+02 1.251697e-06 4.122140e+02
      vertex   1.950000e+02 1.251697e-06 4.180000e+02
    endloop
  endfacet
  facet normal 0.000000e+00 -1.000000e+00 0.000000e+00
    outer loop
      vertex   1.950000e+02 1.251697e-06 4.180000e+02
      vertex   1.863631e+02 1.251697e-06 4.122140e+02
      vertex   1.865945e+02 1.251697e-06 4.120537e+02
    endloop
  endfacet
  facet normal 0.000000e+00 -1.000000e+00 0.000000e+00
    outer loop
      vertex   1.950000e+02 1.251697e-06 4.180000e+02
      vertex   1.865945e+02 1.251697e-06 4.120537e+02
      vertex   1.868072e+02 1.251697e-06 4.118692e+02
    endloop
  endfacet
  facet normal 0.000000e+00 -1.000000e+00 0.000000e+00
    outer loop
      vertex   1.868072e+02 1.251697e-06 4.118692e+02
      vertex   1.869987e+02 1.251697e-06 4.116629e+02
      vertex   1.950000e+02 1.251697e-06 4.180000e+02
    endloop
  endfacet
  facet normal 0.000000e+00 -1.000000e+00 0.000000e+00
    outer loop
      vertex   1.950000e+02 1.251697e-06 4.180000e+02
      vertex   1.869987e+02 1.251697e-06 4.116629e+02
      vertex   1.871668e+02 1.251697e-06 4.114370e+02
    endloop
  endfacet
  facet normal 0.000000e+00 -1.000000e+00 0.000000e+00
    outer loop
      vertex   1.950000e+02 1.251697e-06 4.180000e+02
      vertex   1.871668e+02 1.251697e-06 4.114370e+02
      vertex   1.873095e+02 1.251697e-06 4.111943e+02
    endloop
  endfacet
  facet normal 0.000000e+00 -1.000000e+00 0.000000e+00
    outer loop
      vertex   1.873095e+02 1.251697e-06 4.111943e+02
      vertex   1.874250e+02 1.251697e-06 4.109376e+02
      vertex   1.950000e+02 1.251697e-06 4.180000e+02
    endloop
  endfacet
  facet normal 0.000000e+00 -1.000000e+00 0.000000e+00
    outer loop
      vertex   1.950000e+02 1.251697e-06 4.180000e+02
      vertex   1.874250e+02 1.251697e-06 4.109376e+02
      vertex   1.875122e+02 1.251697e-06 4.106699e+02
    endloop
  endfacet
  facet normal -9.498665e-08 -1.000000e+00 9.703092e-08
    outer loop
      vertex   1.950000e+02 1.251697e-06 4.180000e+02
      vertex   1.875122e+02 1.251697e-06 4.106699e+02
      vertex   1.950000e+02 -1.421085e-13 4.051000e+02
    endloop
  endfacet
  facet normal 3.037602e-06 -1.000000e+00 -4.234786e-06
    outer loop
      vertex   1.604025e+02 1.251697e-06 4.101142e+02
      vertex   1.604301e+02 1.490116e-07 4.103944e+02
      vertex   1.530000e+02 -1.421085e-13 4.051000e+02
    endloop
  endfacet
  facet normal -3.328170e-06 -1.000000e+00 4.698855e-06
    outer loop
      vertex   1.530000e+02 -1.421085e-13 4.051000e+02
      vertex   1.604301e+02 1.490116e-07 4.103944e+02
      vertex   1.604878e+02 1.251697e-06 4.106699e+02
    endloop
  endfacet
  facet normal 9.498669e-08 -1.000000e+00 9.703092e-08
    outer loop
      vertex   1.530000e+02 -1.421085e-13 4.051000e+02
      vertex   1.604878e+02 1.251697e-06 4.106699e+02
      vertex   1.530000e+02 1.251697e-06 4.180000e+02
    endloop
  endfacet
  facet normal 0.000000e+00 -1.000000e+00 0.000000e+00
    outer loop
      vertex   1.530000e+02 1.251697e-06 4.180000e+02
      vertex   1.604878e+02 1.251697e-06 4.106699e+02
      vertex   1.605750e+02 1.251697e-06 4.109376e+02
    endloop
  endfacet
  facet normal 0.000000e+00 -1.000000e+00 0.000000e+00
    outer loop
      vertex   1.530000e+02 1.251697e-06 4.180000e+02
      vertex   1.605750e+02 1.251697e-06 4.109376e+02
      vertex   1.606905e+02 1.251697e-06 4.111943e+02
    endloop
  endfacet
  facet normal 0.000000e+00 -1.000000e+00 0.000000e+00
    outer loop
      vertex   1.606905e+02 1.251697e-06 4.111943e+02
      vertex   1.608332e+02 1.251697e-06 4.114370e+02
      vertex   1.530000e+02 1.251697e-06 4.180000e+02
    endloop
  endfacet
  facet normal 0.000000e+00 -1.000000e+00 0.000000e+00
    outer loop
      vertex   1.530000e+02 1.251697e-06 4.180000e+02
      vertex   1.608332e+02 1.251697e-06 4.114370e+02
      vertex   1.610013e+02 1.251697e-06 4.116629e+02
    endloop
  endfacet
  facet normal 0.000000e+00 -1.000000e+00 0.000000e+00
    outer loop
      vertex   1.530000e+02 1.251697e-06 4.180000e+02
      vertex   1.610013e+02 1.251697e-06 4.116629e+02
      vertex   1.611928e+02 1.251697e-06 4.118692e+02
    endloop
  endfacet
  facet normal 0.000000e+00 -1.000000e+00 0.000000e+00
    outer loop
      vertex   1.611928e+02 1.251697e-06 4.118692e+02
      vertex   1.614055e+02 1.251697e-06 4.120537e+02
      vertex   1.530000e+02 1.251697e-06 4.180000e+02
    endloop
  endfacet
  facet normal 0.000000e+00 -1.000000e+00 0.000000e+00
    outer loop
      vertex   1.530000e+02 1.251697e-06 4.180000e+02
      vertex   1.614055e+02 1.251697e-06 4.120537e+02
      vertex   1.616369e+02 1.251697e-06 4.122140e+02
    endloop
  endfacet
  facet normal 0.000000e+00 -1.000000e+00 0.000000e+00
    outer loop
      vertex   1.530000e+02 1.251697e-06 4.180000e+02
      vertex   1.616369e+02 1.251697e-06 4.122140e+02
      vertex   1.618842e+02 1.251697e-06 4.123484e+02
    endloop
  endfacet
  facet normal 0.000000e+00 -1.000000e+00 0.000000e+00
    outer loop
      vertex   1.618842e+02 1.251697e-06 4.123484e+02
      vertex   1.621447e+02 1.251697e-06 4.124553e+02
      vertex   1.530000e+02 1.251697e-06 4.180000e+02
    endloop
  endfacet
  facet normal 0.000000e+00 -1.000000e+00 0.000000e+00
    outer loop
      vertex   1.530000e+02 1.251697e-06 4.180000e+02
      vertex   1.621447e+02 1.251697e-06 4.124553e+02
      vertex   1.624152e+02 1.251697e-06 4.125334e+02
    endloop
  endfacet
  facet normal 0.000000e+00 -1.000000e+00 0.000000e+00
    outer loop
      vertex   1.530000e+02 1.251697e-06 4.180000e+02
      vertex   1.624152e+02 1.251697e-06 4.125334e+02
      vertex   1.626925e+02 1.251697e-06 4.125818e+02
    endloop
  endfacet
  facet normal 0.000000e+00 -1.000000e+00 0.000000e+00
    outer loop
      vertex   1.626925e+02 1.251697e-06 4.125818e+02
      vertex   1.629734e+02 1.251697e-06 4.125999e+02
      vertex   1.530000e+02 1.251697e-06 4.180000e+02
    endloop
  endfacet
  facet normal 0.000000e+00 -1.000000e+00 0.000000e+00
    outer loop
      vertex   1.530000e+02 1.251697e-06 4.180000e+02
      vertex   1.629734e+02 1.251697e-06 4.125999e+02
      vertex   1.632547e+02 1.251697e-06 4.125875e+02
    endloop
  endfacet
  facet normal 0.000000e+00 -1.000000e+00 0.000000e+00
    outer loop
      vertex   1.530000e+02 1.251697e-06 4.180000e+02
      vertex   1.632547e+02 1.251697e-06 4.125875e+02
      vertex   1.550000e+02 1.251697e-06 4.200000e+02
    endloop
  endfacet
  facet normal 0.000000e+00 -1.000000e+00 0.000000e+00
    outer loop
      vertex   1.550000e+02 1.251697e-06 4.200000e+02
      vertex   1.632547e+02 1.251697e-06 4.125875e+02
      vertex   1.635330e+02 1.251697e-06 4.125448e+02
    endloop
  endfacet
  facet normal 5.044376e-08 -1.000000e+00 3.286943e-07
    outer loop
      vertex   1.627453e+02 1.251697e-06 4.074125e+02
      vertex   1.624671e+02 1.251697e-06 4.074552e+02
      vertex   1.530000e+02 -1.421085e-13 4.051000e+02
    endloop
  endfacet
  facet normal 6.840318e-08 -1.000000e+00 2.565043e-07
    outer loop
      vertex   1.530000e+02 -1.421085e-13 4.051000e+02
      vertex   1.624671e+02 1.251697e-06 4.074552e+02
      vertex   1.621950e+02 1.251697e-06 4.075277e+02
    endloop
  endfacet
  facet normal 8.089011e-08 -1.000000e+00 2.092104e-07
    outer loop
      vertex   1.530000e+02 -1.421085e-13 4.051000e+02
      vertex   1.621950e+02 1.251697e-06 4.075277e+02
      vertex   1.619325e+02 1.251697e-06 4.076293e+02
    endloop
  endfacet
  facet normal 9.055002e-08 -1.000000e+00 1.750951e-07
    outer loop
      vertex   1.619325e+02 1.251697e-06 4.076293e+02
      vertex   1.616824e+02 1.251697e-06 4.077586e+02
      vertex   1.530000e+02 -1.421085e-13 4.051000e+02
    endloop
  endfacet
  facet normal 9.862799e-08 -1.000000e+00 1.487142e-07
    outer loop
      vertex   1.530000e+02 -1.421085e-13 4.051000e+02
      vertex   1.616824e+02 1.251697e-06 4.077586e+02
      vertex   1.614478e+02 1.251697e-06 4.079142e+02
    endloop
  endfacet
  facet normal 1.058040e-07 -1.000000e+00 1.271729e-07
    outer loop
      vertex   1.530000e+02 -1.421085e-13 4.051000e+02
      vertex   1.614478e+02 1.251697e-06 4.079142e+02
      vertex   1.612314e+02 1.251697e-06 4.080942e+02
    endloop
  endfacet
  facet normal 1.124993e-07 -1.000000e+00 1.087672e-07
    outer loop
      vertex   1.612314e+02 1.251697e-06 4.080942e+02
      vertex   1.610357e+02 1.251697e-06 4.082966e+02
      vertex   1.530000e+02 -1.421085e-13 4.051000e+02
    endloop
  endfacet
  facet normal 1.190093e-07 -1.000000e+00 9.240223e-08
    outer loop
      vertex   1.530000e+02 -1.421085e-13 4.051000e+02
      vertex   1.610357e+02 1.251697e-06 4.082966e+02
      vertex   1.608630e+02 1.251697e-06 4.085190e+02
    endloop
  endfacet
  facet normal 1.255709e-07 -1.000000e+00 7.731184e-08
    outer loop
      vertex   1.530000e+02 -1.421085e-13 4.051000e+02
      vertex   1.608630e+02 1.251697e-06 4.085190e+02
      vertex   1.607154e+02 1.251697e-06 4.087587e+02
    endloop
  endfacet
  facet normal 1.324023e-07 -1.000000e+00 6.290603e-08
    outer loop
      vertex   1.607154e+02 1.251697e-06 4.087587e+02
      vertex   1.605946e+02 1.251697e-06 4.090130e+02
      vertex   1.530000e+02 -1.421085e-13 4.051000e+02
    endloop
  endfacet
  facet normal 1.397336e-07 -1.000000e+00 4.867704e-08
    outer loop
      vertex   1.530000e+02 -1.421085e-13 4.051000e+02
      vertex   1.605946e+02 1.251697e-06 4.090130e+02
      vertex   1.605020e+02 1.251697e-06 4.092789e+02
    endloop
  endfacet
  facet normal 1.478375e-07 -1.000000e+00 3.412877e-08
    outer loop
      vertex   1.530000e+02 -1.421085e-13 4.051000e+02
      vertex   1.605020e+02 1.251697e-06 4.092789e+02
      vertex   1.604387e+02 1.251697e-06 4.095532e+02
    endloop
  endfacet
  facet normal 1.570692e-07 -1.000000e+00 1.870795e-08
    outer loop
      vertex   1.604387e+02 1.251697e-06 4.095532e+02
      vertex   1.604054e+02 1.251697e-06 4.098327e+02
      vertex   1.530000e+02 -1.421085e-13 4.051000e+02
    endloop
  endfacet
  facet normal 1.679287e-07 -1.000000e+00 1.715814e-09
    outer loop
      vertex   1.530000e+02 -1.421085e-13 4.051000e+02
      vertex   1.604054e+02 1.251697e-06 4.098327e+02
      vertex   1.604025e+02 1.251697e-06 4.101142e+02
    endloop
  endfacet
  facet normal 0.000000e+00 -1.000000e+00 5.399324e-07
    outer loop
      vertex   1.530000e+02 -1.421085e-13 4.051000e+02
      vertex   1.950000e+02 -1.421085e-13 4.051000e+02
      vertex   1.846925e+02 1.251697e-06 4.074182e+02
    endloop
  endfacet
  facet normal 0.000000e+00 0.000000e+00 -1.000000e+00
    outer loop
      vertex   1.851347e+02 4.541646e+01 4.130000e+02
      vertex   1.851500e+02 4.600000e+01 4.130000e+02
      vertex   1.950000e+02 5.200000e+01 4.130000e+02
    endloop
  endfacet
  facet normal 0.000000e+00 0.000000e+00 -1.000000e+00
    outer loop
      vertex   1.950000e+02 5.200000e+01 4.130000e+02
      vertex   1.851500e+02 4.600000e+01 4.130000e+02
      vertex   1.851347e+02 4.658355e+01 4.130000e+02
    endloop
  endfacet
  facet normal 0.000000e+00 0.000000e+00 -1.000000e+00
    outer loop
      vertex   1.950000e+02 5.200000e+01 4.130000e+02
      vertex   1.851347e+02 4.658355e+01 4.130000e+02
      vertex   1.850889e+02 4.716549e+01 4.130000e+02
    endloop
  endfacet
  facet normal 0.000000e+00 0.000000e+00 -1.000000e+00
    outer loop
      vertex   1.850889e+02 4.716549e+01 4.130000e+02
      vertex   1.850127e+02 4.774425e+01 4.130000e+02
      vertex   1.950000e+02 5.200000e+01 4.130000e+02
    endloop
  endfacet
  facet normal 0.000000e+00 0.000000e+00 -1.000000e+00
    outer loop
      vertex   1.950000e+02 5.200000e+01 4.130000e+02
      vertex   1.850127e+02 4.774425e+01 4.130000e+02
      vertex   1.849064e+02 4.831822e+01 4.130000e+02
    endloop
  endfacet
  facet normal 0.000000e+00 0.000000e+00 -1.000000e+00
    outer loop
      vertex   1.950000e+02 5.200000e+01 4.130000e+02
      vertex   1.849064e+02 4.831822e+01 4.130000e+02
      vertex   1.847701e+02 4.888583e+01 4.130000e+02
    endloop
  endfacet
  facet normal 0.000000e+00 0.000000e+00 -1.000000e+00
    outer loop
      vertex   1.847701e+02 4.888583e+01 4.130000e+02
      vertex   1.846043e+02 4.944554e+01 4.130000e+02
      vertex   1.950000e+02 5.200000e+01 4.130000e+02
    endloop
  endfacet
  facet normal -0.000000e+00 0.000000e+00 -1.000000e+00
    outer loop
      vertex   1.950000e+02 5.200000e+01 4.130000e+02
      vertex   1.846043e+02 4.944554e+01 4.130000e+02
      vertex   1.949853e+02 5.254139e+01 4.130000e+02
    endloop
  endfacet
  facet normal -0.000000e+00 0.000000e+00 -1.000000e+00
    outer loop
      vertex   1.949853e+02 5.254139e+01 4.130000e+02
      vertex   1.846043e+02 4.944554e+01 4.130000e+02
      vertex   1.949414e+02 5.308119e+01 4.130000e+02
    endloop
  endfacet
  facet normal -0.000000e+00 0.000000e+00 -1.000000e+00
    outer loop
      vertex   1.949414e+02 5.308119e+01 4.130000e+02
      vertex   1.846043e+02 4.944554e+01 4.130000e+02
      vertex   1.948683e+02 5.361782e+01 4.130000e+02
    endloop
  endfacet
  facet normal -0.000000e+00 0.000000e+00 -1.000000e+00
    outer loop
      vertex   1.948683e+02 5.361782e+01 4.130000e+02
      vertex   1.846043e+02 4.944554e+01 4.130000e+02
      vertex   1.947662e+02 5.414971e+01 4.130000e+02
    endloop
  endfacet
  facet normal -0.000000e+00 0.000000e+00 -1.000000e+00
    outer loop
      vertex   1.947662e+02 5.414971e+01 4.130000e+02
      vertex   1.846043e+02 4.944554e+01 4.130000e+02
      vertex   1.946355e+02 5.467528e+01 4.130000e+02
    endloop
  endfacet
  facet normal -0.000000e+00 0.000000e+00 -1.000000e+00
    outer loop
      vertex   1.946355e+02 5.467528e+01 4.130000e+02
      vertex   1.846043e+02 4.944554e+01 4.130000e+02
      vertex   1.944765e+02 5.519302e+01 4.130000e+02
    endloop
  endfacet
  facet normal 0.000000e+00 0.000000e+00 -1.000000e+00
    outer loop
      vertex   1.944765e+02 5.519302e+01 4.130000e+02
      vertex   1.846043e+02 4.944554e+01 4.130000e+02
      vertex   1.844094e+02 4.999580e+01 4.130000e+02
    endloop
  endfacet
  facet normal 0.000000e+00 0.000000e+00 -1.000000e+00
    outer loop
      vertex   1.944765e+02 5.519302e+01 4.130000e+02
      vertex   1.844094e+02 4.999580e+01 4.130000e+02
      vertex   1.841860e+02 5.053512e+01 4.130000e+02
    endloop
  endfacet
  facet normal 0.000000e+00 0.000000e+00 -1.000000e+00
    outer loop
      vertex   1.841860e+02 5.053512e+01 4.130000e+02
      vertex   1.839347e+02 5.106200e+01 4.130000e+02
      vertex   1.944765e+02 5.519302e+01 4.130000e+02
    endloop
  endfacet
  facet normal 0.000000e+00 0.000000e+00 -1.000000e+00
    outer loop
      vertex   1.944765e+02 5.519302e+01 4.130000e+02
      vertex   1.839347e+02 5.106200e+01 4.130000e+02
      vertex   1.836562e+02 5.157500e+01 4.130000e+02
    endloop
  endfacet
  facet normal 0.000000e+00 0.000000e+00 -1.000000e+00
    outer loop
      vertex   1.944765e+02 5.519302e+01 4.130000e+02
      vertex   1.836562e+02 5.157500e+01 4.130000e+02
      vertex   1.833512e+02 5.207273e+01 4.130000e+02
    endloop
  endfacet
  facet normal 0.000000e+00 0.000000e+00 -1.000000e+00
    outer loop
      vertex   1.833512e+02 5.207273e+01 4.130000e+02
      vertex   1.830205e+02 5.255381e+01 4.130000e+02
      vertex   1.944765e+02 5.519302e+01 4.130000e+02
    endloop
  endfacet
  facet normal 0.000000e+00 0.000000e+00 -1.000000e+00
    outer loop
      vertex   1.944765e+02 5.519302e+01 4.130000e+02
      vertex   1.830205e+02 5.255381e+01 4.130000e+02
      vertex   1.826652e+02 5.301692e+01 4.130000e+02
    endloop
  endfacet
  facet normal 0.000000e+00 0.000000e+00 -1.000000e+00
    outer loop
      vertex   1.944765e+02 5.519302e+01 4.130000e+02
      vertex   1.826652e+02 5.301692e+01 4.130000e+02
      vertex   1.822861e+02 5.346081e+01 4.130000e+02
    endloop
  endfacet
  facet normal 0.000000e+00 0.000000e+00 -1.000000e+00
    outer loop
      vertex   1.822861e+02 5.346081e+01 4.130000e+02
      vertex   1.818842e+02 5.388424e+01 4.130000e+02
      vertex   1.944765e+02 5.519302e+01 4.130000e+02
    endloop
  endfacet
  facet normal 0.000000e+00 0.000000e+00 -1.000000e+00
    outer loop
      vertex   1.944765e+02 5.519302e+01 4.130000e+02
      vertex   1.818842e+02 5.388424e+01 4.130000e+02
      vertex   1.814608e+02 5.428607e+01 4.130000e+02
    endloop
  endfacet
  facet normal 0.000000e+00 0.000000e+00 -1.000000e+00
    outer loop
      vertex   1.944765e+02 5.519302e+01 4.130000e+02
      vertex   1.814608e+02 5.428607e+01 4.130000e+02
      vertex   1.810169e+02 5.466518e+01 4.130000e+02
    endloop
  endfacet
  facet normal 0.000000e+00 0.000000e+00 -1.000000e+00
    outer loop
      vertex   1.810169e+02 5.466518e+01 4.130000e+02
      vertex   1.805538e+02 5.502054e+01 4.130000e+02
      vertex   1.944765e+02 5.519302e+01 4.130000e+02
    endloop
  endfacet
  facet normal -0.000000e+00 0.000000e+00 -1.000000e+00
    outer loop
      vertex   1.944765e+02 5.519302e+01 4.130000e+02
      vertex   1.805538e+02 5.502054e+01 4.130000e+02
      vertex   1.800727e+02 5.535118e+01 4.130000e+02
    endloop
  endfacet
  facet normal 0.000000e+00 0.000000e+00 -1.000000e+00
    outer loop
      vertex   1.944765e+02 5.519302e+01 4.130000e+02
      vertex   1.800727e+02 5.535118e+01 4.130000e+02
      vertex   1.942898e+02 5.570138e+01 4.130000e+02
    endloop
  endfacet
  facet normal 0.000000e+00 0.000000e+00 -1.000000e+00
    outer loop
      vertex   1.942898e+02 5.570138e+01 4.130000e+02
      vertex   1.800727e+02 5.535118e+01 4.130000e+02
      vertex   1.795750e+02 5.565619e+01 4.130000e+02
    endloop
  endfacet
  facet normal -0.000000e+00 0.000000e+00 -1.000000e+00
    outer loop
      vertex   1.942898e+02 5.570138e+01 4.130000e+02
      vertex   1.795750e+02 5.565619e+01 4.130000e+02
      vertex   1.790620e+02 5.593472e+01 4.130000e+02
    endloop
  endfacet
  facet normal 0.000000e+00 0.000000e+00 -1.000000e+00
    outer loop
      vertex   1.942898e+02 5.570138e+01 4.130000e+02
      vertex   1.790620e+02 5.593472e+01 4.130000e+02
      vertex   1.940758e+02 5.619889e+01 4.130000e+02
    endloop
  endfacet
  facet normal 0.000000e+00 0.000000e+00 -1.000000e+00
    outer loop
      vertex   1.940758e+02 5.619889e+01 4.130000e+02
      vertex   1.790620e+02 5.593472e+01 4.130000e+02
      vertex   1.785351e+02 5.618603e+01 4.130000e+02
    endloop
  endfacet
  facet normal -0.000000e+00 0.000000e+00 -1.000000e+00
    outer loop
      vertex   1.940758e+02 5.619889e+01 4.130000e+02
      vertex   1.785351e+02 5.618603e+01 4.130000e+02
      vertex   1.779958e+02 5.640942e+01 4.130000e+02
    endloop
  endfacet
  facet normal 0.000000e+00 0.000000e+00 -1.000000e+00
    outer loop
      vertex   1.940758e+02 5.619889e+01 4.130000e+02
      vertex   1.779958e+02 5.640942e+01 4.130000e+02
      vertex   1.938351e+02 5.668409e+01 4.130000e+02
    endloop
  endfacet
  facet normal 0.000000e+00 0.000000e+00 -1.000000e+00
    outer loop
      vertex   1.938351e+02 5.668409e+01 4.130000e+02
      vertex   1.779958e+02 5.640942e+01 4.130000e+02
      vertex   1.774455e+02 5.660428e+01 4.130000e+02
    endloop
  endfacet
  facet normal -0.000000e+00 0.000000e+00 -1.000000e+00
    outer loop
      vertex   1.938351e+02 5.668409e+01 4.130000e+02
      vertex   1.774455e+02 5.660428e+01 4.130000e+02
      vertex   1.768858e+02 5.677007e+01 4.130000e+02
    endloop
  endfacet
  facet normal 0.000000e+00 0.000000e+00 -1.000000e+00
    outer loop
      vertex   1.938351e+02 5.668409e+01 4.130000e+02
      vertex   1.768858e+02 5.677007e+01 4.130000e+02
      vertex   1.935686e+02 5.715554e+01 4.130000e+02
    endloop
  endfacet
  facet normal 0.000000e+00 0.000000e+00 -1.000000e+00
    outer loop
      vertex   1.935686e+02 5.715554e+01 4.130000e+02
      vertex   1.768858e+02 5.677007e+01 4.130000e+02
      vertex   1.763182e+02 5.690635e+01 4.130000e+02
    endloop
  endfacet
  facet normal 0.000000e+00 0.000000e+00 -1.000000e+00
    outer loop
      vertex   1.935686e+02 5.715554e+01 4.130000e+02
      vertex   1.763182e+02 5.690635e+01 4.130000e+02
      vertex   1.757443e+02 5.701273e+01 4.130000e+02
    endloop
  endfacet
  facet normal 0.000000e+00 0.000000e+00 -1.000000e+00
    outer loop
      vertex   1.757443e+02 5.701273e+01 4.130000e+02
      vertex   1.751655e+02 5.708892e+01 4.130000e+02
      vertex   1.935686e+02 5.715554e+01 4.130000e+02
    endloop
  endfacet
  facet normal 0.000000e+00 0.000000e+00 -1.000000e+00
    outer loop
      vertex   1.935686e+02 5.715554e+01 4.130000e+02
      vertex   1.751655e+02 5.708892e+01 4.130000e+02
      vertex   1.745836e+02 5.713472e+01 4.130000e+02
    endloop
  endfacet
  facet normal 0.000000e+00 0.000000e+00 -1.000000e+00
    outer loop
      vertex   1.935686e+02 5.715554e+01 4.130000e+02
      vertex   1.745836e+02 5.713472e+01 4.130000e+02
      vertex   1.740000e+02 5.715000e+01 4.130000e+02
    endloop
  endfacet
  facet normal 0.000000e+00 0.000000e+00 -1.000000e+00
    outer loop
      vertex   1.734165e+02 5.713472e+01 4.130000e+02
      vertex   1.630000e+02 6.200000e+01 4.130000e+02
      vertex   1.740000e+02 5.715000e+01 4.130000e+02
    endloop
  endfacet
  facet normal 0.000000e+00 0.000000e+00 -1.000000e+00
    outer loop
      vertex   1.740000e+02 5.715000e+01 4.130000e+02
      vertex   1.630000e+02 6.200000e+01 4.130000e+02
      vertex   1.850000e+02 6.200000e+01 4.130000e+02
    endloop
  endfacet
  facet normal 0.000000e+00 0.000000e+00 -1.000000e+00
    outer loop
      vertex   1.740000e+02 5.715000e+01 4.130000e+02
      vertex   1.850000e+02 6.200000e+01 4.130000e+02
      vertex   1.935686e+02 5.715554e+01 4.130000e+02
    endloop
  endfacet
  facet normal 0.000000e+00 0.000000e+00 -1.000000e+00
    outer loop
      vertex   1.935686e+02 5.715554e+01 4.130000e+02
      vertex   1.850000e+02 6.200000e+01 4.130000e+02
      vertex   1.855414e+02 6.198534e+01 4.130000e+02
    endloop
  endfacet
  facet normal 0.000000e+00 0.000000e+00 -1.000000e+00
    outer loop
      vertex   1.935686e+02 5.715554e+01 4.130000e+02
      vertex   1.855414e+02 6.198534e+01 4.130000e+02
      vertex   1.860812e+02 6.194138e+01 4.130000e+02
    endloop
  endfacet
  facet normal -0.000000e+00 0.000000e+00 -1.000000e+00
    outer loop
      vertex   1.734165e+02 5.713472e+01 4.130000e+02
      vertex   1.728345e+02 5.708892e+01 4.130000e+02
      vertex   1.630000e+02 6.200000e+01 4.130000e+02
    endloop
  endfacet
  facet normal 0.000000e+00 0.000000e+00 -1.000000e+00
    outer loop
      vertex   1.630000e+02 6.200000e+01 4.130000e+02
      vertex   1.728345e+02 5.708892e+01 4.130000e+02
      vertex   1.722558e+02 5.701273e+01 4.130000e+02
    endloop
  endfacet
  facet normal 0.000000e+00 0.000000e+00 -1.000000e+00
    outer loop
      vertex   1.630000e+02 6.200000e+01 4.130000e+02
      vertex   1.722558e+02 5.701273e+01 4.130000e+02
      vertex   1.716818e+02 5.690635e+01 4.130000e+02
    endloop
  endfacet
  facet normal -0.000000e+00 0.000000e+00 -1.000000e+00
    outer loop
      vertex   1.716818e+02 5.690635e+01 4.130000e+02
      vertex   1.711142e+02 5.677007e+01 4.130000e+02
      vertex   1.630000e+02 6.200000e+01 4.130000e+02
    endloop
  endfacet
  facet normal 0.000000e+00 0.000000e+00 -1.000000e+00
    outer loop
      vertex   1.630000e+02 6.200000e+01 4.130000e+02
      vertex   1.711142e+02 5.677007e+01 4.130000e+02
      vertex   1.705545e+02 5.660428e+01 4.130000e+02
    endloop
  endfacet
  facet normal 0.000000e+00 0.000000e+00 -1.000000e+00
    outer loop
      vertex   1.630000e+02 6.200000e+01 4.130000e+02
      vertex   1.705545e+02 5.660428e+01 4.130000e+02
      vertex   1.700042e+02 5.640942e+01 4.130000e+02
    endloop
  endfacet
  facet normal -0.000000e+00 0.000000e+00 -1.000000e+00
    outer loop
      vertex   1.700042e+02 5.640942e+01 4.130000e+02
      vertex   1.694649e+02 5.618603e+01 4.130000e+02
      vertex   1.630000e+02 6.200000e+01 4.130000e+02
    endloop
  endfacet
  facet normal 0.000000e+00 0.000000e+00 -1.000000e+00
    outer loop
      vertex   1.630000e+02 6.200000e+01 4.130000e+02
      vertex   1.694649e+02 5.618603e+01 4.130000e+02
      vertex   1.689380e+02 5.593472e+01 4.130000e+02
    endloop
  endfacet
  facet normal 0.000000e+00 0.000000e+00 -1.000000e+00
    outer loop
      vertex   1.630000e+02 6.200000e+01 4.130000e+02
      vertex   1.689380e+02 5.593472e+01 4.130000e+02
      vertex   1.684250e+02 5.565619e+01 4.130000e+02
    endloop
  endfacet
  facet normal -0.000000e+00 0.000000e+00 -1.000000e+00
    outer loop
      vertex   1.684250e+02 5.565619e+01 4.130000e+02
      vertex   1.679273e+02 5.535118e+01 4.130000e+02
      vertex   1.630000e+02 6.200000e+01 4.130000e+02
    endloop
  endfacet
  facet normal 0.000000e+00 0.000000e+00 -1.000000e+00
    outer loop
      vertex   1.630000e+02 6.200000e+01 4.130000e+02
      vertex   1.679273e+02 5.535118e+01 4.130000e+02
      vertex   1.674462e+02 5.502054e+01 4.130000e+02
    endloop
  endfacet
  facet normal 0.000000e+00 0.000000e+00 -1.000000e+00
    outer loop
      vertex   1.630000e+02 6.200000e+01 4.130000e+02
      vertex   1.674462e+02 5.502054e+01 4.130000e+02
      vertex   1.669831e+02 5.466518e+01 4.130000e+02
    endloop
  endfacet
  facet normal -0.000000e+00 0.000000e+00 -1.000000e+00
    outer loop
      vertex   1.669831e+02 5.466518e+01 4.130000e+02
      vertex   1.665392e+02 5.428607e+01 4.130000e+02
      vertex   1.630000e+02 6.200000e+01 4.130000e+02
    endloop
  endfacet
  facet normal 0.000000e+00 0.000000e+00 -1.000000e+00
    outer loop
      vertex   1.630000e+02 6.200000e+01 4.130000e+02
      vertex   1.665392e+02 5.428607e+01 4.130000e+02
      vertex   1.661158e+02 5.388424e+01 4.130000e+02
    endloop
  endfacet
  facet normal 0.000000e+00 0.000000e+00 -1.000000e+00
    outer loop
      vertex   1.630000e+02 6.200000e+01 4.130000e+02
      vertex   1.661158e+02 5.388424e+01 4.130000e+02
      vertex   1.657139e+02 5.346081e+01 4.130000e+02
    endloop
  endfacet
  facet normal -0.000000e+00 0.000000e+00 -1.000000e+00
    outer loop
      vertex   1.657139e+02 5.346081e+01 4.130000e+02
      vertex   1.653348e+02 5.301692e+01 4.130000e+02
      vertex   1.630000e+02 6.200000e+01 4.130000e+02
    endloop
  endfacet
  facet normal 0.000000e+00 -0.000000e+00 -1.000000e+00
    outer loop
      vertex   1.630000e+02 6.200000e+01 4.130000e+02
      vertex   1.653348e+02 5.301692e+01 4.130000e+02
      vertex   1.624586e+02 6.198534e+01 4.130000e+02
    endloop
  endfacet
  facet normal 0.000000e+00 -0.000000e+00 -1.000000e+00
    outer loop
      vertex   1.624586e+02 6.198534e+01 4.130000e+02
      vertex   1.653348e+02 5.301692e+01 4.130000e+02
      vertex   1.619188e+02 6.194138e+01 4.130000e+02
    endloop
  endfacet
  facet normal 0.000000e+00 0.000000e+00 -1.000000e+00
    outer loop
      vertex   1.619188e+02 6.194138e+01 4.130000e+02
      vertex   1.653348e+02 5.301692e+01 4.130000e+02
      vertex   1.649795e+02 5.255381e+01 4.130000e+02
    endloop
  endfacet
  facet normal 0.000000e+00 -0.000000e+00 -1.000000e+00
    outer loop
      vertex   1.619188e+02 6.194138e+01 4.130000e+02
      vertex   1.649795e+02 5.255381e+01 4.130000e+02
      vertex   1.613822e+02 6.186827e+01 4.130000e+02
    endloop
  endfacet
  facet normal 0.000000e+00 -0.000000e+00 -1.000000e+00
    outer loop
      vertex   1.613822e+02 6.186827e+01 4.130000e+02
      vertex   1.649795e+02 5.255381e+01 4.130000e+02
      vertex   1.608503e+02 6.176621e+01 4.130000e+02
    endloop
  endfacet
  facet normal 0.000000e+00 0.000000e+00 -1.000000e+00
    outer loop
      vertex   1.608503e+02 6.176621e+01 4.130000e+02
      vertex   1.649795e+02 5.255381e+01 4.130000e+02
      vertex   1.646488e+02 5.207273e+01 4.130000e+02
    endloop
  endfacet
  facet normal 0.000000e+00 -0.000000e+00 -1.000000e+00
    outer loop
      vertex   1.608503e+02 6.176621e+01 4.130000e+02
      vertex   1.646488e+02 5.207273e+01 4.130000e+02
      vertex   1.603247e+02 6.163550e+01 4.130000e+02
    endloop
  endfacet
  facet normal 0.000000e+00 -0.000000e+00 -1.000000e+00
    outer loop
      vertex   1.603247e+02 6.163550e+01 4.130000e+02
      vertex   1.646488e+02 5.207273e+01 4.130000e+02
      vertex   1.598070e+02 6.147653e+01 4.130000e+02
    endloop
  endfacet
  facet normal 0.000000e+00 -0.000000e+00 -1.000000e+00
    outer loop
      vertex   1.598070e+02 6.147653e+01 4.130000e+02
      vertex   1.646488e+02 5.207273e+01 4.130000e+02
      vertex   1.592986e+02 6.128977e+01 4.130000e+02
    endloop
  endfacet
  facet normal 0.000000e+00 0.000000e+00 -1.000000e+00
    outer loop
      vertex   1.592986e+02 6.128977e+01 4.130000e+02
      vertex   1.646488e+02 5.207273e+01 4.130000e+02
      vertex   1.643438e+02 5.157500e+01 4.130000e+02
    endloop
  endfacet
  facet normal 0.000000e+00 -0.000000e+00 -1.000000e+00
    outer loop
      vertex   1.592986e+02 6.128977e+01 4.130000e+02
      vertex   1.643438e+02 5.157500e+01 4.130000e+02
      vertex   1.588011e+02 6.107576e+01 4.130000e+02
    endloop
  endfacet
  facet normal 0.000000e+00 -0.000000e+00 -1.000000e+00
    outer loop
      vertex   1.588011e+02 6.107576e+01 4.130000e+02
      vertex   1.643438e+02 5.157500e+01 4.130000e+02
      vertex   1.583159e+02 6.083512e+01 4.130000e+02
    endloop
  endfacet
  facet normal 0.000000e+00 0.000000e+00 -1.000000e+00
    outer loop
      vertex   1.583159e+02 6.083512e+01 4.130000e+02
      vertex   1.643438e+02 5.157500e+01 4.130000e+02
      vertex   1.640653e+02 5.106200e+01 4.130000e+02
    endloop
  endfacet
  facet normal 0.000000e+00 -0.000000e+00 -1.000000e+00
    outer loop
      vertex   1.583159e+02 6.083512e+01 4.130000e+02
      vertex   1.640653e+02 5.106200e+01 4.130000e+02
      vertex   1.578445e+02 6.056857e+01 4.130000e+02
    endloop
  endfacet
  facet normal 0.000000e+00 -0.000000e+00 -1.000000e+00
    outer loop
      vertex   1.578445e+02 6.056857e+01 4.130000e+02
      vertex   1.640653e+02 5.106200e+01 4.130000e+02
      vertex   1.573881e+02 6.027689e+01 4.130000e+02
    endloop
  endfacet
  facet normal 0.000000e+00 -0.000000e+00 -1.000000e+00
    outer loop
      vertex   1.573881e+02 6.027689e+01 4.130000e+02
      vertex   1.640653e+02 5.106200e+01 4.130000e+02
      vertex   1.569483e+02 5.996093e+01 4.130000e+02
    endloop
  endfacet
  facet normal 0.000000e+00 0.000000e+00 -1.000000e+00
    outer loop
      vertex   1.569483e+02 5.996093e+01 4.130000e+02
      vertex   1.640653e+02 5.106200e+01 4.130000e+02
      vertex   1.638140e+02 5.053512e+01 4.130000e+02
    endloop
  endfacet
  facet normal 0.000000e+00 -0.000000e+00 -1.000000e+00
    outer loop
      vertex   1.569483e+02 5.996093e+01 4.130000e+02
      vertex   1.638140e+02 5.053512e+01 4.130000e+02
      vertex   1.565261e+02 5.962162e+01 4.130000e+02
    endloop
  endfacet
  facet normal 0.000000e+00 -0.000000e+00 -1.000000e+00
    outer loop
      vertex   1.565261e+02 5.962162e+01 4.130000e+02
      vertex   1.638140e+02 5.053512e+01 4.130000e+02
      vertex   1.561230e+02 5.925996e+01 4.130000e+02
    endloop
  endfacet
  facet normal 0.000000e+00 -0.000000e+00 -1.000000e+00
    outer loop
      vertex   1.561230e+02 5.925996e+01 4.130000e+02
      vertex   1.638140e+02 5.053512e+01 4.130000e+02
      vertex   1.557400e+02 5.887700e+01 4.130000e+02
    endloop
  endfacet
  facet normal 0.000000e+00 -0.000000e+00 -1.000000e+00
    outer loop
      vertex   1.557400e+02 5.887700e+01 4.130000e+02
      vertex   1.638140e+02 5.053512e+01 4.130000e+02
      vertex   1.553784e+02 5.847386e+01 4.130000e+02
    endloop
  endfacet
  facet normal 0.000000e+00 0.000000e+00 -1.000000e+00
    outer loop
      vertex   1.553784e+02 5.847386e+01 4.130000e+02
      vertex   1.638140e+02 5.053512e+01 4.130000e+02
      vertex   1.635906e+02 4.999580e+01 4.130000e+02
    endloop
  endfacet
  facet normal 0.000000e+00 -0.000000e+00 -1.000000e+00
    outer loop
      vertex   1.553784e+02 5.847386e+01 4.130000e+02
      vertex   1.635906e+02 4.999580e+01 4.130000e+02
      vertex   1.550391e+02 5.805174e+01 4.130000e+02
    endloop
  endfacet
  facet normal 0.000000e+00 -0.000000e+00 -1.000000e+00
    outer loop
      vertex   1.550391e+02 5.805174e+01 4.130000e+02
      vertex   1.635906e+02 4.999580e+01 4.130000e+02
      vertex   1.547231e+02 5.761187e+01 4.130000e+02
    endloop
  endfacet
  facet normal 0.000000e+00 -0.000000e+00 -1.000000e+00
    outer loop
      vertex   1.547231e+02 5.761187e+01 4.130000e+02
      vertex   1.635906e+02 4.999580e+01 4.130000e+02
      vertex   1.544314e+02 5.715554e+01 4.130000e+02
    endloop
  endfacet
  facet normal 0.000000e+00 -0.000000e+00 -1.000000e+00
    outer loop
      vertex   1.544314e+02 5.715554e+01 4.130000e+02
      vertex   1.635906e+02 4.999580e+01 4.130000e+02
      vertex   1.541649e+02 5.668409e+01 4.130000e+02
    endloop
  endfacet
  facet normal 0.000000e+00 -0.000000e+00 -1.000000e+00
    outer loop
      vertex   1.541649e+02 5.668409e+01 4.130000e+02
      vertex   1.635906e+02 4.999580e+01 4.130000e+02
      vertex   1.539242e+02 5.619889e+01 4.130000e+02
    endloop
  endfacet
  facet normal 0.000000e+00 0.000000e+00 -1.000000e+00
    outer loop
      vertex   1.539242e+02 5.619889e+01 4.130000e+02
      vertex   1.635906e+02 4.999580e+01 4.130000e+02
      vertex   1.633957e+02 4.944554e+01 4.130000e+02
    endloop
  endfacet
  facet normal 0.000000e+00 -0.000000e+00 -1.000000e+00
    outer loop
      vertex   1.539242e+02 5.619889e+01 4.130000e+02
      vertex   1.633957e+02 4.944554e+01 4.130000e+02
      vertex   1.537102e+02 5.570138e+01 4.130000e+02
    endloop
  endfacet
  facet normal 0.000000e+00 -0.000000e+00 -1.000000e+00
    outer loop
      vertex   1.537102e+02 5.570138e+01 4.130000e+02
      vertex   1.633957e+02 4.944554e+01 4.130000e+02
      vertex   1.535235e+02 5.519302e+01 4.130000e+02
    endloop
  endfacet
  facet normal 0.000000e+00 -0.000000e+00 -1.000000e+00
    outer loop
      vertex   1.535235e+02 5.519302e+01 4.130000e+02
      vertex   1.633957e+02 4.944554e+01 4.130000e+02
      vertex   1.533645e+02 5.467528e+01 4.130000e+02
    endloop
  endfacet
  facet normal 0.000000e+00 -0.000000e+00 -1.000000e+00
    outer loop
      vertex   1.533645e+02 5.467528e+01 4.130000e+02
      vertex   1.633957e+02 4.944554e+01 4.130000e+02
      vertex   1.532338e+02 5.414971e+01 4.130000e+02
    endloop
  endfacet
  facet normal 0.000000e+00 -0.000000e+00 -1.000000e+00
    outer loop
      vertex   1.532338e+02 5.414971e+01 4.130000e+02
      vertex   1.633957e+02 4.944554e+01 4.130000e+02
      vertex   1.531317e+02 5.361782e+01 4.130000e+02
    endloop
  endfacet
  facet normal 0.000000e+00 -0.000000e+00 -1.000000e+00
    outer loop
      vertex   1.531317e+02 5.361782e+01 4.130000e+02
      vertex   1.633957e+02 4.944554e+01 4.130000e+02
      vertex   1.530586e+02 5.308119e+01 4.130000e+02
    endloop
  endfacet
  facet normal 0.000000e+00 -0.000000e+00 -1.000000e+00
    outer loop
      vertex   1.530586e+02 5.308119e+01 4.130000e+02
      vertex   1.633957e+02 4.944554e+01 4.130000e+02
      vertex   1.530147e+02 5.254139e+01 4.130000e+02
    endloop
  endfacet
  facet normal 0.000000e+00 -0.000000e+00 -1.000000e+00
    outer loop
      vertex   1.530147e+02 5.254139e+01 4.130000e+02
      vertex   1.633957e+02 4.944554e+01 4.130000e+02
      vertex   1.530000e+02 5.200000e+01 4.130000e+02
    endloop
  endfacet
  facet normal 0.000000e+00 0.000000e+00 -1.000000e+00
    outer loop
      vertex   1.530000e+02 5.200000e+01 4.130000e+02
      vertex   1.633957e+02 4.944554e+01 4.130000e+02
      vertex   1.632299e+02 4.888583e+01 4.130000e+02
    endloop
  endfacet
  facet normal 0.000000e+00 0.000000e+00 -1.000000e+00
    outer loop
      vertex   1.530000e+02 5.200000e+01 4.130000e+02
      vertex   1.632299e+02 4.888583e+01 4.130000e+02
      vertex   1.630937e+02 4.831822e+01 4.130000e+02
    endloop
  endfacet
  facet normal -0.000000e+00 0.000000e+00 -1.000000e+00
    outer loop
      vertex   1.630937e+02 4.831822e+01 4.130000e+02
      vertex   1.629873e+02 4.774425e+01 4.130000e+02
      vertex   1.530000e+02 5.200000e+01 4.130000e+02
    endloop
  endfacet
  facet normal 0.000000e+00 0.000000e+00 -1.000000e+00
    outer loop
      vertex   1.530000e+02 5.200000e+01 4.130000e+02
      vertex   1.629873e+02 4.774425e+01 4.130000e+02
      vertex   1.629111e+02 4.716549e+01 4.130000e+02
    endloop
  endfacet
  facet normal 0.000000e+00 0.000000e+00 -1.000000e+00
    outer loop
      vertex   1.530000e+02 5.200000e+01 4.130000e+02
      vertex   1.629111e+02 4.716549e+01 4.130000e+02
      vertex   1.628653e+02 4.658355e+01 4.130000e+02
    endloop
  endfacet
  facet normal -0.000000e+00 0.000000e+00 -1.000000e+00
    outer loop
      vertex   1.628653e+02 4.658355e+01 4.130000e+02
      vertex   1.628500e+02 4.600000e+01 4.130000e+02
      vertex   1.530000e+02 5.200000e+01 4.130000e+02
    endloop
  endfacet
  facet normal 0.000000e+00 0.000000e+00 -1.000000e+00
    outer loop
      vertex   1.530000e+02 5.200000e+01 4.130000e+02
      vertex   1.628500e+02 4.600000e+01 4.130000e+02
      vertex   1.628653e+02 4.541646e+01 4.130000e+02
    endloop
  endfacet
  facet normal 0.000000e+00 0.000000e+00 -1.000000e+00
    outer loop
      vertex   1.530000e+02 5.200000e+01 4.130000e+02
      vertex   1.628653e+02 4.541646e+01 4.130000e+02
      vertex   1.629111e+02 4.483451e+01 4.130000e+02
    endloop
  endfacet
  facet normal -0.000000e+00 -0.000000e+00 -1.000000e+00
    outer loop
      vertex   1.629111e+02 4.483451e+01 4.130000e+02
      vertex   1.629873e+02 4.425576e+01 4.130000e+02
      vertex   1.530000e+02 5.200000e+01 4.130000e+02
    endloop
  endfacet
  facet normal 0.000000e+00 0.000000e+00 -1.000000e+00
    outer loop
      vertex   1.530000e+02 5.200000e+01 4.130000e+02
      vertex   1.629873e+02 4.425576e+01 4.130000e+02
      vertex   1.630937e+02 4.368179e+01 4.130000e+02
    endloop
  endfacet
  facet normal 0.000000e+00 0.000000e+00 -1.000000e+00
    outer loop
      vertex   1.530000e+02 5.200000e+01 4.130000e+02
      vertex   1.630937e+02 4.368179e+01 4.130000e+02
      vertex   1.632299e+02 4.311417e+01 4.130000e+02
    endloop
  endfacet
  facet normal -0.000000e+00 -0.000000e+00 -1.000000e+00
    outer loop
      vertex   1.632299e+02 4.311417e+01 4.130000e+02
      vertex   1.633957e+02 4.255446e+01 4.130000e+02
      vertex   1.530000e+02 5.200000e+01 4.130000e+02
    endloop
  endfacet
  facet normal 0.000000e+00 0.000000e+00 -1.000000e+00
    outer loop
      vertex   1.530000e+02 5.200000e+01 4.130000e+02
      vertex   1.633957e+02 4.255446e+01 4.130000e+02
      vertex   1.635906e+02 4.200420e+01 4.130000e+02
    endloop
  endfacet
  facet normal 3.992714e-13 4.230292e-13 -1.000000e+00
    outer loop
      vertex   1.530000e+02 5.200000e+01 4.130000e+02
      vertex   1.635906e+02 4.200420e+01 4.130000e+02
      vertex   1.590000e+02 2.000000e+01 4.130000e+02
    endloop
  endfacet
  facet normal 8.129358e-13 3.367291e-13 -1.000000e+00
    outer loop
      vertex   1.590000e+02 2.000000e+01 4.130000e+02
      vertex   1.635906e+02 4.200420e+01 4.130000e+02
      vertex   1.638140e+02 4.146489e+01 4.130000e+02
    endloop
  endfacet
  facet normal 7.401778e-13 3.530467e-13 -1.000000e+00
    outer loop
      vertex   1.590000e+02 2.000000e+01 4.130000e+02
      vertex   1.638140e+02 4.146489e+01 4.130000e+02
      vertex   1.640653e+02 4.093801e+01 4.130000e+02
    endloop
  endfacet
  facet normal 6.779550e-13 3.680995e-13 -1.000000e+00
    outer loop
      vertex   1.640653e+02 4.093801e+01 4.130000e+02
      vertex   1.643438e+02 4.042500e+01 4.130000e+02
      vertex   1.590000e+02 2.000000e+01 4.130000e+02
    endloop
  endfacet
  facet normal 6.238035e-13 3.822673e-13 -1.000000e+00
    outer loop
      vertex   1.590000e+02 2.000000e+01 4.130000e+02
      vertex   1.643438e+02 4.042500e+01 4.130000e+02
      vertex   1.646488e+02 3.992728e+01 4.130000e+02
    endloop
  endfacet
  facet normal 5.759428e-13 3.958345e-13 -1.000000e+00
    outer loop
      vertex   1.590000e+02 2.000000e+01 4.130000e+02
      vertex   1.646488e+02 3.992728e+01 4.130000e+02
      vertex   1.649795e+02 3.944620e+01 4.130000e+02
    endloop
  endfacet
  facet normal 5.330499e-13 4.090235e-13 -1.000000e+00
    outer loop
      vertex   1.649795e+02 3.944620e+01 4.130000e+02
      vertex   1.653348e+02 3.898308e+01 4.130000e+02
      vertex   1.590000e+02 2.000000e+01 4.130000e+02
    endloop
  endfacet
  facet normal 4.941170e-13 4.220158e-13 -1.000000e+00
    outer loop
      vertex   1.590000e+02 2.000000e+01 4.130000e+02
      vertex   1.653348e+02 3.898308e+01 4.130000e+02
      vertex   1.657139e+02 3.853920e+01 4.130000e+02
    endloop
  endfacet
  facet normal 4.583583e-13 4.349658e-13 -1.000000e+00
    outer loop
      vertex   1.590000e+02 2.000000e+01 4.130000e+02
      vertex   1.657139e+02 3.853920e+01 4.130000e+02
      vertex   1.661158e+02 3.811576e+01 4.130000e+02
    endloop
  endfacet
  facet normal 4.251467e-13 4.480111e-13 -1.000000e+00
    outer loop
      vertex   1.661158e+02 3.811576e+01 4.130000e+02
      vertex   1.665392e+02 3.771394e+01 4.130000e+02
      vertex   1.590000e+02 2.000000e+01 4.130000e+02
    endloop
  endfacet
  facet normal 3.939704e-13 4.612800e-13 -1.000000e+00
    outer loop
      vertex   1.590000e+02 2.000000e+01 4.130000e+02
      vertex   1.665392e+02 3.771394e+01 4.130000e+02
      vertex   1.669831e+02 3.733482e+01 4.130000e+02
    endloop
  endfacet
  facet normal 3.644015e-13 4.748972e-13 -1.000000e+00
    outer loop
      vertex   1.590000e+02 2.000000e+01 4.130000e+02
      vertex   1.669831e+02 3.733482e+01 4.130000e+02
      vertex   1.674462e+02 3.697946e+01 4.130000e+02
    endloop
  endfacet
  facet normal 3.360728e-13 4.889889e-13 -1.000000e+00
    outer loop
      vertex   1.674462e+02 3.697946e+01 4.130000e+02
      vertex   1.679273e+02 3.664883e+01 4.130000e+02
      vertex   1.590000e+02 2.000000e+01 4.130000e+02
    endloop
  endfacet
  facet normal 3.086603e-13 5.036878e-13 -1.000000e+00
    outer loop
      vertex   1.590000e+02 2.000000e+01 4.130000e+02
      vertex   1.679273e+02 3.664883e+01 4.130000e+02
      vertex   1.684250e+02 3.634382e+01 4.130000e+02
    endloop
  endfacet
  facet normal 2.818688e-13 5.191377e-13 -1.000000e+00
    outer loop
      vertex   1.590000e+02 2.000000e+01 4.130000e+02
      vertex   1.684250e+02 3.634382e+01 4.130000e+02
      vertex   1.689380e+02 3.606528e+01 4.130000e+02
    endloop
  endfacet
  facet normal 2.554199e-13 5.354990e-13 -1.000000e+00
    outer loop
      vertex   1.689380e+02 3.606528e+01 4.130000e+02
      vertex   1.694649e+02 3.581397e+01 4.130000e+02
      vertex   1.590000e+02 2.000000e+01 4.130000e+02
    endloop
  endfacet
  facet normal 2.290415e-13 5.529550e-13 -1.000000e+00
    outer loop
      vertex   1.590000e+02 2.000000e+01 4.130000e+02
      vertex   1.694649e+02 3.581397e+01 4.130000e+02
      vertex   1.700042e+02 3.559058e+01 4.130000e+02
    endloop
  endfacet
  facet normal 2.024564e-13 5.717194e-13 -1.000000e+00
    outer loop
      vertex   1.590000e+02 2.000000e+01 4.130000e+02
      vertex   1.700042e+02 3.559058e+01 4.130000e+02
      vertex   1.705545e+02 3.539572e+01 4.130000e+02
    endloop
  endfacet
  facet normal 1.753721e-13 5.920462e-13 -1.000000e+00
    outer loop
      vertex   1.705545e+02 3.539572e+01 4.130000e+02
      vertex   1.711142e+02 3.522993e+01 4.130000e+02
      vertex   1.590000e+02 2.000000e+01 4.130000e+02
    endloop
  endfacet
  facet normal 1.474666e-13 6.142427e-13 -1.000000e+00
    outer loop
      vertex   1.590000e+02 2.000000e+01 4.130000e+02
      vertex   1.711142e+02 3.522993e+01 4.130000e+02
      vertex   1.716818e+02 3.509366e+01 4.130000e+02
    endloop
  endfacet
  facet normal 1.183736e-13 6.386869e-13 -1.000000e+00
    outer loop
      vertex   1.590000e+02 2.000000e+01 4.130000e+02
      vertex   1.716818e+02 3.509366e+01 4.130000e+02
      vertex   1.722558e+02 3.498728e+01 4.130000e+02
    endloop
  endfacet
  facet normal 8.766097e-14 6.658512e-13 -1.000000e+00
    outer loop
      vertex   1.722558e+02 3.498728e+01 4.130000e+02
      vertex   1.728345e+02 3.491108e+01 4.130000e+02
      vertex   1.590000e+02 2.000000e+01 4.130000e+02
    endloop
  endfacet
  facet normal 5.480291e-14 6.963370e-13 -1.000000e+00
    outer loop
      vertex   1.590000e+02 2.000000e+01 4.130000e+02
      vertex   1.728345e+02 3.491108e+01 4.130000e+02
      vertex   1.734165e+02 3.486528e+01 4.130000e+02
    endloop
  endfacet
  facet normal 1.913990e-14 7.309232e-13 -1.000000e+00
    outer loop
      vertex   1.590000e+02 2.000000e+01 4.130000e+02
      vertex   1.734165e+02 3.486528e+01 4.130000e+02
      vertex   1.740000e+02 3.485000e+01 4.130000e+02
    endloop
  endfacet
  facet normal -1.940661e-14 7.411086e-13 -1.000000e+00
    outer loop
      vertex   1.745836e+02 3.486528e+01 4.130000e+02
      vertex   1.810000e+02 2.000000e+01 4.130000e+02
      vertex   1.740000e+02 3.485000e+01 4.130000e+02
    endloop
  endfacet
  facet normal 0.000000e+00 7.502565e-13 -1.000000e+00
    outer loop
      vertex   1.740000e+02 3.485000e+01 4.130000e+02
      vertex   1.810000e+02 2.000000e+01 4.130000e+02
      vertex   1.670000e+02 2.000000e+01 4.130000e+02
    endloop
  endfacet
  facet normal 0.000000e+00 7.502565e-13 -1.000000e+00
    outer loop
      vertex   1.740000e+02 3.485000e+01 4.130000e+02
      vertex   1.670000e+02 2.000000e+01 4.130000e+02
      vertex   1.590000e+02 2.000000e+01 4.130000e+02
    endloop
  endfacet
  facet normal -5.704781e-14 7.248612e-13 -1.000000e+00
    outer loop
      vertex   1.745836e+02 3.486528e+01 4.130000e+02
      vertex   1.751655e+02 3.491108e+01 4.130000e+02
      vertex   1.810000e+02 2.000000e+01 4.130000e+02
    endloop
  endfacet
  facet normal -9.354945e-14 7.105786e-13 -1.000000e+00
    outer loop
      vertex   1.810000e+02 2.000000e+01 4.130000e+02
      vertex   1.751655e+02 3.491108e+01 4.130000e+02
      vertex   1.757443e+02 3.498728e+01 4.130000e+02
    endloop
  endfacet
  facet normal -1.293698e-13 6.980171e-13 -1.000000e+00
    outer loop
      vertex   1.810000e+02 2.000000e+01 4.130000e+02
      vertex   1.757443e+02 3.498728e+01 4.130000e+02
      vertex   1.763182e+02 3.509366e+01 4.130000e+02
    endloop
  endfacet
  facet normal -1.649309e-13 6.869868e-13 -1.000000e+00
    outer loop
      vertex   1.763182e+02 3.509366e+01 4.130000e+02
      vertex   1.768858e+02 3.522993e+01 4.130000e+02
      vertex   1.810000e+02 2.000000e+01 4.130000e+02
    endloop
  endfacet
  facet normal -2.006376e-13 6.773411e-13 -1.000000e+00
    outer loop
      vertex   1.810000e+02 2.000000e+01 4.130000e+02
      vertex   1.768858e+02 3.522993e+01 4.130000e+02
      vertex   1.774455e+02 3.539572e+01 4.130000e+02
    endloop
  endfacet
  facet normal -2.368948e-13 6.689703e-13 -1.000000e+00
    outer loop
      vertex   1.810000e+02 2.000000e+01 4.130000e+02
      vertex   1.774455e+02 3.539572e+01 4.130000e+02
      vertex   1.779958e+02 3.559058e+01 4.130000e+02
    endloop
  endfacet
  facet normal -2.741250e-13 6.617964e-13 -1.000000e+00
    outer loop
      vertex   1.779958e+02 3.559058e+01 4.130000e+02
      vertex   1.785351e+02 3.581397e+01 4.130000e+02
      vertex   1.810000e+02 2.000000e+01 4.130000e+02
    endloop
  endfacet
  facet normal -3.127864e-13 6.557704e-13 -1.000000e+00
    outer loop
      vertex   1.810000e+02 2.000000e+01 4.130000e+02
      vertex   1.785351e+02 3.581397e+01 4.130000e+02
      vertex   1.790620e+02 3.606528e+01 4.130000e+02
    endloop
  endfacet
  facet normal -3.533945e-13 6.508717e-13 -1.000000e+00
    outer loop
      vertex   1.810000e+02 2.000000e+01 4.130000e+02
      vertex   1.790620e+02 3.606528e+01 4.130000e+02
      vertex   1.795750e+02 3.634382e+01 4.130000e+02
    endloop
  endfacet
  facet normal -3.965490e-13 6.471092e-13 -1.000000e+00
    outer loop
      vertex   1.795750e+02 3.634382e+01 4.130000e+02
      vertex   1.800727e+02 3.664883e+01 4.130000e+02
      vertex   1.810000e+02 2.000000e+01 4.130000e+02
    endloop
  endfacet
  facet normal -4.429689e-13 6.445238e-13 -1.000000e+00
    outer loop
      vertex   1.810000e+02 2.000000e+01 4.130000e+02
      vertex   1.800727e+02 3.664883e+01 4.130000e+02
      vertex   1.805538e+02 3.697946e+01 4.130000e+02
    endloop
  endfacet
  facet normal -4.935408e-13 6.431949e-13 -1.000000e+00
    outer loop
      vertex   1.810000e+02 2.000000e+01 4.130000e+02
      vertex   1.805538e+02 3.697946e+01 4.130000e+02
      vertex   1.810169e+02 3.733482e+01 4.130000e+02
    endloop
  endfacet
  facet normal 0.000000e+00 6.427126e-13 -1.000000e+00
    outer loop
      vertex   1.810000e+02 2.000000e+01 4.130000e+02
      vertex   1.810169e+02 3.733482e+01 4.130000e+02
      vertex   1.890000e+02 2.000000e+01 4.130000e+02
    endloop
  endfacet
  facet normal -3.939705e-13 4.612802e-13 -1.000000e+00
    outer loop
      vertex   1.890000e+02 2.000000e+01 4.130000e+02
      vertex   1.810169e+02 3.733482e+01 4.130000e+02
      vertex   1.814608e+02 3.771394e+01 4.130000e+02
    endloop
  endfacet
  facet normal -4.251468e-13 4.480113e-13 -1.000000e+00
    outer loop
      vertex   1.890000e+02 2.000000e+01 4.130000e+02
      vertex   1.814608e+02 3.771394e+01 4.130000e+02
      vertex   1.818842e+02 3.811576e+01 4.130000e+02
    endloop
  endfacet
  facet normal -4.583585e-13 4.349659e-13 -1.000000e+00
    outer loop
      vertex   1.818842e+02 3.811576e+01 4.130000e+02
      vertex   1.822861e+02 3.853920e+01 4.130000e+02
      vertex   1.890000e+02 2.000000e+01 4.130000e+02
    endloop
  endfacet
  facet normal -4.941172e-13 4.220160e-13 -1.000000e+00
    outer loop
      vertex   1.890000e+02 2.000000e+01 4.130000e+02
      vertex   1.822861e+02 3.853920e+01 4.130000e+02
      vertex   1.826652e+02 3.898308e+01 4.130000e+02
    endloop
  endfacet
  facet normal -5.330501e-13 4.090237e-13 -1.000000e+00
    outer loop
      vertex   1.890000e+02 2.000000e+01 4.130000e+02
      vertex   1.826652e+02 3.898308e+01 4.130000e+02
      vertex   1.830205e+02 3.944620e+01 4.130000e+02
    endloop
  endfacet
  facet normal -5.759430e-13 3.958347e-13 -1.000000e+00
    outer loop
      vertex   1.830205e+02 3.944620e+01 4.130000e+02
      vertex   1.833512e+02 3.992728e+01 4.130000e+02
      vertex   1.890000e+02 2.000000e+01 4.130000e+02
    endloop
  endfacet
  facet normal -6.238038e-13 3.822675e-13 -1.000000e+00
    outer loop
      vertex   1.890000e+02 2.000000e+01 4.130000e+02
      vertex   1.833512e+02 3.992728e+01 4.130000e+02
      vertex   1.836562e+02 4.042500e+01 4.130000e+02
    endloop
  endfacet
  facet normal -6.779554e-13 3.680997e-13 -1.000000e+00
    outer loop
      vertex   1.890000e+02 2.000000e+01 4.130000e+02
      vertex   1.836562e+02 4.042500e+01 4.130000e+02
      vertex   1.839347e+02 4.093801e+01 4.130000e+02
    endloop
  endfacet
  facet normal -7.401782e-13 3.530469e-13 -1.000000e+00
    outer loop
      vertex   1.839347e+02 4.093801e+01 4.130000e+02
      vertex   1.841860e+02 4.146489e+01 4.130000e+02
      vertex   1.890000e+02 2.000000e+01 4.130000e+02
    endloop
  endfacet
  facet normal -8.129364e-13 3.367293e-13 -1.000000e+00
    outer loop
      vertex   1.890000e+02 2.000000e+01 4.130000e+02
      vertex   1.841860e+02 4.146489e+01 4.130000e+02
      vertex   1.844094e+02 4.200420e+01 4.130000e+02
    endloop
  endfacet
  facet normal -3.992717e-13 4.230293e-13 -1.000000e+00
    outer loop
      vertex   1.890000e+02 2.000000e+01 4.130000e+02
      vertex   1.844094e+02 4.200420e+01 4.130000e+02
      vertex   1.950000e+02 5.200000e+01 4.130000e+02
    endloop
  endfacet
  facet normal 0.000000e+00 0.000000e+00 -1.000000e+00
    outer loop
      vertex   1.950000e+02 5.200000e+01 4.130000e+02
      vertex   1.844094e+02 4.200420e+01 4.130000e+02
      vertex   1.846043e+02 4.255446e+01 4.130000e+02
    endloop
  endfacet
  facet normal 0.000000e+00 0.000000e+00 -1.000000e+00
    outer loop
      vertex   1.950000e+02 5.200000e+01 4.130000e+02
      vertex   1.846043e+02 4.255446e+01 4.130000e+02
      vertex   1.847701e+02 4.311417e+01 4.130000e+02
    endloop
  endfacet
  facet normal 0.000000e+00 0.000000e+00 -1.000000e+00
    outer loop
      vertex   1.847701e+02 4.311417e+01 4.130000e+02
      vertex   1.849064e+02 4.368179e+01 4.130000e+02
      vertex   1.950000e+02 5.200000e+01 4.130000e+02
    endloop
  endfacet
  facet normal 0.000000e+00 0.000000e+00 -1.000000e+00
    outer loop
      vertex   1.950000e+02 5.200000e+01 4.130000e+02
      vertex   1.849064e+02 4.368179e+01 4.130000e+02
      vertex   1.850127e+02 4.425576e+01 4.130000e+02
    endloop
  endfacet
  facet normal 0.000000e+00 0.000000e+00 -1.000000e+00
    outer loop
      vertex   1.950000e+02 5.200000e+01 4.130000e+02
      vertex   1.850127e+02 4.425576e+01 4.130000e+02
      vertex   1.850889e+02 4.483451e+01 4.130000e+02
    endloop
  endfacet
  facet normal 0.000000e+00 0.000000e+00 -1.000000e+00
    outer loop
      vertex   1.850889e+02 4.483451e+01 4.130000e+02
      vertex   1.851347e+02 4.541646e+01 4.130000e+02
      vertex   1.950000e+02 5.200000e+01 4.130000e+02
    endloop
  endfacet
  facet normal 0.000000e+00 0.000000e+00 -1.000000e+00
    outer loop
      vertex   1.860812e+02 6.194138e+01 4.130000e+02
      vertex   1.866178e+02 6.186827e+01 4.130000e+02
      vertex   1.935686e+02 5.715554e+01 4.130000e+02
    endloop
  endfacet
  facet normal 0.000000e+00 0.000000e+00 -1.000000e+00
    outer loop
      vertex   1.935686e+02 5.715554e+01 4.130000e+02
      vertex   1.866178e+02 6.186827e+01 4.130000e+02
      vertex   1.871497e+02 6.176621e+01 4.130000e+02
    endloop
  endfacet
  facet normal 0.000000e+00 0.000000e+00 -1.000000e+00
    outer loop
      vertex   1.935686e+02 5.715554e+01 4.130000e+02
      vertex   1.871497e+02 6.176621e+01 4.130000e+02
      vertex   1.876753e+02 6.163550e+01 4.130000e+02
    endloop
  endfacet
  facet normal 0.000000e+00 0.000000e+00 -1.000000e+00
    outer loop
      vertex   1.876753e+02 6.163550e+01 4.130000e+02
      vertex   1.881930e+02 6.147653e+01 4.130000e+02
      vertex   1.935686e+02 5.715554e+01 4.130000e+02
    endloop
  endfacet
  facet normal 0.000000e+00 0.000000e+00 -1.000000e+00
    outer loop
      vertex   1.935686e+02 5.715554e+01 4.130000e+02
      vertex   1.881930e+02 6.147653e+01 4.130000e+02
      vertex   1.887014e+02 6.128977e+01 4.130000e+02
    endloop
  endfacet
  facet normal 0.000000e+00 0.000000e+00 -1.000000e+00
    outer loop
      vertex   1.935686e+02 5.715554e+01 4.130000e+02
      vertex   1.887014e+02 6.128977e+01 4.130000e+02
      vertex   1.891989e+02 6.107576e+01 4.130000e+02
    endloop
  endfacet
  facet normal 0.000000e+00 0.000000e+00 -1.000000e+00
    outer loop
      vertex   1.891989e+02 6.107576e+01 4.130000e+02
      vertex   1.896841e+02 6.083512e+01 4.130000e+02
      vertex   1.935686e+02 5.715554e+01 4.130000e+02
    endloop
  endfacet
  facet normal 0.000000e+00 0.000000e+00 -1.000000e+00
    outer loop
      vertex   1.935686e+02 5.715554e+01 4.130000e+02
      vertex   1.896841e+02 6.083512e+01 4.130000e+02
      vertex   1.901555e+02 6.056857e+01 4.130000e+02
    endloop
  endfacet
  facet normal 0.000000e+00 0.000000e+00 -1.000000e+00
    outer loop
      vertex   1.935686e+02 5.715554e+01 4.130000e+02
      vertex   1.901555e+02 6.056857e+01 4.130000e+02
      vertex   1.906119e+02 6.027689e+01 4.130000e+02
    endloop
  endfacet
  facet normal 0.000000e+00 0.000000e+00 -1.000000e+00
    outer loop
      vertex   1.906119e+02 6.027689e+01 4.130000e+02
      vertex   1.910517e+02 5.996093e+01 4.130000e+02
      vertex   1.935686e+02 5.715554e+01 4.130000e+02
    endloop
  endfacet
  facet normal 0.000000e+00 0.000000e+00 -1.000000e+00
    outer loop
      vertex   1.935686e+02 5.715554e+01 4.130000e+02
      vertex   1.910517e+02 5.996093e+01 4.130000e+02
      vertex   1.914739e+02 5.962162e+01 4.130000e+02
    endloop
  endfacet
  facet normal 0.000000e+00 0.000000e+00 -1.000000e+00
    outer loop
      vertex   1.935686e+02 5.715554e+01 4.130000e+02
      vertex   1.914739e+02 5.962162e+01 4.130000e+02
      vertex   1.918770e+02 5.925996e+01 4.130000e+02
    endloop
  endfacet
  facet normal 0.000000e+00 0.000000e+00 -1.000000e+00
    outer loop
      vertex   1.918770e+02 5.925996e+01 4.130000e+02
      vertex   1.922600e+02 5.887700e+01 4.130000e+02
      vertex   1.935686e+02 5.715554e+01 4.130000e+02
    endloop
  endfacet
  facet normal 0.000000e+00 0.000000e+00 -1.000000e+00
    outer loop
      vertex   1.935686e+02 5.715554e+01 4.130000e+02
      vertex   1.922600e+02 5.887700e+01 4.130000e+02
      vertex   1.926216e+02 5.847386e+01 4.130000e+02
    endloop
  endfacet
  facet normal 0.000000e+00 0.000000e+00 -1.000000e+00
    outer loop
      vertex   1.935686e+02 5.715554e+01 4.130000e+02
      vertex   1.926216e+02 5.847386e+01 4.130000e+02
      vertex   1.929609e+02 5.805174e+01 4.130000e+02
    endloop
  endfacet
  facet normal 0.000000e+00 0.000000e+00 -1.000000e+00
    outer loop
      vertex   1.929609e+02 5.805174e+01 4.130000e+02
      vertex   1.932769e+02 5.761187e+01 4.130000e+02
      vertex   1.935686e+02 5.715554e+01 4.130000e+02
    endloop
  endfacet
  facet normal 1.856887e-12 0.000000e+00 -1.000000e+00
    outer loop
      vertex   1.950000e+02 5.200000e+01 4.130000e+02
      vertex   1.950000e+02 8.000000e+00 4.130000e+02
      vertex   1.890000e+02 2.000000e+01 4.130000e+02
    endloop
  endfacet
  facet normal -1.856883e-12 -1.856883e-12 -1.000000e+00
    outer loop
      vertex   1.890000e+02 2.000000e+01 4.130000e+02
      vertex   1.950000e+02 8.000000e+00 4.130000e+02
      vertex   1.930000e+02 1.000000e+01 4.130000e+02
    endloop
  endfacet
  facet normal 2.785333e-12 0.000000e+00 -1.000000e+00
    outer loop
      vertex   1.890000e+02 2.000000e+01 4.130000e+02
      vertex   1.930000e+02 1.000000e+01 4.130000e+02
      vertex   1.890000e+02 1.000000e+01 4.130000e+02
    endloop
  endfacet
  facet normal 0.000000e+00 0.000000e+00 -1.000000e+00
    outer loop
      vertex   1.810000e+02 1.000000e+01 4.130000e+02
      vertex   1.670000e+02 1.000000e+01 4.130000e+02
      vertex   1.810000e+02 2.000000e+01 4.130000e+02
    endloop
  endfacet
  facet normal -0.000000e+00 0.000000e+00 -1.000000e+00
    outer loop
      vertex   1.810000e+02 2.000000e+01 4.130000e+02
      vertex   1.670000e+02 1.000000e+01 4.130000e+02
      vertex   1.670000e+02 2.000000e+01 4.130000e+02
    endloop
  endfacet
  facet normal -2.785335e-12 0.000000e+00 -1.000000e+00
    outer loop
      vertex   1.590000e+02 1.000000e+01 4.130000e+02
      vertex   1.550000e+02 1.000000e+01 4.130000e+02
      vertex   1.590000e+02 2.000000e+01 4.130000e+02
    endloop
  endfacet
  facet normal 1.856881e-12 -1.856881e-12 -1.000000e+00
    outer loop
      vertex   1.590000e+02 2.000000e+01 4.130000e+02
      vertex   1.550000e+02 1.000000e+01 4.130000e+02
      vertex   1.530000e+02 8.000000e+00 4.130000e+02
    endloop
  endfacet
  facet normal -1.856889e-12 -1.223932e-27 -1.000000e+00
    outer loop
      vertex   1.590000e+02 2.000000e+01 4.130000e+02
      vertex   1.530000e+02 8.000000e+00 4.130000e+02
      vertex   1.530000e+02 5.200000e+01 4.130000e+02
    endloop
  endfacet
  facet normal 0.000000e+00 1.000000e+00 0.000000e+00
    outer loop
      vertex   1.604152e+02 7.000000e+00 4.097189e+02
      vertex   1.580038e+02 7.000000e+00 4.098061e+02
      vertex   1.604000e+02 7.000000e+00 4.100000e+02
    endloop
  endfacet
  facet normal 0.000000e+00 1.000000e+00 0.000000e+00
    outer loop
      vertex   1.604000e+02 7.000000e+00 4.100000e+02
      vertex   1.580038e+02 7.000000e+00 4.098061e+02
      vertex   1.580038e+02 7.000000e+00 4.101939e+02
    endloop
  endfacet
  facet normal 0.000000e+00 1.000000e+00 -0.000000e+00
    outer loop
      vertex   1.604000e+02 7.000000e+00 4.100000e+02
      vertex   1.580038e+02 7.000000e+00 4.101939e+02
      vertex   1.604152e+02 7.000000e+00 4.102811e+02
    endloop
  endfacet
  facet normal 0.000000e+00 1.000000e+00 0.000000e+00
    outer loop
      vertex   1.604152e+02 7.000000e+00 4.102811e+02
      vertex   1.580038e+02 7.000000e+00 4.101939e+02
      vertex   1.580338e+02 7.000000e+00 4.105805e+02
    endloop
  endfacet
  facet normal 0.000000e+00 1.000000e+00 0.000000e+00
    outer loop
      vertex   1.604152e+02 7.000000e+00 4.102811e+02
      vertex   1.580338e+02 7.000000e+00 4.105805e+02
      vertex   1.580937e+02 7.000000e+00 4.109636e+02
    endloop
  endfacet
  facet normal 0.000000e+00 1.000000e+00 0.000000e+00
    outer loop
      vertex   1.604608e+02 7.000000e+00 4.094411e+02
      vertex   1.580937e+02 7.000000e+00 4.090364e+02
      vertex   1.604152e+02 7.000000e+00 4.097189e+02
    endloop
  endfacet
  facet normal 0.000000e+00 1.000000e+00 0.000000e+00
    outer loop
      vertex   1.604152e+02 7.000000e+00 4.097189e+02
      vertex   1.580937e+02 7.000000e+00 4.090364e+02
      vertex   1.580338e+02 7.000000e+00 4.094195e+02
    endloop
  endfacet
  facet normal 0.000000e+00 1.000000e+00 0.000000e+00
    outer loop
      vertex   1.604152e+02 7.000000e+00 4.097189e+02
      vertex   1.580338e+02 7.000000e+00 4.094195e+02
      vertex   1.580038e+02 7.000000e+00 4.098061e+02
    endloop
  endfacet
  facet normal -0.000000e+00 1.000000e+00 0.000000e+00
    outer loop
      vertex   1.580937e+02 7.000000e+00 4.090364e+02
      vertex   1.604608e+02 7.000000e+00 4.094411e+02
      vertex   1.581831e+02 7.000000e+00 4.086591e+02
    endloop
  endfacet
  facet normal 0.000000e+00 1.000000e+00 0.000000e+00
    outer loop
      vertex   1.581831e+02 7.000000e+00 4.086591e+02
      vertex   1.604608e+02 7.000000e+00 4.094411e+02
      vertex   1.605361e+02 7.000000e+00 4.091698e+02
    endloop
  endfacet
  facet normal -0.000000e+00 1.000000e+00 0.000000e+00
    outer loop
      vertex   1.581831e+02 7.000000e+00 4.086591e+02
      vertex   1.605361e+02 7.000000e+00 4.091698e+02
      vertex   1.583015e+02 7.000000e+00 4.082899e+02
    endloop
  endfacet
  facet normal 0.000000e+00 1.000000e+00 0.000000e+00
    outer loop
      vertex   1.583015e+02 7.000000e+00 4.082899e+02
      vertex   1.605361e+02 7.000000e+00 4.091698e+02
      vertex   1.606403e+02 7.000000e+00 4.089083e+02
    endloop
  endfacet
  facet normal -0.000000e+00 1.000000e+00 0.000000e+00
    outer loop
      vertex   1.583015e+02 7.000000e+00 4.082899e+02
      vertex   1.606403e+02 7.000000e+00 4.089083e+02
      vertex   1.584482e+02 7.000000e+00 4.079309e+02
    endloop
  endfacet
  facet normal -0.000000e+00 1.000000e+00 0.000000e+00
    outer loop
      vertex   1.584482e+02 7.000000e+00 4.079309e+02
      vertex   1.606403e+02 7.000000e+00 4.089083e+02
      vertex   1.586222e+02 7.000000e+00 4.075844e+02
    endloop
  endfacet
  facet normal 0.000000e+00 1.000000e+00 0.000000e+00
    outer loop
      vertex   1.586222e+02 7.000000e+00 4.075844e+02
      vertex   1.606403e+02 7.000000e+00 4.089083e+02
      vertex   1.607722e+02 7.000000e+00 4.086596e+02
    endloop
  endfacet
  facet normal -0.000000e+00 1.000000e+00 0.000000e+00
    outer loop
      vertex   1.586222e+02 7.000000e+00 4.075844e+02
      vertex   1.607722e+02 7.000000e+00 4.086596e+02
      vertex   1.588226e+02 7.000000e+00 4.072525e+02
    endloop
  endfacet
  facet normal 0.000000e+00 1.000000e+00 0.000000e+00
    outer loop
      vertex   1.588226e+02 7.000000e+00 4.072525e+02
      vertex   1.607722e+02 7.000000e+00 4.086596e+02
      vertex   1.609302e+02 7.000000e+00 4.084265e+02
    endloop
  endfacet
  facet normal -0.000000e+00 1.000000e+00 0.000000e+00
    outer loop
      vertex   1.588226e+02 7.000000e+00 4.072525e+02
      vertex   1.609302e+02 7.000000e+00 4.084265e+02
      vertex   1.590480e+02 7.000000e+00 4.069370e+02
    endloop
  endfacet
  facet normal 0.000000e+00 1.000000e+00 0.000000e+00
    outer loop
      vertex   1.590480e+02 7.000000e+00 4.069370e+02
      vertex   1.609302e+02 7.000000e+00 4.084265e+02
      vertex   1.611124e+02 7.000000e+00 4.082120e+02
    endloop
  endfacet
  facet normal 0.000000e+00 1.000000e+00 0.000000e+00
    outer loop
      vertex   1.590480e+02 7.000000e+00 4.069370e+02
      vertex   1.611124e+02 7.000000e+00 4.082120e+02
      vertex   1.613168e+02 7.000000e+00 4.080184e+02
    endloop
  endfacet
  facet normal 0.000000e+00 1.000000e+00 0.000000e+00
    outer loop
      vertex   1.613168e+02 7.000000e+00 4.080184e+02
      vertex   1.615409e+02 7.000000e+00 4.078480e+02
      vertex   1.590480e+02 7.000000e+00 4.069370e+02
    endloop
  endfacet
  facet normal 0.000000e+00 1.000000e+00 0.000000e+00
    outer loop
      vertex   1.590480e+02 7.000000e+00 4.069370e+02
      vertex   1.615409e+02 7.000000e+00 4.078480e+02
      vertex   1.617821e+02 7.000000e+00 4.077029e+02
    endloop
  endfacet
  facet normal -0.000000e+00 1.000000e+00 0.000000e+00
    outer loop
      vertex   1.590480e+02 7.000000e+00 4.069370e+02
      vertex   1.617821e+02 7.000000e+00 4.077029e+02
      vertex   1.592973e+02 7.000000e+00 4.066400e+02
    endloop
  endfacet
  facet normal 0.000000e+00 1.000000e+00 0.000000e+00
    outer loop
      vertex   1.592973e+02 7.000000e+00 4.066400e+02
      vertex   1.617821e+02 7.000000e+00 4.077029e+02
      vertex   1.620376e+02 7.000000e+00 4.075847e+02
    endloop
  endfacet
  facet normal 0.000000e+00 1.000000e+00 0.000000e+00
    outer loop
      vertex   1.592973e+02 7.000000e+00 4.066400e+02
      vertex   1.620376e+02 7.000000e+00 4.075847e+02
      vertex   1.623044e+02 7.000000e+00 4.074948e+02
    endloop
  endfacet
  facet normal 0.000000e+00 1.000000e+00 0.000000e+00
    outer loop
      vertex   1.623044e+02 7.000000e+00 4.074948e+02
      vertex   1.625794e+02 7.000000e+00 4.074343e+02
      vertex   1.592973e+02 7.000000e+00 4.066400e+02
    endloop
  endfacet
  facet normal -0.000000e+00 1.000000e+00 0.000000e+00
    outer loop
      vertex   1.592973e+02 7.000000e+00 4.066400e+02
      vertex   1.625794e+02 7.000000e+00 4.074343e+02
      vertex   1.595688e+02 7.000000e+00 4.063631e+02
    endloop
  endfacet
  facet normal -0.000000e+00 1.000000e+00 0.000000e+00
    outer loop
      vertex   1.595688e+02 7.000000e+00 4.063631e+02
      vertex   1.625794e+02 7.000000e+00 4.074343e+02
      vertex   1.598609e+02 7.000000e+00 4.061082e+02
    endloop
  endfacet
  facet normal -0.000000e+00 1.000000e+00 0.000000e+00
    outer loop
      vertex   1.598609e+02 7.000000e+00 4.061082e+02
      vertex   1.625794e+02 7.000000e+00 4.074343e+02
      vertex   1.601720e+02 7.000000e+00 4.058766e+02
    endloop
  endfacet
  facet normal -0.000000e+00 1.000000e+00 0.000000e+00
    outer loop
      vertex   1.601720e+02 7.000000e+00 4.058766e+02
      vertex   1.625794e+02 7.000000e+00 4.074343e+02
      vertex   1.605000e+02 7.000000e+00 4.056699e+02
    endloop
  endfacet
  facet normal -0.000000e+00 1.000000e+00 0.000000e+00
    outer loop
      vertex   1.605000e+02 7.000000e+00 4.056699e+02
      vertex   1.625794e+02 7.000000e+00 4.074343e+02
      vertex   1.608431e+02 7.000000e+00 4.054892e+02
    endloop
  endfacet
  facet normal -0.000000e+00 1.000000e+00 0.000000e+00
    outer loop
      vertex   1.608431e+02 7.000000e+00 4.054892e+02
      vertex   1.625794e+02 7.000000e+00 4.074343e+02
      vertex   1.611991e+02 7.000000e+00 4.053356e+02
    endloop
  endfacet
  facet normal -0.000000e+00 1.000000e+00 0.000000e+00
    outer loop
      vertex   1.611991e+02 7.000000e+00 4.053356e+02
      vertex   1.625794e+02 7.000000e+00 4.074343e+02
      vertex   1.615660e+02 7.000000e+00 4.052101e+02
    endloop
  endfacet
  facet normal -0.000000e+00 1.000000e+00 0.000000e+00
    outer loop
      vertex   1.615660e+02 7.000000e+00 4.052101e+02
      vertex   1.625794e+02 7.000000e+00 4.074343e+02
      vertex   1.619415e+02 7.000000e+00 4.051133e+02
    endloop
  endfacet
  facet normal -0.000000e+00 1.000000e+00 0.000000e+00
    outer loop
      vertex   1.619415e+02 7.000000e+00 4.051133e+02
      vertex   1.625794e+02 7.000000e+00 4.074343e+02
      vertex   1.623233e+02 7.000000e+00 4.050460e+02
    endloop
  endfacet
  facet normal 0.000000e+00 1.000000e+00 0.000000e+00
    outer loop
      vertex   1.623233e+02 7.000000e+00 4.050460e+02
      vertex   1.625794e+02 7.000000e+00 4.074343e+02
      vertex   1.628592e+02 7.000000e+00 4.074038e+02
    endloop
  endfacet
  facet normal -0.000000e+00 1.000000e+00 0.000000e+00
    outer loop
      vertex   1.623233e+02 7.000000e+00 4.050460e+02
      vertex   1.628592e+02 7.000000e+00 4.074038e+02
      vertex   1.627093e+02 7.000000e+00 4.050085e+02
    endloop
  endfacet
  facet normal -0.000000e+00 1.000000e+00 0.000000e+00
    outer loop
      vertex   1.627093e+02 7.000000e+00 4.050085e+02
      vertex   1.628592e+02 7.000000e+00 4.074038e+02
      vertex   1.630970e+02 7.000000e+00 4.050009e+02
    endloop
  endfacet
  facet normal 0.000000e+00 1.000000e+00 -0.000000e+00
    outer loop
      vertex   1.630970e+02 7.000000e+00 4.050009e+02
      vertex   1.628592e+02 7.000000e+00 4.074038e+02
      vertex   1.631408e+02 7.000000e+00 4.074038e+02
    endloop
  endfacet
  facet normal 0.000000e+00 1.000000e+00 0.000000e+00
    outer loop
      vertex   1.630970e+02 7.000000e+00 4.050009e+02
      vertex   1.631408e+02 7.000000e+00 4.074038e+02
      vertex   1.634841e+02 7.000000e+00 4.050235e+02
    endloop
  endfacet
  facet normal 0.000000e+00 1.000000e+00 0.000000e+00
    outer loop
      vertex   1.634841e+02 7.000000e+00 4.050235e+02
      vertex   1.631408e+02 7.000000e+00 4.074038e+02
      vertex   1.634206e+02 7.000000e+00 4.074343e+02
    endloop
  endfacet
  facet normal 0.000000e+00 1.000000e+00 -0.000000e+00
    outer loop
      vertex   1.634841e+02 7.000000e+00 4.050235e+02
      vertex   1.634206e+02 7.000000e+00 4.074343e+02
      vertex   1.638682e+02 7.000000e+00 4.050760e+02
    endloop
  endfacet
  facet normal 0.000000e+00 1.000000e+00 -0.000000e+00
    outer loop
      vertex   1.638682e+02 7.000000e+00 4.050760e+02
      vertex   1.634206e+02 7.000000e+00 4.074343e+02
      vertex   1.642472e+02 7.000000e+00 4.051581e+02
    endloop
  endfacet
  facet normal 0.000000e+00 1.000000e+00 0.000000e+00
    outer loop
      vertex   1.642472e+02 7.000000e+00 4.051581e+02
      vertex   1.634206e+02 7.000000e+00 4.074343e+02
      vertex   1.636956e+02 7.000000e+00 4.074948e+02
    endloop
  endfacet
  facet normal 0.000000e+00 1.000000e+00 -0.000000e+00
    outer loop
      vertex   1.642472e+02 7.000000e+00 4.051581e+02
      vertex   1.636956e+02 7.000000e+00 4.074948e+02
      vertex   1.646187e+02 7.000000e+00 4.052693e+02
    endloop
  endfacet
  facet normal 0.000000e+00 1.000000e+00 0.000000e+00
    outer loop
      vertex   1.646187e+02 7.000000e+00 4.052693e+02
      vertex   1.636956e+02 7.000000e+00 4.074948e+02
      vertex   1.639624e+02 7.000000e+00 4.075847e+02
    endloop
  endfacet
  facet normal 0.000000e+00 1.000000e+00 -0.000000e+00
    outer loop
      vertex   1.646187e+02 7.000000e+00 4.052693e+02
      vertex   1.639624e+02 7.000000e+00 4.075847e+02
      vertex   1.649804e+02 7.000000e+00 4.054089e+02
    endloop
  endfacet
  facet normal 0.000000e+00 1.000000e+00 0.000000e+00
    outer loop
      vertex   1.649804e+02 7.000000e+00 4.054089e+02
      vertex   1.639624e+02 7.000000e+00 4.075847e+02
      vertex   1.642179e+02 7.000000e+00 4.077029e+02
    endloop
  endfacet
  facet normal 0.000000e+00 1.000000e+00 -0.000000e+00
    outer loop
      vertex   1.649804e+02 7.000000e+00 4.054089e+02
      vertex   1.642179e+02 7.000000e+00 4.077029e+02
      vertex   1.653302e+02 7.000000e+00 4.055762e+02
    endloop
  endfacet
  facet normal 0.000000e+00 1.000000e+00 -0.000000e+00
    outer loop
      vertex   1.653302e+02 7.000000e+00 4.055762e+02
      vertex   1.642179e+02 7.000000e+00 4.077029e+02
      vertex   1.656660e+02 7.000000e+00 4.057701e+02
    endloop
  endfacet
  facet normal 0.000000e+00 1.000000e+00 0.000000e+00
    outer loop
      vertex   1.656660e+02 7.000000e+00 4.057701e+02
      vertex   1.642179e+02 7.000000e+00 4.077029e+02
      vertex   1.644591e+02 7.000000e+00 4.078480e+02
    endloop
  endfacet
  facet normal 0.000000e+00 1.000000e+00 -0.000000e+00
    outer loop
      vertex   1.656660e+02 7.000000e+00 4.057701e+02
      vertex   1.644591e+02 7.000000e+00 4.078480e+02
      vertex   1.659858e+02 7.000000e+00 4.059894e+02
    endloop
  endfacet
  facet normal 0.000000e+00 1.000000e+00 0.000000e+00
    outer loop
      vertex   1.659858e+02 7.000000e+00 4.059894e+02
      vertex   1.644591e+02 7.000000e+00 4.078480e+02
      vertex   1.646832e+02 7.000000e+00 4.080184e+02
    endloop
  endfacet
  facet normal 0.000000e+00 1.000000e+00 -0.000000e+00
    outer loop
      vertex   1.659858e+02 7.000000e+00 4.059894e+02
      vertex   1.646832e+02 7.000000e+00 4.080184e+02
      vertex   1.662876e+02 7.000000e+00 4.062328e+02
    endloop
  endfacet
  facet normal 0.000000e+00 1.000000e+00 -0.000000e+00
    outer loop
      vertex   1.662876e+02 7.000000e+00 4.062328e+02
      vertex   1.646832e+02 7.000000e+00 4.080184e+02
      vertex   1.665697e+02 7.000000e+00 4.064989e+02
    endloop
  endfacet
  facet normal 0.000000e+00 1.000000e+00 0.000000e+00
    outer loop
      vertex   1.665697e+02 7.000000e+00 4.064989e+02
      vertex   1.646832e+02 7.000000e+00 4.080184e+02
      vertex   1.648876e+02 7.000000e+00 4.082120e+02
    endloop
  endfacet
  facet normal 0.000000e+00 1.000000e+00 -0.000000e+00
    outer loop
      vertex   1.665697e+02 7.000000e+00 4.064989e+02
      vertex   1.648876e+02 7.000000e+00 4.082120e+02
      vertex   1.668302e+02 7.000000e+00 4.067861e+02
    endloop
  endfacet
  facet normal 0.000000e+00 1.000000e+00 0.000000e+00
    outer loop
      vertex   1.668302e+02 7.000000e+00 4.067861e+02
      vertex   1.648876e+02 7.000000e+00 4.082120e+02
      vertex   1.650698e+02 7.000000e+00 4.084265e+02
    endloop
  endfacet
  facet normal 0.000000e+00 1.000000e+00 -0.000000e+00
    outer loop
      vertex   1.668302e+02 7.000000e+00 4.067861e+02
      vertex   1.650698e+02 7.000000e+00 4.084265e+02
      vertex   1.670678e+02 7.000000e+00 4.070925e+02
    endloop
  endfacet
  facet normal 0.000000e+00 1.000000e+00 0.000000e+00
    outer loop
      vertex   1.670678e+02 7.000000e+00 4.070925e+02
      vertex   1.650698e+02 7.000000e+00 4.084265e+02
      vertex   1.652278e+02 7.000000e+00 4.086596e+02
    endloop
  endfacet
  facet normal 0.000000e+00 1.000000e+00 -0.000000e+00
    outer loop
      vertex   1.670678e+02 7.000000e+00 4.070925e+02
      vertex   1.652278e+02 7.000000e+00 4.086596e+02
      vertex   1.672808e+02 7.000000e+00 4.074165e+02
    endloop
  endfacet
  facet normal 0.000000e+00 1.000000e+00 -0.000000e+00
    outer loop
      vertex   1.672808e+02 7.000000e+00 4.074165e+02
      vertex   1.652278e+02 7.000000e+00 4.086596e+02
      vertex   1.674682e+02 7.000000e+00 4.077560e+02
    endloop
  endfacet
  facet normal 0.000000e+00 1.000000e+00 0.000000e+00
    outer loop
      vertex   1.674682e+02 7.000000e+00 4.077560e+02
      vertex   1.652278e+02 7.000000e+00 4.086596e+02
      vertex   1.653597e+02 7.000000e+00 4.089083e+02
    endloop
  endfacet
  facet normal 0.000000e+00 1.000000e+00 -0.000000e+00
    outer loop
      vertex   1.674682e+02 7.000000e+00 4.077560e+02
      vertex   1.653597e+02 7.000000e+00 4.089083e+02
      vertex   1.676286e+02 7.000000e+00 4.081090e+02
    endloop
  endfacet
  facet normal 0.000000e+00 1.000000e+00 0.000000e+00
    outer loop
      vertex   1.676286e+02 7.000000e+00 4.081090e+02
      vertex   1.653597e+02 7.000000e+00 4.089083e+02
      vertex   1.654639e+02 7.000000e+00 4.091698e+02
    endloop
  endfacet
  facet normal 0.000000e+00 1.000000e+00 -0.000000e+00
    outer loop
      vertex   1.676286e+02 7.000000e+00 4.081090e+02
      vertex   1.654639e+02 7.000000e+00 4.091698e+02
      vertex   1.677612e+02 7.000000e+00 4.084734e+02
    endloop
  endfacet
  facet normal 0.000000e+00 1.000000e+00 -0.000000e+00
    outer loop
      vertex   1.677612e+02 7.000000e+00 4.084734e+02
      vertex   1.654639e+02 7.000000e+00 4.091698e+02
      vertex   1.678652e+02 7.000000e+00 4.088469e+02
    endloop
  endfacet
  facet normal 0.000000e+00 1.000000e+00 0.000000e+00
    outer loop
      vertex   1.678652e+02 7.000000e+00 4.088469e+02
      vertex   1.654639e+02 7.000000e+00 4.091698e+02
      vertex   1.655392e+02 7.000000e+00 4.094411e+02
    endloop
  endfacet
  facet normal 0.000000e+00 1.000000e+00 -0.000000e+00
    outer loop
      vertex   1.678652e+02 7.000000e+00 4.088469e+02
      vertex   1.655392e+02 7.000000e+00 4.094411e+02
      vertex   1.679400e+02 7.000000e+00 4.092274e+02
    endloop
  endfacet
  facet normal 0.000000e+00 1.000000e+00 0.000000e+00
    outer loop
      vertex   1.679400e+02 7.000000e+00 4.092274e+02
      vertex   1.655392e+02 7.000000e+00 4.094411e+02
      vertex   1.655848e+02 7.000000e+00 4.097189e+02
    endloop
  endfacet
  facet normal 0.000000e+00 1.000000e+00 -0.000000e+00
    outer loop
      vertex   1.679400e+02 7.000000e+00 4.092274e+02
      vertex   1.655848e+02 7.000000e+00 4.097189e+02
      vertex   1.679850e+02 7.000000e+00 4.096125e+02
    endloop
  endfacet
  facet normal 0.000000e+00 1.000000e+00 0.000000e+00
    outer loop
      vertex   1.679850e+02 7.000000e+00 4.096125e+02
      vertex   1.655848e+02 7.000000e+00 4.097189e+02
      vertex   1.656000e+02 7.000000e+00 4.100000e+02
    endloop
  endfacet
  facet normal 0.000000e+00 1.000000e+00 -0.000000e+00
    outer loop
      vertex   1.679850e+02 7.000000e+00 4.096125e+02
      vertex   1.656000e+02 7.000000e+00 4.100000e+02
      vertex   1.680000e+02 7.000000e+00 4.100000e+02
    endloop
  endfacet
  facet normal 0.000000e+00 1.000000e+00 0.000000e+00
    outer loop
      vertex   1.680000e+02 7.000000e+00 4.100000e+02
      vertex   1.656000e+02 7.000000e+00 4.100000e+02
      vertex   1.679850e+02 7.000000e+00 4.103875e+02
    endloop
  endfacet
  facet normal 0.000000e+00 1.000000e+00 0.000000e+00
    outer loop
      vertex   1.679850e+02 7.000000e+00 4.103875e+02
      vertex   1.656000e+02 7.000000e+00 4.100000e+02
      vertex   1.655848e+02 7.000000e+00 4.102811e+02
    endloop
  endfacet
  facet normal 0.000000e+00 1.000000e+00 0.000000e+00
    outer loop
      vertex   1.679850e+02 7.000000e+00 4.103875e+02
      vertex   1.655848e+02 7.000000e+00 4.102811e+02
      vertex   1.679400e+02 7.000000e+00 4.107726e+02
    endloop
  endfacet
  facet normal 0.000000e+00 1.000000e+00 0.000000e+00
    outer loop
      vertex   1.679400e+02 7.000000e+00 4.107726e+02
      vertex   1.655848e+02 7.000000e+00 4.102811e+02
      vertex   1.655392e+02 7.000000e+00 4.105589e+02
    endloop
  endfacet
  facet normal 0.000000e+00 1.000000e+00 0.000000e+00
    outer loop
      vertex   1.679400e+02 7.000000e+00 4.107726e+02
      vertex   1.655392e+02 7.000000e+00 4.105589e+02
      vertex   1.678652e+02 7.000000e+00 4.111531e+02
    endloop
  endfacet
  facet normal 0.000000e+00 1.000000e+00 0.000000e+00
    outer loop
      vertex   1.678652e+02 7.000000e+00 4.111531e+02
      vertex   1.655392e+02 7.000000e+00 4.105589e+02
      vertex   1.654639e+02 7.000000e+00 4.108302e+02
    endloop
  endfacet
  facet normal 0.000000e+00 1.000000e+00 0.000000e+00
    outer loop
      vertex   1.678652e+02 7.000000e+00 4.111531e+02
      vertex   1.654639e+02 7.000000e+00 4.108302e+02
      vertex   1.677612e+02 7.000000e+00 4.115266e+02
    endloop
  endfacet
  facet normal 0.000000e+00 1.000000e+00 0.000000e+00
    outer loop
      vertex   1.677612e+02 7.000000e+00 4.115266e+02
      vertex   1.654639e+02 7.000000e+00 4.108302e+02
      vertex   1.676286e+02 7.000000e+00 4.118910e+02
    endloop
  endfacet
  facet normal 0.000000e+00 1.000000e+00 0.000000e+00
    outer loop
      vertex   1.676286e+02 7.000000e+00 4.118910e+02
      vertex   1.654639e+02 7.000000e+00 4.108302e+02
      vertex   1.653597e+02 7.000000e+00 4.110917e+02
    endloop
  endfacet
  facet normal 0.000000e+00 1.000000e+00 0.000000e+00
    outer loop
      vertex   1.676286e+02 7.000000e+00 4.118910e+02
      vertex   1.653597e+02 7.000000e+00 4.110917e+02
      vertex   1.674682e+02 7.000000e+00 4.122440e+02
    endloop
  endfacet
  facet normal 0.000000e+00 1.000000e+00 0.000000e+00
    outer loop
      vertex   1.674682e+02 7.000000e+00 4.122440e+02
      vertex   1.653597e+02 7.000000e+00 4.110917e+02
      vertex   1.652278e+02 7.000000e+00 4.113404e+02
    endloop
  endfacet
  facet normal 0.000000e+00 1.000000e+00 0.000000e+00
    outer loop
      vertex   1.674682e+02 7.000000e+00 4.122440e+02
      vertex   1.652278e+02 7.000000e+00 4.113404e+02
      vertex   1.672808e+02 7.000000e+00 4.125835e+02
    endloop
  endfacet
  facet normal 0.000000e+00 1.000000e+00 0.000000e+00
    outer loop
      vertex   1.672808e+02 7.000000e+00 4.125835e+02
      vertex   1.652278e+02 7.000000e+00 4.113404e+02
      vertex   1.670678e+02 7.000000e+00 4.129075e+02
    endloop
  endfacet
  facet normal 0.000000e+00 1.000000e+00 0.000000e+00
    outer loop
      vertex   1.670678e+02 7.000000e+00 4.129075e+02
      vertex   1.652278e+02 7.000000e+00 4.113404e+02
      vertex   1.650698e+02 7.000000e+00 4.115735e+02
    endloop
  endfacet
  facet normal 0.000000e+00 1.000000e+00 0.000000e+00
    outer loop
      vertex   1.670678e+02 7.000000e+00 4.129075e+02
      vertex   1.650698e+02 7.000000e+00 4.115735e+02
      vertex   1.668302e+02 7.000000e+00 4.132139e+02
    endloop
  endfacet
  facet normal 0.000000e+00 1.000000e+00 0.000000e+00
    outer loop
      vertex   1.668302e+02 7.000000e+00 4.132139e+02
      vertex   1.650698e+02 7.000000e+00 4.115735e+02
      vertex   1.648876e+02 7.000000e+00 4.117880e+02
    endloop
  endfacet
  facet normal 0.000000e+00 1.000000e+00 0.000000e+00
    outer loop
      vertex   1.668302e+02 7.000000e+00 4.132139e+02
      vertex   1.648876e+02 7.000000e+00 4.117880e+02
      vertex   1.665697e+02 7.000000e+00 4.135011e+02
    endloop
  endfacet
  facet normal 0.000000e+00 1.000000e+00 0.000000e+00
    outer loop
      vertex   1.665697e+02 7.000000e+00 4.135011e+02
      vertex   1.648876e+02 7.000000e+00 4.117880e+02
      vertex   1.646832e+02 7.000000e+00 4.119816e+02
    endloop
  endfacet
  facet normal 0.000000e+00 1.000000e+00 0.000000e+00
    outer loop
      vertex   1.665697e+02 7.000000e+00 4.135011e+02
      vertex   1.646832e+02 7.000000e+00 4.119816e+02
      vertex   1.662876e+02 7.000000e+00 4.137672e+02
    endloop
  endfacet
  facet normal 0.000000e+00 1.000000e+00 0.000000e+00
    outer loop
      vertex   1.662876e+02 7.000000e+00 4.137672e+02
      vertex   1.646832e+02 7.000000e+00 4.119816e+02
      vertex   1.659858e+02 7.000000e+00 4.140106e+02
    endloop
  endfacet
  facet normal 0.000000e+00 1.000000e+00 0.000000e+00
    outer loop
      vertex   1.659858e+02 7.000000e+00 4.140106e+02
      vertex   1.646832e+02 7.000000e+00 4.119816e+02
      vertex   1.644591e+02 7.000000e+00 4.121520e+02
    endloop
  endfacet
  facet normal 0.000000e+00 1.000000e+00 0.000000e+00
    outer loop
      vertex   1.659858e+02 7.000000e+00 4.140106e+02
      vertex   1.644591e+02 7.000000e+00 4.121520e+02
      vertex   1.656660e+02 7.000000e+00 4.142299e+02
    endloop
  endfacet
  facet normal 0.000000e+00 1.000000e+00 0.000000e+00
    outer loop
      vertex   1.656660e+02 7.000000e+00 4.142299e+02
      vertex   1.644591e+02 7.000000e+00 4.121520e+02
      vertex   1.642179e+02 7.000000e+00 4.122971e+02
    endloop
  endfacet
  facet normal 0.000000e+00 1.000000e+00 0.000000e+00
    outer loop
      vertex   1.656660e+02 7.000000e+00 4.142299e+02
      vertex   1.642179e+02 7.000000e+00 4.122971e+02
      vertex   1.653302e+02 7.000000e+00 4.144238e+02
    endloop
  endfacet
  facet normal 0.000000e+00 1.000000e+00 0.000000e+00
    outer loop
      vertex   1.653302e+02 7.000000e+00 4.144238e+02
      vertex   1.642179e+02 7.000000e+00 4.122971e+02
      vertex   1.649804e+02 7.000000e+00 4.145911e+02
    endloop
  endfacet
  facet normal 0.000000e+00 1.000000e+00 0.000000e+00
    outer loop
      vertex   1.649804e+02 7.000000e+00 4.145911e+02
      vertex   1.642179e+02 7.000000e+00 4.122971e+02
      vertex   1.639624e+02 7.000000e+00 4.124153e+02
    endloop
  endfacet
  facet normal 0.000000e+00 1.000000e+00 0.000000e+00
    outer loop
      vertex   1.649804e+02 7.000000e+00 4.145911e+02
      vertex   1.639624e+02 7.000000e+00 4.124153e+02
      vertex   1.646187e+02 7.000000e+00 4.147307e+02
    endloop
  endfacet
  facet normal 0.000000e+00 1.000000e+00 0.000000e+00
    outer loop
      vertex   1.646187e+02 7.000000e+00 4.147307e+02
      vertex   1.639624e+02 7.000000e+00 4.124153e+02
      vertex   1.636956e+02 7.000000e+00 4.125052e+02
    endloop
  endfacet
  facet normal 0.000000e+00 1.000000e+00 0.000000e+00
    outer loop
      vertex   1.646187e+02 7.000000e+00 4.147307e+02
      vertex   1.636956e+02 7.000000e+00 4.125052e+02
      vertex   1.642472e+02 7.000000e+00 4.148419e+02
    endloop
  endfacet
  facet normal 0.000000e+00 1.000000e+00 0.000000e+00
    outer loop
      vertex   1.642472e+02 7.000000e+00 4.148419e+02
      vertex   1.636956e+02 7.000000e+00 4.125052e+02
      vertex   1.634206e+02 7.000000e+00 4.125657e+02
    endloop
  endfacet
  facet normal 0.000000e+00 1.000000e+00 0.000000e+00
    outer loop
      vertex   1.642472e+02 7.000000e+00 4.148419e+02
      vertex   1.634206e+02 7.000000e+00 4.125657e+02
      vertex   1.638682e+02 7.000000e+00 4.149240e+02
    endloop
  endfacet
  facet normal 0.000000e+00 1.000000e+00 0.000000e+00
    outer loop
      vertex   1.638682e+02 7.000000e+00 4.149240e+02
      vertex   1.634206e+02 7.000000e+00 4.125657e+02
      vertex   1.634841e+02 7.000000e+00 4.149765e+02
    endloop
  endfacet
  facet normal 0.000000e+00 1.000000e+00 0.000000e+00
    outer loop
      vertex   1.634841e+02 7.000000e+00 4.149765e+02
      vertex   1.634206e+02 7.000000e+00 4.125657e+02
      vertex   1.631408e+02 7.000000e+00 4.125962e+02
    endloop
  endfacet
  facet normal 0.000000e+00 1.000000e+00 0.000000e+00
    outer loop
      vertex   1.634841e+02 7.000000e+00 4.149765e+02
      vertex   1.631408e+02 7.000000e+00 4.125962e+02
      vertex   1.630970e+02 7.000000e+00 4.149991e+02
    endloop
  endfacet
  facet normal 0.000000e+00 1.000000e+00 0.000000e+00
    outer loop
      vertex   1.630970e+02 7.000000e+00 4.149991e+02
      vertex   1.631408e+02 7.000000e+00 4.125962e+02
      vertex   1.628592e+02 7.000000e+00 4.125962e+02
    endloop
  endfacet
  facet normal 0.000000e+00 1.000000e+00 0.000000e+00
    outer loop
      vertex   1.630970e+02 7.000000e+00 4.149991e+02
      vertex   1.628592e+02 7.000000e+00 4.125962e+02
      vertex   1.627093e+02 7.000000e+00 4.149915e+02
    endloop
  endfacet
  facet normal 0.000000e+00 1.000000e+00 0.000000e+00
    outer loop
      vertex   1.627093e+02 7.000000e+00 4.149915e+02
      vertex   1.628592e+02 7.000000e+00 4.125962e+02
      vertex   1.623233e+02 7.000000e+00 4.149540e+02
    endloop
  endfacet
  facet normal 0.000000e+00 1.000000e+00 0.000000e+00
    outer loop
      vertex   1.623233e+02 7.000000e+00 4.149540e+02
      vertex   1.628592e+02 7.000000e+00 4.125962e+02
      vertex   1.625794e+02 7.000000e+00 4.125657e+02
    endloop
  endfacet
  facet normal 0.000000e+00 1.000000e+00 0.000000e+00
    outer loop
      vertex   1.623233e+02 7.000000e+00 4.149540e+02
      vertex   1.625794e+02 7.000000e+00 4.125657e+02
      vertex   1.619415e+02 7.000000e+00 4.148867e+02
    endloop
  endfacet
  facet normal 0.000000e+00 1.000000e+00 0.000000e+00
    outer loop
      vertex   1.619415e+02 7.000000e+00 4.148867e+02
      vertex   1.625794e+02 7.000000e+00 4.125657e+02
      vertex   1.623044e+02 7.000000e+00 4.125052e+02
    endloop
  endfacet
  facet normal 0.000000e+00 1.000000e+00 0.000000e+00
    outer loop
      vertex   1.619415e+02 7.000000e+00 4.148867e+02
      vertex   1.623044e+02 7.000000e+00 4.125052e+02
      vertex   1.615660e+02 7.000000e+00 4.147899e+02
    endloop
  endfacet
  facet normal 0.000000e+00 1.000000e+00 0.000000e+00
    outer loop
      vertex   1.615660e+02 7.000000e+00 4.147899e+02
      vertex   1.623044e+02 7.000000e+00 4.125052e+02
      vertex   1.620376e+02 7.000000e+00 4.124153e+02
    endloop
  endfacet
  facet normal 0.000000e+00 1.000000e+00 0.000000e+00
    outer loop
      vertex   1.615660e+02 7.000000e+00 4.147899e+02
      vertex   1.620376e+02 7.000000e+00 4.124153e+02
      vertex   1.611991e+02 7.000000e+00 4.146644e+02
    endloop
  endfacet
  facet normal 0.000000e+00 1.000000e+00 0.000000e+00
    outer loop
      vertex   1.611991e+02 7.000000e+00 4.146644e+02
      vertex   1.620376e+02 7.000000e+00 4.124153e+02
      vertex   1.608431e+02 7.000000e+00 4.145108e+02
    endloop
  endfacet
  facet normal 0.000000e+00 1.000000e+00 0.000000e+00
    outer loop
      vertex   1.608431e+02 7.000000e+00 4.145108e+02
      vertex   1.620376e+02 7.000000e+00 4.124153e+02
      vertex   1.617821e+02 7.000000e+00 4.122971e+02
    endloop
  endfacet
  facet normal 0.000000e+00 1.000000e+00 0.000000e+00
    outer loop
      vertex   1.608431e+02 7.000000e+00 4.145108e+02
      vertex   1.617821e+02 7.000000e+00 4.122971e+02
      vertex   1.605000e+02 7.000000e+00 4.143301e+02
    endloop
  endfacet
  facet normal 0.000000e+00 1.000000e+00 0.000000e+00
    outer loop
      vertex   1.605000e+02 7.000000e+00 4.143301e+02
      vertex   1.617821e+02 7.000000e+00 4.122971e+02
      vertex   1.615409e+02 7.000000e+00 4.121520e+02
    endloop
  endfacet
  facet normal 0.000000e+00 1.000000e+00 0.000000e+00
    outer loop
      vertex   1.605000e+02 7.000000e+00 4.143301e+02
      vertex   1.615409e+02 7.000000e+00 4.121520e+02
      vertex   1.601720e+02 7.000000e+00 4.141234e+02
    endloop
  endfacet
  facet normal 0.000000e+00 1.000000e+00 0.000000e+00
    outer loop
      vertex   1.601720e+02 7.000000e+00 4.141234e+02
      vertex   1.615409e+02 7.000000e+00 4.121520e+02
      vertex   1.598609e+02 7.000000e+00 4.138918e+02
    endloop
  endfacet
  facet normal 0.000000e+00 1.000000e+00 0.000000e+00
    outer loop
      vertex   1.598609e+02 7.000000e+00 4.138918e+02
      vertex   1.615409e+02 7.000000e+00 4.121520e+02
      vertex   1.613168e+02 7.000000e+00 4.119816e+02
    endloop
  endfacet
  facet normal 0.000000e+00 1.000000e+00 0.000000e+00
    outer loop
      vertex   1.598609e+02 7.000000e+00 4.138918e+02
      vertex   1.613168e+02 7.000000e+00 4.119816e+02
      vertex   1.595688e+02 7.000000e+00 4.136369e+02
    endloop
  endfacet
  facet normal 0.000000e+00 1.000000e+00 0.000000e+00
    outer loop
      vertex   1.595688e+02 7.000000e+00 4.136369e+02
      vertex   1.613168e+02 7.000000e+00 4.119816e+02
      vertex   1.611124e+02 7.000000e+00 4.117880e+02
    endloop
  endfacet
  facet normal 0.000000e+00 1.000000e+00 0.000000e+00
    outer loop
      vertex   1.595688e+02 7.000000e+00 4.136369e+02
      vertex   1.611124e+02 7.000000e+00 4.117880e+02
      vertex   1.592973e+02 7.000000e+00 4.133600e+02
    endloop
  endfacet
  facet normal 0.000000e+00 1.000000e+00 0.000000e+00
    outer loop
      vertex   1.592973e+02 7.000000e+00 4.133600e+02
      vertex   1.611124e+02 7.000000e+00 4.117880e+02
      vertex   1.609302e+02 7.000000e+00 4.115735e+02
    endloop
  endfacet
  facet normal 0.000000e+00 1.000000e+00 0.000000e+00
    outer loop
      vertex   1.592973e+02 7.000000e+00 4.133600e+02
      vertex   1.609302e+02 7.000000e+00 4.115735e+02
      vertex   1.590480e+02 7.000000e+00 4.130630e+02
    endloop
  endfacet
  facet normal 0.000000e+00 1.000000e+00 0.000000e+00
    outer loop
      vertex   1.590480e+02 7.000000e+00 4.130630e+02
      vertex   1.609302e+02 7.000000e+00 4.115735e+02
      vertex   1.588226e+02 7.000000e+00 4.127475e+02
    endloop
  endfacet
  facet normal 0.000000e+00 1.000000e+00 0.000000e+00
    outer loop
      vertex   1.588226e+02 7.000000e+00 4.127475e+02
      vertex   1.609302e+02 7.000000e+00 4.115735e+02
      vertex   1.607722e+02 7.000000e+00 4.113404e+02
    endloop
  endfacet
  facet normal 0.000000e+00 1.000000e+00 0.000000e+00
    outer loop
      vertex   1.588226e+02 7.000000e+00 4.127475e+02
      vertex   1.607722e+02 7.000000e+00 4.113404e+02
      vertex   1.586222e+02 7.000000e+00 4.124156e+02
    endloop
  endfacet
  facet normal 0.000000e+00 1.000000e+00 0.000000e+00
    outer loop
      vertex   1.586222e+02 7.000000e+00 4.124156e+02
      vertex   1.607722e+02 7.000000e+00 4.113404e+02
      vertex   1.606403e+02 7.000000e+00 4.110917e+02
    endloop
  endfacet
  facet normal 0.000000e+00 1.000000e+00 0.000000e+00
    outer loop
      vertex   1.586222e+02 7.000000e+00 4.124156e+02
      vertex   1.606403e+02 7.000000e+00 4.110917e+02
      vertex   1.584482e+02 7.000000e+00 4.120691e+02
    endloop
  endfacet
  facet normal 0.000000e+00 1.000000e+00 0.000000e+00
    outer loop
      vertex   1.584482e+02 7.000000e+00 4.120691e+02
      vertex   1.606403e+02 7.000000e+00 4.110917e+02
      vertex   1.583015e+02 7.000000e+00 4.117101e+02
    endloop
  endfacet
  facet normal 0.000000e+00 1.000000e+00 0.000000e+00
    outer loop
      vertex   1.583015e+02 7.000000e+00 4.117101e+02
      vertex   1.606403e+02 7.000000e+00 4.110917e+02
      vertex   1.605361e+02 7.000000e+00 4.108302e+02
    endloop
  endfacet
  facet normal 0.000000e+00 1.000000e+00 0.000000e+00
    outer loop
      vertex   1.583015e+02 7.000000e+00 4.117101e+02
      vertex   1.605361e+02 7.000000e+00 4.108302e+02
      vertex   1.581831e+02 7.000000e+00 4.113409e+02
    endloop
  endfacet
  facet normal 0.000000e+00 1.000000e+00 0.000000e+00
    outer loop
      vertex   1.581831e+02 7.000000e+00 4.113409e+02
      vertex   1.605361e+02 7.000000e+00 4.108302e+02
      vertex   1.604608e+02 7.000000e+00 4.105589e+02
    endloop
  endfacet
  facet normal 0.000000e+00 1.000000e+00 0.000000e+00
    outer loop
      vertex   1.581831e+02 7.000000e+00 4.113409e+02
      vertex   1.604608e+02 7.000000e+00 4.105589e+02
      vertex   1.580937e+02 7.000000e+00 4.109636e+02
    endloop
  endfacet
  facet normal 0.000000e+00 1.000000e+00 0.000000e+00
    outer loop
      vertex   1.580937e+02 7.000000e+00 4.109636e+02
      vertex   1.604608e+02 7.000000e+00 4.105589e+02
      vertex   1.604152e+02 7.000000e+00 4.102811e+02
    endloop
  endfacet
  facet normal -0.000000e+00 1.000000e+00 0.000000e+00
    outer loop
      vertex   1.875848e+02 7.000000e+00 4.102811e+02
      vertex   1.899850e+02 7.000000e+00 4.103875e+02
      vertex   1.876000e+02 7.000000e+00 4.100000e+02
    endloop
  endfacet
  facet normal 0.000000e+00 1.000000e+00 0.000000e+00
    outer loop
      vertex   1.876000e+02 7.000000e+00 4.100000e+02
      vertex   1.899850e+02 7.000000e+00 4.103875e+02
      vertex   1.900000e+02 7.000000e+00 4.100000e+02
    endloop
  endfacet
  facet normal -0.000000e+00 1.000000e+00 0.000000e+00
    outer loop
      vertex   1.876000e+02 7.000000e+00 4.100000e+02
      vertex   1.900000e+02 7.000000e+00 4.100000e+02
      vertex   1.899850e+02 7.000000e+00 4.096125e+02
    endloop
  endfacet
  facet normal 0.000000e+00 1.000000e+00 0.000000e+00
    outer loop
      vertex   1.899850e+02 7.000000e+00 4.103875e+02
      vertex   1.875848e+02 7.000000e+00 4.102811e+02
      vertex   1.899399e+02 7.000000e+00 4.107726e+02
    endloop
  endfacet
  facet normal 0.000000e+00 1.000000e+00 0.000000e+00
    outer loop
      vertex   1.899399e+02 7.000000e+00 4.107726e+02
      vertex   1.875848e+02 7.000000e+00 4.102811e+02
      vertex   1.875392e+02 7.000000e+00 4.105589e+02
    endloop
  endfacet
  facet normal 0.000000e+00 1.000000e+00 0.000000e+00
    outer loop
      vertex   1.899399e+02 7.000000e+00 4.107726e+02
      vertex   1.875392e+02 7.000000e+00 4.105589e+02
      vertex   1.898652e+02 7.000000e+00 4.111531e+02
    endloop
  endfacet
  facet normal 0.000000e+00 1.000000e+00 0.000000e+00
    outer loop
      vertex   1.898652e+02 7.000000e+00 4.111531e+02
      vertex   1.875392e+02 7.000000e+00 4.105589e+02
      vertex   1.874639e+02 7.000000e+00 4.108302e+02
    endloop
  endfacet
  facet normal 0.000000e+00 1.000000e+00 0.000000e+00
    outer loop
      vertex   1.898652e+02 7.000000e+00 4.111531e+02
      vertex   1.874639e+02 7.000000e+00 4.108302e+02
      vertex   1.897612e+02 7.000000e+00 4.115266e+02
    endloop
  endfacet
  facet normal 0.000000e+00 1.000000e+00 0.000000e+00
    outer loop
      vertex   1.897612e+02 7.000000e+00 4.115266e+02
      vertex   1.874639e+02 7.000000e+00 4.108302e+02
      vertex   1.896286e+02 7.000000e+00 4.118910e+02
    endloop
  endfacet
  facet normal 0.000000e+00 1.000000e+00 0.000000e+00
    outer loop
      vertex   1.896286e+02 7.000000e+00 4.118910e+02
      vertex   1.874639e+02 7.000000e+00 4.108302e+02
      vertex   1.873597e+02 7.000000e+00 4.110917e+02
    endloop
  endfacet
  facet normal 0.000000e+00 1.000000e+00 0.000000e+00
    outer loop
      vertex   1.896286e+02 7.000000e+00 4.118910e+02
      vertex   1.873597e+02 7.000000e+00 4.110917e+02
      vertex   1.894682e+02 7.000000e+00 4.122440e+02
    endloop
  endfacet
  facet normal 0.000000e+00 1.000000e+00 0.000000e+00
    outer loop
      vertex   1.894682e+02 7.000000e+00 4.122440e+02
      vertex   1.873597e+02 7.000000e+00 4.110917e+02
      vertex   1.872278e+02 7.000000e+00 4.113404e+02
    endloop
  endfacet
  facet normal 0.000000e+00 1.000000e+00 0.000000e+00
    outer loop
      vertex   1.894682e+02 7.000000e+00 4.122440e+02
      vertex   1.872278e+02 7.000000e+00 4.113404e+02
      vertex   1.892808e+02 7.000000e+00 4.125835e+02
    endloop
  endfacet
  facet normal 0.000000e+00 1.000000e+00 0.000000e+00
    outer loop
      vertex   1.892808e+02 7.000000e+00 4.125835e+02
      vertex   1.872278e+02 7.000000e+00 4.113404e+02
      vertex   1.890678e+02 7.000000e+00 4.129075e+02
    endloop
  endfacet
  facet normal 0.000000e+00 1.000000e+00 0.000000e+00
    outer loop
      vertex   1.890678e+02 7.000000e+00 4.129075e+02
      vertex   1.872278e+02 7.000000e+00 4.113404e+02
      vertex   1.870698e+02 7.000000e+00 4.115735e+02
    endloop
  endfacet
  facet normal 0.000000e+00 1.000000e+00 0.000000e+00
    outer loop
      vertex   1.890678e+02 7.000000e+00 4.129075e+02
      vertex   1.870698e+02 7.000000e+00 4.115735e+02
      vertex   1.888302e+02 7.000000e+00 4.132139e+02
    endloop
  endfacet
  facet normal 0.000000e+00 1.000000e+00 0.000000e+00
    outer loop
      vertex   1.888302e+02 7.000000e+00 4.132139e+02
      vertex   1.870698e+02 7.000000e+00 4.115735e+02
      vertex   1.868876e+02 7.000000e+00 4.117880e+02
    endloop
  endfacet
  facet normal 0.000000e+00 1.000000e+00 0.000000e+00
    outer loop
      vertex   1.888302e+02 7.000000e+00 4.132139e+02
      vertex   1.868876e+02 7.000000e+00 4.117880e+02
      vertex   1.885696e+02 7.000000e+00 4.135011e+02
    endloop
  endfacet
  facet normal 0.000000e+00 1.000000e+00 0.000000e+00
    outer loop
      vertex   1.885696e+02 7.000000e+00 4.135011e+02
      vertex   1.868876e+02 7.000000e+00 4.117880e+02
      vertex   1.866832e+02 7.000000e+00 4.119816e+02
    endloop
  endfacet
  facet normal 0.000000e+00 1.000000e+00 0.000000e+00
    outer loop
      vertex   1.885696e+02 7.000000e+00 4.135011e+02
      vertex   1.866832e+02 7.000000e+00 4.119816e+02
      vertex   1.882876e+02 7.000000e+00 4.137672e+02
    endloop
  endfacet
  facet normal 0.000000e+00 1.000000e+00 0.000000e+00
    outer loop
      vertex   1.882876e+02 7.000000e+00 4.137672e+02
      vertex   1.866832e+02 7.000000e+00 4.119816e+02
      vertex   1.879858e+02 7.000000e+00 4.140106e+02
    endloop
  endfacet
  facet normal 0.000000e+00 1.000000e+00 0.000000e+00
    outer loop
      vertex   1.879858e+02 7.000000e+00 4.140106e+02
      vertex   1.866832e+02 7.000000e+00 4.119816e+02
      vertex   1.864591e+02 7.000000e+00 4.121520e+02
    endloop
  endfacet
  facet normal 0.000000e+00 1.000000e+00 0.000000e+00
    outer loop
      vertex   1.879858e+02 7.000000e+00 4.140106e+02
      vertex   1.864591e+02 7.000000e+00 4.121520e+02
      vertex   1.876660e+02 7.000000e+00 4.142299e+02
    endloop
  endfacet
  facet normal 0.000000e+00 1.000000e+00 0.000000e+00
    outer loop
      vertex   1.876660e+02 7.000000e+00 4.142299e+02
      vertex   1.864591e+02 7.000000e+00 4.121520e+02
      vertex   1.862179e+02 7.000000e+00 4.122971e+02
    endloop
  endfacet
  facet normal 0.000000e+00 1.000000e+00 0.000000e+00
    outer loop
      vertex   1.876660e+02 7.000000e+00 4.142299e+02
      vertex   1.862179e+02 7.000000e+00 4.122971e+02
      vertex   1.873302e+02 7.000000e+00 4.144238e+02
    endloop
  endfacet
  facet normal 0.000000e+00 1.000000e+00 0.000000e+00
    outer loop
      vertex   1.873302e+02 7.000000e+00 4.144238e+02
      vertex   1.862179e+02 7.000000e+00 4.122971e+02
      vertex   1.869804e+02 7.000000e+00 4.145911e+02
    endloop
  endfacet
  facet normal 0.000000e+00 1.000000e+00 0.000000e+00
    outer loop
      vertex   1.869804e+02 7.000000e+00 4.145911e+02
      vertex   1.862179e+02 7.000000e+00 4.122971e+02
      vertex   1.859624e+02 7.000000e+00 4.124153e+02
    endloop
  endfacet
  facet normal 0.000000e+00 1.000000e+00 0.000000e+00
    outer loop
      vertex   1.869804e+02 7.000000e+00 4.145911e+02
      vertex   1.859624e+02 7.000000e+00 4.124153e+02
      vertex   1.866187e+02 7.000000e+00 4.147307e+02
    endloop
  endfacet
  facet normal 0.000000e+00 1.000000e+00 0.000000e+00
    outer loop
      vertex   1.866187e+02 7.000000e+00 4.147307e+02
      vertex   1.859624e+02 7.000000e+00 4.124153e+02
      vertex   1.856956e+02 7.000000e+00 4.125052e+02
    endloop
  endfacet
  facet normal 0.000000e+00 1.000000e+00 0.000000e+00
    outer loop
      vertex   1.866187e+02 7.000000e+00 4.147307e+02
      vertex   1.856956e+02 7.000000e+00 4.125052e+02
      vertex   1.862472e+02 7.000000e+00 4.148419e+02
    endloop
  endfacet
  facet normal 0.000000e+00 1.000000e+00 0.000000e+00
    outer loop
      vertex   1.862472e+02 7.000000e+00 4.148419e+02
      vertex   1.856956e+02 7.000000e+00 4.125052e+02
      vertex   1.854206e+02 7.000000e+00 4.125657e+02
    endloop
  endfacet
  facet normal 0.000000e+00 1.000000e+00 0.000000e+00
    outer loop
      vertex   1.862472e+02 7.000000e+00 4.148419e+02
      vertex   1.854206e+02 7.000000e+00 4.125657e+02
      vertex   1.858682e+02 7.000000e+00 4.149240e+02
    endloop
  endfacet
  facet normal 0.000000e+00 1.000000e+00 0.000000e+00
    outer loop
      vertex   1.858682e+02 7.000000e+00 4.149240e+02
      vertex   1.854206e+02 7.000000e+00 4.125657e+02
      vertex   1.854841e+02 7.000000e+00 4.149765e+02
    endloop
  endfacet
  facet normal 0.000000e+00 1.000000e+00 0.000000e+00
    outer loop
      vertex   1.854841e+02 7.000000e+00 4.149765e+02
      vertex   1.854206e+02 7.000000e+00 4.125657e+02
      vertex   1.851408e+02 7.000000e+00 4.125962e+02
    endloop
  endfacet
  facet normal 0.000000e+00 1.000000e+00 0.000000e+00
    outer loop
      vertex   1.854841e+02 7.000000e+00 4.149765e+02
      vertex   1.851408e+02 7.000000e+00 4.125962e+02
      vertex   1.850970e+02 7.000000e+00 4.149991e+02
    endloop
  endfacet
  facet normal 0.000000e+00 1.000000e+00 0.000000e+00
    outer loop
      vertex   1.850970e+02 7.000000e+00 4.149991e+02
      vertex   1.851408e+02 7.000000e+00 4.125962e+02
      vertex   1.848592e+02 7.000000e+00 4.125962e+02
    endloop
  endfacet
  facet normal 0.000000e+00 1.000000e+00 0.000000e+00
    outer loop
      vertex   1.850970e+02 7.000000e+00 4.149991e+02
      vertex   1.848592e+02 7.000000e+00 4.125962e+02
      vertex   1.847093e+02 7.000000e+00 4.149915e+02
    endloop
  endfacet
  facet normal 0.000000e+00 1.000000e+00 0.000000e+00
    outer loop
      vertex   1.847093e+02 7.000000e+00 4.149915e+02
      vertex   1.848592e+02 7.000000e+00 4.125962e+02
      vertex   1.843233e+02 7.000000e+00 4.149540e+02
    endloop
  endfacet
  facet normal 0.000000e+00 1.000000e+00 0.000000e+00
    outer loop
      vertex   1.843233e+02 7.000000e+00 4.149540e+02
      vertex   1.848592e+02 7.000000e+00 4.125962e+02
      vertex   1.845794e+02 7.000000e+00 4.125657e+02
    endloop
  endfacet
  facet normal 0.000000e+00 1.000000e+00 0.000000e+00
    outer loop
      vertex   1.843233e+02 7.000000e+00 4.149540e+02
      vertex   1.845794e+02 7.000000e+00 4.125657e+02
      vertex   1.839415e+02 7.000000e+00 4.148867e+02
    endloop
  endfacet
  facet normal 0.000000e+00 1.000000e+00 0.000000e+00
    outer loop
      vertex   1.839415e+02 7.000000e+00 4.148867e+02
      vertex   1.845794e+02 7.000000e+00 4.125657e+02
      vertex   1.843044e+02 7.000000e+00 4.125052e+02
    endloop
  endfacet
  facet normal 0.000000e+00 1.000000e+00 0.000000e+00
    outer loop
      vertex   1.839415e+02 7.000000e+00 4.148867e+02
      vertex   1.843044e+02 7.000000e+00 4.125052e+02
      vertex   1.835660e+02 7.000000e+00 4.147899e+02
    endloop
  endfacet
  facet normal 0.000000e+00 1.000000e+00 0.000000e+00
    outer loop
      vertex   1.835660e+02 7.000000e+00 4.147899e+02
      vertex   1.843044e+02 7.000000e+00 4.125052e+02
      vertex   1.840376e+02 7.000000e+00 4.124153e+02
    endloop
  endfacet
  facet normal 0.000000e+00 1.000000e+00 0.000000e+00
    outer loop
      vertex   1.835660e+02 7.000000e+00 4.147899e+02
      vertex   1.840376e+02 7.000000e+00 4.124153e+02
      vertex   1.831991e+02 7.000000e+00 4.146644e+02
    endloop
  endfacet
  facet normal 0.000000e+00 1.000000e+00 0.000000e+00
    outer loop
      vertex   1.831991e+02 7.000000e+00 4.146644e+02
      vertex   1.840376e+02 7.000000e+00 4.124153e+02
      vertex   1.828431e+02 7.000000e+00 4.145108e+02
    endloop
  endfacet
  facet normal 0.000000e+00 1.000000e+00 0.000000e+00
    outer loop
      vertex   1.828431e+02 7.000000e+00 4.145108e+02
      vertex   1.840376e+02 7.000000e+00 4.124153e+02
      vertex   1.837821e+02 7.000000e+00 4.122971e+02
    endloop
  endfacet
  facet normal 0.000000e+00 1.000000e+00 0.000000e+00
    outer loop
      vertex   1.828431e+02 7.000000e+00 4.145108e+02
      vertex   1.837821e+02 7.000000e+00 4.122971e+02
      vertex   1.825000e+02 7.000000e+00 4.143301e+02
    endloop
  endfacet
  facet normal 0.000000e+00 1.000000e+00 0.000000e+00
    outer loop
      vertex   1.825000e+02 7.000000e+00 4.143301e+02
      vertex   1.837821e+02 7.000000e+00 4.122971e+02
      vertex   1.835409e+02 7.000000e+00 4.121520e+02
    endloop
  endfacet
  facet normal 0.000000e+00 1.000000e+00 0.000000e+00
    outer loop
      vertex   1.825000e+02 7.000000e+00 4.143301e+02
      vertex   1.835409e+02 7.000000e+00 4.121520e+02
      vertex   1.821720e+02 7.000000e+00 4.141234e+02
    endloop
  endfacet
  facet normal 0.000000e+00 1.000000e+00 0.000000e+00
    outer loop
      vertex   1.821720e+02 7.000000e+00 4.141234e+02
      vertex   1.835409e+02 7.000000e+00 4.121520e+02
      vertex   1.818609e+02 7.000000e+00 4.138918e+02
    endloop
  endfacet
  facet normal 0.000000e+00 1.000000e+00 0.000000e+00
    outer loop
      vertex   1.818609e+02 7.000000e+00 4.138918e+02
      vertex   1.835409e+02 7.000000e+00 4.121520e+02
      vertex   1.833168e+02 7.000000e+00 4.119816e+02
    endloop
  endfacet
  facet normal 0.000000e+00 1.000000e+00 0.000000e+00
    outer loop
      vertex   1.818609e+02 7.000000e+00 4.138918e+02
      vertex   1.833168e+02 7.000000e+00 4.119816e+02
      vertex   1.815688e+02 7.000000e+00 4.136369e+02
    endloop
  endfacet
  facet normal 0.000000e+00 1.000000e+00 0.000000e+00
    outer loop
      vertex   1.815688e+02 7.000000e+00 4.136369e+02
      vertex   1.833168e+02 7.000000e+00 4.119816e+02
      vertex   1.831124e+02 7.000000e+00 4.117880e+02
    endloop
  endfacet
  facet normal 0.000000e+00 1.000000e+00 0.000000e+00
    outer loop
      vertex   1.815688e+02 7.000000e+00 4.136369e+02
      vertex   1.831124e+02 7.000000e+00 4.117880e+02
      vertex   1.812973e+02 7.000000e+00 4.133600e+02
    endloop
  endfacet
  facet normal 0.000000e+00 1.000000e+00 0.000000e+00
    outer loop
      vertex   1.812973e+02 7.000000e+00 4.133600e+02
      vertex   1.831124e+02 7.000000e+00 4.117880e+02
      vertex   1.829302e+02 7.000000e+00 4.115735e+02
    endloop
  endfacet
  facet normal 0.000000e+00 1.000000e+00 0.000000e+00
    outer loop
      vertex   1.812973e+02 7.000000e+00 4.133600e+02
      vertex   1.829302e+02 7.000000e+00 4.115735e+02
      vertex   1.810480e+02 7.000000e+00 4.130630e+02
    endloop
  endfacet
  facet normal 0.000000e+00 1.000000e+00 0.000000e+00
    outer loop
      vertex   1.810480e+02 7.000000e+00 4.130630e+02
      vertex   1.829302e+02 7.000000e+00 4.115735e+02
      vertex   1.808226e+02 7.000000e+00 4.127475e+02
    endloop
  endfacet
  facet normal 0.000000e+00 1.000000e+00 0.000000e+00
    outer loop
      vertex   1.808226e+02 7.000000e+00 4.127475e+02
      vertex   1.829302e+02 7.000000e+00 4.115735e+02
      vertex   1.827722e+02 7.000000e+00 4.113404e+02
    endloop
  endfacet
  facet normal 0.000000e+00 1.000000e+00 0.000000e+00
    outer loop
      vertex   1.808226e+02 7.000000e+00 4.127475e+02
      vertex   1.827722e+02 7.000000e+00 4.113404e+02
      vertex   1.806222e+02 7.000000e+00 4.124156e+02
    endloop
  endfacet
  facet normal 0.000000e+00 1.000000e+00 0.000000e+00
    outer loop
      vertex   1.806222e+02 7.000000e+00 4.124156e+02
      vertex   1.827722e+02 7.000000e+00 4.113404e+02
      vertex   1.826403e+02 7.000000e+00 4.110917e+02
    endloop
  endfacet
  facet normal 0.000000e+00 1.000000e+00 0.000000e+00
    outer loop
      vertex   1.806222e+02 7.000000e+00 4.124156e+02
      vertex   1.826403e+02 7.000000e+00 4.110917e+02
      vertex   1.804482e+02 7.000000e+00 4.120691e+02
    endloop
  endfacet
  facet normal 0.000000e+00 1.000000e+00 0.000000e+00
    outer loop
      vertex   1.804482e+02 7.000000e+00 4.120691e+02
      vertex   1.826403e+02 7.000000e+00 4.110917e+02
      vertex   1.803015e+02 7.000000e+00 4.117101e+02
    endloop
  endfacet
  facet normal 0.000000e+00 1.000000e+00 0.000000e+00
    outer loop
      vertex   1.803015e+02 7.000000e+00 4.117101e+02
      vertex   1.826403e+02 7.000000e+00 4.110917e+02
      vertex   1.825361e+02 7.000000e+00 4.108302e+02
    endloop
  endfacet
  facet normal 0.000000e+00 1.000000e+00 0.000000e+00
    outer loop
      vertex   1.803015e+02 7.000000e+00 4.117101e+02
      vertex   1.825361e+02 7.000000e+00 4.108302e+02
      vertex   1.801831e+02 7.000000e+00 4.113409e+02
    endloop
  endfacet
  facet normal 0.000000e+00 1.000000e+00 0.000000e+00
    outer loop
      vertex   1.801831e+02 7.000000e+00 4.113409e+02
      vertex   1.825361e+02 7.000000e+00 4.108302e+02
      vertex   1.824608e+02 7.000000e+00 4.105589e+02
    endloop
  endfacet
  facet normal 0.000000e+00 1.000000e+00 0.000000e+00
    outer loop
      vertex   1.801831e+02 7.000000e+00 4.113409e+02
      vertex   1.824608e+02 7.000000e+00 4.105589e+02
      vertex   1.800937e+02 7.000000e+00 4.109636e+02
    endloop
  endfacet
  facet normal 0.000000e+00 1.000000e+00 0.000000e+00
    outer loop
      vertex   1.800937e+02 7.000000e+00 4.109636e+02
      vertex   1.824608e+02 7.000000e+00 4.105589e+02
      vertex   1.824152e+02 7.000000e+00 4.102811e+02
    endloop
  endfacet
  facet normal 0.000000e+00 1.000000e+00 0.000000e+00
    outer loop
      vertex   1.800937e+02 7.000000e+00 4.109636e+02
      vertex   1.824152e+02 7.000000e+00 4.102811e+02
      vertex   1.800338e+02 7.000000e+00 4.105805e+02
    endloop
  endfacet
  facet normal 0.000000e+00 1.000000e+00 0.000000e+00
    outer loop
      vertex   1.800338e+02 7.000000e+00 4.105805e+02
      vertex   1.824152e+02 7.000000e+00 4.102811e+02
      vertex   1.800038e+02 7.000000e+00 4.101939e+02
    endloop
  endfacet
  facet normal -0.000000e+00 1.000000e+00 0.000000e+00
    outer loop
      vertex   1.800038e+02 7.000000e+00 4.101939e+02
      vertex   1.824152e+02 7.000000e+00 4.102811e+02
      vertex   1.824000e+02 7.000000e+00 4.100000e+02
    endloop
  endfacet
  facet normal 0.000000e+00 1.000000e+00 0.000000e+00
    outer loop
      vertex   1.800038e+02 7.000000e+00 4.101939e+02
      vertex   1.824000e+02 7.000000e+00 4.100000e+02
      vertex   1.800038e+02 7.000000e+00 4.098061e+02
    endloop
  endfacet
  facet normal -0.000000e+00 1.000000e+00 0.000000e+00
    outer loop
      vertex   1.800038e+02 7.000000e+00 4.098061e+02
      vertex   1.824000e+02 7.000000e+00 4.100000e+02
      vertex   1.824152e+02 7.000000e+00 4.097189e+02
    endloop
  endfacet
  facet normal 0.000000e+00 1.000000e+00 0.000000e+00
    outer loop
      vertex   1.800038e+02 7.000000e+00 4.098061e+02
      vertex   1.824152e+02 7.000000e+00 4.097189e+02
      vertex   1.800338e+02 7.000000e+00 4.094195e+02
    endloop
  endfacet
  facet normal -0.000000e+00 1.000000e+00 0.000000e+00
    outer loop
      vertex   1.800338e+02 7.000000e+00 4.094195e+02
      vertex   1.824152e+02 7.000000e+00 4.097189e+02
      vertex   1.800937e+02 7.000000e+00 4.090364e+02
    endloop
  endfacet
  facet normal 0.000000e+00 1.000000e+00 0.000000e+00
    outer loop
      vertex   1.800937e+02 7.000000e+00 4.090364e+02
      vertex   1.824152e+02 7.000000e+00 4.097189e+02
      vertex   1.824608e+02 7.000000e+00 4.094411e+02
    endloop
  endfacet
  facet normal -0.000000e+00 1.000000e+00 0.000000e+00
    outer loop
      vertex   1.800937e+02 7.000000e+00 4.090364e+02
      vertex   1.824608e+02 7.000000e+00 4.094411e+02
      vertex   1.801831e+02 7.000000e+00 4.086591e+02
    endloop
  endfacet
  facet normal 0.000000e+00 1.000000e+00 0.000000e+00
    outer loop
      vertex   1.801831e+02 7.000000e+00 4.086591e+02
      vertex   1.824608e+02 7.000000e+00 4.094411e+02
      vertex   1.825361e+02 7.000000e+00 4.091698e+02
    endloop
  endfacet
  facet normal -0.000000e+00 1.000000e+00 0.000000e+00
    outer loop
      vertex   1.801831e+02 7.000000e+00 4.086591e+02
      vertex   1.825361e+02 7.000000e+00 4.091698e+02
      vertex   1.803015e+02 7.000000e+00 4.082899e+02
    endloop
  endfacet
  facet normal 0.000000e+00 1.000000e+00 0.000000e+00
    outer loop
      vertex   1.803015e+02 7.000000e+00 4.082899e+02
      vertex   1.825361e+02 7.000000e+00 4.091698e+02
      vertex   1.826403e+02 7.000000e+00 4.089083e+02
    endloop
  endfacet
  facet normal -0.000000e+00 1.000000e+00 0.000000e+00
    outer loop
      vertex   1.803015e+02 7.000000e+00 4.082899e+02
      vertex   1.826403e+02 7.000000e+00 4.089083e+02
      vertex   1.804482e+02 7.000000e+00 4.079309e+02
    endloop
  endfacet
  facet normal -0.000000e+00 1.000000e+00 0.000000e+00
    outer loop
      vertex   1.804482e+02 7.000000e+00 4.079309e+02
      vertex   1.826403e+02 7.000000e+00 4.089083e+02
      vertex   1.806222e+02 7.000000e+00 4.075844e+02
    endloop
  endfacet
  facet normal 0.000000e+00 1.000000e+00 0.000000e+00
    outer loop
      vertex   1.806222e+02 7.000000e+00 4.075844e+02
      vertex   1.826403e+02 7.000000e+00 4.089083e+02
      vertex   1.827722e+02 7.000000e+00 4.086596e+02
    endloop
  endfacet
  facet normal -0.000000e+00 1.000000e+00 0.000000e+00
    outer loop
      vertex   1.806222e+02 7.000000e+00 4.075844e+02
      vertex   1.827722e+02 7.000000e+00 4.086596e+02
      vertex   1.808226e+02 7.000000e+00 4.072525e+02
    endloop
  endfacet
  facet normal 0.000000e+00 1.000000e+00 0.000000e+00
    outer loop
      vertex   1.808226e+02 7.000000e+00 4.072525e+02
      vertex   1.827722e+02 7.000000e+00 4.086596e+02
      vertex   1.829302e+02 7.000000e+00 4.084265e+02
    endloop
  endfacet
  facet normal -0.000000e+00 1.000000e+00 0.000000e+00
    outer loop
      vertex   1.808226e+02 7.000000e+00 4.072525e+02
      vertex   1.829302e+02 7.000000e+00 4.084265e+02
      vertex   1.810480e+02 7.000000e+00 4.069370e+02
    endloop
  endfacet
  facet normal 0.000000e+00 1.000000e+00 0.000000e+00
    outer loop
      vertex   1.810480e+02 7.000000e+00 4.069370e+02
      vertex   1.829302e+02 7.000000e+00 4.084265e+02
      vertex   1.831124e+02 7.000000e+00 4.082120e+02
    endloop
  endfacet
  facet normal 0.000000e+00 1.000000e+00 0.000000e+00
    outer loop
      vertex   1.810480e+02 7.000000e+00 4.069370e+02
      vertex   1.831124e+02 7.000000e+00 4.082120e+02
      vertex   1.833168e+02 7.000000e+00 4.080184e+02
    endloop
  endfacet
  facet normal 0.000000e+00 1.000000e+00 0.000000e+00
    outer loop
      vertex   1.833168e+02 7.000000e+00 4.080184e+02
      vertex   1.835409e+02 7.000000e+00 4.078480e+02
      vertex   1.810480e+02 7.000000e+00 4.069370e+02
    endloop
  endfacet
  facet normal 0.000000e+00 1.000000e+00 0.000000e+00
    outer loop
      vertex   1.810480e+02 7.000000e+00 4.069370e+02
      vertex   1.835409e+02 7.000000e+00 4.078480e+02
      vertex   1.837821e+02 7.000000e+00 4.077029e+02
    endloop
  endfacet
  facet normal 0.000000e+00 1.000000e+00 0.000000e+00
    outer loop
      vertex   1.810480e+02 7.000000e+00 4.069370e+02
      vertex   1.837821e+02 7.000000e+00 4.077029e+02
      vertex   1.840376e+02 7.000000e+00 4.075847e+02
    endloop
  endfacet
  facet normal 0.000000e+00 1.000000e+00 0.000000e+00
    outer loop
      vertex   1.840376e+02 7.000000e+00 4.075847e+02
      vertex   1.843044e+02 7.000000e+00 4.074948e+02
      vertex   1.810480e+02 7.000000e+00 4.069370e+02
    endloop
  endfacet
  facet normal 0.000000e+00 1.000000e+00 0.000000e+00
    outer loop
      vertex   1.810480e+02 7.000000e+00 4.069370e+02
      vertex   1.843044e+02 7.000000e+00 4.074948e+02
      vertex   1.845794e+02 7.000000e+00 4.074343e+02
    endloop
  endfacet
  facet normal -0.000000e+00 1.000000e+00 0.000000e+00
    outer loop
      vertex   1.810480e+02 7.000000e+00 4.069370e+02
      vertex   1.845794e+02 7.000000e+00 4.074343e+02
      vertex   1.812973e+02 7.000000e+00 4.066400e+02
    endloop
  endfacet
  facet normal -0.000000e+00 1.000000e+00 0.000000e+00
    outer loop
      vertex   1.812973e+02 7.000000e+00 4.066400e+02
      vertex   1.845794e+02 7.000000e+00 4.074343e+02
      vertex   1.815688e+02 7.000000e+00 4.063631e+02
    endloop
  endfacet
  facet normal -0.000000e+00 1.000000e+00 0.000000e+00
    outer loop
      vertex   1.815688e+02 7.000000e+00 4.063631e+02
      vertex   1.845794e+02 7.000000e+00 4.074343e+02
      vertex   1.818609e+02 7.000000e+00 4.061082e+02
    endloop
  endfacet
  facet normal -0.000000e+00 1.000000e+00 0.000000e+00
    outer loop
      vertex   1.818609e+02 7.000000e+00 4.061082e+02
      vertex   1.845794e+02 7.000000e+00 4.074343e+02
      vertex   1.821720e+02 7.000000e+00 4.058766e+02
    endloop
  endfacet
  facet normal -0.000000e+00 1.000000e+00 0.000000e+00
    outer loop
      vertex   1.821720e+02 7.000000e+00 4.058766e+02
      vertex   1.845794e+02 7.000000e+00 4.074343e+02
      vertex   1.825000e+02 7.000000e+00 4.056699e+02
    endloop
  endfacet
  facet normal -0.000000e+00 1.000000e+00 0.000000e+00
    outer loop
      vertex   1.825000e+02 7.000000e+00 4.056699e+02
      vertex   1.845794e+02 7.000000e+00 4.074343e+02
      vertex   1.828431e+02 7.000000e+00 4.054892e+02
    endloop
  endfacet
  facet normal -0.000000e+00 1.000000e+00 0.000000e+00
    outer loop
      vertex   1.828431e+02 7.000000e+00 4.054892e+02
      vertex   1.845794e+02 7.000000e+00 4.074343e+02
      vertex   1.831991e+02 7.000000e+00 4.053356e+02
    endloop
  endfacet
  facet normal -0.000000e+00 1.000000e+00 0.000000e+00
    outer loop
      vertex   1.831991e+02 7.000000e+00 4.053356e+02
      vertex   1.845794e+02 7.000000e+00 4.074343e+02
      vertex   1.835660e+02 7.000000e+00 4.052101e+02
    endloop
  endfacet
  facet normal 0.000000e+00 1.000000e+00 0.000000e+00
    outer loop
      vertex   1.835660e+02 7.000000e+00 4.052101e+02
      vertex   1.845794e+02 7.000000e+00 4.074343e+02
      vertex   1.848592e+02 7.000000e+00 4.074038e+02
    endloop
  endfacet
  facet normal -0.000000e+00 1.000000e+00 0.000000e+00
    outer loop
      vertex   1.835660e+02 7.000000e+00 4.052101e+02
      vertex   1.848592e+02 7.000000e+00 4.074038e+02
      vertex   1.839415e+02 7.000000e+00 4.051133e+02
    endloop
  endfacet
  facet normal -0.000000e+00 1.000000e+00 0.000000e+00
    outer loop
      vertex   1.839415e+02 7.000000e+00 4.051133e+02
      vertex   1.848592e+02 7.000000e+00 4.074038e+02
      vertex   1.843233e+02 7.000000e+00 4.050460e+02
    endloop
  endfacet
  facet normal -0.000000e+00 1.000000e+00 0.000000e+00
    outer loop
      vertex   1.843233e+02 7.000000e+00 4.050460e+02
      vertex   1.848592e+02 7.000000e+00 4.074038e+02
      vertex   1.847093e+02 7.000000e+00 4.050085e+02
    endloop
  endfacet
  facet normal -0.000000e+00 1.000000e+00 0.000000e+00
    outer loop
      vertex   1.847093e+02 7.000000e+00 4.050085e+02
      vertex   1.848592e+02 7.000000e+00 4.074038e+02
      vertex   1.850970e+02 7.000000e+00 4.050009e+02
    endloop
  endfacet
  facet normal 0.000000e+00 1.000000e+00 -0.000000e+00
    outer loop
      vertex   1.850970e+02 7.000000e+00 4.050009e+02
      vertex   1.848592e+02 7.000000e+00 4.074038e+02
      vertex   1.851408e+02 7.000000e+00 4.074038e+02
    endloop
  endfacet
  facet normal 0.000000e+00 1.000000e+00 0.000000e+00
    outer loop
      vertex   1.850970e+02 7.000000e+00 4.050009e+02
      vertex   1.851408e+02 7.000000e+00 4.074038e+02
      vertex   1.854841e+02 7.000000e+00 4.050235e+02
    endloop
  endfacet
  facet normal 0.000000e+00 1.000000e+00 0.000000e+00
    outer loop
      vertex   1.854841e+02 7.000000e+00 4.050235e+02
      vertex   1.851408e+02 7.000000e+00 4.074038e+02
      vertex   1.854206e+02 7.000000e+00 4.074343e+02
    endloop
  endfacet
  facet normal 0.000000e+00 1.000000e+00 -0.000000e+00
    outer loop
      vertex   1.854841e+02 7.000000e+00 4.050235e+02
      vertex   1.854206e+02 7.000000e+00 4.074343e+02
      vertex   1.858682e+02 7.000000e+00 4.050760e+02
    endloop
  endfacet
  facet normal 0.000000e+00 1.000000e+00 -0.000000e+00
    outer loop
      vertex   1.858682e+02 7.000000e+00 4.050760e+02
      vertex   1.854206e+02 7.000000e+00 4.074343e+02
      vertex   1.862472e+02 7.000000e+00 4.051581e+02
    endloop
  endfacet
  facet normal 0.000000e+00 1.000000e+00 0.000000e+00
    outer loop
      vertex   1.862472e+02 7.000000e+00 4.051581e+02
      vertex   1.854206e+02 7.000000e+00 4.074343e+02
      vertex   1.856956e+02 7.000000e+00 4.074948e+02
    endloop
  endfacet
  facet normal 0.000000e+00 1.000000e+00 -0.000000e+00
    outer loop
      vertex   1.862472e+02 7.000000e+00 4.051581e+02
      vertex   1.856956e+02 7.000000e+00 4.074948e+02
      vertex   1.866187e+02 7.000000e+00 4.052693e+02
    endloop
  endfacet
  facet normal 0.000000e+00 1.000000e+00 0.000000e+00
    outer loop
      vertex   1.866187e+02 7.000000e+00 4.052693e+02
      vertex   1.856956e+02 7.000000e+00 4.074948e+02
      vertex   1.859624e+02 7.000000e+00 4.075847e+02
    endloop
  endfacet
  facet normal 0.000000e+00 1.000000e+00 -0.000000e+00
    outer loop
      vertex   1.866187e+02 7.000000e+00 4.052693e+02
      vertex   1.859624e+02 7.000000e+00 4.075847e+02
      vertex   1.869804e+02 7.000000e+00 4.054089e+02
    endloop
  endfacet
  facet normal 0.000000e+00 1.000000e+00 0.000000e+00
    outer loop
      vertex   1.869804e+02 7.000000e+00 4.054089e+02
      vertex   1.859624e+02 7.000000e+00 4.075847e+02
      vertex   1.862179e+02 7.000000e+00 4.077029e+02
    endloop
  endfacet
  facet normal 0.000000e+00 1.000000e+00 -0.000000e+00
    outer loop
      vertex   1.869804e+02 7.000000e+00 4.054089e+02
      vertex   1.862179e+02 7.000000e+00 4.077029e+02
      vertex   1.873302e+02 7.000000e+00 4.055762e+02
    endloop
  endfacet
  facet normal 0.000000e+00 1.000000e+00 -0.000000e+00
    outer loop
      vertex   1.873302e+02 7.000000e+00 4.055762e+02
      vertex   1.862179e+02 7.000000e+00 4.077029e+02
      vertex   1.876660e+02 7.000000e+00 4.057701e+02
    endloop
  endfacet
  facet normal 0.000000e+00 1.000000e+00 0.000000e+00
    outer loop
      vertex   1.876660e+02 7.000000e+00 4.057701e+02
      vertex   1.862179e+02 7.000000e+00 4.077029e+02
      vertex   1.864591e+02 7.000000e+00 4.078480e+02
    endloop
  endfacet
  facet normal 0.000000e+00 1.000000e+00 -0.000000e+00
    outer loop
      vertex   1.876660e+02 7.000000e+00 4.057701e+02
      vertex   1.864591e+02 7.000000e+00 4.078480e+02
      vertex   1.879858e+02 7.000000e+00 4.059894e+02
    endloop
  endfacet
  facet normal 0.000000e+00 1.000000e+00 0.000000e+00
    outer loop
      vertex   1.879858e+02 7.000000e+00 4.059894e+02
      vertex   1.864591e+02 7.000000e+00 4.078480e+02
      vertex   1.866832e+02 7.000000e+00 4.080184e+02
    endloop
  endfacet
  facet normal 0.000000e+00 1.000000e+00 -0.000000e+00
    outer loop
      vertex   1.879858e+02 7.000000e+00 4.059894e+02
      vertex   1.866832e+02 7.000000e+00 4.080184e+02
      vertex   1.882876e+02 7.000000e+00 4.062328e+02
    endloop
  endfacet
  facet normal 0.000000e+00 1.000000e+00 -0.000000e+00
    outer loop
      vertex   1.882876e+02 7.000000e+00 4.062328e+02
      vertex   1.866832e+02 7.000000e+00 4.080184e+02
      vertex   1.885696e+02 7.000000e+00 4.064989e+02
    endloop
  endfacet
  facet normal 0.000000e+00 1.000000e+00 0.000000e+00
    outer loop
      vertex   1.885696e+02 7.000000e+00 4.064989e+02
      vertex   1.866832e+02 7.000000e+00 4.080184e+02
      vertex   1.868876e+02 7.000000e+00 4.082120e+02
    endloop
  endfacet
  facet normal 0.000000e+00 1.000000e+00 -0.000000e+00
    outer loop
      vertex   1.885696e+02 7.000000e+00 4.064989e+02
      vertex   1.868876e+02 7.000000e+00 4.082120e+02
      vertex   1.888302e+02 7.000000e+00 4.067861e+02
    endloop
  endfacet
  facet normal 0.000000e+00 1.000000e+00 0.000000e+00
    outer loop
      vertex   1.888302e+02 7.000000e+00 4.067861e+02
      vertex   1.868876e+02 7.000000e+00 4.082120e+02
      vertex   1.870698e+02 7.000000e+00 4.084265e+02
    endloop
  endfacet
  facet normal 0.000000e+00 1.000000e+00 -0.000000e+00
    outer loop
      vertex   1.888302e+02 7.000000e+00 4.067861e+02
      vertex   1.870698e+02 7.000000e+00 4.084265e+02
      vertex   1.890678e+02 7.000000e+00 4.070925e+02
    endloop
  endfacet
  facet normal 0.000000e+00 1.000000e+00 0.000000e+00
    outer loop
      vertex   1.890678e+02 7.000000e+00 4.070925e+02
      vertex   1.870698e+02 7.000000e+00 4.084265e+02
      vertex   1.872278e+02 7.000000e+00 4.086596e+02
    endloop
  endfacet
  facet normal 0.000000e+00 1.000000e+00 -0.000000e+00
    outer loop
      vertex   1.890678e+02 7.000000e+00 4.070925e+02
      vertex   1.872278e+02 7.000000e+00 4.086596e+02
      vertex   1.892808e+02 7.000000e+00 4.074165e+02
    endloop
  endfacet
  facet normal 0.000000e+00 1.000000e+00 -0.000000e+00
    outer loop
      vertex   1.892808e+02 7.000000e+00 4.074165e+02
      vertex   1.872278e+02 7.000000e+00 4.086596e+02
      vertex   1.894682e+02 7.000000e+00 4.077560e+02
    endloop
  endfacet
  facet normal 0.000000e+00 1.000000e+00 0.000000e+00
    outer loop
      vertex   1.894682e+02 7.000000e+00 4.077560e+02
      vertex   1.872278e+02 7.000000e+00 4.086596e+02
      vertex   1.873597e+02 7.000000e+00 4.089083e+02
    endloop
  endfacet
  facet normal 0.000000e+00 1.000000e+00 -0.000000e+00
    outer loop
      vertex   1.894682e+02 7.000000e+00 4.077560e+02
      vertex   1.873597e+02 7.000000e+00 4.089083e+02
      vertex   1.896286e+02 7.000000e+00 4.081090e+02
    endloop
  endfacet
  facet normal 0.000000e+00 1.000000e+00 0.000000e+00
    outer loop
      vertex   1.896286e+02 7.000000e+00 4.081090e+02
      vertex   1.873597e+02 7.000000e+00 4.089083e+02
      vertex   1.874639e+02 7.000000e+00 4.091698e+02
    endloop
  endfacet
  facet normal 0.000000e+00 1.000000e+00 -0.000000e+00
    outer loop
      vertex   1.896286e+02 7.000000e+00 4.081090e+02
      vertex   1.874639e+02 7.000000e+00 4.091698e+02
      vertex   1.897612e+02 7.000000e+00 4.084734e+02
    endloop
  endfacet
  facet normal 0.000000e+00 1.000000e+00 -0.000000e+00
    outer loop
      vertex   1.897612e+02 7.000000e+00 4.084734e+02
      vertex   1.874639e+02 7.000000e+00 4.091698e+02
      vertex   1.898652e+02 7.000000e+00 4.088469e+02
    endloop
  endfacet
  facet normal 0.000000e+00 1.000000e+00 0.000000e+00
    outer loop
      vertex   1.898652e+02 7.000000e+00 4.088469e+02
      vertex   1.874639e+02 7.000000e+00 4.091698e+02
      vertex   1.875392e+02 7.000000e+00 4.094411e+02
    endloop
  endfacet
  facet normal 0.000000e+00 1.000000e+00 -0.000000e+00
    outer loop
      vertex   1.898652e+02 7.000000e+00 4.088469e+02
      vertex   1.875392e+02 7.000000e+00 4.094411e+02
      vertex   1.899399e+02 7.000000e+00 4.092274e+02
    endloop
  endfacet
  facet normal 0.000000e+00 1.000000e+00 0.000000e+00
    outer loop
      vertex   1.899399e+02 7.000000e+00 4.092274e+02
      vertex   1.875392e+02 7.000000e+00 4.094411e+02
      vertex   1.875848e+02 7.000000e+00 4.097189e+02
    endloop
  endfacet
  facet normal 0.000000e+00 1.000000e+00 -0.000000e+00
    outer loop
      vertex   1.899399e+02 7.000000e+00 4.092274e+02
      vertex   1.875848e+02 7.000000e+00 4.097189e+02
      vertex   1.899850e+02 7.000000e+00 4.096125e+02
    endloop
  endfacet
  facet normal 0.000000e+00 1.000000e+00 0.000000e+00
    outer loop
      vertex   1.899850e+02 7.000000e+00 4.096125e+02
      vertex   1.875848e+02 7.000000e+00 4.097189e+02
      vertex   1.876000e+02 7.000000e+00 4.100000e+02
    endloop
  endfacet
  facet normal -9.992474e-01 1.016987e-03 -3.877535e-02
    outer loop
      vertex   1.899850e+02 7.000000e+00 4.103875e+02
      vertex   1.899988e+02 1.000000e+01 4.101097e+02
      vertex   1.900000e+02 7.000000e+00 4.100000e+02
    endloop
  endfacet
  facet normal -9.998566e-01 -1.019259e-03 1.690525e-02
    outer loop
      vertex   1.900000e+02 7.000000e+00 4.100000e+02
      vertex   1.899988e+02 1.000000e+01 4.101097e+02
      vertex   1.899922e+02 1.000000e+01 4.097214e+02
    endloop
  endfacet
  facet normal -9.992474e-01 1.013484e-03 3.877535e-02
    outer loop
      vertex   1.900000e+02 7.000000e+00 4.100000e+02
      vertex   1.899922e+02 1.000000e+01 4.097214e+02
      vertex   1.899850e+02 7.000000e+00 4.096125e+02
    endloop
  endfacet
  facet normal -9.955282e-01 -1.015743e-03 9.445949e-02
    outer loop
      vertex   1.899850e+02 7.000000e+00 4.096125e+02
      vertex   1.899922e+02 1.000000e+01 4.097214e+02
      vertex   1.899555e+02 1.000000e+01 4.093347e+02
    endloop
  endfacet
  facet normal -9.932379e-01 1.009955e-03 1.160929e-01
    outer loop
      vertex   1.899850e+02 7.000000e+00 4.096125e+02
      vertex   1.899555e+02 1.000000e+01 4.093347e+02
      vertex   1.899399e+02 7.000000e+00 4.092274e+02
    endloop
  endfacet
  facet normal -9.851934e-01 -1.012202e-03 1.714438e-01
    outer loop
      vertex   1.899399e+02 7.000000e+00 4.092274e+02
      vertex   1.899555e+02 1.000000e+01 4.093347e+02
      vertex   1.898890e+02 1.000000e+01 4.089521e+02
    endloop
  endfacet
  facet normal -9.812548e-01 1.006401e-03 1.927122e-01
    outer loop
      vertex   1.899399e+02 7.000000e+00 4.092274e+02
      vertex   1.898890e+02 1.000000e+01 4.089521e+02
      vertex   1.898652e+02 7.000000e+00 4.088469e+02
    endloop
  endfacet
  facet normal -9.689145e-01 -1.008634e-03 2.473938e-01
    outer loop
      vertex   1.898652e+02 7.000000e+00 4.088469e+02
      vertex   1.898890e+02 1.000000e+01 4.089521e+02
      vertex   1.897929e+02 1.000000e+01 4.085758e+02
    endloop
  endfacet
  facet normal -9.633704e-01 1.002821e-03 2.681725e-01
    outer loop
      vertex   1.898652e+02 7.000000e+00 4.088469e+02
      vertex   1.897929e+02 1.000000e+01 4.085758e+02
      vertex   1.897612e+02 7.000000e+00 4.084734e+02
    endloop
  endfacet
  facet normal -9.467898e-01 -1.005041e-03 3.218511e-01
    outer loop
      vertex   1.897612e+02 7.000000e+00 4.084734e+02
      vertex   1.897929e+02 1.000000e+01 4.085758e+02
      vertex   1.896679e+02 1.000000e+01 4.082081e+02
    endloop
  endfacet
  facet normal -9.396922e-01 9.992147e-04 3.420200e-01
    outer loop
      vertex   1.897612e+02 7.000000e+00 4.084734e+02
      vertex   1.896679e+02 1.000000e+01 4.082081e+02
      vertex   1.896286e+02 7.000000e+00 4.081090e+02
    endloop
  endfacet
  facet normal -9.189527e-01 -1.001423e-03 3.943665e-01
    outer loop
      vertex   1.896286e+02 7.000000e+00 4.081090e+02
      vertex   1.896679e+02 1.000000e+01 4.082081e+02
      vertex   1.895147e+02 1.000000e+01 4.078512e+02
    endloop
  endfacet
  facet normal -9.103625e-01 9.955830e-04 4.138105e-01
    outer loop
      vertex   1.896286e+02 7.000000e+00 4.081090e+02
      vertex   1.895147e+02 1.000000e+01 4.078512e+02
      vertex   1.894682e+02 7.000000e+00 4.077560e+02
    endloop
  endfacet
  facet normal -8.855712e-01 -9.977780e-04 4.645026e-01
    outer loop
      vertex   1.894682e+02 7.000000e+00 4.077560e+02
      vertex   1.895147e+02 1.000000e+01 4.078512e+02
      vertex   1.893343e+02 1.000000e+01 4.075073e+02
    endloop
  endfacet
  facet normal -8.755578e-01 9.919256e-04 4.831124e-01
    outer loop
      vertex   1.894682e+02 7.000000e+00 4.077560e+02
      vertex   1.893343e+02 1.000000e+01 4.075073e+02
      vertex   1.892808e+02 7.000000e+00 4.074165e+02
    endloop
  endfacet
  facet normal -8.468467e-01 -9.941077e-04 5.318362e-01
    outer loop
      vertex   1.892808e+02 7.000000e+00 4.074165e+02
      vertex   1.893343e+02 1.000000e+01 4.075073e+02
      vertex   1.891278e+02 1.000000e+01 4.071784e+02
    endloop
  endfacet
  facet normal -8.354874e-01 9.882424e-04 5.495087e-01
    outer loop
      vertex   1.892808e+02 7.000000e+00 4.074165e+02
      vertex   1.891278e+02 1.000000e+01 4.071784e+02
      vertex   1.890678e+02 7.000000e+00 4.070925e+02
    endloop
  endfacet
  facet normal -8.030128e-01 -9.904116e-04 5.959610e-01
    outer loop
      vertex   1.890678e+02 7.000000e+00 4.070925e+02
      vertex   1.891278e+02 1.000000e+01 4.071784e+02
      vertex   1.888963e+02 1.000000e+01 4.068665e+02
    endloop
  endfacet
  facet normal -7.903923e-01 9.845335e-04 6.126002e-01
    outer loop
      vertex   1.890678e+02 7.000000e+00 4.070925e+02
      vertex   1.888963e+02 1.000000e+01 4.068665e+02
      vertex   1.888302e+02 7.000000e+00 4.067861e+02
    endloop
  endfacet
  facet normal -7.543340e-01 -9.866898e-04 6.564901e-01
    outer loop
      vertex   1.888302e+02 7.000000e+00 4.067861e+02
      vertex   1.888963e+02 1.000000e+01 4.068665e+02
      vertex   1.886413e+02 1.000000e+01 4.065735e+02
    endloop
  endfacet
  facet normal -7.405437e-01 9.807988e-04 6.720075e-01
    outer loop
      vertex   1.888302e+02 7.000000e+00 4.067861e+02
      vertex   1.886413e+02 1.000000e+01 4.065735e+02
      vertex   1.885696e+02 7.000000e+00 4.064989e+02
    endloop
  endfacet
  facet normal -7.011041e-01 -9.829422e-04 7.130583e-01
    outer loop
      vertex   1.885696e+02 7.000000e+00 4.064989e+02
      vertex   1.886413e+02 1.000000e+01 4.065735e+02
      vertex   1.883644e+02 1.000000e+01 4.063013e+02
    endloop
  endfacet
  facet normal -6.862413e-01 9.770383e-04 7.273733e-01
    outer loop
      vertex   1.885696e+02 7.000000e+00 4.064989e+02
      vertex   1.883644e+02 1.000000e+01 4.063013e+02
      vertex   1.882876e+02 7.000000e+00 4.062328e+02
    endloop
  endfacet
  facet normal -6.436440e-01 -9.791689e-04 7.653244e-01
    outer loop
      vertex   1.882876e+02 7.000000e+00 4.062328e+02
      vertex   1.883644e+02 1.000000e+01 4.063013e+02
      vertex   1.880672e+02 1.000000e+01 4.060513e+02
    endloop
  endfacet
  facet normal -6.278118e-01 9.732521e-04 7.783645e-01
    outer loop
      vertex   1.882876e+02 7.000000e+00 4.062328e+02
      vertex   1.880672e+02 1.000000e+01 4.060513e+02
      vertex   1.879858e+02 7.000000e+00 4.059894e+02
    endloop
  endfacet
  facet normal -5.823007e-01 -9.753698e-04 8.129729e-01
    outer loop
      vertex   1.879858e+02 7.000000e+00 4.059894e+02
      vertex   1.880672e+02 1.000000e+01 4.060513e+02
      vertex   1.877514e+02 1.000000e+01 4.058251e+02
    endloop
  endfacet
  facet normal -5.656066e-01 9.694402e-04 8.246746e-01
    outer loop
      vertex   1.879858e+02 7.000000e+00 4.059894e+02
      vertex   1.877514e+02 1.000000e+01 4.058251e+02
      vertex   1.876660e+02 7.000000e+00 4.057701e+02
    endloop
  endfacet
  facet normal -5.174440e-01 -9.715450e-04 8.557165e-01
    outer loop
      vertex   1.876660e+02 7.000000e+00 4.057701e+02
      vertex   1.877514e+02 1.000000e+01 4.058251e+02
      vertex   1.874191e+02 1.000000e+01 4.056242e+02
    endloop
  endfacet
  facet normal -4.999998e-01 9.656025e-04 8.660250e-01
    outer loop
      vertex   1.876660e+02 7.000000e+00 4.057701e+02
      vertex   1.874191e+02 1.000000e+01 4.056242e+02
      vertex   1.873302e+02 7.000000e+00 4.055762e+02
    endloop
  endfacet
  facet normal -4.494654e-01 -9.676944e-04 8.932972e-01
    outer loop
      vertex   1.873302e+02 7.000000e+00 4.055762e+02
      vertex   1.874191e+02 1.000000e+01 4.056242e+02
      vertex   1.870722e+02 1.000000e+01 4.054496e+02
    endloop
  endfacet
  facet normal -4.313859e-01 9.617390e-04 9.021670e-01
    outer loop
      vertex   1.873302e+02 7.000000e+00 4.055762e+02
      vertex   1.870722e+02 1.000000e+01 4.054496e+02
      vertex   1.869804e+02 7.000000e+00 4.054089e+02
    endloop
  endfacet
  facet normal -3.787751e-01 -9.638181e-04 9.254883e-01
    outer loop
      vertex   1.869804e+02 7.000000e+00 4.054089e+02
      vertex   1.870722e+02 1.000000e+01 4.054496e+02
      vertex   1.867127e+02 1.000000e+01 4.053025e+02
    endloop
  endfacet
  facet normal -3.601776e-01 9.578498e-04 9.328833e-01
    outer loop
      vertex   1.869804e+02 7.000000e+00 4.054089e+02
      vertex   1.867127e+02 1.000000e+01 4.053025e+02
      vertex   1.866187e+02 7.000000e+00 4.052693e+02
    endloop
  endfacet
  facet normal -3.057994e-01 -9.599160e-04 9.520955e-01
    outer loop
      vertex   1.866187e+02 7.000000e+00 4.052693e+02
      vertex   1.867127e+02 1.000000e+01 4.053025e+02
      vertex   1.863430e+02 1.000000e+01 4.051837e+02
    endloop
  endfacet
  facet normal -2.868031e-01 9.539348e-04 9.579891e-01
    outer loop
      vertex   1.866187e+02 7.000000e+00 4.052693e+02
      vertex   1.863430e+02 1.000000e+01 4.051837e+02
      vertex   1.862472e+02 7.000000e+00 4.051581e+02
    endloop
  endfacet
  facet normal -2.309787e-01 -9.559881e-04 9.729583e-01
    outer loop
      vertex   1.862472e+02 7.000000e+00 4.051581e+02
      vertex   1.863430e+02 1.000000e+01 4.051837e+02
      vertex   1.859651e+02 1.000000e+01 4.050940e+02
    endloop
  endfacet
  facet normal -2.117038e-01 9.499940e-04 9.773334e-01
    outer loop
      vertex   1.862472e+02 7.000000e+00 4.051581e+02
      vertex   1.859651e+02 1.000000e+01 4.050940e+02
      vertex   1.858682e+02 7.000000e+00 4.050760e+02
    endloop
  endfacet
  facet normal -1.547644e-01 -9.520345e-04 9.879510e-01
    outer loop
      vertex   1.858682e+02 7.000000e+00 4.050760e+02
      vertex   1.859651e+02 1.000000e+01 4.050940e+02
      vertex   1.855814e+02 1.000000e+01 4.050339e+02
    endloop
  endfacet
  facet normal -1.353312e-01 9.460275e-04 9.908000e-01
    outer loop
      vertex   1.858682e+02 7.000000e+00 4.050760e+02
      vertex   1.855814e+02 1.000000e+01 4.050339e+02
      vertex   1.854841e+02 7.000000e+00 4.050235e+02
    endloop
  endfacet
  facet normal -7.761634e-02 -9.480551e-04 9.969829e-01
    outer loop
      vertex   1.854841e+02 7.000000e+00 4.050235e+02
      vertex   1.855814e+02 1.000000e+01 4.050339e+02
      vertex   1.851942e+02 1.000000e+01 4.050038e+02
    endloop
  endfacet
  facet normal -5.814480e-02 9.420353e-04 9.983077e-01
    outer loop
      vertex   1.854841e+02 7.000000e+00 4.050235e+02
      vertex   1.851942e+02 1.000000e+01 4.050038e+02
      vertex   1.850970e+02 7.000000e+00 4.050009e+02
    endloop
  endfacet
  facet normal 0.000000e+00 -9.440500e-04 9.999996e-01
    outer loop
      vertex   1.850970e+02 7.000000e+00 4.050009e+02
      vertex   1.851942e+02 1.000000e+01 4.050038e+02
      vertex   1.848058e+02 1.000000e+01 4.050038e+02
    endloop
  endfacet
  facet normal 1.939132e-02 9.380173e-04 9.998115e-01
    outer loop
      vertex   1.850970e+02 7.000000e+00 4.050009e+02
      vertex   1.848058e+02 1.000000e+01 4.050038e+02
      vertex   1.847093e+02 7.000000e+00 4.050085e+02
    endloop
  endfacet
  facet normal 7.761634e-02 -9.400191e-04 9.969829e-01
    outer loop
      vertex   1.847093e+02 7.000000e+00 4.050085e+02
      vertex   1.848058e+02 1.000000e+01 4.050038e+02
      vertex   1.844186e+02 1.000000e+01 4.050339e+02
    endloop
  endfacet
  facet normal 9.681083e-02 9.339735e-04 9.953024e-01
    outer loop
      vertex   1.847093e+02 7.000000e+00 4.050085e+02
      vertex   1.844186e+02 1.000000e+01 4.050339e+02
      vertex   1.843233e+02 7.000000e+00 4.050460e+02
    endloop
  endfacet
  facet normal 1.547644e-01 -9.359624e-04 9.879510e-01
    outer loop
      vertex   1.843233e+02 7.000000e+00 4.050460e+02
      vertex   1.844186e+02 1.000000e+01 4.050339e+02
      vertex   1.840349e+02 1.000000e+01 4.050940e+02
    endloop
  endfacet
  facet normal 1.736481e-01 9.299040e-04 9.848073e-01
    outer loop
      vertex   1.843233e+02 7.000000e+00 4.050460e+02
      vertex   1.840349e+02 1.000000e+01 4.050940e+02
      vertex   1.839415e+02 7.000000e+00 4.051133e+02
    endloop
  endfacet
  facet normal 2.309787e-01 -9.318800e-04 9.729584e-01
    outer loop
      vertex   1.839415e+02 7.000000e+00 4.051133e+02
      vertex   1.840349e+02 1.000000e+01 4.050940e+02
      vertex   1.836570e+02 1.000000e+01 4.051837e+02
    endloop
  endfacet
  facet normal 2.494410e-01 9.258087e-04 9.683895e-01
    outer loop
      vertex   1.839415e+02 7.000000e+00 4.051133e+02
      vertex   1.836570e+02 1.000000e+01 4.051837e+02
      vertex   1.835660e+02 7.000000e+00 4.052101e+02
    endloop
  endfacet
  facet normal 3.057994e-01 -9.277719e-04 9.520955e-01
    outer loop
      vertex   1.835660e+02 7.000000e+00 4.052101e+02
      vertex   1.836570e+02 1.000000e+01 4.051837e+02
      vertex   1.832873e+02 1.000000e+01 4.053025e+02
    endloop
  endfacet
  facet normal 3.237338e-01 9.216877e-04 9.461478e-01
    outer loop
      vertex   1.835660e+02 7.000000e+00 4.052101e+02
      vertex   1.832873e+02 1.000000e+01 4.053025e+02
      vertex   1.831991e+02 7.000000e+00 4.053356e+02
    endloop
  endfacet
  facet normal 3.787751e-01 -9.236380e-04 9.254883e-01
    outer loop
      vertex   1.831991e+02 7.000000e+00 4.053356e+02
      vertex   1.832873e+02 1.000000e+01 4.053025e+02
      vertex   1.829278e+02 1.000000e+01 4.054496e+02
    endloop
  endfacet
  facet normal 3.960796e-01 9.175409e-04 9.182157e-01
    outer loop
      vertex   1.831991e+02 7.000000e+00 4.053356e+02
      vertex   1.829278e+02 1.000000e+01 4.054496e+02
      vertex   1.828431e+02 7.000000e+00 4.054892e+02
    endloop
  endfacet
  facet normal 4.494655e-01 -9.194783e-04 8.932972e-01
    outer loop
      vertex   1.828431e+02 7.000000e+00 4.054892e+02
      vertex   1.829278e+02 1.000000e+01 4.054496e+02
      vertex   1.825809e+02 1.000000e+01 4.056242e+02
    endloop
  endfacet
  facet normal 4.660433e-01 9.133683e-04 8.847614e-01
    outer loop
      vertex   1.828431e+02 7.000000e+00 4.054892e+02
      vertex   1.825809e+02 1.000000e+01 4.056242e+02
      vertex   1.825000e+02 7.000000e+00 4.056699e+02
    endloop
  endfacet
  facet normal 5.174441e-01 -9.152929e-04 8.557165e-01
    outer loop
      vertex   1.825000e+02 7.000000e+00 4.056699e+02
      vertex   1.825809e+02 1.000000e+01 4.056242e+02
      vertex   1.822486e+02 1.000000e+01 4.058251e+02
    endloop
  endfacet
  facet normal 5.332042e-01 9.091700e-04 8.459861e-01
    outer loop
      vertex   1.825000e+02 7.000000e+00 4.056699e+02
      vertex   1.822486e+02 1.000000e+01 4.058251e+02
      vertex   1.821720e+02 7.000000e+00 4.058766e+02
    endloop
  endfacet
  facet normal 5.823007e-01 -9.110817e-04 8.129730e-01
    outer loop
      vertex   1.821720e+02 7.000000e+00 4.058766e+02
      vertex   1.822486e+02 1.000000e+01 4.058251e+02
      vertex   1.819328e+02 1.000000e+01 4.060513e+02
    endloop
  endfacet
  facet normal 5.971583e-01 9.049460e-04 8.021229e-01
    outer loop
      vertex   1.821720e+02 7.000000e+00 4.058766e+02
      vertex   1.819328e+02 1.000000e+01 4.060513e+02
      vertex   1.818609e+02 7.000000e+00 4.061082e+02
    endloop
  endfacet
  facet normal 6.436441e-01 -9.068448e-04 7.653244e-01
    outer loop
      vertex   1.818609e+02 7.000000e+00 4.061082e+02
      vertex   1.819328e+02 1.000000e+01 4.060513e+02
      vertex   1.816356e+02 1.000000e+01 4.063013e+02
    endloop
  endfacet
  facet normal 6.575211e-01 9.006962e-04 7.534356e-01
    outer loop
      vertex   1.818609e+02 7.000000e+00 4.061082e+02
      vertex   1.816356e+02 1.000000e+01 4.063013e+02
      vertex   1.815688e+02 7.000000e+00 4.063631e+02
    endloop
  endfacet
  facet normal 7.011041e-01 -9.025821e-04 7.130584e-01
    outer loop
      vertex   1.815688e+02 7.000000e+00 4.063631e+02
      vertex   1.816356e+02 1.000000e+01 4.063013e+02
      vertex   1.813587e+02 1.000000e+01 4.065735e+02
    endloop
  endfacet
  facet normal 7.139294e-01 8.964206e-04 7.002171e-01
    outer loop
      vertex   1.815688e+02 7.000000e+00 4.063631e+02
      vertex   1.813587e+02 1.000000e+01 4.065735e+02
      vertex   1.812973e+02 7.000000e+00 4.066400e+02
    endloop
  endfacet
  facet normal 7.543341e-01 -8.982936e-04 6.564901e-01
    outer loop
      vertex   1.812973e+02 7.000000e+00 4.066400e+02
      vertex   1.813587e+02 1.000000e+01 4.065735e+02
      vertex   1.811037e+02 1.000000e+01 4.068665e+02
    endloop
  endfacet
  facet normal 7.660441e-01 8.921193e-04 6.427874e-01
    outer loop
      vertex   1.812973e+02 7.000000e+00 4.066400e+02
      vertex   1.811037e+02 1.000000e+01 4.068665e+02
      vertex   1.810480e+02 7.000000e+00 4.069370e+02
    endloop
  endfacet
  facet normal 8.030129e-01 -8.939794e-04 5.959610e-01
    outer loop
      vertex   1.810480e+02 7.000000e+00 4.069370e+02
      vertex   1.811037e+02 1.000000e+01 4.068665e+02
      vertex   1.808722e+02 1.000000e+01 4.071784e+02
    endloop
  endfacet
  facet normal 8.135517e-01 8.877922e-04 5.814918e-01
    outer loop
      vertex   1.810480e+02 7.000000e+00 4.069370e+02
      vertex   1.808722e+02 1.000000e+01 4.071784e+02
      vertex   1.808226e+02 7.000000e+00 4.072525e+02
    endloop
  endfacet
  facet normal 8.468468e-01 -8.896395e-04 5.318362e-01
    outer loop
      vertex   1.808226e+02 7.000000e+00 4.072525e+02
      vertex   1.808722e+02 1.000000e+01 4.071784e+02
      vertex   1.806657e+02 1.000000e+01 4.075073e+02
    endloop
  endfacet
  facet normal 8.561666e-01 8.834394e-04 5.166992e-01
    outer loop
      vertex   1.808226e+02 7.000000e+00 4.072525e+02
      vertex   1.806657e+02 1.000000e+01 4.075073e+02
      vertex   1.806222e+02 7.000000e+00 4.075844e+02
    endloop
  endfacet
  facet normal 8.855713e-01 -8.852738e-04 4.645027e-01
    outer loop
      vertex   1.806222e+02 7.000000e+00 4.075844e+02
      vertex   1.806657e+02 1.000000e+01 4.075073e+02
      vertex   1.804853e+02 1.000000e+01 4.078512e+02
    endloop
  endfacet
  facet normal 8.936323e-01 8.790608e-04 4.487990e-01
    outer loop
      vertex   1.806222e+02 7.000000e+00 4.075844e+02
      vertex   1.804853e+02 1.000000e+01 4.078512e+02
      vertex   1.804482e+02 7.000000e+00 4.079309e+02
    endloop
  endfacet
  facet normal 9.189528e-01 -8.808823e-04 3.943666e-01
    outer loop
      vertex   1.804482e+02 7.000000e+00 4.079309e+02
      vertex   1.804853e+02 1.000000e+01 4.078512e+02
      vertex   1.803321e+02 1.000000e+01 4.082081e+02
    endloop
  endfacet
  facet normal 9.257236e-01 8.746565e-04 3.781997e-01
    outer loop
      vertex   1.804482e+02 7.000000e+00 4.079309e+02
      vertex   1.803321e+02 1.000000e+01 4.082081e+02
      vertex   1.803015e+02 7.000000e+00 4.082899e+02
    endloop
  endfacet
  facet normal 9.467899e-01 -8.764651e-04 3.218511e-01
    outer loop
      vertex   1.803015e+02 7.000000e+00 4.082899e+02
      vertex   1.803321e+02 1.000000e+01 4.082081e+02
      vertex   1.802071e+02 1.000000e+01 4.085758e+02
    endloop
  endfacet
  facet normal 9.522475e-01 8.702264e-04 3.053259e-01
    outer loop
      vertex   1.803015e+02 7.000000e+00 4.082899e+02
      vertex   1.802071e+02 1.000000e+01 4.085758e+02
      vertex   1.801831e+02 7.000000e+00 4.086591e+02
    endloop
  endfacet
  facet normal 9.689146e-01 -8.720221e-04 2.473938e-01
    outer loop
      vertex   1.801831e+02 7.000000e+00 4.086591e+02
      vertex   1.802071e+02 1.000000e+01 4.085758e+02
      vertex   1.801110e+02 1.000000e+01 4.089521e+02
    endloop
  endfacet
  facet normal 9.730445e-01 8.657705e-04 2.306158e-01
    outer loop
      vertex   1.801831e+02 7.000000e+00 4.086591e+02
      vertex   1.801110e+02 1.000000e+01 4.089521e+02
      vertex   1.800937e+02 7.000000e+00 4.090364e+02
    endloop
  endfacet
  facet normal 9.851935e-01 -8.675534e-04 1.714438e-01
    outer loop
      vertex   1.800937e+02 7.000000e+00 4.090364e+02
      vertex   1.801110e+02 1.000000e+01 4.089521e+02
      vertex   1.800445e+02 1.000000e+01 4.093347e+02
    endloop
  endfacet
  facet normal 9.879895e-01 8.612889e-04 1.545187e-01
    outer loop
      vertex   1.800937e+02 7.000000e+00 4.090364e+02
      vertex   1.800445e+02 1.000000e+01 4.093347e+02
      vertex   1.800338e+02 7.000000e+00 4.094195e+02
    endloop
  endfacet
  facet normal 9.955283e-01 -8.630589e-04 9.445951e-02
    outer loop
      vertex   1.800338e+02 7.000000e+00 4.094195e+02
      vertex   1.800445e+02 1.000000e+01 4.093347e+02
      vertex   1.800078e+02 1.000000e+01 4.097214e+02
    endloop
  endfacet
  facet normal 9.969926e-01 8.567815e-04 7.749239e-02
    outer loop
      vertex   1.800338e+02 7.000000e+00 4.094195e+02
      vertex   1.800078e+02 1.000000e+01 4.097214e+02
      vertex   1.800038e+02 7.000000e+00 4.098061e+02
    endloop
  endfacet
  facet normal 9.998567e-01 -8.585387e-04 1.690525e-02
    outer loop
      vertex   1.800038e+02 7.000000e+00 4.098061e+02
      vertex   1.800078e+02 1.000000e+01 4.097214e+02
      vertex   1.800012e+02 1.000000e+01 4.101097e+02
    endloop
  endfacet
  facet normal 9.999996e-01 8.522484e-04 -0.000000e+00
    outer loop
      vertex   1.800038e+02 7.000000e+00 4.098061e+02
      vertex   1.800012e+02 1.000000e+01 4.101097e+02
      vertex   1.800038e+02 7.000000e+00 4.101939e+02
    endloop
  endfacet
  facet normal 9.981526e-01 -8.539927e-04 -6.075099e-02
    outer loop
      vertex   1.800038e+02 7.000000e+00 4.101939e+02
      vertex   1.800012e+02 1.000000e+01 4.101097e+02
      vertex   1.800248e+02 1.000000e+01 4.104974e+02
    endloop
  endfacet
  facet normal 9.969926e-01 8.476896e-04 -7.749239e-02
    outer loop
      vertex   1.800038e+02 7.000000e+00 4.101939e+02
      vertex   1.800248e+02 1.000000e+01 4.104974e+02
      vertex   1.800338e+02 7.000000e+00 4.105805e+02
    endloop
  endfacet
  facet normal 9.904262e-01 -8.494209e-04 -1.380407e-01
    outer loop
      vertex   1.800338e+02 7.000000e+00 4.105805e+02
      vertex   1.800248e+02 1.000000e+01 4.104974e+02
      vertex   1.800784e+02 1.000000e+01 4.108820e+02
    endloop
  endfacet
  facet normal 9.879895e-01 8.431049e-04 -1.545187e-01
    outer loop
      vertex   1.800338e+02 7.000000e+00 4.105805e+02
      vertex   1.800784e+02 1.000000e+01 4.108820e+02
      vertex   1.800937e+02 7.000000e+00 4.109636e+02
    endloop
  endfacet
  facet normal 9.767242e-01 -8.448234e-04 -2.144976e-01
    outer loop
      vertex   1.800937e+02 7.000000e+00 4.109636e+02
      vertex   1.800784e+02 1.000000e+01 4.108820e+02
      vertex   1.801617e+02 1.000000e+01 4.112613e+02
    endloop
  endfacet
  facet normal 9.730445e-01 8.384946e-04 -2.306158e-01
    outer loop
      vertex   1.800937e+02 7.000000e+00 4.109636e+02
      vertex   1.801617e+02 1.000000e+01 4.112613e+02
      vertex   1.801831e+02 7.000000e+00 4.113409e+02
    endloop
  endfacet
  facet normal 9.571292e-01 -8.402002e-04 -2.896603e-01
    outer loop
      vertex   1.801831e+02 7.000000e+00 4.113409e+02
      vertex   1.801617e+02 1.000000e+01 4.112613e+02
      vertex   1.802742e+02 1.000000e+01 4.116331e+02
    endloop
  endfacet
  facet normal 9.522476e-01 8.338584e-04 -3.053259e-01
    outer loop
      vertex   1.801831e+02 7.000000e+00 4.113409e+02
      vertex   1.802742e+02 1.000000e+01 4.116331e+02
      vertex   1.803015e+02 7.000000e+00 4.117101e+02
    endloop
  endfacet
  facet normal 9.317594e-01 -8.355512e-04 -3.630754e-01
    outer loop
      vertex   1.803015e+02 7.000000e+00 4.117101e+02
      vertex   1.802742e+02 1.000000e+01 4.116331e+02
      vertex   1.804152e+02 1.000000e+01 4.119949e+02
    endloop
  endfacet
  facet normal 9.257237e-01 8.291965e-04 -3.781997e-01
    outer loop
      vertex   1.803015e+02 7.000000e+00 4.117101e+02
      vertex   1.804152e+02 1.000000e+01 4.119949e+02
      vertex   1.804482e+02 7.000000e+00 4.120691e+02
    endloop
  endfacet
  facet normal 9.007680e-01 -8.308764e-04 -4.342998e-01
    outer loop
      vertex   1.804482e+02 7.000000e+00 4.120691e+02
      vertex   1.804152e+02 1.000000e+01 4.119949e+02
      vertex   1.805839e+02 1.000000e+01 4.123448e+02
    endloop
  endfacet
  facet normal 8.936323e-01 8.245089e-04 -4.487990e-01
    outer loop
      vertex   1.804482e+02 7.000000e+00 4.120691e+02
      vertex   1.805839e+02 1.000000e+01 4.123448e+02
      vertex   1.806222e+02 7.000000e+00 4.124156e+02
    endloop
  endfacet
  facet normal 8.643419e-01 -8.261759e-04 -5.029040e-01
    outer loop
      vertex   1.806222e+02 7.000000e+00 4.124156e+02
      vertex   1.805839e+02 1.000000e+01 4.123448e+02
      vertex   1.807792e+02 1.000000e+01 4.126805e+02
    endloop
  endfacet
  facet normal 8.561666e-01 8.197955e-04 -5.166992e-01
    outer loop
      vertex   1.806222e+02 7.000000e+00 4.124156e+02
      vertex   1.807792e+02 1.000000e+01 4.126805e+02
      vertex   1.808226e+02 7.000000e+00 4.127475e+02
    endloop
  endfacet
  facet normal 8.227008e-01 -8.214496e-04 -5.684740e-01
    outer loop
      vertex   1.808226e+02 7.000000e+00 4.127475e+02
      vertex   1.807792e+02 1.000000e+01 4.126805e+02
      vertex   1.810000e+02 1.000000e+01 4.130000e+02
    endloop
  endfacet
  facet normal 8.135518e-01 8.150564e-04 -5.814919e-01
    outer loop
      vertex   1.808226e+02 7.000000e+00 4.127475e+02
      vertex   1.810000e+02 1.000000e+01 4.130000e+02
      vertex   1.810480e+02 7.000000e+00 4.130630e+02
    endloop
  endfacet
  facet normal 7.952224e-01 0.000000e+00 -6.063178e-01
    outer loop
      vertex   1.810480e+02 7.000000e+00 4.130630e+02
      vertex   1.810000e+02 1.000000e+01 4.130000e+02
      vertex   1.810000e+02 2.000000e+01 4.130000e+02
    endloop
  endfacet
  facet normal 7.784687e-01 -1.654930e-04 -6.276835e-01
    outer loop
      vertex   1.810480e+02 7.000000e+00 4.130630e+02
      vertex   1.810000e+02 2.000000e+01 4.130000e+02
      vertex   1.811980e+02 1.350000e+01 4.132472e+02
    endloop
  endfacet
  facet normal 7.762286e-01 -3.390164e-04 -6.304515e-01
    outer loop
      vertex   1.811980e+02 1.350000e+01 4.132472e+02
      vertex   1.810000e+02 2.000000e+01 4.130000e+02
      vertex   1.812435e+02 2.000000e+01 4.132998e+02
    endloop
  endfacet
  facet normal 7.343225e-01 3.457819e-04 -6.788007e-01
    outer loop
      vertex   1.811980e+02 1.350000e+01 4.132472e+02
      vertex   1.812435e+02 2.000000e+01 4.132998e+02
      vertex   1.814645e+02 1.350000e+01 4.135355e+02
    endloop
  endfacet
  facet normal 7.252425e-01 -3.143477e-04 -6.884934e-01
    outer loop
      vertex   1.814645e+02 1.350000e+01 4.135355e+02
      vertex   1.812435e+02 2.000000e+01 4.132998e+02
      vertex   1.815095e+02 2.000000e+01 4.135800e+02
    endloop
  endfacet
  facet normal 6.788007e-01 3.204981e-04 -7.343225e-01
    outer loop
      vertex   1.814645e+02 1.350000e+01 4.135355e+02
      vertex   1.815095e+02 2.000000e+01 4.135800e+02
      vertex   1.817528e+02 1.350000e+01 4.138020e+02
    endloop
  endfacet
  facet normal 6.699279e-01 -2.884486e-04 -7.424261e-01
    outer loop
      vertex   1.817528e+02 1.350000e+01 4.138020e+02
      vertex   1.815095e+02 2.000000e+01 4.135800e+02
      vertex   1.817963e+02 2.000000e+01 4.138387e+02
    endloop
  endfacet
  facet normal 6.190939e-01 2.939839e-04 -7.853169e-01
    outer loop
      vertex   1.817528e+02 1.350000e+01 4.138020e+02
      vertex   1.817963e+02 2.000000e+01 4.138387e+02
      vertex   1.820611e+02 1.350000e+01 4.140451e+02
    endloop
  endfacet
  facet normal 6.106149e-01 -2.613193e-04 -7.919277e-01
    outer loop
      vertex   1.820611e+02 1.350000e+01 4.140451e+02
      vertex   1.817963e+02 2.000000e+01 4.138387e+02
      vertex   1.821022e+02 2.000000e+01 4.140746e+02
    endloop
  endfacet
  facet normal 5.555702e-01 2.662394e-04 -8.314696e-01
    outer loop
      vertex   1.820611e+02 1.350000e+01 4.140451e+02
      vertex   1.821022e+02 2.000000e+01 4.140746e+02
      vertex   1.823875e+02 1.350000e+01 4.142632e+02
    endloop
  endfacet
  facet normal 5.476574e-01 -2.329597e-04 -8.367026e-01
    outer loop
      vertex   1.823875e+02 1.350000e+01 4.142632e+02
      vertex   1.821022e+02 2.000000e+01 4.140746e+02
      vertex   1.824254e+02 2.000000e+01 4.142862e+02
    endloop
  endfacet
  facet normal 4.886212e-01 2.372647e-04 -8.724960e-01
    outer loop
      vertex   1.823875e+02 1.350000e+01 4.142632e+02
      vertex   1.824254e+02 2.000000e+01 4.142862e+02
      vertex   1.827300e+02 1.350000e+01 4.144550e+02
    endloop
  endfacet
  facet normal 4.814313e-01 -2.033699e-04 -8.764838e-01
    outer loop
      vertex   1.827300e+02 1.350000e+01 4.144550e+02
      vertex   1.824254e+02 2.000000e+01 4.142862e+02
      vertex   1.827639e+02 2.000000e+01 4.144721e+02
    endloop
  endfacet
  facet normal 4.186597e-01 2.070599e-04 -9.081432e-01
    outer loop
      vertex   1.827300e+02 1.350000e+01 4.144550e+02
      vertex   1.827639e+02 2.000000e+01 4.144721e+02
      vertex   1.830866e+02 1.350000e+01 4.146194e+02
    endloop
  endfacet
  facet normal 4.123318e-01 -1.725500e-04 -9.110337e-01
    outer loop
      vertex   1.830866e+02 1.350000e+01 4.146194e+02
      vertex   1.827639e+02 2.000000e+01 4.144721e+02
      vertex   1.831158e+02 2.000000e+01 4.146314e+02
    endloop
  endfacet
  facet normal 3.461171e-01 1.756249e-04 -9.381913e-01
    outer loop
      vertex   1.830866e+02 1.350000e+01 4.146194e+02
      vertex   1.831158e+02 2.000000e+01 4.146314e+02
      vertex   1.834549e+02 1.350000e+01 4.147553e+02
    endloop
  endfacet
  facet normal 3.407713e-01 -1.405000e-04 -9.401462e-01
    outer loop
      vertex   1.834549e+02 1.350000e+01 4.147553e+02
      vertex   1.831158e+02 2.000000e+01 4.146314e+02
      vertex   1.834790e+02 2.000000e+01 4.147630e+02
    endloop
  endfacet
  facet normal 2.714404e-01 1.429599e-04 -9.624552e-01
    outer loop
      vertex   1.834549e+02 1.350000e+01 4.147553e+02
      vertex   1.834790e+02 2.000000e+01 4.147630e+02
      vertex   1.838328e+02 1.350000e+01 4.148618e+02
    endloop
  endfacet
  facet normal 2.671769e-01 -1.072199e-04 -9.636475e-01
    outer loop
      vertex   1.838328e+02 1.350000e+01 4.148618e+02
      vertex   1.834790e+02 2.000000e+01 4.147630e+02
      vertex   1.838512e+02 2.000000e+01 4.148662e+02
    endloop
  endfacet
  facet normal 1.950903e-01 1.090648e-04 -9.807853e-01
    outer loop
      vertex   1.838328e+02 1.350000e+01 4.148618e+02
      vertex   1.838512e+02 2.000000e+01 4.148662e+02
      vertex   1.842178e+02 1.350000e+01 4.149384e+02
    endloop
  endfacet
  facet normal 1.919879e-01 -7.270988e-05 -9.813973e-01
    outer loop
      vertex   1.842178e+02 1.350000e+01 4.149384e+02
      vertex   1.838512e+02 2.000000e+01 4.148662e+02
      vertex   1.842303e+02 2.000000e+01 4.149404e+02
    endloop
  endfacet
  facet normal 1.175374e-01 7.393975e-05 -9.930685e-01
    outer loop
      vertex   1.842178e+02 1.350000e+01 4.149384e+02
      vertex   1.842303e+02 2.000000e+01 4.149404e+02
      vertex   1.846077e+02 1.350000e+01 4.149846e+02
    endloop
  endfacet
  facet normal 1.156530e-01 -3.696988e-05 -9.932897e-01
    outer loop
      vertex   1.846077e+02 1.350000e+01 4.149846e+02
      vertex   1.842303e+02 2.000000e+01 4.149404e+02
      vertex   1.846140e+02 2.000000e+01 4.149851e+02
    endloop
  endfacet
  facet normal 3.925982e-02 3.758480e-05 -9.992290e-01
    outer loop
      vertex   1.846077e+02 1.350000e+01 4.149846e+02
      vertex   1.846140e+02 2.000000e+01 4.149851e+02
      vertex   1.850000e+02 1.350000e+01 4.150000e+02
    endloop
  endfacet
  facet normal 3.862785e-02 0.000000e+00 -9.992537e-01
    outer loop
      vertex   1.850000e+02 1.350000e+01 4.150000e+02
      vertex   1.846140e+02 2.000000e+01 4.149851e+02
      vertex   1.850000e+02 2.000000e+01 4.150000e+02
    endloop
  endfacet
  facet normal -3.862785e-02 0.000000e+00 -9.992537e-01
    outer loop
      vertex   1.850000e+02 1.350000e+01 4.150000e+02
      vertex   1.850000e+02 2.000000e+01 4.150000e+02
      vertex   1.853860e+02 2.000000e+01 4.149851e+02
    endloop
  endfacet
  facet normal -9.981524e-01 -1.022749e-03 -6.075098e-02
    outer loop
      vertex   1.899988e+02 1.000000e+01 4.101097e+02
      vertex   1.899850e+02 7.000000e+00 4.103875e+02
      vertex   1.899752e+02 1.000000e+01 4.104974e+02
    endloop
  endfacet
  facet normal -9.932378e-01 1.020464e-03 -1.160929e-01
    outer loop
      vertex   1.899752e+02 1.000000e+01 4.104974e+02
      vertex   1.899850e+02 7.000000e+00 4.103875e+02
      vertex   1.899399e+02 7.000000e+00 4.107726e+02
    endloop
  endfacet
  facet normal -9.904260e-01 -1.026213e-03 -1.380407e-01
    outer loop
      vertex   1.899752e+02 1.000000e+01 4.104974e+02
      vertex   1.899399e+02 7.000000e+00 4.107726e+02
      vertex   1.899216e+02 1.000000e+01 4.108820e+02
    endloop
  endfacet
  facet normal -9.812548e-01 1.023915e-03 -1.927122e-01
    outer loop
      vertex   1.899216e+02 1.000000e+01 4.108820e+02
      vertex   1.899399e+02 7.000000e+00 4.107726e+02
      vertex   1.898652e+02 7.000000e+00 4.111531e+02
    endloop
  endfacet
  facet normal -9.767240e-01 -1.029652e-03 -2.144975e-01
    outer loop
      vertex   1.899216e+02 1.000000e+01 4.108820e+02
      vertex   1.898652e+02 7.000000e+00 4.111531e+02
      vertex   1.898383e+02 1.000000e+01 4.112613e+02
    endloop
  endfacet
  facet normal -9.633704e-01 1.027341e-03 -2.681725e-01
    outer loop
      vertex   1.898383e+02 1.000000e+01 4.112613e+02
      vertex   1.898652e+02 7.000000e+00 4.111531e+02
      vertex   1.897612e+02 7.000000e+00 4.115266e+02
    endloop
  endfacet
  facet normal -9.571290e-01 -1.033064e-03 -2.896602e-01
    outer loop
      vertex   1.898383e+02 1.000000e+01 4.112613e+02
      vertex   1.897612e+02 7.000000e+00 4.115266e+02
      vertex   1.897258e+02 1.000000e+01 4.116331e+02
    endloop
  endfacet
  facet normal -9.396921e-01 1.030741e-03 -3.420200e-01
    outer loop
      vertex   1.897258e+02 1.000000e+01 4.116331e+02
      vertex   1.897612e+02 7.000000e+00 4.115266e+02
      vertex   1.896286e+02 7.000000e+00 4.118910e+02
    endloop
  endfacet
  facet normal -9.317592e-01 -1.036451e-03 -3.630753e-01
    outer loop
      vertex   1.897258e+02 1.000000e+01 4.116331e+02
      vertex   1.896286e+02 7.000000e+00 4.118910e+02
      vertex   1.895848e+02 1.000000e+01 4.119949e+02
    endloop
  endfacet
  facet normal -9.103625e-01 1.034115e-03 -4.138105e-01
    outer loop
      vertex   1.895848e+02 1.000000e+01 4.119949e+02
      vertex   1.896286e+02 7.000000e+00 4.118910e+02
      vertex   1.894682e+02 7.000000e+00 4.122440e+02
    endloop
  endfacet
  facet normal -9.007678e-01 -1.039813e-03 -4.342998e-01
    outer loop
      vertex   1.895848e+02 1.000000e+01 4.119949e+02
      vertex   1.894682e+02 7.000000e+00 4.122440e+02
      vertex   1.894161e+02 1.000000e+01 4.123448e+02
    endloop
  endfacet
  facet normal -8.755578e-01 1.037463e-03 -4.831123e-01
    outer loop
      vertex   1.894161e+02 1.000000e+01 4.123448e+02
      vertex   1.894682e+02 7.000000e+00 4.122440e+02
      vertex   1.892808e+02 7.000000e+00 4.125835e+02
    endloop
  endfacet
  facet normal -8.643417e-01 -1.043148e-03 -5.029039e-01
    outer loop
      vertex   1.894161e+02 1.000000e+01 4.123448e+02
      vertex   1.892808e+02 7.000000e+00 4.125835e+02
      vertex   1.892208e+02 1.000000e+01 4.126805e+02
    endloop
  endfacet
  facet normal -8.354874e-01 1.040786e-03 -5.495087e-01
    outer loop
      vertex   1.892208e+02 1.000000e+01 4.126805e+02
      vertex   1.892808e+02 7.000000e+00 4.125835e+02
      vertex   1.890678e+02 7.000000e+00 4.129075e+02
    endloop
  endfacet
  facet normal -8.227006e-01 -1.046458e-03 -5.684739e-01
    outer loop
      vertex   1.892208e+02 1.000000e+01 4.126805e+02
      vertex   1.890678e+02 7.000000e+00 4.129075e+02
      vertex   1.890000e+02 1.000000e+01 4.130000e+02
    endloop
  endfacet
  facet normal -7.903922e-01 1.044082e-03 -6.126002e-01
    outer loop
      vertex   1.890000e+02 1.000000e+01 4.130000e+02
      vertex   1.890678e+02 7.000000e+00 4.129075e+02
      vertex   1.888302e+02 7.000000e+00 4.132139e+02
    endloop
  endfacet
  facet normal -7.819616e-01 -1.980347e-04 -6.233265e-01
    outer loop
      vertex   1.890000e+02 1.000000e+01 4.130000e+02
      vertex   1.888302e+02 7.000000e+00 4.132139e+02
      vertex   1.888020e+02 1.350000e+01 4.132472e+02
    endloop
  endfacet
  facet normal -7.405440e-01 2.310203e-04 -6.720078e-01
    outer loop
      vertex   1.888020e+02 1.350000e+01 4.132472e+02
      vertex   1.888302e+02 7.000000e+00 4.132139e+02
      vertex   1.885696e+02 7.000000e+00 4.135011e+02
    endloop
  endfacet
  facet normal -7.343225e-01 -2.566890e-04 -6.788007e-01
    outer loop
      vertex   1.888020e+02 1.350000e+01 4.132472e+02
      vertex   1.885696e+02 7.000000e+00 4.135011e+02
      vertex   1.885355e+02 1.350000e+01 4.135355e+02
    endloop
  endfacet
  facet normal -6.862416e-01 2.530751e-04 -7.273736e-01
    outer loop
      vertex   1.885355e+02 1.350000e+01 4.135355e+02
      vertex   1.885696e+02 7.000000e+00 4.135011e+02
      vertex   1.882876e+02 7.000000e+00 4.137672e+02
    endloop
  endfacet
  facet normal -6.788007e-01 -2.783823e-04 -7.343225e-01
    outer loop
      vertex   1.885355e+02 1.350000e+01 4.135355e+02
      vertex   1.882876e+02 7.000000e+00 4.137672e+02
      vertex   1.882472e+02 1.350000e+01 4.138020e+02
    endloop
  endfacet
  facet normal -6.278121e-01 2.744069e-04 -7.783649e-01
    outer loop
      vertex   1.882472e+02 1.350000e+01 4.138020e+02
      vertex   1.882876e+02 7.000000e+00 4.137672e+02
      vertex   1.879858e+02 7.000000e+00 4.140106e+02
    endloop
  endfacet
  facet normal -6.190939e-01 -2.993527e-04 -7.853169e-01
    outer loop
      vertex   1.882472e+02 1.350000e+01 4.138020e+02
      vertex   1.879858e+02 7.000000e+00 4.140106e+02
      vertex   1.879389e+02 1.350000e+01 4.140451e+02
    endloop
  endfacet
  facet normal -5.656069e-01 2.950159e-04 -8.246750e-01
    outer loop
      vertex   1.879389e+02 1.350000e+01 4.140451e+02
      vertex   1.879858e+02 7.000000e+00 4.140106e+02
      vertex   1.876660e+02 7.000000e+00 4.142299e+02
    endloop
  endfacet
  facet normal -5.555702e-01 -3.196002e-04 -8.314696e-01
    outer loop
      vertex   1.879389e+02 1.350000e+01 4.140451e+02
      vertex   1.876660e+02 7.000000e+00 4.142299e+02
      vertex   1.876125e+02 1.350000e+01 4.142632e+02
    endloop
  endfacet
  facet normal -5.000000e-01 3.149019e-04 -8.660254e-01
    outer loop
      vertex   1.876125e+02 1.350000e+01 4.142632e+02
      vertex   1.876660e+02 7.000000e+00 4.142299e+02
      vertex   1.873302e+02 7.000000e+00 4.144238e+02
    endloop
  endfacet
  facet normal -4.886212e-01 -3.391247e-04 -8.724960e-01
    outer loop
      vertex   1.876125e+02 1.350000e+01 4.142632e+02
      vertex   1.873302e+02 7.000000e+00 4.144238e+02
      vertex   1.872700e+02 1.350000e+01 4.144550e+02
    endloop
  endfacet
  facet normal -4.313860e-01 3.340649e-04 -9.021674e-01
    outer loop
      vertex   1.872700e+02 1.350000e+01 4.144550e+02
      vertex   1.873302e+02 7.000000e+00 4.144238e+02
      vertex   1.869804e+02 7.000000e+00 4.145911e+02
    endloop
  endfacet
  facet normal -4.186597e-01 -3.579263e-04 -9.081431e-01
    outer loop
      vertex   1.872700e+02 1.350000e+01 4.144550e+02
      vertex   1.869804e+02 7.000000e+00 4.145911e+02
      vertex   1.869134e+02 1.350000e+01 4.146194e+02
    endloop
  endfacet
  facet normal -3.601777e-01 3.525050e-04 -9.328836e-01
    outer loop
      vertex   1.869134e+02 1.350000e+01 4.146194e+02
      vertex   1.869804e+02 7.000000e+00 4.145911e+02
      vertex   1.866187e+02 7.000000e+00 4.147307e+02
    endloop
  endfacet
  facet normal -3.461170e-01 -3.760049e-04 -9.381913e-01
    outer loop
      vertex   1.869134e+02 1.350000e+01 4.146194e+02
      vertex   1.866187e+02 7.000000e+00 4.147307e+02
      vertex   1.865451e+02 1.350000e+01 4.147553e+02
    endloop
  endfacet
  facet normal -2.868032e-01 3.702220e-04 -9.579894e-01
    outer loop
      vertex   1.865451e+02 1.350000e+01 4.147553e+02
      vertex   1.866187e+02 7.000000e+00 4.147307e+02
      vertex   1.862472e+02 7.000000e+00 4.148419e+02
    endloop
  endfacet
  facet normal -2.714404e-01 -3.933604e-04 -9.624552e-01
    outer loop
      vertex   1.865451e+02 1.350000e+01 4.147553e+02
      vertex   1.862472e+02 7.000000e+00 4.148419e+02
      vertex   1.861672e+02 1.350000e+01 4.148618e+02
    endloop
  endfacet
  facet normal -2.117039e-01 3.872161e-04 -9.773338e-01
    outer loop
      vertex   1.861672e+02 1.350000e+01 4.148618e+02
      vertex   1.862472e+02 7.000000e+00 4.148419e+02
      vertex   1.858682e+02 7.000000e+00 4.149240e+02
    endloop
  endfacet
  facet normal -1.950903e-01 -4.099929e-04 -9.807852e-01
    outer loop
      vertex   1.861672e+02 1.350000e+01 4.148618e+02
      vertex   1.858682e+02 7.000000e+00 4.149240e+02
      vertex   1.857822e+02 1.350000e+01 4.149384e+02
    endloop
  endfacet
  facet normal -1.353313e-01 4.034871e-04 -9.908003e-01
    outer loop
      vertex   1.857822e+02 1.350000e+01 4.149384e+02
      vertex   1.858682e+02 7.000000e+00 4.149240e+02
      vertex   1.854841e+02 7.000000e+00 4.149765e+02
    endloop
  endfacet
  facet normal -1.175374e-01 -4.259024e-04 -9.930684e-01
    outer loop
      vertex   1.857822e+02 1.350000e+01 4.149384e+02
      vertex   1.854841e+02 7.000000e+00 4.149765e+02
      vertex   1.853923e+02 1.350000e+01 4.149846e+02
    endloop
  endfacet
  facet normal -5.814482e-02 4.190350e-04 -9.983081e-01
    outer loop
      vertex   1.853923e+02 1.350000e+01 4.149846e+02
      vertex   1.854841e+02 7.000000e+00 4.149765e+02
      vertex   1.850970e+02 7.000000e+00 4.149991e+02
    endloop
  endfacet
  facet normal -3.925981e-02 -4.410888e-04 -9.992289e-01
    outer loop
      vertex   1.853923e+02 1.350000e+01 4.149846e+02
      vertex   1.850970e+02 7.000000e+00 4.149991e+02
      vertex   1.850000e+02 1.350000e+01 4.150000e+02
    endloop
  endfacet
  facet normal 1.939133e-02 4.338599e-04 -9.998119e-01
    outer loop
      vertex   1.850000e+02 1.350000e+01 4.150000e+02
      vertex   1.850970e+02 7.000000e+00 4.149991e+02
      vertex   1.847093e+02 7.000000e+00 4.149915e+02
    endloop
  endfacet
  facet normal 3.925981e-02 -4.555522e-04 -9.992289e-01
    outer loop
      vertex   1.850000e+02 1.350000e+01 4.150000e+02
      vertex   1.847093e+02 7.000000e+00 4.149915e+02
      vertex   1.846077e+02 1.350000e+01 4.149846e+02
    endloop
  endfacet
  facet normal 9.681086e-02 4.479617e-04 -9.953027e-01
    outer loop
      vertex   1.846077e+02 1.350000e+01 4.149846e+02
      vertex   1.847093e+02 7.000000e+00 4.149915e+02
      vertex   1.843233e+02 7.000000e+00 4.149540e+02
    endloop
  endfacet
  facet normal 1.175374e-01 -4.692924e-04 -9.930683e-01
    outer loop
      vertex   1.846077e+02 1.350000e+01 4.149846e+02
      vertex   1.843233e+02 7.000000e+00 4.149540e+02
      vertex   1.842178e+02 1.350000e+01 4.149384e+02
    endloop
  endfacet
  facet normal 1.736482e-01 4.613405e-04 -9.848076e-01
    outer loop
      vertex   1.842178e+02 1.350000e+01 4.149384e+02
      vertex   1.843233e+02 7.000000e+00 4.149540e+02
      vertex   1.839415e+02 7.000000e+00 4.148867e+02
    endloop
  endfacet
  facet normal 1.950903e-01 -4.823096e-04 -9.807852e-01
    outer loop
      vertex   1.842178e+02 1.350000e+01 4.149384e+02
      vertex   1.839415e+02 7.000000e+00 4.148867e+02
      vertex   1.838328e+02 1.350000e+01 4.148618e+02
    endloop
  endfacet
  facet normal 2.494411e-01 4.739961e-04 -9.683899e-01
    outer loop
      vertex   1.838328e+02 1.350000e+01 4.148618e+02
      vertex   1.839415e+02 7.000000e+00 4.148867e+02
      vertex   1.835660e+02 7.000000e+00 4.147899e+02
    endloop
  endfacet
  facet normal 2.714404e-01 -4.946037e-04 -9.624551e-01
    outer loop
      vertex   1.838328e+02 1.350000e+01 4.148618e+02
      vertex   1.835660e+02 7.000000e+00 4.147899e+02
      vertex   1.834549e+02 1.350000e+01 4.147553e+02
    endloop
  endfacet
  facet normal 3.237339e-01 4.859286e-04 -9.461480e-01
    outer loop
      vertex   1.834549e+02 1.350000e+01 4.147553e+02
      vertex   1.835660e+02 7.000000e+00 4.147899e+02
      vertex   1.831991e+02 7.000000e+00 4.146644e+02
    endloop
  endfacet
  facet normal 3.461170e-01 -5.061746e-04 -9.381912e-01
    outer loop
      vertex   1.834549e+02 1.350000e+01 4.147553e+02
      vertex   1.831991e+02 7.000000e+00 4.146644e+02
      vertex   1.830866e+02 1.350000e+01 4.146194e+02
    endloop
  endfacet
  facet normal 3.960797e-01 4.971380e-04 -9.182160e-01
    outer loop
      vertex   1.830866e+02 1.350000e+01 4.146194e+02
      vertex   1.831991e+02 7.000000e+00 4.146644e+02
      vertex   1.828431e+02 7.000000e+00 4.145108e+02
    endloop
  endfacet
  facet normal 4.186597e-01 -5.170224e-04 -9.081431e-01
    outer loop
      vertex   1.830866e+02 1.350000e+01 4.146194e+02
      vertex   1.828431e+02 7.000000e+00 4.145108e+02
      vertex   1.827300e+02 1.350000e+01 4.144550e+02
    endloop
  endfacet
  facet normal 4.660435e-01 5.076242e-04 -8.847617e-01
    outer loop
      vertex   1.827300e+02 1.350000e+01 4.144550e+02
      vertex   1.828431e+02 7.000000e+00 4.145108e+02
      vertex   1.825000e+02 7.000000e+00 4.143301e+02
    endloop
  endfacet
  facet normal 4.886212e-01 -5.271471e-04 -8.724959e-01
    outer loop
      vertex   1.827300e+02 1.350000e+01 4.144550e+02
      vertex   1.825000e+02 7.000000e+00 4.143301e+02
      vertex   1.823875e+02 1.350000e+01 4.142632e+02
    endloop
  endfacet
  facet normal 5.332044e-01 5.173873e-04 -8.459863e-01
    outer loop
      vertex   1.823875e+02 1.350000e+01 4.142632e+02
      vertex   1.825000e+02 7.000000e+00 4.143301e+02
      vertex   1.821720e+02 7.000000e+00 4.141234e+02
    endloop
  endfacet
  facet normal 5.555702e-01 -5.365486e-04 -8.314695e-01
    outer loop
      vertex   1.823875e+02 1.350000e+01 4.142632e+02
      vertex   1.821720e+02 7.000000e+00 4.141234e+02
      vertex   1.820611e+02 1.350000e+01 4.140451e+02
    endloop
  endfacet
  facet normal 5.971585e-01 5.264272e-04 -8.021231e-01
    outer loop
      vertex   1.820611e+02 1.350000e+01 4.140451e+02
      vertex   1.821720e+02 7.000000e+00 4.141234e+02
      vertex   1.818609e+02 7.000000e+00 4.138918e+02
    endloop
  endfacet
  facet normal 6.190939e-01 -5.452270e-04 -7.853168e-01
    outer loop
      vertex   1.820611e+02 1.350000e+01 4.140451e+02
      vertex   1.818609e+02 7.000000e+00 4.138918e+02
      vertex   1.817528e+02 1.350000e+01 4.138020e+02
    endloop
  endfacet
  facet normal 6.575213e-01 5.347440e-04 -7.534358e-01
    outer loop
      vertex   1.817528e+02 1.350000e+01 4.138020e+02
      vertex   1.818609e+02 7.000000e+00 4.138918e+02
      vertex   1.815688e+02 7.000000e+00 4.136369e+02
    endloop
  endfacet
  facet normal 6.788006e-01 -5.531822e-04 -7.343224e-01
    outer loop
      vertex   1.817528e+02 1.350000e+01 4.138020e+02
      vertex   1.815688e+02 7.000000e+00 4.136369e+02
      vertex   1.814645e+02 1.350000e+01 4.135355e+02
    endloop
  endfacet
  facet normal 7.139296e-01 5.423376e-04 -7.002172e-01
    outer loop
      vertex   1.814645e+02 1.350000e+01 4.135355e+02
      vertex   1.815688e+02 7.000000e+00 4.136369e+02
      vertex   1.812973e+02 7.000000e+00 4.133600e+02
    endloop
  endfacet
  facet normal 7.343224e-01 -5.604142e-04 -6.788006e-01
    outer loop
      vertex   1.814645e+02 1.350000e+01 4.135355e+02
      vertex   1.812973e+02 7.000000e+00 4.133600e+02
      vertex   1.811980e+02 1.350000e+01 4.132472e+02
    endloop
  endfacet
  facet normal 7.660443e-01 5.492080e-04 -6.427875e-01
    outer loop
      vertex   1.811980e+02 1.350000e+01 4.132472e+02
      vertex   1.812973e+02 7.000000e+00 4.133600e+02
      vertex   1.810480e+02 7.000000e+00 4.130630e+02
    endloop
  endfacet
  facet normal -3.925982e-02 3.758480e-05 -9.992290e-01
    outer loop
      vertex   1.850000e+02 1.350000e+01 4.150000e+02
      vertex   1.853860e+02 2.000000e+01 4.149851e+02
      vertex   1.853923e+02 1.350000e+01 4.149846e+02
    endloop
  endfacet
  facet normal -1.156530e-01 -3.696988e-05 -9.932897e-01
    outer loop
      vertex   1.853923e+02 1.350000e+01 4.149846e+02
      vertex   1.853860e+02 2.000000e+01 4.149851e+02
      vertex   1.857697e+02 2.000000e+01 4.149404e+02
    endloop
  endfacet
  facet normal -1.175374e-01 7.393975e-05 -9.930685e-01
    outer loop
      vertex   1.853923e+02 1.350000e+01 4.149846e+02
      vertex   1.857697e+02 2.000000e+01 4.149404e+02
      vertex   1.857822e+02 1.350000e+01 4.149384e+02
    endloop
  endfacet
  facet normal -1.919879e-01 -7.270988e-05 -9.813973e-01
    outer loop
      vertex   1.857822e+02 1.350000e+01 4.149384e+02
      vertex   1.857697e+02 2.000000e+01 4.149404e+02
      vertex   1.861488e+02 2.000000e+01 4.148662e+02
    endloop
  endfacet
  facet normal -1.950903e-01 1.090648e-04 -9.807853e-01
    outer loop
      vertex   1.857822e+02 1.350000e+01 4.149384e+02
      vertex   1.861488e+02 2.000000e+01 4.148662e+02
      vertex   1.861672e+02 1.350000e+01 4.148618e+02
    endloop
  endfacet
  facet normal -2.671769e-01 -1.072199e-04 -9.636475e-01
    outer loop
      vertex   1.861672e+02 1.350000e+01 4.148618e+02
      vertex   1.861488e+02 2.000000e+01 4.148662e+02
      vertex   1.865210e+02 2.000000e+01 4.147630e+02
    endloop
  endfacet
  facet normal -2.714404e-01 1.429599e-04 -9.624552e-01
    outer loop
      vertex   1.861672e+02 1.350000e+01 4.148618e+02
      vertex   1.865210e+02 2.000000e+01 4.147630e+02
      vertex   1.865451e+02 1.350000e+01 4.147553e+02
    endloop
  endfacet
  facet normal -3.407713e-01 -1.405000e-04 -9.401462e-01
    outer loop
      vertex   1.865451e+02 1.350000e+01 4.147553e+02
      vertex   1.865210e+02 2.000000e+01 4.147630e+02
      vertex   1.868842e+02 2.000000e+01 4.146314e+02
    endloop
  endfacet
  facet normal -3.461171e-01 1.756249e-04 -9.381913e-01
    outer loop
      vertex   1.865451e+02 1.350000e+01 4.147553e+02
      vertex   1.868842e+02 2.000000e+01 4.146314e+02
      vertex   1.869134e+02 1.350000e+01 4.146194e+02
    endloop
  endfacet
  facet normal -4.123318e-01 -1.725500e-04 -9.110337e-01
    outer loop
      vertex   1.869134e+02 1.350000e+01 4.146194e+02
      vertex   1.868842e+02 2.000000e+01 4.146314e+02
      vertex   1.872361e+02 2.000000e+01 4.144721e+02
    endloop
  endfacet
  facet normal -4.186597e-01 2.070599e-04 -9.081432e-01
    outer loop
      vertex   1.869134e+02 1.350000e+01 4.146194e+02
      vertex   1.872361e+02 2.000000e+01 4.144721e+02
      vertex   1.872700e+02 1.350000e+01 4.144550e+02
    endloop
  endfacet
  facet normal -4.814313e-01 -2.033699e-04 -8.764838e-01
    outer loop
      vertex   1.872700e+02 1.350000e+01 4.144550e+02
      vertex   1.872361e+02 2.000000e+01 4.144721e+02
      vertex   1.875746e+02 2.000000e+01 4.142862e+02
    endloop
  endfacet
  facet normal -4.886212e-01 2.372647e-04 -8.724960e-01
    outer loop
      vertex   1.872700e+02 1.350000e+01 4.144550e+02
      vertex   1.875746e+02 2.000000e+01 4.142862e+02
      vertex   1.876125e+02 1.350000e+01 4.142632e+02
    endloop
  endfacet
  facet normal -5.476574e-01 -2.329597e-04 -8.367026e-01
    outer loop
      vertex   1.876125e+02 1.350000e+01 4.142632e+02
      vertex   1.875746e+02 2.000000e+01 4.142862e+02
      vertex   1.878978e+02 2.000000e+01 4.140746e+02
    endloop
  endfacet
  facet normal -5.555702e-01 2.662394e-04 -8.314696e-01
    outer loop
      vertex   1.876125e+02 1.350000e+01 4.142632e+02
      vertex   1.878978e+02 2.000000e+01 4.140746e+02
      vertex   1.879389e+02 1.350000e+01 4.140451e+02
    endloop
  endfacet
  facet normal -6.106149e-01 -2.613193e-04 -7.919277e-01
    outer loop
      vertex   1.879389e+02 1.350000e+01 4.140451e+02
      vertex   1.878978e+02 2.000000e+01 4.140746e+02
      vertex   1.882037e+02 2.000000e+01 4.138387e+02
    endloop
  endfacet
  facet normal -6.190939e-01 2.939839e-04 -7.853169e-01
    outer loop
      vertex   1.879389e+02 1.350000e+01 4.140451e+02
      vertex   1.882037e+02 2.000000e+01 4.138387e+02
      vertex   1.882472e+02 1.350000e+01 4.138020e+02
    endloop
  endfacet
  facet normal -6.699279e-01 -2.884486e-04 -7.424261e-01
    outer loop
      vertex   1.882472e+02 1.350000e+01 4.138020e+02
      vertex   1.882037e+02 2.000000e+01 4.138387e+02
      vertex   1.884905e+02 2.000000e+01 4.135800e+02
    endloop
  endfacet
  facet normal -6.788007e-01 3.204981e-04 -7.343225e-01
    outer loop
      vertex   1.882472e+02 1.350000e+01 4.138020e+02
      vertex   1.884905e+02 2.000000e+01 4.135800e+02
      vertex   1.885355e+02 1.350000e+01 4.135355e+02
    endloop
  endfacet
  facet normal -7.252425e-01 -3.143477e-04 -6.884934e-01
    outer loop
      vertex   1.885355e+02 1.350000e+01 4.135355e+02
      vertex   1.884905e+02 2.000000e+01 4.135800e+02
      vertex   1.887565e+02 2.000000e+01 4.132998e+02
    endloop
  endfacet
  facet normal -7.343225e-01 3.457819e-04 -6.788007e-01
    outer loop
      vertex   1.885355e+02 1.350000e+01 4.135355e+02
      vertex   1.887565e+02 2.000000e+01 4.132998e+02
      vertex   1.888020e+02 1.350000e+01 4.132472e+02
    endloop
  endfacet
  facet normal -7.762286e-01 -3.390164e-04 -6.304515e-01
    outer loop
      vertex   1.888020e+02 1.350000e+01 4.132472e+02
      vertex   1.887565e+02 2.000000e+01 4.132998e+02
      vertex   1.890000e+02 2.000000e+01 4.130000e+02
    endloop
  endfacet
  facet normal -7.805958e-01 0.000000e+00 -6.250361e-01
    outer loop
      vertex   1.888020e+02 1.350000e+01 4.132472e+02
      vertex   1.890000e+02 2.000000e+01 4.130000e+02
      vertex   1.890000e+02 1.000000e+01 4.130000e+02
    endloop
  endfacet
  facet normal 0.000000e+00 -1.000000e+00 0.000000e+00
    outer loop
      vertex   1.810000e+02 2.000000e+01 4.130000e+02
      vertex   1.890000e+02 2.000000e+01 4.130000e+02
      vertex   1.812435e+02 2.000000e+01 4.132998e+02
    endloop
  endfacet
  facet normal 0.000000e+00 -1.000000e+00 0.000000e+00
    outer loop
      vertex   1.812435e+02 2.000000e+01 4.132998e+02
      vertex   1.890000e+02 2.000000e+01 4.130000e+02
      vertex   1.887565e+02 2.000000e+01 4.132998e+02
    endloop
  endfacet
  facet normal 0.000000e+00 -1.000000e+00 0.000000e+00
    outer loop
      vertex   1.812435e+02 2.000000e+01 4.132998e+02
      vertex   1.887565e+02 2.000000e+01 4.132998e+02
      vertex   1.815095e+02 2.000000e+01 4.135800e+02
    endloop
  endfacet
  facet normal 0.000000e+00 -1.000000e+00 0.000000e+00
    outer loop
      vertex   1.815095e+02 2.000000e+01 4.135800e+02
      vertex   1.887565e+02 2.000000e+01 4.132998e+02
      vertex   1.884905e+02 2.000000e+01 4.135800e+02
    endloop
  endfacet
  facet normal 0.000000e+00 -1.000000e+00 0.000000e+00
    outer loop
      vertex   1.815095e+02 2.000000e+01 4.135800e+02
      vertex   1.884905e+02 2.000000e+01 4.135800e+02
      vertex   1.817963e+02 2.000000e+01 4.138387e+02
    endloop
  endfacet
  facet normal 0.000000e+00 -1.000000e+00 0.000000e+00
    outer loop
      vertex   1.817963e+02 2.000000e+01 4.138387e+02
      vertex   1.884905e+02 2.000000e+01 4.135800e+02
      vertex   1.882037e+02 2.000000e+01 4.138387e+02
    endloop
  endfacet
  facet normal 0.000000e+00 -1.000000e+00 0.000000e+00
    outer loop
      vertex   1.817963e+02 2.000000e+01 4.138387e+02
      vertex   1.882037e+02 2.000000e+01 4.138387e+02
      vertex   1.821022e+02 2.000000e+01 4.140746e+02
    endloop
  endfacet
  facet normal 0.000000e+00 -1.000000e+00 0.000000e+00
    outer loop
      vertex   1.821022e+02 2.000000e+01 4.140746e+02
      vertex   1.882037e+02 2.000000e+01 4.138387e+02
      vertex   1.878978e+02 2.000000e+01 4.140746e+02
    endloop
  endfacet
  facet normal 0.000000e+00 -1.000000e+00 0.000000e+00
    outer loop
      vertex   1.821022e+02 2.000000e+01 4.140746e+02
      vertex   1.878978e+02 2.000000e+01 4.140746e+02
      vertex   1.824254e+02 2.000000e+01 4.142862e+02
    endloop
  endfacet
  facet normal 0.000000e+00 -1.000000e+00 0.000000e+00
    outer loop
      vertex   1.824254e+02 2.000000e+01 4.142862e+02
      vertex   1.878978e+02 2.000000e+01 4.140746e+02
      vertex   1.875746e+02 2.000000e+01 4.142862e+02
    endloop
  endfacet
  facet normal 0.000000e+00 -1.000000e+00 0.000000e+00
    outer loop
      vertex   1.824254e+02 2.000000e+01 4.142862e+02
      vertex   1.875746e+02 2.000000e+01 4.142862e+02
      vertex   1.827639e+02 2.000000e+01 4.144721e+02
    endloop
  endfacet
  facet normal 0.000000e+00 -1.000000e+00 0.000000e+00
    outer loop
      vertex   1.827639e+02 2.000000e+01 4.144721e+02
      vertex   1.875746e+02 2.000000e+01 4.142862e+02
      vertex   1.872361e+02 2.000000e+01 4.144721e+02
    endloop
  endfacet
  facet normal 0.000000e+00 -1.000000e+00 0.000000e+00
    outer loop
      vertex   1.827639e+02 2.000000e+01 4.144721e+02
      vertex   1.872361e+02 2.000000e+01 4.144721e+02
      vertex   1.831158e+02 2.000000e+01 4.146314e+02
    endloop
  endfacet
  facet normal 0.000000e+00 -1.000000e+00 0.000000e+00
    outer loop
      vertex   1.831158e+02 2.000000e+01 4.146314e+02
      vertex   1.872361e+02 2.000000e+01 4.144721e+02
      vertex   1.868842e+02 2.000000e+01 4.146314e+02
    endloop
  endfacet
  facet normal 0.000000e+00 -1.000000e+00 0.000000e+00
    outer loop
      vertex   1.831158e+02 2.000000e+01 4.146314e+02
      vertex   1.868842e+02 2.000000e+01 4.146314e+02
      vertex   1.834790e+02 2.000000e+01 4.147630e+02
    endloop
  endfacet
  facet normal 0.000000e+00 -1.000000e+00 0.000000e+00
    outer loop
      vertex   1.834790e+02 2.000000e+01 4.147630e+02
      vertex   1.868842e+02 2.000000e+01 4.146314e+02
      vertex   1.865210e+02 2.000000e+01 4.147630e+02
    endloop
  endfacet
  facet normal 0.000000e+00 -1.000000e+00 0.000000e+00
    outer loop
      vertex   1.834790e+02 2.000000e+01 4.147630e+02
      vertex   1.865210e+02 2.000000e+01 4.147630e+02
      vertex   1.838512e+02 2.000000e+01 4.148662e+02
    endloop
  endfacet
  facet normal 0.000000e+00 -1.000000e+00 0.000000e+00
    outer loop
      vertex   1.838512e+02 2.000000e+01 4.148662e+02
      vertex   1.865210e+02 2.000000e+01 4.147630e+02
      vertex   1.861488e+02 2.000000e+01 4.148662e+02
    endloop
  endfacet
  facet normal 0.000000e+00 -1.000000e+00 0.000000e+00
    outer loop
      vertex   1.838512e+02 2.000000e+01 4.148662e+02
      vertex   1.861488e+02 2.000000e+01 4.148662e+02
      vertex   1.842303e+02 2.000000e+01 4.149404e+02
    endloop
  endfacet
  facet normal 0.000000e+00 -1.000000e+00 0.000000e+00
    outer loop
      vertex   1.842303e+02 2.000000e+01 4.149404e+02
      vertex   1.861488e+02 2.000000e+01 4.148662e+02
      vertex   1.857697e+02 2.000000e+01 4.149404e+02
    endloop
  endfacet
  facet normal 0.000000e+00 -1.000000e+00 0.000000e+00
    outer loop
      vertex   1.842303e+02 2.000000e+01 4.149404e+02
      vertex   1.857697e+02 2.000000e+01 4.149404e+02
      vertex   1.846140e+02 2.000000e+01 4.149851e+02
    endloop
  endfacet
  facet normal 0.000000e+00 -1.000000e+00 0.000000e+00
    outer loop
      vertex   1.846140e+02 2.000000e+01 4.149851e+02
      vertex   1.857697e+02 2.000000e+01 4.149404e+02
      vertex   1.853860e+02 2.000000e+01 4.149851e+02
    endloop
  endfacet
  facet normal 0.000000e+00 -1.000000e+00 0.000000e+00
    outer loop
      vertex   1.846140e+02 2.000000e+01 4.149851e+02
      vertex   1.853860e+02 2.000000e+01 4.149851e+02
      vertex   1.850000e+02 2.000000e+01 4.150000e+02
    endloop
  endfacet
  facet normal -9.992474e-01 1.016987e-03 -3.877535e-02
    outer loop
      vertex   1.679850e+02 7.000000e+00 4.103875e+02
      vertex   1.679988e+02 1.000000e+01 4.101097e+02
      vertex   1.680000e+02 7.000000e+00 4.100000e+02
    endloop
  endfacet
  facet normal -9.998566e-01 -1.019259e-03 1.690525e-02
    outer loop
      vertex   1.680000e+02 7.000000e+00 4.100000e+02
      vertex   1.679988e+02 1.000000e+01 4.101097e+02
      vertex   1.679922e+02 1.000000e+01 4.097214e+02
    endloop
  endfacet
  facet normal -9.992474e-01 1.013484e-03 3.877535e-02
    outer loop
      vertex   1.680000e+02 7.000000e+00 4.100000e+02
      vertex   1.679922e+02 1.000000e+01 4.097214e+02
      vertex   1.679850e+02 7.000000e+00 4.096125e+02
    endloop
  endfacet
  facet normal -9.955282e-01 -1.015743e-03 9.445949e-02
    outer loop
      vertex   1.679850e+02 7.000000e+00 4.096125e+02
      vertex   1.679922e+02 1.000000e+01 4.097214e+02
      vertex   1.679555e+02 1.000000e+01 4.093347e+02
    endloop
  endfacet
  facet normal -9.932379e-01 1.009955e-03 1.160929e-01
    outer loop
      vertex   1.679850e+02 7.000000e+00 4.096125e+02
      vertex   1.679555e+02 1.000000e+01 4.093347e+02
      vertex   1.679400e+02 7.000000e+00 4.092274e+02
    endloop
  endfacet
  facet normal -9.851934e-01 -1.012202e-03 1.714438e-01
    outer loop
      vertex   1.679400e+02 7.000000e+00 4.092274e+02
      vertex   1.679555e+02 1.000000e+01 4.093347e+02
      vertex   1.678890e+02 1.000000e+01 4.089521e+02
    endloop
  endfacet
  facet normal -9.812548e-01 1.006401e-03 1.927122e-01
    outer loop
      vertex   1.679400e+02 7.000000e+00 4.092274e+02
      vertex   1.678890e+02 1.000000e+01 4.089521e+02
      vertex   1.678652e+02 7.000000e+00 4.088469e+02
    endloop
  endfacet
  facet normal -9.689145e-01 -1.008634e-03 2.473938e-01
    outer loop
      vertex   1.678652e+02 7.000000e+00 4.088469e+02
      vertex   1.678890e+02 1.000000e+01 4.089521e+02
      vertex   1.677929e+02 1.000000e+01 4.085758e+02
    endloop
  endfacet
  facet normal -9.633704e-01 1.002821e-03 2.681725e-01
    outer loop
      vertex   1.678652e+02 7.000000e+00 4.088469e+02
      vertex   1.677929e+02 1.000000e+01 4.085758e+02
      vertex   1.677612e+02 7.000000e+00 4.084734e+02
    endloop
  endfacet
  facet normal -9.467898e-01 -1.005041e-03 3.218511e-01
    outer loop
      vertex   1.677612e+02 7.000000e+00 4.084734e+02
      vertex   1.677929e+02 1.000000e+01 4.085758e+02
      vertex   1.676679e+02 1.000000e+01 4.082081e+02
    endloop
  endfacet
  facet normal -9.396922e-01 9.992147e-04 3.420200e-01
    outer loop
      vertex   1.677612e+02 7.000000e+00 4.084734e+02
      vertex   1.676679e+02 1.000000e+01 4.082081e+02
      vertex   1.676286e+02 7.000000e+00 4.081090e+02
    endloop
  endfacet
  facet normal -9.189527e-01 -1.001423e-03 3.943665e-01
    outer loop
      vertex   1.676286e+02 7.000000e+00 4.081090e+02
      vertex   1.676679e+02 1.000000e+01 4.082081e+02
      vertex   1.675147e+02 1.000000e+01 4.078512e+02
    endloop
  endfacet
  facet normal -9.103625e-01 9.955830e-04 4.138105e-01
    outer loop
      vertex   1.676286e+02 7.000000e+00 4.081090e+02
      vertex   1.675147e+02 1.000000e+01 4.078512e+02
      vertex   1.674682e+02 7.000000e+00 4.077560e+02
    endloop
  endfacet
  facet normal -8.855712e-01 -9.977780e-04 4.645026e-01
    outer loop
      vertex   1.674682e+02 7.000000e+00 4.077560e+02
      vertex   1.675147e+02 1.000000e+01 4.078512e+02
      vertex   1.673343e+02 1.000000e+01 4.075073e+02
    endloop
  endfacet
  facet normal -8.755578e-01 9.919256e-04 4.831124e-01
    outer loop
      vertex   1.674682e+02 7.000000e+00 4.077560e+02
      vertex   1.673343e+02 1.000000e+01 4.075073e+02
      vertex   1.672808e+02 7.000000e+00 4.074165e+02
    endloop
  endfacet
  facet normal -8.468467e-01 -9.941077e-04 5.318362e-01
    outer loop
      vertex   1.672808e+02 7.000000e+00 4.074165e+02
      vertex   1.673343e+02 1.000000e+01 4.075073e+02
      vertex   1.671278e+02 1.000000e+01 4.071784e+02
    endloop
  endfacet
  facet normal -8.354874e-01 9.882424e-04 5.495087e-01
    outer loop
      vertex   1.672808e+02 7.000000e+00 4.074165e+02
      vertex   1.671278e+02 1.000000e+01 4.071784e+02
      vertex   1.670678e+02 7.000000e+00 4.070925e+02
    endloop
  endfacet
  facet normal -8.030128e-01 -9.904116e-04 5.959610e-01
    outer loop
      vertex   1.670678e+02 7.000000e+00 4.070925e+02
      vertex   1.671278e+02 1.000000e+01 4.071784e+02
      vertex   1.668963e+02 1.000000e+01 4.068665e+02
    endloop
  endfacet
  facet normal -7.903923e-01 9.845335e-04 6.126002e-01
    outer loop
      vertex   1.670678e+02 7.000000e+00 4.070925e+02
      vertex   1.668963e+02 1.000000e+01 4.068665e+02
      vertex   1.668302e+02 7.000000e+00 4.067861e+02
    endloop
  endfacet
  facet normal -7.543340e-01 -9.866898e-04 6.564901e-01
    outer loop
      vertex   1.668302e+02 7.000000e+00 4.067861e+02
      vertex   1.668963e+02 1.000000e+01 4.068665e+02
      vertex   1.666413e+02 1.000000e+01 4.065735e+02
    endloop
  endfacet
  facet normal -7.405437e-01 9.807988e-04 6.720075e-01
    outer loop
      vertex   1.668302e+02 7.000000e+00 4.067861e+02
      vertex   1.666413e+02 1.000000e+01 4.065735e+02
      vertex   1.665697e+02 7.000000e+00 4.064989e+02
    endloop
  endfacet
  facet normal -7.011041e-01 -9.829422e-04 7.130583e-01
    outer loop
      vertex   1.665697e+02 7.000000e+00 4.064989e+02
      vertex   1.666413e+02 1.000000e+01 4.065735e+02
      vertex   1.663644e+02 1.000000e+01 4.063013e+02
    endloop
  endfacet
  facet normal -6.862413e-01 9.770383e-04 7.273733e-01
    outer loop
      vertex   1.665697e+02 7.000000e+00 4.064989e+02
      vertex   1.663644e+02 1.000000e+01 4.063013e+02
      vertex   1.662876e+02 7.000000e+00 4.062328e+02
    endloop
  endfacet
  facet normal -6.436440e-01 -9.791689e-04 7.653244e-01
    outer loop
      vertex   1.662876e+02 7.000000e+00 4.062328e+02
      vertex   1.663644e+02 1.000000e+01 4.063013e+02
      vertex   1.660672e+02 1.000000e+01 4.060513e+02
    endloop
  endfacet
  facet normal -6.278118e-01 9.732521e-04 7.783645e-01
    outer loop
      vertex   1.662876e+02 7.000000e+00 4.062328e+02
      vertex   1.660672e+02 1.000000e+01 4.060513e+02
      vertex   1.659858e+02 7.000000e+00 4.059894e+02
    endloop
  endfacet
  facet normal -5.823007e-01 -9.753698e-04 8.129729e-01
    outer loop
      vertex   1.659858e+02 7.000000e+00 4.059894e+02
      vertex   1.660672e+02 1.000000e+01 4.060513e+02
      vertex   1.657514e+02 1.000000e+01 4.058251e+02
    endloop
  endfacet
  facet normal -5.656066e-01 9.694402e-04 8.246746e-01
    outer loop
      vertex   1.659858e+02 7.000000e+00 4.059894e+02
      vertex   1.657514e+02 1.000000e+01 4.058251e+02
      vertex   1.656660e+02 7.000000e+00 4.057701e+02
    endloop
  endfacet
  facet normal -5.174440e-01 -9.715450e-04 8.557165e-01
    outer loop
      vertex   1.656660e+02 7.000000e+00 4.057701e+02
      vertex   1.657514e+02 1.000000e+01 4.058251e+02
      vertex   1.654191e+02 1.000000e+01 4.056242e+02
    endloop
  endfacet
  facet normal -4.999998e-01 9.656025e-04 8.660250e-01
    outer loop
      vertex   1.656660e+02 7.000000e+00 4.057701e+02
      vertex   1.654191e+02 1.000000e+01 4.056242e+02
      vertex   1.653302e+02 7.000000e+00 4.055762e+02
    endloop
  endfacet
  facet normal -4.494654e-01 -9.676944e-04 8.932972e-01
    outer loop
      vertex   1.653302e+02 7.000000e+00 4.055762e+02
      vertex   1.654191e+02 1.000000e+01 4.056242e+02
      vertex   1.650722e+02 1.000000e+01 4.054496e+02
    endloop
  endfacet
  facet normal -4.313859e-01 9.617390e-04 9.021670e-01
    outer loop
      vertex   1.653302e+02 7.000000e+00 4.055762e+02
      vertex   1.650722e+02 1.000000e+01 4.054496e+02
      vertex   1.649804e+02 7.000000e+00 4.054089e+02
    endloop
  endfacet
  facet normal -3.787751e-01 -9.638181e-04 9.254883e-01
    outer loop
      vertex   1.649804e+02 7.000000e+00 4.054089e+02
      vertex   1.650722e+02 1.000000e+01 4.054496e+02
      vertex   1.647127e+02 1.000000e+01 4.053025e+02
    endloop
  endfacet
  facet normal -3.601776e-01 9.578498e-04 9.328833e-01
    outer loop
      vertex   1.649804e+02 7.000000e+00 4.054089e+02
      vertex   1.647127e+02 1.000000e+01 4.053025e+02
      vertex   1.646187e+02 7.000000e+00 4.052693e+02
    endloop
  endfacet
  facet normal -3.057994e-01 -9.599160e-04 9.520955e-01
    outer loop
      vertex   1.646187e+02 7.000000e+00 4.052693e+02
      vertex   1.647127e+02 1.000000e+01 4.053025e+02
      vertex   1.643430e+02 1.000000e+01 4.051837e+02
    endloop
  endfacet
  facet normal -2.868031e-01 9.539348e-04 9.579891e-01
    outer loop
      vertex   1.646187e+02 7.000000e+00 4.052693e+02
      vertex   1.643430e+02 1.000000e+01 4.051837e+02
      vertex   1.642472e+02 7.000000e+00 4.051581e+02
    endloop
  endfacet
  facet normal -2.309787e-01 -9.559881e-04 9.729583e-01
    outer loop
      vertex   1.642472e+02 7.000000e+00 4.051581e+02
      vertex   1.643430e+02 1.000000e+01 4.051837e+02
      vertex   1.639651e+02 1.000000e+01 4.050940e+02
    endloop
  endfacet
  facet normal -2.117038e-01 9.499940e-04 9.773334e-01
    outer loop
      vertex   1.642472e+02 7.000000e+00 4.051581e+02
      vertex   1.639651e+02 1.000000e+01 4.050940e+02
      vertex   1.638682e+02 7.000000e+00 4.050760e+02
    endloop
  endfacet
  facet normal -1.547644e-01 -9.520345e-04 9.879510e-01
    outer loop
      vertex   1.638682e+02 7.000000e+00 4.050760e+02
      vertex   1.639651e+02 1.000000e+01 4.050940e+02
      vertex   1.635814e+02 1.000000e+01 4.050339e+02
    endloop
  endfacet
  facet normal -1.353312e-01 9.460275e-04 9.908000e-01
    outer loop
      vertex   1.638682e+02 7.000000e+00 4.050760e+02
      vertex   1.635814e+02 1.000000e+01 4.050339e+02
      vertex   1.634841e+02 7.000000e+00 4.050235e+02
    endloop
  endfacet
  facet normal -7.761634e-02 -9.480551e-04 9.969829e-01
    outer loop
      vertex   1.634841e+02 7.000000e+00 4.050235e+02
      vertex   1.635814e+02 1.000000e+01 4.050339e+02
      vertex   1.631942e+02 1.000000e+01 4.050038e+02
    endloop
  endfacet
  facet normal -5.814480e-02 9.420353e-04 9.983077e-01
    outer loop
      vertex   1.634841e+02 7.000000e+00 4.050235e+02
      vertex   1.631942e+02 1.000000e+01 4.050038e+02
      vertex   1.630970e+02 7.000000e+00 4.050009e+02
    endloop
  endfacet
  facet normal 0.000000e+00 -9.440500e-04 9.999996e-01
    outer loop
      vertex   1.630970e+02 7.000000e+00 4.050009e+02
      vertex   1.631942e+02 1.000000e+01 4.050038e+02
      vertex   1.628058e+02 1.000000e+01 4.050038e+02
    endloop
  endfacet
  facet normal 1.939132e-02 9.380173e-04 9.998115e-01
    outer loop
      vertex   1.630970e+02 7.000000e+00 4.050009e+02
      vertex   1.628058e+02 1.000000e+01 4.050038e+02
      vertex   1.627093e+02 7.000000e+00 4.050085e+02
    endloop
  endfacet
  facet normal 7.761634e-02 -9.400191e-04 9.969829e-01
    outer loop
      vertex   1.627093e+02 7.000000e+00 4.050085e+02
      vertex   1.628058e+02 1.000000e+01 4.050038e+02
      vertex   1.624186e+02 1.000000e+01 4.050339e+02
    endloop
  endfacet
  facet normal 9.681083e-02 9.339735e-04 9.953024e-01
    outer loop
      vertex   1.627093e+02 7.000000e+00 4.050085e+02
      vertex   1.624186e+02 1.000000e+01 4.050339e+02
      vertex   1.623233e+02 7.000000e+00 4.050460e+02
    endloop
  endfacet
  facet normal 1.547644e-01 -9.359624e-04 9.879510e-01
    outer loop
      vertex   1.623233e+02 7.000000e+00 4.050460e+02
      vertex   1.624186e+02 1.000000e+01 4.050339e+02
      vertex   1.620349e+02 1.000000e+01 4.050940e+02
    endloop
  endfacet
  facet normal 1.736481e-01 9.299040e-04 9.848073e-01
    outer loop
      vertex   1.623233e+02 7.000000e+00 4.050460e+02
      vertex   1.620349e+02 1.000000e+01 4.050940e+02
      vertex   1.619415e+02 7.000000e+00 4.051133e+02
    endloop
  endfacet
  facet normal 2.309787e-01 -9.318800e-04 9.729584e-01
    outer loop
      vertex   1.619415e+02 7.000000e+00 4.051133e+02
      vertex   1.620349e+02 1.000000e+01 4.050940e+02
      vertex   1.616570e+02 1.000000e+01 4.051837e+02
    endloop
  endfacet
  facet normal 2.494410e-01 9.258087e-04 9.683895e-01
    outer loop
      vertex   1.619415e+02 7.000000e+00 4.051133e+02
      vertex   1.616570e+02 1.000000e+01 4.051837e+02
      vertex   1.615660e+02 7.000000e+00 4.052101e+02
    endloop
  endfacet
  facet normal 3.057994e-01 -9.277719e-04 9.520955e-01
    outer loop
      vertex   1.615660e+02 7.000000e+00 4.052101e+02
      vertex   1.616570e+02 1.000000e+01 4.051837e+02
      vertex   1.612873e+02 1.000000e+01 4.053025e+02
    endloop
  endfacet
  facet normal 3.237338e-01 9.216877e-04 9.461478e-01
    outer loop
      vertex   1.615660e+02 7.000000e+00 4.052101e+02
      vertex   1.612873e+02 1.000000e+01 4.053025e+02
      vertex   1.611991e+02 7.000000e+00 4.053356e+02
    endloop
  endfacet
  facet normal 3.787751e-01 -9.236380e-04 9.254883e-01
    outer loop
      vertex   1.611991e+02 7.000000e+00 4.053356e+02
      vertex   1.612873e+02 1.000000e+01 4.053025e+02
      vertex   1.609278e+02 1.000000e+01 4.054496e+02
    endloop
  endfacet
  facet normal 3.960796e-01 9.175409e-04 9.182157e-01
    outer loop
      vertex   1.611991e+02 7.000000e+00 4.053356e+02
      vertex   1.609278e+02 1.000000e+01 4.054496e+02
      vertex   1.608431e+02 7.000000e+00 4.054892e+02
    endloop
  endfacet
  facet normal 4.494655e-01 -9.194783e-04 8.932972e-01
    outer loop
      vertex   1.608431e+02 7.000000e+00 4.054892e+02
      vertex   1.609278e+02 1.000000e+01 4.054496e+02
      vertex   1.605809e+02 1.000000e+01 4.056242e+02
    endloop
  endfacet
  facet normal 4.660433e-01 9.133683e-04 8.847614e-01
    outer loop
      vertex   1.608431e+02 7.000000e+00 4.054892e+02
      vertex   1.605809e+02 1.000000e+01 4.056242e+02
      vertex   1.605000e+02 7.000000e+00 4.056699e+02
    endloop
  endfacet
  facet normal 5.174441e-01 -9.152929e-04 8.557165e-01
    outer loop
      vertex   1.605000e+02 7.000000e+00 4.056699e+02
      vertex   1.605809e+02 1.000000e+01 4.056242e+02
      vertex   1.602486e+02 1.000000e+01 4.058251e+02
    endloop
  endfacet
  facet normal 5.332042e-01 9.091700e-04 8.459861e-01
    outer loop
      vertex   1.605000e+02 7.000000e+00 4.056699e+02
      vertex   1.602486e+02 1.000000e+01 4.058251e+02
      vertex   1.601720e+02 7.000000e+00 4.058766e+02
    endloop
  endfacet
  facet normal 5.823007e-01 -9.110817e-04 8.129730e-01
    outer loop
      vertex   1.601720e+02 7.000000e+00 4.058766e+02
      vertex   1.602486e+02 1.000000e+01 4.058251e+02
      vertex   1.599328e+02 1.000000e+01 4.060513e+02
    endloop
  endfacet
  facet normal 5.971583e-01 9.049460e-04 8.021229e-01
    outer loop
      vertex   1.601720e+02 7.000000e+00 4.058766e+02
      vertex   1.599328e+02 1.000000e+01 4.060513e+02
      vertex   1.598609e+02 7.000000e+00 4.061082e+02
    endloop
  endfacet
  facet normal 6.436441e-01 -9.068448e-04 7.653244e-01
    outer loop
      vertex   1.598609e+02 7.000000e+00 4.061082e+02
      vertex   1.599328e+02 1.000000e+01 4.060513e+02
      vertex   1.596356e+02 1.000000e+01 4.063013e+02
    endloop
  endfacet
  facet normal 6.575211e-01 9.006962e-04 7.534356e-01
    outer loop
      vertex   1.598609e+02 7.000000e+00 4.061082e+02
      vertex   1.596356e+02 1.000000e+01 4.063013e+02
      vertex   1.595688e+02 7.000000e+00 4.063631e+02
    endloop
  endfacet
  facet normal 7.011041e-01 -9.025821e-04 7.130584e-01
    outer loop
      vertex   1.595688e+02 7.000000e+00 4.063631e+02
      vertex   1.596356e+02 1.000000e+01 4.063013e+02
      vertex   1.593587e+02 1.000000e+01 4.065735e+02
    endloop
  endfacet
  facet normal 7.139294e-01 8.964206e-04 7.002171e-01
    outer loop
      vertex   1.595688e+02 7.000000e+00 4.063631e+02
      vertex   1.593587e+02 1.000000e+01 4.065735e+02
      vertex   1.592973e+02 7.000000e+00 4.066400e+02
    endloop
  endfacet
  facet normal 7.543341e-01 -8.982936e-04 6.564901e-01
    outer loop
      vertex   1.592973e+02 7.000000e+00 4.066400e+02
      vertex   1.593587e+02 1.000000e+01 4.065735e+02
      vertex   1.591037e+02 1.000000e+01 4.068665e+02
    endloop
  endfacet
  facet normal 7.660441e-01 8.921193e-04 6.427874e-01
    outer loop
      vertex   1.592973e+02 7.000000e+00 4.066400e+02
      vertex   1.591037e+02 1.000000e+01 4.068665e+02
      vertex   1.590480e+02 7.000000e+00 4.069370e+02
    endloop
  endfacet
  facet normal 8.030129e-01 -8.939794e-04 5.959610e-01
    outer loop
      vertex   1.590480e+02 7.000000e+00 4.069370e+02
      vertex   1.591037e+02 1.000000e+01 4.068665e+02
      vertex   1.588722e+02 1.000000e+01 4.071784e+02
    endloop
  endfacet
  facet normal 8.135517e-01 8.877922e-04 5.814918e-01
    outer loop
      vertex   1.590480e+02 7.000000e+00 4.069370e+02
      vertex   1.588722e+02 1.000000e+01 4.071784e+02
      vertex   1.588226e+02 7.000000e+00 4.072525e+02
    endloop
  endfacet
  facet normal 8.468468e-01 -8.896395e-04 5.318362e-01
    outer loop
      vertex   1.588226e+02 7.000000e+00 4.072525e+02
      vertex   1.588722e+02 1.000000e+01 4.071784e+02
      vertex   1.586657e+02 1.000000e+01 4.075073e+02
    endloop
  endfacet
  facet normal 8.561666e-01 8.834394e-04 5.166992e-01
    outer loop
      vertex   1.588226e+02 7.000000e+00 4.072525e+02
      vertex   1.586657e+02 1.000000e+01 4.075073e+02
      vertex   1.586222e+02 7.000000e+00 4.075844e+02
    endloop
  endfacet
  facet normal 8.855713e-01 -8.852738e-04 4.645027e-01
    outer loop
      vertex   1.586222e+02 7.000000e+00 4.075844e+02
      vertex   1.586657e+02 1.000000e+01 4.075073e+02
      vertex   1.584853e+02 1.000000e+01 4.078512e+02
    endloop
  endfacet
  facet normal 8.936323e-01 8.790608e-04 4.487990e-01
    outer loop
      vertex   1.586222e+02 7.000000e+00 4.075844e+02
      vertex   1.584853e+02 1.000000e+01 4.078512e+02
      vertex   1.584482e+02 7.000000e+00 4.079309e+02
    endloop
  endfacet
  facet normal 9.189528e-01 -8.808823e-04 3.943666e-01
    outer loop
      vertex   1.584482e+02 7.000000e+00 4.079309e+02
      vertex   1.584853e+02 1.000000e+01 4.078512e+02
      vertex   1.583321e+02 1.000000e+01 4.082081e+02
    endloop
  endfacet
  facet normal 9.257236e-01 8.746565e-04 3.781997e-01
    outer loop
      vertex   1.584482e+02 7.000000e+00 4.079309e+02
      vertex   1.583321e+02 1.000000e+01 4.082081e+02
      vertex   1.583015e+02 7.000000e+00 4.082899e+02
    endloop
  endfacet
  facet normal 9.467899e-01 -8.764651e-04 3.218511e-01
    outer loop
      vertex   1.583015e+02 7.000000e+00 4.082899e+02
      vertex   1.583321e+02 1.000000e+01 4.082081e+02
      vertex   1.582071e+02 1.000000e+01 4.085758e+02
    endloop
  endfacet
  facet normal 9.522475e-01 8.702264e-04 3.053259e-01
    outer loop
      vertex   1.583015e+02 7.000000e+00 4.082899e+02
      vertex   1.582071e+02 1.000000e+01 4.085758e+02
      vertex   1.581831e+02 7.000000e+00 4.086591e+02
    endloop
  endfacet
  facet normal 9.689146e-01 -8.720221e-04 2.473938e-01
    outer loop
      vertex   1.581831e+02 7.000000e+00 4.086591e+02
      vertex   1.582071e+02 1.000000e+01 4.085758e+02
      vertex   1.581110e+02 1.000000e+01 4.089521e+02
    endloop
  endfacet
  facet normal 9.730445e-01 8.657705e-04 2.306158e-01
    outer loop
      vertex   1.581831e+02 7.000000e+00 4.086591e+02
      vertex   1.581110e+02 1.000000e+01 4.089521e+02
      vertex   1.580937e+02 7.000000e+00 4.090364e+02
    endloop
  endfacet
  facet normal 9.851935e-01 -8.675534e-04 1.714438e-01
    outer loop
      vertex   1.580937e+02 7.000000e+00 4.090364e+02
      vertex   1.581110e+02 1.000000e+01 4.089521e+02
      vertex   1.580445e+02 1.000000e+01 4.093347e+02
    endloop
  endfacet
  facet normal 9.879895e-01 8.612889e-04 1.545187e-01
    outer loop
      vertex   1.580937e+02 7.000000e+00 4.090364e+02
      vertex   1.580445e+02 1.000000e+01 4.093347e+02
      vertex   1.580338e+02 7.000000e+00 4.094195e+02
    endloop
  endfacet
  facet normal 9.955283e-01 -8.630589e-04 9.445951e-02
    outer loop
      vertex   1.580338e+02 7.000000e+00 4.094195e+02
      vertex   1.580445e+02 1.000000e+01 4.093347e+02
      vertex   1.580078e+02 1.000000e+01 4.097214e+02
    endloop
  endfacet
  facet normal 9.969926e-01 8.567815e-04 7.749239e-02
    outer loop
      vertex   1.580338e+02 7.000000e+00 4.094195e+02
      vertex   1.580078e+02 1.000000e+01 4.097214e+02
      vertex   1.580038e+02 7.000000e+00 4.098061e+02
    endloop
  endfacet
  facet normal 9.998567e-01 -8.585387e-04 1.690525e-02
    outer loop
      vertex   1.580038e+02 7.000000e+00 4.098061e+02
      vertex   1.580078e+02 1.000000e+01 4.097214e+02
      vertex   1.580012e+02 1.000000e+01 4.101097e+02
    endloop
  endfacet
  facet normal 9.999996e-01 8.522484e-04 -0.000000e+00
    outer loop
      vertex   1.580038e+02 7.000000e+00 4.098061e+02
      vertex   1.580012e+02 1.000000e+01 4.101097e+02
      vertex   1.580038e+02 7.000000e+00 4.101939e+02
    endloop
  endfacet
  facet normal 9.981526e-01 -8.539927e-04 -6.075099e-02
    outer loop
      vertex   1.580038e+02 7.000000e+00 4.101939e+02
      vertex   1.580012e+02 1.000000e+01 4.101097e+02
      vertex   1.580248e+02 1.000000e+01 4.104974e+02
    endloop
  endfacet
  facet normal 9.969926e-01 8.476896e-04 -7.749239e-02
    outer loop
      vertex   1.580038e+02 7.000000e+00 4.101939e+02
      vertex   1.580248e+02 1.000000e+01 4.104974e+02
      vertex   1.580338e+02 7.000000e+00 4.105805e+02
    endloop
  endfacet
  facet normal 9.904262e-01 -8.494209e-04 -1.380407e-01
    outer loop
      vertex   1.580338e+02 7.000000e+00 4.105805e+02
      vertex   1.580248e+02 1.000000e+01 4.104974e+02
      vertex   1.580784e+02 1.000000e+01 4.108820e+02
    endloop
  endfacet
  facet normal 9.879895e-01 8.431049e-04 -1.545187e-01
    outer loop
      vertex   1.580338e+02 7.000000e+00 4.105805e+02
      vertex   1.580784e+02 1.000000e+01 4.108820e+02
      vertex   1.580937e+02 7.000000e+00 4.109636e+02
    endloop
  endfacet
  facet normal 9.767242e-01 -8.448234e-04 -2.144976e-01
    outer loop
      vertex   1.580937e+02 7.000000e+00 4.109636e+02
      vertex   1.580784e+02 1.000000e+01 4.108820e+02
      vertex   1.581617e+02 1.000000e+01 4.112613e+02
    endloop
  endfacet
  facet normal 9.730445e-01 8.384946e-04 -2.306158e-01
    outer loop
      vertex   1.580937e+02 7.000000e+00 4.109636e+02
      vertex   1.581617e+02 1.000000e+01 4.112613e+02
      vertex   1.581831e+02 7.000000e+00 4.113409e+02
    endloop
  endfacet
  facet normal 9.571292e-01 -8.402002e-04 -2.896603e-01
    outer loop
      vertex   1.581831e+02 7.000000e+00 4.113409e+02
      vertex   1.581617e+02 1.000000e+01 4.112613e+02
      vertex   1.582742e+02 1.000000e+01 4.116331e+02
    endloop
  endfacet
  facet normal 9.522476e-01 8.338584e-04 -3.053259e-01
    outer loop
      vertex   1.581831e+02 7.000000e+00 4.113409e+02
      vertex   1.582742e+02 1.000000e+01 4.116331e+02
      vertex   1.583015e+02 7.000000e+00 4.117101e+02
    endloop
  endfacet
  facet normal 9.317594e-01 -8.355512e-04 -3.630754e-01
    outer loop
      vertex   1.583015e+02 7.000000e+00 4.117101e+02
      vertex   1.582742e+02 1.000000e+01 4.116331e+02
      vertex   1.584152e+02 1.000000e+01 4.119949e+02
    endloop
  endfacet
  facet normal 9.257237e-01 8.291965e-04 -3.781997e-01
    outer loop
      vertex   1.583015e+02 7.000000e+00 4.117101e+02
      vertex   1.584152e+02 1.000000e+01 4.119949e+02
      vertex   1.584482e+02 7.000000e+00 4.120691e+02
    endloop
  endfacet
  facet normal 9.007680e-01 -8.308764e-04 -4.342998e-01
    outer loop
      vertex   1.584482e+02 7.000000e+00 4.120691e+02
      vertex   1.584152e+02 1.000000e+01 4.119949e+02
      vertex   1.585839e+02 1.000000e+01 4.123448e+02
    endloop
  endfacet
  facet normal 8.936323e-01 8.245089e-04 -4.487990e-01
    outer loop
      vertex   1.584482e+02 7.000000e+00 4.120691e+02
      vertex   1.585839e+02 1.000000e+01 4.123448e+02
      vertex   1.586222e+02 7.000000e+00 4.124156e+02
    endloop
  endfacet
  facet normal 8.643419e-01 -8.261759e-04 -5.029040e-01
    outer loop
      vertex   1.586222e+02 7.000000e+00 4.124156e+02
      vertex   1.585839e+02 1.000000e+01 4.123448e+02
      vertex   1.587792e+02 1.000000e+01 4.126805e+02
    endloop
  endfacet
  facet normal 8.561666e-01 8.197955e-04 -5.166992e-01
    outer loop
      vertex   1.586222e+02 7.000000e+00 4.124156e+02
      vertex   1.587792e+02 1.000000e+01 4.126805e+02
      vertex   1.588226e+02 7.000000e+00 4.127475e+02
    endloop
  endfacet
  facet normal 8.227008e-01 -8.214496e-04 -5.684740e-01
    outer loop
      vertex   1.588226e+02 7.000000e+00 4.127475e+02
      vertex   1.587792e+02 1.000000e+01 4.126805e+02
      vertex   1.590000e+02 1.000000e+01 4.130000e+02
    endloop
  endfacet
  facet normal 8.135518e-01 8.150564e-04 -5.814919e-01
    outer loop
      vertex   1.588226e+02 7.000000e+00 4.127475e+02
      vertex   1.590000e+02 1.000000e+01 4.130000e+02
      vertex   1.590480e+02 7.000000e+00 4.130630e+02
    endloop
  endfacet
  facet normal 7.952224e-01 0.000000e+00 -6.063178e-01
    outer loop
      vertex   1.590480e+02 7.000000e+00 4.130630e+02
      vertex   1.590000e+02 1.000000e+01 4.130000e+02
      vertex   1.590000e+02 2.000000e+01 4.130000e+02
    endloop
  endfacet
  facet normal 7.784687e-01 -1.654930e-04 -6.276835e-01
    outer loop
      vertex   1.590480e+02 7.000000e+00 4.130630e+02
      vertex   1.590000e+02 2.000000e+01 4.130000e+02
      vertex   1.591980e+02 1.350000e+01 4.132472e+02
    endloop
  endfacet
  facet normal 7.762286e-01 -3.390164e-04 -6.304515e-01
    outer loop
      vertex   1.591980e+02 1.350000e+01 4.132472e+02
      vertex   1.590000e+02 2.000000e+01 4.130000e+02
      vertex   1.592435e+02 2.000000e+01 4.132998e+02
    endloop
  endfacet
  facet normal 7.343225e-01 3.457819e-04 -6.788007e-01
    outer loop
      vertex   1.591980e+02 1.350000e+01 4.132472e+02
      vertex   1.592435e+02 2.000000e+01 4.132998e+02
      vertex   1.594645e+02 1.350000e+01 4.135355e+02
    endloop
  endfacet
  facet normal 7.252425e-01 -3.143477e-04 -6.884934e-01
    outer loop
      vertex   1.594645e+02 1.350000e+01 4.135355e+02
      vertex   1.592435e+02 2.000000e+01 4.132998e+02
      vertex   1.595095e+02 2.000000e+01 4.135800e+02
    endloop
  endfacet
  facet normal 6.788007e-01 3.204981e-04 -7.343225e-01
    outer loop
      vertex   1.594645e+02 1.350000e+01 4.135355e+02
      vertex   1.595095e+02 2.000000e+01 4.135800e+02
      vertex   1.597528e+02 1.350000e+01 4.138020e+02
    endloop
  endfacet
  facet normal 6.699279e-01 -2.884486e-04 -7.424261e-01
    outer loop
      vertex   1.597528e+02 1.350000e+01 4.138020e+02
      vertex   1.595095e+02 2.000000e+01 4.135800e+02
      vertex   1.597963e+02 2.000000e+01 4.138387e+02
    endloop
  endfacet
  facet normal 6.190939e-01 2.939839e-04 -7.853169e-01
    outer loop
      vertex   1.597528e+02 1.350000e+01 4.138020e+02
      vertex   1.597963e+02 2.000000e+01 4.138387e+02
      vertex   1.600611e+02 1.350000e+01 4.140451e+02
    endloop
  endfacet
  facet normal 6.106149e-01 -2.613193e-04 -7.919277e-01
    outer loop
      vertex   1.600611e+02 1.350000e+01 4.140451e+02
      vertex   1.597963e+02 2.000000e+01 4.138387e+02
      vertex   1.601022e+02 2.000000e+01 4.140746e+02
    endloop
  endfacet
  facet normal 5.555702e-01 2.662394e-04 -8.314696e-01
    outer loop
      vertex   1.600611e+02 1.350000e+01 4.140451e+02
      vertex   1.601022e+02 2.000000e+01 4.140746e+02
      vertex   1.603875e+02 1.350000e+01 4.142632e+02
    endloop
  endfacet
  facet normal 5.476574e-01 -2.329597e-04 -8.367026e-01
    outer loop
      vertex   1.603875e+02 1.350000e+01 4.142632e+02
      vertex   1.601022e+02 2.000000e+01 4.140746e+02
      vertex   1.604254e+02 2.000000e+01 4.142862e+02
    endloop
  endfacet
  facet normal 4.886212e-01 2.372647e-04 -8.724960e-01
    outer loop
      vertex   1.603875e+02 1.350000e+01 4.142632e+02
      vertex   1.604254e+02 2.000000e+01 4.142862e+02
      vertex   1.607301e+02 1.350000e+01 4.144550e+02
    endloop
  endfacet
  facet normal 4.814313e-01 -2.033699e-04 -8.764838e-01
    outer loop
      vertex   1.607301e+02 1.350000e+01 4.144550e+02
      vertex   1.604254e+02 2.000000e+01 4.142862e+02
      vertex   1.607639e+02 2.000000e+01 4.144721e+02
    endloop
  endfacet
  facet normal 4.186597e-01 2.070599e-04 -9.081432e-01
    outer loop
      vertex   1.607301e+02 1.350000e+01 4.144550e+02
      vertex   1.607639e+02 2.000000e+01 4.144721e+02
      vertex   1.610866e+02 1.350000e+01 4.146194e+02
    endloop
  endfacet
  facet normal 4.123318e-01 -1.725500e-04 -9.110337e-01
    outer loop
      vertex   1.610866e+02 1.350000e+01 4.146194e+02
      vertex   1.607639e+02 2.000000e+01 4.144721e+02
      vertex   1.611158e+02 2.000000e+01 4.146314e+02
    endloop
  endfacet
  facet normal 3.461171e-01 1.756249e-04 -9.381913e-01
    outer loop
      vertex   1.610866e+02 1.350000e+01 4.146194e+02
      vertex   1.611158e+02 2.000000e+01 4.146314e+02
      vertex   1.614549e+02 1.350000e+01 4.147553e+02
    endloop
  endfacet
  facet normal 3.407713e-01 -1.405000e-04 -9.401462e-01
    outer loop
      vertex   1.614549e+02 1.350000e+01 4.147553e+02
      vertex   1.611158e+02 2.000000e+01 4.146314e+02
      vertex   1.614790e+02 2.000000e+01 4.147630e+02
    endloop
  endfacet
  facet normal 2.714404e-01 1.429599e-04 -9.624552e-01
    outer loop
      vertex   1.614549e+02 1.350000e+01 4.147553e+02
      vertex   1.614790e+02 2.000000e+01 4.147630e+02
      vertex   1.618328e+02 1.350000e+01 4.148618e+02
    endloop
  endfacet
  facet normal 2.671769e-01 -1.072199e-04 -9.636475e-01
    outer loop
      vertex   1.618328e+02 1.350000e+01 4.148618e+02
      vertex   1.614790e+02 2.000000e+01 4.147630e+02
      vertex   1.618512e+02 2.000000e+01 4.148662e+02
    endloop
  endfacet
  facet normal 1.950903e-01 1.090648e-04 -9.807853e-01
    outer loop
      vertex   1.618328e+02 1.350000e+01 4.148618e+02
      vertex   1.618512e+02 2.000000e+01 4.148662e+02
      vertex   1.622178e+02 1.350000e+01 4.149384e+02
    endloop
  endfacet
  facet normal 1.919879e-01 -7.270988e-05 -9.813973e-01
    outer loop
      vertex   1.622178e+02 1.350000e+01 4.149384e+02
      vertex   1.618512e+02 2.000000e+01 4.148662e+02
      vertex   1.622303e+02 2.000000e+01 4.149404e+02
    endloop
  endfacet
  facet normal 1.175374e-01 7.393975e-05 -9.930685e-01
    outer loop
      vertex   1.622178e+02 1.350000e+01 4.149384e+02
      vertex   1.622303e+02 2.000000e+01 4.149404e+02
      vertex   1.626077e+02 1.350000e+01 4.149846e+02
    endloop
  endfacet
  facet normal 1.156530e-01 -3.696988e-05 -9.932897e-01
    outer loop
      vertex   1.626077e+02 1.350000e+01 4.149846e+02
      vertex   1.622303e+02 2.000000e+01 4.149404e+02
      vertex   1.626140e+02 2.000000e+01 4.149851e+02
    endloop
  endfacet
  facet normal 3.925982e-02 3.758480e-05 -9.992290e-01
    outer loop
      vertex   1.626077e+02 1.350000e+01 4.149846e+02
      vertex   1.626140e+02 2.000000e+01 4.149851e+02
      vertex   1.630000e+02 1.350000e+01 4.150000e+02
    endloop
  endfacet
  facet normal 3.862785e-02 0.000000e+00 -9.992537e-01
    outer loop
      vertex   1.630000e+02 1.350000e+01 4.150000e+02
      vertex   1.626140e+02 2.000000e+01 4.149851e+02
      vertex   1.630000e+02 2.000000e+01 4.150000e+02
    endloop
  endfacet
  facet normal -3.862785e-02 0.000000e+00 -9.992537e-01
    outer loop
      vertex   1.630000e+02 1.350000e+01 4.150000e+02
      vertex   1.630000e+02 2.000000e+01 4.150000e+02
      vertex   1.633860e+02 2.000000e+01 4.149851e+02
    endloop
  endfacet
  facet normal -9.981524e-01 -1.022749e-03 -6.075098e-02
    outer loop
      vertex   1.679988e+02 1.000000e+01 4.101097e+02
      vertex   1.679850e+02 7.000000e+00 4.103875e+02
      vertex   1.679752e+02 1.000000e+01 4.104974e+02
    endloop
  endfacet
  facet normal -9.932378e-01 1.020464e-03 -1.160929e-01
    outer loop
      vertex   1.679752e+02 1.000000e+01 4.104974e+02
      vertex   1.679850e+02 7.000000e+00 4.103875e+02
      vertex   1.679400e+02 7.000000e+00 4.107726e+02
    endloop
  endfacet
  facet normal -9.904260e-01 -1.026213e-03 -1.380407e-01
    outer loop
      vertex   1.679752e+02 1.000000e+01 4.104974e+02
      vertex   1.679400e+02 7.000000e+00 4.107726e+02
      vertex   1.679216e+02 1.000000e+01 4.108820e+02
    endloop
  endfacet
  facet normal -9.812548e-01 1.023915e-03 -1.927122e-01
    outer loop
      vertex   1.679216e+02 1.000000e+01 4.108820e+02
      vertex   1.679400e+02 7.000000e+00 4.107726e+02
      vertex   1.678652e+02 7.000000e+00 4.111531e+02
    endloop
  endfacet
  facet normal -9.767240e-01 -1.029652e-03 -2.144975e-01
    outer loop
      vertex   1.679216e+02 1.000000e+01 4.108820e+02
      vertex   1.678652e+02 7.000000e+00 4.111531e+02
      vertex   1.678383e+02 1.000000e+01 4.112613e+02
    endloop
  endfacet
  facet normal -9.633704e-01 1.027341e-03 -2.681725e-01
    outer loop
      vertex   1.678383e+02 1.000000e+01 4.112613e+02
      vertex   1.678652e+02 7.000000e+00 4.111531e+02
      vertex   1.677612e+02 7.000000e+00 4.115266e+02
    endloop
  endfacet
  facet normal -9.571290e-01 -1.033064e-03 -2.896602e-01
    outer loop
      vertex   1.678383e+02 1.000000e+01 4.112613e+02
      vertex   1.677612e+02 7.000000e+00 4.115266e+02
      vertex   1.677258e+02 1.000000e+01 4.116331e+02
    endloop
  endfacet
  facet normal -9.396921e-01 1.030741e-03 -3.420200e-01
    outer loop
      vertex   1.677258e+02 1.000000e+01 4.116331e+02
      vertex   1.677612e+02 7.000000e+00 4.115266e+02
      vertex   1.676286e+02 7.000000e+00 4.118910e+02
    endloop
  endfacet
  facet normal -9.317592e-01 -1.036451e-03 -3.630753e-01
    outer loop
      vertex   1.677258e+02 1.000000e+01 4.116331e+02
      vertex   1.676286e+02 7.000000e+00 4.118910e+02
      vertex   1.675848e+02 1.000000e+01 4.119949e+02
    endloop
  endfacet
  facet normal -9.103625e-01 1.034115e-03 -4.138105e-01
    outer loop
      vertex   1.675848e+02 1.000000e+01 4.119949e+02
      vertex   1.676286e+02 7.000000e+00 4.118910e+02
      vertex   1.674682e+02 7.000000e+00 4.122440e+02
    endloop
  endfacet
  facet normal -9.007678e-01 -1.039813e-03 -4.342998e-01
    outer loop
      vertex   1.675848e+02 1.000000e+01 4.119949e+02
      vertex   1.674682e+02 7.000000e+00 4.122440e+02
      vertex   1.674161e+02 1.000000e+01 4.123448e+02
    endloop
  endfacet
  facet normal -8.755578e-01 1.037463e-03 -4.831123e-01
    outer loop
      vertex   1.674161e+02 1.000000e+01 4.123448e+02
      vertex   1.674682e+02 7.000000e+00 4.122440e+02
      vertex   1.672808e+02 7.000000e+00 4.125835e+02
    endloop
  endfacet
  facet normal -8.643417e-01 -1.043148e-03 -5.029039e-01
    outer loop
      vertex   1.674161e+02 1.000000e+01 4.123448e+02
      vertex   1.672808e+02 7.000000e+00 4.125835e+02
      vertex   1.672208e+02 1.000000e+01 4.126805e+02
    endloop
  endfacet
  facet normal -8.354874e-01 1.040786e-03 -5.495087e-01
    outer loop
      vertex   1.672208e+02 1.000000e+01 4.126805e+02
      vertex   1.672808e+02 7.000000e+00 4.125835e+02
      vertex   1.670678e+02 7.000000e+00 4.129075e+02
    endloop
  endfacet
  facet normal -8.227006e-01 -1.046458e-03 -5.684739e-01
    outer loop
      vertex   1.672208e+02 1.000000e+01 4.126805e+02
      vertex   1.670678e+02 7.000000e+00 4.129075e+02
      vertex   1.670000e+02 1.000000e+01 4.130000e+02
    endloop
  endfacet
  facet normal -7.903922e-01 1.044082e-03 -6.126002e-01
    outer loop
      vertex   1.670000e+02 1.000000e+01 4.130000e+02
      vertex   1.670678e+02 7.000000e+00 4.129075e+02
      vertex   1.668302e+02 7.000000e+00 4.132139e+02
    endloop
  endfacet
  facet normal -7.819616e-01 -1.980347e-04 -6.233265e-01
    outer loop
      vertex   1.670000e+02 1.000000e+01 4.130000e+02
      vertex   1.668302e+02 7.000000e+00 4.132139e+02
      vertex   1.668020e+02 1.350000e+01 4.132472e+02
    endloop
  endfacet
  facet normal -7.405440e-01 2.310203e-04 -6.720078e-01
    outer loop
      vertex   1.668020e+02 1.350000e+01 4.132472e+02
      vertex   1.668302e+02 7.000000e+00 4.132139e+02
      vertex   1.665697e+02 7.000000e+00 4.135011e+02
    endloop
  endfacet
  facet normal -7.343225e-01 -2.566890e-04 -6.788007e-01
    outer loop
      vertex   1.668020e+02 1.350000e+01 4.132472e+02
      vertex   1.665697e+02 7.000000e+00 4.135011e+02
      vertex   1.665355e+02 1.350000e+01 4.135355e+02
    endloop
  endfacet
  facet normal -6.862416e-01 2.530751e-04 -7.273736e-01
    outer loop
      vertex   1.665355e+02 1.350000e+01 4.135355e+02
      vertex   1.665697e+02 7.000000e+00 4.135011e+02
      vertex   1.662876e+02 7.000000e+00 4.137672e+02
    endloop
  endfacet
  facet normal -6.788007e-01 -2.783823e-04 -7.343225e-01
    outer loop
      vertex   1.665355e+02 1.350000e+01 4.135355e+02
      vertex   1.662876e+02 7.000000e+00 4.137672e+02
      vertex   1.662472e+02 1.350000e+01 4.138020e+02
    endloop
  endfacet
  facet normal -6.278121e-01 2.744069e-04 -7.783649e-01
    outer loop
      vertex   1.662472e+02 1.350000e+01 4.138020e+02
      vertex   1.662876e+02 7.000000e+00 4.137672e+02
      vertex   1.659858e+02 7.000000e+00 4.140106e+02
    endloop
  endfacet
  facet normal -6.190939e-01 -2.993527e-04 -7.853169e-01
    outer loop
      vertex   1.662472e+02 1.350000e+01 4.138020e+02
      vertex   1.659858e+02 7.000000e+00 4.140106e+02
      vertex   1.659389e+02 1.350000e+01 4.140451e+02
    endloop
  endfacet
  facet normal -5.656069e-01 2.950159e-04 -8.246750e-01
    outer loop
      vertex   1.659389e+02 1.350000e+01 4.140451e+02
      vertex   1.659858e+02 7.000000e+00 4.140106e+02
      vertex   1.656660e+02 7.000000e+00 4.142299e+02
    endloop
  endfacet
  facet normal -5.555702e-01 -3.196002e-04 -8.314696e-01
    outer loop
      vertex   1.659389e+02 1.350000e+01 4.140451e+02
      vertex   1.656660e+02 7.000000e+00 4.142299e+02
      vertex   1.656125e+02 1.350000e+01 4.142632e+02
    endloop
  endfacet
  facet normal -5.000000e-01 3.149019e-04 -8.660254e-01
    outer loop
      vertex   1.656125e+02 1.350000e+01 4.142632e+02
      vertex   1.656660e+02 7.000000e+00 4.142299e+02
      vertex   1.653302e+02 7.000000e+00 4.144238e+02
    endloop
  endfacet
  facet normal -4.886212e-01 -3.391247e-04 -8.724960e-01
    outer loop
      vertex   1.656125e+02 1.350000e+01 4.142632e+02
      vertex   1.653302e+02 7.000000e+00 4.144238e+02
      vertex   1.652700e+02 1.350000e+01 4.144550e+02
    endloop
  endfacet
  facet normal -4.313860e-01 3.340649e-04 -9.021674e-01
    outer loop
      vertex   1.652700e+02 1.350000e+01 4.144550e+02
      vertex   1.653302e+02 7.000000e+00 4.144238e+02
      vertex   1.649804e+02 7.000000e+00 4.145911e+02
    endloop
  endfacet
  facet normal -4.186597e-01 -3.579263e-04 -9.081431e-01
    outer loop
      vertex   1.652700e+02 1.350000e+01 4.144550e+02
      vertex   1.649804e+02 7.000000e+00 4.145911e+02
      vertex   1.649134e+02 1.350000e+01 4.146194e+02
    endloop
  endfacet
  facet normal -3.601777e-01 3.525050e-04 -9.328836e-01
    outer loop
      vertex   1.649134e+02 1.350000e+01 4.146194e+02
      vertex   1.649804e+02 7.000000e+00 4.145911e+02
      vertex   1.646187e+02 7.000000e+00 4.147307e+02
    endloop
  endfacet
  facet normal -3.461170e-01 -3.760049e-04 -9.381913e-01
    outer loop
      vertex   1.649134e+02 1.350000e+01 4.146194e+02
      vertex   1.646187e+02 7.000000e+00 4.147307e+02
      vertex   1.645451e+02 1.350000e+01 4.147553e+02
    endloop
  endfacet
  facet normal -2.868032e-01 3.702220e-04 -9.579894e-01
    outer loop
      vertex   1.645451e+02 1.350000e+01 4.147553e+02
      vertex   1.646187e+02 7.000000e+00 4.147307e+02
      vertex   1.642472e+02 7.000000e+00 4.148419e+02
    endloop
  endfacet
  facet normal -2.714404e-01 -3.933604e-04 -9.624552e-01
    outer loop
      vertex   1.645451e+02 1.350000e+01 4.147553e+02
      vertex   1.642472e+02 7.000000e+00 4.148419e+02
      vertex   1.641672e+02 1.350000e+01 4.148618e+02
    endloop
  endfacet
  facet normal -2.117039e-01 3.872161e-04 -9.773338e-01
    outer loop
      vertex   1.641672e+02 1.350000e+01 4.148618e+02
      vertex   1.642472e+02 7.000000e+00 4.148419e+02
      vertex   1.638682e+02 7.000000e+00 4.149240e+02
    endloop
  endfacet
  facet normal -1.950903e-01 -4.099929e-04 -9.807852e-01
    outer loop
      vertex   1.641672e+02 1.350000e+01 4.148618e+02
      vertex   1.638682e+02 7.000000e+00 4.149240e+02
      vertex   1.637822e+02 1.350000e+01 4.149384e+02
    endloop
  endfacet
  facet normal -1.353313e-01 4.034871e-04 -9.908003e-01
    outer loop
      vertex   1.637822e+02 1.350000e+01 4.149384e+02
      vertex   1.638682e+02 7.000000e+00 4.149240e+02
      vertex   1.634841e+02 7.000000e+00 4.149765e+02
    endloop
  endfacet
  facet normal -1.175374e-01 -4.259024e-04 -9.930684e-01
    outer loop
      vertex   1.637822e+02 1.350000e+01 4.149384e+02
      vertex   1.634841e+02 7.000000e+00 4.149765e+02
      vertex   1.633923e+02 1.350000e+01 4.149846e+02
    endloop
  endfacet
  facet normal -5.814482e-02 4.190350e-04 -9.983081e-01
    outer loop
      vertex   1.633923e+02 1.350000e+01 4.149846e+02
      vertex   1.634841e+02 7.000000e+00 4.149765e+02
      vertex   1.630970e+02 7.000000e+00 4.149991e+02
    endloop
  endfacet
  facet normal -3.925981e-02 -4.410888e-04 -9.992289e-01
    outer loop
      vertex   1.633923e+02 1.350000e+01 4.149846e+02
      vertex   1.630970e+02 7.000000e+00 4.149991e+02
      vertex   1.630000e+02 1.350000e+01 4.150000e+02
    endloop
  endfacet
  facet normal 1.939133e-02 4.338599e-04 -9.998119e-01
    outer loop
      vertex   1.630000e+02 1.350000e+01 4.150000e+02
      vertex   1.630970e+02 7.000000e+00 4.149991e+02
      vertex   1.627093e+02 7.000000e+00 4.149915e+02
    endloop
  endfacet
  facet normal 3.925981e-02 -4.555522e-04 -9.992289e-01
    outer loop
      vertex   1.630000e+02 1.350000e+01 4.150000e+02
      vertex   1.627093e+02 7.000000e+00 4.149915e+02
      vertex   1.626077e+02 1.350000e+01 4.149846e+02
    endloop
  endfacet
  facet normal 9.681086e-02 4.479617e-04 -9.953027e-01
    outer loop
      vertex   1.626077e+02 1.350000e+01 4.149846e+02
      vertex   1.627093e+02 7.000000e+00 4.149915e+02
      vertex   1.623233e+02 7.000000e+00 4.149540e+02
    endloop
  endfacet
  facet normal 1.175374e-01 -4.692924e-04 -9.930683e-01
    outer loop
      vertex   1.626077e+02 1.350000e+01 4.149846e+02
      vertex   1.623233e+02 7.000000e+00 4.149540e+02
      vertex   1.622178e+02 1.350000e+01 4.149384e+02
    endloop
  endfacet
  facet normal 1.736482e-01 4.613405e-04 -9.848076e-01
    outer loop
      vertex   1.622178e+02 1.350000e+01 4.149384e+02
      vertex   1.623233e+02 7.000000e+00 4.149540e+02
      vertex   1.619415e+02 7.000000e+00 4.148867e+02
    endloop
  endfacet
  facet normal 1.950903e-01 -4.823096e-04 -9.807852e-01
    outer loop
      vertex   1.622178e+02 1.350000e+01 4.149384e+02
      vertex   1.619415e+02 7.000000e+00 4.148867e+02
      vertex   1.618328e+02 1.350000e+01 4.148618e+02
    endloop
  endfacet
  facet normal 2.494411e-01 4.739961e-04 -9.683899e-01
    outer loop
      vertex   1.618328e+02 1.350000e+01 4.148618e+02
      vertex   1.619415e+02 7.000000e+00 4.148867e+02
      vertex   1.615660e+02 7.000000e+00 4.147899e+02
    endloop
  endfacet
  facet normal 2.714404e-01 -4.946037e-04 -9.624551e-01
    outer loop
      vertex   1.618328e+02 1.350000e+01 4.148618e+02
      vertex   1.615660e+02 7.000000e+00 4.147899e+02
      vertex   1.614549e+02 1.350000e+01 4.147553e+02
    endloop
  endfacet
  facet normal 3.237339e-01 4.859286e-04 -9.461480e-01
    outer loop
      vertex   1.614549e+02 1.350000e+01 4.147553e+02
      vertex   1.615660e+02 7.000000e+00 4.147899e+02
      vertex   1.611991e+02 7.000000e+00 4.146644e+02
    endloop
  endfacet
  facet normal 3.461170e-01 -5.061746e-04 -9.381912e-01
    outer loop
      vertex   1.614549e+02 1.350000e+01 4.147553e+02
      vertex   1.611991e+02 7.000000e+00 4.146644e+02
      vertex   1.610866e+02 1.350000e+01 4.146194e+02
    endloop
  endfacet
  facet normal 3.960797e-01 4.971380e-04 -9.182160e-01
    outer loop
      vertex   1.610866e+02 1.350000e+01 4.146194e+02
      vertex   1.611991e+02 7.000000e+00 4.146644e+02
      vertex   1.608431e+02 7.000000e+00 4.145108e+02
    endloop
  endfacet
  facet normal 4.186597e-01 -5.170224e-04 -9.081431e-01
    outer loop
      vertex   1.610866e+02 1.350000e+01 4.146194e+02
      vertex   1.608431e+02 7.000000e+00 4.145108e+02
      vertex   1.607301e+02 1.350000e+01 4.144550e+02
    endloop
  endfacet
  facet normal 4.660435e-01 5.076242e-04 -8.847617e-01
    outer loop
      vertex   1.607301e+02 1.350000e+01 4.144550e+02
      vertex   1.608431e+02 7.000000e+00 4.145108e+02
      vertex   1.605000e+02 7.000000e+00 4.143301e+02
    endloop
  endfacet
  facet normal 4.886212e-01 -5.271471e-04 -8.724959e-01
    outer loop
      vertex   1.607301e+02 1.350000e+01 4.144550e+02
      vertex   1.605000e+02 7.000000e+00 4.143301e+02
      vertex   1.603875e+02 1.350000e+01 4.142632e+02
    endloop
  endfacet
  facet normal 5.332044e-01 5.173873e-04 -8.459863e-01
    outer loop
      vertex   1.603875e+02 1.350000e+01 4.142632e+02
      vertex   1.605000e+02 7.000000e+00 4.143301e+02
      vertex   1.601720e+02 7.000000e+00 4.141234e+02
    endloop
  endfacet
  facet normal 5.555702e-01 -5.365486e-04 -8.314695e-01
    outer loop
      vertex   1.603875e+02 1.350000e+01 4.142632e+02
      vertex   1.601720e+02 7.000000e+00 4.141234e+02
      vertex   1.600611e+02 1.350000e+01 4.140451e+02
    endloop
  endfacet
  facet normal 5.971585e-01 5.264272e-04 -8.021231e-01
    outer loop
      vertex   1.600611e+02 1.350000e+01 4.140451e+02
      vertex   1.601720e+02 7.000000e+00 4.141234e+02
      vertex   1.598609e+02 7.000000e+00 4.138918e+02
    endloop
  endfacet
  facet normal 6.190939e-01 -5.452270e-04 -7.853168e-01
    outer loop
      vertex   1.600611e+02 1.350000e+01 4.140451e+02
      vertex   1.598609e+02 7.000000e+00 4.138918e+02
      vertex   1.597528e+02 1.350000e+01 4.138020e+02
    endloop
  endfacet
  facet normal 6.575213e-01 5.347440e-04 -7.534358e-01
    outer loop
      vertex   1.597528e+02 1.350000e+01 4.138020e+02
      vertex   1.598609e+02 7.000000e+00 4.138918e+02
      vertex   1.595688e+02 7.000000e+00 4.136369e+02
    endloop
  endfacet
  facet normal 6.788006e-01 -5.531822e-04 -7.343224e-01
    outer loop
      vertex   1.597528e+02 1.350000e+01 4.138020e+02
      vertex   1.595688e+02 7.000000e+00 4.136369e+02
      vertex   1.594645e+02 1.350000e+01 4.135355e+02
    endloop
  endfacet
  facet normal 7.139296e-01 5.423376e-04 -7.002172e-01
    outer loop
      vertex   1.594645e+02 1.350000e+01 4.135355e+02
      vertex   1.595688e+02 7.000000e+00 4.136369e+02
      vertex   1.592973e+02 7.000000e+00 4.133600e+02
    endloop
  endfacet
  facet normal 7.343224e-01 -5.604142e-04 -6.788006e-01
    outer loop
      vertex   1.594645e+02 1.350000e+01 4.135355e+02
      vertex   1.592973e+02 7.000000e+00 4.133600e+02
      vertex   1.591980e+02 1.350000e+01 4.132472e+02
    endloop
  endfacet
  facet normal 7.660443e-01 5.492080e-04 -6.427875e-01
    outer loop
      vertex   1.591980e+02 1.350000e+01 4.132472e+02
      vertex   1.592973e+02 7.000000e+00 4.133600e+02
      vertex   1.590480e+02 7.000000e+00 4.130630e+02
    endloop
  endfacet
  facet normal -3.925982e-02 3.758480e-05 -9.992290e-01
    outer loop
      vertex   1.630000e+02 1.350000e+01 4.150000e+02
      vertex   1.633860e+02 2.000000e+01 4.149851e+02
      vertex   1.633923e+02 1.350000e+01 4.149846e+02
    endloop
  endfacet
  facet normal -1.156530e-01 -3.696988e-05 -9.932897e-01
    outer loop
      vertex   1.633923e+02 1.350000e+01 4.149846e+02
      vertex   1.633860e+02 2.000000e+01 4.149851e+02
      vertex   1.637697e+02 2.000000e+01 4.149404e+02
    endloop
  endfacet
  facet normal -1.175374e-01 7.393975e-05 -9.930685e-01
    outer loop
      vertex   1.633923e+02 1.350000e+01 4.149846e+02
      vertex   1.637697e+02 2.000000e+01 4.149404e+02
      vertex   1.637822e+02 1.350000e+01 4.149384e+02
    endloop
  endfacet
  facet normal -1.919879e-01 -7.270988e-05 -9.813973e-01
    outer loop
      vertex   1.637822e+02 1.350000e+01 4.149384e+02
      vertex   1.637697e+02 2.000000e+01 4.149404e+02
      vertex   1.641488e+02 2.000000e+01 4.148662e+02
    endloop
  endfacet
  facet normal -1.950903e-01 1.090648e-04 -9.807853e-01
    outer loop
      vertex   1.637822e+02 1.350000e+01 4.149384e+02
      vertex   1.641488e+02 2.000000e+01 4.148662e+02
      vertex   1.641672e+02 1.350000e+01 4.148618e+02
    endloop
  endfacet
  facet normal -2.671769e-01 -1.072199e-04 -9.636475e-01
    outer loop
      vertex   1.641672e+02 1.350000e+01 4.148618e+02
      vertex   1.641488e+02 2.000000e+01 4.148662e+02
      vertex   1.645210e+02 2.000000e+01 4.147630e+02
    endloop
  endfacet
  facet normal -2.714404e-01 1.429599e-04 -9.624552e-01
    outer loop
      vertex   1.641672e+02 1.350000e+01 4.148618e+02
      vertex   1.645210e+02 2.000000e+01 4.147630e+02
      vertex   1.645451e+02 1.350000e+01 4.147553e+02
    endloop
  endfacet
  facet normal -3.407713e-01 -1.405000e-04 -9.401462e-01
    outer loop
      vertex   1.645451e+02 1.350000e+01 4.147553e+02
      vertex   1.645210e+02 2.000000e+01 4.147630e+02
      vertex   1.648842e+02 2.000000e+01 4.146314e+02
    endloop
  endfacet
  facet normal -3.461171e-01 1.756249e-04 -9.381913e-01
    outer loop
      vertex   1.645451e+02 1.350000e+01 4.147553e+02
      vertex   1.648842e+02 2.000000e+01 4.146314e+02
      vertex   1.649134e+02 1.350000e+01 4.146194e+02
    endloop
  endfacet
  facet normal -4.123318e-01 -1.725500e-04 -9.110337e-01
    outer loop
      vertex   1.649134e+02 1.350000e+01 4.146194e+02
      vertex   1.648842e+02 2.000000e+01 4.146314e+02
      vertex   1.652361e+02 2.000000e+01 4.144721e+02
    endloop
  endfacet
  facet normal -4.186597e-01 2.070599e-04 -9.081432e-01
    outer loop
      vertex   1.649134e+02 1.350000e+01 4.146194e+02
      vertex   1.652361e+02 2.000000e+01 4.144721e+02
      vertex   1.652700e+02 1.350000e+01 4.144550e+02
    endloop
  endfacet
  facet normal -4.814313e-01 -2.033699e-04 -8.764838e-01
    outer loop
      vertex   1.652700e+02 1.350000e+01 4.144550e+02
      vertex   1.652361e+02 2.000000e+01 4.144721e+02
      vertex   1.655746e+02 2.000000e+01 4.142862e+02
    endloop
  endfacet
  facet normal -4.886212e-01 2.372647e-04 -8.724960e-01
    outer loop
      vertex   1.652700e+02 1.350000e+01 4.144550e+02
      vertex   1.655746e+02 2.000000e+01 4.142862e+02
      vertex   1.656125e+02 1.350000e+01 4.142632e+02
    endloop
  endfacet
  facet normal -5.476574e-01 -2.329597e-04 -8.367026e-01
    outer loop
      vertex   1.656125e+02 1.350000e+01 4.142632e+02
      vertex   1.655746e+02 2.000000e+01 4.142862e+02
      vertex   1.658978e+02 2.000000e+01 4.140746e+02
    endloop
  endfacet
  facet normal -5.555702e-01 2.662394e-04 -8.314696e-01
    outer loop
      vertex   1.656125e+02 1.350000e+01 4.142632e+02
      vertex   1.658978e+02 2.000000e+01 4.140746e+02
      vertex   1.659389e+02 1.350000e+01 4.140451e+02
    endloop
  endfacet
  facet normal -6.106149e-01 -2.613193e-04 -7.919277e-01
    outer loop
      vertex   1.659389e+02 1.350000e+01 4.140451e+02
      vertex   1.658978e+02 2.000000e+01 4.140746e+02
      vertex   1.662038e+02 2.000000e+01 4.138387e+02
    endloop
  endfacet
  facet normal -6.190939e-01 2.939839e-04 -7.853169e-01
    outer loop
      vertex   1.659389e+02 1.350000e+01 4.140451e+02
      vertex   1.662038e+02 2.000000e+01 4.138387e+02
      vertex   1.662472e+02 1.350000e+01 4.138020e+02
    endloop
  endfacet
  facet normal -6.699279e-01 -2.884486e-04 -7.424261e-01
    outer loop
      vertex   1.662472e+02 1.350000e+01 4.138020e+02
      vertex   1.662038e+02 2.000000e+01 4.138387e+02
      vertex   1.664905e+02 2.000000e+01 4.135800e+02
    endloop
  endfacet
  facet normal -6.788007e-01 3.204981e-04 -7.343225e-01
    outer loop
      vertex   1.662472e+02 1.350000e+01 4.138020e+02
      vertex   1.664905e+02 2.000000e+01 4.135800e+02
      vertex   1.665355e+02 1.350000e+01 4.135355e+02
    endloop
  endfacet
  facet normal -7.252425e-01 -3.143477e-04 -6.884934e-01
    outer loop
      vertex   1.665355e+02 1.350000e+01 4.135355e+02
      vertex   1.664905e+02 2.000000e+01 4.135800e+02
      vertex   1.667565e+02 2.000000e+01 4.132998e+02
    endloop
  endfacet
  facet normal -7.343225e-01 3.457819e-04 -6.788007e-01
    outer loop
      vertex   1.665355e+02 1.350000e+01 4.135355e+02
      vertex   1.667565e+02 2.000000e+01 4.132998e+02
      vertex   1.668020e+02 1.350000e+01 4.132472e+02
    endloop
  endfacet
  facet normal -7.762286e-01 -3.390164e-04 -6.304515e-01
    outer loop
      vertex   1.668020e+02 1.350000e+01 4.132472e+02
      vertex   1.667565e+02 2.000000e+01 4.132998e+02
      vertex   1.670000e+02 2.000000e+01 4.130000e+02
    endloop
  endfacet
  facet normal -7.805958e-01 0.000000e+00 -6.250361e-01
    outer loop
      vertex   1.668020e+02 1.350000e+01 4.132472e+02
      vertex   1.670000e+02 2.000000e+01 4.130000e+02
      vertex   1.670000e+02 1.000000e+01 4.130000e+02
    endloop
  endfacet
  facet normal 0.000000e+00 -1.000000e+00 0.000000e+00
    outer loop
      vertex   1.590000e+02 2.000000e+01 4.130000e+02
      vertex   1.670000e+02 2.000000e+01 4.130000e+02
      vertex   1.592435e+02 2.000000e+01 4.132998e+02
    endloop
  endfacet
  facet normal 0.000000e+00 -1.000000e+00 0.000000e+00
    outer loop
      vertex   1.592435e+02 2.000000e+01 4.132998e+02
      vertex   1.670000e+02 2.000000e+01 4.130000e+02
      vertex   1.667565e+02 2.000000e+01 4.132998e+02
    endloop
  endfacet
  facet normal 0.000000e+00 -1.000000e+00 0.000000e+00
    outer loop
      vertex   1.592435e+02 2.000000e+01 4.132998e+02
      vertex   1.667565e+02 2.000000e+01 4.132998e+02
      vertex   1.595095e+02 2.000000e+01 4.135800e+02
    endloop
  endfacet
  facet normal 0.000000e+00 -1.000000e+00 0.000000e+00
    outer loop
      vertex   1.595095e+02 2.000000e+01 4.135800e+02
      vertex   1.667565e+02 2.000000e+01 4.132998e+02
      vertex   1.664905e+02 2.000000e+01 4.135800e+02
    endloop
  endfacet
  facet normal 0.000000e+00 -1.000000e+00 0.000000e+00
    outer loop
      vertex   1.595095e+02 2.000000e+01 4.135800e+02
      vertex   1.664905e+02 2.000000e+01 4.135800e+02
      vertex   1.597963e+02 2.000000e+01 4.138387e+02
    endloop
  endfacet
  facet normal 0.000000e+00 -1.000000e+00 0.000000e+00
    outer loop
      vertex   1.597963e+02 2.000000e+01 4.138387e+02
      vertex   1.664905e+02 2.000000e+01 4.135800e+02
      vertex   1.662038e+02 2.000000e+01 4.138387e+02
    endloop
  endfacet
  facet normal 0.000000e+00 -1.000000e+00 0.000000e+00
    outer loop
      vertex   1.597963e+02 2.000000e+01 4.138387e+02
      vertex   1.662038e+02 2.000000e+01 4.138387e+02
      vertex   1.601022e+02 2.000000e+01 4.140746e+02
    endloop
  endfacet
  facet normal 0.000000e+00 -1.000000e+00 0.000000e+00
    outer loop
      vertex   1.601022e+02 2.000000e+01 4.140746e+02
      vertex   1.662038e+02 2.000000e+01 4.138387e+02
      vertex   1.658978e+02 2.000000e+01 4.140746e+02
    endloop
  endfacet
  facet normal 0.000000e+00 -1.000000e+00 0.000000e+00
    outer loop
      vertex   1.601022e+02 2.000000e+01 4.140746e+02
      vertex   1.658978e+02 2.000000e+01 4.140746e+02
      vertex   1.604254e+02 2.000000e+01 4.142862e+02
    endloop
  endfacet
  facet normal 0.000000e+00 -1.000000e+00 0.000000e+00
    outer loop
      vertex   1.604254e+02 2.000000e+01 4.142862e+02
      vertex   1.658978e+02 2.000000e+01 4.140746e+02
      vertex   1.655746e+02 2.000000e+01 4.142862e+02
    endloop
  endfacet
  facet normal 0.000000e+00 -1.000000e+00 0.000000e+00
    outer loop
      vertex   1.604254e+02 2.000000e+01 4.142862e+02
      vertex   1.655746e+02 2.000000e+01 4.142862e+02
      vertex   1.607639e+02 2.000000e+01 4.144721e+02
    endloop
  endfacet
  facet normal 0.000000e+00 -1.000000e+00 0.000000e+00
    outer loop
      vertex   1.607639e+02 2.000000e+01 4.144721e+02
      vertex   1.655746e+02 2.000000e+01 4.142862e+02
      vertex   1.652361e+02 2.000000e+01 4.144721e+02
    endloop
  endfacet
  facet normal 0.000000e+00 -1.000000e+00 0.000000e+00
    outer loop
      vertex   1.607639e+02 2.000000e+01 4.144721e+02
      vertex   1.652361e+02 2.000000e+01 4.144721e+02
      vertex   1.611158e+02 2.000000e+01 4.146314e+02
    endloop
  endfacet
  facet normal 0.000000e+00 -1.000000e+00 0.000000e+00
    outer loop
      vertex   1.611158e+02 2.000000e+01 4.146314e+02
      vertex   1.652361e+02 2.000000e+01 4.144721e+02
      vertex   1.648842e+02 2.000000e+01 4.146314e+02
    endloop
  endfacet
  facet normal 0.000000e+00 -1.000000e+00 0.000000e+00
    outer loop
      vertex   1.611158e+02 2.000000e+01 4.146314e+02
      vertex   1.648842e+02 2.000000e+01 4.146314e+02
      vertex   1.614790e+02 2.000000e+01 4.147630e+02
    endloop
  endfacet
  facet normal 0.000000e+00 -1.000000e+00 0.000000e+00
    outer loop
      vertex   1.614790e+02 2.000000e+01 4.147630e+02
      vertex   1.648842e+02 2.000000e+01 4.146314e+02
      vertex   1.645210e+02 2.000000e+01 4.147630e+02
    endloop
  endfacet
  facet normal 0.000000e+00 -1.000000e+00 0.000000e+00
    outer loop
      vertex   1.614790e+02 2.000000e+01 4.147630e+02
      vertex   1.645210e+02 2.000000e+01 4.147630e+02
      vertex   1.618512e+02 2.000000e+01 4.148662e+02
    endloop
  endfacet
  facet normal 0.000000e+00 -1.000000e+00 0.000000e+00
    outer loop
      vertex   1.618512e+02 2.000000e+01 4.148662e+02
      vertex   1.645210e+02 2.000000e+01 4.147630e+02
      vertex   1.641488e+02 2.000000e+01 4.148662e+02
    endloop
  endfacet
  facet normal 0.000000e+00 -1.000000e+00 0.000000e+00
    outer loop
      vertex   1.618512e+02 2.000000e+01 4.148662e+02
      vertex   1.641488e+02 2.000000e+01 4.148662e+02
      vertex   1.622303e+02 2.000000e+01 4.149404e+02
    endloop
  endfacet
  facet normal 0.000000e+00 -1.000000e+00 0.000000e+00
    outer loop
      vertex   1.622303e+02 2.000000e+01 4.149404e+02
      vertex   1.641488e+02 2.000000e+01 4.148662e+02
      vertex   1.637697e+02 2.000000e+01 4.149404e+02
    endloop
  endfacet
  facet normal 0.000000e+00 -1.000000e+00 0.000000e+00
    outer loop
      vertex   1.622303e+02 2.000000e+01 4.149404e+02
      vertex   1.637697e+02 2.000000e+01 4.149404e+02
      vertex   1.626140e+02 2.000000e+01 4.149851e+02
    endloop
  endfacet
  facet normal 0.000000e+00 -1.000000e+00 0.000000e+00
    outer loop
      vertex   1.626140e+02 2.000000e+01 4.149851e+02
      vertex   1.637697e+02 2.000000e+01 4.149404e+02
      vertex   1.633860e+02 2.000000e+01 4.149851e+02
    endloop
  endfacet
  facet normal 0.000000e+00 -1.000000e+00 0.000000e+00
    outer loop
      vertex   1.626140e+02 2.000000e+01 4.149851e+02
      vertex   1.633860e+02 2.000000e+01 4.149851e+02
      vertex   1.630000e+02 2.000000e+01 4.150000e+02
    endloop
  endfacet
  facet normal 1.323489e-23 -1.000000e+00 -5.843593e-08
    outer loop
      vertex   1.930000e+02 1.227162e-07 4.030000e+02
      vertex   1.950000e+02 5.844342e-09 4.050000e+02
      vertex   1.550000e+02 1.227162e-07 4.030000e+02
    endloop
  endfacet
  facet normal 4.659756e-17 -1.000000e+00 -5.843593e-08
    outer loop
      vertex   1.550000e+02 1.227162e-07 4.030000e+02
      vertex   1.950000e+02 5.844342e-09 4.050000e+02
      vertex   1.530000e+02 5.844340e-09 4.050000e+02
    endloop
  endfacet
  facet normal 4.659756e-17 -1.000000e+00 -5.843590e-08
    outer loop
      vertex   1.530000e+02 5.844340e-09 4.050000e+02
      vertex   1.950000e+02 5.844342e-09 4.050000e+02
      vertex   1.530000e+02 -1.421085e-13 4.051000e+02
    endloop
  endfacet
  facet normal 0.000000e+00 -1.000000e+00 -5.843592e-08
    outer loop
      vertex   1.530000e+02 -1.421085e-13 4.051000e+02
      vertex   1.950000e+02 5.844342e-09 4.050000e+02
      vertex   1.950000e+02 -1.421085e-13 4.051000e+02
    endloop
  endfacet
  facet normal -9.985334e-01 0.000000e+00 5.413891e-02
    outer loop
      vertex   1.875848e+02 7.000000e+00 4.097189e+02
      vertex   1.875848e+02 3.500000e+00 4.097189e+02
      vertex   1.876000e+02 7.000000e+00 4.100000e+02
    endloop
  endfacet
  facet normal -9.985334e-01 0.000000e+00 5.413891e-02
    outer loop
      vertex   1.876000e+02 7.000000e+00 4.100000e+02
      vertex   1.875848e+02 3.500000e+00 4.097189e+02
      vertex   1.876000e+02 3.500000e+00 4.100000e+02
    endloop
  endfacet
  facet normal -9.985334e-01 -0.000000e+00 -5.413891e-02
    outer loop
      vertex   1.876000e+02 7.000000e+00 4.100000e+02
      vertex   1.876000e+02 3.500000e+00 4.100000e+02
      vertex   1.875848e+02 7.000000e+00 4.102811e+02
    endloop
  endfacet
  facet normal -9.985334e-01 -0.000000e+00 -5.413891e-02
    outer loop
      vertex   1.875848e+02 7.000000e+00 4.102811e+02
      vertex   1.876000e+02 3.500000e+00 4.100000e+02
      vertex   1.875848e+02 3.500000e+00 4.102811e+02
    endloop
  endfacet
  facet normal -9.868265e-01 -0.000000e+00 -1.617820e-01
    outer loop
      vertex   1.875848e+02 7.000000e+00 4.102811e+02
      vertex   1.875848e+02 3.500000e+00 4.102811e+02
      vertex   1.875392e+02 7.000000e+00 4.105589e+02
    endloop
  endfacet
  facet normal -9.868265e-01 -0.000000e+00 -1.617820e-01
    outer loop
      vertex   1.875392e+02 7.000000e+00 4.105589e+02
      vertex   1.875848e+02 3.500000e+00 4.102811e+02
      vertex   1.875392e+02 3.500000e+00 4.105589e+02
    endloop
  endfacet
  facet normal -9.635500e-01 -0.000000e+00 -2.675283e-01
    outer loop
      vertex   1.875392e+02 7.000000e+00 4.105589e+02
      vertex   1.875392e+02 3.500000e+00 4.105589e+02
      vertex   1.874639e+02 7.000000e+00 4.108302e+02
    endloop
  endfacet
  facet normal -9.635500e-01 -0.000000e+00 -2.675283e-01
    outer loop
      vertex   1.874639e+02 7.000000e+00 4.108302e+02
      vertex   1.875392e+02 3.500000e+00 4.105589e+02
      vertex   1.874639e+02 3.500000e+00 4.108302e+02
    endloop
  endfacet
  facet normal -9.289767e-01 -0.000000e+00 -3.701382e-01
    outer loop
      vertex   1.874639e+02 7.000000e+00 4.108302e+02
      vertex   1.874639e+02 3.500000e+00 4.108302e+02
      vertex   1.873597e+02 7.000000e+00 4.110917e+02
    endloop
  endfacet
  facet normal -9.289767e-01 -0.000000e+00 -3.701382e-01
    outer loop
      vertex   1.873597e+02 7.000000e+00 4.110917e+02
      vertex   1.874639e+02 3.500000e+00 4.108302e+02
      vertex   1.873597e+02 3.500000e+00 4.110917e+02
    endloop
  endfacet
  facet normal -8.835120e-01 -0.000000e+00 -4.684084e-01
    outer loop
      vertex   1.873597e+02 7.000000e+00 4.110917e+02
      vertex   1.873597e+02 3.500000e+00 4.110917e+02
      vertex   1.872278e+02 7.000000e+00 4.113404e+02
    endloop
  endfacet
  facet normal -8.835120e-01 -0.000000e+00 -4.684084e-01
    outer loop
      vertex   1.872278e+02 7.000000e+00 4.113404e+02
      vertex   1.873597e+02 3.500000e+00 4.110917e+02
      vertex   1.872278e+02 3.500000e+00 4.113404e+02
    endloop
  endfacet
  facet normal -8.276890e-01 -0.000000e+00 -5.611871e-01
    outer loop
      vertex   1.872278e+02 7.000000e+00 4.113404e+02
      vertex   1.872278e+02 3.500000e+00 4.113404e+02
      vertex   1.870698e+02 7.000000e+00 4.115735e+02
    endloop
  endfacet
  facet normal -8.276890e-01 -0.000000e+00 -5.611871e-01
    outer loop
      vertex   1.870698e+02 7.000000e+00 4.115735e+02
      vertex   1.872278e+02 3.500000e+00 4.113404e+02
      vertex   1.870698e+02 3.500000e+00 4.115735e+02
    endloop
  endfacet
  facet normal -7.621621e-01 -0.000000e+00 -6.473863e-01
    outer loop
      vertex   1.870698e+02 7.000000e+00 4.115735e+02
      vertex   1.870698e+02 3.500000e+00 4.115735e+02
      vertex   1.868876e+02 7.000000e+00 4.117880e+02
    endloop
  endfacet
  facet normal -7.621621e-01 -0.000000e+00 -6.473863e-01
    outer loop
      vertex   1.868876e+02 7.000000e+00 4.117880e+02
      vertex   1.870698e+02 3.500000e+00 4.115735e+02
      vertex   1.868876e+02 3.500000e+00 4.117880e+02
    endloop
  endfacet
  facet normal -6.876995e-01 -0.000000e+00 -7.259955e-01
    outer loop
      vertex   1.868876e+02 7.000000e+00 4.117880e+02
      vertex   1.868876e+02 3.500000e+00 4.117880e+02
      vertex   1.866832e+02 7.000000e+00 4.119816e+02
    endloop
  endfacet
  facet normal -6.876995e-01 -0.000000e+00 -7.259955e-01
    outer loop
      vertex   1.866832e+02 7.000000e+00 4.119816e+02
      vertex   1.868876e+02 3.500000e+00 4.117880e+02
      vertex   1.866832e+02 3.500000e+00 4.119816e+02
    endloop
  endfacet
  facet normal -6.051742e-01 -0.000000e+00 -7.960931e-01
    outer loop
      vertex   1.866832e+02 7.000000e+00 4.119816e+02
      vertex   1.866832e+02 3.500000e+00 4.119816e+02
      vertex   1.864591e+02 7.000000e+00 4.121520e+02
    endloop
  endfacet
  facet normal -6.051742e-01 -0.000000e+00 -7.960931e-01
    outer loop
      vertex   1.864591e+02 7.000000e+00 4.121520e+02
      vertex   1.866832e+02 3.500000e+00 4.119816e+02
      vertex   1.864591e+02 3.500000e+00 4.121520e+02
    endloop
  endfacet
  facet normal -5.155539e-01 -0.000000e+00 -8.568572e-01
    outer loop
      vertex   1.864591e+02 7.000000e+00 4.121520e+02
      vertex   1.864591e+02 3.500000e+00 4.121520e+02
      vertex   1.862179e+02 7.000000e+00 4.122971e+02
    endloop
  endfacet
  facet normal -5.155539e-01 -0.000000e+00 -8.568572e-01
    outer loop
      vertex   1.862179e+02 7.000000e+00 4.122971e+02
      vertex   1.864591e+02 3.500000e+00 4.121520e+02
      vertex   1.862179e+02 3.500000e+00 4.122971e+02
    endloop
  endfacet
  facet normal -4.198891e-01 -0.000000e+00 -9.075754e-01
    outer loop
      vertex   1.862179e+02 7.000000e+00 4.122971e+02
      vertex   1.862179e+02 3.500000e+00 4.122971e+02
      vertex   1.859624e+02 7.000000e+00 4.124153e+02
    endloop
  endfacet
  facet normal -4.198891e-01 -0.000000e+00 -9.075754e-01
    outer loop
      vertex   1.859624e+02 7.000000e+00 4.124153e+02
      vertex   1.862179e+02 3.500000e+00 4.122971e+02
      vertex   1.859624e+02 3.500000e+00 4.124153e+02
    endloop
  endfacet
  facet normal -3.193015e-01 -0.000000e+00 -9.476532e-01
    outer loop
      vertex   1.859624e+02 7.000000e+00 4.124153e+02
      vertex   1.859624e+02 3.500000e+00 4.124153e+02
      vertex   1.856956e+02 7.000000e+00 4.125052e+02
    endloop
  endfacet
  facet normal -3.193015e-01 -0.000000e+00 -9.476532e-01
    outer loop
      vertex   1.856956e+02 7.000000e+00 4.125052e+02
      vertex   1.859624e+02 3.500000e+00 4.124153e+02
      vertex   1.856956e+02 3.500000e+00 4.125052e+02
    endloop
  endfacet
  facet normal -2.149704e-01 -0.000000e+00 -9.766206e-01
    outer loop
      vertex   1.856956e+02 7.000000e+00 4.125052e+02
      vertex   1.856956e+02 3.500000e+00 4.125052e+02
      vertex   1.854206e+02 7.000000e+00 4.125657e+02
    endloop
  endfacet
  facet normal -2.149704e-01 -0.000000e+00 -9.766206e-01
    outer loop
      vertex   1.854206e+02 7.000000e+00 4.125657e+02
      vertex   1.856956e+02 3.500000e+00 4.125052e+02
      vertex   1.854206e+02 3.500000e+00 4.125657e+02
    endloop
  endfacet
  facet normal -1.081190e-01 -0.000000e+00 -9.941380e-01
    outer loop
      vertex   1.854206e+02 7.000000e+00 4.125657e+02
      vertex   1.854206e+02 3.500000e+00 4.125657e+02
      vertex   1.851408e+02 7.000000e+00 4.125962e+02
    endloop
  endfacet
  facet normal -1.081190e-01 -0.000000e+00 -9.941380e-01
    outer loop
      vertex   1.851408e+02 7.000000e+00 4.125962e+02
      vertex   1.854206e+02 3.500000e+00 4.125657e+02
      vertex   1.851408e+02 3.500000e+00 4.125962e+02
    endloop
  endfacet
  facet normal -0.000000e+00 -0.000000e+00 -1.000000e+00
    outer loop
      vertex   1.851408e+02 7.000000e+00 4.125962e+02
      vertex   1.851408e+02 3.500000e+00 4.125962e+02
      vertex   1.848592e+02 7.000000e+00 4.125962e+02
    endloop
  endfacet
  facet normal 0.000000e+00 0.000000e+00 -1.000000e+00
    outer loop
      vertex   1.848592e+02 7.000000e+00 4.125962e+02
      vertex   1.851408e+02 3.500000e+00 4.125962e+02
      vertex   1.848592e+02 3.500000e+00 4.125962e+02
    endloop
  endfacet
  facet normal 1.081190e-01 0.000000e+00 -9.941380e-01
    outer loop
      vertex   1.848592e+02 7.000000e+00 4.125962e+02
      vertex   1.848592e+02 3.500000e+00 4.125962e+02
      vertex   1.845794e+02 7.000000e+00 4.125657e+02
    endloop
  endfacet
  facet normal 1.081190e-01 0.000000e+00 -9.941380e-01
    outer loop
      vertex   1.845794e+02 7.000000e+00 4.125657e+02
      vertex   1.848592e+02 3.500000e+00 4.125962e+02
      vertex   1.845794e+02 3.500000e+00 4.125657e+02
    endloop
  endfacet
  facet normal 2.149704e-01 0.000000e+00 -9.766206e-01
    outer loop
      vertex   1.845794e+02 7.000000e+00 4.125657e+02
      vertex   1.845794e+02 3.500000e+00 4.125657e+02
      vertex   1.843044e+02 7.000000e+00 4.125052e+02
    endloop
  endfacet
  facet normal 2.149704e-01 0.000000e+00 -9.766206e-01
    outer loop
      vertex   1.843044e+02 7.000000e+00 4.125052e+02
      vertex   1.845794e+02 3.500000e+00 4.125657e+02
      vertex   1.843044e+02 3.500000e+00 4.125052e+02
    endloop
  endfacet
  facet normal 3.193015e-01 0.000000e+00 -9.476532e-01
    outer loop
      vertex   1.843044e+02 7.000000e+00 4.125052e+02
      vertex   1.843044e+02 3.500000e+00 4.125052e+02
      vertex   1.840376e+02 7.000000e+00 4.124153e+02
    endloop
  endfacet
  facet normal 3.193015e-01 0.000000e+00 -9.476532e-01
    outer loop
      vertex   1.840376e+02 7.000000e+00 4.124153e+02
      vertex   1.843044e+02 3.500000e+00 4.125052e+02
      vertex   1.840376e+02 3.500000e+00 4.124153e+02
    endloop
  endfacet
  facet normal 4.198891e-01 0.000000e+00 -9.075754e-01
    outer loop
      vertex   1.840376e+02 7.000000e+00 4.124153e+02
      vertex   1.840376e+02 3.500000e+00 4.124153e+02
      vertex   1.837821e+02 7.000000e+00 4.122971e+02
    endloop
  endfacet
  facet normal 4.198891e-01 0.000000e+00 -9.075754e-01
    outer loop
      vertex   1.837821e+02 7.000000e+00 4.122971e+02
      vertex   1.840376e+02 3.500000e+00 4.124153e+02
      vertex   1.837821e+02 3.500000e+00 4.122971e+02
    endloop
  endfacet
  facet normal 5.155539e-01 0.000000e+00 -8.568572e-01
    outer loop
      vertex   1.837821e+02 7.000000e+00 4.122971e+02
      vertex   1.837821e+02 3.500000e+00 4.122971e+02
      vertex   1.835409e+02 7.000000e+00 4.121520e+02
    endloop
  endfacet
  facet normal 5.155539e-01 0.000000e+00 -8.568572e-01
    outer loop
      vertex   1.835409e+02 7.000000e+00 4.121520e+02
      vertex   1.837821e+02 3.500000e+00 4.122971e+02
      vertex   1.835409e+02 3.500000e+00 4.121520e+02
    endloop
  endfacet
  facet normal 6.051742e-01 0.000000e+00 -7.960931e-01
    outer loop
      vertex   1.835409e+02 7.000000e+00 4.121520e+02
      vertex   1.835409e+02 3.500000e+00 4.121520e+02
      vertex   1.833168e+02 7.000000e+00 4.119816e+02
    endloop
  endfacet
  facet normal 6.051742e-01 0.000000e+00 -7.960931e-01
    outer loop
      vertex   1.833168e+02 7.000000e+00 4.119816e+02
      vertex   1.835409e+02 3.500000e+00 4.121520e+02
      vertex   1.833168e+02 3.500000e+00 4.119816e+02
    endloop
  endfacet
  facet normal 6.876995e-01 0.000000e+00 -7.259955e-01
    outer loop
      vertex   1.833168e+02 7.000000e+00 4.119816e+02
      vertex   1.833168e+02 3.500000e+00 4.119816e+02
      vertex   1.831124e+02 7.000000e+00 4.117880e+02
    endloop
  endfacet
  facet normal 6.876995e-01 0.000000e+00 -7.259955e-01
    outer loop
      vertex   1.831124e+02 7.000000e+00 4.117880e+02
      vertex   1.833168e+02 3.500000e+00 4.119816e+02
      vertex   1.831124e+02 3.500000e+00 4.117880e+02
    endloop
  endfacet
  facet normal 7.621621e-01 0.000000e+00 -6.473863e-01
    outer loop
      vertex   1.831124e+02 7.000000e+00 4.117880e+02
      vertex   1.831124e+02 3.500000e+00 4.117880e+02
      vertex   1.829302e+02 7.000000e+00 4.115735e+02
    endloop
  endfacet
  facet normal 7.621621e-01 0.000000e+00 -6.473863e-01
    outer loop
      vertex   1.829302e+02 7.000000e+00 4.115735e+02
      vertex   1.831124e+02 3.500000e+00 4.117880e+02
      vertex   1.829302e+02 3.500000e+00 4.115735e+02
    endloop
  endfacet
  facet normal 8.276890e-01 0.000000e+00 -5.611871e-01
    outer loop
      vertex   1.829302e+02 7.000000e+00 4.115735e+02
      vertex   1.829302e+02 3.500000e+00 4.115735e+02
      vertex   1.827722e+02 7.000000e+00 4.113404e+02
    endloop
  endfacet
  facet normal 8.276890e-01 0.000000e+00 -5.611871e-01
    outer loop
      vertex   1.827722e+02 7.000000e+00 4.113404e+02
      vertex   1.829302e+02 3.500000e+00 4.115735e+02
      vertex   1.827722e+02 3.500000e+00 4.113404e+02
    endloop
  endfacet
  facet normal 8.835120e-01 0.000000e+00 -4.684084e-01
    outer loop
      vertex   1.827722e+02 7.000000e+00 4.113404e+02
      vertex   1.827722e+02 3.500000e+00 4.113404e+02
      vertex   1.826403e+02 7.000000e+00 4.110917e+02
    endloop
  endfacet
  facet normal 8.835120e-01 0.000000e+00 -4.684084e-01
    outer loop
      vertex   1.826403e+02 7.000000e+00 4.110917e+02
      vertex   1.827722e+02 3.500000e+00 4.113404e+02
      vertex   1.826403e+02 3.500000e+00 4.110917e+02
    endloop
  endfacet
  facet normal 9.289767e-01 0.000000e+00 -3.701382e-01
    outer loop
      vertex   1.826403e+02 7.000000e+00 4.110917e+02
      vertex   1.826403e+02 3.500000e+00 4.110917e+02
      vertex   1.825361e+02 7.000000e+00 4.108302e+02
    endloop
  endfacet
  facet normal 9.289767e-01 0.000000e+00 -3.701382e-01
    outer loop
      vertex   1.825361e+02 7.000000e+00 4.108302e+02
      vertex   1.826403e+02 3.500000e+00 4.110917e+02
      vertex   1.825361e+02 3.500000e+00 4.108302e+02
    endloop
  endfacet
  facet normal 9.635500e-01 0.000000e+00 -2.675283e-01
    outer loop
      vertex   1.825361e+02 7.000000e+00 4.108302e+02
      vertex   1.825361e+02 3.500000e+00 4.108302e+02
      vertex   1.824608e+02 7.000000e+00 4.105589e+02
    endloop
  endfacet
  facet normal 9.635500e-01 0.000000e+00 -2.675283e-01
    outer loop
      vertex   1.824608e+02 7.000000e+00 4.105589e+02
      vertex   1.825361e+02 3.500000e+00 4.108302e+02
      vertex   1.824608e+02 3.500000e+00 4.105589e+02
    endloop
  endfacet
  facet normal 9.868265e-01 0.000000e+00 -1.617820e-01
    outer loop
      vertex   1.824608e+02 7.000000e+00 4.105589e+02
      vertex   1.824608e+02 3.500000e+00 4.105589e+02
      vertex   1.824152e+02 7.000000e+00 4.102811e+02
    endloop
  endfacet
  facet normal 9.868265e-01 0.000000e+00 -1.617820e-01
    outer loop
      vertex   1.824152e+02 7.000000e+00 4.102811e+02
      vertex   1.824608e+02 3.500000e+00 4.105589e+02
      vertex   1.824152e+02 3.500000e+00 4.102811e+02
    endloop
  endfacet
  facet normal 9.985334e-01 0.000000e+00 -5.413891e-02
    outer loop
      vertex   1.824152e+02 7.000000e+00 4.102811e+02
      vertex   1.824152e+02 3.500000e+00 4.102811e+02
      vertex   1.824000e+02 7.000000e+00 4.100000e+02
    endloop
  endfacet
  facet normal 9.985334e-01 0.000000e+00 -5.413891e-02
    outer loop
      vertex   1.824000e+02 7.000000e+00 4.100000e+02
      vertex   1.824152e+02 3.500000e+00 4.102811e+02
      vertex   1.824000e+02 3.500000e+00 4.100000e+02
    endloop
  endfacet
  facet normal 9.985334e-01 0.000000e+00 5.413891e-02
    outer loop
      vertex   1.824000e+02 7.000000e+00 4.100000e+02
      vertex   1.824000e+02 3.500000e+00 4.100000e+02
      vertex   1.824152e+02 7.000000e+00 4.097189e+02
    endloop
  endfacet
  facet normal 9.985334e-01 0.000000e+00 5.413891e-02
    outer loop
      vertex   1.824152e+02 7.000000e+00 4.097189e+02
      vertex   1.824000e+02 3.500000e+00 4.100000e+02
      vertex   1.824152e+02 3.500000e+00 4.097189e+02
    endloop
  endfacet
  facet normal 9.868265e-01 0.000000e+00 1.617820e-01
    outer loop
      vertex   1.824152e+02 7.000000e+00 4.097189e+02
      vertex   1.824152e+02 3.500000e+00 4.097189e+02
      vertex   1.824608e+02 7.000000e+00 4.094411e+02
    endloop
  endfacet
  facet normal 9.868265e-01 0.000000e+00 1.617820e-01
    outer loop
      vertex   1.824608e+02 7.000000e+00 4.094411e+02
      vertex   1.824152e+02 3.500000e+00 4.097189e+02
      vertex   1.824608e+02 3.500000e+00 4.094411e+02
    endloop
  endfacet
  facet normal 9.635500e-01 0.000000e+00 2.675283e-01
    outer loop
      vertex   1.824608e+02 7.000000e+00 4.094411e+02
      vertex   1.824608e+02 3.500000e+00 4.094411e+02
      vertex   1.825361e+02 7.000000e+00 4.091698e+02
    endloop
  endfacet
  facet normal 9.635500e-01 0.000000e+00 2.675283e-01
    outer loop
      vertex   1.825361e+02 7.000000e+00 4.091698e+02
      vertex   1.824608e+02 3.500000e+00 4.094411e+02
      vertex   1.825361e+02 3.500000e+00 4.091698e+02
    endloop
  endfacet
  facet normal 9.289767e-01 0.000000e+00 3.701382e-01
    outer loop
      vertex   1.825361e+02 7.000000e+00 4.091698e+02
      vertex   1.825361e+02 3.500000e+00 4.091698e+02
      vertex   1.826403e+02 7.000000e+00 4.089083e+02
    endloop
  endfacet
  facet normal 9.289767e-01 0.000000e+00 3.701382e-01
    outer loop
      vertex   1.826403e+02 7.000000e+00 4.089083e+02
      vertex   1.825361e+02 3.500000e+00 4.091698e+02
      vertex   1.826403e+02 3.500000e+00 4.089083e+02
    endloop
  endfacet
  facet normal 8.835120e-01 0.000000e+00 4.684084e-01
    outer loop
      vertex   1.826403e+02 7.000000e+00 4.089083e+02
      vertex   1.826403e+02 3.500000e+00 4.089083e+02
      vertex   1.827722e+02 7.000000e+00 4.086596e+02
    endloop
  endfacet
  facet normal 8.835120e-01 0.000000e+00 4.684084e-01
    outer loop
      vertex   1.827722e+02 7.000000e+00 4.086596e+02
      vertex   1.826403e+02 3.500000e+00 4.089083e+02
      vertex   1.827722e+02 3.500000e+00 4.086596e+02
    endloop
  endfacet
  facet normal 8.276890e-01 0.000000e+00 5.611871e-01
    outer loop
      vertex   1.827722e+02 7.000000e+00 4.086596e+02
      vertex   1.827722e+02 3.500000e+00 4.086596e+02
      vertex   1.829302e+02 7.000000e+00 4.084265e+02
    endloop
  endfacet
  facet normal 8.276890e-01 0.000000e+00 5.611871e-01
    outer loop
      vertex   1.829302e+02 7.000000e+00 4.084265e+02
      vertex   1.827722e+02 3.500000e+00 4.086596e+02
      vertex   1.829302e+02 3.500000e+00 4.084265e+02
    endloop
  endfacet
  facet normal 7.621621e-01 0.000000e+00 6.473863e-01
    outer loop
      vertex   1.829302e+02 7.000000e+00 4.084265e+02
      vertex   1.829302e+02 3.500000e+00 4.084265e+02
      vertex   1.831124e+02 7.000000e+00 4.082120e+02
    endloop
  endfacet
  facet normal 7.621621e-01 0.000000e+00 6.473863e-01
    outer loop
      vertex   1.831124e+02 7.000000e+00 4.082120e+02
      vertex   1.829302e+02 3.500000e+00 4.084265e+02
      vertex   1.831124e+02 3.500000e+00 4.082120e+02
    endloop
  endfacet
  facet normal 6.876995e-01 0.000000e+00 7.259955e-01
    outer loop
      vertex   1.831124e+02 7.000000e+00 4.082120e+02
      vertex   1.831124e+02 3.500000e+00 4.082120e+02
      vertex   1.833168e+02 7.000000e+00 4.080184e+02
    endloop
  endfacet
  facet normal 6.876995e-01 0.000000e+00 7.259955e-01
    outer loop
      vertex   1.833168e+02 7.000000e+00 4.080184e+02
      vertex   1.831124e+02 3.500000e+00 4.082120e+02
      vertex   1.833168e+02 3.500000e+00 4.080184e+02
    endloop
  endfacet
  facet normal 6.051742e-01 0.000000e+00 7.960931e-01
    outer loop
      vertex   1.833168e+02 7.000000e+00 4.080184e+02
      vertex   1.833168e+02 3.500000e+00 4.080184e+02
      vertex   1.835409e+02 7.000000e+00 4.078480e+02
    endloop
  endfacet
  facet normal 6.051742e-01 0.000000e+00 7.960931e-01
    outer loop
      vertex   1.835409e+02 7.000000e+00 4.078480e+02
      vertex   1.833168e+02 3.500000e+00 4.080184e+02
      vertex   1.835409e+02 3.500000e+00 4.078480e+02
    endloop
  endfacet
  facet normal 5.155539e-01 0.000000e+00 8.568572e-01
    outer loop
      vertex   1.835409e+02 7.000000e+00 4.078480e+02
      vertex   1.835409e+02 3.500000e+00 4.078480e+02
      vertex   1.837821e+02 7.000000e+00 4.077029e+02
    endloop
  endfacet
  facet normal 5.155539e-01 0.000000e+00 8.568572e-01
    outer loop
      vertex   1.837821e+02 7.000000e+00 4.077029e+02
      vertex   1.835409e+02 3.500000e+00 4.078480e+02
      vertex   1.837821e+02 3.500000e+00 4.077029e+02
    endloop
  endfacet
  facet normal 4.198891e-01 0.000000e+00 9.075754e-01
    outer loop
      vertex   1.837821e+02 7.000000e+00 4.077029e+02
      vertex   1.837821e+02 3.500000e+00 4.077029e+02
      vertex   1.840376e+02 7.000000e+00 4.075847e+02
    endloop
  endfacet
  facet normal 4.198891e-01 0.000000e+00 9.075754e-01
    outer loop
      vertex   1.840376e+02 7.000000e+00 4.075847e+02
      vertex   1.837821e+02 3.500000e+00 4.077029e+02
      vertex   1.840376e+02 3.500000e+00 4.075847e+02
    endloop
  endfacet
  facet normal 3.193015e-01 0.000000e+00 9.476532e-01
    outer loop
      vertex   1.840376e+02 7.000000e+00 4.075847e+02
      vertex   1.840376e+02 3.500000e+00 4.075847e+02
      vertex   1.843044e+02 7.000000e+00 4.074948e+02
    endloop
  endfacet
  facet normal 3.193015e-01 0.000000e+00 9.476532e-01
    outer loop
      vertex   1.843044e+02 7.000000e+00 4.074948e+02
      vertex   1.840376e+02 3.500000e+00 4.075847e+02
      vertex   1.843044e+02 3.500000e+00 4.074948e+02
    endloop
  endfacet
  facet normal 2.149704e-01 0.000000e+00 9.766206e-01
    outer loop
      vertex   1.843044e+02 7.000000e+00 4.074948e+02
      vertex   1.843044e+02 3.500000e+00 4.074948e+02
      vertex   1.845794e+02 7.000000e+00 4.074343e+02
    endloop
  endfacet
  facet normal 2.149704e-01 0.000000e+00 9.766206e-01
    outer loop
      vertex   1.845794e+02 7.000000e+00 4.074343e+02
      vertex   1.843044e+02 3.500000e+00 4.074948e+02
      vertex   1.845794e+02 3.500000e+00 4.074343e+02
    endloop
  endfacet
  facet normal 1.081190e-01 0.000000e+00 9.941380e-01
    outer loop
      vertex   1.845794e+02 7.000000e+00 4.074343e+02
      vertex   1.845794e+02 3.500000e+00 4.074343e+02
      vertex   1.848592e+02 7.000000e+00 4.074038e+02
    endloop
  endfacet
  facet normal 1.081190e-01 0.000000e+00 9.941380e-01
    outer loop
      vertex   1.848592e+02 7.000000e+00 4.074038e+02
      vertex   1.845794e+02 3.500000e+00 4.074343e+02
      vertex   1.848592e+02 3.500000e+00 4.074038e+02
    endloop
  endfacet
  facet normal -0.000000e+00 0.000000e+00 1.000000e+00
    outer loop
      vertex   1.848592e+02 7.000000e+00 4.074038e+02
      vertex   1.848592e+02 3.500000e+00 4.074038e+02
      vertex   1.851408e+02 7.000000e+00 4.074038e+02
    endloop
  endfacet
  facet normal 0.000000e+00 0.000000e+00 1.000000e+00
    outer loop
      vertex   1.851408e+02 7.000000e+00 4.074038e+02
      vertex   1.848592e+02 3.500000e+00 4.074038e+02
      vertex   1.851408e+02 3.500000e+00 4.074038e+02
    endloop
  endfacet
  facet normal -1.081190e-01 0.000000e+00 9.941380e-01
    outer loop
      vertex   1.851408e+02 7.000000e+00 4.074038e+02
      vertex   1.851408e+02 3.500000e+00 4.074038e+02
      vertex   1.854206e+02 7.000000e+00 4.074343e+02
    endloop
  endfacet
  facet normal -1.081190e-01 0.000000e+00 9.941380e-01
    outer loop
      vertex   1.854206e+02 7.000000e+00 4.074343e+02
      vertex   1.851408e+02 3.500000e+00 4.074038e+02
      vertex   1.854206e+02 3.500000e+00 4.074343e+02
    endloop
  endfacet
  facet normal -2.149704e-01 0.000000e+00 9.766206e-01
    outer loop
      vertex   1.854206e+02 7.000000e+00 4.074343e+02
      vertex   1.854206e+02 3.500000e+00 4.074343e+02
      vertex   1.856956e+02 7.000000e+00 4.074948e+02
    endloop
  endfacet
  facet normal -2.149704e-01 0.000000e+00 9.766206e-01
    outer loop
      vertex   1.856956e+02 7.000000e+00 4.074948e+02
      vertex   1.854206e+02 3.500000e+00 4.074343e+02
      vertex   1.856956e+02 3.500000e+00 4.074948e+02
    endloop
  endfacet
  facet normal -3.193015e-01 0.000000e+00 9.476532e-01
    outer loop
      vertex   1.856956e+02 7.000000e+00 4.074948e+02
      vertex   1.856956e+02 3.500000e+00 4.074948e+02
      vertex   1.859624e+02 7.000000e+00 4.075847e+02
    endloop
  endfacet
  facet normal -3.193015e-01 0.000000e+00 9.476532e-01
    outer loop
      vertex   1.859624e+02 7.000000e+00 4.075847e+02
      vertex   1.856956e+02 3.500000e+00 4.074948e+02
      vertex   1.859624e+02 3.500000e+00 4.075847e+02
    endloop
  endfacet
  facet normal -4.198891e-01 0.000000e+00 9.075754e-01
    outer loop
      vertex   1.859624e+02 7.000000e+00 4.075847e+02
      vertex   1.859624e+02 3.500000e+00 4.075847e+02
      vertex   1.862179e+02 7.000000e+00 4.077029e+02
    endloop
  endfacet
  facet normal -4.198891e-01 0.000000e+00 9.075754e-01
    outer loop
      vertex   1.862179e+02 7.000000e+00 4.077029e+02
      vertex   1.859624e+02 3.500000e+00 4.075847e+02
      vertex   1.862179e+02 3.500000e+00 4.077029e+02
    endloop
  endfacet
  facet normal -5.155539e-01 0.000000e+00 8.568572e-01
    outer loop
      vertex   1.862179e+02 7.000000e+00 4.077029e+02
      vertex   1.862179e+02 3.500000e+00 4.077029e+02
      vertex   1.864591e+02 7.000000e+00 4.078480e+02
    endloop
  endfacet
  facet normal -5.155539e-01 0.000000e+00 8.568572e-01
    outer loop
      vertex   1.864591e+02 7.000000e+00 4.078480e+02
      vertex   1.862179e+02 3.500000e+00 4.077029e+02
      vertex   1.864591e+02 3.500000e+00 4.078480e+02
    endloop
  endfacet
  facet normal -6.051742e-01 0.000000e+00 7.960931e-01
    outer loop
      vertex   1.864591e+02 7.000000e+00 4.078480e+02
      vertex   1.864591e+02 3.500000e+00 4.078480e+02
      vertex   1.866832e+02 7.000000e+00 4.080184e+02
    endloop
  endfacet
  facet normal -6.051742e-01 0.000000e+00 7.960931e-01
    outer loop
      vertex   1.866832e+02 7.000000e+00 4.080184e+02
      vertex   1.864591e+02 3.500000e+00 4.078480e+02
      vertex   1.866832e+02 3.500000e+00 4.080184e+02
    endloop
  endfacet
  facet normal -6.876995e-01 0.000000e+00 7.259955e-01
    outer loop
      vertex   1.866832e+02 7.000000e+00 4.080184e+02
      vertex   1.866832e+02 3.500000e+00 4.080184e+02
      vertex   1.868876e+02 7.000000e+00 4.082120e+02
    endloop
  endfacet
  facet normal -6.876995e-01 0.000000e+00 7.259955e-01
    outer loop
      vertex   1.868876e+02 7.000000e+00 4.082120e+02
      vertex   1.866832e+02 3.500000e+00 4.080184e+02
      vertex   1.868876e+02 3.500000e+00 4.082120e+02
    endloop
  endfacet
  facet normal -7.621621e-01 0.000000e+00 6.473863e-01
    outer loop
      vertex   1.868876e+02 7.000000e+00 4.082120e+02
      vertex   1.868876e+02 3.500000e+00 4.082120e+02
      vertex   1.870698e+02 7.000000e+00 4.084265e+02
    endloop
  endfacet
  facet normal -7.621621e-01 0.000000e+00 6.473863e-01
    outer loop
      vertex   1.870698e+02 7.000000e+00 4.084265e+02
      vertex   1.868876e+02 3.500000e+00 4.082120e+02
      vertex   1.870698e+02 3.500000e+00 4.084265e+02
    endloop
  endfacet
  facet normal -8.276890e-01 0.000000e+00 5.611871e-01
    outer loop
      vertex   1.870698e+02 7.000000e+00 4.084265e+02
      vertex   1.870698e+02 3.500000e+00 4.084265e+02
      vertex   1.872278e+02 7.000000e+00 4.086596e+02
    endloop
  endfacet
  facet normal -8.276890e-01 0.000000e+00 5.611871e-01
    outer loop
      vertex   1.872278e+02 7.000000e+00 4.086596e+02
      vertex   1.870698e+02 3.500000e+00 4.084265e+02
      vertex   1.872278e+02 3.500000e+00 4.086596e+02
    endloop
  endfacet
  facet normal -8.835120e-01 0.000000e+00 4.684084e-01
    outer loop
      vertex   1.872278e+02 7.000000e+00 4.086596e+02
      vertex   1.872278e+02 3.500000e+00 4.086596e+02
      vertex   1.873597e+02 7.000000e+00 4.089083e+02
    endloop
  endfacet
  facet normal -8.835120e-01 0.000000e+00 4.684084e-01
    outer loop
      vertex   1.873597e+02 7.000000e+00 4.089083e+02
      vertex   1.872278e+02 3.500000e+00 4.086596e+02
      vertex   1.873597e+02 3.500000e+00 4.089083e+02
    endloop
  endfacet
  facet normal -9.289767e-01 0.000000e+00 3.701382e-01
    outer loop
      vertex   1.873597e+02 7.000000e+00 4.089083e+02
      vertex   1.873597e+02 3.500000e+00 4.089083e+02
      vertex   1.874639e+02 7.000000e+00 4.091698e+02
    endloop
  endfacet
  facet normal -9.289767e-01 0.000000e+00 3.701382e-01
    outer loop
      vertex   1.874639e+02 7.000000e+00 4.091698e+02
      vertex   1.873597e+02 3.500000e+00 4.089083e+02
      vertex   1.874639e+02 3.500000e+00 4.091698e+02
    endloop
  endfacet
  facet normal -9.635500e-01 0.000000e+00 2.675283e-01
    outer loop
      vertex   1.874639e+02 7.000000e+00 4.091698e+02
      vertex   1.874639e+02 3.500000e+00 4.091698e+02
      vertex   1.875392e+02 7.000000e+00 4.094411e+02
    endloop
  endfacet
  facet normal -9.635500e-01 0.000000e+00 2.675283e-01
    outer loop
      vertex   1.875392e+02 7.000000e+00 4.094411e+02
      vertex   1.874639e+02 3.500000e+00 4.091698e+02
      vertex   1.875392e+02 3.500000e+00 4.094411e+02
    endloop
  endfacet
  facet normal -9.868265e-01 0.000000e+00 1.617820e-01
    outer loop
      vertex   1.875392e+02 7.000000e+00 4.094411e+02
      vertex   1.875392e+02 3.500000e+00 4.094411e+02
      vertex   1.875848e+02 7.000000e+00 4.097189e+02
    endloop
  endfacet
  facet normal -9.868265e-01 0.000000e+00 1.617820e-01
    outer loop
      vertex   1.875848e+02 7.000000e+00 4.097189e+02
      vertex   1.875392e+02 3.500000e+00 4.094411e+02
      vertex   1.875848e+02 3.500000e+00 4.097189e+02
    endloop
  endfacet
  facet normal -9.787654e-01 1.050690e-03 -2.049810e-01
    outer loop
      vertex   1.875122e+02 1.251697e-06 4.106699e+02
      vertex   1.875392e+02 3.500000e+00 4.105589e+02
      vertex   1.875699e+02 1.490116e-07 4.103944e+02
    endloop
  endfacet
  facet normal -9.868260e-01 -1.050690e-03 -1.617819e-01
    outer loop
      vertex   1.875699e+02 1.490116e-07 4.103944e+02
      vertex   1.875392e+02 3.500000e+00 4.105589e+02
      vertex   1.875848e+02 3.500000e+00 4.102811e+02
    endloop
  endfacet
  facet normal -9.951902e-01 1.050690e-03 -9.795623e-02
    outer loop
      vertex   1.875699e+02 1.490116e-07 4.103944e+02
      vertex   1.875848e+02 3.500000e+00 4.102811e+02
      vertex   1.875975e+02 1.251697e-06 4.101142e+02
    endloop
  endfacet
  facet normal -9.985329e-01 -1.050691e-03 -5.413888e-02
    outer loop
      vertex   1.875975e+02 1.251697e-06 4.101142e+02
      vertex   1.875848e+02 3.500000e+00 4.102811e+02
      vertex   1.876000e+02 3.500000e+00 4.100000e+02
    endloop
  endfacet
  facet normal -9.999473e-01 1.050691e-03 1.021698e-02
    outer loop
      vertex   1.875975e+02 1.251697e-06 4.101142e+02
      vertex   1.876000e+02 3.500000e+00 4.100000e+02
      vertex   1.875946e+02 1.251697e-06 4.098327e+02
    endloop
  endfacet
  facet normal -9.985329e-01 -1.050691e-03 5.413888e-02
    outer loop
      vertex   1.875946e+02 1.251697e-06 4.098327e+02
      vertex   1.876000e+02 3.500000e+00 4.100000e+02
      vertex   1.875848e+02 3.500000e+00 4.097189e+02
    endloop
  endfacet
  facet normal -9.929809e-01 1.050691e-03 1.182704e-01
    outer loop
      vertex   1.875946e+02 1.251697e-06 4.098327e+02
      vertex   1.875848e+02 3.500000e+00 4.097189e+02
      vertex   1.875613e+02 1.251697e-06 4.095532e+02
    endloop
  endfacet
  facet normal -9.868260e-01 -1.050691e-03 1.617819e-01
    outer loop
      vertex   1.875613e+02 1.251697e-06 4.095532e+02
      vertex   1.875848e+02 3.500000e+00 4.097189e+02
      vertex   1.875392e+02 3.500000e+00 4.094411e+02
    endloop
  endfacet
  facet normal -9.743727e-01 1.050691e-03 2.249372e-01
    outer loop
      vertex   1.875613e+02 1.251697e-06 4.095532e+02
      vertex   1.875392e+02 3.500000e+00 4.094411e+02
      vertex   1.874980e+02 1.251697e-06 4.092789e+02
    endloop
  endfacet
  facet normal -9.635495e-01 -1.050691e-03 2.675282e-01
    outer loop
      vertex   1.874980e+02 1.251697e-06 4.092789e+02
      vertex   1.875392e+02 3.500000e+00 4.094411e+02
      vertex   1.874639e+02 3.500000e+00 4.091698e+02
    endloop
  endfacet
  facet normal -9.443409e-01 1.050691e-03 3.289668e-01
    outer loop
      vertex   1.874980e+02 1.251697e-06 4.092789e+02
      vertex   1.874639e+02 3.500000e+00 4.091698e+02
      vertex   1.874054e+02 1.251697e-06 4.090130e+02
    endloop
  endfacet
  facet normal -9.289762e-01 -1.050691e-03 3.701380e-01
    outer loop
      vertex   1.874054e+02 1.251697e-06 4.090130e+02
      vertex   1.874639e+02 3.500000e+00 4.091698e+02
      vertex   1.873597e+02 3.500000e+00 4.089083e+02
    endloop
  endfacet
  facet normal -9.032376e-01 1.050691e-03 4.291396e-01
    outer loop
      vertex   1.874054e+02 1.251697e-06 4.090130e+02
      vertex   1.873597e+02 3.500000e+00 4.089083e+02
      vertex   1.872846e+02 1.251697e-06 4.087587e+02
    endloop
  endfacet
  facet normal -8.835116e-01 -1.050691e-03 4.684082e-01
    outer loop
      vertex   1.872846e+02 1.251697e-06 4.087587e+02
      vertex   1.873597e+02 3.500000e+00 4.089083e+02
      vertex   1.872278e+02 3.500000e+00 4.086596e+02
    endloop
  endfacet
  facet normal -8.515446e-01 1.050691e-03 5.242812e-01
    outer loop
      vertex   1.872846e+02 1.251697e-06 4.087587e+02
      vertex   1.872278e+02 3.500000e+00 4.086596e+02
      vertex   1.871370e+02 1.251697e-06 4.085190e+02
    endloop
  endfacet
  facet normal -8.276885e-01 -1.050691e-03 5.611868e-01
    outer loop
      vertex   1.871370e+02 1.251697e-06 4.085190e+02
      vertex   1.872278e+02 3.500000e+00 4.086596e+02
      vertex   1.870698e+02 3.500000e+00 4.084265e+02
    endloop
  endfacet
  facet normal -7.898680e-01 1.050691e-03 6.132760e-01
    outer loop
      vertex   1.871370e+02 1.251697e-06 4.085190e+02
      vertex   1.870698e+02 3.500000e+00 4.084265e+02
      vertex   1.869643e+02 1.251697e-06 4.082966e+02
    endloop
  endfacet
  facet normal -7.621616e-01 -1.050691e-03 6.473859e-01
    outer loop
      vertex   1.869643e+02 1.251697e-06 4.082966e+02
      vertex   1.870698e+02 3.500000e+00 4.084265e+02
      vertex   1.868876e+02 3.500000e+00 4.082120e+02
    endloop
  endfacet
  facet normal -7.189310e-01 1.050691e-03 6.950807e-01
    outer loop
      vertex   1.869643e+02 1.251697e-06 4.082966e+02
      vertex   1.868876e+02 3.500000e+00 4.082120e+02
      vertex   1.867686e+02 1.251697e-06 4.080942e+02
    endloop
  endfacet
  facet normal -6.876991e-01 -1.050691e-03 7.259951e-01
    outer loop
      vertex   1.867686e+02 1.251697e-06 4.080942e+02
      vertex   1.868876e+02 3.500000e+00 4.082120e+02
      vertex   1.866832e+02 3.500000e+00 4.080184e+02
    endloop
  endfacet
  facet normal -6.395651e-01 1.050691e-03 7.687362e-01
    outer loop
      vertex   1.867686e+02 1.251697e-06 4.080942e+02
      vertex   1.866832e+02 3.500000e+00 4.080184e+02
      vertex   1.865522e+02 1.251697e-06 4.079142e+02
    endloop
  endfacet
  facet normal -6.051739e-01 -1.050691e-03 7.960926e-01
    outer loop
      vertex   1.865522e+02 1.251697e-06 4.079142e+02
      vertex   1.866832e+02 3.500000e+00 4.080184e+02
      vertex   1.864591e+02 3.500000e+00 4.078480e+02
    endloop
  endfacet
  facet normal -5.527010e-01 1.050691e-03 8.333790e-01
    outer loop
      vertex   1.865522e+02 1.251697e-06 4.079142e+02
      vertex   1.864591e+02 3.500000e+00 4.078480e+02
      vertex   1.863176e+02 1.251697e-06 4.077586e+02
    endloop
  endfacet
  facet normal -5.155536e-01 -1.050691e-03 8.568567e-01
    outer loop
      vertex   1.863176e+02 1.251697e-06 4.077586e+02
      vertex   1.864591e+02 3.500000e+00 4.078480e+02
      vertex   1.862179e+02 3.500000e+00 4.077029e+02
    endloop
  endfacet
  facet normal -4.593569e-01 1.050691e-03 8.882512e-01
    outer loop
      vertex   1.863176e+02 1.251697e-06 4.077586e+02
      vertex   1.862179e+02 3.500000e+00 4.077029e+02
      vertex   1.860675e+02 1.251697e-06 4.076293e+02
    endloop
  endfacet
  facet normal -4.198889e-01 -1.050691e-03 9.075749e-01
    outer loop
      vertex   1.860675e+02 1.251697e-06 4.076293e+02
      vertex   1.862179e+02 3.500000e+00 4.077029e+02
      vertex   1.859624e+02 3.500000e+00 4.075847e+02
    endloop
  endfacet
  facet normal -3.606273e-01 1.050691e-03 9.327094e-01
    outer loop
      vertex   1.860675e+02 1.251697e-06 4.076293e+02
      vertex   1.859624e+02 3.500000e+00 4.075847e+02
      vertex   1.858050e+02 1.251697e-06 4.075277e+02
    endloop
  endfacet
  facet normal -3.193014e-01 -1.050691e-03 9.476526e-01
    outer loop
      vertex   1.858050e+02 1.251697e-06 4.075277e+02
      vertex   1.859624e+02 3.500000e+00 4.075847e+02
      vertex   1.856956e+02 3.500000e+00 4.074948e+02
    endloop
  endfacet
  facet normal -2.576697e-01 1.050691e-03 9.662325e-01
    outer loop
      vertex   1.858050e+02 1.251697e-06 4.075277e+02
      vertex   1.856956e+02 3.500000e+00 4.074948e+02
      vertex   1.855330e+02 1.251697e-06 4.074552e+02
    endloop
  endfacet
  facet normal -2.149703e-01 -1.050691e-03 9.766200e-01
    outer loop
      vertex   1.855330e+02 1.251697e-06 4.074552e+02
      vertex   1.856956e+02 3.500000e+00 4.074948e+02
      vertex   1.854206e+02 3.500000e+00 4.074343e+02
    endloop
  endfacet
  facet normal -1.516911e-01 1.050691e-03 9.884274e-01
    outer loop
      vertex   1.855330e+02 1.251697e-06 4.074552e+02
      vertex   1.854206e+02 3.500000e+00 4.074343e+02
      vertex   1.852547e+02 1.251697e-06 4.074125e+02
    endloop
  endfacet
  facet normal -1.081190e-01 -1.050691e-03 9.941374e-01
    outer loop
      vertex   1.852547e+02 1.251697e-06 4.074125e+02
      vertex   1.854206e+02 3.500000e+00 4.074343e+02
      vertex   1.851408e+02 3.500000e+00 4.074038e+02
    endloop
  endfacet
  facet normal -4.393406e-02 1.050691e-03 9.990339e-01
    outer loop
      vertex   1.852547e+02 1.251697e-06 4.074125e+02
      vertex   1.851408e+02 3.500000e+00 4.074038e+02
      vertex   1.849734e+02 1.251697e-06 4.074001e+02
    endloop
  endfacet
  facet normal 0.000000e+00 -1.050691e-03 9.999994e-01
    outer loop
      vertex   1.849734e+02 1.251697e-06 4.074001e+02
      vertex   1.851408e+02 3.500000e+00 4.074038e+02
      vertex   1.848592e+02 3.500000e+00 4.074038e+02
    endloop
  endfacet
  facet normal 6.433805e-02 1.050691e-03 9.979276e-01
    outer loop
      vertex   1.849734e+02 1.251697e-06 4.074001e+02
      vertex   1.848592e+02 3.500000e+00 4.074038e+02
      vertex   1.846925e+02 1.251697e-06 4.074182e+02
    endloop
  endfacet
  facet normal 1.081190e-01 -1.050691e-03 9.941374e-01
    outer loop
      vertex   1.846925e+02 1.251697e-06 4.074182e+02
      vertex   1.848592e+02 3.500000e+00 4.074038e+02
      vertex   1.845794e+02 3.500000e+00 4.074343e+02
    endloop
  endfacet
  facet normal 1.718558e-01 1.050691e-03 9.851215e-01
    outer loop
      vertex   1.846925e+02 1.251697e-06 4.074182e+02
      vertex   1.845794e+02 3.500000e+00 4.074343e+02
      vertex   1.844152e+02 1.251697e-06 4.074666e+02
    endloop
  endfacet
  facet normal 2.149703e-01 -1.050691e-03 9.766200e-01
    outer loop
      vertex   1.844152e+02 1.251697e-06 4.074666e+02
      vertex   1.845794e+02 3.500000e+00 4.074343e+02
      vertex   1.843044e+02 3.500000e+00 4.074948e+02
    endloop
  endfacet
  facet normal 2.773588e-01 1.050691e-03 9.607658e-01
    outer loop
      vertex   1.844152e+02 1.251697e-06 4.074666e+02
      vertex   1.843044e+02 3.500000e+00 4.074948e+02
      vertex   1.841447e+02 1.251697e-06 4.075447e+02
    endloop
  endfacet
  facet normal 3.193014e-01 -1.050691e-03 9.476526e-01
    outer loop
      vertex   1.841447e+02 1.251697e-06 4.075447e+02
      vertex   1.843044e+02 3.500000e+00 4.074948e+02
      vertex   1.840376e+02 3.500000e+00 4.075847e+02
    endloop
  endfacet
  facet normal 3.796100e-01 1.050691e-03 9.251460e-01
    outer loop
      vertex   1.841447e+02 1.251697e-06 4.075447e+02
      vertex   1.840376e+02 3.500000e+00 4.075847e+02
      vertex   1.838842e+02 1.251697e-06 4.076516e+02
    endloop
  endfacet
  facet normal 4.198889e-01 -1.050691e-03 9.075749e-01
    outer loop
      vertex   1.838842e+02 1.251697e-06 4.076516e+02
      vertex   1.840376e+02 3.500000e+00 4.075847e+02
      vertex   1.837821e+02 3.500000e+00 4.077029e+02
    endloop
  endfacet
  facet normal 4.774106e-01 1.050691e-03 8.786797e-01
    outer loop
      vertex   1.838842e+02 1.251697e-06 4.076516e+02
      vertex   1.837821e+02 3.500000e+00 4.077029e+02
      vertex   1.836369e+02 1.251697e-06 4.077860e+02
    endloop
  endfacet
  facet normal 5.155536e-01 -1.050691e-03 8.568567e-01
    outer loop
      vertex   1.836369e+02 1.251697e-06 4.077860e+02
      vertex   1.837821e+02 3.500000e+00 4.077029e+02
      vertex   1.835409e+02 3.500000e+00 4.078480e+02
    endloop
  endfacet
  facet normal 5.696139e-01 1.050691e-03 8.219117e-01
    outer loop
      vertex   1.836369e+02 1.251697e-06 4.077860e+02
      vertex   1.835409e+02 3.500000e+00 4.078480e+02
      vertex   1.834055e+02 1.251697e-06 4.079463e+02
    endloop
  endfacet
  facet normal 6.051739e-01 -1.050691e-03 7.960926e-01
    outer loop
      vertex   1.834055e+02 1.251697e-06 4.079463e+02
      vertex   1.835409e+02 3.500000e+00 4.078480e+02
      vertex   1.833168e+02 3.500000e+00 4.080184e+02
    endloop
  endfacet
  facet normal 6.551391e-01 1.050691e-03 7.555075e-01
    outer loop
      vertex   1.834055e+02 1.251697e-06 4.079463e+02
      vertex   1.833168e+02 3.500000e+00 4.080184e+02
      vertex   1.831928e+02 1.251697e-06 4.081308e+02
    endloop
  endfacet
  facet normal 6.876991e-01 -1.050691e-03 7.259951e-01
    outer loop
      vertex   1.831928e+02 1.251697e-06 4.081308e+02
      vertex   1.833168e+02 3.500000e+00 4.080184e+02
      vertex   1.831124e+02 3.500000e+00 4.082120e+02
    endloop
  endfacet
  facet normal 7.329834e-01 1.050691e-03 6.802457e-01
    outer loop
      vertex   1.831928e+02 1.251697e-06 4.081308e+02
      vertex   1.831124e+02 3.500000e+00 4.082120e+02
      vertex   1.830013e+02 1.251697e-06 4.083371e+02
    endloop
  endfacet
  facet normal 7.621616e-01 -1.050691e-03 6.473859e-01
    outer loop
      vertex   1.830013e+02 1.251697e-06 4.083371e+02
      vertex   1.831124e+02 3.500000e+00 4.082120e+02
      vertex   1.829302e+02 3.500000e+00 4.084265e+02
    endloop
  endfacet
  facet normal 8.022341e-01 1.050691e-03 5.970086e-01
    outer loop
      vertex   1.830013e+02 1.251697e-06 4.083371e+02
      vertex   1.829302e+02 3.500000e+00 4.084265e+02
      vertex   1.828332e+02 1.251697e-06 4.085630e+02
    endloop
  endfacet
  facet normal 8.276885e-01 -1.050691e-03 5.611868e-01
    outer loop
      vertex   1.828332e+02 1.251697e-06 4.085630e+02
      vertex   1.829302e+02 3.500000e+00 4.084265e+02
      vertex   1.827722e+02 3.500000e+00 4.086596e+02
    endloop
  endfacet
  facet normal 8.620794e-01 1.050691e-03 5.067722e-01
    outer loop
      vertex   1.828332e+02 1.251697e-06 4.085630e+02
      vertex   1.827722e+02 3.500000e+00 4.086596e+02
      vertex   1.826905e+02 1.251697e-06 4.088057e+02
    endloop
  endfacet
  facet normal 8.835116e-01 -1.050691e-03 4.684082e-01
    outer loop
      vertex   1.826905e+02 1.251697e-06 4.088057e+02
      vertex   1.827722e+02 3.500000e+00 4.086596e+02
      vertex   1.826403e+02 3.500000e+00 4.089083e+02
    endloop
  endfacet
  facet normal 9.118175e-01 1.050691e-03 4.105943e-01
    outer loop
      vertex   1.826905e+02 1.251697e-06 4.088057e+02
      vertex   1.826403e+02 3.500000e+00 4.089083e+02
      vertex   1.825750e+02 1.251697e-06 4.090624e+02
    endloop
  endfacet
  facet normal 9.289762e-01 -1.050691e-03 3.701380e-01
    outer loop
      vertex   1.825750e+02 1.251697e-06 4.090624e+02
      vertex   1.826403e+02 3.500000e+00 4.089083e+02
      vertex   1.825361e+02 3.500000e+00 4.091698e+02
    endloop
  endfacet
  facet normal 9.508655e-01 1.050691e-03 3.096025e-01
    outer loop
      vertex   1.825750e+02 1.251697e-06 4.090624e+02
      vertex   1.825361e+02 3.500000e+00 4.091698e+02
      vertex   1.824878e+02 1.251697e-06 4.093301e+02
    endloop
  endfacet
  facet normal 9.635495e-01 -1.050691e-03 2.675282e-01
    outer loop
      vertex   1.824878e+02 1.251697e-06 4.093301e+02
      vertex   1.825361e+02 3.500000e+00 4.091698e+02
      vertex   1.824608e+02 3.500000e+00 4.094411e+02
    endloop
  endfacet
  facet normal 9.787654e-01 1.050691e-03 2.049810e-01
    outer loop
      vertex   1.824878e+02 1.251697e-06 4.093301e+02
      vertex   1.824608e+02 3.500000e+00 4.094411e+02
      vertex   1.824301e+02 1.251697e-06 4.096056e+02
    endloop
  endfacet
  facet normal 9.868260e-01 -1.050691e-03 1.617819e-01
    outer loop
      vertex   1.824301e+02 1.251697e-06 4.096056e+02
      vertex   1.824608e+02 3.500000e+00 4.094411e+02
      vertex   1.824152e+02 3.500000e+00 4.097189e+02
    endloop
  endfacet
  facet normal 9.951902e-01 1.050691e-03 9.795623e-02
    outer loop
      vertex   1.824301e+02 1.251697e-06 4.096056e+02
      vertex   1.824152e+02 3.500000e+00 4.097189e+02
      vertex   1.824025e+02 1.251697e-06 4.098858e+02
    endloop
  endfacet
  facet normal 9.985329e-01 -1.050691e-03 5.413888e-02
    outer loop
      vertex   1.824025e+02 1.251697e-06 4.098858e+02
      vertex   1.824152e+02 3.500000e+00 4.097189e+02
      vertex   1.824000e+02 3.500000e+00 4.100000e+02
    endloop
  endfacet
  facet normal 9.999473e-01 1.050691e-03 -1.021698e-02
    outer loop
      vertex   1.824025e+02 1.251697e-06 4.098858e+02
      vertex   1.824000e+02 3.500000e+00 4.100000e+02
      vertex   1.824054e+02 1.251697e-06 4.101673e+02
    endloop
  endfacet
  facet normal 9.985329e-01 -1.050691e-03 -5.413888e-02
    outer loop
      vertex   1.824054e+02 1.251697e-06 4.101673e+02
      vertex   1.824000e+02 3.500000e+00 4.100000e+02
      vertex   1.824152e+02 3.500000e+00 4.102811e+02
    endloop
  endfacet
  facet normal 9.929809e-01 1.050691e-03 -1.182704e-01
    outer loop
      vertex   1.824054e+02 1.251697e-06 4.101673e+02
      vertex   1.824152e+02 3.500000e+00 4.102811e+02
      vertex   1.824387e+02 1.251697e-06 4.104468e+02
    endloop
  endfacet
  facet normal 9.868260e-01 -1.050691e-03 -1.617819e-01
    outer loop
      vertex   1.824387e+02 1.251697e-06 4.104468e+02
      vertex   1.824152e+02 3.500000e+00 4.102811e+02
      vertex   1.824608e+02 3.500000e+00 4.105589e+02
    endloop
  endfacet
  facet normal 9.743727e-01 1.050691e-03 -2.249372e-01
    outer loop
      vertex   1.824387e+02 1.251697e-06 4.104468e+02
      vertex   1.824608e+02 3.500000e+00 4.105589e+02
      vertex   1.825020e+02 1.251697e-06 4.107211e+02
    endloop
  endfacet
  facet normal 9.635495e-01 -1.050691e-03 -2.675282e-01
    outer loop
      vertex   1.825020e+02 1.251697e-06 4.107211e+02
      vertex   1.824608e+02 3.500000e+00 4.105589e+02
      vertex   1.825361e+02 3.500000e+00 4.108302e+02
    endloop
  endfacet
  facet normal 9.443409e-01 1.050691e-03 -3.289668e-01
    outer loop
      vertex   1.825020e+02 1.251697e-06 4.107211e+02
      vertex   1.825361e+02 3.500000e+00 4.108302e+02
      vertex   1.825946e+02 1.251697e-06 4.109870e+02
    endloop
  endfacet
  facet normal 9.289762e-01 -1.050691e-03 -3.701380e-01
    outer loop
      vertex   1.825946e+02 1.251697e-06 4.109870e+02
      vertex   1.825361e+02 3.500000e+00 4.108302e+02
      vertex   1.826403e+02 3.500000e+00 4.110917e+02
    endloop
  endfacet
  facet normal 9.032376e-01 1.050691e-03 -4.291396e-01
    outer loop
      vertex   1.825946e+02 1.251697e-06 4.109870e+02
      vertex   1.826403e+02 3.500000e+00 4.110917e+02
      vertex   1.827154e+02 1.251697e-06 4.112413e+02
    endloop
  endfacet
  facet normal 8.835116e-01 -1.050691e-03 -4.684082e-01
    outer loop
      vertex   1.827154e+02 1.251697e-06 4.112413e+02
      vertex   1.826403e+02 3.500000e+00 4.110917e+02
      vertex   1.827722e+02 3.500000e+00 4.113404e+02
    endloop
  endfacet
  facet normal 8.515446e-01 1.050691e-03 -5.242812e-01
    outer loop
      vertex   1.827154e+02 1.251697e-06 4.112413e+02
      vertex   1.827722e+02 3.500000e+00 4.113404e+02
      vertex   1.828630e+02 1.251697e-06 4.114810e+02
    endloop
  endfacet
  facet normal 8.276885e-01 -1.050691e-03 -5.611868e-01
    outer loop
      vertex   1.828630e+02 1.251697e-06 4.114810e+02
      vertex   1.827722e+02 3.500000e+00 4.113404e+02
      vertex   1.829302e+02 3.500000e+00 4.115735e+02
    endloop
  endfacet
  facet normal 7.898680e-01 1.050691e-03 -6.132760e-01
    outer loop
      vertex   1.828630e+02 1.251697e-06 4.114810e+02
      vertex   1.829302e+02 3.500000e+00 4.115735e+02
      vertex   1.830357e+02 1.251697e-06 4.117034e+02
    endloop
  endfacet
  facet normal 7.621616e-01 -1.050691e-03 -6.473859e-01
    outer loop
      vertex   1.830357e+02 1.251697e-06 4.117034e+02
      vertex   1.829302e+02 3.500000e+00 4.115735e+02
      vertex   1.831124e+02 3.500000e+00 4.117880e+02
    endloop
  endfacet
  facet normal 7.189310e-01 1.050691e-03 -6.950807e-01
    outer loop
      vertex   1.830357e+02 1.251697e-06 4.117034e+02
      vertex   1.831124e+02 3.500000e+00 4.117880e+02
      vertex   1.832314e+02 1.251697e-06 4.119058e+02
    endloop
  endfacet
  facet normal 6.876991e-01 -1.050691e-03 -7.259951e-01
    outer loop
      vertex   1.832314e+02 1.251697e-06 4.119058e+02
      vertex   1.831124e+02 3.500000e+00 4.117880e+02
      vertex   1.833168e+02 3.500000e+00 4.119816e+02
    endloop
  endfacet
  facet normal 6.395651e-01 1.050691e-03 -7.687362e-01
    outer loop
      vertex   1.832314e+02 1.251697e-06 4.119058e+02
      vertex   1.833168e+02 3.500000e+00 4.119816e+02
      vertex   1.834478e+02 1.251697e-06 4.120858e+02
    endloop
  endfacet
  facet normal 6.051739e-01 -1.050691e-03 -7.960926e-01
    outer loop
      vertex   1.834478e+02 1.251697e-06 4.120858e+02
      vertex   1.833168e+02 3.500000e+00 4.119816e+02
      vertex   1.835409e+02 3.500000e+00 4.121520e+02
    endloop
  endfacet
  facet normal 5.527010e-01 1.050691e-03 -8.333790e-01
    outer loop
      vertex   1.834478e+02 1.251697e-06 4.120858e+02
      vertex   1.835409e+02 3.500000e+00 4.121520e+02
      vertex   1.836824e+02 1.251697e-06 4.122414e+02
    endloop
  endfacet
  facet normal 5.155536e-01 -1.050691e-03 -8.568567e-01
    outer loop
      vertex   1.836824e+02 1.251697e-06 4.122414e+02
      vertex   1.835409e+02 3.500000e+00 4.121520e+02
      vertex   1.837821e+02 3.500000e+00 4.122971e+02
    endloop
  endfacet
  facet normal 4.593569e-01 1.050691e-03 -8.882512e-01
    outer loop
      vertex   1.836824e+02 1.251697e-06 4.122414e+02
      vertex   1.837821e+02 3.500000e+00 4.122971e+02
      vertex   1.839325e+02 1.251697e-06 4.123707e+02
    endloop
  endfacet
  facet normal 4.198889e-01 -1.050691e-03 -9.075749e-01
    outer loop
      vertex   1.839325e+02 1.251697e-06 4.123707e+02
      vertex   1.837821e+02 3.500000e+00 4.122971e+02
      vertex   1.840376e+02 3.500000e+00 4.124153e+02
    endloop
  endfacet
  facet normal 3.606273e-01 1.050691e-03 -9.327094e-01
    outer loop
      vertex   1.839325e+02 1.251697e-06 4.123707e+02
      vertex   1.840376e+02 3.500000e+00 4.124153e+02
      vertex   1.841950e+02 1.251697e-06 4.124723e+02
    endloop
  endfacet
  facet normal 3.193014e-01 -1.050691e-03 -9.476526e-01
    outer loop
      vertex   1.841950e+02 1.251697e-06 4.124723e+02
      vertex   1.840376e+02 3.500000e+00 4.124153e+02
      vertex   1.843044e+02 3.500000e+00 4.125052e+02
    endloop
  endfacet
  facet normal 2.576697e-01 1.050691e-03 -9.662325e-01
    outer loop
      vertex   1.841950e+02 1.251697e-06 4.124723e+02
      vertex   1.843044e+02 3.500000e+00 4.125052e+02
      vertex   1.844670e+02 1.251697e-06 4.125448e+02
    endloop
  endfacet
  facet normal 2.149703e-01 -1.050691e-03 -9.766200e-01
    outer loop
      vertex   1.844670e+02 1.251697e-06 4.125448e+02
      vertex   1.843044e+02 3.500000e+00 4.125052e+02
      vertex   1.845794e+02 3.500000e+00 4.125657e+02
    endloop
  endfacet
  facet normal 1.516911e-01 1.050691e-03 -9.884274e-01
    outer loop
      vertex   1.844670e+02 1.251697e-06 4.125448e+02
      vertex   1.845794e+02 3.500000e+00 4.125657e+02
      vertex   1.847453e+02 1.251697e-06 4.125875e+02
    endloop
  endfacet
  facet normal 1.081190e-01 -1.050691e-03 -9.941374e-01
    outer loop
      vertex   1.847453e+02 1.251697e-06 4.125875e+02
      vertex   1.845794e+02 3.500000e+00 4.125657e+02
      vertex   1.848592e+02 3.500000e+00 4.125962e+02
    endloop
  endfacet
  facet normal 4.393406e-02 1.050691e-03 -9.990339e-01
    outer loop
      vertex   1.847453e+02 1.251697e-06 4.125875e+02
      vertex   1.848592e+02 3.500000e+00 4.125962e+02
      vertex   1.850266e+02 1.251697e-06 4.125999e+02
    endloop
  endfacet
  facet normal 0.000000e+00 -1.050691e-03 -9.999994e-01
    outer loop
      vertex   1.850266e+02 1.251697e-06 4.125999e+02
      vertex   1.848592e+02 3.500000e+00 4.125962e+02
      vertex   1.851408e+02 3.500000e+00 4.125962e+02
    endloop
  endfacet
  facet normal -6.433805e-02 1.050691e-03 -9.979276e-01
    outer loop
      vertex   1.850266e+02 1.251697e-06 4.125999e+02
      vertex   1.851408e+02 3.500000e+00 4.125962e+02
      vertex   1.853075e+02 1.251697e-06 4.125818e+02
    endloop
  endfacet
  facet normal -1.081190e-01 -1.050691e-03 -9.941374e-01
    outer loop
      vertex   1.853075e+02 1.251697e-06 4.125818e+02
      vertex   1.851408e+02 3.500000e+00 4.125962e+02
      vertex   1.854206e+02 3.500000e+00 4.125657e+02
    endloop
  endfacet
  facet normal -1.718558e-01 1.050691e-03 -9.851215e-01
    outer loop
      vertex   1.853075e+02 1.251697e-06 4.125818e+02
      vertex   1.854206e+02 3.500000e+00 4.125657e+02
      vertex   1.855848e+02 1.251697e-06 4.125334e+02
    endloop
  endfacet
  facet normal -2.149703e-01 -1.050691e-03 -9.766200e-01
    outer loop
      vertex   1.855848e+02 1.251697e-06 4.125334e+02
      vertex   1.854206e+02 3.500000e+00 4.125657e+02
      vertex   1.856956e+02 3.500000e+00 4.125052e+02
    endloop
  endfacet
  facet normal -2.773588e-01 1.050691e-03 -9.607658e-01
    outer loop
      vertex   1.855848e+02 1.251697e-06 4.125334e+02
      vertex   1.856956e+02 3.500000e+00 4.125052e+02
      vertex   1.858553e+02 1.251697e-06 4.124553e+02
    endloop
  endfacet
  facet normal -3.193014e-01 -1.050691e-03 -9.476526e-01
    outer loop
      vertex   1.858553e+02 1.251697e-06 4.124553e+02
      vertex   1.856956e+02 3.500000e+00 4.125052e+02
      vertex   1.859624e+02 3.500000e+00 4.124153e+02
    endloop
  endfacet
  facet normal -3.796100e-01 1.050691e-03 -9.251460e-01
    outer loop
      vertex   1.858553e+02 1.251697e-06 4.124553e+02
      vertex   1.859624e+02 3.500000e+00 4.124153e+02
      vertex   1.861158e+02 1.251697e-06 4.123484e+02
    endloop
  endfacet
  facet normal -4.198889e-01 -1.050691e-03 -9.075749e-01
    outer loop
      vertex   1.861158e+02 1.251697e-06 4.123484e+02
      vertex   1.859624e+02 3.500000e+00 4.124153e+02
      vertex   1.862179e+02 3.500000e+00 4.122971e+02
    endloop
  endfacet
  facet normal -4.774106e-01 1.050691e-03 -8.786797e-01
    outer loop
      vertex   1.861158e+02 1.251697e-06 4.123484e+02
      vertex   1.862179e+02 3.500000e+00 4.122971e+02
      vertex   1.863631e+02 1.251697e-06 4.122140e+02
    endloop
  endfacet
  facet normal -5.155536e-01 -1.050691e-03 -8.568567e-01
    outer loop
      vertex   1.863631e+02 1.251697e-06 4.122140e+02
      vertex   1.862179e+02 3.500000e+00 4.122971e+02
      vertex   1.864591e+02 3.500000e+00 4.121520e+02
    endloop
  endfacet
  facet normal -5.696139e-01 1.050691e-03 -8.219117e-01
    outer loop
      vertex   1.863631e+02 1.251697e-06 4.122140e+02
      vertex   1.864591e+02 3.500000e+00 4.121520e+02
      vertex   1.865945e+02 1.251697e-06 4.120537e+02
    endloop
  endfacet
  facet normal -6.051739e-01 -1.050691e-03 -7.960926e-01
    outer loop
      vertex   1.865945e+02 1.251697e-06 4.120537e+02
      vertex   1.864591e+02 3.500000e+00 4.121520e+02
      vertex   1.866832e+02 3.500000e+00 4.119816e+02
    endloop
  endfacet
  facet normal -6.551391e-01 1.050691e-03 -7.555075e-01
    outer loop
      vertex   1.865945e+02 1.251697e-06 4.120537e+02
      vertex   1.866832e+02 3.500000e+00 4.119816e+02
      vertex   1.868072e+02 1.251697e-06 4.118692e+02
    endloop
  endfacet
  facet normal -6.876991e-01 -1.050691e-03 -7.259951e-01
    outer loop
      vertex   1.868072e+02 1.251697e-06 4.118692e+02
      vertex   1.866832e+02 3.500000e+00 4.119816e+02
      vertex   1.868876e+02 3.500000e+00 4.117880e+02
    endloop
  endfacet
  facet normal -7.329834e-01 1.050691e-03 -6.802457e-01
    outer loop
      vertex   1.868072e+02 1.251697e-06 4.118692e+02
      vertex   1.868876e+02 3.500000e+00 4.117880e+02
      vertex   1.869987e+02 1.251697e-06 4.116629e+02
    endloop
  endfacet
  facet normal -7.621616e-01 -1.050691e-03 -6.473859e-01
    outer loop
      vertex   1.869987e+02 1.251697e-06 4.116629e+02
      vertex   1.868876e+02 3.500000e+00 4.117880e+02
      vertex   1.870698e+02 3.500000e+00 4.115735e+02
    endloop
  endfacet
  facet normal -8.022341e-01 1.050691e-03 -5.970086e-01
    outer loop
      vertex   1.869987e+02 1.251697e-06 4.116629e+02
      vertex   1.870698e+02 3.500000e+00 4.115735e+02
      vertex   1.871668e+02 1.251697e-06 4.114370e+02
    endloop
  endfacet
  facet normal -8.276885e-01 -1.050691e-03 -5.611868e-01
    outer loop
      vertex   1.871668e+02 1.251697e-06 4.114370e+02
      vertex   1.870698e+02 3.500000e+00 4.115735e+02
      vertex   1.872278e+02 3.500000e+00 4.113404e+02
    endloop
  endfacet
  facet normal -8.620794e-01 1.050691e-03 -5.067722e-01
    outer loop
      vertex   1.871668e+02 1.251697e-06 4.114370e+02
      vertex   1.872278e+02 3.500000e+00 4.113404e+02
      vertex   1.873095e+02 1.251697e-06 4.111943e+02
    endloop
  endfacet
  facet normal -8.835116e-01 -1.050691e-03 -4.684082e-01
    outer loop
      vertex   1.873095e+02 1.251697e-06 4.111943e+02
      vertex   1.872278e+02 3.500000e+00 4.113404e+02
      vertex   1.873597e+02 3.500000e+00 4.110917e+02
    endloop
  endfacet
  facet normal -9.118175e-01 1.050691e-03 -4.105943e-01
    outer loop
      vertex   1.873095e+02 1.251697e-06 4.111943e+02
      vertex   1.873597e+02 3.500000e+00 4.110917e+02
      vertex   1.874250e+02 1.251697e-06 4.109376e+02
    endloop
  endfacet
  facet normal -9.289762e-01 -1.050691e-03 -3.701380e-01
    outer loop
      vertex   1.874250e+02 1.251697e-06 4.109376e+02
      vertex   1.873597e+02 3.500000e+00 4.110917e+02
      vertex   1.874639e+02 3.500000e+00 4.108302e+02
    endloop
  endfacet
  facet normal -9.508655e-01 1.050691e-03 -3.096025e-01
    outer loop
      vertex   1.874250e+02 1.251697e-06 4.109376e+02
      vertex   1.874639e+02 3.500000e+00 4.108302e+02
      vertex   1.875122e+02 1.251697e-06 4.106699e+02
    endloop
  endfacet
  facet normal -9.635495e-01 -1.050691e-03 -2.675282e-01
    outer loop
      vertex   1.875122e+02 1.251697e-06 4.106699e+02
      vertex   1.874639e+02 3.500000e+00 4.108302e+02
      vertex   1.875392e+02 3.500000e+00 4.105589e+02
    endloop
  endfacet
  facet normal 9.985334e-01 0.000000e+00 -5.413891e-02
    outer loop
      vertex   1.604152e+02 7.000000e+00 4.102811e+02
      vertex   1.604152e+02 3.500000e+00 4.102811e+02
      vertex   1.604000e+02 7.000000e+00 4.100000e+02
    endloop
  endfacet
  facet normal 9.985334e-01 0.000000e+00 -5.413891e-02
    outer loop
      vertex   1.604000e+02 7.000000e+00 4.100000e+02
      vertex   1.604152e+02 3.500000e+00 4.102811e+02
      vertex   1.604000e+02 3.500000e+00 4.100000e+02
    endloop
  endfacet
  facet normal 9.985334e-01 0.000000e+00 5.413891e-02
    outer loop
      vertex   1.604000e+02 7.000000e+00 4.100000e+02
      vertex   1.604000e+02 3.500000e+00 4.100000e+02
      vertex   1.604152e+02 7.000000e+00 4.097189e+02
    endloop
  endfacet
  facet normal 9.985334e-01 0.000000e+00 5.413891e-02
    outer loop
      vertex   1.604152e+02 7.000000e+00 4.097189e+02
      vertex   1.604000e+02 3.500000e+00 4.100000e+02
      vertex   1.604152e+02 3.500000e+00 4.097189e+02
    endloop
  endfacet
  facet normal 9.868265e-01 0.000000e+00 1.617820e-01
    outer loop
      vertex   1.604152e+02 7.000000e+00 4.097189e+02
      vertex   1.604152e+02 3.500000e+00 4.097189e+02
      vertex   1.604608e+02 7.000000e+00 4.094411e+02
    endloop
  endfacet
  facet normal 9.868265e-01 0.000000e+00 1.617820e-01
    outer loop
      vertex   1.604608e+02 7.000000e+00 4.094411e+02
      vertex   1.604152e+02 3.500000e+00 4.097189e+02
      vertex   1.604608e+02 3.500000e+00 4.094411e+02
    endloop
  endfacet
  facet normal 9.635500e-01 0.000000e+00 2.675283e-01
    outer loop
      vertex   1.604608e+02 7.000000e+00 4.094411e+02
      vertex   1.604608e+02 3.500000e+00 4.094411e+02
      vertex   1.605361e+02 7.000000e+00 4.091698e+02
    endloop
  endfacet
  facet normal 9.635500e-01 0.000000e+00 2.675283e-01
    outer loop
      vertex   1.605361e+02 7.000000e+00 4.091698e+02
      vertex   1.604608e+02 3.500000e+00 4.094411e+02
      vertex   1.605361e+02 3.500000e+00 4.091698e+02
    endloop
  endfacet
  facet normal 9.289767e-01 0.000000e+00 3.701382e-01
    outer loop
      vertex   1.605361e+02 7.000000e+00 4.091698e+02
      vertex   1.605361e+02 3.500000e+00 4.091698e+02
      vertex   1.606403e+02 7.000000e+00 4.089083e+02
    endloop
  endfacet
  facet normal 9.289767e-01 -1.508749e-14 3.701382e-01
    outer loop
      vertex   1.606403e+02 7.000000e+00 4.089083e+02
      vertex   1.605361e+02 3.500000e+00 4.091698e+02
      vertex   1.606403e+02 3.500000e+00 4.089083e+02
    endloop
  endfacet
  facet normal 8.835120e-01 -1.434910e-14 4.684084e-01
    outer loop
      vertex   1.606403e+02 7.000000e+00 4.089083e+02
      vertex   1.606403e+02 3.500000e+00 4.089083e+02
      vertex   1.607722e+02 7.000000e+00 4.086596e+02
    endloop
  endfacet
  facet normal 8.835120e-01 0.000000e+00 4.684084e-01
    outer loop
      vertex   1.607722e+02 7.000000e+00 4.086596e+02
      vertex   1.606403e+02 3.500000e+00 4.089083e+02
      vertex   1.607722e+02 3.500000e+00 4.086596e+02
    endloop
  endfacet
  facet normal 8.276890e-01 0.000000e+00 5.611871e-01
    outer loop
      vertex   1.607722e+02 7.000000e+00 4.086596e+02
      vertex   1.607722e+02 3.500000e+00 4.086596e+02
      vertex   1.609302e+02 7.000000e+00 4.084265e+02
    endloop
  endfacet
  facet normal 8.276890e-01 0.000000e+00 5.611871e-01
    outer loop
      vertex   1.609302e+02 7.000000e+00 4.084265e+02
      vertex   1.607722e+02 3.500000e+00 4.086596e+02
      vertex   1.609302e+02 3.500000e+00 4.084265e+02
    endloop
  endfacet
  facet normal 7.621621e-01 0.000000e+00 6.473863e-01
    outer loop
      vertex   1.609302e+02 7.000000e+00 4.084265e+02
      vertex   1.609302e+02 3.500000e+00 4.084265e+02
      vertex   1.611124e+02 7.000000e+00 4.082120e+02
    endloop
  endfacet
  facet normal 7.621621e-01 0.000000e+00 6.473863e-01
    outer loop
      vertex   1.611124e+02 7.000000e+00 4.082120e+02
      vertex   1.609302e+02 3.500000e+00 4.084265e+02
      vertex   1.611124e+02 3.500000e+00 4.082120e+02
    endloop
  endfacet
  facet normal 6.876995e-01 0.000000e+00 7.259955e-01
    outer loop
      vertex   1.611124e+02 7.000000e+00 4.082120e+02
      vertex   1.611124e+02 3.500000e+00 4.082120e+02
      vertex   1.613168e+02 7.000000e+00 4.080184e+02
    endloop
  endfacet
  facet normal 6.876995e-01 0.000000e+00 7.259955e-01
    outer loop
      vertex   1.613168e+02 7.000000e+00 4.080184e+02
      vertex   1.611124e+02 3.500000e+00 4.082120e+02
      vertex   1.613168e+02 3.500000e+00 4.080184e+02
    endloop
  endfacet
  facet normal 6.051742e-01 0.000000e+00 7.960931e-01
    outer loop
      vertex   1.613168e+02 7.000000e+00 4.080184e+02
      vertex   1.613168e+02 3.500000e+00 4.080184e+02
      vertex   1.615409e+02 7.000000e+00 4.078480e+02
    endloop
  endfacet
  facet normal 6.051742e-01 0.000000e+00 7.960931e-01
    outer loop
      vertex   1.615409e+02 7.000000e+00 4.078480e+02
      vertex   1.613168e+02 3.500000e+00 4.080184e+02
      vertex   1.615409e+02 3.500000e+00 4.078480e+02
    endloop
  endfacet
  facet normal 5.155539e-01 0.000000e+00 8.568572e-01
    outer loop
      vertex   1.615409e+02 7.000000e+00 4.078480e+02
      vertex   1.615409e+02 3.500000e+00 4.078480e+02
      vertex   1.617821e+02 7.000000e+00 4.077029e+02
    endloop
  endfacet
  facet normal 5.155539e-01 0.000000e+00 8.568572e-01
    outer loop
      vertex   1.617821e+02 7.000000e+00 4.077029e+02
      vertex   1.615409e+02 3.500000e+00 4.078480e+02
      vertex   1.617821e+02 3.500000e+00 4.077029e+02
    endloop
  endfacet
  facet normal 4.198891e-01 0.000000e+00 9.075754e-01
    outer loop
      vertex   1.617821e+02 7.000000e+00 4.077029e+02
      vertex   1.617821e+02 3.500000e+00 4.077029e+02
      vertex   1.620376e+02 7.000000e+00 4.075847e+02
    endloop
  endfacet
  facet normal 4.198891e-01 0.000000e+00 9.075754e-01
    outer loop
      vertex   1.620376e+02 7.000000e+00 4.075847e+02
      vertex   1.617821e+02 3.500000e+00 4.077029e+02
      vertex   1.620376e+02 3.500000e+00 4.075847e+02
    endloop
  endfacet
  facet normal 3.193015e-01 0.000000e+00 9.476532e-01
    outer loop
      vertex   1.620376e+02 7.000000e+00 4.075847e+02
      vertex   1.620376e+02 3.500000e+00 4.075847e+02
      vertex   1.623044e+02 7.000000e+00 4.074948e+02
    endloop
  endfacet
  facet normal 3.193015e-01 0.000000e+00 9.476532e-01
    outer loop
      vertex   1.623044e+02 7.000000e+00 4.074948e+02
      vertex   1.620376e+02 3.500000e+00 4.075847e+02
      vertex   1.623044e+02 3.500000e+00 4.074948e+02
    endloop
  endfacet
  facet normal 2.149704e-01 0.000000e+00 9.766206e-01
    outer loop
      vertex   1.623044e+02 7.000000e+00 4.074948e+02
      vertex   1.623044e+02 3.500000e+00 4.074948e+02
      vertex   1.625794e+02 7.000000e+00 4.074343e+02
    endloop
  endfacet
  facet normal 2.149704e-01 0.000000e+00 9.766206e-01
    outer loop
      vertex   1.625794e+02 7.000000e+00 4.074343e+02
      vertex   1.623044e+02 3.500000e+00 4.074948e+02
      vertex   1.625794e+02 3.500000e+00 4.074343e+02
    endloop
  endfacet
  facet normal 1.081190e-01 0.000000e+00 9.941380e-01
    outer loop
      vertex   1.625794e+02 7.000000e+00 4.074343e+02
      vertex   1.625794e+02 3.500000e+00 4.074343e+02
      vertex   1.628592e+02 7.000000e+00 4.074038e+02
    endloop
  endfacet
  facet normal 1.081190e-01 0.000000e+00 9.941380e-01
    outer loop
      vertex   1.628592e+02 7.000000e+00 4.074038e+02
      vertex   1.625794e+02 3.500000e+00 4.074343e+02
      vertex   1.628592e+02 3.500000e+00 4.074038e+02
    endloop
  endfacet
  facet normal -0.000000e+00 0.000000e+00 1.000000e+00
    outer loop
      vertex   1.628592e+02 7.000000e+00 4.074038e+02
      vertex   1.628592e+02 3.500000e+00 4.074038e+02
      vertex   1.631408e+02 7.000000e+00 4.074038e+02
    endloop
  endfacet
  facet normal 0.000000e+00 0.000000e+00 1.000000e+00
    outer loop
      vertex   1.631408e+02 7.000000e+00 4.074038e+02
      vertex   1.628592e+02 3.500000e+00 4.074038e+02
      vertex   1.631408e+02 3.500000e+00 4.074038e+02
    endloop
  endfacet
  facet normal -1.081190e-01 0.000000e+00 9.941380e-01
    outer loop
      vertex   1.631408e+02 7.000000e+00 4.074038e+02
      vertex   1.631408e+02 3.500000e+00 4.074038e+02
      vertex   1.634206e+02 7.000000e+00 4.074343e+02
    endloop
  endfacet
  facet normal -1.081190e-01 0.000000e+00 9.941380e-01
    outer loop
      vertex   1.634206e+02 7.000000e+00 4.074343e+02
      vertex   1.631408e+02 3.500000e+00 4.074038e+02
      vertex   1.634206e+02 3.500000e+00 4.074343e+02
    endloop
  endfacet
  facet normal -2.149704e-01 0.000000e+00 9.766206e-01
    outer loop
      vertex   1.634206e+02 7.000000e+00 4.074343e+02
      vertex   1.634206e+02 3.500000e+00 4.074343e+02
      vertex   1.636956e+02 7.000000e+00 4.074948e+02
    endloop
  endfacet
  facet normal -2.149704e-01 0.000000e+00 9.766206e-01
    outer loop
      vertex   1.636956e+02 7.000000e+00 4.074948e+02
      vertex   1.634206e+02 3.500000e+00 4.074343e+02
      vertex   1.636956e+02 3.500000e+00 4.074948e+02
    endloop
  endfacet
  facet normal -3.193015e-01 0.000000e+00 9.476532e-01
    outer loop
      vertex   1.636956e+02 7.000000e+00 4.074948e+02
      vertex   1.636956e+02 3.500000e+00 4.074948e+02
      vertex   1.639624e+02 7.000000e+00 4.075847e+02
    endloop
  endfacet
  facet normal -3.193015e-01 0.000000e+00 9.476532e-01
    outer loop
      vertex   1.639624e+02 7.000000e+00 4.075847e+02
      vertex   1.636956e+02 3.500000e+00 4.074948e+02
      vertex   1.639624e+02 3.500000e+00 4.075847e+02
    endloop
  endfacet
  facet normal -4.198891e-01 0.000000e+00 9.075754e-01
    outer loop
      vertex   1.639624e+02 7.000000e+00 4.075847e+02
      vertex   1.639624e+02 3.500000e+00 4.075847e+02
      vertex   1.642179e+02 7.000000e+00 4.077029e+02
    endloop
  endfacet
  facet normal -4.198891e-01 0.000000e+00 9.075754e-01
    outer loop
      vertex   1.642179e+02 7.000000e+00 4.077029e+02
      vertex   1.639624e+02 3.500000e+00 4.075847e+02
      vertex   1.642179e+02 3.500000e+00 4.077029e+02
    endloop
  endfacet
  facet normal -5.155539e-01 0.000000e+00 8.568572e-01
    outer loop
      vertex   1.642179e+02 7.000000e+00 4.077029e+02
      vertex   1.642179e+02 3.500000e+00 4.077029e+02
      vertex   1.644591e+02 7.000000e+00 4.078480e+02
    endloop
  endfacet
  facet normal -5.155539e-01 0.000000e+00 8.568572e-01
    outer loop
      vertex   1.644591e+02 7.000000e+00 4.078480e+02
      vertex   1.642179e+02 3.500000e+00 4.077029e+02
      vertex   1.644591e+02 3.500000e+00 4.078480e+02
    endloop
  endfacet
  facet normal -6.051742e-01 0.000000e+00 7.960931e-01
    outer loop
      vertex   1.644591e+02 7.000000e+00 4.078480e+02
      vertex   1.644591e+02 3.500000e+00 4.078480e+02
      vertex   1.646832e+02 7.000000e+00 4.080184e+02
    endloop
  endfacet
  facet normal -6.051742e-01 0.000000e+00 7.960931e-01
    outer loop
      vertex   1.646832e+02 7.000000e+00 4.080184e+02
      vertex   1.644591e+02 3.500000e+00 4.078480e+02
      vertex   1.646832e+02 3.500000e+00 4.080184e+02
    endloop
  endfacet
  facet normal -6.876995e-01 0.000000e+00 7.259955e-01
    outer loop
      vertex   1.646832e+02 7.000000e+00 4.080184e+02
      vertex   1.646832e+02 3.500000e+00 4.080184e+02
      vertex   1.648876e+02 7.000000e+00 4.082120e+02
    endloop
  endfacet
  facet normal -6.876995e-01 0.000000e+00 7.259955e-01
    outer loop
      vertex   1.648876e+02 7.000000e+00 4.082120e+02
      vertex   1.646832e+02 3.500000e+00 4.080184e+02
      vertex   1.648876e+02 3.500000e+00 4.082120e+02
    endloop
  endfacet
  facet normal -7.621621e-01 0.000000e+00 6.473863e-01
    outer loop
      vertex   1.648876e+02 7.000000e+00 4.082120e+02
      vertex   1.648876e+02 3.500000e+00 4.082120e+02
      vertex   1.650698e+02 7.000000e+00 4.084265e+02
    endloop
  endfacet
  facet normal -7.621621e-01 0.000000e+00 6.473863e-01
    outer loop
      vertex   1.650698e+02 7.000000e+00 4.084265e+02
      vertex   1.648876e+02 3.500000e+00 4.082120e+02
      vertex   1.650698e+02 3.500000e+00 4.084265e+02
    endloop
  endfacet
  facet normal -8.276890e-01 0.000000e+00 5.611871e-01
    outer loop
      vertex   1.650698e+02 7.000000e+00 4.084265e+02
      vertex   1.650698e+02 3.500000e+00 4.084265e+02
      vertex   1.652278e+02 7.000000e+00 4.086596e+02
    endloop
  endfacet
  facet normal -8.276890e-01 0.000000e+00 5.611871e-01
    outer loop
      vertex   1.652278e+02 7.000000e+00 4.086596e+02
      vertex   1.650698e+02 3.500000e+00 4.084265e+02
      vertex   1.652278e+02 3.500000e+00 4.086596e+02
    endloop
  endfacet
  facet normal -8.835120e-01 0.000000e+00 4.684084e-01
    outer loop
      vertex   1.652278e+02 7.000000e+00 4.086596e+02
      vertex   1.652278e+02 3.500000e+00 4.086596e+02
      vertex   1.653597e+02 7.000000e+00 4.089083e+02
    endloop
  endfacet
  facet normal -8.835120e-01 -7.174549e-15 4.684084e-01
    outer loop
      vertex   1.653597e+02 7.000000e+00 4.089083e+02
      vertex   1.652278e+02 3.500000e+00 4.086596e+02
      vertex   1.653597e+02 3.500000e+00 4.089083e+02
    endloop
  endfacet
  facet normal -9.289767e-01 -7.543745e-15 3.701382e-01
    outer loop
      vertex   1.653597e+02 7.000000e+00 4.089083e+02
      vertex   1.653597e+02 3.500000e+00 4.089083e+02
      vertex   1.654639e+02 7.000000e+00 4.091698e+02
    endloop
  endfacet
  facet normal -9.289767e-01 0.000000e+00 3.701382e-01
    outer loop
      vertex   1.654639e+02 7.000000e+00 4.091698e+02
      vertex   1.653597e+02 3.500000e+00 4.089083e+02
      vertex   1.654639e+02 3.500000e+00 4.091698e+02
    endloop
  endfacet
  facet normal -9.635500e-01 0.000000e+00 2.675283e-01
    outer loop
      vertex   1.654639e+02 7.000000e+00 4.091698e+02
      vertex   1.654639e+02 3.500000e+00 4.091698e+02
      vertex   1.655392e+02 7.000000e+00 4.094411e+02
    endloop
  endfacet
  facet normal -9.635500e-01 0.000000e+00 2.675283e-01
    outer loop
      vertex   1.655392e+02 7.000000e+00 4.094411e+02
      vertex   1.654639e+02 3.500000e+00 4.091698e+02
      vertex   1.655392e+02 3.500000e+00 4.094411e+02
    endloop
  endfacet
  facet normal -9.868265e-01 0.000000e+00 1.617820e-01
    outer loop
      vertex   1.655392e+02 7.000000e+00 4.094411e+02
      vertex   1.655392e+02 3.500000e+00 4.094411e+02
      vertex   1.655848e+02 7.000000e+00 4.097189e+02
    endloop
  endfacet
  facet normal -9.868265e-01 0.000000e+00 1.617820e-01
    outer loop
      vertex   1.655848e+02 7.000000e+00 4.097189e+02
      vertex   1.655392e+02 3.500000e+00 4.094411e+02
      vertex   1.655848e+02 3.500000e+00 4.097189e+02
    endloop
  endfacet
  facet normal -9.985334e-01 0.000000e+00 5.413891e-02
    outer loop
      vertex   1.655848e+02 7.000000e+00 4.097189e+02
      vertex   1.655848e+02 3.500000e+00 4.097189e+02
      vertex   1.656000e+02 7.000000e+00 4.100000e+02
    endloop
  endfacet
  facet normal -9.985334e-01 0.000000e+00 5.413891e-02
    outer loop
      vertex   1.656000e+02 7.000000e+00 4.100000e+02
      vertex   1.655848e+02 3.500000e+00 4.097189e+02
      vertex   1.656000e+02 3.500000e+00 4.100000e+02
    endloop
  endfacet
  facet normal -9.985334e-01 -0.000000e+00 -5.413891e-02
    outer loop
      vertex   1.656000e+02 7.000000e+00 4.100000e+02
      vertex   1.656000e+02 3.500000e+00 4.100000e+02
      vertex   1.655848e+02 7.000000e+00 4.102811e+02
    endloop
  endfacet
  facet normal -9.985334e-01 -0.000000e+00 -5.413891e-02
    outer loop
      vertex   1.655848e+02 7.000000e+00 4.102811e+02
      vertex   1.656000e+02 3.500000e+00 4.100000e+02
      vertex   1.655848e+02 3.500000e+00 4.102811e+02
    endloop
  endfacet
  facet normal -9.868265e-01 -0.000000e+00 -1.617820e-01
    outer loop
      vertex   1.655848e+02 7.000000e+00 4.102811e+02
      vertex   1.655848e+02 3.500000e+00 4.102811e+02
      vertex   1.655392e+02 7.000000e+00 4.105589e+02
    endloop
  endfacet
  facet normal -9.868265e-01 -0.000000e+00 -1.617820e-01
    outer loop
      vertex   1.655392e+02 7.000000e+00 4.105589e+02
      vertex   1.655848e+02 3.500000e+00 4.102811e+02
      vertex   1.655392e+02 3.500000e+00 4.105589e+02
    endloop
  endfacet
  facet normal -9.635500e-01 -0.000000e+00 -2.675283e-01
    outer loop
      vertex   1.655392e+02 7.000000e+00 4.105589e+02
      vertex   1.655392e+02 3.500000e+00 4.105589e+02
      vertex   1.654639e+02 7.000000e+00 4.108302e+02
    endloop
  endfacet
  facet normal -9.635500e-01 -0.000000e+00 -2.675283e-01
    outer loop
      vertex   1.654639e+02 7.000000e+00 4.108302e+02
      vertex   1.655392e+02 3.500000e+00 4.105589e+02
      vertex   1.654639e+02 3.500000e+00 4.108302e+02
    endloop
  endfacet
  facet normal -9.289767e-01 -0.000000e+00 -3.701382e-01
    outer loop
      vertex   1.654639e+02 7.000000e+00 4.108302e+02
      vertex   1.654639e+02 3.500000e+00 4.108302e+02
      vertex   1.653597e+02 7.000000e+00 4.110917e+02
    endloop
  endfacet
  facet normal -9.289767e-01 -7.543745e-15 -3.701382e-01
    outer loop
      vertex   1.653597e+02 7.000000e+00 4.110917e+02
      vertex   1.654639e+02 3.500000e+00 4.108302e+02
      vertex   1.653597e+02 3.500000e+00 4.110917e+02
    endloop
  endfacet
  facet normal -8.835120e-01 -7.174549e-15 -4.684084e-01
    outer loop
      vertex   1.653597e+02 7.000000e+00 4.110917e+02
      vertex   1.653597e+02 3.500000e+00 4.110917e+02
      vertex   1.652278e+02 7.000000e+00 4.113404e+02
    endloop
  endfacet
  facet normal -8.835120e-01 -0.000000e+00 -4.684084e-01
    outer loop
      vertex   1.652278e+02 7.000000e+00 4.113404e+02
      vertex   1.653597e+02 3.500000e+00 4.110917e+02
      vertex   1.652278e+02 3.500000e+00 4.113404e+02
    endloop
  endfacet
  facet normal -8.276890e-01 -0.000000e+00 -5.611871e-01
    outer loop
      vertex   1.652278e+02 7.000000e+00 4.113404e+02
      vertex   1.652278e+02 3.500000e+00 4.113404e+02
      vertex   1.650698e+02 7.000000e+00 4.115735e+02
    endloop
  endfacet
  facet normal -8.276890e-01 -0.000000e+00 -5.611871e-01
    outer loop
      vertex   1.650698e+02 7.000000e+00 4.115735e+02
      vertex   1.652278e+02 3.500000e+00 4.113404e+02
      vertex   1.650698e+02 3.500000e+00 4.115735e+02
    endloop
  endfacet
  facet normal -7.621621e-01 -0.000000e+00 -6.473863e-01
    outer loop
      vertex   1.650698e+02 7.000000e+00 4.115735e+02
      vertex   1.650698e+02 3.500000e+00 4.115735e+02
      vertex   1.648876e+02 7.000000e+00 4.117880e+02
    endloop
  endfacet
  facet normal -7.621621e-01 -0.000000e+00 -6.473863e-01
    outer loop
      vertex   1.648876e+02 7.000000e+00 4.117880e+02
      vertex   1.650698e+02 3.500000e+00 4.115735e+02
      vertex   1.648876e+02 3.500000e+00 4.117880e+02
    endloop
  endfacet
  facet normal -6.876995e-01 -0.000000e+00 -7.259955e-01
    outer loop
      vertex   1.648876e+02 7.000000e+00 4.117880e+02
      vertex   1.648876e+02 3.500000e+00 4.117880e+02
      vertex   1.646832e+02 7.000000e+00 4.119816e+02
    endloop
  endfacet
  facet normal -6.876995e-01 -0.000000e+00 -7.259955e-01
    outer loop
      vertex   1.646832e+02 7.000000e+00 4.119816e+02
      vertex   1.648876e+02 3.500000e+00 4.117880e+02
      vertex   1.646832e+02 3.500000e+00 4.119816e+02
    endloop
  endfacet
  facet normal -6.051742e-01 -0.000000e+00 -7.960931e-01
    outer loop
      vertex   1.646832e+02 7.000000e+00 4.119816e+02
      vertex   1.646832e+02 3.500000e+00 4.119816e+02
      vertex   1.644591e+02 7.000000e+00 4.121520e+02
    endloop
  endfacet
  facet normal -6.051742e-01 -0.000000e+00 -7.960931e-01
    outer loop
      vertex   1.644591e+02 7.000000e+00 4.121520e+02
      vertex   1.646832e+02 3.500000e+00 4.119816e+02
      vertex   1.644591e+02 3.500000e+00 4.121520e+02
    endloop
  endfacet
  facet normal -5.155539e-01 -0.000000e+00 -8.568572e-01
    outer loop
      vertex   1.644591e+02 7.000000e+00 4.121520e+02
      vertex   1.644591e+02 3.500000e+00 4.121520e+02
      vertex   1.642179e+02 7.000000e+00 4.122971e+02
    endloop
  endfacet
  facet normal -5.155539e-01 -0.000000e+00 -8.568572e-01
    outer loop
      vertex   1.642179e+02 7.000000e+00 4.122971e+02
      vertex   1.644591e+02 3.500000e+00 4.121520e+02
      vertex   1.642179e+02 3.500000e+00 4.122971e+02
    endloop
  endfacet
  facet normal -4.198891e-01 -0.000000e+00 -9.075754e-01
    outer loop
      vertex   1.642179e+02 7.000000e+00 4.122971e+02
      vertex   1.642179e+02 3.500000e+00 4.122971e+02
      vertex   1.639624e+02 7.000000e+00 4.124153e+02
    endloop
  endfacet
  facet normal -4.198891e-01 -0.000000e+00 -9.075754e-01
    outer loop
      vertex   1.639624e+02 7.000000e+00 4.124153e+02
      vertex   1.642179e+02 3.500000e+00 4.122971e+02
      vertex   1.639624e+02 3.500000e+00 4.124153e+02
    endloop
  endfacet
  facet normal -3.193015e-01 -0.000000e+00 -9.476532e-01
    outer loop
      vertex   1.639624e+02 7.000000e+00 4.124153e+02
      vertex   1.639624e+02 3.500000e+00 4.124153e+02
      vertex   1.636956e+02 7.000000e+00 4.125052e+02
    endloop
  endfacet
  facet normal -3.193015e-01 -0.000000e+00 -9.476532e-01
    outer loop
      vertex   1.636956e+02 7.000000e+00 4.125052e+02
      vertex   1.639624e+02 3.500000e+00 4.124153e+02
      vertex   1.636956e+02 3.500000e+00 4.125052e+02
    endloop
  endfacet
  facet normal -2.149704e-01 -0.000000e+00 -9.766206e-01
    outer loop
      vertex   1.636956e+02 7.000000e+00 4.125052e+02
      vertex   1.636956e+02 3.500000e+00 4.125052e+02
      vertex   1.634206e+02 7.000000e+00 4.125657e+02
    endloop
  endfacet
  facet normal -2.149704e-01 -0.000000e+00 -9.766206e-01
    outer loop
      vertex   1.634206e+02 7.000000e+00 4.125657e+02
      vertex   1.636956e+02 3.500000e+00 4.125052e+02
      vertex   1.634206e+02 3.500000e+00 4.125657e+02
    endloop
  endfacet
  facet normal -1.081190e-01 -0.000000e+00 -9.941380e-01
    outer loop
      vertex   1.634206e+02 7.000000e+00 4.125657e+02
      vertex   1.634206e+02 3.500000e+00 4.125657e+02
      vertex   1.631408e+02 7.000000e+00 4.125962e+02
    endloop
  endfacet
  facet normal -1.081190e-01 -0.000000e+00 -9.941380e-01
    outer loop
      vertex   1.631408e+02 7.000000e+00 4.125962e+02
      vertex   1.634206e+02 3.500000e+00 4.125657e+02
      vertex   1.631408e+02 3.500000e+00 4.125962e+02
    endloop
  endfacet
  facet normal -0.000000e+00 -0.000000e+00 -1.000000e+00
    outer loop
      vertex   1.631408e+02 7.000000e+00 4.125962e+02
      vertex   1.631408e+02 3.500000e+00 4.125962e+02
      vertex   1.628592e+02 7.000000e+00 4.125962e+02
    endloop
  endfacet
  facet normal 0.000000e+00 0.000000e+00 -1.000000e+00
    outer loop
      vertex   1.628592e+02 7.000000e+00 4.125962e+02
      vertex   1.631408e+02 3.500000e+00 4.125962e+02
      vertex   1.628592e+02 3.500000e+00 4.125962e+02
    endloop
  endfacet
  facet normal 1.081190e-01 0.000000e+00 -9.941380e-01
    outer loop
      vertex   1.628592e+02 7.000000e+00 4.125962e+02
      vertex   1.628592e+02 3.500000e+00 4.125962e+02
      vertex   1.625794e+02 7.000000e+00 4.125657e+02
    endloop
  endfacet
  facet normal 1.081190e-01 0.000000e+00 -9.941380e-01
    outer loop
      vertex   1.625794e+02 7.000000e+00 4.125657e+02
      vertex   1.628592e+02 3.500000e+00 4.125962e+02
      vertex   1.625794e+02 3.500000e+00 4.125657e+02
    endloop
  endfacet
  facet normal 2.149704e-01 0.000000e+00 -9.766206e-01
    outer loop
      vertex   1.625794e+02 7.000000e+00 4.125657e+02
      vertex   1.625794e+02 3.500000e+00 4.125657e+02
      vertex   1.623044e+02 7.000000e+00 4.125052e+02
    endloop
  endfacet
  facet normal 2.149704e-01 0.000000e+00 -9.766206e-01
    outer loop
      vertex   1.623044e+02 7.000000e+00 4.125052e+02
      vertex   1.625794e+02 3.500000e+00 4.125657e+02
      vertex   1.623044e+02 3.500000e+00 4.125052e+02
    endloop
  endfacet
  facet normal 3.193015e-01 0.000000e+00 -9.476532e-01
    outer loop
      vertex   1.623044e+02 7.000000e+00 4.125052e+02
      vertex   1.623044e+02 3.500000e+00 4.125052e+02
      vertex   1.620376e+02 7.000000e+00 4.124153e+02
    endloop
  endfacet
  facet normal 3.193015e-01 0.000000e+00 -9.476532e-01
    outer loop
      vertex   1.620376e+02 7.000000e+00 4.124153e+02
      vertex   1.623044e+02 3.500000e+00 4.125052e+02
      vertex   1.620376e+02 3.500000e+00 4.124153e+02
    endloop
  endfacet
  facet normal 4.198891e-01 0.000000e+00 -9.075754e-01
    outer loop
      vertex   1.620376e+02 7.000000e+00 4.124153e+02
      vertex   1.620376e+02 3.500000e+00 4.124153e+02
      vertex   1.617821e+02 7.000000e+00 4.122971e+02
    endloop
  endfacet
  facet normal 4.198891e-01 0.000000e+00 -9.075754e-01
    outer loop
      vertex   1.617821e+02 7.000000e+00 4.122971e+02
      vertex   1.620376e+02 3.500000e+00 4.124153e+02
      vertex   1.617821e+02 3.500000e+00 4.122971e+02
    endloop
  endfacet
  facet normal 5.155539e-01 0.000000e+00 -8.568572e-01
    outer loop
      vertex   1.617821e+02 7.000000e+00 4.122971e+02
      vertex   1.617821e+02 3.500000e+00 4.122971e+02
      vertex   1.615409e+02 7.000000e+00 4.121520e+02
    endloop
  endfacet
  facet normal 5.155539e-01 0.000000e+00 -8.568572e-01
    outer loop
      vertex   1.615409e+02 7.000000e+00 4.121520e+02
      vertex   1.617821e+02 3.500000e+00 4.122971e+02
      vertex   1.615409e+02 3.500000e+00 4.121520e+02
    endloop
  endfacet
  facet normal 6.051742e-01 0.000000e+00 -7.960931e-01
    outer loop
      vertex   1.615409e+02 7.000000e+00 4.121520e+02
      vertex   1.615409e+02 3.500000e+00 4.121520e+02
      vertex   1.613168e+02 7.000000e+00 4.119816e+02
    endloop
  endfacet
  facet normal 6.051742e-01 0.000000e+00 -7.960931e-01
    outer loop
      vertex   1.613168e+02 7.000000e+00 4.119816e+02
      vertex   1.615409e+02 3.500000e+00 4.121520e+02
      vertex   1.613168e+02 3.500000e+00 4.119816e+02
    endloop
  endfacet
  facet normal 6.876995e-01 0.000000e+00 -7.259955e-01
    outer loop
      vertex   1.613168e+02 7.000000e+00 4.119816e+02
      vertex   1.613168e+02 3.500000e+00 4.119816e+02
      vertex   1.611124e+02 7.000000e+00 4.117880e+02
    endloop
  endfacet
  facet normal 6.876995e-01 0.000000e+00 -7.259955e-01
    outer loop
      vertex   1.611124e+02 7.000000e+00 4.117880e+02
      vertex   1.613168e+02 3.500000e+00 4.119816e+02
      vertex   1.611124e+02 3.500000e+00 4.117880e+02
    endloop
  endfacet
  facet normal 7.621621e-01 0.000000e+00 -6.473863e-01
    outer loop
      vertex   1.611124e+02 7.000000e+00 4.117880e+02
      vertex   1.611124e+02 3.500000e+00 4.117880e+02
      vertex   1.609302e+02 7.000000e+00 4.115735e+02
    endloop
  endfacet
  facet normal 7.621621e-01 0.000000e+00 -6.473863e-01
    outer loop
      vertex   1.609302e+02 7.000000e+00 4.115735e+02
      vertex   1.611124e+02 3.500000e+00 4.117880e+02
      vertex   1.609302e+02 3.500000e+00 4.115735e+02
    endloop
  endfacet
  facet normal 8.276890e-01 0.000000e+00 -5.611871e-01
    outer loop
      vertex   1.609302e+02 7.000000e+00 4.115735e+02
      vertex   1.609302e+02 3.500000e+00 4.115735e+02
      vertex   1.607722e+02 7.000000e+00 4.113404e+02
    endloop
  endfacet
  facet normal 8.276890e-01 0.000000e+00 -5.611871e-01
    outer loop
      vertex   1.607722e+02 7.000000e+00 4.113404e+02
      vertex   1.609302e+02 3.500000e+00 4.115735e+02
      vertex   1.607722e+02 3.500000e+00 4.113404e+02
    endloop
  endfacet
  facet normal 8.835120e-01 0.000000e+00 -4.684084e-01
    outer loop
      vertex   1.607722e+02 7.000000e+00 4.113404e+02
      vertex   1.607722e+02 3.500000e+00 4.113404e+02
      vertex   1.606403e+02 7.000000e+00 4.110917e+02
    endloop
  endfacet
  facet normal 8.835120e-01 -1.434910e-14 -4.684084e-01
    outer loop
      vertex   1.606403e+02 7.000000e+00 4.110917e+02
      vertex   1.607722e+02 3.500000e+00 4.113404e+02
      vertex   1.606403e+02 3.500000e+00 4.110917e+02
    endloop
  endfacet
  facet normal 9.289767e-01 -1.508749e-14 -3.701382e-01
    outer loop
      vertex   1.606403e+02 7.000000e+00 4.110917e+02
      vertex   1.606403e+02 3.500000e+00 4.110917e+02
      vertex   1.605361e+02 7.000000e+00 4.108302e+02
    endloop
  endfacet
  facet normal 9.289767e-01 0.000000e+00 -3.701382e-01
    outer loop
      vertex   1.605361e+02 7.000000e+00 4.108302e+02
      vertex   1.606403e+02 3.500000e+00 4.110917e+02
      vertex   1.605361e+02 3.500000e+00 4.108302e+02
    endloop
  endfacet
  facet normal 9.635500e-01 0.000000e+00 -2.675283e-01
    outer loop
      vertex   1.605361e+02 7.000000e+00 4.108302e+02
      vertex   1.605361e+02 3.500000e+00 4.108302e+02
      vertex   1.604608e+02 7.000000e+00 4.105589e+02
    endloop
  endfacet
  facet normal 9.635500e-01 0.000000e+00 -2.675283e-01
    outer loop
      vertex   1.604608e+02 7.000000e+00 4.105589e+02
      vertex   1.605361e+02 3.500000e+00 4.108302e+02
      vertex   1.604608e+02 3.500000e+00 4.105589e+02
    endloop
  endfacet
  facet normal 9.868265e-01 0.000000e+00 -1.617820e-01
    outer loop
      vertex   1.604608e+02 7.000000e+00 4.105589e+02
      vertex   1.604608e+02 3.500000e+00 4.105589e+02
      vertex   1.604152e+02 7.000000e+00 4.102811e+02
    endloop
  endfacet
  facet normal 9.868265e-01 0.000000e+00 -1.617820e-01
    outer loop
      vertex   1.604152e+02 7.000000e+00 4.102811e+02
      vertex   1.604608e+02 3.500000e+00 4.105589e+02
      vertex   1.604152e+02 3.500000e+00 4.102811e+02
    endloop
  endfacet
  facet normal 9.951902e-01 1.050690e-03 -9.795623e-02
    outer loop
      vertex   1.604025e+02 1.251697e-06 4.101142e+02
      vertex   1.604152e+02 3.500000e+00 4.102811e+02
      vertex   1.604301e+02 1.490116e-07 4.103944e+02
    endloop
  endfacet
  facet normal 9.868260e-01 -1.050690e-03 -1.617819e-01
    outer loop
      vertex   1.604301e+02 1.490116e-07 4.103944e+02
      vertex   1.604152e+02 3.500000e+00 4.102811e+02
      vertex   1.604608e+02 3.500000e+00 4.105589e+02
    endloop
  endfacet
  facet normal 9.787654e-01 1.050690e-03 -2.049810e-01
    outer loop
      vertex   1.604301e+02 1.490116e-07 4.103944e+02
      vertex   1.604608e+02 3.500000e+00 4.105589e+02
      vertex   1.604878e+02 1.251697e-06 4.106699e+02
    endloop
  endfacet
  facet normal 9.635495e-01 -1.050691e-03 -2.675282e-01
    outer loop
      vertex   1.604878e+02 1.251697e-06 4.106699e+02
      vertex   1.604608e+02 3.500000e+00 4.105589e+02
      vertex   1.605361e+02 3.500000e+00 4.108302e+02
    endloop
  endfacet
  facet normal 9.508655e-01 1.050691e-03 -3.096025e-01
    outer loop
      vertex   1.604878e+02 1.251697e-06 4.106699e+02
      vertex   1.605361e+02 3.500000e+00 4.108302e+02
      vertex   1.605750e+02 1.251697e-06 4.109376e+02
    endloop
  endfacet
  facet normal 9.289762e-01 -1.050691e-03 -3.701380e-01
    outer loop
      vertex   1.605750e+02 1.251697e-06 4.109376e+02
      vertex   1.605361e+02 3.500000e+00 4.108302e+02
      vertex   1.606403e+02 3.500000e+00 4.110917e+02
    endloop
  endfacet
  facet normal 9.118175e-01 1.050691e-03 -4.105943e-01
    outer loop
      vertex   1.605750e+02 1.251697e-06 4.109376e+02
      vertex   1.606403e+02 3.500000e+00 4.110917e+02
      vertex   1.606905e+02 1.251697e-06 4.111943e+02
    endloop
  endfacet
  facet normal 8.835116e-01 -1.050691e-03 -4.684082e-01
    outer loop
      vertex   1.606905e+02 1.251697e-06 4.111943e+02
      vertex   1.606403e+02 3.500000e+00 4.110917e+02
      vertex   1.607722e+02 3.500000e+00 4.113404e+02
    endloop
  endfacet
  facet normal 8.620794e-01 1.050691e-03 -5.067722e-01
    outer loop
      vertex   1.606905e+02 1.251697e-06 4.111943e+02
      vertex   1.607722e+02 3.500000e+00 4.113404e+02
      vertex   1.608332e+02 1.251697e-06 4.114370e+02
    endloop
  endfacet
  facet normal 8.276885e-01 -1.050691e-03 -5.611868e-01
    outer loop
      vertex   1.608332e+02 1.251697e-06 4.114370e+02
      vertex   1.607722e+02 3.500000e+00 4.113404e+02
      vertex   1.609302e+02 3.500000e+00 4.115735e+02
    endloop
  endfacet
  facet normal 8.022341e-01 1.050691e-03 -5.970086e-01
    outer loop
      vertex   1.608332e+02 1.251697e-06 4.114370e+02
      vertex   1.609302e+02 3.500000e+00 4.115735e+02
      vertex   1.610013e+02 1.251697e-06 4.116629e+02
    endloop
  endfacet
  facet normal 7.621616e-01 -1.050691e-03 -6.473859e-01
    outer loop
      vertex   1.610013e+02 1.251697e-06 4.116629e+02
      vertex   1.609302e+02 3.500000e+00 4.115735e+02
      vertex   1.611124e+02 3.500000e+00 4.117880e+02
    endloop
  endfacet
  facet normal 7.329834e-01 1.050691e-03 -6.802457e-01
    outer loop
      vertex   1.610013e+02 1.251697e-06 4.116629e+02
      vertex   1.611124e+02 3.500000e+00 4.117880e+02
      vertex   1.611928e+02 1.251697e-06 4.118692e+02
    endloop
  endfacet
  facet normal 6.876991e-01 -1.050691e-03 -7.259951e-01
    outer loop
      vertex   1.611928e+02 1.251697e-06 4.118692e+02
      vertex   1.611124e+02 3.500000e+00 4.117880e+02
      vertex   1.613168e+02 3.500000e+00 4.119816e+02
    endloop
  endfacet
  facet normal 6.551391e-01 1.050691e-03 -7.555075e-01
    outer loop
      vertex   1.611928e+02 1.251697e-06 4.118692e+02
      vertex   1.613168e+02 3.500000e+00 4.119816e+02
      vertex   1.614055e+02 1.251697e-06 4.120537e+02
    endloop
  endfacet
  facet normal 6.051739e-01 -1.050691e-03 -7.960926e-01
    outer loop
      vertex   1.614055e+02 1.251697e-06 4.120537e+02
      vertex   1.613168e+02 3.500000e+00 4.119816e+02
      vertex   1.615409e+02 3.500000e+00 4.121520e+02
    endloop
  endfacet
  facet normal 5.696139e-01 1.050691e-03 -8.219117e-01
    outer loop
      vertex   1.614055e+02 1.251697e-06 4.120537e+02
      vertex   1.615409e+02 3.500000e+00 4.121520e+02
      vertex   1.616369e+02 1.251697e-06 4.122140e+02
    endloop
  endfacet
  facet normal 5.155536e-01 -1.050691e-03 -8.568567e-01
    outer loop
      vertex   1.616369e+02 1.251697e-06 4.122140e+02
      vertex   1.615409e+02 3.500000e+00 4.121520e+02
      vertex   1.617821e+02 3.500000e+00 4.122971e+02
    endloop
  endfacet
  facet normal 4.774106e-01 1.050691e-03 -8.786797e-01
    outer loop
      vertex   1.616369e+02 1.251697e-06 4.122140e+02
      vertex   1.617821e+02 3.500000e+00 4.122971e+02
      vertex   1.618842e+02 1.251697e-06 4.123484e+02
    endloop
  endfacet
  facet normal 4.198889e-01 -1.050691e-03 -9.075749e-01
    outer loop
      vertex   1.618842e+02 1.251697e-06 4.123484e+02
      vertex   1.617821e+02 3.500000e+00 4.122971e+02
      vertex   1.620376e+02 3.500000e+00 4.124153e+02
    endloop
  endfacet
  facet normal 3.796100e-01 1.050691e-03 -9.251460e-01
    outer loop
      vertex   1.618842e+02 1.251697e-06 4.123484e+02
      vertex   1.620376e+02 3.500000e+00 4.124153e+02
      vertex   1.621447e+02 1.251697e-06 4.124553e+02
    endloop
  endfacet
  facet normal 3.193014e-01 -1.050691e-03 -9.476526e-01
    outer loop
      vertex   1.621447e+02 1.251697e-06 4.124553e+02
      vertex   1.620376e+02 3.500000e+00 4.124153e+02
      vertex   1.623044e+02 3.500000e+00 4.125052e+02
    endloop
  endfacet
  facet normal 2.773588e-01 1.050691e-03 -9.607658e-01
    outer loop
      vertex   1.621447e+02 1.251697e-06 4.124553e+02
      vertex   1.623044e+02 3.500000e+00 4.125052e+02
      vertex   1.624152e+02 1.251697e-06 4.125334e+02
    endloop
  endfacet
  facet normal 2.149703e-01 -1.050691e-03 -9.766200e-01
    outer loop
      vertex   1.624152e+02 1.251697e-06 4.125334e+02
      vertex   1.623044e+02 3.500000e+00 4.125052e+02
      vertex   1.625794e+02 3.500000e+00 4.125657e+02
    endloop
  endfacet
  facet normal 1.718558e-01 1.050691e-03 -9.851215e-01
    outer loop
      vertex   1.624152e+02 1.251697e-06 4.125334e+02
      vertex   1.625794e+02 3.500000e+00 4.125657e+02
      vertex   1.626925e+02 1.251697e-06 4.125818e+02
    endloop
  endfacet
  facet normal 1.081190e-01 -1.050691e-03 -9.941374e-01
    outer loop
      vertex   1.626925e+02 1.251697e-06 4.125818e+02
      vertex   1.625794e+02 3.500000e+00 4.125657e+02
      vertex   1.628592e+02 3.500000e+00 4.125962e+02
    endloop
  endfacet
  facet normal 6.433805e-02 1.050691e-03 -9.979276e-01
    outer loop
      vertex   1.626925e+02 1.251697e-06 4.125818e+02
      vertex   1.628592e+02 3.500000e+00 4.125962e+02
      vertex   1.629734e+02 1.251697e-06 4.125999e+02
    endloop
  endfacet
  facet normal 0.000000e+00 -1.050691e-03 -9.999994e-01
    outer loop
      vertex   1.629734e+02 1.251697e-06 4.125999e+02
      vertex   1.628592e+02 3.500000e+00 4.125962e+02
      vertex   1.631408e+02 3.500000e+00 4.125962e+02
    endloop
  endfacet
  facet normal -4.393406e-02 1.050691e-03 -9.990339e-01
    outer loop
      vertex   1.629734e+02 1.251697e-06 4.125999e+02
      vertex   1.631408e+02 3.500000e+00 4.125962e+02
      vertex   1.632547e+02 1.251697e-06 4.125875e+02
    endloop
  endfacet
  facet normal -1.081190e-01 -1.050691e-03 -9.941374e-01
    outer loop
      vertex   1.632547e+02 1.251697e-06 4.125875e+02
      vertex   1.631408e+02 3.500000e+00 4.125962e+02
      vertex   1.634206e+02 3.500000e+00 4.125657e+02
    endloop
  endfacet
  facet normal -1.516911e-01 1.050691e-03 -9.884274e-01
    outer loop
      vertex   1.632547e+02 1.251697e-06 4.125875e+02
      vertex   1.634206e+02 3.500000e+00 4.125657e+02
      vertex   1.635330e+02 1.251697e-06 4.125448e+02
    endloop
  endfacet
  facet normal -2.149703e-01 -1.050691e-03 -9.766200e-01
    outer loop
      vertex   1.635330e+02 1.251697e-06 4.125448e+02
      vertex   1.634206e+02 3.500000e+00 4.125657e+02
      vertex   1.636956e+02 3.500000e+00 4.125052e+02
    endloop
  endfacet
  facet normal -2.576697e-01 1.050691e-03 -9.662325e-01
    outer loop
      vertex   1.635330e+02 1.251697e-06 4.125448e+02
      vertex   1.636956e+02 3.500000e+00 4.125052e+02
      vertex   1.638050e+02 1.251697e-06 4.124723e+02
    endloop
  endfacet
  facet normal -3.193014e-01 -1.050691e-03 -9.476526e-01
    outer loop
      vertex   1.638050e+02 1.251697e-06 4.124723e+02
      vertex   1.636956e+02 3.500000e+00 4.125052e+02
      vertex   1.639624e+02 3.500000e+00 4.124153e+02
    endloop
  endfacet
  facet normal -3.606273e-01 1.050691e-03 -9.327094e-01
    outer loop
      vertex   1.638050e+02 1.251697e-06 4.124723e+02
      vertex   1.639624e+02 3.500000e+00 4.124153e+02
      vertex   1.640675e+02 1.251697e-06 4.123707e+02
    endloop
  endfacet
  facet normal -4.198889e-01 -1.050691e-03 -9.075749e-01
    outer loop
      vertex   1.640675e+02 1.251697e-06 4.123707e+02
      vertex   1.639624e+02 3.500000e+00 4.124153e+02
      vertex   1.642179e+02 3.500000e+00 4.122971e+02
    endloop
  endfacet
  facet normal -4.593569e-01 1.050691e-03 -8.882512e-01
    outer loop
      vertex   1.640675e+02 1.251697e-06 4.123707e+02
      vertex   1.642179e+02 3.500000e+00 4.122971e+02
      vertex   1.643176e+02 1.251697e-06 4.122414e+02
    endloop
  endfacet
  facet normal -5.155536e-01 -1.050691e-03 -8.568567e-01
    outer loop
      vertex   1.643176e+02 1.251697e-06 4.122414e+02
      vertex   1.642179e+02 3.500000e+00 4.122971e+02
      vertex   1.644591e+02 3.500000e+00 4.121520e+02
    endloop
  endfacet
  facet normal -5.527010e-01 1.050691e-03 -8.333790e-01
    outer loop
      vertex   1.643176e+02 1.251697e-06 4.122414e+02
      vertex   1.644591e+02 3.500000e+00 4.121520e+02
      vertex   1.645522e+02 1.251697e-06 4.120858e+02
    endloop
  endfacet
  facet normal -6.051739e-01 -1.050691e-03 -7.960926e-01
    outer loop
      vertex   1.645522e+02 1.251697e-06 4.120858e+02
      vertex   1.644591e+02 3.500000e+00 4.121520e+02
      vertex   1.646832e+02 3.500000e+00 4.119816e+02
    endloop
  endfacet
  facet normal -6.395651e-01 1.050691e-03 -7.687362e-01
    outer loop
      vertex   1.645522e+02 1.251697e-06 4.120858e+02
      vertex   1.646832e+02 3.500000e+00 4.119816e+02
      vertex   1.647686e+02 1.251697e-06 4.119058e+02
    endloop
  endfacet
  facet normal -6.876991e-01 -1.050691e-03 -7.259951e-01
    outer loop
      vertex   1.647686e+02 1.251697e-06 4.119058e+02
      vertex   1.646832e+02 3.500000e+00 4.119816e+02
      vertex   1.648876e+02 3.500000e+00 4.117880e+02
    endloop
  endfacet
  facet normal -7.189310e-01 1.050691e-03 -6.950807e-01
    outer loop
      vertex   1.647686e+02 1.251697e-06 4.119058e+02
      vertex   1.648876e+02 3.500000e+00 4.117880e+02
      vertex   1.649643e+02 1.251697e-06 4.117034e+02
    endloop
  endfacet
  facet normal -7.621616e-01 -1.050691e-03 -6.473859e-01
    outer loop
      vertex   1.649643e+02 1.251697e-06 4.117034e+02
      vertex   1.648876e+02 3.500000e+00 4.117880e+02
      vertex   1.650698e+02 3.500000e+00 4.115735e+02
    endloop
  endfacet
  facet normal -7.898680e-01 1.050691e-03 -6.132760e-01
    outer loop
      vertex   1.649643e+02 1.251697e-06 4.117034e+02
      vertex   1.650698e+02 3.500000e+00 4.115735e+02
      vertex   1.651370e+02 1.251697e-06 4.114810e+02
    endloop
  endfacet
  facet normal -8.276885e-01 -1.050691e-03 -5.611868e-01
    outer loop
      vertex   1.651370e+02 1.251697e-06 4.114810e+02
      vertex   1.650698e+02 3.500000e+00 4.115735e+02
      vertex   1.652278e+02 3.500000e+00 4.113404e+02
    endloop
  endfacet
  facet normal -8.515446e-01 1.050691e-03 -5.242812e-01
    outer loop
      vertex   1.651370e+02 1.251697e-06 4.114810e+02
      vertex   1.652278e+02 3.500000e+00 4.113404e+02
      vertex   1.652846e+02 1.251697e-06 4.112413e+02
    endloop
  endfacet
  facet normal -8.835116e-01 -1.050691e-03 -4.684082e-01
    outer loop
      vertex   1.652846e+02 1.251697e-06 4.112413e+02
      vertex   1.652278e+02 3.500000e+00 4.113404e+02
      vertex   1.653597e+02 3.500000e+00 4.110917e+02
    endloop
  endfacet
  facet normal -9.032376e-01 1.050691e-03 -4.291396e-01
    outer loop
      vertex   1.652846e+02 1.251697e-06 4.112413e+02
      vertex   1.653597e+02 3.500000e+00 4.110917e+02
      vertex   1.654054e+02 1.251697e-06 4.109870e+02
    endloop
  endfacet
  facet normal -9.289762e-01 -1.050691e-03 -3.701380e-01
    outer loop
      vertex   1.654054e+02 1.251697e-06 4.109870e+02
      vertex   1.653597e+02 3.500000e+00 4.110917e+02
      vertex   1.654639e+02 3.500000e+00 4.108302e+02
    endloop
  endfacet
  facet normal -9.443409e-01 1.050691e-03 -3.289668e-01
    outer loop
      vertex   1.654054e+02 1.251697e-06 4.109870e+02
      vertex   1.654639e+02 3.500000e+00 4.108302e+02
      vertex   1.654980e+02 1.251697e-06 4.107211e+02
    endloop
  endfacet
  facet normal -9.635495e-01 -1.050691e-03 -2.675282e-01
    outer loop
      vertex   1.654980e+02 1.251697e-06 4.107211e+02
      vertex   1.654639e+02 3.500000e+00 4.108302e+02
      vertex   1.655392e+02 3.500000e+00 4.105589e+02
    endloop
  endfacet
  facet normal -9.743727e-01 1.050691e-03 -2.249372e-01
    outer loop
      vertex   1.654980e+02 1.251697e-06 4.107211e+02
      vertex   1.655392e+02 3.500000e+00 4.105589e+02
      vertex   1.655613e+02 1.251697e-06 4.104468e+02
    endloop
  endfacet
  facet normal -9.868260e-01 -1.050691e-03 -1.617819e-01
    outer loop
      vertex   1.655613e+02 1.251697e-06 4.104468e+02
      vertex   1.655392e+02 3.500000e+00 4.105589e+02
      vertex   1.655848e+02 3.500000e+00 4.102811e+02
    endloop
  endfacet
  facet normal -9.929809e-01 1.050691e-03 -1.182704e-01
    outer loop
      vertex   1.655613e+02 1.251697e-06 4.104468e+02
      vertex   1.655848e+02 3.500000e+00 4.102811e+02
      vertex   1.655946e+02 1.251697e-06 4.101673e+02
    endloop
  endfacet
  facet normal -9.985329e-01 -1.050691e-03 -5.413888e-02
    outer loop
      vertex   1.655946e+02 1.251697e-06 4.101673e+02
      vertex   1.655848e+02 3.500000e+00 4.102811e+02
      vertex   1.656000e+02 3.500000e+00 4.100000e+02
    endloop
  endfacet
  facet normal -9.999473e-01 1.050691e-03 -1.021698e-02
    outer loop
      vertex   1.655946e+02 1.251697e-06 4.101673e+02
      vertex   1.656000e+02 3.500000e+00 4.100000e+02
      vertex   1.655975e+02 1.251697e-06 4.098858e+02
    endloop
  endfacet
  facet normal -9.985329e-01 -1.050691e-03 5.413888e-02
    outer loop
      vertex   1.655975e+02 1.251697e-06 4.098858e+02
      vertex   1.656000e+02 3.500000e+00 4.100000e+02
      vertex   1.655848e+02 3.500000e+00 4.097189e+02
    endloop
  endfacet
  facet normal -9.951902e-01 1.050691e-03 9.795623e-02
    outer loop
      vertex   1.655975e+02 1.251697e-06 4.098858e+02
      vertex   1.655848e+02 3.500000e+00 4.097189e+02
      vertex   1.655699e+02 1.251697e-06 4.096056e+02
    endloop
  endfacet
  facet normal -9.868260e-01 -1.050691e-03 1.617819e-01
    outer loop
      vertex   1.655699e+02 1.251697e-06 4.096056e+02
      vertex   1.655848e+02 3.500000e+00 4.097189e+02
      vertex   1.655392e+02 3.500000e+00 4.094411e+02
    endloop
  endfacet
  facet normal -9.787654e-01 1.050691e-03 2.049810e-01
    outer loop
      vertex   1.655699e+02 1.251697e-06 4.096056e+02
      vertex   1.655392e+02 3.500000e+00 4.094411e+02
      vertex   1.655122e+02 1.251697e-06 4.093301e+02
    endloop
  endfacet
  facet normal -9.635495e-01 -1.050691e-03 2.675282e-01
    outer loop
      vertex   1.655122e+02 1.251697e-06 4.093301e+02
      vertex   1.655392e+02 3.500000e+00 4.094411e+02
      vertex   1.654639e+02 3.500000e+00 4.091698e+02
    endloop
  endfacet
  facet normal -9.508655e-01 1.050691e-03 3.096025e-01
    outer loop
      vertex   1.655122e+02 1.251697e-06 4.093301e+02
      vertex   1.654639e+02 3.500000e+00 4.091698e+02
      vertex   1.654250e+02 1.251697e-06 4.090624e+02
    endloop
  endfacet
  facet normal -9.289762e-01 -1.050691e-03 3.701380e-01
    outer loop
      vertex   1.654250e+02 1.251697e-06 4.090624e+02
      vertex   1.654639e+02 3.500000e+00 4.091698e+02
      vertex   1.653597e+02 3.500000e+00 4.089083e+02
    endloop
  endfacet
  facet normal -9.118175e-01 1.050691e-03 4.105943e-01
    outer loop
      vertex   1.654250e+02 1.251697e-06 4.090624e+02
      vertex   1.653597e+02 3.500000e+00 4.089083e+02
      vertex   1.653095e+02 1.251697e-06 4.088057e+02
    endloop
  endfacet
  facet normal -8.835116e-01 -1.050691e-03 4.684082e-01
    outer loop
      vertex   1.653095e+02 1.251697e-06 4.088057e+02
      vertex   1.653597e+02 3.500000e+00 4.089083e+02
      vertex   1.652278e+02 3.500000e+00 4.086596e+02
    endloop
  endfacet
  facet normal -8.620794e-01 1.050691e-03 5.067722e-01
    outer loop
      vertex   1.653095e+02 1.251697e-06 4.088057e+02
      vertex   1.652278e+02 3.500000e+00 4.086596e+02
      vertex   1.651668e+02 1.251697e-06 4.085630e+02
    endloop
  endfacet
  facet normal -8.276885e-01 -1.050691e-03 5.611868e-01
    outer loop
      vertex   1.651668e+02 1.251697e-06 4.085630e+02
      vertex   1.652278e+02 3.500000e+00 4.086596e+02
      vertex   1.650698e+02 3.500000e+00 4.084265e+02
    endloop
  endfacet
  facet normal -8.022341e-01 1.050691e-03 5.970086e-01
    outer loop
      vertex   1.651668e+02 1.251697e-06 4.085630e+02
      vertex   1.650698e+02 3.500000e+00 4.084265e+02
      vertex   1.649987e+02 1.251697e-06 4.083371e+02
    endloop
  endfacet
  facet normal -7.621616e-01 -1.050691e-03 6.473859e-01
    outer loop
      vertex   1.649987e+02 1.251697e-06 4.083371e+02
      vertex   1.650698e+02 3.500000e+00 4.084265e+02
      vertex   1.648876e+02 3.500000e+00 4.082120e+02
    endloop
  endfacet
  facet normal -7.329834e-01 1.050691e-03 6.802457e-01
    outer loop
      vertex   1.649987e+02 1.251697e-06 4.083371e+02
      vertex   1.648876e+02 3.500000e+00 4.082120e+02
      vertex   1.648072e+02 1.251697e-06 4.081308e+02
    endloop
  endfacet
  facet normal -6.876991e-01 -1.050691e-03 7.259951e-01
    outer loop
      vertex   1.648072e+02 1.251697e-06 4.081308e+02
      vertex   1.648876e+02 3.500000e+00 4.082120e+02
      vertex   1.646832e+02 3.500000e+00 4.080184e+02
    endloop
  endfacet
  facet normal -6.551391e-01 1.050691e-03 7.555075e-01
    outer loop
      vertex   1.648072e+02 1.251697e-06 4.081308e+02
      vertex   1.646832e+02 3.500000e+00 4.080184e+02
      vertex   1.645945e+02 1.251697e-06 4.079463e+02
    endloop
  endfacet
  facet normal -6.051739e-01 -1.050691e-03 7.960926e-01
    outer loop
      vertex   1.645945e+02 1.251697e-06 4.079463e+02
      vertex   1.646832e+02 3.500000e+00 4.080184e+02
      vertex   1.644591e+02 3.500000e+00 4.078480e+02
    endloop
  endfacet
  facet normal -5.696139e-01 1.050691e-03 8.219117e-01
    outer loop
      vertex   1.645945e+02 1.251697e-06 4.079463e+02
      vertex   1.644591e+02 3.500000e+00 4.078480e+02
      vertex   1.643631e+02 1.251697e-06 4.077860e+02
    endloop
  endfacet
  facet normal -5.155536e-01 -1.050691e-03 8.568567e-01
    outer loop
      vertex   1.643631e+02 1.251697e-06 4.077860e+02
      vertex   1.644591e+02 3.500000e+00 4.078480e+02
      vertex   1.642179e+02 3.500000e+00 4.077029e+02
    endloop
  endfacet
  facet normal -4.774106e-01 1.050691e-03 8.786797e-01
    outer loop
      vertex   1.643631e+02 1.251697e-06 4.077860e+02
      vertex   1.642179e+02 3.500000e+00 4.077029e+02
      vertex   1.641158e+02 1.251697e-06 4.076516e+02
    endloop
  endfacet
  facet normal -4.198889e-01 -1.050691e-03 9.075749e-01
    outer loop
      vertex   1.641158e+02 1.251697e-06 4.076516e+02
      vertex   1.642179e+02 3.500000e+00 4.077029e+02
      vertex   1.639624e+02 3.500000e+00 4.075847e+02
    endloop
  endfacet
  facet normal -3.796100e-01 1.050691e-03 9.251460e-01
    outer loop
      vertex   1.641158e+02 1.251697e-06 4.076516e+02
      vertex   1.639624e+02 3.500000e+00 4.075847e+02
      vertex   1.638553e+02 1.251697e-06 4.075447e+02
    endloop
  endfacet
  facet normal -3.193014e-01 -1.050691e-03 9.476526e-01
    outer loop
      vertex   1.638553e+02 1.251697e-06 4.075447e+02
      vertex   1.639624e+02 3.500000e+00 4.075847e+02
      vertex   1.636956e+02 3.500000e+00 4.074948e+02
    endloop
  endfacet
  facet normal -2.773588e-01 1.050691e-03 9.607658e-01
    outer loop
      vertex   1.638553e+02 1.251697e-06 4.075447e+02
      vertex   1.636956e+02 3.500000e+00 4.074948e+02
      vertex   1.635848e+02 1.251697e-06 4.074666e+02
    endloop
  endfacet
  facet normal -2.149703e-01 -1.050691e-03 9.766200e-01
    outer loop
      vertex   1.635848e+02 1.251697e-06 4.074666e+02
      vertex   1.636956e+02 3.500000e+00 4.074948e+02
      vertex   1.634206e+02 3.500000e+00 4.074343e+02
    endloop
  endfacet
  facet normal -1.718558e-01 1.050691e-03 9.851215e-01
    outer loop
      vertex   1.635848e+02 1.251697e-06 4.074666e+02
      vertex   1.634206e+02 3.500000e+00 4.074343e+02
      vertex   1.633075e+02 1.251697e-06 4.074182e+02
    endloop
  endfacet
  facet normal -1.081190e-01 -1.050691e-03 9.941374e-01
    outer loop
      vertex   1.633075e+02 1.251697e-06 4.074182e+02
      vertex   1.634206e+02 3.500000e+00 4.074343e+02
      vertex   1.631408e+02 3.500000e+00 4.074038e+02
    endloop
  endfacet
  facet normal -6.433805e-02 1.050691e-03 9.979276e-01
    outer loop
      vertex   1.633075e+02 1.251697e-06 4.074182e+02
      vertex   1.631408e+02 3.500000e+00 4.074038e+02
      vertex   1.630266e+02 1.251697e-06 4.074001e+02
    endloop
  endfacet
  facet normal 0.000000e+00 -1.050691e-03 9.999994e-01
    outer loop
      vertex   1.630266e+02 1.251697e-06 4.074001e+02
      vertex   1.631408e+02 3.500000e+00 4.074038e+02
      vertex   1.628592e+02 3.500000e+00 4.074038e+02
    endloop
  endfacet
  facet normal 4.393406e-02 1.050691e-03 9.990339e-01
    outer loop
      vertex   1.630266e+02 1.251697e-06 4.074001e+02
      vertex   1.628592e+02 3.500000e+00 4.074038e+02
      vertex   1.627453e+02 1.251697e-06 4.074125e+02
    endloop
  endfacet
  facet normal 1.081190e-01 -1.050691e-03 9.941374e-01
    outer loop
      vertex   1.627453e+02 1.251697e-06 4.074125e+02
      vertex   1.628592e+02 3.500000e+00 4.074038e+02
      vertex   1.625794e+02 3.500000e+00 4.074343e+02
    endloop
  endfacet
  facet normal 1.516911e-01 1.050691e-03 9.884274e-01
    outer loop
      vertex   1.627453e+02 1.251697e-06 4.074125e+02
      vertex   1.625794e+02 3.500000e+00 4.074343e+02
      vertex   1.624671e+02 1.251697e-06 4.074552e+02
    endloop
  endfacet
  facet normal 2.149703e-01 -1.050691e-03 9.766200e-01
    outer loop
      vertex   1.624671e+02 1.251697e-06 4.074552e+02
      vertex   1.625794e+02 3.500000e+00 4.074343e+02
      vertex   1.623044e+02 3.500000e+00 4.074948e+02
    endloop
  endfacet
  facet normal 2.576697e-01 1.050691e-03 9.662325e-01
    outer loop
      vertex   1.624671e+02 1.251697e-06 4.074552e+02
      vertex   1.623044e+02 3.500000e+00 4.074948e+02
      vertex   1.621950e+02 1.251697e-06 4.075277e+02
    endloop
  endfacet
  facet normal 3.193014e-01 -1.050691e-03 9.476526e-01
    outer loop
      vertex   1.621950e+02 1.251697e-06 4.075277e+02
      vertex   1.623044e+02 3.500000e+00 4.074948e+02
      vertex   1.620376e+02 3.500000e+00 4.075847e+02
    endloop
  endfacet
  facet normal 3.606273e-01 1.050691e-03 9.327094e-01
    outer loop
      vertex   1.621950e+02 1.251697e-06 4.075277e+02
      vertex   1.620376e+02 3.500000e+00 4.075847e+02
      vertex   1.619325e+02 1.251697e-06 4.076293e+02
    endloop
  endfacet
  facet normal 4.198889e-01 -1.050691e-03 9.075749e-01
    outer loop
      vertex   1.619325e+02 1.251697e-06 4.076293e+02
      vertex   1.620376e+02 3.500000e+00 4.075847e+02
      vertex   1.617821e+02 3.500000e+00 4.077029e+02
    endloop
  endfacet
  facet normal 4.593569e-01 1.050691e-03 8.882512e-01
    outer loop
      vertex   1.619325e+02 1.251697e-06 4.076293e+02
      vertex   1.617821e+02 3.500000e+00 4.077029e+02
      vertex   1.616824e+02 1.251697e-06 4.077586e+02
    endloop
  endfacet
  facet normal 5.155536e-01 -1.050691e-03 8.568567e-01
    outer loop
      vertex   1.616824e+02 1.251697e-06 4.077586e+02
      vertex   1.617821e+02 3.500000e+00 4.077029e+02
      vertex   1.615409e+02 3.500000e+00 4.078480e+02
    endloop
  endfacet
  facet normal 5.527010e-01 1.050691e-03 8.333790e-01
    outer loop
      vertex   1.616824e+02 1.251697e-06 4.077586e+02
      vertex   1.615409e+02 3.500000e+00 4.078480e+02
      vertex   1.614478e+02 1.251697e-06 4.079142e+02
    endloop
  endfacet
  facet normal 6.051739e-01 -1.050691e-03 7.960926e-01
    outer loop
      vertex   1.614478e+02 1.251697e-06 4.079142e+02
      vertex   1.615409e+02 3.500000e+00 4.078480e+02
      vertex   1.613168e+02 3.500000e+00 4.080184e+02
    endloop
  endfacet
  facet normal 6.395651e-01 1.050691e-03 7.687362e-01
    outer loop
      vertex   1.614478e+02 1.251697e-06 4.079142e+02
      vertex   1.613168e+02 3.500000e+00 4.080184e+02
      vertex   1.612314e+02 1.251697e-06 4.080942e+02
    endloop
  endfacet
  facet normal 6.876991e-01 -1.050691e-03 7.259951e-01
    outer loop
      vertex   1.612314e+02 1.251697e-06 4.080942e+02
      vertex   1.613168e+02 3.500000e+00 4.080184e+02
      vertex   1.611124e+02 3.500000e+00 4.082120e+02
    endloop
  endfacet
  facet normal 7.189310e-01 1.050691e-03 6.950807e-01
    outer loop
      vertex   1.612314e+02 1.251697e-06 4.080942e+02
      vertex   1.611124e+02 3.500000e+00 4.082120e+02
      vertex   1.610357e+02 1.251697e-06 4.082966e+02
    endloop
  endfacet
  facet normal 7.621616e-01 -1.050691e-03 6.473859e-01
    outer loop
      vertex   1.610357e+02 1.251697e-06 4.082966e+02
      vertex   1.611124e+02 3.500000e+00 4.082120e+02
      vertex   1.609302e+02 3.500000e+00 4.084265e+02
    endloop
  endfacet
  facet normal 7.898680e-01 1.050691e-03 6.132760e-01
    outer loop
      vertex   1.610357e+02 1.251697e-06 4.082966e+02
      vertex   1.609302e+02 3.500000e+00 4.084265e+02
      vertex   1.608630e+02 1.251697e-06 4.085190e+02
    endloop
  endfacet
  facet normal 8.276885e-01 -1.050691e-03 5.611868e-01
    outer loop
      vertex   1.608630e+02 1.251697e-06 4.085190e+02
      vertex   1.609302e+02 3.500000e+00 4.084265e+02
      vertex   1.607722e+02 3.500000e+00 4.086596e+02
    endloop
  endfacet
  facet normal 8.515446e-01 1.050691e-03 5.242812e-01
    outer loop
      vertex   1.608630e+02 1.251697e-06 4.085190e+02
      vertex   1.607722e+02 3.500000e+00 4.086596e+02
      vertex   1.607154e+02 1.251697e-06 4.087587e+02
    endloop
  endfacet
  facet normal 8.835116e-01 -1.050691e-03 4.684082e-01
    outer loop
      vertex   1.607154e+02 1.251697e-06 4.087587e+02
      vertex   1.607722e+02 3.500000e+00 4.086596e+02
      vertex   1.606403e+02 3.500000e+00 4.089083e+02
    endloop
  endfacet
  facet normal 9.032376e-01 1.050691e-03 4.291396e-01
    outer loop
      vertex   1.607154e+02 1.251697e-06 4.087587e+02
      vertex   1.606403e+02 3.500000e+00 4.089083e+02
      vertex   1.605946e+02 1.251697e-06 4.090130e+02
    endloop
  endfacet
  facet normal 9.289762e-01 -1.050691e-03 3.701380e-01
    outer loop
      vertex   1.605946e+02 1.251697e-06 4.090130e+02
      vertex   1.606403e+02 3.500000e+00 4.089083e+02
      vertex   1.605361e+02 3.500000e+00 4.091698e+02
    endloop
  endfacet
  facet normal 9.443409e-01 1.050691e-03 3.289668e-01
    outer loop
      vertex   1.605946e+02 1.251697e-06 4.090130e+02
      vertex   1.605361e+02 3.500000e+00 4.091698e+02
      vertex   1.605020e+02 1.251697e-06 4.092789e+02
    endloop
  endfacet
  facet normal 9.635495e-01 -1.050691e-03 2.675282e-01
    outer loop
      vertex   1.605020e+02 1.251697e-06 4.092789e+02
      vertex   1.605361e+02 3.500000e+00 4.091698e+02
      vertex   1.604608e+02 3.500000e+00 4.094411e+02
    endloop
  endfacet
  facet normal 9.743727e-01 1.050691e-03 2.249372e-01
    outer loop
      vertex   1.605020e+02 1.251697e-06 4.092789e+02
      vertex   1.604608e+02 3.500000e+00 4.094411e+02
      vertex   1.604387e+02 1.251697e-06 4.095532e+02
    endloop
  endfacet
  facet normal 9.868260e-01 -1.050691e-03 1.617819e-01
    outer loop
      vertex   1.604387e+02 1.251697e-06 4.095532e+02
      vertex   1.604608e+02 3.500000e+00 4.094411e+02
      vertex   1.604152e+02 3.500000e+00 4.097189e+02
    endloop
  endfacet
  facet normal 9.929809e-01 1.050691e-03 1.182704e-01
    outer loop
      vertex   1.604387e+02 1.251697e-06 4.095532e+02
      vertex   1.604152e+02 3.500000e+00 4.097189e+02
      vertex   1.604054e+02 1.251697e-06 4.098327e+02
    endloop
  endfacet
  facet normal 9.985329e-01 -1.050691e-03 5.413888e-02
    outer loop
      vertex   1.604054e+02 1.251697e-06 4.098327e+02
      vertex   1.604152e+02 3.500000e+00 4.097189e+02
      vertex   1.604000e+02 3.500000e+00 4.100000e+02
    endloop
  endfacet
  facet normal 9.999473e-01 1.050691e-03 1.021698e-02
    outer loop
      vertex   1.604054e+02 1.251697e-06 4.098327e+02
      vertex   1.604000e+02 3.500000e+00 4.100000e+02
      vertex   1.604025e+02 1.251697e-06 4.101142e+02
    endloop
  endfacet
  facet normal 9.985329e-01 -1.050691e-03 -5.413888e-02
    outer loop
      vertex   1.604025e+02 1.251697e-06 4.101142e+02
      vertex   1.604000e+02 3.500000e+00 4.100000e+02
      vertex   1.604152e+02 3.500000e+00 4.102811e+02
    endloop
  endfacet
  facet normal 9.403955e-38 -7.105427e-15 -1.000000e+00
    outer loop
      vertex   1.930000e+02 1.227162e-07 4.030000e+02
      vertex   1.550000e+02 1.227162e-07 4.030000e+02
      vertex   1.930000e+02 8.000000e+00 4.030000e+02
    endloop
  endfacet
  facet normal 3.321520e-31 -7.105427e-15 -1.000000e+00
    outer loop
      vertex   1.930000e+02 8.000000e+00 4.030000e+02
      vertex   1.550000e+02 1.227162e-07 4.030000e+02
      vertex   1.550000e+02 8.000000e+00 4.030000e+02
    endloop
  endfacet
  facet normal -9.996988e-01 2.454123e-02 0.000000e+00
    outer loop
      vertex   1.866847e+02 4.537684e+01 4.180000e+02
      vertex   1.866847e+02 4.537684e+01 4.200000e+02
      vertex   1.867000e+02 4.600000e+01 4.180000e+02
    endloop
  endfacet
  facet normal -9.996988e-01 2.454123e-02 0.000000e+00
    outer loop
      vertex   1.867000e+02 4.600000e+01 4.180000e+02
      vertex   1.866847e+02 4.537684e+01 4.200000e+02
      vertex   1.867000e+02 4.600000e+01 4.200000e+02
    endloop
  endfacet
  facet normal -9.996988e-01 -2.454123e-02 0.000000e+00
    outer loop
      vertex   1.867000e+02 4.600000e+01 4.180000e+02
      vertex   1.867000e+02 4.600000e+01 4.200000e+02
      vertex   1.866847e+02 4.662316e+01 4.180000e+02
    endloop
  endfacet
  facet normal -9.996988e-01 -2.454123e-02 0.000000e+00
    outer loop
      vertex   1.866847e+02 4.662316e+01 4.180000e+02
      vertex   1.867000e+02 4.600000e+01 4.200000e+02
      vertex   1.866847e+02 4.662316e+01 4.200000e+02
    endloop
  endfacet
  facet normal -9.972905e-01 -7.356456e-02 0.000000e+00
    outer loop
      vertex   1.866847e+02 4.662316e+01 4.180000e+02
      vertex   1.866847e+02 4.662316e+01 4.200000e+02
      vertex   1.866389e+02 4.724482e+01 4.180000e+02
    endloop
  endfacet
  facet normal -9.972905e-01 -7.356456e-02 0.000000e+00
    outer loop
      vertex   1.866389e+02 4.724482e+01 4.180000e+02
      vertex   1.866847e+02 4.662316e+01 4.200000e+02
      vertex   1.866389e+02 4.724482e+01 4.200000e+02
    endloop
  endfacet
  facet normal -9.924795e-01 -1.224107e-01 0.000000e+00
    outer loop
      vertex   1.866389e+02 4.724482e+01 4.180000e+02
      vertex   1.866389e+02 4.724482e+01 4.200000e+02
      vertex   1.865625e+02 4.786348e+01 4.180000e+02
    endloop
  endfacet
  facet normal -9.924795e-01 -1.224107e-01 0.000000e+00
    outer loop
      vertex   1.865625e+02 4.786348e+01 4.180000e+02
      vertex   1.866389e+02 4.724482e+01 4.200000e+02
      vertex   1.865625e+02 4.786348e+01 4.200000e+02
    endloop
  endfacet
  facet normal -9.852776e-01 -1.709619e-01 0.000000e+00
    outer loop
      vertex   1.865625e+02 4.786348e+01 4.180000e+02
      vertex   1.865625e+02 4.786348e+01 4.200000e+02
      vertex   1.864560e+02 4.847765e+01 4.180000e+02
    endloop
  endfacet
  facet normal -9.852776e-01 -1.709619e-01 0.000000e+00
    outer loop
      vertex   1.864560e+02 4.847765e+01 4.180000e+02
      vertex   1.865625e+02 4.786348e+01 4.200000e+02
      vertex   1.864560e+02 4.847765e+01 4.200000e+02
    endloop
  endfacet
  facet normal -9.757021e-01 -2.191012e-01 0.000000e+00
    outer loop
      vertex   1.864560e+02 4.847765e+01 4.180000e+02
      vertex   1.864560e+02 4.847765e+01 4.200000e+02
      vertex   1.863194e+02 4.908585e+01 4.180000e+02
    endloop
  endfacet
  facet normal -9.757021e-01 -2.191012e-01 0.000000e+00
    outer loop
      vertex   1.863194e+02 4.908585e+01 4.180000e+02
      vertex   1.864560e+02 4.847765e+01 4.200000e+02
      vertex   1.863194e+02 4.908585e+01 4.200000e+02
    endloop
  endfacet
  facet normal -9.637761e-01 -2.667128e-01 0.000000e+00
    outer loop
      vertex   1.863194e+02 4.908585e+01 4.180000e+02
      vertex   1.863194e+02 4.908585e+01 4.200000e+02
      vertex   1.861531e+02 4.968662e+01 4.180000e+02
    endloop
  endfacet
  facet normal -9.637761e-01 -2.667128e-01 0.000000e+00
    outer loop
      vertex   1.861531e+02 4.968662e+01 4.180000e+02
      vertex   1.863194e+02 4.908585e+01 4.200000e+02
      vertex   1.861531e+02 4.968662e+01 4.200000e+02
    endloop
  endfacet
  facet normal -9.495282e-01 -3.136817e-01 0.000000e+00
    outer loop
      vertex   1.861531e+02 4.968662e+01 4.180000e+02
      vertex   1.861531e+02 4.968662e+01 4.200000e+02
      vertex   1.859576e+02 5.027850e+01 4.180000e+02
    endloop
  endfacet
  facet normal -9.495282e-01 -3.136817e-01 0.000000e+00
    outer loop
      vertex   1.859576e+02 5.027850e+01 4.180000e+02
      vertex   1.861531e+02 4.968662e+01 4.200000e+02
      vertex   1.859576e+02 5.027850e+01 4.200000e+02
    endloop
  endfacet
  facet normal -9.329928e-01 -3.598950e-01 0.000000e+00
    outer loop
      vertex   1.859576e+02 5.027850e+01 4.180000e+02
      vertex   1.859576e+02 5.027850e+01 4.200000e+02
      vertex   1.857333e+02 5.086008e+01 4.180000e+02
    endloop
  endfacet
  facet normal -9.329928e-01 -3.598950e-01 0.000000e+00
    outer loop
      vertex   1.857333e+02 5.086008e+01 4.180000e+02
      vertex   1.859576e+02 5.027850e+01 4.200000e+02
      vertex   1.857333e+02 5.086008e+01 4.200000e+02
    endloop
  endfacet
  facet normal -9.142098e-01 -4.052413e-01 0.000000e+00
    outer loop
      vertex   1.857333e+02 5.086008e+01 4.180000e+02
      vertex   1.857333e+02 5.086008e+01 4.200000e+02
      vertex   1.854807e+02 5.142995e+01 4.180000e+02
    endloop
  endfacet
  facet normal -9.142098e-01 -4.052413e-01 0.000000e+00
    outer loop
      vertex   1.854807e+02 5.142995e+01 4.180000e+02
      vertex   1.857333e+02 5.086008e+01 4.200000e+02
      vertex   1.854807e+02 5.142995e+01 4.200000e+02
    endloop
  endfacet
  facet normal -8.932243e-01 -4.496113e-01 0.000000e+00
    outer loop
      vertex   1.854807e+02 5.142995e+01 4.180000e+02
      vertex   1.854807e+02 5.142995e+01 4.200000e+02
      vertex   1.852004e+02 5.198674e+01 4.180000e+02
    endloop
  endfacet
  facet normal -8.932243e-01 -4.496113e-01 0.000000e+00
    outer loop
      vertex   1.852004e+02 5.198674e+01 4.180000e+02
      vertex   1.854807e+02 5.142995e+01 4.200000e+02
      vertex   1.852004e+02 5.198674e+01 4.200000e+02
    endloop
  endfacet
  facet normal -8.700870e-01 -4.928982e-01 0.000000e+00
    outer loop
      vertex   1.852004e+02 5.198674e+01 4.180000e+02
      vertex   1.852004e+02 5.198674e+01 4.200000e+02
      vertex   1.848932e+02 5.252911e+01 4.180000e+02
    endloop
  endfacet
  facet normal -8.700870e-01 -4.928982e-01 0.000000e+00
    outer loop
      vertex   1.848932e+02 5.252911e+01 4.180000e+02
      vertex   1.852004e+02 5.198674e+01 4.200000e+02
      vertex   1.848932e+02 5.252911e+01 4.200000e+02
    endloop
  endfacet
  facet normal -8.448536e-01 -5.349976e-01 0.000000e+00
    outer loop
      vertex   1.848932e+02 5.252911e+01 4.180000e+02
      vertex   1.848932e+02 5.252911e+01 4.200000e+02
      vertex   1.845597e+02 5.305574e+01 4.180000e+02
    endloop
  endfacet
  facet normal -8.448536e-01 -5.349976e-01 0.000000e+00
    outer loop
      vertex   1.845597e+02 5.305574e+01 4.180000e+02
      vertex   1.848932e+02 5.252911e+01 4.200000e+02
      vertex   1.845597e+02 5.305574e+01 4.200000e+02
    endloop
  endfacet
  facet normal -8.175848e-01 -5.758082e-01 0.000000e+00
    outer loop
      vertex   1.845597e+02 5.305574e+01 4.180000e+02
      vertex   1.845597e+02 5.305574e+01 4.200000e+02
      vertex   1.842007e+02 5.356538e+01 4.180000e+02
    endloop
  endfacet
  facet normal -8.175848e-01 -5.758082e-01 0.000000e+00
    outer loop
      vertex   1.842007e+02 5.356538e+01 4.180000e+02
      vertex   1.845597e+02 5.305574e+01 4.200000e+02
      vertex   1.842007e+02 5.356538e+01 4.200000e+02
    endloop
  endfacet
  facet normal -7.883464e-01 -6.152316e-01 0.000000e+00
    outer loop
      vertex   1.842007e+02 5.356538e+01 4.180000e+02
      vertex   1.842007e+02 5.356538e+01 4.200000e+02
      vertex   1.838172e+02 5.405680e+01 4.180000e+02
    endloop
  endfacet
  facet normal -7.883464e-01 -6.152316e-01 0.000000e+00
    outer loop
      vertex   1.838172e+02 5.405680e+01 4.180000e+02
      vertex   1.842007e+02 5.356538e+01 4.200000e+02
      vertex   1.838172e+02 5.405680e+01 4.200000e+02
    endloop
  endfacet
  facet normal -7.572088e-01 -6.531728e-01 0.000000e+00
    outer loop
      vertex   1.838172e+02 5.405680e+01 4.180000e+02
      vertex   1.838172e+02 5.405680e+01 4.200000e+02
      vertex   1.834101e+02 5.452880e+01 4.180000e+02
    endloop
  endfacet
  facet normal -7.572088e-01 -6.531728e-01 0.000000e+00
    outer loop
      vertex   1.834101e+02 5.452880e+01 4.180000e+02
      vertex   1.838172e+02 5.405680e+01 4.200000e+02
      vertex   1.834101e+02 5.452880e+01 4.200000e+02
    endloop
  endfacet
  facet normal -7.242471e-01 -6.895405e-01 0.000000e+00
    outer loop
      vertex   1.834101e+02 5.452880e+01 4.180000e+02
      vertex   1.834101e+02 5.452880e+01 4.200000e+02
      vertex   1.829803e+02 5.498026e+01 4.180000e+02
    endloop
  endfacet
  facet normal -7.242471e-01 -6.895405e-01 0.000000e+00
    outer loop
      vertex   1.829803e+02 5.498026e+01 4.180000e+02
      vertex   1.834101e+02 5.452880e+01 4.200000e+02
      vertex   1.829803e+02 5.498026e+01 4.200000e+02
    endloop
  endfacet
  facet normal -6.895405e-01 -7.242471e-01 0.000000e+00
    outer loop
      vertex   1.829803e+02 5.498026e+01 4.180000e+02
      vertex   1.829803e+02 5.498026e+01 4.200000e+02
      vertex   1.825288e+02 5.541008e+01 4.180000e+02
    endloop
  endfacet
  facet normal -6.895405e-01 -7.242471e-01 0.000000e+00
    outer loop
      vertex   1.825288e+02 5.541008e+01 4.180000e+02
      vertex   1.829803e+02 5.498026e+01 4.200000e+02
      vertex   1.825288e+02 5.541008e+01 4.200000e+02
    endloop
  endfacet
  facet normal -6.531728e-01 -7.572088e-01 0.000000e+00
    outer loop
      vertex   1.825288e+02 5.541008e+01 4.180000e+02
      vertex   1.825288e+02 5.541008e+01 4.200000e+02
      vertex   1.820568e+02 5.581723e+01 4.180000e+02
    endloop
  endfacet
  facet normal -6.531728e-01 -7.572088e-01 0.000000e+00
    outer loop
      vertex   1.820568e+02 5.581723e+01 4.180000e+02
      vertex   1.825288e+02 5.541008e+01 4.200000e+02
      vertex   1.820568e+02 5.581723e+01 4.200000e+02
    endloop
  endfacet
  facet normal -6.152316e-01 -7.883464e-01 0.000000e+00
    outer loop
      vertex   1.820568e+02 5.581723e+01 4.180000e+02
      vertex   1.820568e+02 5.581723e+01 4.200000e+02
      vertex   1.815654e+02 5.620074e+01 4.180000e+02
    endloop
  endfacet
  facet normal -6.152316e-01 -7.883464e-01 0.000000e+00
    outer loop
      vertex   1.815654e+02 5.620074e+01 4.180000e+02
      vertex   1.820568e+02 5.581723e+01 4.200000e+02
      vertex   1.815654e+02 5.620074e+01 4.200000e+02
    endloop
  endfacet
  facet normal -5.758082e-01 -8.175848e-01 0.000000e+00
    outer loop
      vertex   1.815654e+02 5.620074e+01 4.180000e+02
      vertex   1.815654e+02 5.620074e+01 4.200000e+02
      vertex   1.810557e+02 5.655967e+01 4.180000e+02
    endloop
  endfacet
  facet normal -5.758082e-01 -8.175848e-01 0.000000e+00
    outer loop
      vertex   1.810557e+02 5.655967e+01 4.180000e+02
      vertex   1.815654e+02 5.620074e+01 4.200000e+02
      vertex   1.810557e+02 5.655967e+01 4.200000e+02
    endloop
  endfacet
  facet normal -5.349976e-01 -8.448536e-01 0.000000e+00
    outer loop
      vertex   1.810557e+02 5.655967e+01 4.180000e+02
      vertex   1.810557e+02 5.655967e+01 4.200000e+02
      vertex   1.805291e+02 5.689316e+01 4.180000e+02
    endloop
  endfacet
  facet normal -5.349976e-01 -8.448536e-01 0.000000e+00
    outer loop
      vertex   1.805291e+02 5.689316e+01 4.180000e+02
      vertex   1.810557e+02 5.655967e+01 4.200000e+02
      vertex   1.805291e+02 5.689316e+01 4.200000e+02
    endloop
  endfacet
  facet normal -4.928982e-01 -8.700870e-01 0.000000e+00
    outer loop
      vertex   1.805291e+02 5.689316e+01 4.180000e+02
      vertex   1.805291e+02 5.689316e+01 4.200000e+02
      vertex   1.799867e+02 5.720040e+01 4.180000e+02
    endloop
  endfacet
  facet normal -4.928982e-01 -8.700870e-01 0.000000e+00
    outer loop
      vertex   1.799867e+02 5.720040e+01 4.180000e+02
      vertex   1.805291e+02 5.689316e+01 4.200000e+02
      vertex   1.799867e+02 5.720040e+01 4.200000e+02
    endloop
  endfacet
  facet normal -4.496113e-01 -8.932243e-01 0.000000e+00
    outer loop
      vertex   1.799867e+02 5.720040e+01 4.180000e+02
      vertex   1.799867e+02 5.720040e+01 4.200000e+02
      vertex   1.794300e+02 5.748067e+01 4.180000e+02
    endloop
  endfacet
  facet normal -4.496113e-01 -8.932243e-01 0.000000e+00
    outer loop
      vertex   1.794300e+02 5.748067e+01 4.180000e+02
      vertex   1.799867e+02 5.720040e+01 4.200000e+02
      vertex   1.794300e+02 5.748067e+01 4.200000e+02
    endloop
  endfacet
  facet normal -4.052413e-01 -9.142098e-01 0.000000e+00
    outer loop
      vertex   1.794300e+02 5.748067e+01 4.180000e+02
      vertex   1.794300e+02 5.748067e+01 4.200000e+02
      vertex   1.788601e+02 5.773327e+01 4.180000e+02
    endloop
  endfacet
  facet normal -4.052413e-01 -9.142098e-01 0.000000e+00
    outer loop
      vertex   1.788601e+02 5.773327e+01 4.180000e+02
      vertex   1.794300e+02 5.748067e+01 4.200000e+02
      vertex   1.788601e+02 5.773327e+01 4.200000e+02
    endloop
  endfacet
  facet normal -3.598950e-01 -9.329928e-01 0.000000e+00
    outer loop
      vertex   1.788601e+02 5.773327e+01 4.180000e+02
      vertex   1.788601e+02 5.773327e+01 4.200000e+02
      vertex   1.782785e+02 5.795761e+01 4.180000e+02
    endloop
  endfacet
  facet normal -3.598950e-01 -9.329928e-01 0.000000e+00
    outer loop
      vertex   1.782785e+02 5.795761e+01 4.180000e+02
      vertex   1.788601e+02 5.773327e+01 4.200000e+02
      vertex   1.782785e+02 5.795761e+01 4.200000e+02
    endloop
  endfacet
  facet normal -3.136817e-01 -9.495282e-01 0.000000e+00
    outer loop
      vertex   1.782785e+02 5.795761e+01 4.180000e+02
      vertex   1.782785e+02 5.795761e+01 4.200000e+02
      vertex   1.776866e+02 5.815314e+01 4.180000e+02
    endloop
  endfacet
  facet normal -3.136817e-01 -9.495282e-01 0.000000e+00
    outer loop
      vertex   1.776866e+02 5.815314e+01 4.180000e+02
      vertex   1.782785e+02 5.795761e+01 4.200000e+02
      vertex   1.776866e+02 5.815314e+01 4.200000e+02
    endloop
  endfacet
  facet normal -2.667128e-01 -9.637761e-01 0.000000e+00
    outer loop
      vertex   1.776866e+02 5.815314e+01 4.180000e+02
      vertex   1.776866e+02 5.815314e+01 4.200000e+02
      vertex   1.770859e+02 5.831940e+01 4.180000e+02
    endloop
  endfacet
  facet normal -2.667128e-01 -9.637761e-01 0.000000e+00
    outer loop
      vertex   1.770859e+02 5.831940e+01 4.180000e+02
      vertex   1.776866e+02 5.815314e+01 4.200000e+02
      vertex   1.770859e+02 5.831940e+01 4.200000e+02
    endloop
  endfacet
  facet normal -2.191012e-01 -9.757021e-01 0.000000e+00
    outer loop
      vertex   1.770859e+02 5.831940e+01 4.180000e+02
      vertex   1.770859e+02 5.831940e+01 4.200000e+02
      vertex   1.764777e+02 5.845597e+01 4.180000e+02
    endloop
  endfacet
  facet normal -2.191012e-01 -9.757021e-01 0.000000e+00
    outer loop
      vertex   1.764777e+02 5.845597e+01 4.180000e+02
      vertex   1.770859e+02 5.831940e+01 4.200000e+02
      vertex   1.764777e+02 5.845597e+01 4.200000e+02
    endloop
  endfacet
  facet normal -1.709619e-01 -9.852776e-01 0.000000e+00
    outer loop
      vertex   1.764777e+02 5.845597e+01 4.180000e+02
      vertex   1.764777e+02 5.845597e+01 4.200000e+02
      vertex   1.758635e+02 5.856254e+01 4.180000e+02
    endloop
  endfacet
  facet normal -1.709619e-01 -9.852776e-01 0.000000e+00
    outer loop
      vertex   1.758635e+02 5.856254e+01 4.180000e+02
      vertex   1.764777e+02 5.845597e+01 4.200000e+02
      vertex   1.758635e+02 5.856254e+01 4.200000e+02
    endloop
  endfacet
  facet normal -1.224107e-01 -9.924795e-01 0.000000e+00
    outer loop
      vertex   1.758635e+02 5.856254e+01 4.180000e+02
      vertex   1.758635e+02 5.856254e+01 4.200000e+02
      vertex   1.752448e+02 5.863885e+01 4.180000e+02
    endloop
  endfacet
  facet normal -1.224107e-01 -9.924795e-01 0.000000e+00
    outer loop
      vertex   1.752448e+02 5.863885e+01 4.180000e+02
      vertex   1.758635e+02 5.856254e+01 4.200000e+02
      vertex   1.752448e+02 5.863885e+01 4.200000e+02
    endloop
  endfacet
  facet normal -7.356456e-02 -9.972905e-01 0.000000e+00
    outer loop
      vertex   1.752448e+02 5.863885e+01 4.180000e+02
      vertex   1.752448e+02 5.863885e+01 4.200000e+02
      vertex   1.746232e+02 5.868470e+01 4.180000e+02
    endloop
  endfacet
  facet normal -7.356456e-02 -9.972905e-01 0.000000e+00
    outer loop
      vertex   1.746232e+02 5.868470e+01 4.180000e+02
      vertex   1.752448e+02 5.863885e+01 4.200000e+02
      vertex   1.746232e+02 5.868470e+01 4.200000e+02
    endloop
  endfacet
  facet normal -2.454123e-02 -9.996988e-01 0.000000e+00
    outer loop
      vertex   1.746232e+02 5.868470e+01 4.180000e+02
      vertex   1.746232e+02 5.868470e+01 4.200000e+02
      vertex   1.740000e+02 5.870000e+01 4.180000e+02
    endloop
  endfacet
  facet normal -2.454123e-02 -9.996988e-01 0.000000e+00
    outer loop
      vertex   1.740000e+02 5.870000e+01 4.180000e+02
      vertex   1.746232e+02 5.868470e+01 4.200000e+02
      vertex   1.740000e+02 5.870000e+01 4.200000e+02
    endloop
  endfacet
  facet normal 2.454123e-02 -9.996988e-01 0.000000e+00
    outer loop
      vertex   1.740000e+02 5.870000e+01 4.180000e+02
      vertex   1.740000e+02 5.870000e+01 4.200000e+02
      vertex   1.733768e+02 5.868470e+01 4.180000e+02
    endloop
  endfacet
  facet normal 2.454123e-02 -9.996988e-01 0.000000e+00
    outer loop
      vertex   1.733768e+02 5.868470e+01 4.180000e+02
      vertex   1.740000e+02 5.870000e+01 4.200000e+02
      vertex   1.733768e+02 5.868470e+01 4.200000e+02
    endloop
  endfacet
  facet normal 7.356456e-02 -9.972905e-01 0.000000e+00
    outer loop
      vertex   1.733768e+02 5.868470e+01 4.180000e+02
      vertex   1.733768e+02 5.868470e+01 4.200000e+02
      vertex   1.727552e+02 5.863885e+01 4.180000e+02
    endloop
  endfacet
  facet normal 7.356456e-02 -9.972905e-01 0.000000e+00
    outer loop
      vertex   1.727552e+02 5.863885e+01 4.180000e+02
      vertex   1.733768e+02 5.868470e+01 4.200000e+02
      vertex   1.727552e+02 5.863885e+01 4.200000e+02
    endloop
  endfacet
  facet normal 1.224107e-01 -9.924795e-01 0.000000e+00
    outer loop
      vertex   1.727552e+02 5.863885e+01 4.180000e+02
      vertex   1.727552e+02 5.863885e+01 4.200000e+02
      vertex   1.721365e+02 5.856254e+01 4.180000e+02
    endloop
  endfacet
  facet normal 1.224107e-01 -9.924795e-01 0.000000e+00
    outer loop
      vertex   1.721365e+02 5.856254e+01 4.180000e+02
      vertex   1.727552e+02 5.863885e+01 4.200000e+02
      vertex   1.721365e+02 5.856254e+01 4.200000e+02
    endloop
  endfacet
  facet normal 1.709619e-01 -9.852776e-01 0.000000e+00
    outer loop
      vertex   1.721365e+02 5.856254e+01 4.180000e+02
      vertex   1.721365e+02 5.856254e+01 4.200000e+02
      vertex   1.715224e+02 5.845597e+01 4.180000e+02
    endloop
  endfacet
  facet normal 1.709619e-01 -9.852776e-01 0.000000e+00
    outer loop
      vertex   1.715224e+02 5.845597e+01 4.180000e+02
      vertex   1.721365e+02 5.856254e+01 4.200000e+02
      vertex   1.715224e+02 5.845597e+01 4.200000e+02
    endloop
  endfacet
  facet normal 2.191012e-01 -9.757021e-01 0.000000e+00
    outer loop
      vertex   1.715224e+02 5.845597e+01 4.180000e+02
      vertex   1.715224e+02 5.845597e+01 4.200000e+02
      vertex   1.709142e+02 5.831940e+01 4.180000e+02
    endloop
  endfacet
  facet normal 2.191012e-01 -9.757021e-01 0.000000e+00
    outer loop
      vertex   1.709142e+02 5.831940e+01 4.180000e+02
      vertex   1.715224e+02 5.845597e+01 4.200000e+02
      vertex   1.709142e+02 5.831940e+01 4.200000e+02
    endloop
  endfacet
  facet normal 2.667128e-01 -9.637761e-01 0.000000e+00
    outer loop
      vertex   1.709142e+02 5.831940e+01 4.180000e+02
      vertex   1.709142e+02 5.831940e+01 4.200000e+02
      vertex   1.703134e+02 5.815314e+01 4.180000e+02
    endloop
  endfacet
  facet normal 2.667128e-01 -9.637761e-01 0.000000e+00
    outer loop
      vertex   1.703134e+02 5.815314e+01 4.180000e+02
      vertex   1.709142e+02 5.831940e+01 4.200000e+02
      vertex   1.703134e+02 5.815314e+01 4.200000e+02
    endloop
  endfacet
  facet normal 3.136817e-01 -9.495282e-01 0.000000e+00
    outer loop
      vertex   1.703134e+02 5.815314e+01 4.180000e+02
      vertex   1.703134e+02 5.815314e+01 4.200000e+02
      vertex   1.697215e+02 5.795761e+01 4.180000e+02
    endloop
  endfacet
  facet normal 3.136817e-01 -9.495282e-01 0.000000e+00
    outer loop
      vertex   1.697215e+02 5.795761e+01 4.180000e+02
      vertex   1.703134e+02 5.815314e+01 4.200000e+02
      vertex   1.697215e+02 5.795761e+01 4.200000e+02
    endloop
  endfacet
  facet normal 3.598950e-01 -9.329928e-01 0.000000e+00
    outer loop
      vertex   1.697215e+02 5.795761e+01 4.180000e+02
      vertex   1.697215e+02 5.795761e+01 4.200000e+02
      vertex   1.691399e+02 5.773327e+01 4.180000e+02
    endloop
  endfacet
  facet normal 3.598950e-01 -9.329928e-01 0.000000e+00
    outer loop
      vertex   1.691399e+02 5.773327e+01 4.180000e+02
      vertex   1.697215e+02 5.795761e+01 4.200000e+02
      vertex   1.691399e+02 5.773327e+01 4.200000e+02
    endloop
  endfacet
  facet normal 4.052413e-01 -9.142098e-01 0.000000e+00
    outer loop
      vertex   1.691399e+02 5.773327e+01 4.180000e+02
      vertex   1.691399e+02 5.773327e+01 4.200000e+02
      vertex   1.685701e+02 5.748067e+01 4.180000e+02
    endloop
  endfacet
  facet normal 4.052413e-01 -9.142098e-01 0.000000e+00
    outer loop
      vertex   1.685701e+02 5.748067e+01 4.180000e+02
      vertex   1.691399e+02 5.773327e+01 4.200000e+02
      vertex   1.685701e+02 5.748067e+01 4.200000e+02
    endloop
  endfacet
  facet normal 4.496113e-01 -8.932243e-01 0.000000e+00
    outer loop
      vertex   1.685701e+02 5.748067e+01 4.180000e+02
      vertex   1.685701e+02 5.748067e+01 4.200000e+02
      vertex   1.680133e+02 5.720040e+01 4.180000e+02
    endloop
  endfacet
  facet normal 4.496113e-01 -8.932243e-01 0.000000e+00
    outer loop
      vertex   1.680133e+02 5.720040e+01 4.180000e+02
      vertex   1.685701e+02 5.748067e+01 4.200000e+02
      vertex   1.680133e+02 5.720040e+01 4.200000e+02
    endloop
  endfacet
  facet normal 4.928982e-01 -8.700870e-01 0.000000e+00
    outer loop
      vertex   1.680133e+02 5.720040e+01 4.180000e+02
      vertex   1.680133e+02 5.720040e+01 4.200000e+02
      vertex   1.674709e+02 5.689316e+01 4.180000e+02
    endloop
  endfacet
  facet normal 4.928982e-01 -8.700870e-01 0.000000e+00
    outer loop
      vertex   1.674709e+02 5.689316e+01 4.180000e+02
      vertex   1.680133e+02 5.720040e+01 4.200000e+02
      vertex   1.674709e+02 5.689316e+01 4.200000e+02
    endloop
  endfacet
  facet normal 5.349976e-01 -8.448536e-01 0.000000e+00
    outer loop
      vertex   1.674709e+02 5.689316e+01 4.180000e+02
      vertex   1.674709e+02 5.689316e+01 4.200000e+02
      vertex   1.669443e+02 5.655967e+01 4.180000e+02
    endloop
  endfacet
  facet normal 5.349976e-01 -8.448536e-01 0.000000e+00
    outer loop
      vertex   1.669443e+02 5.655967e+01 4.180000e+02
      vertex   1.674709e+02 5.689316e+01 4.200000e+02
      vertex   1.669443e+02 5.655967e+01 4.200000e+02
    endloop
  endfacet
  facet normal 5.758082e-01 -8.175848e-01 0.000000e+00
    outer loop
      vertex   1.669443e+02 5.655967e+01 4.180000e+02
      vertex   1.669443e+02 5.655967e+01 4.200000e+02
      vertex   1.664346e+02 5.620074e+01 4.180000e+02
    endloop
  endfacet
  facet normal 5.758082e-01 -8.175848e-01 0.000000e+00
    outer loop
      vertex   1.664346e+02 5.620074e+01 4.180000e+02
      vertex   1.669443e+02 5.655967e+01 4.200000e+02
      vertex   1.664346e+02 5.620074e+01 4.200000e+02
    endloop
  endfacet
  facet normal 6.152316e-01 -7.883464e-01 0.000000e+00
    outer loop
      vertex   1.664346e+02 5.620074e+01 4.180000e+02
      vertex   1.664346e+02 5.620074e+01 4.200000e+02
      vertex   1.659432e+02 5.581723e+01 4.180000e+02
    endloop
  endfacet
  facet normal 6.152316e-01 -7.883464e-01 0.000000e+00
    outer loop
      vertex   1.659432e+02 5.581723e+01 4.180000e+02
      vertex   1.664346e+02 5.620074e+01 4.200000e+02
      vertex   1.659432e+02 5.581723e+01 4.200000e+02
    endloop
  endfacet
  facet normal 6.531728e-01 -7.572088e-01 0.000000e+00
    outer loop
      vertex   1.659432e+02 5.581723e+01 4.180000e+02
      vertex   1.659432e+02 5.581723e+01 4.200000e+02
      vertex   1.654712e+02 5.541008e+01 4.180000e+02
    endloop
  endfacet
  facet normal 6.531728e-01 -7.572088e-01 0.000000e+00
    outer loop
      vertex   1.654712e+02 5.541008e+01 4.180000e+02
      vertex   1.659432e+02 5.581723e+01 4.200000e+02
      vertex   1.654712e+02 5.541008e+01 4.200000e+02
    endloop
  endfacet
  facet normal 6.895405e-01 -7.242471e-01 0.000000e+00
    outer loop
      vertex   1.654712e+02 5.541008e+01 4.180000e+02
      vertex   1.654712e+02 5.541008e+01 4.200000e+02
      vertex   1.650198e+02 5.498026e+01 4.180000e+02
    endloop
  endfacet
  facet normal 6.895405e-01 -7.242471e-01 0.000000e+00
    outer loop
      vertex   1.650198e+02 5.498026e+01 4.180000e+02
      vertex   1.654712e+02 5.541008e+01 4.200000e+02
      vertex   1.650198e+02 5.498026e+01 4.200000e+02
    endloop
  endfacet
  facet normal 7.242471e-01 -6.895405e-01 0.000000e+00
    outer loop
      vertex   1.650198e+02 5.498026e+01 4.180000e+02
      vertex   1.650198e+02 5.498026e+01 4.200000e+02
      vertex   1.645899e+02 5.452880e+01 4.180000e+02
    endloop
  endfacet
  facet normal 7.242471e-01 -6.895405e-01 0.000000e+00
    outer loop
      vertex   1.645899e+02 5.452880e+01 4.180000e+02
      vertex   1.650198e+02 5.498026e+01 4.200000e+02
      vertex   1.645899e+02 5.452880e+01 4.200000e+02
    endloop
  endfacet
  facet normal 7.572088e-01 -6.531728e-01 0.000000e+00
    outer loop
      vertex   1.645899e+02 5.452880e+01 4.180000e+02
      vertex   1.645899e+02 5.452880e+01 4.200000e+02
      vertex   1.641828e+02 5.405680e+01 4.180000e+02
    endloop
  endfacet
  facet normal 7.572088e-01 -6.531728e-01 0.000000e+00
    outer loop
      vertex   1.641828e+02 5.405680e+01 4.180000e+02
      vertex   1.645899e+02 5.452880e+01 4.200000e+02
      vertex   1.641828e+02 5.405680e+01 4.200000e+02
    endloop
  endfacet
  facet normal 7.883464e-01 -6.152316e-01 0.000000e+00
    outer loop
      vertex   1.641828e+02 5.405680e+01 4.180000e+02
      vertex   1.641828e+02 5.405680e+01 4.200000e+02
      vertex   1.637993e+02 5.356538e+01 4.180000e+02
    endloop
  endfacet
  facet normal 7.883464e-01 -6.152316e-01 0.000000e+00
    outer loop
      vertex   1.637993e+02 5.356538e+01 4.180000e+02
      vertex   1.641828e+02 5.405680e+01 4.200000e+02
      vertex   1.637993e+02 5.356538e+01 4.200000e+02
    endloop
  endfacet
  facet normal 8.175848e-01 -5.758082e-01 0.000000e+00
    outer loop
      vertex   1.637993e+02 5.356538e+01 4.180000e+02
      vertex   1.637993e+02 5.356538e+01 4.200000e+02
      vertex   1.634403e+02 5.305574e+01 4.180000e+02
    endloop
  endfacet
  facet normal 8.175848e-01 -5.758082e-01 0.000000e+00
    outer loop
      vertex   1.634403e+02 5.305574e+01 4.180000e+02
      vertex   1.637993e+02 5.356538e+01 4.200000e+02
      vertex   1.634403e+02 5.305574e+01 4.200000e+02
    endloop
  endfacet
  facet normal 8.448536e-01 -5.349976e-01 0.000000e+00
    outer loop
      vertex   1.634403e+02 5.305574e+01 4.180000e+02
      vertex   1.634403e+02 5.305574e+01 4.200000e+02
      vertex   1.631069e+02 5.252911e+01 4.180000e+02
    endloop
  endfacet
  facet normal 8.448536e-01 -5.349976e-01 0.000000e+00
    outer loop
      vertex   1.631069e+02 5.252911e+01 4.180000e+02
      vertex   1.634403e+02 5.305574e+01 4.200000e+02
      vertex   1.631069e+02 5.252911e+01 4.200000e+02
    endloop
  endfacet
  facet normal 8.700870e-01 -4.928982e-01 0.000000e+00
    outer loop
      vertex   1.631069e+02 5.252911e+01 4.180000e+02
      vertex   1.631069e+02 5.252911e+01 4.200000e+02
      vertex   1.627996e+02 5.198674e+01 4.180000e+02
    endloop
  endfacet
  facet normal 8.700870e-01 -4.928982e-01 0.000000e+00
    outer loop
      vertex   1.627996e+02 5.198674e+01 4.180000e+02
      vertex   1.631069e+02 5.252911e+01 4.200000e+02
      vertex   1.627996e+02 5.198674e+01 4.200000e+02
    endloop
  endfacet
  facet normal 8.932243e-01 -4.496113e-01 0.000000e+00
    outer loop
      vertex   1.627996e+02 5.198674e+01 4.180000e+02
      vertex   1.627996e+02 5.198674e+01 4.200000e+02
      vertex   1.625193e+02 5.142995e+01 4.180000e+02
    endloop
  endfacet
  facet normal 8.932243e-01 -4.496113e-01 0.000000e+00
    outer loop
      vertex   1.625193e+02 5.142995e+01 4.180000e+02
      vertex   1.627996e+02 5.198674e+01 4.200000e+02
      vertex   1.625193e+02 5.142995e+01 4.200000e+02
    endloop
  endfacet
  facet normal 9.142098e-01 -4.052413e-01 0.000000e+00
    outer loop
      vertex   1.625193e+02 5.142995e+01 4.180000e+02
      vertex   1.625193e+02 5.142995e+01 4.200000e+02
      vertex   1.622667e+02 5.086008e+01 4.180000e+02
    endloop
  endfacet
  facet normal 9.142098e-01 -4.052413e-01 0.000000e+00
    outer loop
      vertex   1.622667e+02 5.086008e+01 4.180000e+02
      vertex   1.625193e+02 5.142995e+01 4.200000e+02
      vertex   1.622667e+02 5.086008e+01 4.200000e+02
    endloop
  endfacet
  facet normal 9.329928e-01 -3.598950e-01 0.000000e+00
    outer loop
      vertex   1.622667e+02 5.086008e+01 4.180000e+02
      vertex   1.622667e+02 5.086008e+01 4.200000e+02
      vertex   1.620424e+02 5.027850e+01 4.180000e+02
    endloop
  endfacet
  facet normal 9.329928e-01 -3.598950e-01 0.000000e+00
    outer loop
      vertex   1.620424e+02 5.027850e+01 4.180000e+02
      vertex   1.622667e+02 5.086008e+01 4.200000e+02
      vertex   1.620424e+02 5.027850e+01 4.200000e+02
    endloop
  endfacet
  facet normal 9.495282e-01 -3.136817e-01 0.000000e+00
    outer loop
      vertex   1.620424e+02 5.027850e+01 4.180000e+02
      vertex   1.620424e+02 5.027850e+01 4.200000e+02
      vertex   1.618469e+02 4.968662e+01 4.180000e+02
    endloop
  endfacet
  facet normal 9.495282e-01 -3.136817e-01 0.000000e+00
    outer loop
      vertex   1.618469e+02 4.968662e+01 4.180000e+02
      vertex   1.620424e+02 5.027850e+01 4.200000e+02
      vertex   1.618469e+02 4.968662e+01 4.200000e+02
    endloop
  endfacet
  facet normal 9.637761e-01 -2.667128e-01 0.000000e+00
    outer loop
      vertex   1.618469e+02 4.968662e+01 4.180000e+02
      vertex   1.618469e+02 4.968662e+01 4.200000e+02
      vertex   1.616806e+02 4.908585e+01 4.180000e+02
    endloop
  endfacet
  facet normal 9.637761e-01 -2.667128e-01 0.000000e+00
    outer loop
      vertex   1.616806e+02 4.908585e+01 4.180000e+02
      vertex   1.618469e+02 4.968662e+01 4.200000e+02
      vertex   1.616806e+02 4.908585e+01 4.200000e+02
    endloop
  endfacet
  facet normal 9.757021e-01 -2.191012e-01 0.000000e+00
    outer loop
      vertex   1.616806e+02 4.908585e+01 4.180000e+02
      vertex   1.616806e+02 4.908585e+01 4.200000e+02
      vertex   1.615440e+02 4.847765e+01 4.180000e+02
    endloop
  endfacet
  facet normal 9.757021e-01 -2.191012e-01 0.000000e+00
    outer loop
      vertex   1.615440e+02 4.847765e+01 4.180000e+02
      vertex   1.616806e+02 4.908585e+01 4.200000e+02
      vertex   1.615440e+02 4.847765e+01 4.200000e+02
    endloop
  endfacet
  facet normal 9.852776e-01 -1.709619e-01 0.000000e+00
    outer loop
      vertex   1.615440e+02 4.847765e+01 4.180000e+02
      vertex   1.615440e+02 4.847765e+01 4.200000e+02
      vertex   1.614375e+02 4.786348e+01 4.180000e+02
    endloop
  endfacet
  facet normal 9.852776e-01 -1.709619e-01 0.000000e+00
    outer loop
      vertex   1.614375e+02 4.786348e+01 4.180000e+02
      vertex   1.615440e+02 4.847765e+01 4.200000e+02
      vertex   1.614375e+02 4.786348e+01 4.200000e+02
    endloop
  endfacet
  facet normal 9.924795e-01 -1.224107e-01 0.000000e+00
    outer loop
      vertex   1.614375e+02 4.786348e+01 4.180000e+02
      vertex   1.614375e+02 4.786348e+01 4.200000e+02
      vertex   1.613612e+02 4.724482e+01 4.180000e+02
    endloop
  endfacet
  facet normal 9.924795e-01 -1.224107e-01 0.000000e+00
    outer loop
      vertex   1.613612e+02 4.724482e+01 4.180000e+02
      vertex   1.614375e+02 4.786348e+01 4.200000e+02
      vertex   1.613612e+02 4.724482e+01 4.200000e+02
    endloop
  endfacet
  facet normal 9.972905e-01 -7.356456e-02 0.000000e+00
    outer loop
      vertex   1.613612e+02 4.724482e+01 4.180000e+02
      vertex   1.613612e+02 4.724482e+01 4.200000e+02
      vertex   1.613153e+02 4.662316e+01 4.180000e+02
    endloop
  endfacet
  facet normal 9.972905e-01 -7.356456e-02 0.000000e+00
    outer loop
      vertex   1.613153e+02 4.662316e+01 4.180000e+02
      vertex   1.613612e+02 4.724482e+01 4.200000e+02
      vertex   1.613153e+02 4.662316e+01 4.200000e+02
    endloop
  endfacet
  facet normal 9.996988e-01 -2.454123e-02 0.000000e+00
    outer loop
      vertex   1.613153e+02 4.662316e+01 4.180000e+02
      vertex   1.613153e+02 4.662316e+01 4.200000e+02
      vertex   1.613000e+02 4.600000e+01 4.180000e+02
    endloop
  endfacet
  facet normal 9.996988e-01 -2.454123e-02 0.000000e+00
    outer loop
      vertex   1.613000e+02 4.600000e+01 4.180000e+02
      vertex   1.613153e+02 4.662316e+01 4.200000e+02
      vertex   1.613000e+02 4.600000e+01 4.200000e+02
    endloop
  endfacet
  facet normal 9.996988e-01 2.454123e-02 -0.000000e+00
    outer loop
      vertex   1.613000e+02 4.600000e+01 4.180000e+02
      vertex   1.613000e+02 4.600000e+01 4.200000e+02
      vertex   1.613153e+02 4.537684e+01 4.180000e+02
    endloop
  endfacet
  facet normal 9.996988e-01 2.454123e-02 -0.000000e+00
    outer loop
      vertex   1.613153e+02 4.537684e+01 4.180000e+02
      vertex   1.613000e+02 4.600000e+01 4.200000e+02
      vertex   1.613153e+02 4.537684e+01 4.200000e+02
    endloop
  endfacet
  facet normal 9.972905e-01 7.356456e-02 -0.000000e+00
    outer loop
      vertex   1.613153e+02 4.537684e+01 4.180000e+02
      vertex   1.613153e+02 4.537684e+01 4.200000e+02
      vertex   1.613612e+02 4.475518e+01 4.180000e+02
    endloop
  endfacet
  facet normal 9.972905e-01 7.356456e-02 -0.000000e+00
    outer loop
      vertex   1.613612e+02 4.475518e+01 4.180000e+02
      vertex   1.613153e+02 4.537684e+01 4.200000e+02
      vertex   1.613612e+02 4.475518e+01 4.200000e+02
    endloop
  endfacet
  facet normal 9.924795e-01 1.224107e-01 -0.000000e+00
    outer loop
      vertex   1.613612e+02 4.475518e+01 4.180000e+02
      vertex   1.613612e+02 4.475518e+01 4.200000e+02
      vertex   1.614375e+02 4.413652e+01 4.180000e+02
    endloop
  endfacet
  facet normal 9.924795e-01 1.224107e-01 -0.000000e+00
    outer loop
      vertex   1.614375e+02 4.413652e+01 4.180000e+02
      vertex   1.613612e+02 4.475518e+01 4.200000e+02
      vertex   1.614375e+02 4.413652e+01 4.200000e+02
    endloop
  endfacet
  facet normal 9.852776e-01 1.709619e-01 -0.000000e+00
    outer loop
      vertex   1.614375e+02 4.413652e+01 4.180000e+02
      vertex   1.614375e+02 4.413652e+01 4.200000e+02
      vertex   1.615440e+02 4.352235e+01 4.180000e+02
    endloop
  endfacet
  facet normal 9.852776e-01 1.709619e-01 -0.000000e+00
    outer loop
      vertex   1.615440e+02 4.352235e+01 4.180000e+02
      vertex   1.614375e+02 4.413652e+01 4.200000e+02
      vertex   1.615440e+02 4.352235e+01 4.200000e+02
    endloop
  endfacet
  facet normal 9.757021e-01 2.191012e-01 -0.000000e+00
    outer loop
      vertex   1.615440e+02 4.352235e+01 4.180000e+02
      vertex   1.615440e+02 4.352235e+01 4.200000e+02
      vertex   1.616806e+02 4.291415e+01 4.180000e+02
    endloop
  endfacet
  facet normal 9.757021e-01 2.191012e-01 -0.000000e+00
    outer loop
      vertex   1.616806e+02 4.291415e+01 4.180000e+02
      vertex   1.615440e+02 4.352235e+01 4.200000e+02
      vertex   1.616806e+02 4.291415e+01 4.200000e+02
    endloop
  endfacet
  facet normal 9.637761e-01 2.667128e-01 -0.000000e+00
    outer loop
      vertex   1.616806e+02 4.291415e+01 4.180000e+02
      vertex   1.616806e+02 4.291415e+01 4.200000e+02
      vertex   1.618469e+02 4.231339e+01 4.180000e+02
    endloop
  endfacet
  facet normal 9.637761e-01 2.667128e-01 -0.000000e+00
    outer loop
      vertex   1.618469e+02 4.231339e+01 4.180000e+02
      vertex   1.616806e+02 4.291415e+01 4.200000e+02
      vertex   1.618469e+02 4.231339e+01 4.200000e+02
    endloop
  endfacet
  facet normal 9.495282e-01 3.136817e-01 -0.000000e+00
    outer loop
      vertex   1.618469e+02 4.231339e+01 4.180000e+02
      vertex   1.618469e+02 4.231339e+01 4.200000e+02
      vertex   1.620424e+02 4.172150e+01 4.180000e+02
    endloop
  endfacet
  facet normal 9.495282e-01 3.136817e-01 -0.000000e+00
    outer loop
      vertex   1.620424e+02 4.172150e+01 4.180000e+02
      vertex   1.618469e+02 4.231339e+01 4.200000e+02
      vertex   1.620424e+02 4.172150e+01 4.200000e+02
    endloop
  endfacet
  facet normal 9.329928e-01 3.598950e-01 -0.000000e+00
    outer loop
      vertex   1.620424e+02 4.172150e+01 4.180000e+02
      vertex   1.620424e+02 4.172150e+01 4.200000e+02
      vertex   1.622667e+02 4.113992e+01 4.180000e+02
    endloop
  endfacet
  facet normal 9.329928e-01 3.598950e-01 -0.000000e+00
    outer loop
      vertex   1.622667e+02 4.113992e+01 4.180000e+02
      vertex   1.620424e+02 4.172150e+01 4.200000e+02
      vertex   1.622667e+02 4.113992e+01 4.200000e+02
    endloop
  endfacet
  facet normal 9.142098e-01 4.052413e-01 -0.000000e+00
    outer loop
      vertex   1.622667e+02 4.113992e+01 4.180000e+02
      vertex   1.622667e+02 4.113992e+01 4.200000e+02
      vertex   1.625193e+02 4.057005e+01 4.180000e+02
    endloop
  endfacet
  facet normal 9.142098e-01 4.052413e-01 -0.000000e+00
    outer loop
      vertex   1.625193e+02 4.057005e+01 4.180000e+02
      vertex   1.622667e+02 4.113992e+01 4.200000e+02
      vertex   1.625193e+02 4.057005e+01 4.200000e+02
    endloop
  endfacet
  facet normal 8.932243e-01 4.496113e-01 -0.000000e+00
    outer loop
      vertex   1.625193e+02 4.057005e+01 4.180000e+02
      vertex   1.625193e+02 4.057005e+01 4.200000e+02
      vertex   1.627996e+02 4.001326e+01 4.180000e+02
    endloop
  endfacet
  facet normal 8.932243e-01 4.496113e-01 -0.000000e+00
    outer loop
      vertex   1.627996e+02 4.001326e+01 4.180000e+02
      vertex   1.625193e+02 4.057005e+01 4.200000e+02
      vertex   1.627996e+02 4.001326e+01 4.200000e+02
    endloop
  endfacet
  facet normal 8.700870e-01 4.928982e-01 -0.000000e+00
    outer loop
      vertex   1.627996e+02 4.001326e+01 4.180000e+02
      vertex   1.627996e+02 4.001326e+01 4.200000e+02
      vertex   1.631069e+02 3.947090e+01 4.180000e+02
    endloop
  endfacet
  facet normal 8.700870e-01 4.928982e-01 -0.000000e+00
    outer loop
      vertex   1.631069e+02 3.947090e+01 4.180000e+02
      vertex   1.627996e+02 4.001326e+01 4.200000e+02
      vertex   1.631069e+02 3.947090e+01 4.200000e+02
    endloop
  endfacet
  facet normal 8.448536e-01 5.349976e-01 -0.000000e+00
    outer loop
      vertex   1.631069e+02 3.947090e+01 4.180000e+02
      vertex   1.631069e+02 3.947090e+01 4.200000e+02
      vertex   1.634403e+02 3.894426e+01 4.180000e+02
    endloop
  endfacet
  facet normal 8.448536e-01 5.349976e-01 -0.000000e+00
    outer loop
      vertex   1.634403e+02 3.894426e+01 4.180000e+02
      vertex   1.631069e+02 3.947090e+01 4.200000e+02
      vertex   1.634403e+02 3.894426e+01 4.200000e+02
    endloop
  endfacet
  facet normal 8.175848e-01 5.758082e-01 -0.000000e+00
    outer loop
      vertex   1.634403e+02 3.894426e+01 4.180000e+02
      vertex   1.634403e+02 3.894426e+01 4.200000e+02
      vertex   1.637993e+02 3.843462e+01 4.180000e+02
    endloop
  endfacet
  facet normal 8.175848e-01 5.758082e-01 -0.000000e+00
    outer loop
      vertex   1.637993e+02 3.843462e+01 4.180000e+02
      vertex   1.634403e+02 3.894426e+01 4.200000e+02
      vertex   1.637993e+02 3.843462e+01 4.200000e+02
    endloop
  endfacet
  facet normal 7.883464e-01 6.152316e-01 -0.000000e+00
    outer loop
      vertex   1.637993e+02 3.843462e+01 4.180000e+02
      vertex   1.637993e+02 3.843462e+01 4.200000e+02
      vertex   1.641828e+02 3.794321e+01 4.180000e+02
    endloop
  endfacet
  facet normal 7.883464e-01 6.152316e-01 -0.000000e+00
    outer loop
      vertex   1.641828e+02 3.794321e+01 4.180000e+02
      vertex   1.637993e+02 3.843462e+01 4.200000e+02
      vertex   1.641828e+02 3.794321e+01 4.200000e+02
    endloop
  endfacet
  facet normal 7.572088e-01 6.531728e-01 -0.000000e+00
    outer loop
      vertex   1.641828e+02 3.794321e+01 4.180000e+02
      vertex   1.641828e+02 3.794321e+01 4.200000e+02
      vertex   1.645899e+02 3.747120e+01 4.180000e+02
    endloop
  endfacet
  facet normal 7.572088e-01 6.531728e-01 -0.000000e+00
    outer loop
      vertex   1.645899e+02 3.747120e+01 4.180000e+02
      vertex   1.641828e+02 3.794321e+01 4.200000e+02
      vertex   1.645899e+02 3.747120e+01 4.200000e+02
    endloop
  endfacet
  facet normal 7.242471e-01 6.895405e-01 -0.000000e+00
    outer loop
      vertex   1.645899e+02 3.747120e+01 4.180000e+02
      vertex   1.645899e+02 3.747120e+01 4.200000e+02
      vertex   1.650198e+02 3.701975e+01 4.180000e+02
    endloop
  endfacet
  facet normal 7.242471e-01 6.895405e-01 -0.000000e+00
    outer loop
      vertex   1.650198e+02 3.701975e+01 4.180000e+02
      vertex   1.645899e+02 3.747120e+01 4.200000e+02
      vertex   1.650198e+02 3.701975e+01 4.200000e+02
    endloop
  endfacet
  facet normal 6.895405e-01 7.242471e-01 -0.000000e+00
    outer loop
      vertex   1.650198e+02 3.701975e+01 4.180000e+02
      vertex   1.650198e+02 3.701975e+01 4.200000e+02
      vertex   1.654712e+02 3.658992e+01 4.180000e+02
    endloop
  endfacet
  facet normal 6.895405e-01 7.242471e-01 -0.000000e+00
    outer loop
      vertex   1.654712e+02 3.658992e+01 4.180000e+02
      vertex   1.650198e+02 3.701975e+01 4.200000e+02
      vertex   1.654712e+02 3.658992e+01 4.200000e+02
    endloop
  endfacet
  facet normal 6.531728e-01 7.572088e-01 -0.000000e+00
    outer loop
      vertex   1.654712e+02 3.658992e+01 4.180000e+02
      vertex   1.654712e+02 3.658992e+01 4.200000e+02
      vertex   1.659432e+02 3.618277e+01 4.180000e+02
    endloop
  endfacet
  facet normal 6.531728e-01 7.572088e-01 -0.000000e+00
    outer loop
      vertex   1.659432e+02 3.618277e+01 4.180000e+02
      vertex   1.654712e+02 3.658992e+01 4.200000e+02
      vertex   1.659432e+02 3.618277e+01 4.200000e+02
    endloop
  endfacet
  facet normal 6.152316e-01 7.883464e-01 -0.000000e+00
    outer loop
      vertex   1.659432e+02 3.618277e+01 4.180000e+02
      vertex   1.659432e+02 3.618277e+01 4.200000e+02
      vertex   1.664346e+02 3.579927e+01 4.180000e+02
    endloop
  endfacet
  facet normal 6.152316e-01 7.883464e-01 -0.000000e+00
    outer loop
      vertex   1.664346e+02 3.579927e+01 4.180000e+02
      vertex   1.659432e+02 3.618277e+01 4.200000e+02
      vertex   1.664346e+02 3.579927e+01 4.200000e+02
    endloop
  endfacet
  facet normal 5.758082e-01 8.175848e-01 -0.000000e+00
    outer loop
      vertex   1.664346e+02 3.579927e+01 4.180000e+02
      vertex   1.664346e+02 3.579927e+01 4.200000e+02
      vertex   1.669443e+02 3.544034e+01 4.180000e+02
    endloop
  endfacet
  facet normal 5.758082e-01 8.175848e-01 -0.000000e+00
    outer loop
      vertex   1.669443e+02 3.544034e+01 4.180000e+02
      vertex   1.664346e+02 3.579927e+01 4.200000e+02
      vertex   1.669443e+02 3.544034e+01 4.200000e+02
    endloop
  endfacet
  facet normal 5.349976e-01 8.448536e-01 -0.000000e+00
    outer loop
      vertex   1.669443e+02 3.544034e+01 4.180000e+02
      vertex   1.669443e+02 3.544034e+01 4.200000e+02
      vertex   1.674709e+02 3.510685e+01 4.180000e+02
    endloop
  endfacet
  facet normal 5.349976e-01 8.448536e-01 -0.000000e+00
    outer loop
      vertex   1.674709e+02 3.510685e+01 4.180000e+02
      vertex   1.669443e+02 3.544034e+01 4.200000e+02
      vertex   1.674709e+02 3.510685e+01 4.200000e+02
    endloop
  endfacet
  facet normal 4.928982e-01 8.700870e-01 -0.000000e+00
    outer loop
      vertex   1.674709e+02 3.510685e+01 4.180000e+02
      vertex   1.674709e+02 3.510685e+01 4.200000e+02
      vertex   1.680133e+02 3.479960e+01 4.180000e+02
    endloop
  endfacet
  facet normal 4.928982e-01 8.700870e-01 -0.000000e+00
    outer loop
      vertex   1.680133e+02 3.479960e+01 4.180000e+02
      vertex   1.674709e+02 3.510685e+01 4.200000e+02
      vertex   1.680133e+02 3.479960e+01 4.200000e+02
    endloop
  endfacet
  facet normal 4.496113e-01 8.932243e-01 -0.000000e+00
    outer loop
      vertex   1.680133e+02 3.479960e+01 4.180000e+02
      vertex   1.680133e+02 3.479960e+01 4.200000e+02
      vertex   1.685701e+02 3.451934e+01 4.180000e+02
    endloop
  endfacet
  facet normal 4.496113e-01 8.932243e-01 -0.000000e+00
    outer loop
      vertex   1.685701e+02 3.451934e+01 4.180000e+02
      vertex   1.680133e+02 3.479960e+01 4.200000e+02
      vertex   1.685701e+02 3.451934e+01 4.200000e+02
    endloop
  endfacet
  facet normal 4.052413e-01 9.142098e-01 -0.000000e+00
    outer loop
      vertex   1.685701e+02 3.451934e+01 4.180000e+02
      vertex   1.685701e+02 3.451934e+01 4.200000e+02
      vertex   1.691399e+02 3.426673e+01 4.180000e+02
    endloop
  endfacet
  facet normal 4.052413e-01 9.142098e-01 -0.000000e+00
    outer loop
      vertex   1.691399e+02 3.426673e+01 4.180000e+02
      vertex   1.685701e+02 3.451934e+01 4.200000e+02
      vertex   1.691399e+02 3.426673e+01 4.200000e+02
    endloop
  endfacet
  facet normal 3.598950e-01 9.329928e-01 -0.000000e+00
    outer loop
      vertex   1.691399e+02 3.426673e+01 4.180000e+02
      vertex   1.691399e+02 3.426673e+01 4.200000e+02
      vertex   1.697215e+02 3.404239e+01 4.180000e+02
    endloop
  endfacet
  facet normal 3.598950e-01 9.329928e-01 -0.000000e+00
    outer loop
      vertex   1.697215e+02 3.404239e+01 4.180000e+02
      vertex   1.691399e+02 3.426673e+01 4.200000e+02
      vertex   1.697215e+02 3.404239e+01 4.200000e+02
    endloop
  endfacet
  facet normal 3.136817e-01 9.495282e-01 -0.000000e+00
    outer loop
      vertex   1.697215e+02 3.404239e+01 4.180000e+02
      vertex   1.697215e+02 3.404239e+01 4.200000e+02
      vertex   1.703134e+02 3.384686e+01 4.180000e+02
    endloop
  endfacet
  facet normal 3.136817e-01 9.495282e-01 -0.000000e+00
    outer loop
      vertex   1.703134e+02 3.384686e+01 4.180000e+02
      vertex   1.697215e+02 3.404239e+01 4.200000e+02
      vertex   1.703134e+02 3.384686e+01 4.200000e+02
    endloop
  endfacet
  facet normal 2.667128e-01 9.637761e-01 -0.000000e+00
    outer loop
      vertex   1.703134e+02 3.384686e+01 4.180000e+02
      vertex   1.703134e+02 3.384686e+01 4.200000e+02
      vertex   1.709142e+02 3.368061e+01 4.180000e+02
    endloop
  endfacet
  facet normal 2.667128e-01 9.637761e-01 -0.000000e+00
    outer loop
      vertex   1.709142e+02 3.368061e+01 4.180000e+02
      vertex   1.703134e+02 3.384686e+01 4.200000e+02
      vertex   1.709142e+02 3.368061e+01 4.200000e+02
    endloop
  endfacet
  facet normal 2.191012e-01 9.757021e-01 -0.000000e+00
    outer loop
      vertex   1.709142e+02 3.368061e+01 4.180000e+02
      vertex   1.709142e+02 3.368061e+01 4.200000e+02
      vertex   1.715224e+02 3.354403e+01 4.180000e+02
    endloop
  endfacet
  facet normal 2.191012e-01 9.757021e-01 -0.000000e+00
    outer loop
      vertex   1.715224e+02 3.354403e+01 4.180000e+02
      vertex   1.709142e+02 3.368061e+01 4.200000e+02
      vertex   1.715224e+02 3.354403e+01 4.200000e+02
    endloop
  endfacet
  facet normal 1.709619e-01 9.852776e-01 -0.000000e+00
    outer loop
      vertex   1.715224e+02 3.354403e+01 4.180000e+02
      vertex   1.715224e+02 3.354403e+01 4.200000e+02
      vertex   1.721365e+02 3.343746e+01 4.180000e+02
    endloop
  endfacet
  facet normal 1.709619e-01 9.852776e-01 -0.000000e+00
    outer loop
      vertex   1.721365e+02 3.343746e+01 4.180000e+02
      vertex   1.715224e+02 3.354403e+01 4.200000e+02
      vertex   1.721365e+02 3.343746e+01 4.200000e+02
    endloop
  endfacet
  facet normal 1.224107e-01 9.924795e-01 -0.000000e+00
    outer loop
      vertex   1.721365e+02 3.343746e+01 4.180000e+02
      vertex   1.721365e+02 3.343746e+01 4.200000e+02
      vertex   1.727552e+02 3.336116e+01 4.180000e+02
    endloop
  endfacet
  facet normal 1.224107e-01 9.924795e-01 -0.000000e+00
    outer loop
      vertex   1.727552e+02 3.336116e+01 4.180000e+02
      vertex   1.721365e+02 3.343746e+01 4.200000e+02
      vertex   1.727552e+02 3.336116e+01 4.200000e+02
    endloop
  endfacet
  facet normal 7.356456e-02 9.972905e-01 -0.000000e+00
    outer loop
      vertex   1.727552e+02 3.336116e+01 4.180000e+02
      vertex   1.727552e+02 3.336116e+01 4.200000e+02
      vertex   1.733768e+02 3.331530e+01 4.180000e+02
    endloop
  endfacet
  facet normal 7.356456e-02 9.972905e-01 -0.000000e+00
    outer loop
      vertex   1.733768e+02 3.331530e+01 4.180000e+02
      vertex   1.727552e+02 3.336116e+01 4.200000e+02
      vertex   1.733768e+02 3.331530e+01 4.200000e+02
    endloop
  endfacet
  facet normal 2.454123e-02 9.996988e-01 -0.000000e+00
    outer loop
      vertex   1.733768e+02 3.331530e+01 4.180000e+02
      vertex   1.733768e+02 3.331530e+01 4.200000e+02
      vertex   1.740000e+02 3.330000e+01 4.180000e+02
    endloop
  endfacet
  facet normal 2.454123e-02 9.996988e-01 -0.000000e+00
    outer loop
      vertex   1.740000e+02 3.330000e+01 4.180000e+02
      vertex   1.733768e+02 3.331530e+01 4.200000e+02
      vertex   1.740000e+02 3.330000e+01 4.200000e+02
    endloop
  endfacet
  facet normal -2.454123e-02 9.996988e-01 0.000000e+00
    outer loop
      vertex   1.740000e+02 3.330000e+01 4.180000e+02
      vertex   1.740000e+02 3.330000e+01 4.200000e+02
      vertex   1.746232e+02 3.331530e+01 4.180000e+02
    endloop
  endfacet
  facet normal -2.454123e-02 9.996988e-01 0.000000e+00
    outer loop
      vertex   1.746232e+02 3.331530e+01 4.180000e+02
      vertex   1.740000e+02 3.330000e+01 4.200000e+02
      vertex   1.746232e+02 3.331530e+01 4.200000e+02
    endloop
  endfacet
  facet normal -7.356456e-02 9.972905e-01 0.000000e+00
    outer loop
      vertex   1.746232e+02 3.331530e+01 4.180000e+02
      vertex   1.746232e+02 3.331530e+01 4.200000e+02
      vertex   1.752448e+02 3.336116e+01 4.180000e+02
    endloop
  endfacet
  facet normal -7.356456e-02 9.972905e-01 0.000000e+00
    outer loop
      vertex   1.752448e+02 3.336116e+01 4.180000e+02
      vertex   1.746232e+02 3.331530e+01 4.200000e+02
      vertex   1.752448e+02 3.336116e+01 4.200000e+02
    endloop
  endfacet
  facet normal -1.224107e-01 9.924795e-01 0.000000e+00
    outer loop
      vertex   1.752448e+02 3.336116e+01 4.180000e+02
      vertex   1.752448e+02 3.336116e+01 4.200000e+02
      vertex   1.758635e+02 3.343746e+01 4.180000e+02
    endloop
  endfacet
  facet normal -1.224107e-01 9.924795e-01 0.000000e+00
    outer loop
      vertex   1.758635e+02 3.343746e+01 4.180000e+02
      vertex   1.752448e+02 3.336116e+01 4.200000e+02
      vertex   1.758635e+02 3.343746e+01 4.200000e+02
    endloop
  endfacet
  facet normal -1.709619e-01 9.852776e-01 0.000000e+00
    outer loop
      vertex   1.758635e+02 3.343746e+01 4.180000e+02
      vertex   1.758635e+02 3.343746e+01 4.200000e+02
      vertex   1.764777e+02 3.354403e+01 4.180000e+02
    endloop
  endfacet
  facet normal -1.709619e-01 9.852776e-01 0.000000e+00
    outer loop
      vertex   1.764777e+02 3.354403e+01 4.180000e+02
      vertex   1.758635e+02 3.343746e+01 4.200000e+02
      vertex   1.764777e+02 3.354403e+01 4.200000e+02
    endloop
  endfacet
  facet normal -2.191012e-01 9.757021e-01 0.000000e+00
    outer loop
      vertex   1.764777e+02 3.354403e+01 4.180000e+02
      vertex   1.764777e+02 3.354403e+01 4.200000e+02
      vertex   1.770859e+02 3.368061e+01 4.180000e+02
    endloop
  endfacet
  facet normal -2.191012e-01 9.757021e-01 0.000000e+00
    outer loop
      vertex   1.770859e+02 3.368061e+01 4.180000e+02
      vertex   1.764777e+02 3.354403e+01 4.200000e+02
      vertex   1.770859e+02 3.368061e+01 4.200000e+02
    endloop
  endfacet
  facet normal -2.667128e-01 9.637761e-01 0.000000e+00
    outer loop
      vertex   1.770859e+02 3.368061e+01 4.180000e+02
      vertex   1.770859e+02 3.368061e+01 4.200000e+02
      vertex   1.776866e+02 3.384686e+01 4.180000e+02
    endloop
  endfacet
  facet normal -2.667128e-01 9.637761e-01 0.000000e+00
    outer loop
      vertex   1.776866e+02 3.384686e+01 4.180000e+02
      vertex   1.770859e+02 3.368061e+01 4.200000e+02
      vertex   1.776866e+02 3.384686e+01 4.200000e+02
    endloop
  endfacet
  facet normal -3.136817e-01 9.495282e-01 0.000000e+00
    outer loop
      vertex   1.776866e+02 3.384686e+01 4.180000e+02
      vertex   1.776866e+02 3.384686e+01 4.200000e+02
      vertex   1.782785e+02 3.404239e+01 4.180000e+02
    endloop
  endfacet
  facet normal -3.136817e-01 9.495282e-01 0.000000e+00
    outer loop
      vertex   1.782785e+02 3.404239e+01 4.180000e+02
      vertex   1.776866e+02 3.384686e+01 4.200000e+02
      vertex   1.782785e+02 3.404239e+01 4.200000e+02
    endloop
  endfacet
  facet normal -3.598950e-01 9.329928e-01 0.000000e+00
    outer loop
      vertex   1.782785e+02 3.404239e+01 4.180000e+02
      vertex   1.782785e+02 3.404239e+01 4.200000e+02
      vertex   1.788601e+02 3.426673e+01 4.180000e+02
    endloop
  endfacet
  facet normal -3.598950e-01 9.329928e-01 0.000000e+00
    outer loop
      vertex   1.788601e+02 3.426673e+01 4.180000e+02
      vertex   1.782785e+02 3.404239e+01 4.200000e+02
      vertex   1.788601e+02 3.426673e+01 4.200000e+02
    endloop
  endfacet
  facet normal -4.052413e-01 9.142098e-01 0.000000e+00
    outer loop
      vertex   1.788601e+02 3.426673e+01 4.180000e+02
      vertex   1.788601e+02 3.426673e+01 4.200000e+02
      vertex   1.794300e+02 3.451934e+01 4.180000e+02
    endloop
  endfacet
  facet normal -4.052413e-01 9.142098e-01 0.000000e+00
    outer loop
      vertex   1.794300e+02 3.451934e+01 4.180000e+02
      vertex   1.788601e+02 3.426673e+01 4.200000e+02
      vertex   1.794300e+02 3.451934e+01 4.200000e+02
    endloop
  endfacet
  facet normal -4.496113e-01 8.932243e-01 0.000000e+00
    outer loop
      vertex   1.794300e+02 3.451934e+01 4.180000e+02
      vertex   1.794300e+02 3.451934e+01 4.200000e+02
      vertex   1.799867e+02 3.479960e+01 4.180000e+02
    endloop
  endfacet
  facet normal -4.496113e-01 8.932243e-01 0.000000e+00
    outer loop
      vertex   1.799867e+02 3.479960e+01 4.180000e+02
      vertex   1.794300e+02 3.451934e+01 4.200000e+02
      vertex   1.799867e+02 3.479960e+01 4.200000e+02
    endloop
  endfacet
  facet normal -4.928982e-01 8.700870e-01 0.000000e+00
    outer loop
      vertex   1.799867e+02 3.479960e+01 4.180000e+02
      vertex   1.799867e+02 3.479960e+01 4.200000e+02
      vertex   1.805291e+02 3.510685e+01 4.180000e+02
    endloop
  endfacet
  facet normal -4.928982e-01 8.700870e-01 0.000000e+00
    outer loop
      vertex   1.805291e+02 3.510685e+01 4.180000e+02
      vertex   1.799867e+02 3.479960e+01 4.200000e+02
      vertex   1.805291e+02 3.510685e+01 4.200000e+02
    endloop
  endfacet
  facet normal -5.349976e-01 8.448536e-01 0.000000e+00
    outer loop
      vertex   1.805291e+02 3.510685e+01 4.180000e+02
      vertex   1.805291e+02 3.510685e+01 4.200000e+02
      vertex   1.810557e+02 3.544034e+01 4.180000e+02
    endloop
  endfacet
  facet normal -5.349976e-01 8.448536e-01 0.000000e+00
    outer loop
      vertex   1.810557e+02 3.544034e+01 4.180000e+02
      vertex   1.805291e+02 3.510685e+01 4.200000e+02
      vertex   1.810557e+02 3.544034e+01 4.200000e+02
    endloop
  endfacet
  facet normal -5.758082e-01 8.175848e-01 0.000000e+00
    outer loop
      vertex   1.810557e+02 3.544034e+01 4.180000e+02
      vertex   1.810557e+02 3.544034e+01 4.200000e+02
      vertex   1.815654e+02 3.579927e+01 4.180000e+02
    endloop
  endfacet
  facet normal -5.758082e-01 8.175848e-01 0.000000e+00
    outer loop
      vertex   1.815654e+02 3.579927e+01 4.180000e+02
      vertex   1.810557e+02 3.544034e+01 4.200000e+02
      vertex   1.815654e+02 3.579927e+01 4.200000e+02
    endloop
  endfacet
  facet normal -6.152316e-01 7.883464e-01 0.000000e+00
    outer loop
      vertex   1.815654e+02 3.579927e+01 4.180000e+02
      vertex   1.815654e+02 3.579927e+01 4.200000e+02
      vertex   1.820568e+02 3.618277e+01 4.180000e+02
    endloop
  endfacet
  facet normal -6.152316e-01 7.883464e-01 0.000000e+00
    outer loop
      vertex   1.820568e+02 3.618277e+01 4.180000e+02
      vertex   1.815654e+02 3.579927e+01 4.200000e+02
      vertex   1.820568e+02 3.618277e+01 4.200000e+02
    endloop
  endfacet
  facet normal -6.531728e-01 7.572088e-01 0.000000e+00
    outer loop
      vertex   1.820568e+02 3.618277e+01 4.180000e+02
      vertex   1.820568e+02 3.618277e+01 4.200000e+02
      vertex   1.825288e+02 3.658992e+01 4.180000e+02
    endloop
  endfacet
  facet normal -6.531728e-01 7.572088e-01 0.000000e+00
    outer loop
      vertex   1.825288e+02 3.658992e+01 4.180000e+02
      vertex   1.820568e+02 3.618277e+01 4.200000e+02
      vertex   1.825288e+02 3.658992e+01 4.200000e+02
    endloop
  endfacet
  facet normal -6.895405e-01 7.242471e-01 0.000000e+00
    outer loop
      vertex   1.825288e+02 3.658992e+01 4.180000e+02
      vertex   1.825288e+02 3.658992e+01 4.200000e+02
      vertex   1.829803e+02 3.701975e+01 4.180000e+02
    endloop
  endfacet
  facet normal -6.895405e-01 7.242471e-01 0.000000e+00
    outer loop
      vertex   1.829803e+02 3.701975e+01 4.180000e+02
      vertex   1.825288e+02 3.658992e+01 4.200000e+02
      vertex   1.829803e+02 3.701975e+01 4.200000e+02
    endloop
  endfacet
  facet normal -7.242471e-01 6.895405e-01 0.000000e+00
    outer loop
      vertex   1.829803e+02 3.701975e+01 4.180000e+02
      vertex   1.829803e+02 3.701975e+01 4.200000e+02
      vertex   1.834101e+02 3.747120e+01 4.180000e+02
    endloop
  endfacet
  facet normal -7.242471e-01 6.895405e-01 0.000000e+00
    outer loop
      vertex   1.834101e+02 3.747120e+01 4.180000e+02
      vertex   1.829803e+02 3.701975e+01 4.200000e+02
      vertex   1.834101e+02 3.747120e+01 4.200000e+02
    endloop
  endfacet
  facet normal -7.572088e-01 6.531728e-01 0.000000e+00
    outer loop
      vertex   1.834101e+02 3.747120e+01 4.180000e+02
      vertex   1.834101e+02 3.747120e+01 4.200000e+02
      vertex   1.838172e+02 3.794321e+01 4.180000e+02
    endloop
  endfacet
  facet normal -7.572088e-01 6.531728e-01 0.000000e+00
    outer loop
      vertex   1.838172e+02 3.794321e+01 4.180000e+02
      vertex   1.834101e+02 3.747120e+01 4.200000e+02
      vertex   1.838172e+02 3.794321e+01 4.200000e+02
    endloop
  endfacet
  facet normal -7.883464e-01 6.152316e-01 0.000000e+00
    outer loop
      vertex   1.838172e+02 3.794321e+01 4.180000e+02
      vertex   1.838172e+02 3.794321e+01 4.200000e+02
      vertex   1.842007e+02 3.843462e+01 4.180000e+02
    endloop
  endfacet
  facet normal -7.883464e-01 6.152316e-01 0.000000e+00
    outer loop
      vertex   1.842007e+02 3.843462e+01 4.180000e+02
      vertex   1.838172e+02 3.794321e+01 4.200000e+02
      vertex   1.842007e+02 3.843462e+01 4.200000e+02
    endloop
  endfacet
  facet normal -8.175848e-01 5.758082e-01 0.000000e+00
    outer loop
      vertex   1.842007e+02 3.843462e+01 4.180000e+02
      vertex   1.842007e+02 3.843462e+01 4.200000e+02
      vertex   1.845597e+02 3.894426e+01 4.180000e+02
    endloop
  endfacet
  facet normal -8.175848e-01 5.758082e-01 0.000000e+00
    outer loop
      vertex   1.845597e+02 3.894426e+01 4.180000e+02
      vertex   1.842007e+02 3.843462e+01 4.200000e+02
      vertex   1.845597e+02 3.894426e+01 4.200000e+02
    endloop
  endfacet
  facet normal -8.448536e-01 5.349976e-01 0.000000e+00
    outer loop
      vertex   1.845597e+02 3.894426e+01 4.180000e+02
      vertex   1.845597e+02 3.894426e+01 4.200000e+02
      vertex   1.848932e+02 3.947090e+01 4.180000e+02
    endloop
  endfacet
  facet normal -8.448536e-01 5.349976e-01 0.000000e+00
    outer loop
      vertex   1.848932e+02 3.947090e+01 4.180000e+02
      vertex   1.845597e+02 3.894426e+01 4.200000e+02
      vertex   1.848932e+02 3.947090e+01 4.200000e+02
    endloop
  endfacet
  facet normal -8.700870e-01 4.928982e-01 0.000000e+00
    outer loop
      vertex   1.848932e+02 3.947090e+01 4.180000e+02
      vertex   1.848932e+02 3.947090e+01 4.200000e+02
      vertex   1.852004e+02 4.001326e+01 4.180000e+02
    endloop
  endfacet
  facet normal -8.700870e-01 4.928982e-01 0.000000e+00
    outer loop
      vertex   1.852004e+02 4.001326e+01 4.180000e+02
      vertex   1.848932e+02 3.947090e+01 4.200000e+02
      vertex   1.852004e+02 4.001326e+01 4.200000e+02
    endloop
  endfacet
  facet normal -8.932243e-01 4.496113e-01 0.000000e+00
    outer loop
      vertex   1.852004e+02 4.001326e+01 4.180000e+02
      vertex   1.852004e+02 4.001326e+01 4.200000e+02
      vertex   1.854807e+02 4.057005e+01 4.180000e+02
    endloop
  endfacet
  facet normal -8.932243e-01 4.496113e-01 0.000000e+00
    outer loop
      vertex   1.854807e+02 4.057005e+01 4.180000e+02
      vertex   1.852004e+02 4.001326e+01 4.200000e+02
      vertex   1.854807e+02 4.057005e+01 4.200000e+02
    endloop
  endfacet
  facet normal -9.142098e-01 4.052413e-01 0.000000e+00
    outer loop
      vertex   1.854807e+02 4.057005e+01 4.180000e+02
      vertex   1.854807e+02 4.057005e+01 4.200000e+02
      vertex   1.857333e+02 4.113992e+01 4.180000e+02
    endloop
  endfacet
  facet normal -9.142098e-01 4.052413e-01 0.000000e+00
    outer loop
      vertex   1.857333e+02 4.113992e+01 4.180000e+02
      vertex   1.854807e+02 4.057005e+01 4.200000e+02
      vertex   1.857333e+02 4.113992e+01 4.200000e+02
    endloop
  endfacet
  facet normal -9.329928e-01 3.598950e-01 0.000000e+00
    outer loop
      vertex   1.857333e+02 4.113992e+01 4.180000e+02
      vertex   1.857333e+02 4.113992e+01 4.200000e+02
      vertex   1.859576e+02 4.172150e+01 4.180000e+02
    endloop
  endfacet
  facet normal -9.329928e-01 3.598950e-01 0.000000e+00
    outer loop
      vertex   1.859576e+02 4.172150e+01 4.180000e+02
      vertex   1.857333e+02 4.113992e+01 4.200000e+02
      vertex   1.859576e+02 4.172150e+01 4.200000e+02
    endloop
  endfacet
  facet normal -9.495282e-01 3.136817e-01 0.000000e+00
    outer loop
      vertex   1.859576e+02 4.172150e+01 4.180000e+02
      vertex   1.859576e+02 4.172150e+01 4.200000e+02
      vertex   1.861531e+02 4.231339e+01 4.180000e+02
    endloop
  endfacet
  facet normal -9.495282e-01 3.136817e-01 0.000000e+00
    outer loop
      vertex   1.861531e+02 4.231339e+01 4.180000e+02
      vertex   1.859576e+02 4.172150e+01 4.200000e+02
      vertex   1.861531e+02 4.231339e+01 4.200000e+02
    endloop
  endfacet
  facet normal -9.637761e-01 2.667128e-01 0.000000e+00
    outer loop
      vertex   1.861531e+02 4.231339e+01 4.180000e+02
      vertex   1.861531e+02 4.231339e+01 4.200000e+02
      vertex   1.863194e+02 4.291415e+01 4.180000e+02
    endloop
  endfacet
  facet normal -9.637761e-01 2.667128e-01 0.000000e+00
    outer loop
      vertex   1.863194e+02 4.291415e+01 4.180000e+02
      vertex   1.861531e+02 4.231339e+01 4.200000e+02
      vertex   1.863194e+02 4.291415e+01 4.200000e+02
    endloop
  endfacet
  facet normal -9.757021e-01 2.191012e-01 0.000000e+00
    outer loop
      vertex   1.863194e+02 4.291415e+01 4.180000e+02
      vertex   1.863194e+02 4.291415e+01 4.200000e+02
      vertex   1.864560e+02 4.352235e+01 4.180000e+02
    endloop
  endfacet
  facet normal -9.757021e-01 2.191012e-01 0.000000e+00
    outer loop
      vertex   1.864560e+02 4.352235e+01 4.180000e+02
      vertex   1.863194e+02 4.291415e+01 4.200000e+02
      vertex   1.864560e+02 4.352235e+01 4.200000e+02
    endloop
  endfacet
  facet normal -9.852776e-01 1.709619e-01 0.000000e+00
    outer loop
      vertex   1.864560e+02 4.352235e+01 4.180000e+02
      vertex   1.864560e+02 4.352235e+01 4.200000e+02
      vertex   1.865625e+02 4.413652e+01 4.180000e+02
    endloop
  endfacet
  facet normal -9.852776e-01 1.709619e-01 0.000000e+00
    outer loop
      vertex   1.865625e+02 4.413652e+01 4.180000e+02
      vertex   1.864560e+02 4.352235e+01 4.200000e+02
      vertex   1.865625e+02 4.413652e+01 4.200000e+02
    endloop
  endfacet
  facet normal -9.924795e-01 1.224107e-01 0.000000e+00
    outer loop
      vertex   1.865625e+02 4.413652e+01 4.180000e+02
      vertex   1.865625e+02 4.413652e+01 4.200000e+02
      vertex   1.866389e+02 4.475518e+01 4.180000e+02
    endloop
  endfacet
  facet normal -9.924795e-01 1.224107e-01 0.000000e+00
    outer loop
      vertex   1.866389e+02 4.475518e+01 4.180000e+02
      vertex   1.865625e+02 4.413652e+01 4.200000e+02
      vertex   1.866389e+02 4.475518e+01 4.200000e+02
    endloop
  endfacet
  facet normal -9.972905e-01 7.356456e-02 0.000000e+00
    outer loop
      vertex   1.866389e+02 4.475518e+01 4.180000e+02
      vertex   1.866389e+02 4.475518e+01 4.200000e+02
      vertex   1.866847e+02 4.537684e+01 4.180000e+02
    endloop
  endfacet
  facet normal -9.972905e-01 7.356456e-02 0.000000e+00
    outer loop
      vertex   1.866847e+02 4.537684e+01 4.180000e+02
      vertex   1.866389e+02 4.475518e+01 4.200000e+02
      vertex   1.866847e+02 4.537684e+01 4.200000e+02
    endloop
  endfacet
  facet normal -0.000000e+00 0.000000e+00 1.000000e+00
    outer loop
      vertex   1.851347e+02 4.541646e+01 4.180000e+02
      vertex   1.866847e+02 4.537684e+01 4.180000e+02
      vertex   1.851500e+02 4.600000e+01 4.180000e+02
    endloop
  endfacet
  facet normal -0.000000e+00 0.000000e+00 1.000000e+00
    outer loop
      vertex   1.851500e+02 4.600000e+01 4.180000e+02
      vertex   1.866847e+02 4.537684e+01 4.180000e+02
      vertex   1.867000e+02 4.600000e+01 4.180000e+02
    endloop
  endfacet
  facet normal 0.000000e+00 0.000000e+00 1.000000e+00
    outer loop
      vertex   1.851500e+02 4.600000e+01 4.180000e+02
      vertex   1.867000e+02 4.600000e+01 4.180000e+02
      vertex   1.866847e+02 4.662316e+01 4.180000e+02
    endloop
  endfacet
  facet normal 0.000000e+00 0.000000e+00 1.000000e+00
    outer loop
      vertex   1.866847e+02 4.537684e+01 4.180000e+02
      vertex   1.851347e+02 4.541646e+01 4.180000e+02
      vertex   1.866389e+02 4.475518e+01 4.180000e+02
    endloop
  endfacet
  facet normal 0.000000e+00 0.000000e+00 1.000000e+00
    outer loop
      vertex   1.866389e+02 4.475518e+01 4.180000e+02
      vertex   1.851347e+02 4.541646e+01 4.180000e+02
      vertex   1.850889e+02 4.483451e+01 4.180000e+02
    endloop
  endfacet
  facet normal 0.000000e+00 0.000000e+00 1.000000e+00
    outer loop
      vertex   1.866389e+02 4.475518e+01 4.180000e+02
      vertex   1.850889e+02 4.483451e+01 4.180000e+02
      vertex   1.865625e+02 4.413652e+01 4.180000e+02
    endloop
  endfacet
  facet normal 0.000000e+00 0.000000e+00 1.000000e+00
    outer loop
      vertex   1.865625e+02 4.413652e+01 4.180000e+02
      vertex   1.850889e+02 4.483451e+01 4.180000e+02
      vertex   1.850127e+02 4.425576e+01 4.180000e+02
    endloop
  endfacet
  facet normal 0.000000e+00 0.000000e+00 1.000000e+00
    outer loop
      vertex   1.865625e+02 4.413652e+01 4.180000e+02
      vertex   1.850127e+02 4.425576e+01 4.180000e+02
      vertex   1.864560e+02 4.352235e+01 4.180000e+02
    endloop
  endfacet
  facet normal 0.000000e+00 0.000000e+00 1.000000e+00
    outer loop
      vertex   1.864560e+02 4.352235e+01 4.180000e+02
      vertex   1.850127e+02 4.425576e+01 4.180000e+02
      vertex   1.849064e+02 4.368179e+01 4.180000e+02
    endloop
  endfacet
  facet normal 0.000000e+00 0.000000e+00 1.000000e+00
    outer loop
      vertex   1.864560e+02 4.352235e+01 4.180000e+02
      vertex   1.849064e+02 4.368179e+01 4.180000e+02
      vertex   1.863194e+02 4.291415e+01 4.180000e+02
    endloop
  endfacet
  facet normal 0.000000e+00 0.000000e+00 1.000000e+00
    outer loop
      vertex   1.863194e+02 4.291415e+01 4.180000e+02
      vertex   1.849064e+02 4.368179e+01 4.180000e+02
      vertex   1.847701e+02 4.311417e+01 4.180000e+02
    endloop
  endfacet
  facet normal 0.000000e+00 0.000000e+00 1.000000e+00
    outer loop
      vertex   1.863194e+02 4.291415e+01 4.180000e+02
      vertex   1.847701e+02 4.311417e+01 4.180000e+02
      vertex   1.861531e+02 4.231339e+01 4.180000e+02
    endloop
  endfacet
  facet normal 0.000000e+00 0.000000e+00 1.000000e+00
    outer loop
      vertex   1.861531e+02 4.231339e+01 4.180000e+02
      vertex   1.847701e+02 4.311417e+01 4.180000e+02
      vertex   1.846043e+02 4.255446e+01 4.180000e+02
    endloop
  endfacet
  facet normal 0.000000e+00 0.000000e+00 1.000000e+00
    outer loop
      vertex   1.861531e+02 4.231339e+01 4.180000e+02
      vertex   1.846043e+02 4.255446e+01 4.180000e+02
      vertex   1.859576e+02 4.172150e+01 4.180000e+02
    endloop
  endfacet
  facet normal 0.000000e+00 0.000000e+00 1.000000e+00
    outer loop
      vertex   1.859576e+02 4.172150e+01 4.180000e+02
      vertex   1.846043e+02 4.255446e+01 4.180000e+02
      vertex   1.844094e+02 4.200420e+01 4.180000e+02
    endloop
  endfacet
  facet normal 0.000000e+00 0.000000e+00 1.000000e+00
    outer loop
      vertex   1.859576e+02 4.172150e+01 4.180000e+02
      vertex   1.844094e+02 4.200420e+01 4.180000e+02
      vertex   1.857333e+02 4.113992e+01 4.180000e+02
    endloop
  endfacet
  facet normal 0.000000e+00 0.000000e+00 1.000000e+00
    outer loop
      vertex   1.857333e+02 4.113992e+01 4.180000e+02
      vertex   1.844094e+02 4.200420e+01 4.180000e+02
      vertex   1.841860e+02 4.146489e+01 4.180000e+02
    endloop
  endfacet
  facet normal 0.000000e+00 0.000000e+00 1.000000e+00
    outer loop
      vertex   1.857333e+02 4.113992e+01 4.180000e+02
      vertex   1.841860e+02 4.146489e+01 4.180000e+02
      vertex   1.854807e+02 4.057005e+01 4.180000e+02
    endloop
  endfacet
  facet normal 0.000000e+00 0.000000e+00 1.000000e+00
    outer loop
      vertex   1.854807e+02 4.057005e+01 4.180000e+02
      vertex   1.841860e+02 4.146489e+01 4.180000e+02
      vertex   1.839347e+02 4.093801e+01 4.180000e+02
    endloop
  endfacet
  facet normal 0.000000e+00 0.000000e+00 1.000000e+00
    outer loop
      vertex   1.854807e+02 4.057005e+01 4.180000e+02
      vertex   1.839347e+02 4.093801e+01 4.180000e+02
      vertex   1.852004e+02 4.001326e+01 4.180000e+02
    endloop
  endfacet
  facet normal 0.000000e+00 0.000000e+00 1.000000e+00
    outer loop
      vertex   1.852004e+02 4.001326e+01 4.180000e+02
      vertex   1.839347e+02 4.093801e+01 4.180000e+02
      vertex   1.836562e+02 4.042500e+01 4.180000e+02
    endloop
  endfacet
  facet normal 0.000000e+00 0.000000e+00 1.000000e+00
    outer loop
      vertex   1.852004e+02 4.001326e+01 4.180000e+02
      vertex   1.836562e+02 4.042500e+01 4.180000e+02
      vertex   1.848932e+02 3.947090e+01 4.180000e+02
    endloop
  endfacet
  facet normal 0.000000e+00 0.000000e+00 1.000000e+00
    outer loop
      vertex   1.848932e+02 3.947090e+01 4.180000e+02
      vertex   1.836562e+02 4.042500e+01 4.180000e+02
      vertex   1.833512e+02 3.992728e+01 4.180000e+02
    endloop
  endfacet
  facet normal 0.000000e+00 0.000000e+00 1.000000e+00
    outer loop
      vertex   1.848932e+02 3.947090e+01 4.180000e+02
      vertex   1.833512e+02 3.992728e+01 4.180000e+02
      vertex   1.845597e+02 3.894426e+01 4.180000e+02
    endloop
  endfacet
  facet normal 0.000000e+00 0.000000e+00 1.000000e+00
    outer loop
      vertex   1.845597e+02 3.894426e+01 4.180000e+02
      vertex   1.833512e+02 3.992728e+01 4.180000e+02
      vertex   1.830205e+02 3.944620e+01 4.180000e+02
    endloop
  endfacet
  facet normal 0.000000e+00 0.000000e+00 1.000000e+00
    outer loop
      vertex   1.845597e+02 3.894426e+01 4.180000e+02
      vertex   1.830205e+02 3.944620e+01 4.180000e+02
      vertex   1.842007e+02 3.843462e+01 4.180000e+02
    endloop
  endfacet
  facet normal 0.000000e+00 0.000000e+00 1.000000e+00
    outer loop
      vertex   1.842007e+02 3.843462e+01 4.180000e+02
      vertex   1.830205e+02 3.944620e+01 4.180000e+02
      vertex   1.826652e+02 3.898308e+01 4.180000e+02
    endloop
  endfacet
  facet normal 0.000000e+00 0.000000e+00 1.000000e+00
    outer loop
      vertex   1.842007e+02 3.843462e+01 4.180000e+02
      vertex   1.826652e+02 3.898308e+01 4.180000e+02
      vertex   1.838172e+02 3.794321e+01 4.180000e+02
    endloop
  endfacet
  facet normal 0.000000e+00 0.000000e+00 1.000000e+00
    outer loop
      vertex   1.838172e+02 3.794321e+01 4.180000e+02
      vertex   1.826652e+02 3.898308e+01 4.180000e+02
      vertex   1.822861e+02 3.853920e+01 4.180000e+02
    endloop
  endfacet
  facet normal 0.000000e+00 0.000000e+00 1.000000e+00
    outer loop
      vertex   1.838172e+02 3.794321e+01 4.180000e+02
      vertex   1.822861e+02 3.853920e+01 4.180000e+02
      vertex   1.834101e+02 3.747120e+01 4.180000e+02
    endloop
  endfacet
  facet normal 0.000000e+00 0.000000e+00 1.000000e+00
    outer loop
      vertex   1.834101e+02 3.747120e+01 4.180000e+02
      vertex   1.822861e+02 3.853920e+01 4.180000e+02
      vertex   1.818842e+02 3.811576e+01 4.180000e+02
    endloop
  endfacet
  facet normal 0.000000e+00 0.000000e+00 1.000000e+00
    outer loop
      vertex   1.834101e+02 3.747120e+01 4.180000e+02
      vertex   1.818842e+02 3.811576e+01 4.180000e+02
      vertex   1.829803e+02 3.701975e+01 4.180000e+02
    endloop
  endfacet
  facet normal 0.000000e+00 0.000000e+00 1.000000e+00
    outer loop
      vertex   1.829803e+02 3.701975e+01 4.180000e+02
      vertex   1.818842e+02 3.811576e+01 4.180000e+02
      vertex   1.825288e+02 3.658992e+01 4.180000e+02
    endloop
  endfacet
  facet normal 0.000000e+00 0.000000e+00 1.000000e+00
    outer loop
      vertex   1.825288e+02 3.658992e+01 4.180000e+02
      vertex   1.818842e+02 3.811576e+01 4.180000e+02
      vertex   1.814608e+02 3.771394e+01 4.180000e+02
    endloop
  endfacet
  facet normal 0.000000e+00 0.000000e+00 1.000000e+00
    outer loop
      vertex   1.825288e+02 3.658992e+01 4.180000e+02
      vertex   1.814608e+02 3.771394e+01 4.180000e+02
      vertex   1.820568e+02 3.618277e+01 4.180000e+02
    endloop
  endfacet
  facet normal 0.000000e+00 0.000000e+00 1.000000e+00
    outer loop
      vertex   1.820568e+02 3.618277e+01 4.180000e+02
      vertex   1.814608e+02 3.771394e+01 4.180000e+02
      vertex   1.810169e+02 3.733482e+01 4.180000e+02
    endloop
  endfacet
  facet normal 0.000000e+00 0.000000e+00 1.000000e+00
    outer loop
      vertex   1.820568e+02 3.618277e+01 4.180000e+02
      vertex   1.810169e+02 3.733482e+01 4.180000e+02
      vertex   1.815654e+02 3.579927e+01 4.180000e+02
    endloop
  endfacet
  facet normal 0.000000e+00 0.000000e+00 1.000000e+00
    outer loop
      vertex   1.815654e+02 3.579927e+01 4.180000e+02
      vertex   1.810169e+02 3.733482e+01 4.180000e+02
      vertex   1.805538e+02 3.697946e+01 4.180000e+02
    endloop
  endfacet
  facet normal 0.000000e+00 0.000000e+00 1.000000e+00
    outer loop
      vertex   1.815654e+02 3.579927e+01 4.180000e+02
      vertex   1.805538e+02 3.697946e+01 4.180000e+02
      vertex   1.810557e+02 3.544034e+01 4.180000e+02
    endloop
  endfacet
  facet normal 0.000000e+00 0.000000e+00 1.000000e+00
    outer loop
      vertex   1.810557e+02 3.544034e+01 4.180000e+02
      vertex   1.805538e+02 3.697946e+01 4.180000e+02
      vertex   1.800727e+02 3.664883e+01 4.180000e+02
    endloop
  endfacet
  facet normal 0.000000e+00 0.000000e+00 1.000000e+00
    outer loop
      vertex   1.810557e+02 3.544034e+01 4.180000e+02
      vertex   1.800727e+02 3.664883e+01 4.180000e+02
      vertex   1.805291e+02 3.510685e+01 4.180000e+02
    endloop
  endfacet
  facet normal 0.000000e+00 0.000000e+00 1.000000e+00
    outer loop
      vertex   1.805291e+02 3.510685e+01 4.180000e+02
      vertex   1.800727e+02 3.664883e+01 4.180000e+02
      vertex   1.795750e+02 3.634382e+01 4.180000e+02
    endloop
  endfacet
  facet normal 0.000000e+00 0.000000e+00 1.000000e+00
    outer loop
      vertex   1.805291e+02 3.510685e+01 4.180000e+02
      vertex   1.795750e+02 3.634382e+01 4.180000e+02
      vertex   1.799867e+02 3.479960e+01 4.180000e+02
    endloop
  endfacet
  facet normal 0.000000e+00 0.000000e+00 1.000000e+00
    outer loop
      vertex   1.799867e+02 3.479960e+01 4.180000e+02
      vertex   1.795750e+02 3.634382e+01 4.180000e+02
      vertex   1.790620e+02 3.606528e+01 4.180000e+02
    endloop
  endfacet
  facet normal 0.000000e+00 0.000000e+00 1.000000e+00
    outer loop
      vertex   1.799867e+02 3.479960e+01 4.180000e+02
      vertex   1.790620e+02 3.606528e+01 4.180000e+02
      vertex   1.794300e+02 3.451934e+01 4.180000e+02
    endloop
  endfacet
  facet normal 0.000000e+00 0.000000e+00 1.000000e+00
    outer loop
      vertex   1.794300e+02 3.451934e+01 4.180000e+02
      vertex   1.790620e+02 3.606528e+01 4.180000e+02
      vertex   1.785351e+02 3.581397e+01 4.180000e+02
    endloop
  endfacet
  facet normal 0.000000e+00 0.000000e+00 1.000000e+00
    outer loop
      vertex   1.794300e+02 3.451934e+01 4.180000e+02
      vertex   1.785351e+02 3.581397e+01 4.180000e+02
      vertex   1.788601e+02 3.426673e+01 4.180000e+02
    endloop
  endfacet
  facet normal 0.000000e+00 0.000000e+00 1.000000e+00
    outer loop
      vertex   1.788601e+02 3.426673e+01 4.180000e+02
      vertex   1.785351e+02 3.581397e+01 4.180000e+02
      vertex   1.779958e+02 3.559058e+01 4.180000e+02
    endloop
  endfacet
  facet normal 0.000000e+00 0.000000e+00 1.000000e+00
    outer loop
      vertex   1.788601e+02 3.426673e+01 4.180000e+02
      vertex   1.779958e+02 3.559058e+01 4.180000e+02
      vertex   1.782785e+02 3.404239e+01 4.180000e+02
    endloop
  endfacet
  facet normal 0.000000e+00 0.000000e+00 1.000000e+00
    outer loop
      vertex   1.782785e+02 3.404239e+01 4.180000e+02
      vertex   1.779958e+02 3.559058e+01 4.180000e+02
      vertex   1.774455e+02 3.539572e+01 4.180000e+02
    endloop
  endfacet
  facet normal 0.000000e+00 0.000000e+00 1.000000e+00
    outer loop
      vertex   1.782785e+02 3.404239e+01 4.180000e+02
      vertex   1.774455e+02 3.539572e+01 4.180000e+02
      vertex   1.776866e+02 3.384686e+01 4.180000e+02
    endloop
  endfacet
  facet normal 0.000000e+00 0.000000e+00 1.000000e+00
    outer loop
      vertex   1.776866e+02 3.384686e+01 4.180000e+02
      vertex   1.774455e+02 3.539572e+01 4.180000e+02
      vertex   1.768858e+02 3.522993e+01 4.180000e+02
    endloop
  endfacet
  facet normal 0.000000e+00 0.000000e+00 1.000000e+00
    outer loop
      vertex   1.776866e+02 3.384686e+01 4.180000e+02
      vertex   1.768858e+02 3.522993e+01 4.180000e+02
      vertex   1.770859e+02 3.368061e+01 4.180000e+02
    endloop
  endfacet
  facet normal 0.000000e+00 0.000000e+00 1.000000e+00
    outer loop
      vertex   1.770859e+02 3.368061e+01 4.180000e+02
      vertex   1.768858e+02 3.522993e+01 4.180000e+02
      vertex   1.763182e+02 3.509366e+01 4.180000e+02
    endloop
  endfacet
  facet normal 0.000000e+00 0.000000e+00 1.000000e+00
    outer loop
      vertex   1.770859e+02 3.368061e+01 4.180000e+02
      vertex   1.763182e+02 3.509366e+01 4.180000e+02
      vertex   1.764777e+02 3.354403e+01 4.180000e+02
    endloop
  endfacet
  facet normal 0.000000e+00 0.000000e+00 1.000000e+00
    outer loop
      vertex   1.764777e+02 3.354403e+01 4.180000e+02
      vertex   1.763182e+02 3.509366e+01 4.180000e+02
      vertex   1.757443e+02 3.498728e+01 4.180000e+02
    endloop
  endfacet
  facet normal 0.000000e+00 0.000000e+00 1.000000e+00
    outer loop
      vertex   1.764777e+02 3.354403e+01 4.180000e+02
      vertex   1.757443e+02 3.498728e+01 4.180000e+02
      vertex   1.758635e+02 3.343746e+01 4.180000e+02
    endloop
  endfacet
  facet normal 0.000000e+00 0.000000e+00 1.000000e+00
    outer loop
      vertex   1.758635e+02 3.343746e+01 4.180000e+02
      vertex   1.757443e+02 3.498728e+01 4.180000e+02
      vertex   1.751655e+02 3.491108e+01 4.180000e+02
    endloop
  endfacet
  facet normal 0.000000e+00 0.000000e+00 1.000000e+00
    outer loop
      vertex   1.758635e+02 3.343746e+01 4.180000e+02
      vertex   1.751655e+02 3.491108e+01 4.180000e+02
      vertex   1.752448e+02 3.336116e+01 4.180000e+02
    endloop
  endfacet
  facet normal 0.000000e+00 0.000000e+00 1.000000e+00
    outer loop
      vertex   1.752448e+02 3.336116e+01 4.180000e+02
      vertex   1.751655e+02 3.491108e+01 4.180000e+02
      vertex   1.745836e+02 3.486528e+01 4.180000e+02
    endloop
  endfacet
  facet normal 0.000000e+00 0.000000e+00 1.000000e+00
    outer loop
      vertex   1.752448e+02 3.336116e+01 4.180000e+02
      vertex   1.745836e+02 3.486528e+01 4.180000e+02
      vertex   1.746232e+02 3.331530e+01 4.180000e+02
    endloop
  endfacet
  facet normal 0.000000e+00 0.000000e+00 1.000000e+00
    outer loop
      vertex   1.746232e+02 3.331530e+01 4.180000e+02
      vertex   1.745836e+02 3.486528e+01 4.180000e+02
      vertex   1.740000e+02 3.485000e+01 4.180000e+02
    endloop
  endfacet
  facet normal 0.000000e+00 0.000000e+00 1.000000e+00
    outer loop
      vertex   1.746232e+02 3.331530e+01 4.180000e+02
      vertex   1.740000e+02 3.485000e+01 4.180000e+02
      vertex   1.740000e+02 3.330000e+01 4.180000e+02
    endloop
  endfacet
  facet normal 0.000000e+00 -0.000000e+00 1.000000e+00
    outer loop
      vertex   1.740000e+02 3.330000e+01 4.180000e+02
      vertex   1.740000e+02 3.485000e+01 4.180000e+02
      vertex   1.733768e+02 3.331530e+01 4.180000e+02
    endloop
  endfacet
  facet normal 0.000000e+00 0.000000e+00 1.000000e+00
    outer loop
      vertex   1.733768e+02 3.331530e+01 4.180000e+02
      vertex   1.740000e+02 3.485000e+01 4.180000e+02
      vertex   1.734165e+02 3.486528e+01 4.180000e+02
    endloop
  endfacet
  facet normal 0.000000e+00 -0.000000e+00 1.000000e+00
    outer loop
      vertex   1.733768e+02 3.331530e+01 4.180000e+02
      vertex   1.734165e+02 3.486528e+01 4.180000e+02
      vertex   1.727552e+02 3.336116e+01 4.180000e+02
    endloop
  endfacet
  facet normal 0.000000e+00 0.000000e+00 1.000000e+00
    outer loop
      vertex   1.727552e+02 3.336116e+01 4.180000e+02
      vertex   1.734165e+02 3.486528e+01 4.180000e+02
      vertex   1.728345e+02 3.491108e+01 4.180000e+02
    endloop
  endfacet
  facet normal 0.000000e+00 -0.000000e+00 1.000000e+00
    outer loop
      vertex   1.727552e+02 3.336116e+01 4.180000e+02
      vertex   1.728345e+02 3.491108e+01 4.180000e+02
      vertex   1.721365e+02 3.343746e+01 4.180000e+02
    endloop
  endfacet
  facet normal 0.000000e+00 0.000000e+00 1.000000e+00
    outer loop
      vertex   1.721365e+02 3.343746e+01 4.180000e+02
      vertex   1.728345e+02 3.491108e+01 4.180000e+02
      vertex   1.722558e+02 3.498728e+01 4.180000e+02
    endloop
  endfacet
  facet normal 0.000000e+00 -0.000000e+00 1.000000e+00
    outer loop
      vertex   1.721365e+02 3.343746e+01 4.180000e+02
      vertex   1.722558e+02 3.498728e+01 4.180000e+02
      vertex   1.715224e+02 3.354403e+01 4.180000e+02
    endloop
  endfacet
  facet normal 0.000000e+00 0.000000e+00 1.000000e+00
    outer loop
      vertex   1.715224e+02 3.354403e+01 4.180000e+02
      vertex   1.722558e+02 3.498728e+01 4.180000e+02
      vertex   1.716818e+02 3.509366e+01 4.180000e+02
    endloop
  endfacet
  facet normal 0.000000e+00 -0.000000e+00 1.000000e+00
    outer loop
      vertex   1.715224e+02 3.354403e+01 4.180000e+02
      vertex   1.716818e+02 3.509366e+01 4.180000e+02
      vertex   1.709142e+02 3.368061e+01 4.180000e+02
    endloop
  endfacet
  facet normal 0.000000e+00 0.000000e+00 1.000000e+00
    outer loop
      vertex   1.709142e+02 3.368061e+01 4.180000e+02
      vertex   1.716818e+02 3.509366e+01 4.180000e+02
      vertex   1.711142e+02 3.522993e+01 4.180000e+02
    endloop
  endfacet
  facet normal 0.000000e+00 -0.000000e+00 1.000000e+00
    outer loop
      vertex   1.709142e+02 3.368061e+01 4.180000e+02
      vertex   1.711142e+02 3.522993e+01 4.180000e+02
      vertex   1.703134e+02 3.384686e+01 4.180000e+02
    endloop
  endfacet
  facet normal 0.000000e+00 0.000000e+00 1.000000e+00
    outer loop
      vertex   1.703134e+02 3.384686e+01 4.180000e+02
      vertex   1.711142e+02 3.522993e+01 4.180000e+02
      vertex   1.705545e+02 3.539572e+01 4.180000e+02
    endloop
  endfacet
  facet normal 0.000000e+00 -0.000000e+00 1.000000e+00
    outer loop
      vertex   1.703134e+02 3.384686e+01 4.180000e+02
      vertex   1.705545e+02 3.539572e+01 4.180000e+02
      vertex   1.697215e+02 3.404239e+01 4.180000e+02
    endloop
  endfacet
  facet normal 0.000000e+00 0.000000e+00 1.000000e+00
    outer loop
      vertex   1.697215e+02 3.404239e+01 4.180000e+02
      vertex   1.705545e+02 3.539572e+01 4.180000e+02
      vertex   1.700042e+02 3.559058e+01 4.180000e+02
    endloop
  endfacet
  facet normal 0.000000e+00 -0.000000e+00 1.000000e+00
    outer loop
      vertex   1.697215e+02 3.404239e+01 4.180000e+02
      vertex   1.700042e+02 3.559058e+01 4.180000e+02
      vertex   1.691399e+02 3.426673e+01 4.180000e+02
    endloop
  endfacet
  facet normal 0.000000e+00 0.000000e+00 1.000000e+00
    outer loop
      vertex   1.691399e+02 3.426673e+01 4.180000e+02
      vertex   1.700042e+02 3.559058e+01 4.180000e+02
      vertex   1.694649e+02 3.581397e+01 4.180000e+02
    endloop
  endfacet
  facet normal 0.000000e+00 -0.000000e+00 1.000000e+00
    outer loop
      vertex   1.691399e+02 3.426673e+01 4.180000e+02
      vertex   1.694649e+02 3.581397e+01 4.180000e+02
      vertex   1.685701e+02 3.451934e+01 4.180000e+02
    endloop
  endfacet
  facet normal 0.000000e+00 0.000000e+00 1.000000e+00
    outer loop
      vertex   1.685701e+02 3.451934e+01 4.180000e+02
      vertex   1.694649e+02 3.581397e+01 4.180000e+02
      vertex   1.689380e+02 3.606528e+01 4.180000e+02
    endloop
  endfacet
  facet normal 0.000000e+00 -0.000000e+00 1.000000e+00
    outer loop
      vertex   1.685701e+02 3.451934e+01 4.180000e+02
      vertex   1.689380e+02 3.606528e+01 4.180000e+02
      vertex   1.680133e+02 3.479960e+01 4.180000e+02
    endloop
  endfacet
  facet normal 0.000000e+00 0.000000e+00 1.000000e+00
    outer loop
      vertex   1.680133e+02 3.479960e+01 4.180000e+02
      vertex   1.689380e+02 3.606528e+01 4.180000e+02
      vertex   1.684250e+02 3.634382e+01 4.180000e+02
    endloop
  endfacet
  facet normal 0.000000e+00 -0.000000e+00 1.000000e+00
    outer loop
      vertex   1.680133e+02 3.479960e+01 4.180000e+02
      vertex   1.684250e+02 3.634382e+01 4.180000e+02
      vertex   1.674709e+02 3.510685e+01 4.180000e+02
    endloop
  endfacet
  facet normal 0.000000e+00 0.000000e+00 1.000000e+00
    outer loop
      vertex   1.674709e+02 3.510685e+01 4.180000e+02
      vertex   1.684250e+02 3.634382e+01 4.180000e+02
      vertex   1.679273e+02 3.664883e+01 4.180000e+02
    endloop
  endfacet
  facet normal 0.000000e+00 -0.000000e+00 1.000000e+00
    outer loop
      vertex   1.674709e+02 3.510685e+01 4.180000e+02
      vertex   1.679273e+02 3.664883e+01 4.180000e+02
      vertex   1.669443e+02 3.544034e+01 4.180000e+02
    endloop
  endfacet
  facet normal 0.000000e+00 0.000000e+00 1.000000e+00
    outer loop
      vertex   1.669443e+02 3.544034e+01 4.180000e+02
      vertex   1.679273e+02 3.664883e+01 4.180000e+02
      vertex   1.674462e+02 3.697946e+01 4.180000e+02
    endloop
  endfacet
  facet normal 0.000000e+00 -0.000000e+00 1.000000e+00
    outer loop
      vertex   1.669443e+02 3.544034e+01 4.180000e+02
      vertex   1.674462e+02 3.697946e+01 4.180000e+02
      vertex   1.664346e+02 3.579927e+01 4.180000e+02
    endloop
  endfacet
  facet normal 0.000000e+00 0.000000e+00 1.000000e+00
    outer loop
      vertex   1.664346e+02 3.579927e+01 4.180000e+02
      vertex   1.674462e+02 3.697946e+01 4.180000e+02
      vertex   1.669831e+02 3.733482e+01 4.180000e+02
    endloop
  endfacet
  facet normal 0.000000e+00 -0.000000e+00 1.000000e+00
    outer loop
      vertex   1.664346e+02 3.579927e+01 4.180000e+02
      vertex   1.669831e+02 3.733482e+01 4.180000e+02
      vertex   1.659432e+02 3.618277e+01 4.180000e+02
    endloop
  endfacet
  facet normal 0.000000e+00 0.000000e+00 1.000000e+00
    outer loop
      vertex   1.659432e+02 3.618277e+01 4.180000e+02
      vertex   1.669831e+02 3.733482e+01 4.180000e+02
      vertex   1.665392e+02 3.771394e+01 4.180000e+02
    endloop
  endfacet
  facet normal 0.000000e+00 -0.000000e+00 1.000000e+00
    outer loop
      vertex   1.659432e+02 3.618277e+01 4.180000e+02
      vertex   1.665392e+02 3.771394e+01 4.180000e+02
      vertex   1.654712e+02 3.658992e+01 4.180000e+02
    endloop
  endfacet
  facet normal 0.000000e+00 0.000000e+00 1.000000e+00
    outer loop
      vertex   1.654712e+02 3.658992e+01 4.180000e+02
      vertex   1.665392e+02 3.771394e+01 4.180000e+02
      vertex   1.661158e+02 3.811576e+01 4.180000e+02
    endloop
  endfacet
  facet normal 0.000000e+00 -0.000000e+00 1.000000e+00
    outer loop
      vertex   1.654712e+02 3.658992e+01 4.180000e+02
      vertex   1.661158e+02 3.811576e+01 4.180000e+02
      vertex   1.650198e+02 3.701975e+01 4.180000e+02
    endloop
  endfacet
  facet normal 0.000000e+00 -0.000000e+00 1.000000e+00
    outer loop
      vertex   1.650198e+02 3.701975e+01 4.180000e+02
      vertex   1.661158e+02 3.811576e+01 4.180000e+02
      vertex   1.645899e+02 3.747120e+01 4.180000e+02
    endloop
  endfacet
  facet normal 0.000000e+00 0.000000e+00 1.000000e+00
    outer loop
      vertex   1.645899e+02 3.747120e+01 4.180000e+02
      vertex   1.661158e+02 3.811576e+01 4.180000e+02
      vertex   1.657139e+02 3.853920e+01 4.180000e+02
    endloop
  endfacet
  facet normal 0.000000e+00 -0.000000e+00 1.000000e+00
    outer loop
      vertex   1.645899e+02 3.747120e+01 4.180000e+02
      vertex   1.657139e+02 3.853920e+01 4.180000e+02
      vertex   1.641828e+02 3.794321e+01 4.180000e+02
    endloop
  endfacet
  facet normal 0.000000e+00 0.000000e+00 1.000000e+00
    outer loop
      vertex   1.641828e+02 3.794321e+01 4.180000e+02
      vertex   1.657139e+02 3.853920e+01 4.180000e+02
      vertex   1.653348e+02 3.898308e+01 4.180000e+02
    endloop
  endfacet
  facet normal 0.000000e+00 -0.000000e+00 1.000000e+00
    outer loop
      vertex   1.641828e+02 3.794321e+01 4.180000e+02
      vertex   1.653348e+02 3.898308e+01 4.180000e+02
      vertex   1.637993e+02 3.843462e+01 4.180000e+02
    endloop
  endfacet
  facet normal 0.000000e+00 0.000000e+00 1.000000e+00
    outer loop
      vertex   1.637993e+02 3.843462e+01 4.180000e+02
      vertex   1.653348e+02 3.898308e+01 4.180000e+02
      vertex   1.649795e+02 3.944620e+01 4.180000e+02
    endloop
  endfacet
  facet normal 0.000000e+00 -0.000000e+00 1.000000e+00
    outer loop
      vertex   1.637993e+02 3.843462e+01 4.180000e+02
      vertex   1.649795e+02 3.944620e+01 4.180000e+02
      vertex   1.634403e+02 3.894426e+01 4.180000e+02
    endloop
  endfacet
  facet normal 0.000000e+00 0.000000e+00 1.000000e+00
    outer loop
      vertex   1.634403e+02 3.894426e+01 4.180000e+02
      vertex   1.649795e+02 3.944620e+01 4.180000e+02
      vertex   1.646488e+02 3.992728e+01 4.180000e+02
    endloop
  endfacet
  facet normal 0.000000e+00 -0.000000e+00 1.000000e+00
    outer loop
      vertex   1.634403e+02 3.894426e+01 4.180000e+02
      vertex   1.646488e+02 3.992728e+01 4.180000e+02
      vertex   1.631069e+02 3.947090e+01 4.180000e+02
    endloop
  endfacet
  facet normal 0.000000e+00 0.000000e+00 1.000000e+00
    outer loop
      vertex   1.631069e+02 3.947090e+01 4.180000e+02
      vertex   1.646488e+02 3.992728e+01 4.180000e+02
      vertex   1.643438e+02 4.042500e+01 4.180000e+02
    endloop
  endfacet
  facet normal 0.000000e+00 -0.000000e+00 1.000000e+00
    outer loop
      vertex   1.631069e+02 3.947090e+01 4.180000e+02
      vertex   1.643438e+02 4.042500e+01 4.180000e+02
      vertex   1.627996e+02 4.001326e+01 4.180000e+02
    endloop
  endfacet
  facet normal 0.000000e+00 0.000000e+00 1.000000e+00
    outer loop
      vertex   1.627996e+02 4.001326e+01 4.180000e+02
      vertex   1.643438e+02 4.042500e+01 4.180000e+02
      vertex   1.640653e+02 4.093801e+01 4.180000e+02
    endloop
  endfacet
  facet normal 0.000000e+00 -0.000000e+00 1.000000e+00
    outer loop
      vertex   1.627996e+02 4.001326e+01 4.180000e+02
      vertex   1.640653e+02 4.093801e+01 4.180000e+02
      vertex   1.625193e+02 4.057005e+01 4.180000e+02
    endloop
  endfacet
  facet normal 0.000000e+00 0.000000e+00 1.000000e+00
    outer loop
      vertex   1.625193e+02 4.057005e+01 4.180000e+02
      vertex   1.640653e+02 4.093801e+01 4.180000e+02
      vertex   1.638140e+02 4.146489e+01 4.180000e+02
    endloop
  endfacet
  facet normal 0.000000e+00 -0.000000e+00 1.000000e+00
    outer loop
      vertex   1.625193e+02 4.057005e+01 4.180000e+02
      vertex   1.638140e+02 4.146489e+01 4.180000e+02
      vertex   1.622667e+02 4.113992e+01 4.180000e+02
    endloop
  endfacet
  facet normal 0.000000e+00 0.000000e+00 1.000000e+00
    outer loop
      vertex   1.622667e+02 4.113992e+01 4.180000e+02
      vertex   1.638140e+02 4.146489e+01 4.180000e+02
      vertex   1.635906e+02 4.200420e+01 4.180000e+02
    endloop
  endfacet
  facet normal 0.000000e+00 -0.000000e+00 1.000000e+00
    outer loop
      vertex   1.622667e+02 4.113992e+01 4.180000e+02
      vertex   1.635906e+02 4.200420e+01 4.180000e+02
      vertex   1.620424e+02 4.172150e+01 4.180000e+02
    endloop
  endfacet
  facet normal 0.000000e+00 0.000000e+00 1.000000e+00
    outer loop
      vertex   1.620424e+02 4.172150e+01 4.180000e+02
      vertex   1.635906e+02 4.200420e+01 4.180000e+02
      vertex   1.633957e+02 4.255446e+01 4.180000e+02
    endloop
  endfacet
  facet normal 0.000000e+00 -0.000000e+00 1.000000e+00
    outer loop
      vertex   1.620424e+02 4.172150e+01 4.180000e+02
      vertex   1.633957e+02 4.255446e+01 4.180000e+02
      vertex   1.618469e+02 4.231339e+01 4.180000e+02
    endloop
  endfacet
  facet normal 0.000000e+00 0.000000e+00 1.000000e+00
    outer loop
      vertex   1.618469e+02 4.231339e+01 4.180000e+02
      vertex   1.633957e+02 4.255446e+01 4.180000e+02
      vertex   1.632299e+02 4.311417e+01 4.180000e+02
    endloop
  endfacet
  facet normal 0.000000e+00 -0.000000e+00 1.000000e+00
    outer loop
      vertex   1.618469e+02 4.231339e+01 4.180000e+02
      vertex   1.632299e+02 4.311417e+01 4.180000e+02
      vertex   1.616806e+02 4.291415e+01 4.180000e+02
    endloop
  endfacet
  facet normal 0.000000e+00 0.000000e+00 1.000000e+00
    outer loop
      vertex   1.616806e+02 4.291415e+01 4.180000e+02
      vertex   1.632299e+02 4.311417e+01 4.180000e+02
      vertex   1.630937e+02 4.368179e+01 4.180000e+02
    endloop
  endfacet
  facet normal 0.000000e+00 -0.000000e+00 1.000000e+00
    outer loop
      vertex   1.616806e+02 4.291415e+01 4.180000e+02
      vertex   1.630937e+02 4.368179e+01 4.180000e+02
      vertex   1.615440e+02 4.352235e+01 4.180000e+02
    endloop
  endfacet
  facet normal 0.000000e+00 0.000000e+00 1.000000e+00
    outer loop
      vertex   1.615440e+02 4.352235e+01 4.180000e+02
      vertex   1.630937e+02 4.368179e+01 4.180000e+02
      vertex   1.629873e+02 4.425576e+01 4.180000e+02
    endloop
  endfacet
  facet normal 0.000000e+00 -0.000000e+00 1.000000e+00
    outer loop
      vertex   1.615440e+02 4.352235e+01 4.180000e+02
      vertex   1.629873e+02 4.425576e+01 4.180000e+02
      vertex   1.614375e+02 4.413652e+01 4.180000e+02
    endloop
  endfacet
  facet normal 0.000000e+00 0.000000e+00 1.000000e+00
    outer loop
      vertex   1.614375e+02 4.413652e+01 4.180000e+02
      vertex   1.629873e+02 4.425576e+01 4.180000e+02
      vertex   1.629111e+02 4.483451e+01 4.180000e+02
    endloop
  endfacet
  facet normal 0.000000e+00 -0.000000e+00 1.000000e+00
    outer loop
      vertex   1.614375e+02 4.413652e+01 4.180000e+02
      vertex   1.629111e+02 4.483451e+01 4.180000e+02
      vertex   1.613612e+02 4.475518e+01 4.180000e+02
    endloop
  endfacet
  facet normal 0.000000e+00 0.000000e+00 1.000000e+00
    outer loop
      vertex   1.613612e+02 4.475518e+01 4.180000e+02
      vertex   1.629111e+02 4.483451e+01 4.180000e+02
      vertex   1.628653e+02 4.541646e+01 4.180000e+02
    endloop
  endfacet
  facet normal 0.000000e+00 -0.000000e+00 1.000000e+00
    outer loop
      vertex   1.613612e+02 4.475518e+01 4.180000e+02
      vertex   1.628653e+02 4.541646e+01 4.180000e+02
      vertex   1.613153e+02 4.537684e+01 4.180000e+02
    endloop
  endfacet
  facet normal 0.000000e+00 0.000000e+00 1.000000e+00
    outer loop
      vertex   1.613153e+02 4.537684e+01 4.180000e+02
      vertex   1.628653e+02 4.541646e+01 4.180000e+02
      vertex   1.628500e+02 4.600000e+01 4.180000e+02
    endloop
  endfacet
  facet normal 0.000000e+00 -0.000000e+00 1.000000e+00
    outer loop
      vertex   1.613153e+02 4.537684e+01 4.180000e+02
      vertex   1.628500e+02 4.600000e+01 4.180000e+02
      vertex   1.613000e+02 4.600000e+01 4.180000e+02
    endloop
  endfacet
  facet normal 0.000000e+00 0.000000e+00 1.000000e+00
    outer loop
      vertex   1.613000e+02 4.600000e+01 4.180000e+02
      vertex   1.628500e+02 4.600000e+01 4.180000e+02
      vertex   1.613153e+02 4.662316e+01 4.180000e+02
    endloop
  endfacet
  facet normal 0.000000e+00 0.000000e+00 1.000000e+00
    outer loop
      vertex   1.613153e+02 4.662316e+01 4.180000e+02
      vertex   1.628500e+02 4.600000e+01 4.180000e+02
      vertex   1.628653e+02 4.658355e+01 4.180000e+02
    endloop
  endfacet
  facet normal -0.000000e+00 0.000000e+00 1.000000e+00
    outer loop
      vertex   1.613153e+02 4.662316e+01 4.180000e+02
      vertex   1.628653e+02 4.658355e+01 4.180000e+02
      vertex   1.613612e+02 4.724482e+01 4.180000e+02
    endloop
  endfacet
  facet normal 0.000000e+00 0.000000e+00 1.000000e+00
    outer loop
      vertex   1.613612e+02 4.724482e+01 4.180000e+02
      vertex   1.628653e+02 4.658355e+01 4.180000e+02
      vertex   1.629111e+02 4.716549e+01 4.180000e+02
    endloop
  endfacet
  facet normal -0.000000e+00 0.000000e+00 1.000000e+00
    outer loop
      vertex   1.613612e+02 4.724482e+01 4.180000e+02
      vertex   1.629111e+02 4.716549e+01 4.180000e+02
      vertex   1.614375e+02 4.786348e+01 4.180000e+02
    endloop
  endfacet
  facet normal 0.000000e+00 0.000000e+00 1.000000e+00
    outer loop
      vertex   1.614375e+02 4.786348e+01 4.180000e+02
      vertex   1.629111e+02 4.716549e+01 4.180000e+02
      vertex   1.629873e+02 4.774425e+01 4.180000e+02
    endloop
  endfacet
  facet normal -0.000000e+00 0.000000e+00 1.000000e+00
    outer loop
      vertex   1.614375e+02 4.786348e+01 4.180000e+02
      vertex   1.629873e+02 4.774425e+01 4.180000e+02
      vertex   1.615440e+02 4.847765e+01 4.180000e+02
    endloop
  endfacet
  facet normal 0.000000e+00 0.000000e+00 1.000000e+00
    outer loop
      vertex   1.615440e+02 4.847765e+01 4.180000e+02
      vertex   1.629873e+02 4.774425e+01 4.180000e+02
      vertex   1.630937e+02 4.831822e+01 4.180000e+02
    endloop
  endfacet
  facet normal -0.000000e+00 0.000000e+00 1.000000e+00
    outer loop
      vertex   1.615440e+02 4.847765e+01 4.180000e+02
      vertex   1.630937e+02 4.831822e+01 4.180000e+02
      vertex   1.616806e+02 4.908585e+01 4.180000e+02
    endloop
  endfacet
  facet normal 0.000000e+00 0.000000e+00 1.000000e+00
    outer loop
      vertex   1.616806e+02 4.908585e+01 4.180000e+02
      vertex   1.630937e+02 4.831822e+01 4.180000e+02
      vertex   1.632299e+02 4.888583e+01 4.180000e+02
    endloop
  endfacet
  facet normal -0.000000e+00 0.000000e+00 1.000000e+00
    outer loop
      vertex   1.616806e+02 4.908585e+01 4.180000e+02
      vertex   1.632299e+02 4.888583e+01 4.180000e+02
      vertex   1.618469e+02 4.968662e+01 4.180000e+02
    endloop
  endfacet
  facet normal 0.000000e+00 0.000000e+00 1.000000e+00
    outer loop
      vertex   1.618469e+02 4.968662e+01 4.180000e+02
      vertex   1.632299e+02 4.888583e+01 4.180000e+02
      vertex   1.633957e+02 4.944554e+01 4.180000e+02
    endloop
  endfacet
  facet normal -0.000000e+00 0.000000e+00 1.000000e+00
    outer loop
      vertex   1.618469e+02 4.968662e+01 4.180000e+02
      vertex   1.633957e+02 4.944554e+01 4.180000e+02
      vertex   1.620424e+02 5.027850e+01 4.180000e+02
    endloop
  endfacet
  facet normal 0.000000e+00 0.000000e+00 1.000000e+00
    outer loop
      vertex   1.620424e+02 5.027850e+01 4.180000e+02
      vertex   1.633957e+02 4.944554e+01 4.180000e+02
      vertex   1.635906e+02 4.999580e+01 4.180000e+02
    endloop
  endfacet
  facet normal -0.000000e+00 0.000000e+00 1.000000e+00
    outer loop
      vertex   1.620424e+02 5.027850e+01 4.180000e+02
      vertex   1.635906e+02 4.999580e+01 4.180000e+02
      vertex   1.622667e+02 5.086008e+01 4.180000e+02
    endloop
  endfacet
  facet normal 0.000000e+00 0.000000e+00 1.000000e+00
    outer loop
      vertex   1.622667e+02 5.086008e+01 4.180000e+02
      vertex   1.635906e+02 4.999580e+01 4.180000e+02
      vertex   1.638140e+02 5.053512e+01 4.180000e+02
    endloop
  endfacet
  facet normal -0.000000e+00 0.000000e+00 1.000000e+00
    outer loop
      vertex   1.622667e+02 5.086008e+01 4.180000e+02
      vertex   1.638140e+02 5.053512e+01 4.180000e+02
      vertex   1.625193e+02 5.142995e+01 4.180000e+02
    endloop
  endfacet
  facet normal 0.000000e+00 0.000000e+00 1.000000e+00
    outer loop
      vertex   1.625193e+02 5.142995e+01 4.180000e+02
      vertex   1.638140e+02 5.053512e+01 4.180000e+02
      vertex   1.640653e+02 5.106200e+01 4.180000e+02
    endloop
  endfacet
  facet normal -0.000000e+00 0.000000e+00 1.000000e+00
    outer loop
      vertex   1.625193e+02 5.142995e+01 4.180000e+02
      vertex   1.640653e+02 5.106200e+01 4.180000e+02
      vertex   1.627996e+02 5.198674e+01 4.180000e+02
    endloop
  endfacet
  facet normal 0.000000e+00 0.000000e+00 1.000000e+00
    outer loop
      vertex   1.627996e+02 5.198674e+01 4.180000e+02
      vertex   1.640653e+02 5.106200e+01 4.180000e+02
      vertex   1.643438e+02 5.157500e+01 4.180000e+02
    endloop
  endfacet
  facet normal -0.000000e+00 0.000000e+00 1.000000e+00
    outer loop
      vertex   1.627996e+02 5.198674e+01 4.180000e+02
      vertex   1.643438e+02 5.157500e+01 4.180000e+02
      vertex   1.631069e+02 5.252911e+01 4.180000e+02
    endloop
  endfacet
  facet normal 0.000000e+00 0.000000e+00 1.000000e+00
    outer loop
      vertex   1.631069e+02 5.252911e+01 4.180000e+02
      vertex   1.643438e+02 5.157500e+01 4.180000e+02
      vertex   1.646488e+02 5.207273e+01 4.180000e+02
    endloop
  endfacet
  facet normal -0.000000e+00 0.000000e+00 1.000000e+00
    outer loop
      vertex   1.631069e+02 5.252911e+01 4.180000e+02
      vertex   1.646488e+02 5.207273e+01 4.180000e+02
      vertex   1.634403e+02 5.305574e+01 4.180000e+02
    endloop
  endfacet
  facet normal 0.000000e+00 0.000000e+00 1.000000e+00
    outer loop
      vertex   1.634403e+02 5.305574e+01 4.180000e+02
      vertex   1.646488e+02 5.207273e+01 4.180000e+02
      vertex   1.649795e+02 5.255381e+01 4.180000e+02
    endloop
  endfacet
  facet normal -0.000000e+00 0.000000e+00 1.000000e+00
    outer loop
      vertex   1.634403e+02 5.305574e+01 4.180000e+02
      vertex   1.649795e+02 5.255381e+01 4.180000e+02
      vertex   1.637993e+02 5.356538e+01 4.180000e+02
    endloop
  endfacet
  facet normal 0.000000e+00 0.000000e+00 1.000000e+00
    outer loop
      vertex   1.637993e+02 5.356538e+01 4.180000e+02
      vertex   1.649795e+02 5.255381e+01 4.180000e+02
      vertex   1.653348e+02 5.301692e+01 4.180000e+02
    endloop
  endfacet
  facet normal -0.000000e+00 0.000000e+00 1.000000e+00
    outer loop
      vertex   1.637993e+02 5.356538e+01 4.180000e+02
      vertex   1.653348e+02 5.301692e+01 4.180000e+02
      vertex   1.641828e+02 5.405680e+01 4.180000e+02
    endloop
  endfacet
  facet normal 0.000000e+00 0.000000e+00 1.000000e+00
    outer loop
      vertex   1.641828e+02 5.405680e+01 4.180000e+02
      vertex   1.653348e+02 5.301692e+01 4.180000e+02
      vertex   1.657139e+02 5.346081e+01 4.180000e+02
    endloop
  endfacet
  facet normal -0.000000e+00 0.000000e+00 1.000000e+00
    outer loop
      vertex   1.641828e+02 5.405680e+01 4.180000e+02
      vertex   1.657139e+02 5.346081e+01 4.180000e+02
      vertex   1.645899e+02 5.452880e+01 4.180000e+02
    endloop
  endfacet
  facet normal 0.000000e+00 0.000000e+00 1.000000e+00
    outer loop
      vertex   1.645899e+02 5.452880e+01 4.180000e+02
      vertex   1.657139e+02 5.346081e+01 4.180000e+02
      vertex   1.661158e+02 5.388424e+01 4.180000e+02
    endloop
  endfacet
  facet normal -0.000000e+00 0.000000e+00 1.000000e+00
    outer loop
      vertex   1.645899e+02 5.452880e+01 4.180000e+02
      vertex   1.661158e+02 5.388424e+01 4.180000e+02
      vertex   1.650198e+02 5.498026e+01 4.180000e+02
    endloop
  endfacet
  facet normal -0.000000e+00 0.000000e+00 1.000000e+00
    outer loop
      vertex   1.650198e+02 5.498026e+01 4.180000e+02
      vertex   1.661158e+02 5.388424e+01 4.180000e+02
      vertex   1.654712e+02 5.541008e+01 4.180000e+02
    endloop
  endfacet
  facet normal 0.000000e+00 0.000000e+00 1.000000e+00
    outer loop
      vertex   1.654712e+02 5.541008e+01 4.180000e+02
      vertex   1.661158e+02 5.388424e+01 4.180000e+02
      vertex   1.665392e+02 5.428607e+01 4.180000e+02
    endloop
  endfacet
  facet normal -0.000000e+00 0.000000e+00 1.000000e+00
    outer loop
      vertex   1.654712e+02 5.541008e+01 4.180000e+02
      vertex   1.665392e+02 5.428607e+01 4.180000e+02
      vertex   1.659432e+02 5.581723e+01 4.180000e+02
    endloop
  endfacet
  facet normal 0.000000e+00 0.000000e+00 1.000000e+00
    outer loop
      vertex   1.659432e+02 5.581723e+01 4.180000e+02
      vertex   1.665392e+02 5.428607e+01 4.180000e+02
      vertex   1.669831e+02 5.466518e+01 4.180000e+02
    endloop
  endfacet
  facet normal -0.000000e+00 0.000000e+00 1.000000e+00
    outer loop
      vertex   1.659432e+02 5.581723e+01 4.180000e+02
      vertex   1.669831e+02 5.466518e+01 4.180000e+02
      vertex   1.664346e+02 5.620074e+01 4.180000e+02
    endloop
  endfacet
  facet normal 0.000000e+00 0.000000e+00 1.000000e+00
    outer loop
      vertex   1.664346e+02 5.620074e+01 4.180000e+02
      vertex   1.669831e+02 5.466518e+01 4.180000e+02
      vertex   1.674462e+02 5.502054e+01 4.180000e+02
    endloop
  endfacet
  facet normal -0.000000e+00 0.000000e+00 1.000000e+00
    outer loop
      vertex   1.664346e+02 5.620074e+01 4.180000e+02
      vertex   1.674462e+02 5.502054e+01 4.180000e+02
      vertex   1.669443e+02 5.655967e+01 4.180000e+02
    endloop
  endfacet
  facet normal 0.000000e+00 0.000000e+00 1.000000e+00
    outer loop
      vertex   1.669443e+02 5.655967e+01 4.180000e+02
      vertex   1.674462e+02 5.502054e+01 4.180000e+02
      vertex   1.679273e+02 5.535118e+01 4.180000e+02
    endloop
  endfacet
  facet normal -0.000000e+00 0.000000e+00 1.000000e+00
    outer loop
      vertex   1.669443e+02 5.655967e+01 4.180000e+02
      vertex   1.679273e+02 5.535118e+01 4.180000e+02
      vertex   1.674709e+02 5.689316e+01 4.180000e+02
    endloop
  endfacet
  facet normal 0.000000e+00 0.000000e+00 1.000000e+00
    outer loop
      vertex   1.674709e+02 5.689316e+01 4.180000e+02
      vertex   1.679273e+02 5.535118e+01 4.180000e+02
      vertex   1.684250e+02 5.565619e+01 4.180000e+02
    endloop
  endfacet
  facet normal -0.000000e+00 0.000000e+00 1.000000e+00
    outer loop
      vertex   1.674709e+02 5.689316e+01 4.180000e+02
      vertex   1.684250e+02 5.565619e+01 4.180000e+02
      vertex   1.680133e+02 5.720040e+01 4.180000e+02
    endloop
  endfacet
  facet normal 0.000000e+00 0.000000e+00 1.000000e+00
    outer loop
      vertex   1.680133e+02 5.720040e+01 4.180000e+02
      vertex   1.684250e+02 5.565619e+01 4.180000e+02
      vertex   1.689380e+02 5.593472e+01 4.180000e+02
    endloop
  endfacet
  facet normal -0.000000e+00 0.000000e+00 1.000000e+00
    outer loop
      vertex   1.680133e+02 5.720040e+01 4.180000e+02
      vertex   1.689380e+02 5.593472e+01 4.180000e+02
      vertex   1.685701e+02 5.748067e+01 4.180000e+02
    endloop
  endfacet
  facet normal 0.000000e+00 0.000000e+00 1.000000e+00
    outer loop
      vertex   1.685701e+02 5.748067e+01 4.180000e+02
      vertex   1.689380e+02 5.593472e+01 4.180000e+02
      vertex   1.694649e+02 5.618603e+01 4.180000e+02
    endloop
  endfacet
  facet normal -0.000000e+00 0.000000e+00 1.000000e+00
    outer loop
      vertex   1.685701e+02 5.748067e+01 4.180000e+02
      vertex   1.694649e+02 5.618603e+01 4.180000e+02
      vertex   1.691399e+02 5.773327e+01 4.180000e+02
    endloop
  endfacet
  facet normal 0.000000e+00 0.000000e+00 1.000000e+00
    outer loop
      vertex   1.691399e+02 5.773327e+01 4.180000e+02
      vertex   1.694649e+02 5.618603e+01 4.180000e+02
      vertex   1.700042e+02 5.640942e+01 4.180000e+02
    endloop
  endfacet
  facet normal -0.000000e+00 0.000000e+00 1.000000e+00
    outer loop
      vertex   1.691399e+02 5.773327e+01 4.180000e+02
      vertex   1.700042e+02 5.640942e+01 4.180000e+02
      vertex   1.697215e+02 5.795761e+01 4.180000e+02
    endloop
  endfacet
  facet normal 0.000000e+00 0.000000e+00 1.000000e+00
    outer loop
      vertex   1.697215e+02 5.795761e+01 4.180000e+02
      vertex   1.700042e+02 5.640942e+01 4.180000e+02
      vertex   1.705545e+02 5.660428e+01 4.180000e+02
    endloop
  endfacet
  facet normal -0.000000e+00 0.000000e+00 1.000000e+00
    outer loop
      vertex   1.697215e+02 5.795761e+01 4.180000e+02
      vertex   1.705545e+02 5.660428e+01 4.180000e+02
      vertex   1.703134e+02 5.815314e+01 4.180000e+02
    endloop
  endfacet
  facet normal 0.000000e+00 0.000000e+00 1.000000e+00
    outer loop
      vertex   1.703134e+02 5.815314e+01 4.180000e+02
      vertex   1.705545e+02 5.660428e+01 4.180000e+02
      vertex   1.711142e+02 5.677007e+01 4.180000e+02
    endloop
  endfacet
  facet normal -0.000000e+00 0.000000e+00 1.000000e+00
    outer loop
      vertex   1.703134e+02 5.815314e+01 4.180000e+02
      vertex   1.711142e+02 5.677007e+01 4.180000e+02
      vertex   1.709142e+02 5.831940e+01 4.180000e+02
    endloop
  endfacet
  facet normal 0.000000e+00 0.000000e+00 1.000000e+00
    outer loop
      vertex   1.709142e+02 5.831940e+01 4.180000e+02
      vertex   1.711142e+02 5.677007e+01 4.180000e+02
      vertex   1.716818e+02 5.690635e+01 4.180000e+02
    endloop
  endfacet
  facet normal -0.000000e+00 0.000000e+00 1.000000e+00
    outer loop
      vertex   1.709142e+02 5.831940e+01 4.180000e+02
      vertex   1.716818e+02 5.690635e+01 4.180000e+02
      vertex   1.715224e+02 5.845597e+01 4.180000e+02
    endloop
  endfacet
  facet normal 0.000000e+00 0.000000e+00 1.000000e+00
    outer loop
      vertex   1.715224e+02 5.845597e+01 4.180000e+02
      vertex   1.716818e+02 5.690635e+01 4.180000e+02
      vertex   1.722558e+02 5.701273e+01 4.180000e+02
    endloop
  endfacet
  facet normal -0.000000e+00 0.000000e+00 1.000000e+00
    outer loop
      vertex   1.715224e+02 5.845597e+01 4.180000e+02
      vertex   1.722558e+02 5.701273e+01 4.180000e+02
      vertex   1.721365e+02 5.856254e+01 4.180000e+02
    endloop
  endfacet
  facet normal 0.000000e+00 0.000000e+00 1.000000e+00
    outer loop
      vertex   1.721365e+02 5.856254e+01 4.180000e+02
      vertex   1.722558e+02 5.701273e+01 4.180000e+02
      vertex   1.728345e+02 5.708892e+01 4.180000e+02
    endloop
  endfacet
  facet normal -0.000000e+00 0.000000e+00 1.000000e+00
    outer loop
      vertex   1.721365e+02 5.856254e+01 4.180000e+02
      vertex   1.728345e+02 5.708892e+01 4.180000e+02
      vertex   1.727552e+02 5.863885e+01 4.180000e+02
    endloop
  endfacet
  facet normal 0.000000e+00 0.000000e+00 1.000000e+00
    outer loop
      vertex   1.727552e+02 5.863885e+01 4.180000e+02
      vertex   1.728345e+02 5.708892e+01 4.180000e+02
      vertex   1.734165e+02 5.713472e+01 4.180000e+02
    endloop
  endfacet
  facet normal -0.000000e+00 0.000000e+00 1.000000e+00
    outer loop
      vertex   1.727552e+02 5.863885e+01 4.180000e+02
      vertex   1.734165e+02 5.713472e+01 4.180000e+02
      vertex   1.733768e+02 5.868470e+01 4.180000e+02
    endloop
  endfacet
  facet normal 0.000000e+00 0.000000e+00 1.000000e+00
    outer loop
      vertex   1.733768e+02 5.868470e+01 4.180000e+02
      vertex   1.734165e+02 5.713472e+01 4.180000e+02
      vertex   1.740000e+02 5.715000e+01 4.180000e+02
    endloop
  endfacet
  facet normal -0.000000e+00 0.000000e+00 1.000000e+00
    outer loop
      vertex   1.733768e+02 5.868470e+01 4.180000e+02
      vertex   1.740000e+02 5.715000e+01 4.180000e+02
      vertex   1.740000e+02 5.870000e+01 4.180000e+02
    endloop
  endfacet
  facet normal 0.000000e+00 0.000000e+00 1.000000e+00
    outer loop
      vertex   1.740000e+02 5.870000e+01 4.180000e+02
      vertex   1.740000e+02 5.715000e+01 4.180000e+02
      vertex   1.746232e+02 5.868470e+01 4.180000e+02
    endloop
  endfacet
  facet normal 0.000000e+00 0.000000e+00 1.000000e+00
    outer loop
      vertex   1.746232e+02 5.868470e+01 4.180000e+02
      vertex   1.740000e+02 5.715000e+01 4.180000e+02
      vertex   1.745836e+02 5.713472e+01 4.180000e+02
    endloop
  endfacet
  facet normal 0.000000e+00 0.000000e+00 1.000000e+00
    outer loop
      vertex   1.746232e+02 5.868470e+01 4.180000e+02
      vertex   1.745836e+02 5.713472e+01 4.180000e+02
      vertex   1.752448e+02 5.863885e+01 4.180000e+02
    endloop
  endfacet
  facet normal 0.000000e+00 0.000000e+00 1.000000e+00
    outer loop
      vertex   1.752448e+02 5.863885e+01 4.180000e+02
      vertex   1.745836e+02 5.713472e+01 4.180000e+02
      vertex   1.751655e+02 5.708892e+01 4.180000e+02
    endloop
  endfacet
  facet normal 0.000000e+00 0.000000e+00 1.000000e+00
    outer loop
      vertex   1.752448e+02 5.863885e+01 4.180000e+02
      vertex   1.751655e+02 5.708892e+01 4.180000e+02
      vertex   1.758635e+02 5.856254e+01 4.180000e+02
    endloop
  endfacet
  facet normal 0.000000e+00 0.000000e+00 1.000000e+00
    outer loop
      vertex   1.758635e+02 5.856254e+01 4.180000e+02
      vertex   1.751655e+02 5.708892e+01 4.180000e+02
      vertex   1.757443e+02 5.701273e+01 4.180000e+02
    endloop
  endfacet
  facet normal 0.000000e+00 0.000000e+00 1.000000e+00
    outer loop
      vertex   1.758635e+02 5.856254e+01 4.180000e+02
      vertex   1.757443e+02 5.701273e+01 4.180000e+02
      vertex   1.764777e+02 5.845597e+01 4.180000e+02
    endloop
  endfacet
  facet normal 0.000000e+00 0.000000e+00 1.000000e+00
    outer loop
      vertex   1.764777e+02 5.845597e+01 4.180000e+02
      vertex   1.757443e+02 5.701273e+01 4.180000e+02
      vertex   1.763182e+02 5.690635e+01 4.180000e+02
    endloop
  endfacet
  facet normal 0.000000e+00 0.000000e+00 1.000000e+00
    outer loop
      vertex   1.764777e+02 5.845597e+01 4.180000e+02
      vertex   1.763182e+02 5.690635e+01 4.180000e+02
      vertex   1.770859e+02 5.831940e+01 4.180000e+02
    endloop
  endfacet
  facet normal 0.000000e+00 0.000000e+00 1.000000e+00
    outer loop
      vertex   1.770859e+02 5.831940e+01 4.180000e+02
      vertex   1.763182e+02 5.690635e+01 4.180000e+02
      vertex   1.768858e+02 5.677007e+01 4.180000e+02
    endloop
  endfacet
  facet normal 0.000000e+00 0.000000e+00 1.000000e+00
    outer loop
      vertex   1.770859e+02 5.831940e+01 4.180000e+02
      vertex   1.768858e+02 5.677007e+01 4.180000e+02
      vertex   1.776866e+02 5.815314e+01 4.180000e+02
    endloop
  endfacet
  facet normal 0.000000e+00 0.000000e+00 1.000000e+00
    outer loop
      vertex   1.776866e+02 5.815314e+01 4.180000e+02
      vertex   1.768858e+02 5.677007e+01 4.180000e+02
      vertex   1.774455e+02 5.660428e+01 4.180000e+02
    endloop
  endfacet
  facet normal 0.000000e+00 0.000000e+00 1.000000e+00
    outer loop
      vertex   1.776866e+02 5.815314e+01 4.180000e+02
      vertex   1.774455e+02 5.660428e+01 4.180000e+02
      vertex   1.782785e+02 5.795761e+01 4.180000e+02
    endloop
  endfacet
  facet normal 0.000000e+00 0.000000e+00 1.000000e+00
    outer loop
      vertex   1.782785e+02 5.795761e+01 4.180000e+02
      vertex   1.774455e+02 5.660428e+01 4.180000e+02
      vertex   1.779958e+02 5.640942e+01 4.180000e+02
    endloop
  endfacet
  facet normal 0.000000e+00 0.000000e+00 1.000000e+00
    outer loop
      vertex   1.782785e+02 5.795761e+01 4.180000e+02
      vertex   1.779958e+02 5.640942e+01 4.180000e+02
      vertex   1.788601e+02 5.773327e+01 4.180000e+02
    endloop
  endfacet
  facet normal 0.000000e+00 0.000000e+00 1.000000e+00
    outer loop
      vertex   1.788601e+02 5.773327e+01 4.180000e+02
      vertex   1.779958e+02 5.640942e+01 4.180000e+02
      vertex   1.785351e+02 5.618603e+01 4.180000e+02
    endloop
  endfacet
  facet normal 0.000000e+00 0.000000e+00 1.000000e+00
    outer loop
      vertex   1.788601e+02 5.773327e+01 4.180000e+02
      vertex   1.785351e+02 5.618603e+01 4.180000e+02
      vertex   1.794300e+02 5.748067e+01 4.180000e+02
    endloop
  endfacet
  facet normal 0.000000e+00 0.000000e+00 1.000000e+00
    outer loop
      vertex   1.794300e+02 5.748067e+01 4.180000e+02
      vertex   1.785351e+02 5.618603e+01 4.180000e+02
      vertex   1.790620e+02 5.593472e+01 4.180000e+02
    endloop
  endfacet
  facet normal 0.000000e+00 0.000000e+00 1.000000e+00
    outer loop
      vertex   1.794300e+02 5.748067e+01 4.180000e+02
      vertex   1.790620e+02 5.593472e+01 4.180000e+02
      vertex   1.799867e+02 5.720040e+01 4.180000e+02
    endloop
  endfacet
  facet normal 0.000000e+00 0.000000e+00 1.000000e+00
    outer loop
      vertex   1.799867e+02 5.720040e+01 4.180000e+02
      vertex   1.790620e+02 5.593472e+01 4.180000e+02
      vertex   1.795750e+02 5.565619e+01 4.180000e+02
    endloop
  endfacet
  facet normal 0.000000e+00 0.000000e+00 1.000000e+00
    outer loop
      vertex   1.799867e+02 5.720040e+01 4.180000e+02
      vertex   1.795750e+02 5.565619e+01 4.180000e+02
      vertex   1.805291e+02 5.689316e+01 4.180000e+02
    endloop
  endfacet
  facet normal 0.000000e+00 0.000000e+00 1.000000e+00
    outer loop
      vertex   1.805291e+02 5.689316e+01 4.180000e+02
      vertex   1.795750e+02 5.565619e+01 4.180000e+02
      vertex   1.800727e+02 5.535118e+01 4.180000e+02
    endloop
  endfacet
  facet normal 0.000000e+00 0.000000e+00 1.000000e+00
    outer loop
      vertex   1.805291e+02 5.689316e+01 4.180000e+02
      vertex   1.800727e+02 5.535118e+01 4.180000e+02
      vertex   1.810557e+02 5.655967e+01 4.180000e+02
    endloop
  endfacet
  facet normal 0.000000e+00 0.000000e+00 1.000000e+00
    outer loop
      vertex   1.810557e+02 5.655967e+01 4.180000e+02
      vertex   1.800727e+02 5.535118e+01 4.180000e+02
      vertex   1.805538e+02 5.502054e+01 4.180000e+02
    endloop
  endfacet
  facet normal 0.000000e+00 0.000000e+00 1.000000e+00
    outer loop
      vertex   1.810557e+02 5.655967e+01 4.180000e+02
      vertex   1.805538e+02 5.502054e+01 4.180000e+02
      vertex   1.815654e+02 5.620074e+01 4.180000e+02
    endloop
  endfacet
  facet normal 0.000000e+00 0.000000e+00 1.000000e+00
    outer loop
      vertex   1.815654e+02 5.620074e+01 4.180000e+02
      vertex   1.805538e+02 5.502054e+01 4.180000e+02
      vertex   1.810169e+02 5.466518e+01 4.180000e+02
    endloop
  endfacet
  facet normal 0.000000e+00 0.000000e+00 1.000000e+00
    outer loop
      vertex   1.815654e+02 5.620074e+01 4.180000e+02
      vertex   1.810169e+02 5.466518e+01 4.180000e+02
      vertex   1.820568e+02 5.581723e+01 4.180000e+02
    endloop
  endfacet
  facet normal 0.000000e+00 0.000000e+00 1.000000e+00
    outer loop
      vertex   1.820568e+02 5.581723e+01 4.180000e+02
      vertex   1.810169e+02 5.466518e+01 4.180000e+02
      vertex   1.814608e+02 5.428607e+01 4.180000e+02
    endloop
  endfacet
  facet normal 0.000000e+00 0.000000e+00 1.000000e+00
    outer loop
      vertex   1.820568e+02 5.581723e+01 4.180000e+02
      vertex   1.814608e+02 5.428607e+01 4.180000e+02
      vertex   1.825288e+02 5.541008e+01 4.180000e+02
    endloop
  endfacet
  facet normal 0.000000e+00 0.000000e+00 1.000000e+00
    outer loop
      vertex   1.825288e+02 5.541008e+01 4.180000e+02
      vertex   1.814608e+02 5.428607e+01 4.180000e+02
      vertex   1.818842e+02 5.388424e+01 4.180000e+02
    endloop
  endfacet
  facet normal 0.000000e+00 0.000000e+00 1.000000e+00
    outer loop
      vertex   1.825288e+02 5.541008e+01 4.180000e+02
      vertex   1.818842e+02 5.388424e+01 4.180000e+02
      vertex   1.829803e+02 5.498026e+01 4.180000e+02
    endloop
  endfacet
  facet normal 0.000000e+00 0.000000e+00 1.000000e+00
    outer loop
      vertex   1.829803e+02 5.498026e+01 4.180000e+02
      vertex   1.818842e+02 5.388424e+01 4.180000e+02
      vertex   1.834101e+02 5.452880e+01 4.180000e+02
    endloop
  endfacet
  facet normal 0.000000e+00 0.000000e+00 1.000000e+00
    outer loop
      vertex   1.834101e+02 5.452880e+01 4.180000e+02
      vertex   1.818842e+02 5.388424e+01 4.180000e+02
      vertex   1.822861e+02 5.346081e+01 4.180000e+02
    endloop
  endfacet
  facet normal 0.000000e+00 0.000000e+00 1.000000e+00
    outer loop
      vertex   1.834101e+02 5.452880e+01 4.180000e+02
      vertex   1.822861e+02 5.346081e+01 4.180000e+02
      vertex   1.838172e+02 5.405680e+01 4.180000e+02
    endloop
  endfacet
  facet normal 0.000000e+00 0.000000e+00 1.000000e+00
    outer loop
      vertex   1.838172e+02 5.405680e+01 4.180000e+02
      vertex   1.822861e+02 5.346081e+01 4.180000e+02
      vertex   1.826652e+02 5.301692e+01 4.180000e+02
    endloop
  endfacet
  facet normal 0.000000e+00 0.000000e+00 1.000000e+00
    outer loop
      vertex   1.838172e+02 5.405680e+01 4.180000e+02
      vertex   1.826652e+02 5.301692e+01 4.180000e+02
      vertex   1.842007e+02 5.356538e+01 4.180000e+02
    endloop
  endfacet
  facet normal 0.000000e+00 0.000000e+00 1.000000e+00
    outer loop
      vertex   1.842007e+02 5.356538e+01 4.180000e+02
      vertex   1.826652e+02 5.301692e+01 4.180000e+02
      vertex   1.830205e+02 5.255381e+01 4.180000e+02
    endloop
  endfacet
  facet normal 0.000000e+00 0.000000e+00 1.000000e+00
    outer loop
      vertex   1.842007e+02 5.356538e+01 4.180000e+02
      vertex   1.830205e+02 5.255381e+01 4.180000e+02
      vertex   1.845597e+02 5.305574e+01 4.180000e+02
    endloop
  endfacet
  facet normal 0.000000e+00 0.000000e+00 1.000000e+00
    outer loop
      vertex   1.845597e+02 5.305574e+01 4.180000e+02
      vertex   1.830205e+02 5.255381e+01 4.180000e+02
      vertex   1.833512e+02 5.207273e+01 4.180000e+02
    endloop
  endfacet
  facet normal 0.000000e+00 0.000000e+00 1.000000e+00
    outer loop
      vertex   1.845597e+02 5.305574e+01 4.180000e+02
      vertex   1.833512e+02 5.207273e+01 4.180000e+02
      vertex   1.848932e+02 5.252911e+01 4.180000e+02
    endloop
  endfacet
  facet normal 0.000000e+00 0.000000e+00 1.000000e+00
    outer loop
      vertex   1.848932e+02 5.252911e+01 4.180000e+02
      vertex   1.833512e+02 5.207273e+01 4.180000e+02
      vertex   1.836562e+02 5.157500e+01 4.180000e+02
    endloop
  endfacet
  facet normal 0.000000e+00 0.000000e+00 1.000000e+00
    outer loop
      vertex   1.848932e+02 5.252911e+01 4.180000e+02
      vertex   1.836562e+02 5.157500e+01 4.180000e+02
      vertex   1.852004e+02 5.198674e+01 4.180000e+02
    endloop
  endfacet
  facet normal 0.000000e+00 0.000000e+00 1.000000e+00
    outer loop
      vertex   1.852004e+02 5.198674e+01 4.180000e+02
      vertex   1.836562e+02 5.157500e+01 4.180000e+02
      vertex   1.839347e+02 5.106200e+01 4.180000e+02
    endloop
  endfacet
  facet normal 0.000000e+00 0.000000e+00 1.000000e+00
    outer loop
      vertex   1.852004e+02 5.198674e+01 4.180000e+02
      vertex   1.839347e+02 5.106200e+01 4.180000e+02
      vertex   1.854807e+02 5.142995e+01 4.180000e+02
    endloop
  endfacet
  facet normal 0.000000e+00 0.000000e+00 1.000000e+00
    outer loop
      vertex   1.854807e+02 5.142995e+01 4.180000e+02
      vertex   1.839347e+02 5.106200e+01 4.180000e+02
      vertex   1.841860e+02 5.053512e+01 4.180000e+02
    endloop
  endfacet
  facet normal 0.000000e+00 0.000000e+00 1.000000e+00
    outer loop
      vertex   1.854807e+02 5.142995e+01 4.180000e+02
      vertex   1.841860e+02 5.053512e+01 4.180000e+02
      vertex   1.857333e+02 5.086008e+01 4.180000e+02
    endloop
  endfacet
  facet normal 0.000000e+00 0.000000e+00 1.000000e+00
    outer loop
      vertex   1.857333e+02 5.086008e+01 4.180000e+02
      vertex   1.841860e+02 5.053512e+01 4.180000e+02
      vertex   1.844094e+02 4.999580e+01 4.180000e+02
    endloop
  endfacet
  facet normal 0.000000e+00 0.000000e+00 1.000000e+00
    outer loop
      vertex   1.857333e+02 5.086008e+01 4.180000e+02
      vertex   1.844094e+02 4.999580e+01 4.180000e+02
      vertex   1.859576e+02 5.027850e+01 4.180000e+02
    endloop
  endfacet
  facet normal 0.000000e+00 0.000000e+00 1.000000e+00
    outer loop
      vertex   1.859576e+02 5.027850e+01 4.180000e+02
      vertex   1.844094e+02 4.999580e+01 4.180000e+02
      vertex   1.846043e+02 4.944554e+01 4.180000e+02
    endloop
  endfacet
  facet normal 0.000000e+00 0.000000e+00 1.000000e+00
    outer loop
      vertex   1.859576e+02 5.027850e+01 4.180000e+02
      vertex   1.846043e+02 4.944554e+01 4.180000e+02
      vertex   1.861531e+02 4.968662e+01 4.180000e+02
    endloop
  endfacet
  facet normal 0.000000e+00 0.000000e+00 1.000000e+00
    outer loop
      vertex   1.861531e+02 4.968662e+01 4.180000e+02
      vertex   1.846043e+02 4.944554e+01 4.180000e+02
      vertex   1.847701e+02 4.888583e+01 4.180000e+02
    endloop
  endfacet
  facet normal 0.000000e+00 0.000000e+00 1.000000e+00
    outer loop
      vertex   1.861531e+02 4.968662e+01 4.180000e+02
      vertex   1.847701e+02 4.888583e+01 4.180000e+02
      vertex   1.863194e+02 4.908585e+01 4.180000e+02
    endloop
  endfacet
  facet normal 0.000000e+00 0.000000e+00 1.000000e+00
    outer loop
      vertex   1.863194e+02 4.908585e+01 4.180000e+02
      vertex   1.847701e+02 4.888583e+01 4.180000e+02
      vertex   1.849064e+02 4.831822e+01 4.180000e+02
    endloop
  endfacet
  facet normal 0.000000e+00 0.000000e+00 1.000000e+00
    outer loop
      vertex   1.863194e+02 4.908585e+01 4.180000e+02
      vertex   1.849064e+02 4.831822e+01 4.180000e+02
      vertex   1.864560e+02 4.847765e+01 4.180000e+02
    endloop
  endfacet
  facet normal 0.000000e+00 0.000000e+00 1.000000e+00
    outer loop
      vertex   1.864560e+02 4.847765e+01 4.180000e+02
      vertex   1.849064e+02 4.831822e+01 4.180000e+02
      vertex   1.850127e+02 4.774425e+01 4.180000e+02
    endloop
  endfacet
  facet normal 0.000000e+00 0.000000e+00 1.000000e+00
    outer loop
      vertex   1.864560e+02 4.847765e+01 4.180000e+02
      vertex   1.850127e+02 4.774425e+01 4.180000e+02
      vertex   1.865625e+02 4.786348e+01 4.180000e+02
    endloop
  endfacet
  facet normal 0.000000e+00 0.000000e+00 1.000000e+00
    outer loop
      vertex   1.865625e+02 4.786348e+01 4.180000e+02
      vertex   1.850127e+02 4.774425e+01 4.180000e+02
      vertex   1.850889e+02 4.716549e+01 4.180000e+02
    endloop
  endfacet
  facet normal 0.000000e+00 0.000000e+00 1.000000e+00
    outer loop
      vertex   1.865625e+02 4.786348e+01 4.180000e+02
      vertex   1.850889e+02 4.716549e+01 4.180000e+02
      vertex   1.866389e+02 4.724482e+01 4.180000e+02
    endloop
  endfacet
  facet normal 0.000000e+00 0.000000e+00 1.000000e+00
    outer loop
      vertex   1.866389e+02 4.724482e+01 4.180000e+02
      vertex   1.850889e+02 4.716549e+01 4.180000e+02
      vertex   1.851347e+02 4.658355e+01 4.180000e+02
    endloop
  endfacet
  facet normal 0.000000e+00 0.000000e+00 1.000000e+00
    outer loop
      vertex   1.866389e+02 4.724482e+01 4.180000e+02
      vertex   1.851347e+02 4.658355e+01 4.180000e+02
      vertex   1.866847e+02 4.662316e+01 4.180000e+02
    endloop
  endfacet
  facet normal 0.000000e+00 0.000000e+00 1.000000e+00
    outer loop
      vertex   1.866847e+02 4.662316e+01 4.180000e+02
      vertex   1.851347e+02 4.658355e+01 4.180000e+02
      vertex   1.851500e+02 4.600000e+01 4.180000e+02
    endloop
  endfacet
  facet normal -9.996573e-01 -2.617695e-02 -0.000000e+00
    outer loop
      vertex   1.851347e+02 4.658355e+01 4.180000e+02
      vertex   1.851347e+02 4.658355e+01 4.130000e+02
      vertex   1.851500e+02 4.600000e+01 4.180000e+02
    endloop
  endfacet
  facet normal -9.996573e-01 -2.617695e-02 -0.000000e+00
    outer loop
      vertex   1.851500e+02 4.600000e+01 4.180000e+02
      vertex   1.851347e+02 4.658355e+01 4.130000e+02
      vertex   1.851500e+02 4.600000e+01 4.130000e+02
    endloop
  endfacet
  facet normal -9.996573e-01 2.617695e-02 0.000000e+00
    outer loop
      vertex   1.851500e+02 4.600000e+01 4.180000e+02
      vertex   1.851500e+02 4.600000e+01 4.130000e+02
      vertex   1.851347e+02 4.541646e+01 4.180000e+02
    endloop
  endfacet
  facet normal -9.996573e-01 2.617695e-02 0.000000e+00
    outer loop
      vertex   1.851347e+02 4.541646e+01 4.180000e+02
      vertex   1.851500e+02 4.600000e+01 4.130000e+02
      vertex   1.851347e+02 4.541646e+01 4.130000e+02
    endloop
  endfacet
  facet normal -9.969173e-01 7.845910e-02 0.000000e+00
    outer loop
      vertex   1.851347e+02 4.541646e+01 4.180000e+02
      vertex   1.851347e+02 4.541646e+01 4.130000e+02
      vertex   1.850889e+02 4.483451e+01 4.180000e+02
    endloop
  endfacet
  facet normal -9.969173e-01 7.845910e-02 0.000000e+00
    outer loop
      vertex   1.850889e+02 4.483451e+01 4.180000e+02
      vertex   1.851347e+02 4.541646e+01 4.130000e+02
      vertex   1.850889e+02 4.483451e+01 4.130000e+02
    endloop
  endfacet
  facet normal -9.914449e-01 1.305262e-01 0.000000e+00
    outer loop
      vertex   1.850889e+02 4.483451e+01 4.180000e+02
      vertex   1.850889e+02 4.483451e+01 4.130000e+02
      vertex   1.850127e+02 4.425576e+01 4.180000e+02
    endloop
  endfacet
  facet normal -9.914449e-01 1.305262e-01 0.000000e+00
    outer loop
      vertex   1.850127e+02 4.425576e+01 4.180000e+02
      vertex   1.850889e+02 4.483451e+01 4.130000e+02
      vertex   1.850127e+02 4.425576e+01 4.130000e+02
    endloop
  endfacet
  facet normal -9.832549e-01 1.822355e-01 0.000000e+00
    outer loop
      vertex   1.850127e+02 4.425576e+01 4.180000e+02
      vertex   1.850127e+02 4.425576e+01 4.130000e+02
      vertex   1.849064e+02 4.368179e+01 4.180000e+02
    endloop
  endfacet
  facet normal -9.832549e-01 1.822355e-01 0.000000e+00
    outer loop
      vertex   1.849064e+02 4.368179e+01 4.180000e+02
      vertex   1.850127e+02 4.425576e+01 4.130000e+02
      vertex   1.849064e+02 4.368179e+01 4.130000e+02
    endloop
  endfacet
  facet normal -9.723699e-01 2.334454e-01 0.000000e+00
    outer loop
      vertex   1.849064e+02 4.368179e+01 4.180000e+02
      vertex   1.849064e+02 4.368179e+01 4.130000e+02
      vertex   1.847701e+02 4.311417e+01 4.180000e+02
    endloop
  endfacet
  facet normal -9.723699e-01 2.334454e-01 0.000000e+00
    outer loop
      vertex   1.847701e+02 4.311417e+01 4.180000e+02
      vertex   1.849064e+02 4.368179e+01 4.130000e+02
      vertex   1.847701e+02 4.311417e+01 4.130000e+02
    endloop
  endfacet
  facet normal -9.588197e-01 2.840153e-01 0.000000e+00
    outer loop
      vertex   1.847701e+02 4.311417e+01 4.180000e+02
      vertex   1.847701e+02 4.311417e+01 4.130000e+02
      vertex   1.846043e+02 4.255446e+01 4.180000e+02
    endloop
  endfacet
  facet normal -9.588197e-01 2.840153e-01 0.000000e+00
    outer loop
      vertex   1.846043e+02 4.255446e+01 4.180000e+02
      vertex   1.847701e+02 4.311417e+01 4.130000e+02
      vertex   1.846043e+02 4.255446e+01 4.130000e+02
    endloop
  endfacet
  facet normal -9.426415e-01 3.338069e-01 0.000000e+00
    outer loop
      vertex   1.846043e+02 4.255446e+01 4.180000e+02
      vertex   1.846043e+02 4.255446e+01 4.130000e+02
      vertex   1.844094e+02 4.200420e+01 4.180000e+02
    endloop
  endfacet
  facet normal -9.426415e-01 3.338069e-01 0.000000e+00
    outer loop
      vertex   1.844094e+02 4.200420e+01 4.180000e+02
      vertex   1.846043e+02 4.255446e+01 4.130000e+02
      vertex   1.844094e+02 4.200420e+01 4.130000e+02
    endloop
  endfacet
  facet normal -9.238795e-01 3.826834e-01 0.000000e+00
    outer loop
      vertex   1.844094e+02 4.200420e+01 4.180000e+02
      vertex   1.844094e+02 4.200420e+01 4.130000e+02
      vertex   1.841860e+02 4.146489e+01 4.180000e+02
    endloop
  endfacet
  facet normal -9.238795e-01 3.826834e-01 0.000000e+00
    outer loop
      vertex   1.841860e+02 4.146489e+01 4.180000e+02
      vertex   1.844094e+02 4.200420e+01 4.130000e+02
      vertex   1.841860e+02 4.146489e+01 4.130000e+02
    endloop
  endfacet
  facet normal -9.025853e-01 4.305111e-01 0.000000e+00
    outer loop
      vertex   1.841860e+02 4.146489e+01 4.180000e+02
      vertex   1.841860e+02 4.146489e+01 4.130000e+02
      vertex   1.839347e+02 4.093801e+01 4.180000e+02
    endloop
  endfacet
  facet normal -9.025853e-01 4.305111e-01 0.000000e+00
    outer loop
      vertex   1.839347e+02 4.093801e+01 4.180000e+02
      vertex   1.841860e+02 4.146489e+01 4.130000e+02
      vertex   1.839347e+02 4.093801e+01 4.130000e+02
    endloop
  endfacet
  facet normal -8.788171e-01 4.771588e-01 0.000000e+00
    outer loop
      vertex   1.839347e+02 4.093801e+01 4.180000e+02
      vertex   1.839347e+02 4.093801e+01 4.130000e+02
      vertex   1.836562e+02 4.042500e+01 4.180000e+02
    endloop
  endfacet
  facet normal -8.788171e-01 4.771588e-01 0.000000e+00
    outer loop
      vertex   1.836562e+02 4.042500e+01 4.180000e+02
      vertex   1.839347e+02 4.093801e+01 4.130000e+02
      vertex   1.836562e+02 4.042500e+01 4.130000e+02
    endloop
  endfacet
  facet normal -8.526402e-01 5.224986e-01 0.000000e+00
    outer loop
      vertex   1.836562e+02 4.042500e+01 4.180000e+02
      vertex   1.836562e+02 4.042500e+01 4.130000e+02
      vertex   1.833512e+02 3.992728e+01 4.180000e+02
    endloop
  endfacet
  facet normal -8.526402e-01 5.224986e-01 0.000000e+00
    outer loop
      vertex   1.833512e+02 3.992728e+01 4.180000e+02
      vertex   1.836562e+02 4.042500e+01 4.130000e+02
      vertex   1.833512e+02 3.992728e+01 4.130000e+02
    endloop
  endfacet
  facet normal -8.241262e-01 5.664062e-01 0.000000e+00
    outer loop
      vertex   1.833512e+02 3.992728e+01 4.180000e+02
      vertex   1.833512e+02 3.992728e+01 4.130000e+02
      vertex   1.830205e+02 3.944620e+01 4.180000e+02
    endloop
  endfacet
  facet normal -8.241262e-01 5.664062e-01 0.000000e+00
    outer loop
      vertex   1.830205e+02 3.944620e+01 4.180000e+02
      vertex   1.833512e+02 3.992728e+01 4.130000e+02
      vertex   1.830205e+02 3.944620e+01 4.130000e+02
    endloop
  endfacet
  facet normal -7.933533e-01 6.087614e-01 0.000000e+00
    outer loop
      vertex   1.830205e+02 3.944620e+01 4.180000e+02
      vertex   1.830205e+02 3.944620e+01 4.130000e+02
      vertex   1.826652e+02 3.898308e+01 4.180000e+02
    endloop
  endfacet
  facet normal -7.933533e-01 6.087614e-01 0.000000e+00
    outer loop
      vertex   1.826652e+02 3.898308e+01 4.180000e+02
      vertex   1.830205e+02 3.944620e+01 4.130000e+02
      vertex   1.826652e+02 3.898308e+01 4.130000e+02
    endloop
  endfacet
  facet normal -7.604060e-01 6.494480e-01 0.000000e+00
    outer loop
      vertex   1.826652e+02 3.898308e+01 4.180000e+02
      vertex   1.826652e+02 3.898308e+01 4.130000e+02
      vertex   1.822861e+02 3.853920e+01 4.180000e+02
    endloop
  endfacet
  facet normal -7.604060e-01 6.494480e-01 0.000000e+00
    outer loop
      vertex   1.822861e+02 3.853920e+01 4.180000e+02
      vertex   1.826652e+02 3.898308e+01 4.130000e+02
      vertex   1.822861e+02 3.853920e+01 4.130000e+02
    endloop
  endfacet
  facet normal -7.253744e-01 6.883546e-01 0.000000e+00
    outer loop
      vertex   1.822861e+02 3.853920e+01 4.180000e+02
      vertex   1.822861e+02 3.853920e+01 4.130000e+02
      vertex   1.818842e+02 3.811576e+01 4.180000e+02
    endloop
  endfacet
  facet normal -7.253744e-01 6.883546e-01 0.000000e+00
    outer loop
      vertex   1.818842e+02 3.811576e+01 4.180000e+02
      vertex   1.822861e+02 3.853920e+01 4.130000e+02
      vertex   1.818842e+02 3.811576e+01 4.130000e+02
    endloop
  endfacet
  facet normal -6.883546e-01 7.253744e-01 0.000000e+00
    outer loop
      vertex   1.818842e+02 3.811576e+01 4.180000e+02
      vertex   1.818842e+02 3.811576e+01 4.130000e+02
      vertex   1.814608e+02 3.771394e+01 4.180000e+02
    endloop
  endfacet
  facet normal -6.883546e-01 7.253744e-01 0.000000e+00
    outer loop
      vertex   1.814608e+02 3.771394e+01 4.180000e+02
      vertex   1.818842e+02 3.811576e+01 4.130000e+02
      vertex   1.814608e+02 3.771394e+01 4.130000e+02
    endloop
  endfacet
  facet normal -6.494480e-01 7.604060e-01 0.000000e+00
    outer loop
      vertex   1.814608e+02 3.771394e+01 4.180000e+02
      vertex   1.814608e+02 3.771394e+01 4.130000e+02
      vertex   1.810169e+02 3.733482e+01 4.180000e+02
    endloop
  endfacet
  facet normal -6.494480e-01 7.604060e-01 0.000000e+00
    outer loop
      vertex   1.810169e+02 3.733482e+01 4.180000e+02
      vertex   1.814608e+02 3.771394e+01 4.130000e+02
      vertex   1.810169e+02 3.733482e+01 4.130000e+02
    endloop
  endfacet
  facet normal -6.087614e-01 7.933533e-01 0.000000e+00
    outer loop
      vertex   1.810169e+02 3.733482e+01 4.180000e+02
      vertex   1.810169e+02 3.733482e+01 4.130000e+02
      vertex   1.805538e+02 3.697946e+01 4.180000e+02
    endloop
  endfacet
  facet normal -6.087614e-01 7.933533e-01 0.000000e+00
    outer loop
      vertex   1.805538e+02 3.697946e+01 4.180000e+02
      vertex   1.810169e+02 3.733482e+01 4.130000e+02
      vertex   1.805538e+02 3.697946e+01 4.130000e+02
    endloop
  endfacet
  facet normal -5.664062e-01 8.241262e-01 0.000000e+00
    outer loop
      vertex   1.805538e+02 3.697946e+01 4.180000e+02
      vertex   1.805538e+02 3.697946e+01 4.130000e+02
      vertex   1.800727e+02 3.664883e+01 4.180000e+02
    endloop
  endfacet
  facet normal -5.664062e-01 8.241262e-01 0.000000e+00
    outer loop
      vertex   1.800727e+02 3.664883e+01 4.180000e+02
      vertex   1.805538e+02 3.697946e+01 4.130000e+02
      vertex   1.800727e+02 3.664883e+01 4.130000e+02
    endloop
  endfacet
  facet normal -5.224986e-01 8.526402e-01 0.000000e+00
    outer loop
      vertex   1.800727e+02 3.664883e+01 4.180000e+02
      vertex   1.800727e+02 3.664883e+01 4.130000e+02
      vertex   1.795750e+02 3.634382e+01 4.180000e+02
    endloop
  endfacet
  facet normal -5.224986e-01 8.526402e-01 0.000000e+00
    outer loop
      vertex   1.795750e+02 3.634382e+01 4.180000e+02
      vertex   1.800727e+02 3.664883e+01 4.130000e+02
      vertex   1.795750e+02 3.634382e+01 4.130000e+02
    endloop
  endfacet
  facet normal -4.771588e-01 8.788171e-01 0.000000e+00
    outer loop
      vertex   1.795750e+02 3.634382e+01 4.180000e+02
      vertex   1.795750e+02 3.634382e+01 4.130000e+02
      vertex   1.790620e+02 3.606528e+01 4.180000e+02
    endloop
  endfacet
  facet normal -4.771588e-01 8.788171e-01 0.000000e+00
    outer loop
      vertex   1.790620e+02 3.606528e+01 4.180000e+02
      vertex   1.795750e+02 3.634382e+01 4.130000e+02
      vertex   1.790620e+02 3.606528e+01 4.130000e+02
    endloop
  endfacet
  facet normal -4.305111e-01 9.025853e-01 0.000000e+00
    outer loop
      vertex   1.790620e+02 3.606528e+01 4.180000e+02
      vertex   1.790620e+02 3.606528e+01 4.130000e+02
      vertex   1.785351e+02 3.581397e+01 4.180000e+02
    endloop
  endfacet
  facet normal -4.305111e-01 9.025853e-01 0.000000e+00
    outer loop
      vertex   1.785351e+02 3.581397e+01 4.180000e+02
      vertex   1.790620e+02 3.606528e+01 4.130000e+02
      vertex   1.785351e+02 3.581397e+01 4.130000e+02
    endloop
  endfacet
  facet normal -3.826834e-01 9.238795e-01 0.000000e+00
    outer loop
      vertex   1.785351e+02 3.581397e+01 4.180000e+02
      vertex   1.785351e+02 3.581397e+01 4.130000e+02
      vertex   1.779958e+02 3.559058e+01 4.180000e+02
    endloop
  endfacet
  facet normal -3.826834e-01 9.238795e-01 0.000000e+00
    outer loop
      vertex   1.779958e+02 3.559058e+01 4.180000e+02
      vertex   1.785351e+02 3.581397e+01 4.130000e+02
      vertex   1.779958e+02 3.559058e+01 4.130000e+02
    endloop
  endfacet
  facet normal -3.338069e-01 9.426415e-01 0.000000e+00
    outer loop
      vertex   1.779958e+02 3.559058e+01 4.180000e+02
      vertex   1.779958e+02 3.559058e+01 4.130000e+02
      vertex   1.774455e+02 3.539572e+01 4.180000e+02
    endloop
  endfacet
  facet normal -3.338069e-01 9.426415e-01 0.000000e+00
    outer loop
      vertex   1.774455e+02 3.539572e+01 4.180000e+02
      vertex   1.779958e+02 3.559058e+01 4.130000e+02
      vertex   1.774455e+02 3.539572e+01 4.130000e+02
    endloop
  endfacet
  facet normal -2.840153e-01 9.588197e-01 0.000000e+00
    outer loop
      vertex   1.774455e+02 3.539572e+01 4.180000e+02
      vertex   1.774455e+02 3.539572e+01 4.130000e+02
      vertex   1.768858e+02 3.522993e+01 4.180000e+02
    endloop
  endfacet
  facet normal -2.840153e-01 9.588197e-01 0.000000e+00
    outer loop
      vertex   1.768858e+02 3.522993e+01 4.180000e+02
      vertex   1.774455e+02 3.539572e+01 4.130000e+02
      vertex   1.768858e+02 3.522993e+01 4.130000e+02
    endloop
  endfacet
  facet normal -2.334454e-01 9.723699e-01 0.000000e+00
    outer loop
      vertex   1.768858e+02 3.522993e+01 4.180000e+02
      vertex   1.768858e+02 3.522993e+01 4.130000e+02
      vertex   1.763182e+02 3.509366e+01 4.180000e+02
    endloop
  endfacet
  facet normal -2.334454e-01 9.723699e-01 0.000000e+00
    outer loop
      vertex   1.763182e+02 3.509366e+01 4.180000e+02
      vertex   1.768858e+02 3.522993e+01 4.130000e+02
      vertex   1.763182e+02 3.509366e+01 4.130000e+02
    endloop
  endfacet
  facet normal -1.822355e-01 9.832549e-01 0.000000e+00
    outer loop
      vertex   1.763182e+02 3.509366e+01 4.180000e+02
      vertex   1.763182e+02 3.509366e+01 4.130000e+02
      vertex   1.757443e+02 3.498728e+01 4.180000e+02
    endloop
  endfacet
  facet normal -1.822355e-01 9.832549e-01 0.000000e+00
    outer loop
      vertex   1.757443e+02 3.498728e+01 4.180000e+02
      vertex   1.763182e+02 3.509366e+01 4.130000e+02
      vertex   1.757443e+02 3.498728e+01 4.130000e+02
    endloop
  endfacet
  facet normal -1.305262e-01 9.914449e-01 0.000000e+00
    outer loop
      vertex   1.757443e+02 3.498728e+01 4.180000e+02
      vertex   1.757443e+02 3.498728e+01 4.130000e+02
      vertex   1.751655e+02 3.491108e+01 4.180000e+02
    endloop
  endfacet
  facet normal -1.305262e-01 9.914449e-01 0.000000e+00
    outer loop
      vertex   1.751655e+02 3.491108e+01 4.180000e+02
      vertex   1.757443e+02 3.498728e+01 4.130000e+02
      vertex   1.751655e+02 3.491108e+01 4.130000e+02
    endloop
  endfacet
  facet normal -7.845910e-02 9.969173e-01 0.000000e+00
    outer loop
      vertex   1.751655e+02 3.491108e+01 4.180000e+02
      vertex   1.751655e+02 3.491108e+01 4.130000e+02
      vertex   1.745836e+02 3.486528e+01 4.180000e+02
    endloop
  endfacet
  facet normal -7.845910e-02 9.969173e-01 0.000000e+00
    outer loop
      vertex   1.745836e+02 3.486528e+01 4.180000e+02
      vertex   1.751655e+02 3.491108e+01 4.130000e+02
      vertex   1.745836e+02 3.486528e+01 4.130000e+02
    endloop
  endfacet
  facet normal -2.617695e-02 9.996573e-01 0.000000e+00
    outer loop
      vertex   1.745836e+02 3.486528e+01 4.180000e+02
      vertex   1.745836e+02 3.486528e+01 4.130000e+02
      vertex   1.740000e+02 3.485000e+01 4.180000e+02
    endloop
  endfacet
  facet normal -2.617695e-02 9.996573e-01 0.000000e+00
    outer loop
      vertex   1.740000e+02 3.485000e+01 4.180000e+02
      vertex   1.745836e+02 3.486528e+01 4.130000e+02
      vertex   1.740000e+02 3.485000e+01 4.130000e+02
    endloop
  endfacet
  facet normal 2.617695e-02 9.996573e-01 0.000000e+00
    outer loop
      vertex   1.740000e+02 3.485000e+01 4.180000e+02
      vertex   1.740000e+02 3.485000e+01 4.130000e+02
      vertex   1.734165e+02 3.486528e+01 4.180000e+02
    endloop
  endfacet
  facet normal 2.617695e-02 9.996573e-01 0.000000e+00
    outer loop
      vertex   1.734165e+02 3.486528e+01 4.180000e+02
      vertex   1.740000e+02 3.485000e+01 4.130000e+02
      vertex   1.734165e+02 3.486528e+01 4.130000e+02
    endloop
  endfacet
  facet normal 7.845910e-02 9.969173e-01 0.000000e+00
    outer loop
      vertex   1.734165e+02 3.486528e+01 4.180000e+02
      vertex   1.734165e+02 3.486528e+01 4.130000e+02
      vertex   1.728345e+02 3.491108e+01 4.180000e+02
    endloop
  endfacet
  facet normal 7.845910e-02 9.969173e-01 0.000000e+00
    outer loop
      vertex   1.728345e+02 3.491108e+01 4.180000e+02
      vertex   1.734165e+02 3.486528e+01 4.130000e+02
      vertex   1.728345e+02 3.491108e+01 4.130000e+02
    endloop
  endfacet
  facet normal 1.305262e-01 9.914449e-01 0.000000e+00
    outer loop
      vertex   1.728345e+02 3.491108e+01 4.180000e+02
      vertex   1.728345e+02 3.491108e+01 4.130000e+02
      vertex   1.722558e+02 3.498728e+01 4.180000e+02
    endloop
  endfacet
  facet normal 1.305262e-01 9.914449e-01 0.000000e+00
    outer loop
      vertex   1.722558e+02 3.498728e+01 4.180000e+02
      vertex   1.728345e+02 3.491108e+01 4.130000e+02
      vertex   1.722558e+02 3.498728e+01 4.130000e+02
    endloop
  endfacet
  facet normal 1.822355e-01 9.832549e-01 0.000000e+00
    outer loop
      vertex   1.722558e+02 3.498728e+01 4.180000e+02
      vertex   1.722558e+02 3.498728e+01 4.130000e+02
      vertex   1.716818e+02 3.509366e+01 4.180000e+02
    endloop
  endfacet
  facet normal 1.822355e-01 9.832549e-01 0.000000e+00
    outer loop
      vertex   1.716818e+02 3.509366e+01 4.180000e+02
      vertex   1.722558e+02 3.498728e+01 4.130000e+02
      vertex   1.716818e+02 3.509366e+01 4.130000e+02
    endloop
  endfacet
  facet normal 2.334454e-01 9.723699e-01 0.000000e+00
    outer loop
      vertex   1.716818e+02 3.509366e+01 4.180000e+02
      vertex   1.716818e+02 3.509366e+01 4.130000e+02
      vertex   1.711142e+02 3.522993e+01 4.180000e+02
    endloop
  endfacet
  facet normal 2.334454e-01 9.723699e-01 0.000000e+00
    outer loop
      vertex   1.711142e+02 3.522993e+01 4.180000e+02
      vertex   1.716818e+02 3.509366e+01 4.130000e+02
      vertex   1.711142e+02 3.522993e+01 4.130000e+02
    endloop
  endfacet
  facet normal 2.840153e-01 9.588197e-01 0.000000e+00
    outer loop
      vertex   1.711142e+02 3.522993e+01 4.180000e+02
      vertex   1.711142e+02 3.522993e+01 4.130000e+02
      vertex   1.705545e+02 3.539572e+01 4.180000e+02
    endloop
  endfacet
  facet normal 2.840153e-01 9.588197e-01 0.000000e+00
    outer loop
      vertex   1.705545e+02 3.539572e+01 4.180000e+02
      vertex   1.711142e+02 3.522993e+01 4.130000e+02
      vertex   1.705545e+02 3.539572e+01 4.130000e+02
    endloop
  endfacet
  facet normal 3.338069e-01 9.426415e-01 0.000000e+00
    outer loop
      vertex   1.705545e+02 3.539572e+01 4.180000e+02
      vertex   1.705545e+02 3.539572e+01 4.130000e+02
      vertex   1.700042e+02 3.559058e+01 4.180000e+02
    endloop
  endfacet
  facet normal 3.338069e-01 9.426415e-01 0.000000e+00
    outer loop
      vertex   1.700042e+02 3.559058e+01 4.180000e+02
      vertex   1.705545e+02 3.539572e+01 4.130000e+02
      vertex   1.700042e+02 3.559058e+01 4.130000e+02
    endloop
  endfacet
  facet normal 3.826834e-01 9.238795e-01 0.000000e+00
    outer loop
      vertex   1.700042e+02 3.559058e+01 4.180000e+02
      vertex   1.700042e+02 3.559058e+01 4.130000e+02
      vertex   1.694649e+02 3.581397e+01 4.180000e+02
    endloop
  endfacet
  facet normal 3.826834e-01 9.238795e-01 0.000000e+00
    outer loop
      vertex   1.694649e+02 3.581397e+01 4.180000e+02
      vertex   1.700042e+02 3.559058e+01 4.130000e+02
      vertex   1.694649e+02 3.581397e+01 4.130000e+02
    endloop
  endfacet
  facet normal 4.305111e-01 9.025853e-01 0.000000e+00
    outer loop
      vertex   1.694649e+02 3.581397e+01 4.180000e+02
      vertex   1.694649e+02 3.581397e+01 4.130000e+02
      vertex   1.689380e+02 3.606528e+01 4.180000e+02
    endloop
  endfacet
  facet normal 4.305111e-01 9.025853e-01 0.000000e+00
    outer loop
      vertex   1.689380e+02 3.606528e+01 4.180000e+02
      vertex   1.694649e+02 3.581397e+01 4.130000e+02
      vertex   1.689380e+02 3.606528e+01 4.130000e+02
    endloop
  endfacet
  facet normal 4.771588e-01 8.788171e-01 0.000000e+00
    outer loop
      vertex   1.689380e+02 3.606528e+01 4.180000e+02
      vertex   1.689380e+02 3.606528e+01 4.130000e+02
      vertex   1.684250e+02 3.634382e+01 4.180000e+02
    endloop
  endfacet
  facet normal 4.771588e-01 8.788171e-01 0.000000e+00
    outer loop
      vertex   1.684250e+02 3.634382e+01 4.180000e+02
      vertex   1.689380e+02 3.606528e+01 4.130000e+02
      vertex   1.684250e+02 3.634382e+01 4.130000e+02
    endloop
  endfacet
  facet normal 5.224986e-01 8.526402e-01 0.000000e+00
    outer loop
      vertex   1.684250e+02 3.634382e+01 4.180000e+02
      vertex   1.684250e+02 3.634382e+01 4.130000e+02
      vertex   1.679273e+02 3.664883e+01 4.180000e+02
    endloop
  endfacet
  facet normal 5.224986e-01 8.526402e-01 0.000000e+00
    outer loop
      vertex   1.679273e+02 3.664883e+01 4.180000e+02
      vertex   1.684250e+02 3.634382e+01 4.130000e+02
      vertex   1.679273e+02 3.664883e+01 4.130000e+02
    endloop
  endfacet
  facet normal 5.664062e-01 8.241262e-01 0.000000e+00
    outer loop
      vertex   1.679273e+02 3.664883e+01 4.180000e+02
      vertex   1.679273e+02 3.664883e+01 4.130000e+02
      vertex   1.674462e+02 3.697946e+01 4.180000e+02
    endloop
  endfacet
  facet normal 5.664062e-01 8.241262e-01 0.000000e+00
    outer loop
      vertex   1.674462e+02 3.697946e+01 4.180000e+02
      vertex   1.679273e+02 3.664883e+01 4.130000e+02
      vertex   1.674462e+02 3.697946e+01 4.130000e+02
    endloop
  endfacet
  facet normal 6.087614e-01 7.933533e-01 0.000000e+00
    outer loop
      vertex   1.674462e+02 3.697946e+01 4.180000e+02
      vertex   1.674462e+02 3.697946e+01 4.130000e+02
      vertex   1.669831e+02 3.733482e+01 4.180000e+02
    endloop
  endfacet
  facet normal 6.087614e-01 7.933533e-01 0.000000e+00
    outer loop
      vertex   1.669831e+02 3.733482e+01 4.180000e+02
      vertex   1.674462e+02 3.697946e+01 4.130000e+02
      vertex   1.669831e+02 3.733482e+01 4.130000e+02
    endloop
  endfacet
  facet normal 6.494480e-01 7.604060e-01 0.000000e+00
    outer loop
      vertex   1.669831e+02 3.733482e+01 4.180000e+02
      vertex   1.669831e+02 3.733482e+01 4.130000e+02
      vertex   1.665392e+02 3.771394e+01 4.180000e+02
    endloop
  endfacet
  facet normal 6.494480e-01 7.604060e-01 0.000000e+00
    outer loop
      vertex   1.665392e+02 3.771394e+01 4.180000e+02
      vertex   1.669831e+02 3.733482e+01 4.130000e+02
      vertex   1.665392e+02 3.771394e+01 4.130000e+02
    endloop
  endfacet
  facet normal 6.883546e-01 7.253744e-01 0.000000e+00
    outer loop
      vertex   1.665392e+02 3.771394e+01 4.180000e+02
      vertex   1.665392e+02 3.771394e+01 4.130000e+02
      vertex   1.661158e+02 3.811576e+01 4.180000e+02
    endloop
  endfacet
  facet normal 6.883546e-01 7.253744e-01 0.000000e+00
    outer loop
      vertex   1.661158e+02 3.811576e+01 4.180000e+02
      vertex   1.665392e+02 3.771394e+01 4.130000e+02
      vertex   1.661158e+02 3.811576e+01 4.130000e+02
    endloop
  endfacet
  facet normal 7.253744e-01 6.883546e-01 0.000000e+00
    outer loop
      vertex   1.661158e+02 3.811576e+01 4.180000e+02
      vertex   1.661158e+02 3.811576e+01 4.130000e+02
      vertex   1.657139e+02 3.853920e+01 4.180000e+02
    endloop
  endfacet
  facet normal 7.253744e-01 6.883546e-01 0.000000e+00
    outer loop
      vertex   1.657139e+02 3.853920e+01 4.180000e+02
      vertex   1.661158e+02 3.811576e+01 4.130000e+02
      vertex   1.657139e+02 3.853920e+01 4.130000e+02
    endloop
  endfacet
  facet normal 7.604060e-01 6.494480e-01 0.000000e+00
    outer loop
      vertex   1.657139e+02 3.853920e+01 4.180000e+02
      vertex   1.657139e+02 3.853920e+01 4.130000e+02
      vertex   1.653348e+02 3.898308e+01 4.180000e+02
    endloop
  endfacet
  facet normal 7.604060e-01 6.494480e-01 0.000000e+00
    outer loop
      vertex   1.653348e+02 3.898308e+01 4.180000e+02
      vertex   1.657139e+02 3.853920e+01 4.130000e+02
      vertex   1.653348e+02 3.898308e+01 4.130000e+02
    endloop
  endfacet
  facet normal 7.933533e-01 6.087614e-01 0.000000e+00
    outer loop
      vertex   1.653348e+02 3.898308e+01 4.180000e+02
      vertex   1.653348e+02 3.898308e+01 4.130000e+02
      vertex   1.649795e+02 3.944620e+01 4.180000e+02
    endloop
  endfacet
  facet normal 7.933533e-01 6.087614e-01 0.000000e+00
    outer loop
      vertex   1.649795e+02 3.944620e+01 4.180000e+02
      vertex   1.653348e+02 3.898308e+01 4.130000e+02
      vertex   1.649795e+02 3.944620e+01 4.130000e+02
    endloop
  endfacet
  facet normal 8.241262e-01 5.664062e-01 0.000000e+00
    outer loop
      vertex   1.649795e+02 3.944620e+01 4.180000e+02
      vertex   1.649795e+02 3.944620e+01 4.130000e+02
      vertex   1.646488e+02 3.992728e+01 4.180000e+02
    endloop
  endfacet
  facet normal 8.241262e-01 5.664062e-01 0.000000e+00
    outer loop
      vertex   1.646488e+02 3.992728e+01 4.180000e+02
      vertex   1.649795e+02 3.944620e+01 4.130000e+02
      vertex   1.646488e+02 3.992728e+01 4.130000e+02
    endloop
  endfacet
  facet normal 8.526402e-01 5.224986e-01 0.000000e+00
    outer loop
      vertex   1.646488e+02 3.992728e+01 4.180000e+02
      vertex   1.646488e+02 3.992728e+01 4.130000e+02
      vertex   1.643438e+02 4.042500e+01 4.180000e+02
    endloop
  endfacet
  facet normal 8.526402e-01 5.224986e-01 0.000000e+00
    outer loop
      vertex   1.643438e+02 4.042500e+01 4.180000e+02
      vertex   1.646488e+02 3.992728e+01 4.130000e+02
      vertex   1.643438e+02 4.042500e+01 4.130000e+02
    endloop
  endfacet
  facet normal 8.788171e-01 4.771588e-01 0.000000e+00
    outer loop
      vertex   1.643438e+02 4.042500e+01 4.180000e+02
      vertex   1.643438e+02 4.042500e+01 4.130000e+02
      vertex   1.640653e+02 4.093801e+01 4.180000e+02
    endloop
  endfacet
  facet normal 8.788171e-01 4.771588e-01 0.000000e+00
    outer loop
      vertex   1.640653e+02 4.093801e+01 4.180000e+02
      vertex   1.643438e+02 4.042500e+01 4.130000e+02
      vertex   1.640653e+02 4.093801e+01 4.130000e+02
    endloop
  endfacet
  facet normal 9.025853e-01 4.305111e-01 0.000000e+00
    outer loop
      vertex   1.640653e+02 4.093801e+01 4.180000e+02
      vertex   1.640653e+02 4.093801e+01 4.130000e+02
      vertex   1.638140e+02 4.146489e+01 4.180000e+02
    endloop
  endfacet
  facet normal 9.025853e-01 4.305111e-01 0.000000e+00
    outer loop
      vertex   1.638140e+02 4.146489e+01 4.180000e+02
      vertex   1.640653e+02 4.093801e+01 4.130000e+02
      vertex   1.638140e+02 4.146489e+01 4.130000e+02
    endloop
  endfacet
  facet normal 9.238795e-01 3.826834e-01 0.000000e+00
    outer loop
      vertex   1.638140e+02 4.146489e+01 4.180000e+02
      vertex   1.638140e+02 4.146489e+01 4.130000e+02
      vertex   1.635906e+02 4.200420e+01 4.180000e+02
    endloop
  endfacet
  facet normal 9.238795e-01 3.826834e-01 0.000000e+00
    outer loop
      vertex   1.635906e+02 4.200420e+01 4.180000e+02
      vertex   1.638140e+02 4.146489e+01 4.130000e+02
      vertex   1.635906e+02 4.200420e+01 4.130000e+02
    endloop
  endfacet
  facet normal 9.426415e-01 3.338069e-01 0.000000e+00
    outer loop
      vertex   1.635906e+02 4.200420e+01 4.180000e+02
      vertex   1.635906e+02 4.200420e+01 4.130000e+02
      vertex   1.633957e+02 4.255446e+01 4.180000e+02
    endloop
  endfacet
  facet normal 9.426415e-01 3.338069e-01 0.000000e+00
    outer loop
      vertex   1.633957e+02 4.255446e+01 4.180000e+02
      vertex   1.635906e+02 4.200420e+01 4.130000e+02
      vertex   1.633957e+02 4.255446e+01 4.130000e+02
    endloop
  endfacet
  facet normal 9.588197e-01 2.840153e-01 0.000000e+00
    outer loop
      vertex   1.633957e+02 4.255446e+01 4.180000e+02
      vertex   1.633957e+02 4.255446e+01 4.130000e+02
      vertex   1.632299e+02 4.311417e+01 4.180000e+02
    endloop
  endfacet
  facet normal 9.588197e-01 2.840153e-01 0.000000e+00
    outer loop
      vertex   1.632299e+02 4.311417e+01 4.180000e+02
      vertex   1.633957e+02 4.255446e+01 4.130000e+02
      vertex   1.632299e+02 4.311417e+01 4.130000e+02
    endloop
  endfacet
  facet normal 9.723699e-01 2.334454e-01 0.000000e+00
    outer loop
      vertex   1.632299e+02 4.311417e+01 4.180000e+02
      vertex   1.632299e+02 4.311417e+01 4.130000e+02
      vertex   1.630937e+02 4.368179e+01 4.180000e+02
    endloop
  endfacet
  facet normal 9.723699e-01 2.334454e-01 0.000000e+00
    outer loop
      vertex   1.630937e+02 4.368179e+01 4.180000e+02
      vertex   1.632299e+02 4.311417e+01 4.130000e+02
      vertex   1.630937e+02 4.368179e+01 4.130000e+02
    endloop
  endfacet
  facet normal 9.832549e-01 1.822355e-01 0.000000e+00
    outer loop
      vertex   1.630937e+02 4.368179e+01 4.180000e+02
      vertex   1.630937e+02 4.368179e+01 4.130000e+02
      vertex   1.629873e+02 4.425576e+01 4.180000e+02
    endloop
  endfacet
  facet normal 9.832549e-01 1.822355e-01 0.000000e+00
    outer loop
      vertex   1.629873e+02 4.425576e+01 4.180000e+02
      vertex   1.630937e+02 4.368179e+01 4.130000e+02
      vertex   1.629873e+02 4.425576e+01 4.130000e+02
    endloop
  endfacet
  facet normal 9.914449e-01 1.305262e-01 0.000000e+00
    outer loop
      vertex   1.629873e+02 4.425576e+01 4.180000e+02
      vertex   1.629873e+02 4.425576e+01 4.130000e+02
      vertex   1.629111e+02 4.483451e+01 4.180000e+02
    endloop
  endfacet
  facet normal 9.914449e-01 1.305262e-01 0.000000e+00
    outer loop
      vertex   1.629111e+02 4.483451e+01 4.180000e+02
      vertex   1.629873e+02 4.425576e+01 4.130000e+02
      vertex   1.629111e+02 4.483451e+01 4.130000e+02
    endloop
  endfacet
  facet normal 9.969173e-01 7.845910e-02 0.000000e+00
    outer loop
      vertex   1.629111e+02 4.483451e+01 4.180000e+02
      vertex   1.629111e+02 4.483451e+01 4.130000e+02
      vertex   1.628653e+02 4.541646e+01 4.180000e+02
    endloop
  endfacet
  facet normal 9.969173e-01 7.845910e-02 0.000000e+00
    outer loop
      vertex   1.628653e+02 4.541646e+01 4.180000e+02
      vertex   1.629111e+02 4.483451e+01 4.130000e+02
      vertex   1.628653e+02 4.541646e+01 4.130000e+02
    endloop
  endfacet
  facet normal 9.996573e-01 2.617695e-02 0.000000e+00
    outer loop
      vertex   1.628653e+02 4.541646e+01 4.180000e+02
      vertex   1.628653e+02 4.541646e+01 4.130000e+02
      vertex   1.628500e+02 4.600000e+01 4.180000e+02
    endloop
  endfacet
  facet normal 9.996573e-01 2.617695e-02 0.000000e+00
    outer loop
      vertex   1.628500e+02 4.600000e+01 4.180000e+02
      vertex   1.628653e+02 4.541646e+01 4.130000e+02
      vertex   1.628500e+02 4.600000e+01 4.130000e+02
    endloop
  endfacet
  facet normal 9.996573e-01 -2.617695e-02 0.000000e+00
    outer loop
      vertex   1.628500e+02 4.600000e+01 4.180000e+02
      vertex   1.628500e+02 4.600000e+01 4.130000e+02
      vertex   1.628653e+02 4.658355e+01 4.180000e+02
    endloop
  endfacet
  facet normal 9.996573e-01 -2.617695e-02 0.000000e+00
    outer loop
      vertex   1.628653e+02 4.658355e+01 4.180000e+02
      vertex   1.628500e+02 4.600000e+01 4.130000e+02
      vertex   1.628653e+02 4.658355e+01 4.130000e+02
    endloop
  endfacet
  facet normal 9.969173e-01 -7.845910e-02 0.000000e+00
    outer loop
      vertex   1.628653e+02 4.658355e+01 4.180000e+02
      vertex   1.628653e+02 4.658355e+01 4.130000e+02
      vertex   1.629111e+02 4.716549e+01 4.180000e+02
    endloop
  endfacet
  facet normal 9.969173e-01 -7.845910e-02 0.000000e+00
    outer loop
      vertex   1.629111e+02 4.716549e+01 4.180000e+02
      vertex   1.628653e+02 4.658355e+01 4.130000e+02
      vertex   1.629111e+02 4.716549e+01 4.130000e+02
    endloop
  endfacet
  facet normal 9.914449e-01 -1.305262e-01 0.000000e+00
    outer loop
      vertex   1.629111e+02 4.716549e+01 4.180000e+02
      vertex   1.629111e+02 4.716549e+01 4.130000e+02
      vertex   1.629873e+02 4.774425e+01 4.180000e+02
    endloop
  endfacet
  facet normal 9.914449e-01 -1.305262e-01 0.000000e+00
    outer loop
      vertex   1.629873e+02 4.774425e+01 4.180000e+02
      vertex   1.629111e+02 4.716549e+01 4.130000e+02
      vertex   1.629873e+02 4.774425e+01 4.130000e+02
    endloop
  endfacet
  facet normal 9.832549e-01 -1.822355e-01 0.000000e+00
    outer loop
      vertex   1.629873e+02 4.774425e+01 4.180000e+02
      vertex   1.629873e+02 4.774425e+01 4.130000e+02
      vertex   1.630937e+02 4.831822e+01 4.180000e+02
    endloop
  endfacet
  facet normal 9.832549e-01 -1.822355e-01 0.000000e+00
    outer loop
      vertex   1.630937e+02 4.831822e+01 4.180000e+02
      vertex   1.629873e+02 4.774425e+01 4.130000e+02
      vertex   1.630937e+02 4.831822e+01 4.130000e+02
    endloop
  endfacet
  facet normal 9.723699e-01 -2.334454e-01 0.000000e+00
    outer loop
      vertex   1.630937e+02 4.831822e+01 4.180000e+02
      vertex   1.630937e+02 4.831822e+01 4.130000e+02
      vertex   1.632299e+02 4.888583e+01 4.180000e+02
    endloop
  endfacet
  facet normal 9.723699e-01 -2.334454e-01 0.000000e+00
    outer loop
      vertex   1.632299e+02 4.888583e+01 4.180000e+02
      vertex   1.630937e+02 4.831822e+01 4.130000e+02
      vertex   1.632299e+02 4.888583e+01 4.130000e+02
    endloop
  endfacet
  facet normal 9.588197e-01 -2.840153e-01 0.000000e+00
    outer loop
      vertex   1.632299e+02 4.888583e+01 4.180000e+02
      vertex   1.632299e+02 4.888583e+01 4.130000e+02
      vertex   1.633957e+02 4.944554e+01 4.180000e+02
    endloop
  endfacet
  facet normal 9.588197e-01 -2.840153e-01 0.000000e+00
    outer loop
      vertex   1.633957e+02 4.944554e+01 4.180000e+02
      vertex   1.632299e+02 4.888583e+01 4.130000e+02
      vertex   1.633957e+02 4.944554e+01 4.130000e+02
    endloop
  endfacet
  facet normal 9.426415e-01 -3.338069e-01 0.000000e+00
    outer loop
      vertex   1.633957e+02 4.944554e+01 4.180000e+02
      vertex   1.633957e+02 4.944554e+01 4.130000e+02
      vertex   1.635906e+02 4.999580e+01 4.180000e+02
    endloop
  endfacet
  facet normal 9.426415e-01 -3.338069e-01 0.000000e+00
    outer loop
      vertex   1.635906e+02 4.999580e+01 4.180000e+02
      vertex   1.633957e+02 4.944554e+01 4.130000e+02
      vertex   1.635906e+02 4.999580e+01 4.130000e+02
    endloop
  endfacet
  facet normal 9.238795e-01 -3.826834e-01 0.000000e+00
    outer loop
      vertex   1.635906e+02 4.999580e+01 4.180000e+02
      vertex   1.635906e+02 4.999580e+01 4.130000e+02
      vertex   1.638140e+02 5.053512e+01 4.180000e+02
    endloop
  endfacet
  facet normal 9.238795e-01 -3.826834e-01 0.000000e+00
    outer loop
      vertex   1.638140e+02 5.053512e+01 4.180000e+02
      vertex   1.635906e+02 4.999580e+01 4.130000e+02
      vertex   1.638140e+02 5.053512e+01 4.130000e+02
    endloop
  endfacet
  facet normal 9.025853e-01 -4.305111e-01 0.000000e+00
    outer loop
      vertex   1.638140e+02 5.053512e+01 4.180000e+02
      vertex   1.638140e+02 5.053512e+01 4.130000e+02
      vertex   1.640653e+02 5.106200e+01 4.180000e+02
    endloop
  endfacet
  facet normal 9.025853e-01 -4.305111e-01 0.000000e+00
    outer loop
      vertex   1.640653e+02 5.106200e+01 4.180000e+02
      vertex   1.638140e+02 5.053512e+01 4.130000e+02
      vertex   1.640653e+02 5.106200e+01 4.130000e+02
    endloop
  endfacet
  facet normal 8.788171e-01 -4.771588e-01 0.000000e+00
    outer loop
      vertex   1.640653e+02 5.106200e+01 4.180000e+02
      vertex   1.640653e+02 5.106200e+01 4.130000e+02
      vertex   1.643438e+02 5.157500e+01 4.180000e+02
    endloop
  endfacet
  facet normal 8.788171e-01 -4.771588e-01 0.000000e+00
    outer loop
      vertex   1.643438e+02 5.157500e+01 4.180000e+02
      vertex   1.640653e+02 5.106200e+01 4.130000e+02
      vertex   1.643438e+02 5.157500e+01 4.130000e+02
    endloop
  endfacet
  facet normal 8.526402e-01 -5.224986e-01 0.000000e+00
    outer loop
      vertex   1.643438e+02 5.157500e+01 4.180000e+02
      vertex   1.643438e+02 5.157500e+01 4.130000e+02
      vertex   1.646488e+02 5.207273e+01 4.180000e+02
    endloop
  endfacet
  facet normal 8.526402e-01 -5.224986e-01 0.000000e+00
    outer loop
      vertex   1.646488e+02 5.207273e+01 4.180000e+02
      vertex   1.643438e+02 5.157500e+01 4.130000e+02
      vertex   1.646488e+02 5.207273e+01 4.130000e+02
    endloop
  endfacet
  facet normal 8.241262e-01 -5.664062e-01 0.000000e+00
    outer loop
      vertex   1.646488e+02 5.207273e+01 4.180000e+02
      vertex   1.646488e+02 5.207273e+01 4.130000e+02
      vertex   1.649795e+02 5.255381e+01 4.180000e+02
    endloop
  endfacet
  facet normal 8.241262e-01 -5.664062e-01 0.000000e+00
    outer loop
      vertex   1.649795e+02 5.255381e+01 4.180000e+02
      vertex   1.646488e+02 5.207273e+01 4.130000e+02
      vertex   1.649795e+02 5.255381e+01 4.130000e+02
    endloop
  endfacet
  facet normal 7.933533e-01 -6.087614e-01 0.000000e+00
    outer loop
      vertex   1.649795e+02 5.255381e+01 4.180000e+02
      vertex   1.649795e+02 5.255381e+01 4.130000e+02
      vertex   1.653348e+02 5.301692e+01 4.180000e+02
    endloop
  endfacet
  facet normal 7.933533e-01 -6.087614e-01 0.000000e+00
    outer loop
      vertex   1.653348e+02 5.301692e+01 4.180000e+02
      vertex   1.649795e+02 5.255381e+01 4.130000e+02
      vertex   1.653348e+02 5.301692e+01 4.130000e+02
    endloop
  endfacet
  facet normal 7.604060e-01 -6.494480e-01 0.000000e+00
    outer loop
      vertex   1.653348e+02 5.301692e+01 4.180000e+02
      vertex   1.653348e+02 5.301692e+01 4.130000e+02
      vertex   1.657139e+02 5.346081e+01 4.180000e+02
    endloop
  endfacet
  facet normal 7.604060e-01 -6.494480e-01 0.000000e+00
    outer loop
      vertex   1.657139e+02 5.346081e+01 4.180000e+02
      vertex   1.653348e+02 5.301692e+01 4.130000e+02
      vertex   1.657139e+02 5.346081e+01 4.130000e+02
    endloop
  endfacet
  facet normal 7.253744e-01 -6.883546e-01 0.000000e+00
    outer loop
      vertex   1.657139e+02 5.346081e+01 4.180000e+02
      vertex   1.657139e+02 5.346081e+01 4.130000e+02
      vertex   1.661158e+02 5.388424e+01 4.180000e+02
    endloop
  endfacet
  facet normal 7.253744e-01 -6.883546e-01 0.000000e+00
    outer loop
      vertex   1.661158e+02 5.388424e+01 4.180000e+02
      vertex   1.657139e+02 5.346081e+01 4.130000e+02
      vertex   1.661158e+02 5.388424e+01 4.130000e+02
    endloop
  endfacet
  facet normal 6.883546e-01 -7.253744e-01 0.000000e+00
    outer loop
      vertex   1.661158e+02 5.388424e+01 4.180000e+02
      vertex   1.661158e+02 5.388424e+01 4.130000e+02
      vertex   1.665392e+02 5.428607e+01 4.180000e+02
    endloop
  endfacet
  facet normal 6.883546e-01 -7.253744e-01 0.000000e+00
    outer loop
      vertex   1.665392e+02 5.428607e+01 4.180000e+02
      vertex   1.661158e+02 5.388424e+01 4.130000e+02
      vertex   1.665392e+02 5.428607e+01 4.130000e+02
    endloop
  endfacet
  facet normal 6.494480e-01 -7.604060e-01 0.000000e+00
    outer loop
      vertex   1.665392e+02 5.428607e+01 4.180000e+02
      vertex   1.665392e+02 5.428607e+01 4.130000e+02
      vertex   1.669831e+02 5.466518e+01 4.180000e+02
    endloop
  endfacet
  facet normal 6.494480e-01 -7.604060e-01 0.000000e+00
    outer loop
      vertex   1.669831e+02 5.466518e+01 4.180000e+02
      vertex   1.665392e+02 5.428607e+01 4.130000e+02
      vertex   1.669831e+02 5.466518e+01 4.130000e+02
    endloop
  endfacet
  facet normal 6.087614e-01 -7.933533e-01 0.000000e+00
    outer loop
      vertex   1.669831e+02 5.466518e+01 4.180000e+02
      vertex   1.669831e+02 5.466518e+01 4.130000e+02
      vertex   1.674462e+02 5.502054e+01 4.180000e+02
    endloop
  endfacet
  facet normal 6.087614e-01 -7.933533e-01 0.000000e+00
    outer loop
      vertex   1.674462e+02 5.502054e+01 4.180000e+02
      vertex   1.669831e+02 5.466518e+01 4.130000e+02
      vertex   1.674462e+02 5.502054e+01 4.130000e+02
    endloop
  endfacet
  facet normal 5.664062e-01 -8.241262e-01 0.000000e+00
    outer loop
      vertex   1.674462e+02 5.502054e+01 4.180000e+02
      vertex   1.674462e+02 5.502054e+01 4.130000e+02
      vertex   1.679273e+02 5.535118e+01 4.180000e+02
    endloop
  endfacet
  facet normal 5.664062e-01 -8.241262e-01 0.000000e+00
    outer loop
      vertex   1.679273e+02 5.535118e+01 4.180000e+02
      vertex   1.674462e+02 5.502054e+01 4.130000e+02
      vertex   1.679273e+02 5.535118e+01 4.130000e+02
    endloop
  endfacet
  facet normal 5.224986e-01 -8.526402e-01 0.000000e+00
    outer loop
      vertex   1.679273e+02 5.535118e+01 4.180000e+02
      vertex   1.679273e+02 5.535118e+01 4.130000e+02
      vertex   1.684250e+02 5.565619e+01 4.180000e+02
    endloop
  endfacet
  facet normal 5.224986e-01 -8.526402e-01 0.000000e+00
    outer loop
      vertex   1.684250e+02 5.565619e+01 4.180000e+02
      vertex   1.679273e+02 5.535118e+01 4.130000e+02
      vertex   1.684250e+02 5.565619e+01 4.130000e+02
    endloop
  endfacet
  facet normal 4.771588e-01 -8.788171e-01 0.000000e+00
    outer loop
      vertex   1.684250e+02 5.565619e+01 4.180000e+02
      vertex   1.684250e+02 5.565619e+01 4.130000e+02
      vertex   1.689380e+02 5.593472e+01 4.180000e+02
    endloop
  endfacet
  facet normal 4.771588e-01 -8.788171e-01 0.000000e+00
    outer loop
      vertex   1.689380e+02 5.593472e+01 4.180000e+02
      vertex   1.684250e+02 5.565619e+01 4.130000e+02
      vertex   1.689380e+02 5.593472e+01 4.130000e+02
    endloop
  endfacet
  facet normal 4.305111e-01 -9.025853e-01 0.000000e+00
    outer loop
      vertex   1.689380e+02 5.593472e+01 4.180000e+02
      vertex   1.689380e+02 5.593472e+01 4.130000e+02
      vertex   1.694649e+02 5.618603e+01 4.180000e+02
    endloop
  endfacet
  facet normal 4.305111e-01 -9.025853e-01 0.000000e+00
    outer loop
      vertex   1.694649e+02 5.618603e+01 4.180000e+02
      vertex   1.689380e+02 5.593472e+01 4.130000e+02
      vertex   1.694649e+02 5.618603e+01 4.130000e+02
    endloop
  endfacet
  facet normal 3.826834e-01 -9.238795e-01 0.000000e+00
    outer loop
      vertex   1.694649e+02 5.618603e+01 4.180000e+02
      vertex   1.694649e+02 5.618603e+01 4.130000e+02
      vertex   1.700042e+02 5.640942e+01 4.180000e+02
    endloop
  endfacet
  facet normal 3.826834e-01 -9.238795e-01 0.000000e+00
    outer loop
      vertex   1.700042e+02 5.640942e+01 4.180000e+02
      vertex   1.694649e+02 5.618603e+01 4.130000e+02
      vertex   1.700042e+02 5.640942e+01 4.130000e+02
    endloop
  endfacet
  facet normal 3.338069e-01 -9.426415e-01 0.000000e+00
    outer loop
      vertex   1.700042e+02 5.640942e+01 4.180000e+02
      vertex   1.700042e+02 5.640942e+01 4.130000e+02
      vertex   1.705545e+02 5.660428e+01 4.180000e+02
    endloop
  endfacet
  facet normal 3.338069e-01 -9.426415e-01 0.000000e+00
    outer loop
      vertex   1.705545e+02 5.660428e+01 4.180000e+02
      vertex   1.700042e+02 5.640942e+01 4.130000e+02
      vertex   1.705545e+02 5.660428e+01 4.130000e+02
    endloop
  endfacet
  facet normal 2.840153e-01 -9.588197e-01 0.000000e+00
    outer loop
      vertex   1.705545e+02 5.660428e+01 4.180000e+02
      vertex   1.705545e+02 5.660428e+01 4.130000e+02
      vertex   1.711142e+02 5.677007e+01 4.180000e+02
    endloop
  endfacet
  facet normal 2.840153e-01 -9.588197e-01 0.000000e+00
    outer loop
      vertex   1.711142e+02 5.677007e+01 4.180000e+02
      vertex   1.705545e+02 5.660428e+01 4.130000e+02
      vertex   1.711142e+02 5.677007e+01 4.130000e+02
    endloop
  endfacet
  facet normal 2.334454e-01 -9.723699e-01 0.000000e+00
    outer loop
      vertex   1.711142e+02 5.677007e+01 4.180000e+02
      vertex   1.711142e+02 5.677007e+01 4.130000e+02
      vertex   1.716818e+02 5.690635e+01 4.180000e+02
    endloop
  endfacet
  facet normal 2.334454e-01 -9.723699e-01 0.000000e+00
    outer loop
      vertex   1.716818e+02 5.690635e+01 4.180000e+02
      vertex   1.711142e+02 5.677007e+01 4.130000e+02
      vertex   1.716818e+02 5.690635e+01 4.130000e+02
    endloop
  endfacet
  facet normal 1.822355e-01 -9.832549e-01 0.000000e+00
    outer loop
      vertex   1.716818e+02 5.690635e+01 4.180000e+02
      vertex   1.716818e+02 5.690635e+01 4.130000e+02
      vertex   1.722558e+02 5.701273e+01 4.180000e+02
    endloop
  endfacet
  facet normal 1.822355e-01 -9.832549e-01 0.000000e+00
    outer loop
      vertex   1.722558e+02 5.701273e+01 4.180000e+02
      vertex   1.716818e+02 5.690635e+01 4.130000e+02
      vertex   1.722558e+02 5.701273e+01 4.130000e+02
    endloop
  endfacet
  facet normal 1.305262e-01 -9.914449e-01 0.000000e+00
    outer loop
      vertex   1.722558e+02 5.701273e+01 4.180000e+02
      vertex   1.722558e+02 5.701273e+01 4.130000e+02
      vertex   1.728345e+02 5.708892e+01 4.180000e+02
    endloop
  endfacet
  facet normal 1.305262e-01 -9.914449e-01 0.000000e+00
    outer loop
      vertex   1.728345e+02 5.708892e+01 4.180000e+02
      vertex   1.722558e+02 5.701273e+01 4.130000e+02
      vertex   1.728345e+02 5.708892e+01 4.130000e+02
    endloop
  endfacet
  facet normal 7.845910e-02 -9.969173e-01 0.000000e+00
    outer loop
      vertex   1.728345e+02 5.708892e+01 4.180000e+02
      vertex   1.728345e+02 5.708892e+01 4.130000e+02
      vertex   1.734165e+02 5.713472e+01 4.180000e+02
    endloop
  endfacet
  facet normal 7.845910e-02 -9.969173e-01 0.000000e+00
    outer loop
      vertex   1.734165e+02 5.713472e+01 4.180000e+02
      vertex   1.728345e+02 5.708892e+01 4.130000e+02
      vertex   1.734165e+02 5.713472e+01 4.130000e+02
    endloop
  endfacet
  facet normal 2.617695e-02 -9.996573e-01 0.000000e+00
    outer loop
      vertex   1.734165e+02 5.713472e+01 4.180000e+02
      vertex   1.734165e+02 5.713472e+01 4.130000e+02
      vertex   1.740000e+02 5.715000e+01 4.180000e+02
    endloop
  endfacet
  facet normal 2.617695e-02 -9.996573e-01 0.000000e+00
    outer loop
      vertex   1.740000e+02 5.715000e+01 4.180000e+02
      vertex   1.734165e+02 5.713472e+01 4.130000e+02
      vertex   1.740000e+02 5.715000e+01 4.130000e+02
    endloop
  endfacet
  facet normal -2.617695e-02 -9.996573e-01 -0.000000e+00
    outer loop
      vertex   1.740000e+02 5.715000e+01 4.180000e+02
      vertex   1.740000e+02 5.715000e+01 4.130000e+02
      vertex   1.745836e+02 5.713472e+01 4.180000e+02
    endloop
  endfacet
  facet normal -2.617695e-02 -9.996573e-01 -0.000000e+00
    outer loop
      vertex   1.745836e+02 5.713472e+01 4.180000e+02
      vertex   1.740000e+02 5.715000e+01 4.130000e+02
      vertex   1.745836e+02 5.713472e+01 4.130000e+02
    endloop
  endfacet
  facet normal -7.845910e-02 -9.969173e-01 -0.000000e+00
    outer loop
      vertex   1.745836e+02 5.713472e+01 4.180000e+02
      vertex   1.745836e+02 5.713472e+01 4.130000e+02
      vertex   1.751655e+02 5.708892e+01 4.180000e+02
    endloop
  endfacet
  facet normal -7.845910e-02 -9.969173e-01 -0.000000e+00
    outer loop
      vertex   1.751655e+02 5.708892e+01 4.180000e+02
      vertex   1.745836e+02 5.713472e+01 4.130000e+02
      vertex   1.751655e+02 5.708892e+01 4.130000e+02
    endloop
  endfacet
  facet normal -1.305262e-01 -9.914449e-01 -0.000000e+00
    outer loop
      vertex   1.751655e+02 5.708892e+01 4.180000e+02
      vertex   1.751655e+02 5.708892e+01 4.130000e+02
      vertex   1.757443e+02 5.701273e+01 4.180000e+02
    endloop
  endfacet
  facet normal -1.305262e-01 -9.914449e-01 -0.000000e+00
    outer loop
      vertex   1.757443e+02 5.701273e+01 4.180000e+02
      vertex   1.751655e+02 5.708892e+01 4.130000e+02
      vertex   1.757443e+02 5.701273e+01 4.130000e+02
    endloop
  endfacet
  facet normal -1.822355e-01 -9.832549e-01 -0.000000e+00
    outer loop
      vertex   1.757443e+02 5.701273e+01 4.180000e+02
      vertex   1.757443e+02 5.701273e+01 4.130000e+02
      vertex   1.763182e+02 5.690635e+01 4.180000e+02
    endloop
  endfacet
  facet normal -1.822355e-01 -9.832549e-01 -0.000000e+00
    outer loop
      vertex   1.763182e+02 5.690635e+01 4.180000e+02
      vertex   1.757443e+02 5.701273e+01 4.130000e+02
      vertex   1.763182e+02 5.690635e+01 4.130000e+02
    endloop
  endfacet
  facet normal -2.334454e-01 -9.723699e-01 -0.000000e+00
    outer loop
      vertex   1.763182e+02 5.690635e+01 4.180000e+02
      vertex   1.763182e+02 5.690635e+01 4.130000e+02
      vertex   1.768858e+02 5.677007e+01 4.180000e+02
    endloop
  endfacet
  facet normal -2.334454e-01 -9.723699e-01 -0.000000e+00
    outer loop
      vertex   1.768858e+02 5.677007e+01 4.180000e+02
      vertex   1.763182e+02 5.690635e+01 4.130000e+02
      vertex   1.768858e+02 5.677007e+01 4.130000e+02
    endloop
  endfacet
  facet normal -2.840153e-01 -9.588197e-01 -0.000000e+00
    outer loop
      vertex   1.768858e+02 5.677007e+01 4.180000e+02
      vertex   1.768858e+02 5.677007e+01 4.130000e+02
      vertex   1.774455e+02 5.660428e+01 4.180000e+02
    endloop
  endfacet
  facet normal -2.840153e-01 -9.588197e-01 -0.000000e+00
    outer loop
      vertex   1.774455e+02 5.660428e+01 4.180000e+02
      vertex   1.768858e+02 5.677007e+01 4.130000e+02
      vertex   1.774455e+02 5.660428e+01 4.130000e+02
    endloop
  endfacet
  facet normal -3.338069e-01 -9.426415e-01 -0.000000e+00
    outer loop
      vertex   1.774455e+02 5.660428e+01 4.180000e+02
      vertex   1.774455e+02 5.660428e+01 4.130000e+02
      vertex   1.779958e+02 5.640942e+01 4.180000e+02
    endloop
  endfacet
  facet normal -3.338069e-01 -9.426415e-01 -0.000000e+00
    outer loop
      vertex   1.779958e+02 5.640942e+01 4.180000e+02
      vertex   1.774455e+02 5.660428e+01 4.130000e+02
      vertex   1.779958e+02 5.640942e+01 4.130000e+02
    endloop
  endfacet
  facet normal -3.826834e-01 -9.238795e-01 -0.000000e+00
    outer loop
      vertex   1.779958e+02 5.640942e+01 4.180000e+02
      vertex   1.779958e+02 5.640942e+01 4.130000e+02
      vertex   1.785351e+02 5.618603e+01 4.180000e+02
    endloop
  endfacet
  facet normal -3.826834e-01 -9.238795e-01 -0.000000e+00
    outer loop
      vertex   1.785351e+02 5.618603e+01 4.180000e+02
      vertex   1.779958e+02 5.640942e+01 4.130000e+02
      vertex   1.785351e+02 5.618603e+01 4.130000e+02
    endloop
  endfacet
  facet normal -4.305111e-01 -9.025853e-01 -0.000000e+00
    outer loop
      vertex   1.785351e+02 5.618603e+01 4.180000e+02
      vertex   1.785351e+02 5.618603e+01 4.130000e+02
      vertex   1.790620e+02 5.593472e+01 4.180000e+02
    endloop
  endfacet
  facet normal -4.305111e-01 -9.025853e-01 -0.000000e+00
    outer loop
      vertex   1.790620e+02 5.593472e+01 4.180000e+02
      vertex   1.785351e+02 5.618603e+01 4.130000e+02
      vertex   1.790620e+02 5.593472e+01 4.130000e+02
    endloop
  endfacet
  facet normal -4.771588e-01 -8.788171e-01 -0.000000e+00
    outer loop
      vertex   1.790620e+02 5.593472e+01 4.180000e+02
      vertex   1.790620e+02 5.593472e+01 4.130000e+02
      vertex   1.795750e+02 5.565619e+01 4.180000e+02
    endloop
  endfacet
  facet normal -4.771588e-01 -8.788171e-01 -0.000000e+00
    outer loop
      vertex   1.795750e+02 5.565619e+01 4.180000e+02
      vertex   1.790620e+02 5.593472e+01 4.130000e+02
      vertex   1.795750e+02 5.565619e+01 4.130000e+02
    endloop
  endfacet
  facet normal -5.224986e-01 -8.526402e-01 -0.000000e+00
    outer loop
      vertex   1.795750e+02 5.565619e+01 4.180000e+02
      vertex   1.795750e+02 5.565619e+01 4.130000e+02
      vertex   1.800727e+02 5.535118e+01 4.180000e+02
    endloop
  endfacet
  facet normal -5.224986e-01 -8.526402e-01 -0.000000e+00
    outer loop
      vertex   1.800727e+02 5.535118e+01 4.180000e+02
      vertex   1.795750e+02 5.565619e+01 4.130000e+02
      vertex   1.800727e+02 5.535118e+01 4.130000e+02
    endloop
  endfacet
  facet normal -5.664062e-01 -8.241262e-01 -0.000000e+00
    outer loop
      vertex   1.800727e+02 5.535118e+01 4.180000e+02
      vertex   1.800727e+02 5.535118e+01 4.130000e+02
      vertex   1.805538e+02 5.502054e+01 4.180000e+02
    endloop
  endfacet
  facet normal -5.664062e-01 -8.241262e-01 -0.000000e+00
    outer loop
      vertex   1.805538e+02 5.502054e+01 4.180000e+02
      vertex   1.800727e+02 5.535118e+01 4.130000e+02
      vertex   1.805538e+02 5.502054e+01 4.130000e+02
    endloop
  endfacet
  facet normal -6.087614e-01 -7.933533e-01 -0.000000e+00
    outer loop
      vertex   1.805538e+02 5.502054e+01 4.180000e+02
      vertex   1.805538e+02 5.502054e+01 4.130000e+02
      vertex   1.810169e+02 5.466518e+01 4.180000e+02
    endloop
  endfacet
  facet normal -6.087614e-01 -7.933533e-01 -0.000000e+00
    outer loop
      vertex   1.810169e+02 5.466518e+01 4.180000e+02
      vertex   1.805538e+02 5.502054e+01 4.130000e+02
      vertex   1.810169e+02 5.466518e+01 4.130000e+02
    endloop
  endfacet
  facet normal -6.494480e-01 -7.604060e-01 -0.000000e+00
    outer loop
      vertex   1.810169e+02 5.466518e+01 4.180000e+02
      vertex   1.810169e+02 5.466518e+01 4.130000e+02
      vertex   1.814608e+02 5.428607e+01 4.180000e+02
    endloop
  endfacet
  facet normal -6.494480e-01 -7.604060e-01 -0.000000e+00
    outer loop
      vertex   1.814608e+02 5.428607e+01 4.180000e+02
      vertex   1.810169e+02 5.466518e+01 4.130000e+02
      vertex   1.814608e+02 5.428607e+01 4.130000e+02
    endloop
  endfacet
  facet normal -6.883546e-01 -7.253744e-01 -0.000000e+00
    outer loop
      vertex   1.814608e+02 5.428607e+01 4.180000e+02
      vertex   1.814608e+02 5.428607e+01 4.130000e+02
      vertex   1.818842e+02 5.388424e+01 4.180000e+02
    endloop
  endfacet
  facet normal -6.883546e-01 -7.253744e-01 -0.000000e+00
    outer loop
      vertex   1.818842e+02 5.388424e+01 4.180000e+02
      vertex   1.814608e+02 5.428607e+01 4.130000e+02
      vertex   1.818842e+02 5.388424e+01 4.130000e+02
    endloop
  endfacet
  facet normal -7.253744e-01 -6.883546e-01 -0.000000e+00
    outer loop
      vertex   1.818842e+02 5.388424e+01 4.180000e+02
      vertex   1.818842e+02 5.388424e+01 4.130000e+02
      vertex   1.822861e+02 5.346081e+01 4.180000e+02
    endloop
  endfacet
  facet normal -7.253744e-01 -6.883546e-01 -0.000000e+00
    outer loop
      vertex   1.822861e+02 5.346081e+01 4.180000e+02
      vertex   1.818842e+02 5.388424e+01 4.130000e+02
      vertex   1.822861e+02 5.346081e+01 4.130000e+02
    endloop
  endfacet
  facet normal -7.604060e-01 -6.494480e-01 -0.000000e+00
    outer loop
      vertex   1.822861e+02 5.346081e+01 4.180000e+02
      vertex   1.822861e+02 5.346081e+01 4.130000e+02
      vertex   1.826652e+02 5.301692e+01 4.180000e+02
    endloop
  endfacet
  facet normal -7.604060e-01 -6.494480e-01 -0.000000e+00
    outer loop
      vertex   1.826652e+02 5.301692e+01 4.180000e+02
      vertex   1.822861e+02 5.346081e+01 4.130000e+02
      vertex   1.826652e+02 5.301692e+01 4.130000e+02
    endloop
  endfacet
  facet normal -7.933533e-01 -6.087614e-01 -0.000000e+00
    outer loop
      vertex   1.826652e+02 5.301692e+01 4.180000e+02
      vertex   1.826652e+02 5.301692e+01 4.130000e+02
      vertex   1.830205e+02 5.255381e+01 4.180000e+02
    endloop
  endfacet
  facet normal -7.933533e-01 -6.087614e-01 -0.000000e+00
    outer loop
      vertex   1.830205e+02 5.255381e+01 4.180000e+02
      vertex   1.826652e+02 5.301692e+01 4.130000e+02
      vertex   1.830205e+02 5.255381e+01 4.130000e+02
    endloop
  endfacet
  facet normal -8.241262e-01 -5.664062e-01 -0.000000e+00
    outer loop
      vertex   1.830205e+02 5.255381e+01 4.180000e+02
      vertex   1.830205e+02 5.255381e+01 4.130000e+02
      vertex   1.833512e+02 5.207273e+01 4.180000e+02
    endloop
  endfacet
  facet normal -8.241262e-01 -5.664062e-01 -0.000000e+00
    outer loop
      vertex   1.833512e+02 5.207273e+01 4.180000e+02
      vertex   1.830205e+02 5.255381e+01 4.130000e+02
      vertex   1.833512e+02 5.207273e+01 4.130000e+02
    endloop
  endfacet
  facet normal -8.526402e-01 -5.224986e-01 -0.000000e+00
    outer loop
      vertex   1.833512e+02 5.207273e+01 4.180000e+02
      vertex   1.833512e+02 5.207273e+01 4.130000e+02
      vertex   1.836562e+02 5.157500e+01 4.180000e+02
    endloop
  endfacet
  facet normal -8.526402e-01 -5.224986e-01 -0.000000e+00
    outer loop
      vertex   1.836562e+02 5.157500e+01 4.180000e+02
      vertex   1.833512e+02 5.207273e+01 4.130000e+02
      vertex   1.836562e+02 5.157500e+01 4.130000e+02
    endloop
  endfacet
  facet normal -8.788171e-01 -4.771588e-01 -0.000000e+00
    outer loop
      vertex   1.836562e+02 5.157500e+01 4.180000e+02
      vertex   1.836562e+02 5.157500e+01 4.130000e+02
      vertex   1.839347e+02 5.106200e+01 4.180000e+02
    endloop
  endfacet
  facet normal -8.788171e-01 -4.771588e-01 -0.000000e+00
    outer loop
      vertex   1.839347e+02 5.106200e+01 4.180000e+02
      vertex   1.836562e+02 5.157500e+01 4.130000e+02
      vertex   1.839347e+02 5.106200e+01 4.130000e+02
    endloop
  endfacet
  facet normal -9.025853e-01 -4.305111e-01 -0.000000e+00
    outer loop
      vertex   1.839347e+02 5.106200e+01 4.180000e+02
      vertex   1.839347e+02 5.106200e+01 4.130000e+02
      vertex   1.841860e+02 5.053512e+01 4.180000e+02
    endloop
  endfacet
  facet normal -9.025853e-01 -4.305111e-01 -0.000000e+00
    outer loop
      vertex   1.841860e+02 5.053512e+01 4.180000e+02
      vertex   1.839347e+02 5.106200e+01 4.130000e+02
      vertex   1.841860e+02 5.053512e+01 4.130000e+02
    endloop
  endfacet
  facet normal -9.238795e-01 -3.826834e-01 -0.000000e+00
    outer loop
      vertex   1.841860e+02 5.053512e+01 4.180000e+02
      vertex   1.841860e+02 5.053512e+01 4.130000e+02
      vertex   1.844094e+02 4.999580e+01 4.180000e+02
    endloop
  endfacet
  facet normal -9.238795e-01 -3.826834e-01 -0.000000e+00
    outer loop
      vertex   1.844094e+02 4.999580e+01 4.180000e+02
      vertex   1.841860e+02 5.053512e+01 4.130000e+02
      vertex   1.844094e+02 4.999580e+01 4.130000e+02
    endloop
  endfacet
  facet normal -9.426415e-01 -3.338069e-01 -0.000000e+00
    outer loop
      vertex   1.844094e+02 4.999580e+01 4.180000e+02
      vertex   1.844094e+02 4.999580e+01 4.130000e+02
      vertex   1.846043e+02 4.944554e+01 4.180000e+02
    endloop
  endfacet
  facet normal -9.426415e-01 -3.338069e-01 -0.000000e+00
    outer loop
      vertex   1.846043e+02 4.944554e+01 4.180000e+02
      vertex   1.844094e+02 4.999580e+01 4.130000e+02
      vertex   1.846043e+02 4.944554e+01 4.130000e+02
    endloop
  endfacet
  facet normal -9.588197e-01 -2.840153e-01 -0.000000e+00
    outer loop
      vertex   1.846043e+02 4.944554e+01 4.180000e+02
      vertex   1.846043e+02 4.944554e+01 4.130000e+02
      vertex   1.847701e+02 4.888583e+01 4.180000e+02
    endloop
  endfacet
  facet normal -9.588197e-01 -2.840153e-01 -0.000000e+00
    outer loop
      vertex   1.847701e+02 4.888583e+01 4.180000e+02
      vertex   1.846043e+02 4.944554e+01 4.130000e+02
      vertex   1.847701e+02 4.888583e+01 4.130000e+02
    endloop
  endfacet
  facet normal -9.723699e-01 -2.334454e-01 -0.000000e+00
    outer loop
      vertex   1.847701e+02 4.888583e+01 4.180000e+02
      vertex   1.847701e+02 4.888583e+01 4.130000e+02
      vertex   1.849064e+02 4.831822e+01 4.180000e+02
    endloop
  endfacet
  facet normal -9.723699e-01 -2.334454e-01 -0.000000e+00
    outer loop
      vertex   1.849064e+02 4.831822e+01 4.180000e+02
      vertex   1.847701e+02 4.888583e+01 4.130000e+02
      vertex   1.849064e+02 4.831822e+01 4.130000e+02
    endloop
  endfacet
  facet normal -9.832549e-01 -1.822355e-01 -0.000000e+00
    outer loop
      vertex   1.849064e+02 4.831822e+01 4.180000e+02
      vertex   1.849064e+02 4.831822e+01 4.130000e+02
      vertex   1.850127e+02 4.774425e+01 4.180000e+02
    endloop
  endfacet
  facet normal -9.832549e-01 -1.822355e-01 -0.000000e+00
    outer loop
      vertex   1.850127e+02 4.774425e+01 4.180000e+02
      vertex   1.849064e+02 4.831822e+01 4.130000e+02
      vertex   1.850127e+02 4.774425e+01 4.130000e+02
    endloop
  endfacet
  facet normal -9.914449e-01 -1.305262e-01 -0.000000e+00
    outer loop
      vertex   1.850127e+02 4.774425e+01 4.180000e+02
      vertex   1.850127e+02 4.774425e+01 4.130000e+02
      vertex   1.850889e+02 4.716549e+01 4.180000e+02
    endloop
  endfacet
  facet normal -9.914449e-01 -1.305262e-01 -0.000000e+00
    outer loop
      vertex   1.850889e+02 4.716549e+01 4.180000e+02
      vertex   1.850127e+02 4.774425e+01 4.130000e+02
      vertex   1.850889e+02 4.716549e+01 4.130000e+02
    endloop
  endfacet
  facet normal -9.969173e-01 -7.845910e-02 -0.000000e+00
    outer loop
      vertex   1.850889e+02 4.716549e+01 4.180000e+02
      vertex   1.850889e+02 4.716549e+01 4.130000e+02
      vertex   1.851347e+02 4.658355e+01 4.180000e+02
    endloop
  endfacet
  facet normal -9.969173e-01 -7.845910e-02 -0.000000e+00
    outer loop
      vertex   1.851347e+02 4.658355e+01 4.180000e+02
      vertex   1.850889e+02 4.716549e+01 4.130000e+02
      vertex   1.851347e+02 4.658355e+01 4.130000e+02
    endloop
  endfacet
  facet normal 0.000000e+00 0.000000e+00 1.000000e+00
    outer loop
      vertex   1.550000e+02 1.251697e-06 4.200000e+02
      vertex   1.622667e+02 4.113992e+01 4.200000e+02
      vertex   1.550000e+02 5.200000e+01 4.200000e+02
    endloop
  endfacet
  facet normal 0.000000e+00 0.000000e+00 1.000000e+00
    outer loop
      vertex   1.550000e+02 5.200000e+01 4.200000e+02
      vertex   1.622667e+02 4.113992e+01 4.200000e+02
      vertex   1.620424e+02 4.172150e+01 4.200000e+02
    endloop
  endfacet
  facet normal 0.000000e+00 0.000000e+00 1.000000e+00
    outer loop
      vertex   1.550000e+02 5.200000e+01 4.200000e+02
      vertex   1.620424e+02 4.172150e+01 4.200000e+02
      vertex   1.618469e+02 4.231339e+01 4.200000e+02
    endloop
  endfacet
  facet normal 0.000000e+00 0.000000e+00 1.000000e+00
    outer loop
      vertex   1.930000e+02 1.251697e-06 4.200000e+02
      vertex   1.740000e+02 3.330000e+01 4.200000e+02
      vertex   1.550000e+02 1.251697e-06 4.200000e+02
    endloop
  endfacet
  facet normal 0.000000e+00 0.000000e+00 1.000000e+00
    outer loop
      vertex   1.550000e+02 1.251697e-06 4.200000e+02
      vertex   1.740000e+02 3.330000e+01 4.200000e+02
      vertex   1.733768e+02 3.331530e+01 4.200000e+02
    endloop
  endfacet
  facet normal 0.000000e+00 0.000000e+00 1.000000e+00
    outer loop
      vertex   1.550000e+02 1.251697e-06 4.200000e+02
      vertex   1.733768e+02 3.331530e+01 4.200000e+02
      vertex   1.727552e+02 3.336116e+01 4.200000e+02
    endloop
  endfacet
  facet normal 0.000000e+00 0.000000e+00 1.000000e+00
    outer loop
      vertex   1.930000e+02 5.200000e+01 4.200000e+02
      vertex   1.857333e+02 4.113992e+01 4.200000e+02
      vertex   1.930000e+02 1.251697e-06 4.200000e+02
    endloop
  endfacet
  facet normal 0.000000e+00 0.000000e+00 1.000000e+00
    outer loop
      vertex   1.930000e+02 1.251697e-06 4.200000e+02
      vertex   1.857333e+02 4.113992e+01 4.200000e+02
      vertex   1.854807e+02 4.057005e+01 4.200000e+02
    endloop
  endfacet
  facet normal 0.000000e+00 0.000000e+00 1.000000e+00
    outer loop
      vertex   1.930000e+02 1.251697e-06 4.200000e+02
      vertex   1.854807e+02 4.057005e+01 4.200000e+02
      vertex   1.852004e+02 4.001326e+01 4.200000e+02
    endloop
  endfacet
  facet normal 0.000000e+00 0.000000e+00 1.000000e+00
    outer loop
      vertex   1.929854e+02 5.248303e+01 4.200000e+02
      vertex   1.861531e+02 4.968662e+01 4.200000e+02
      vertex   1.930000e+02 5.200000e+01 4.200000e+02
    endloop
  endfacet
  facet normal 0.000000e+00 0.000000e+00 1.000000e+00
    outer loop
      vertex   1.930000e+02 5.200000e+01 4.200000e+02
      vertex   1.861531e+02 4.968662e+01 4.200000e+02
      vertex   1.863194e+02 4.908585e+01 4.200000e+02
    endloop
  endfacet
  facet normal 0.000000e+00 0.000000e+00 1.000000e+00
    outer loop
      vertex   1.930000e+02 5.200000e+01 4.200000e+02
      vertex   1.863194e+02 4.908585e+01 4.200000e+02
      vertex   1.864560e+02 4.847765e+01 4.200000e+02
    endloop
  endfacet
  facet normal 0.000000e+00 0.000000e+00 1.000000e+00
    outer loop
      vertex   1.929854e+02 5.248303e+01 4.200000e+02
      vertex   1.929417e+02 5.296429e+01 4.200000e+02
      vertex   1.861531e+02 4.968662e+01 4.200000e+02
    endloop
  endfacet
  facet normal 0.000000e+00 0.000000e+00 1.000000e+00
    outer loop
      vertex   1.861531e+02 4.968662e+01 4.200000e+02
      vertex   1.929417e+02 5.296429e+01 4.200000e+02
      vertex   1.928690e+02 5.344204e+01 4.200000e+02
    endloop
  endfacet
  facet normal 0.000000e+00 0.000000e+00 1.000000e+00
    outer loop
      vertex   1.861531e+02 4.968662e+01 4.200000e+02
      vertex   1.928690e+02 5.344204e+01 4.200000e+02
      vertex   1.927675e+02 5.391453e+01 4.200000e+02
    endloop
  endfacet
  facet normal 0.000000e+00 0.000000e+00 1.000000e+00
    outer loop
      vertex   1.927675e+02 5.391453e+01 4.200000e+02
      vertex   1.926378e+02 5.438003e+01 4.200000e+02
      vertex   1.861531e+02 4.968662e+01 4.200000e+02
    endloop
  endfacet
  facet normal 0.000000e+00 0.000000e+00 1.000000e+00
    outer loop
      vertex   1.861531e+02 4.968662e+01 4.200000e+02
      vertex   1.926378e+02 5.438003e+01 4.200000e+02
      vertex   1.924801e+02 5.483684e+01 4.200000e+02
    endloop
  endfacet
  facet normal 0.000000e+00 0.000000e+00 1.000000e+00
    outer loop
      vertex   1.861531e+02 4.968662e+01 4.200000e+02
      vertex   1.924801e+02 5.483684e+01 4.200000e+02
      vertex   1.922952e+02 5.528330e+01 4.200000e+02
    endloop
  endfacet
  facet normal 0.000000e+00 0.000000e+00 1.000000e+00
    outer loop
      vertex   1.922952e+02 5.528330e+01 4.200000e+02
      vertex   1.920837e+02 5.571779e+01 4.200000e+02
      vertex   1.861531e+02 4.968662e+01 4.200000e+02
    endloop
  endfacet
  facet normal 0.000000e+00 0.000000e+00 1.000000e+00
    outer loop
      vertex   1.861531e+02 4.968662e+01 4.200000e+02
      vertex   1.920837e+02 5.571779e+01 4.200000e+02
      vertex   1.918463e+02 5.613870e+01 4.200000e+02
    endloop
  endfacet
  facet normal 0.000000e+00 0.000000e+00 1.000000e+00
    outer loop
      vertex   1.861531e+02 4.968662e+01 4.200000e+02
      vertex   1.918463e+02 5.613870e+01 4.200000e+02
      vertex   1.915839e+02 5.654452e+01 4.200000e+02
    endloop
  endfacet
  facet normal 0.000000e+00 -0.000000e+00 1.000000e+00
    outer loop
      vertex   1.861531e+02 4.968662e+01 4.200000e+02
      vertex   1.915839e+02 5.654452e+01 4.200000e+02
      vertex   1.859576e+02 5.027850e+01 4.200000e+02
    endloop
  endfacet
  facet normal 0.000000e+00 0.000000e+00 1.000000e+00
    outer loop
      vertex   1.859576e+02 5.027850e+01 4.200000e+02
      vertex   1.915839e+02 5.654452e+01 4.200000e+02
      vertex   1.912975e+02 5.693375e+01 4.200000e+02
    endloop
  endfacet
  facet normal 0.000000e+00 0.000000e+00 1.000000e+00
    outer loop
      vertex   1.859576e+02 5.027850e+01 4.200000e+02
      vertex   1.912975e+02 5.693375e+01 4.200000e+02
      vertex   1.909881e+02 5.730498e+01 4.200000e+02
    endloop
  endfacet
  facet normal 0.000000e+00 0.000000e+00 1.000000e+00
    outer loop
      vertex   1.909881e+02 5.730498e+01 4.200000e+02
      vertex   1.906569e+02 5.765686e+01 4.200000e+02
      vertex   1.859576e+02 5.027850e+01 4.200000e+02
    endloop
  endfacet
  facet normal 0.000000e+00 0.000000e+00 1.000000e+00
    outer loop
      vertex   1.859576e+02 5.027850e+01 4.200000e+02
      vertex   1.906569e+02 5.765686e+01 4.200000e+02
      vertex   1.903050e+02 5.798809e+01 4.200000e+02
    endloop
  endfacet
  facet normal 0.000000e+00 -0.000000e+00 1.000000e+00
    outer loop
      vertex   1.859576e+02 5.027850e+01 4.200000e+02
      vertex   1.903050e+02 5.798809e+01 4.200000e+02
      vertex   1.857333e+02 5.086008e+01 4.200000e+02
    endloop
  endfacet
  facet normal 0.000000e+00 0.000000e+00 1.000000e+00
    outer loop
      vertex   1.857333e+02 5.086008e+01 4.200000e+02
      vertex   1.903050e+02 5.798809e+01 4.200000e+02
      vertex   1.899338e+02 5.829747e+01 4.200000e+02
    endloop
  endfacet
  facet normal 0.000000e+00 0.000000e+00 1.000000e+00
    outer loop
      vertex   1.857333e+02 5.086008e+01 4.200000e+02
      vertex   1.899338e+02 5.829747e+01 4.200000e+02
      vertex   1.895445e+02 5.858387e+01 4.200000e+02
    endloop
  endfacet
  facet normal 0.000000e+00 -0.000000e+00 1.000000e+00
    outer loop
      vertex   1.857333e+02 5.086008e+01 4.200000e+02
      vertex   1.895445e+02 5.858387e+01 4.200000e+02
      vertex   1.854807e+02 5.142995e+01 4.200000e+02
    endloop
  endfacet
  facet normal 0.000000e+00 0.000000e+00 1.000000e+00
    outer loop
      vertex   1.854807e+02 5.142995e+01 4.200000e+02
      vertex   1.895445e+02 5.858387e+01 4.200000e+02
      vertex   1.891387e+02 5.884625e+01 4.200000e+02
    endloop
  endfacet
  facet normal 0.000000e+00 -0.000000e+00 1.000000e+00
    outer loop
      vertex   1.854807e+02 5.142995e+01 4.200000e+02
      vertex   1.891387e+02 5.884625e+01 4.200000e+02
      vertex   1.852004e+02 5.198674e+01 4.200000e+02
    endloop
  endfacet
  facet normal 0.000000e+00 -0.000000e+00 1.000000e+00
    outer loop
      vertex   1.852004e+02 5.198674e+01 4.200000e+02
      vertex   1.891387e+02 5.884625e+01 4.200000e+02
      vertex   1.848932e+02 5.252911e+01 4.200000e+02
    endloop
  endfacet
  facet normal 0.000000e+00 -0.000000e+00 1.000000e+00
    outer loop
      vertex   1.848932e+02 5.252911e+01 4.200000e+02
      vertex   1.891387e+02 5.884625e+01 4.200000e+02
      vertex   1.845597e+02 5.305574e+01 4.200000e+02
    endloop
  endfacet
  facet normal 0.000000e+00 -0.000000e+00 1.000000e+00
    outer loop
      vertex   1.845597e+02 5.305574e+01 4.200000e+02
      vertex   1.891387e+02 5.884625e+01 4.200000e+02
      vertex   1.842007e+02 5.356538e+01 4.200000e+02
    endloop
  endfacet
  facet normal 0.000000e+00 -0.000000e+00 1.000000e+00
    outer loop
      vertex   1.842007e+02 5.356538e+01 4.200000e+02
      vertex   1.891387e+02 5.884625e+01 4.200000e+02
      vertex   1.838172e+02 5.405680e+01 4.200000e+02
    endloop
  endfacet
  facet normal 0.000000e+00 -0.000000e+00 1.000000e+00
    outer loop
      vertex   1.838172e+02 5.405680e+01 4.200000e+02
      vertex   1.891387e+02 5.884625e+01 4.200000e+02
      vertex   1.834101e+02 5.452880e+01 4.200000e+02
    endloop
  endfacet
  facet normal 0.000000e+00 -0.000000e+00 1.000000e+00
    outer loop
      vertex   1.834101e+02 5.452880e+01 4.200000e+02
      vertex   1.891387e+02 5.884625e+01 4.200000e+02
      vertex   1.829803e+02 5.498026e+01 4.200000e+02
    endloop
  endfacet
  facet normal 0.000000e+00 -0.000000e+00 1.000000e+00
    outer loop
      vertex   1.829803e+02 5.498026e+01 4.200000e+02
      vertex   1.891387e+02 5.884625e+01 4.200000e+02
      vertex   1.825288e+02 5.541008e+01 4.200000e+02
    endloop
  endfacet
  facet normal 0.000000e+00 -0.000000e+00 1.000000e+00
    outer loop
      vertex   1.825288e+02 5.541008e+01 4.200000e+02
      vertex   1.891387e+02 5.884625e+01 4.200000e+02
      vertex   1.820568e+02 5.581723e+01 4.200000e+02
    endloop
  endfacet
  facet normal 0.000000e+00 -0.000000e+00 1.000000e+00
    outer loop
      vertex   1.820568e+02 5.581723e+01 4.200000e+02
      vertex   1.891387e+02 5.884625e+01 4.200000e+02
      vertex   1.815654e+02 5.620074e+01 4.200000e+02
    endloop
  endfacet
  facet normal 0.000000e+00 -0.000000e+00 1.000000e+00
    outer loop
      vertex   1.815654e+02 5.620074e+01 4.200000e+02
      vertex   1.891387e+02 5.884625e+01 4.200000e+02
      vertex   1.810557e+02 5.655967e+01 4.200000e+02
    endloop
  endfacet
  facet normal 0.000000e+00 -0.000000e+00 1.000000e+00
    outer loop
      vertex   1.810557e+02 5.655967e+01 4.200000e+02
      vertex   1.891387e+02 5.884625e+01 4.200000e+02
      vertex   1.805291e+02 5.689316e+01 4.200000e+02
    endloop
  endfacet
  facet normal 0.000000e+00 -0.000000e+00 1.000000e+00
    outer loop
      vertex   1.805291e+02 5.689316e+01 4.200000e+02
      vertex   1.891387e+02 5.884625e+01 4.200000e+02
      vertex   1.799867e+02 5.720040e+01 4.200000e+02
    endloop
  endfacet
  facet normal 0.000000e+00 -0.000000e+00 1.000000e+00
    outer loop
      vertex   1.799867e+02 5.720040e+01 4.200000e+02
      vertex   1.891387e+02 5.884625e+01 4.200000e+02
      vertex   1.794300e+02 5.748067e+01 4.200000e+02
    endloop
  endfacet
  facet normal 0.000000e+00 -0.000000e+00 1.000000e+00
    outer loop
      vertex   1.794300e+02 5.748067e+01 4.200000e+02
      vertex   1.891387e+02 5.884625e+01 4.200000e+02
      vertex   1.788601e+02 5.773327e+01 4.200000e+02
    endloop
  endfacet
  facet normal 0.000000e+00 -0.000000e+00 1.000000e+00
    outer loop
      vertex   1.788601e+02 5.773327e+01 4.200000e+02
      vertex   1.891387e+02 5.884625e+01 4.200000e+02
      vertex   1.782785e+02 5.795761e+01 4.200000e+02
    endloop
  endfacet
  facet normal 0.000000e+00 -0.000000e+00 1.000000e+00
    outer loop
      vertex   1.782785e+02 5.795761e+01 4.200000e+02
      vertex   1.891387e+02 5.884625e+01 4.200000e+02
      vertex   1.776866e+02 5.815314e+01 4.200000e+02
    endloop
  endfacet
  facet normal 0.000000e+00 -0.000000e+00 1.000000e+00
    outer loop
      vertex   1.776866e+02 5.815314e+01 4.200000e+02
      vertex   1.891387e+02 5.884625e+01 4.200000e+02
      vertex   1.770859e+02 5.831940e+01 4.200000e+02
    endloop
  endfacet
  facet normal 0.000000e+00 -0.000000e+00 1.000000e+00
    outer loop
      vertex   1.770859e+02 5.831940e+01 4.200000e+02
      vertex   1.891387e+02 5.884625e+01 4.200000e+02
      vertex   1.764777e+02 5.845597e+01 4.200000e+02
    endloop
  endfacet
  facet normal 0.000000e+00 -0.000000e+00 1.000000e+00
    outer loop
      vertex   1.764777e+02 5.845597e+01 4.200000e+02
      vertex   1.891387e+02 5.884625e+01 4.200000e+02
      vertex   1.758635e+02 5.856254e+01 4.200000e+02
    endloop
  endfacet
  facet normal 0.000000e+00 -0.000000e+00 1.000000e+00
    outer loop
      vertex   1.758635e+02 5.856254e+01 4.200000e+02
      vertex   1.891387e+02 5.884625e+01 4.200000e+02
      vertex   1.752448e+02 5.863885e+01 4.200000e+02
    endloop
  endfacet
  facet normal 0.000000e+00 -0.000000e+00 1.000000e+00
    outer loop
      vertex   1.752448e+02 5.863885e+01 4.200000e+02
      vertex   1.891387e+02 5.884625e+01 4.200000e+02
      vertex   1.746232e+02 5.868470e+01 4.200000e+02
    endloop
  endfacet
  facet normal 0.000000e+00 -0.000000e+00 1.000000e+00
    outer loop
      vertex   1.746232e+02 5.868470e+01 4.200000e+02
      vertex   1.891387e+02 5.884625e+01 4.200000e+02
      vertex   1.740000e+02 5.870000e+01 4.200000e+02
    endloop
  endfacet
  facet normal 0.000000e+00 0.000000e+00 1.000000e+00
    outer loop
      vertex   1.740000e+02 5.870000e+01 4.200000e+02
      vertex   1.891387e+02 5.884625e+01 4.200000e+02
      vertex   1.859643e+02 5.994167e+01 4.200000e+02
    endloop
  endfacet
  facet normal 0.000000e+00 -0.000000e+00 1.000000e+00
    outer loop
      vertex   1.740000e+02 5.870000e+01 4.200000e+02
      vertex   1.859643e+02 5.994167e+01 4.200000e+02
      vertex   1.625170e+02 5.998541e+01 4.200000e+02
    endloop
  endfacet
  facet normal -0.000000e+00 0.000000e+00 1.000000e+00
    outer loop
      vertex   1.625170e+02 5.998541e+01 4.200000e+02
      vertex   1.859643e+02 5.994167e+01 4.200000e+02
      vertex   1.854830e+02 5.998541e+01 4.200000e+02
    endloop
  endfacet
  facet normal 0.000000e+00 0.000000e+00 1.000000e+00
    outer loop
      vertex   1.625170e+02 5.998541e+01 4.200000e+02
      vertex   1.854830e+02 5.998541e+01 4.200000e+02
      vertex   1.630000e+02 6.000000e+01 4.200000e+02
    endloop
  endfacet
  facet normal 0.000000e+00 0.000000e+00 1.000000e+00
    outer loop
      vertex   1.630000e+02 6.000000e+01 4.200000e+02
      vertex   1.854830e+02 5.998541e+01 4.200000e+02
      vertex   1.850000e+02 6.000000e+01 4.200000e+02
    endloop
  endfacet
  facet normal 0.000000e+00 0.000000e+00 1.000000e+00
    outer loop
      vertex   1.887178e+02 5.908365e+01 4.200000e+02
      vertex   1.882833e+02 5.929520e+01 4.200000e+02
      vertex   1.891387e+02 5.884625e+01 4.200000e+02
    endloop
  endfacet
  facet normal 0.000000e+00 0.000000e+00 1.000000e+00
    outer loop
      vertex   1.891387e+02 5.884625e+01 4.200000e+02
      vertex   1.882833e+02 5.929520e+01 4.200000e+02
      vertex   1.878368e+02 5.948013e+01 4.200000e+02
    endloop
  endfacet
  facet normal 0.000000e+00 0.000000e+00 1.000000e+00
    outer loop
      vertex   1.891387e+02 5.884625e+01 4.200000e+02
      vertex   1.878368e+02 5.948013e+01 4.200000e+02
      vertex   1.873800e+02 5.963777e+01 4.200000e+02
    endloop
  endfacet
  facet normal 0.000000e+00 0.000000e+00 1.000000e+00
    outer loop
      vertex   1.873800e+02 5.963777e+01 4.200000e+02
      vertex   1.869145e+02 5.976754e+01 4.200000e+02
      vertex   1.891387e+02 5.884625e+01 4.200000e+02
    endloop
  endfacet
  facet normal 0.000000e+00 0.000000e+00 1.000000e+00
    outer loop
      vertex   1.891387e+02 5.884625e+01 4.200000e+02
      vertex   1.869145e+02 5.976754e+01 4.200000e+02
      vertex   1.864420e+02 5.986896e+01 4.200000e+02
    endloop
  endfacet
  facet normal 0.000000e+00 0.000000e+00 1.000000e+00
    outer loop
      vertex   1.891387e+02 5.884625e+01 4.200000e+02
      vertex   1.864420e+02 5.986896e+01 4.200000e+02
      vertex   1.859643e+02 5.994167e+01 4.200000e+02
    endloop
  endfacet
  facet normal -0.000000e+00 0.000000e+00 1.000000e+00
    outer loop
      vertex   1.620357e+02 5.994167e+01 4.200000e+02
      vertex   1.680133e+02 5.720040e+01 4.200000e+02
      vertex   1.625170e+02 5.998541e+01 4.200000e+02
    endloop
  endfacet
  facet normal 0.000000e+00 0.000000e+00 1.000000e+00
    outer loop
      vertex   1.625170e+02 5.998541e+01 4.200000e+02
      vertex   1.680133e+02 5.720040e+01 4.200000e+02
      vertex   1.685701e+02 5.748067e+01 4.200000e+02
    endloop
  endfacet
  facet normal 0.000000e+00 0.000000e+00 1.000000e+00
    outer loop
      vertex   1.625170e+02 5.998541e+01 4.200000e+02
      vertex   1.685701e+02 5.748067e+01 4.200000e+02
      vertex   1.691399e+02 5.773327e+01 4.200000e+02
    endloop
  endfacet
  facet normal -0.000000e+00 0.000000e+00 1.000000e+00
    outer loop
      vertex   1.615580e+02 5.986896e+01 4.200000e+02
      vertex   1.634403e+02 5.305574e+01 4.200000e+02
      vertex   1.620357e+02 5.994167e+01 4.200000e+02
    endloop
  endfacet
  facet normal 0.000000e+00 0.000000e+00 1.000000e+00
    outer loop
      vertex   1.620357e+02 5.994167e+01 4.200000e+02
      vertex   1.634403e+02 5.305574e+01 4.200000e+02
      vertex   1.637993e+02 5.356538e+01 4.200000e+02
    endloop
  endfacet
  facet normal 0.000000e+00 0.000000e+00 1.000000e+00
    outer loop
      vertex   1.620357e+02 5.994167e+01 4.200000e+02
      vertex   1.637993e+02 5.356538e+01 4.200000e+02
      vertex   1.641828e+02 5.405680e+01 4.200000e+02
    endloop
  endfacet
  facet normal 0.000000e+00 0.000000e+00 1.000000e+00
    outer loop
      vertex   1.615580e+02 5.986896e+01 4.200000e+02
      vertex   1.610855e+02 5.976754e+01 4.200000e+02
      vertex   1.634403e+02 5.305574e+01 4.200000e+02
    endloop
  endfacet
  facet normal 0.000000e+00 0.000000e+00 1.000000e+00
    outer loop
      vertex   1.634403e+02 5.305574e+01 4.200000e+02
      vertex   1.610855e+02 5.976754e+01 4.200000e+02
      vertex   1.631069e+02 5.252911e+01 4.200000e+02
    endloop
  endfacet
  facet normal 0.000000e+00 0.000000e+00 1.000000e+00
    outer loop
      vertex   1.631069e+02 5.252911e+01 4.200000e+02
      vertex   1.610855e+02 5.976754e+01 4.200000e+02
      vertex   1.606200e+02 5.963777e+01 4.200000e+02
    endloop
  endfacet
  facet normal 0.000000e+00 0.000000e+00 1.000000e+00
    outer loop
      vertex   1.631069e+02 5.252911e+01 4.200000e+02
      vertex   1.606200e+02 5.963777e+01 4.200000e+02
      vertex   1.601632e+02 5.948013e+01 4.200000e+02
    endloop
  endfacet
  facet normal 0.000000e+00 0.000000e+00 1.000000e+00
    outer loop
      vertex   1.631069e+02 5.252911e+01 4.200000e+02
      vertex   1.601632e+02 5.948013e+01 4.200000e+02
      vertex   1.627996e+02 5.198674e+01 4.200000e+02
    endloop
  endfacet
  facet normal 0.000000e+00 0.000000e+00 1.000000e+00
    outer loop
      vertex   1.627996e+02 5.198674e+01 4.200000e+02
      vertex   1.601632e+02 5.948013e+01 4.200000e+02
      vertex   1.597167e+02 5.929520e+01 4.200000e+02
    endloop
  endfacet
  facet normal 0.000000e+00 0.000000e+00 1.000000e+00
    outer loop
      vertex   1.627996e+02 5.198674e+01 4.200000e+02
      vertex   1.597167e+02 5.929520e+01 4.200000e+02
      vertex   1.592822e+02 5.908365e+01 4.200000e+02
    endloop
  endfacet
  facet normal 0.000000e+00 0.000000e+00 1.000000e+00
    outer loop
      vertex   1.627996e+02 5.198674e+01 4.200000e+02
      vertex   1.592822e+02 5.908365e+01 4.200000e+02
      vertex   1.625193e+02 5.142995e+01 4.200000e+02
    endloop
  endfacet
  facet normal 0.000000e+00 0.000000e+00 1.000000e+00
    outer loop
      vertex   1.625193e+02 5.142995e+01 4.200000e+02
      vertex   1.592822e+02 5.908365e+01 4.200000e+02
      vertex   1.588613e+02 5.884625e+01 4.200000e+02
    endloop
  endfacet
  facet normal 0.000000e+00 0.000000e+00 1.000000e+00
    outer loop
      vertex   1.625193e+02 5.142995e+01 4.200000e+02
      vertex   1.588613e+02 5.884625e+01 4.200000e+02
      vertex   1.584555e+02 5.858387e+01 4.200000e+02
    endloop
  endfacet
  facet normal 0.000000e+00 0.000000e+00 1.000000e+00
    outer loop
      vertex   1.625193e+02 5.142995e+01 4.200000e+02
      vertex   1.584555e+02 5.858387e+01 4.200000e+02
      vertex   1.622667e+02 5.086008e+01 4.200000e+02
    endloop
  endfacet
  facet normal 0.000000e+00 0.000000e+00 1.000000e+00
    outer loop
      vertex   1.622667e+02 5.086008e+01 4.200000e+02
      vertex   1.584555e+02 5.858387e+01 4.200000e+02
      vertex   1.580663e+02 5.829747e+01 4.200000e+02
    endloop
  endfacet
  facet normal 0.000000e+00 0.000000e+00 1.000000e+00
    outer loop
      vertex   1.622667e+02 5.086008e+01 4.200000e+02
      vertex   1.580663e+02 5.829747e+01 4.200000e+02
      vertex   1.576950e+02 5.798809e+01 4.200000e+02
    endloop
  endfacet
  facet normal 0.000000e+00 0.000000e+00 1.000000e+00
    outer loop
      vertex   1.622667e+02 5.086008e+01 4.200000e+02
      vertex   1.576950e+02 5.798809e+01 4.200000e+02
      vertex   1.620424e+02 5.027850e+01 4.200000e+02
    endloop
  endfacet
  facet normal 0.000000e+00 0.000000e+00 1.000000e+00
    outer loop
      vertex   1.620424e+02 5.027850e+01 4.200000e+02
      vertex   1.576950e+02 5.798809e+01 4.200000e+02
      vertex   1.573431e+02 5.765686e+01 4.200000e+02
    endloop
  endfacet
  facet normal 0.000000e+00 0.000000e+00 1.000000e+00
    outer loop
      vertex   1.620424e+02 5.027850e+01 4.200000e+02
      vertex   1.573431e+02 5.765686e+01 4.200000e+02
      vertex   1.570119e+02 5.730498e+01 4.200000e+02
    endloop
  endfacet
  facet normal 0.000000e+00 0.000000e+00 1.000000e+00
    outer loop
      vertex   1.570119e+02 5.730498e+01 4.200000e+02
      vertex   1.567025e+02 5.693375e+01 4.200000e+02
      vertex   1.620424e+02 5.027850e+01 4.200000e+02
    endloop
  endfacet
  facet normal 0.000000e+00 0.000000e+00 1.000000e+00
    outer loop
      vertex   1.620424e+02 5.027850e+01 4.200000e+02
      vertex   1.567025e+02 5.693375e+01 4.200000e+02
      vertex   1.564161e+02 5.654452e+01 4.200000e+02
    endloop
  endfacet
  facet normal 0.000000e+00 0.000000e+00 1.000000e+00
    outer loop
      vertex   1.620424e+02 5.027850e+01 4.200000e+02
      vertex   1.564161e+02 5.654452e+01 4.200000e+02
      vertex   1.618469e+02 4.968662e+01 4.200000e+02
    endloop
  endfacet
  facet normal 0.000000e+00 0.000000e+00 1.000000e+00
    outer loop
      vertex   1.618469e+02 4.968662e+01 4.200000e+02
      vertex   1.564161e+02 5.654452e+01 4.200000e+02
      vertex   1.561538e+02 5.613870e+01 4.200000e+02
    endloop
  endfacet
  facet normal 0.000000e+00 0.000000e+00 1.000000e+00
    outer loop
      vertex   1.618469e+02 4.968662e+01 4.200000e+02
      vertex   1.561538e+02 5.613870e+01 4.200000e+02
      vertex   1.559164e+02 5.571779e+01 4.200000e+02
    endloop
  endfacet
  facet normal 0.000000e+00 0.000000e+00 1.000000e+00
    outer loop
      vertex   1.559164e+02 5.571779e+01 4.200000e+02
      vertex   1.557048e+02 5.528330e+01 4.200000e+02
      vertex   1.618469e+02 4.968662e+01 4.200000e+02
    endloop
  endfacet
  facet normal 0.000000e+00 0.000000e+00 1.000000e+00
    outer loop
      vertex   1.618469e+02 4.968662e+01 4.200000e+02
      vertex   1.557048e+02 5.528330e+01 4.200000e+02
      vertex   1.555199e+02 5.483684e+01 4.200000e+02
    endloop
  endfacet
  facet normal 0.000000e+00 0.000000e+00 1.000000e+00
    outer loop
      vertex   1.618469e+02 4.968662e+01 4.200000e+02
      vertex   1.555199e+02 5.483684e+01 4.200000e+02
      vertex   1.553622e+02 5.438003e+01 4.200000e+02
    endloop
  endfacet
  facet normal 0.000000e+00 0.000000e+00 1.000000e+00
    outer loop
      vertex   1.553622e+02 5.438003e+01 4.200000e+02
      vertex   1.552325e+02 5.391453e+01 4.200000e+02
      vertex   1.618469e+02 4.968662e+01 4.200000e+02
    endloop
  endfacet
  facet normal 0.000000e+00 0.000000e+00 1.000000e+00
    outer loop
      vertex   1.618469e+02 4.968662e+01 4.200000e+02
      vertex   1.552325e+02 5.391453e+01 4.200000e+02
      vertex   1.551310e+02 5.344204e+01 4.200000e+02
    endloop
  endfacet
  facet normal 0.000000e+00 0.000000e+00 1.000000e+00
    outer loop
      vertex   1.618469e+02 4.968662e+01 4.200000e+02
      vertex   1.551310e+02 5.344204e+01 4.200000e+02
      vertex   1.550583e+02 5.296429e+01 4.200000e+02
    endloop
  endfacet
  facet normal 0.000000e+00 0.000000e+00 1.000000e+00
    outer loop
      vertex   1.550583e+02 5.296429e+01 4.200000e+02
      vertex   1.550146e+02 5.248303e+01 4.200000e+02
      vertex   1.618469e+02 4.968662e+01 4.200000e+02
    endloop
  endfacet
  facet normal 0.000000e+00 0.000000e+00 1.000000e+00
    outer loop
      vertex   1.618469e+02 4.968662e+01 4.200000e+02
      vertex   1.550146e+02 5.248303e+01 4.200000e+02
      vertex   1.550000e+02 5.200000e+01 4.200000e+02
    endloop
  endfacet
  facet normal 0.000000e+00 0.000000e+00 1.000000e+00
    outer loop
      vertex   1.618469e+02 4.968662e+01 4.200000e+02
      vertex   1.550000e+02 5.200000e+01 4.200000e+02
      vertex   1.616806e+02 4.908585e+01 4.200000e+02
    endloop
  endfacet
  facet normal 0.000000e+00 0.000000e+00 1.000000e+00
    outer loop
      vertex   1.616806e+02 4.908585e+01 4.200000e+02
      vertex   1.550000e+02 5.200000e+01 4.200000e+02
      vertex   1.615440e+02 4.847765e+01 4.200000e+02
    endloop
  endfacet
  facet normal 0.000000e+00 0.000000e+00 1.000000e+00
    outer loop
      vertex   1.615440e+02 4.847765e+01 4.200000e+02
      vertex   1.550000e+02 5.200000e+01 4.200000e+02
      vertex   1.614375e+02 4.786348e+01 4.200000e+02
    endloop
  endfacet
  facet normal 0.000000e+00 0.000000e+00 1.000000e+00
    outer loop
      vertex   1.614375e+02 4.786348e+01 4.200000e+02
      vertex   1.550000e+02 5.200000e+01 4.200000e+02
      vertex   1.613612e+02 4.724482e+01 4.200000e+02
    endloop
  endfacet
  facet normal 0.000000e+00 0.000000e+00 1.000000e+00
    outer loop
      vertex   1.613612e+02 4.724482e+01 4.200000e+02
      vertex   1.550000e+02 5.200000e+01 4.200000e+02
      vertex   1.613153e+02 4.662316e+01 4.200000e+02
    endloop
  endfacet
  facet normal 0.000000e+00 0.000000e+00 1.000000e+00
    outer loop
      vertex   1.613153e+02 4.662316e+01 4.200000e+02
      vertex   1.550000e+02 5.200000e+01 4.200000e+02
      vertex   1.613000e+02 4.600000e+01 4.200000e+02
    endloop
  endfacet
  facet normal 0.000000e+00 0.000000e+00 1.000000e+00
    outer loop
      vertex   1.613000e+02 4.600000e+01 4.200000e+02
      vertex   1.550000e+02 5.200000e+01 4.200000e+02
      vertex   1.613153e+02 4.537684e+01 4.200000e+02
    endloop
  endfacet
  facet normal 0.000000e+00 0.000000e+00 1.000000e+00
    outer loop
      vertex   1.613153e+02 4.537684e+01 4.200000e+02
      vertex   1.550000e+02 5.200000e+01 4.200000e+02
      vertex   1.613612e+02 4.475518e+01 4.200000e+02
    endloop
  endfacet
  facet normal 0.000000e+00 0.000000e+00 1.000000e+00
    outer loop
      vertex   1.613612e+02 4.475518e+01 4.200000e+02
      vertex   1.550000e+02 5.200000e+01 4.200000e+02
      vertex   1.614375e+02 4.413652e+01 4.200000e+02
    endloop
  endfacet
  facet normal 0.000000e+00 0.000000e+00 1.000000e+00
    outer loop
      vertex   1.614375e+02 4.413652e+01 4.200000e+02
      vertex   1.550000e+02 5.200000e+01 4.200000e+02
      vertex   1.615440e+02 4.352235e+01 4.200000e+02
    endloop
  endfacet
  facet normal 0.000000e+00 0.000000e+00 1.000000e+00
    outer loop
      vertex   1.615440e+02 4.352235e+01 4.200000e+02
      vertex   1.550000e+02 5.200000e+01 4.200000e+02
      vertex   1.616806e+02 4.291415e+01 4.200000e+02
    endloop
  endfacet
  facet normal 0.000000e+00 0.000000e+00 1.000000e+00
    outer loop
      vertex   1.616806e+02 4.291415e+01 4.200000e+02
      vertex   1.550000e+02 5.200000e+01 4.200000e+02
      vertex   1.618469e+02 4.231339e+01 4.200000e+02
    endloop
  endfacet
  facet normal -0.000000e+00 0.000000e+00 1.000000e+00
    outer loop
      vertex   1.866847e+02 4.662316e+01 4.200000e+02
      vertex   1.867000e+02 4.600000e+01 4.200000e+02
      vertex   1.930000e+02 5.200000e+01 4.200000e+02
    endloop
  endfacet
  facet normal 0.000000e+00 0.000000e+00 1.000000e+00
    outer loop
      vertex   1.930000e+02 5.200000e+01 4.200000e+02
      vertex   1.867000e+02 4.600000e+01 4.200000e+02
      vertex   1.866847e+02 4.537684e+01 4.200000e+02
    endloop
  endfacet
  facet normal 0.000000e+00 0.000000e+00 1.000000e+00
    outer loop
      vertex   1.930000e+02 5.200000e+01 4.200000e+02
      vertex   1.866847e+02 4.537684e+01 4.200000e+02
      vertex   1.866389e+02 4.475518e+01 4.200000e+02
    endloop
  endfacet
  facet normal -0.000000e+00 0.000000e+00 1.000000e+00
    outer loop
      vertex   1.866389e+02 4.475518e+01 4.200000e+02
      vertex   1.865625e+02 4.413652e+01 4.200000e+02
      vertex   1.930000e+02 5.200000e+01 4.200000e+02
    endloop
  endfacet
  facet normal 0.000000e+00 0.000000e+00 1.000000e+00
    outer loop
      vertex   1.930000e+02 5.200000e+01 4.200000e+02
      vertex   1.865625e+02 4.413652e+01 4.200000e+02
      vertex   1.864560e+02 4.352235e+01 4.200000e+02
    endloop
  endfacet
  facet normal 0.000000e+00 0.000000e+00 1.000000e+00
    outer loop
      vertex   1.930000e+02 5.200000e+01 4.200000e+02
      vertex   1.864560e+02 4.352235e+01 4.200000e+02
      vertex   1.863194e+02 4.291415e+01 4.200000e+02
    endloop
  endfacet
  facet normal -0.000000e+00 0.000000e+00 1.000000e+00
    outer loop
      vertex   1.863194e+02 4.291415e+01 4.200000e+02
      vertex   1.861531e+02 4.231339e+01 4.200000e+02
      vertex   1.930000e+02 5.200000e+01 4.200000e+02
    endloop
  endfacet
  facet normal 0.000000e+00 0.000000e+00 1.000000e+00
    outer loop
      vertex   1.930000e+02 5.200000e+01 4.200000e+02
      vertex   1.861531e+02 4.231339e+01 4.200000e+02
      vertex   1.859576e+02 4.172150e+01 4.200000e+02
    endloop
  endfacet
  facet normal 0.000000e+00 0.000000e+00 1.000000e+00
    outer loop
      vertex   1.930000e+02 5.200000e+01 4.200000e+02
      vertex   1.859576e+02 4.172150e+01 4.200000e+02
      vertex   1.857333e+02 4.113992e+01 4.200000e+02
    endloop
  endfacet
  facet normal 0.000000e+00 0.000000e+00 1.000000e+00
    outer loop
      vertex   1.852004e+02 4.001326e+01 4.200000e+02
      vertex   1.848932e+02 3.947090e+01 4.200000e+02
      vertex   1.930000e+02 1.251697e-06 4.200000e+02
    endloop
  endfacet
  facet normal 0.000000e+00 0.000000e+00 1.000000e+00
    outer loop
      vertex   1.930000e+02 1.251697e-06 4.200000e+02
      vertex   1.848932e+02 3.947090e+01 4.200000e+02
      vertex   1.845597e+02 3.894426e+01 4.200000e+02
    endloop
  endfacet
  facet normal 0.000000e+00 0.000000e+00 1.000000e+00
    outer loop
      vertex   1.930000e+02 1.251697e-06 4.200000e+02
      vertex   1.845597e+02 3.894426e+01 4.200000e+02
      vertex   1.842007e+02 3.843462e+01 4.200000e+02
    endloop
  endfacet
  facet normal 0.000000e+00 0.000000e+00 1.000000e+00
    outer loop
      vertex   1.842007e+02 3.843462e+01 4.200000e+02
      vertex   1.838172e+02 3.794321e+01 4.200000e+02
      vertex   1.930000e+02 1.251697e-06 4.200000e+02
    endloop
  endfacet
  facet normal 0.000000e+00 0.000000e+00 1.000000e+00
    outer loop
      vertex   1.930000e+02 1.251697e-06 4.200000e+02
      vertex   1.838172e+02 3.794321e+01 4.200000e+02
      vertex   1.834101e+02 3.747120e+01 4.200000e+02
    endloop
  endfacet
  facet normal 0.000000e+00 0.000000e+00 1.000000e+00
    outer loop
      vertex   1.930000e+02 1.251697e-06 4.200000e+02
      vertex   1.834101e+02 3.747120e+01 4.200000e+02
      vertex   1.829803e+02 3.701975e+01 4.200000e+02
    endloop
  endfacet
  facet normal 0.000000e+00 0.000000e+00 1.000000e+00
    outer loop
      vertex   1.829803e+02 3.701975e+01 4.200000e+02
      vertex   1.825288e+02 3.658992e+01 4.200000e+02
      vertex   1.930000e+02 1.251697e-06 4.200000e+02
    endloop
  endfacet
  facet normal 0.000000e+00 0.000000e+00 1.000000e+00
    outer loop
      vertex   1.930000e+02 1.251697e-06 4.200000e+02
      vertex   1.825288e+02 3.658992e+01 4.200000e+02
      vertex   1.820568e+02 3.618277e+01 4.200000e+02
    endloop
  endfacet
  facet normal 0.000000e+00 0.000000e+00 1.000000e+00
    outer loop
      vertex   1.930000e+02 1.251697e-06 4.200000e+02
      vertex   1.820568e+02 3.618277e+01 4.200000e+02
      vertex   1.815654e+02 3.579927e+01 4.200000e+02
    endloop
  endfacet
  facet normal 0.000000e+00 0.000000e+00 1.000000e+00
    outer loop
      vertex   1.815654e+02 3.579927e+01 4.200000e+02
      vertex   1.810557e+02 3.544034e+01 4.200000e+02
      vertex   1.930000e+02 1.251697e-06 4.200000e+02
    endloop
  endfacet
  facet normal 0.000000e+00 0.000000e+00 1.000000e+00
    outer loop
      vertex   1.930000e+02 1.251697e-06 4.200000e+02
      vertex   1.810557e+02 3.544034e+01 4.200000e+02
      vertex   1.805291e+02 3.510685e+01 4.200000e+02
    endloop
  endfacet
  facet normal 0.000000e+00 0.000000e+00 1.000000e+00
    outer loop
      vertex   1.930000e+02 1.251697e-06 4.200000e+02
      vertex   1.805291e+02 3.510685e+01 4.200000e+02
      vertex   1.799867e+02 3.479960e+01 4.200000e+02
    endloop
  endfacet
  facet normal 0.000000e+00 0.000000e+00 1.000000e+00
    outer loop
      vertex   1.799867e+02 3.479960e+01 4.200000e+02
      vertex   1.794300e+02 3.451934e+01 4.200000e+02
      vertex   1.930000e+02 1.251697e-06 4.200000e+02
    endloop
  endfacet
  facet normal 0.000000e+00 0.000000e+00 1.000000e+00
    outer loop
      vertex   1.930000e+02 1.251697e-06 4.200000e+02
      vertex   1.794300e+02 3.451934e+01 4.200000e+02
      vertex   1.788601e+02 3.426673e+01 4.200000e+02
    endloop
  endfacet
  facet normal 0.000000e+00 0.000000e+00 1.000000e+00
    outer loop
      vertex   1.930000e+02 1.251697e-06 4.200000e+02
      vertex   1.788601e+02 3.426673e+01 4.200000e+02
      vertex   1.782785e+02 3.404239e+01 4.200000e+02
    endloop
  endfacet
  facet normal 0.000000e+00 0.000000e+00 1.000000e+00
    outer loop
      vertex   1.782785e+02 3.404239e+01 4.200000e+02
      vertex   1.776866e+02 3.384686e+01 4.200000e+02
      vertex   1.930000e+02 1.251697e-06 4.200000e+02
    endloop
  endfacet
  facet normal 0.000000e+00 0.000000e+00 1.000000e+00
    outer loop
      vertex   1.930000e+02 1.251697e-06 4.200000e+02
      vertex   1.776866e+02 3.384686e+01 4.200000e+02
      vertex   1.770859e+02 3.368061e+01 4.200000e+02
    endloop
  endfacet
  facet normal 0.000000e+00 0.000000e+00 1.000000e+00
    outer loop
      vertex   1.930000e+02 1.251697e-06 4.200000e+02
      vertex   1.770859e+02 3.368061e+01 4.200000e+02
      vertex   1.764777e+02 3.354403e+01 4.200000e+02
    endloop
  endfacet
  facet normal 0.000000e+00 0.000000e+00 1.000000e+00
    outer loop
      vertex   1.764777e+02 3.354403e+01 4.200000e+02
      vertex   1.758635e+02 3.343746e+01 4.200000e+02
      vertex   1.930000e+02 1.251697e-06 4.200000e+02
    endloop
  endfacet
  facet normal 0.000000e+00 0.000000e+00 1.000000e+00
    outer loop
      vertex   1.930000e+02 1.251697e-06 4.200000e+02
      vertex   1.758635e+02 3.343746e+01 4.200000e+02
      vertex   1.752448e+02 3.336116e+01 4.200000e+02
    endloop
  endfacet
  facet normal 0.000000e+00 0.000000e+00 1.000000e+00
    outer loop
      vertex   1.930000e+02 1.251697e-06 4.200000e+02
      vertex   1.752448e+02 3.336116e+01 4.200000e+02
      vertex   1.746232e+02 3.331530e+01 4.200000e+02
    endloop
  endfacet
  facet normal 0.000000e+00 0.000000e+00 1.000000e+00
    outer loop
      vertex   1.746232e+02 3.331530e+01 4.200000e+02
      vertex   1.740000e+02 3.330000e+01 4.200000e+02
      vertex   1.930000e+02 1.251697e-06 4.200000e+02
    endloop
  endfacet
  facet normal 0.000000e+00 0.000000e+00 1.000000e+00
    outer loop
      vertex   1.727552e+02 3.336116e+01 4.200000e+02
      vertex   1.721365e+02 3.343746e+01 4.200000e+02
      vertex   1.550000e+02 1.251697e-06 4.200000e+02
    endloop
  endfacet
  facet normal 0.000000e+00 0.000000e+00 1.000000e+00
    outer loop
      vertex   1.550000e+02 1.251697e-06 4.200000e+02
      vertex   1.721365e+02 3.343746e+01 4.200000e+02
      vertex   1.715224e+02 3.354403e+01 4.200000e+02
    endloop
  endfacet
  facet normal 0.000000e+00 0.000000e+00 1.000000e+00
    outer loop
      vertex   1.550000e+02 1.251697e-06 4.200000e+02
      vertex   1.715224e+02 3.354403e+01 4.200000e+02
      vertex   1.709142e+02 3.368061e+01 4.200000e+02
    endloop
  endfacet
  facet normal 0.000000e+00 0.000000e+00 1.000000e+00
    outer loop
      vertex   1.709142e+02 3.368061e+01 4.200000e+02
      vertex   1.703134e+02 3.384686e+01 4.200000e+02
      vertex   1.550000e+02 1.251697e-06 4.200000e+02
    endloop
  endfacet
  facet normal 0.000000e+00 0.000000e+00 1.000000e+00
    outer loop
      vertex   1.550000e+02 1.251697e-06 4.200000e+02
      vertex   1.703134e+02 3.384686e+01 4.200000e+02
      vertex   1.697215e+02 3.404239e+01 4.200000e+02
    endloop
  endfacet
  facet normal 0.000000e+00 0.000000e+00 1.000000e+00
    outer loop
      vertex   1.550000e+02 1.251697e-06 4.200000e+02
      vertex   1.697215e+02 3.404239e+01 4.200000e+02
      vertex   1.691399e+02 3.426673e+01 4.200000e+02
    endloop
  endfacet
  facet normal 0.000000e+00 0.000000e+00 1.000000e+00
    outer loop
      vertex   1.691399e+02 3.426673e+01 4.200000e+02
      vertex   1.685701e+02 3.451934e+01 4.200000e+02
      vertex   1.550000e+02 1.251697e-06 4.200000e+02
    endloop
  endfacet
  facet normal 0.000000e+00 0.000000e+00 1.000000e+00
    outer loop
      vertex   1.550000e+02 1.251697e-06 4.200000e+02
      vertex   1.685701e+02 3.451934e+01 4.200000e+02
      vertex   1.680133e+02 3.479960e+01 4.200000e+02
    endloop
  endfacet
  facet normal 0.000000e+00 0.000000e+00 1.000000e+00
    outer loop
      vertex   1.550000e+02 1.251697e-06 4.200000e+02
      vertex   1.680133e+02 3.479960e+01 4.200000e+02
      vertex   1.674709e+02 3.510685e+01 4.200000e+02
    endloop
  endfacet
  facet normal 0.000000e+00 0.000000e+00 1.000000e+00
    outer loop
      vertex   1.674709e+02 3.510685e+01 4.200000e+02
      vertex   1.669443e+02 3.544034e+01 4.200000e+02
      vertex   1.550000e+02 1.251697e-06 4.200000e+02
    endloop
  endfacet
  facet normal 0.000000e+00 0.000000e+00 1.000000e+00
    outer loop
      vertex   1.550000e+02 1.251697e-06 4.200000e+02
      vertex   1.669443e+02 3.544034e+01 4.200000e+02
      vertex   1.664346e+02 3.579927e+01 4.200000e+02
    endloop
  endfacet
  facet normal 0.000000e+00 0.000000e+00 1.000000e+00
    outer loop
      vertex   1.550000e+02 1.251697e-06 4.200000e+02
      vertex   1.664346e+02 3.579927e+01 4.200000e+02
      vertex   1.659432e+02 3.618277e+01 4.200000e+02
    endloop
  endfacet
  facet normal 0.000000e+00 0.000000e+00 1.000000e+00
    outer loop
      vertex   1.659432e+02 3.618277e+01 4.200000e+02
      vertex   1.654712e+02 3.658992e+01 4.200000e+02
      vertex   1.550000e+02 1.251697e-06 4.200000e+02
    endloop
  endfacet
  facet normal 0.000000e+00 0.000000e+00 1.000000e+00
    outer loop
      vertex   1.550000e+02 1.251697e-06 4.200000e+02
      vertex   1.654712e+02 3.658992e+01 4.200000e+02
      vertex   1.650198e+02 3.701975e+01 4.200000e+02
    endloop
  endfacet
  facet normal 0.000000e+00 0.000000e+00 1.000000e+00
    outer loop
      vertex   1.550000e+02 1.251697e-06 4.200000e+02
      vertex   1.650198e+02 3.701975e+01 4.200000e+02
      vertex   1.645899e+02 3.747120e+01 4.200000e+02
    endloop
  endfacet
  facet normal 0.000000e+00 0.000000e+00 1.000000e+00
    outer loop
      vertex   1.645899e+02 3.747120e+01 4.200000e+02
      vertex   1.641828e+02 3.794321e+01 4.200000e+02
      vertex   1.550000e+02 1.251697e-06 4.200000e+02
    endloop
  endfacet
  facet normal 0.000000e+00 0.000000e+00 1.000000e+00
    outer loop
      vertex   1.550000e+02 1.251697e-06 4.200000e+02
      vertex   1.641828e+02 3.794321e+01 4.200000e+02
      vertex   1.637993e+02 3.843462e+01 4.200000e+02
    endloop
  endfacet
  facet normal 0.000000e+00 0.000000e+00 1.000000e+00
    outer loop
      vertex   1.550000e+02 1.251697e-06 4.200000e+02
      vertex   1.637993e+02 3.843462e+01 4.200000e+02
      vertex   1.634403e+02 3.894426e+01 4.200000e+02
    endloop
  endfacet
  facet normal 0.000000e+00 0.000000e+00 1.000000e+00
    outer loop
      vertex   1.634403e+02 3.894426e+01 4.200000e+02
      vertex   1.631069e+02 3.947090e+01 4.200000e+02
      vertex   1.550000e+02 1.251697e-06 4.200000e+02
    endloop
  endfacet
  facet normal 0.000000e+00 0.000000e+00 1.000000e+00
    outer loop
      vertex   1.550000e+02 1.251697e-06 4.200000e+02
      vertex   1.631069e+02 3.947090e+01 4.200000e+02
      vertex   1.627996e+02 4.001326e+01 4.200000e+02
    endloop
  endfacet
  facet normal 0.000000e+00 0.000000e+00 1.000000e+00
    outer loop
      vertex   1.550000e+02 1.251697e-06 4.200000e+02
      vertex   1.627996e+02 4.001326e+01 4.200000e+02
      vertex   1.625193e+02 4.057005e+01 4.200000e+02
    endloop
  endfacet
  facet normal 0.000000e+00 0.000000e+00 1.000000e+00
    outer loop
      vertex   1.625193e+02 4.057005e+01 4.200000e+02
      vertex   1.622667e+02 4.113992e+01 4.200000e+02
      vertex   1.550000e+02 1.251697e-06 4.200000e+02
    endloop
  endfacet
  facet normal 0.000000e+00 -0.000000e+00 1.000000e+00
    outer loop
      vertex   1.641828e+02 5.405680e+01 4.200000e+02
      vertex   1.645899e+02 5.452880e+01 4.200000e+02
      vertex   1.620357e+02 5.994167e+01 4.200000e+02
    endloop
  endfacet
  facet normal 0.000000e+00 0.000000e+00 1.000000e+00
    outer loop
      vertex   1.620357e+02 5.994167e+01 4.200000e+02
      vertex   1.645899e+02 5.452880e+01 4.200000e+02
      vertex   1.650198e+02 5.498026e+01 4.200000e+02
    endloop
  endfacet
  facet normal 0.000000e+00 0.000000e+00 1.000000e+00
    outer loop
      vertex   1.620357e+02 5.994167e+01 4.200000e+02
      vertex   1.650198e+02 5.498026e+01 4.200000e+02
      vertex   1.654712e+02 5.541008e+01 4.200000e+02
    endloop
  endfacet
  facet normal 0.000000e+00 -0.000000e+00 1.000000e+00
    outer loop
      vertex   1.654712e+02 5.541008e+01 4.200000e+02
      vertex   1.659432e+02 5.581723e+01 4.200000e+02
      vertex   1.620357e+02 5.994167e+01 4.200000e+02
    endloop
  endfacet
  facet normal 0.000000e+00 0.000000e+00 1.000000e+00
    outer loop
      vertex   1.620357e+02 5.994167e+01 4.200000e+02
      vertex   1.659432e+02 5.581723e+01 4.200000e+02
      vertex   1.664346e+02 5.620074e+01 4.200000e+02
    endloop
  endfacet
  facet normal 0.000000e+00 0.000000e+00 1.000000e+00
    outer loop
      vertex   1.620357e+02 5.994167e+01 4.200000e+02
      vertex   1.664346e+02 5.620074e+01 4.200000e+02
      vertex   1.669443e+02 5.655967e+01 4.200000e+02
    endloop
  endfacet
  facet normal 0.000000e+00 -0.000000e+00 1.000000e+00
    outer loop
      vertex   1.669443e+02 5.655967e+01 4.200000e+02
      vertex   1.674709e+02 5.689316e+01 4.200000e+02
      vertex   1.620357e+02 5.994167e+01 4.200000e+02
    endloop
  endfacet
  facet normal 0.000000e+00 0.000000e+00 1.000000e+00
    outer loop
      vertex   1.620357e+02 5.994167e+01 4.200000e+02
      vertex   1.674709e+02 5.689316e+01 4.200000e+02
      vertex   1.680133e+02 5.720040e+01 4.200000e+02
    endloop
  endfacet
  facet normal 0.000000e+00 -0.000000e+00 1.000000e+00
    outer loop
      vertex   1.691399e+02 5.773327e+01 4.200000e+02
      vertex   1.697215e+02 5.795761e+01 4.200000e+02
      vertex   1.625170e+02 5.998541e+01 4.200000e+02
    endloop
  endfacet
  facet normal 0.000000e+00 0.000000e+00 1.000000e+00
    outer loop
      vertex   1.625170e+02 5.998541e+01 4.200000e+02
      vertex   1.697215e+02 5.795761e+01 4.200000e+02
      vertex   1.703134e+02 5.815314e+01 4.200000e+02
    endloop
  endfacet
  facet normal 0.000000e+00 0.000000e+00 1.000000e+00
    outer loop
      vertex   1.625170e+02 5.998541e+01 4.200000e+02
      vertex   1.703134e+02 5.815314e+01 4.200000e+02
      vertex   1.709142e+02 5.831940e+01 4.200000e+02
    endloop
  endfacet
  facet normal 0.000000e+00 -0.000000e+00 1.000000e+00
    outer loop
      vertex   1.709142e+02 5.831940e+01 4.200000e+02
      vertex   1.715224e+02 5.845597e+01 4.200000e+02
      vertex   1.625170e+02 5.998541e+01 4.200000e+02
    endloop
  endfacet
  facet normal 0.000000e+00 0.000000e+00 1.000000e+00
    outer loop
      vertex   1.625170e+02 5.998541e+01 4.200000e+02
      vertex   1.715224e+02 5.845597e+01 4.200000e+02
      vertex   1.721365e+02 5.856254e+01 4.200000e+02
    endloop
  endfacet
  facet normal 0.000000e+00 0.000000e+00 1.000000e+00
    outer loop
      vertex   1.625170e+02 5.998541e+01 4.200000e+02
      vertex   1.721365e+02 5.856254e+01 4.200000e+02
      vertex   1.727552e+02 5.863885e+01 4.200000e+02
    endloop
  endfacet
  facet normal 0.000000e+00 -0.000000e+00 1.000000e+00
    outer loop
      vertex   1.727552e+02 5.863885e+01 4.200000e+02
      vertex   1.733768e+02 5.868470e+01 4.200000e+02
      vertex   1.625170e+02 5.998541e+01 4.200000e+02
    endloop
  endfacet
  facet normal 0.000000e+00 0.000000e+00 1.000000e+00
    outer loop
      vertex   1.625170e+02 5.998541e+01 4.200000e+02
      vertex   1.733768e+02 5.868470e+01 4.200000e+02
      vertex   1.740000e+02 5.870000e+01 4.200000e+02
    endloop
  endfacet
  facet normal -0.000000e+00 0.000000e+00 1.000000e+00
    outer loop
      vertex   1.864560e+02 4.847765e+01 4.200000e+02
      vertex   1.865625e+02 4.786348e+01 4.200000e+02
      vertex   1.930000e+02 5.200000e+01 4.200000e+02
    endloop
  endfacet
  facet normal 0.000000e+00 0.000000e+00 1.000000e+00
    outer loop
      vertex   1.930000e+02 5.200000e+01 4.200000e+02
      vertex   1.865625e+02 4.786348e+01 4.200000e+02
      vertex   1.866389e+02 4.724482e+01 4.200000e+02
    endloop
  endfacet
  facet normal 0.000000e+00 0.000000e+00 1.000000e+00
    outer loop
      vertex   1.930000e+02 5.200000e+01 4.200000e+02
      vertex   1.866389e+02 4.724482e+01 4.200000e+02
      vertex   1.866847e+02 4.662316e+01 4.200000e+02
    endloop
  endfacet
endsolid
