solid ASCII
  facet normal -4.210091e-02 2.460205e-09 9.991134e-01
    outer loop
      vertex   -2.063730e+02 3.250002e+01 2.200000e+02
      vertex   -2.063730e+02 4.250002e+01 2.200000e+02
      vertex   -2.066254e+02 3.750002e+01 2.199894e+02
    endloop
  endfacet
  facet normal -4.210091e-02 2.460200e-09 9.991134e-01
    outer loop
      vertex   -2.066254e+02 3.750002e+01 2.199894e+02
      vertex   -2.063730e+02 4.250002e+01 2.200000e+02
      vertex   -2.066254e+02 4.250002e+01 2.199894e+02
    endloop
  endfacet
  facet normal -1.260042e-01 7.363168e-09 9.920297e-01
    outer loop
      vertex   -2.066254e+02 3.750002e+01 2.199894e+02
      vertex   -2.066254e+02 4.250002e+01 2.199894e+02
      vertex   -2.068760e+02 3.750002e+01 2.199575e+02
    endloop
  endfacet
  facet normal -1.260042e-01 7.363174e-09 9.920297e-01
    outer loop
      vertex   -2.068760e+02 3.750002e+01 2.199575e+02
      vertex   -2.066254e+02 4.250002e+01 2.199894e+02
      vertex   -2.068760e+02 4.250002e+01 2.199575e+02
    endloop
  endfacet
  facet normal -2.090142e-01 1.221394e-08 9.779126e-01
    outer loop
      vertex   -2.068760e+02 3.750002e+01 2.199575e+02
      vertex   -2.068760e+02 4.250002e+01 2.199575e+02
      vertex   -2.071230e+02 3.750002e+01 2.199047e+02
    endloop
  endfacet
  facet normal -2.090142e-01 1.221394e-08 9.779126e-01
    outer loop
      vertex   -2.071230e+02 3.750002e+01 2.199047e+02
      vertex   -2.068760e+02 4.250002e+01 2.199575e+02
      vertex   -2.071230e+02 4.250002e+01 2.199047e+02
    endloop
  endfacet
  facet normal -2.905422e-01 1.697810e-08 9.568622e-01
    outer loop
      vertex   -2.071230e+02 3.750002e+01 2.199047e+02
      vertex   -2.071230e+02 4.250002e+01 2.199047e+02
      vertex   -2.073647e+02 3.750002e+01 2.198313e+02
    endloop
  endfacet
  facet normal -2.905422e-01 1.697810e-08 9.568622e-01
    outer loop
      vertex   -2.073647e+02 3.750002e+01 2.198313e+02
      vertex   -2.071230e+02 4.250002e+01 2.199047e+02
      vertex   -2.073647e+02 4.250002e+01 2.198313e+02
    endloop
  endfacet
  facet normal -3.700104e-01 2.162190e-08 9.290276e-01
    outer loop
      vertex   -2.073647e+02 3.750002e+01 2.198313e+02
      vertex   -2.073647e+02 4.250002e+01 2.198313e+02
      vertex   -2.075994e+02 3.750002e+01 2.197379e+02
    endloop
  endfacet
  facet normal -3.700104e-01 2.162190e-08 9.290276e-01
    outer loop
      vertex   -2.075994e+02 3.750002e+01 2.197379e+02
      vertex   -2.073647e+02 4.250002e+01 2.198313e+02
      vertex   -2.075994e+02 4.250002e+01 2.197379e+02
    endloop
  endfacet
  facet normal -4.468551e-01 2.611240e-08 8.946063e-01
    outer loop
      vertex   -2.075994e+02 3.750002e+01 2.197379e+02
      vertex   -2.075994e+02 4.250002e+01 2.197379e+02
      vertex   -2.078253e+02 4.250002e+01 2.196250e+02
    endloop
  endfacet
  facet normal -4.468551e-01 2.611240e-08 8.946063e-01
    outer loop
      vertex   -2.078253e+02 4.250002e+01 2.196250e+02
      vertex   -2.078253e+02 3.250002e+01 2.196250e+02
      vertex   -2.075994e+02 3.750002e+01 2.197379e+02
    endloop
  endfacet
  facet normal -4.468551e-01 2.611239e-08 8.946063e-01
    outer loop
      vertex   -2.075994e+02 3.750002e+01 2.197379e+02
      vertex   -2.078253e+02 3.250002e+01 2.196250e+02
      vertex   -2.075994e+02 3.250002e+01 2.197379e+02
    endloop
  endfacet
  facet normal -3.700104e-01 2.162190e-08 9.290276e-01
    outer loop
      vertex   -2.075994e+02 3.750002e+01 2.197379e+02
      vertex   -2.075994e+02 3.250002e+01 2.197379e+02
      vertex   -2.073647e+02 3.750002e+01 2.198313e+02
    endloop
  endfacet
  facet normal -3.700104e-01 2.162190e-08 9.290276e-01
    outer loop
      vertex   -2.073647e+02 3.750002e+01 2.198313e+02
      vertex   -2.075994e+02 3.250002e+01 2.197379e+02
      vertex   -2.073647e+02 3.250002e+01 2.198313e+02
    endloop
  endfacet
  facet normal -2.905422e-01 1.697810e-08 9.568622e-01
    outer loop
      vertex   -2.073647e+02 3.750002e+01 2.198313e+02
      vertex   -2.073647e+02 3.250002e+01 2.198313e+02
      vertex   -2.071230e+02 3.750002e+01 2.199047e+02
    endloop
  endfacet
  facet normal -2.905422e-01 1.697811e-08 9.568622e-01
    outer loop
      vertex   -2.071230e+02 3.750002e+01 2.199047e+02
      vertex   -2.073647e+02 3.250002e+01 2.198313e+02
      vertex   -2.071230e+02 3.250002e+01 2.199047e+02
    endloop
  endfacet
  facet normal -2.090142e-01 1.221394e-08 9.779126e-01
    outer loop
      vertex   -2.071230e+02 3.750002e+01 2.199047e+02
      vertex   -2.071230e+02 3.250002e+01 2.199047e+02
      vertex   -2.068760e+02 3.750002e+01 2.199575e+02
    endloop
  endfacet
  facet normal -2.090142e-01 1.221394e-08 9.779126e-01
    outer loop
      vertex   -2.068760e+02 3.750002e+01 2.199575e+02
      vertex   -2.071230e+02 3.250002e+01 2.199047e+02
      vertex   -2.068760e+02 3.250002e+01 2.199575e+02
    endloop
  endfacet
  facet normal -1.260042e-01 7.363173e-09 9.920297e-01
    outer loop
      vertex   -2.068760e+02 3.750002e+01 2.199575e+02
      vertex   -2.068760e+02 3.250002e+01 2.199575e+02
      vertex   -2.066254e+02 3.750002e+01 2.199894e+02
    endloop
  endfacet
  facet normal -1.260042e-01 7.363174e-09 9.920297e-01
    outer loop
      vertex   -2.066254e+02 3.750002e+01 2.199894e+02
      vertex   -2.068760e+02 3.250002e+01 2.199575e+02
      vertex   -2.066254e+02 3.250002e+01 2.199894e+02
    endloop
  endfacet
  facet normal -4.210091e-02 2.460206e-09 9.991134e-01
    outer loop
      vertex   -2.066254e+02 3.750002e+01 2.199894e+02
      vertex   -2.066254e+02 3.250002e+01 2.199894e+02
      vertex   -2.063730e+02 3.250002e+01 2.200000e+02
    endloop
  endfacet
  facet normal -0.000000e+00 0.000000e+00 1.000000e+00
    outer loop
      vertex   -2.063730e+02 3.250002e+01 2.200000e+02
      vertex   -1.630000e+02 3.250002e+01 2.200000e+02
      vertex   -2.063730e+02 4.250002e+01 2.200000e+02
    endloop
  endfacet
  facet normal 0.000000e+00 0.000000e+00 1.000000e+00
    outer loop
      vertex   -2.063730e+02 4.250002e+01 2.200000e+02
      vertex   -1.630000e+02 3.250002e+01 2.200000e+02
      vertex   -1.630000e+02 4.250002e+01 2.200000e+02
    endloop
  endfacet
  facet normal -5.283003e-08 -1.000000e+00 -5.089642e-07
    outer loop
      vertex   -1.975117e+02 3.250002e+01 2.096588e+02
      vertex   -1.775971e+02 3.250002e+01 2.098781e+02
      vertex   -1.975000e+02 3.250002e+01 2.100000e+02
    endloop
  endfacet
  facet normal -4.971360e-08 -1.000000e+00 0.000000e+00
    outer loop
      vertex   -1.975000e+02 3.250002e+01 2.100000e+02
      vertex   -1.775971e+02 3.250002e+01 2.098781e+02
      vertex   -1.775971e+02 3.250002e+01 2.101219e+02
    endloop
  endfacet
  facet normal -5.283008e-08 -1.000000e+00 5.089642e-07
    outer loop
      vertex   -1.975000e+02 3.250002e+01 2.100000e+02
      vertex   -1.775971e+02 3.250002e+01 2.101219e+02
      vertex   -1.975117e+02 3.250002e+01 2.103412e+02
    endloop
  endfacet
  facet normal -5.843593e-08 -1.000000e+00 -1.012325e-14
    outer loop
      vertex   -1.975117e+02 3.250002e+01 2.103412e+02
      vertex   -1.775971e+02 3.250002e+01 2.101219e+02
      vertex   -1.775743e+02 3.250002e+01 2.103645e+02
    endloop
  endfacet
  facet normal -5.843593e-08 -1.000000e+00 -2.184024e-15
    outer loop
      vertex   -1.975117e+02 3.250002e+01 2.103412e+02
      vertex   -1.775743e+02 3.250002e+01 2.103645e+02
      vertex   -1.975466e+02 3.250002e+01 2.106808e+02
    endloop
  endfacet
  facet normal -5.843593e-08 -1.000000e+00 -7.563354e-15
    outer loop
      vertex   -1.975466e+02 3.250002e+01 2.106808e+02
      vertex   -1.775743e+02 3.250002e+01 2.103645e+02
      vertex   -1.775289e+02 3.250002e+01 2.106040e+02
    endloop
  endfacet
  facet normal -5.843593e-08 -1.000000e+00 5.207695e-15
    outer loop
      vertex   -1.975466e+02 3.250002e+01 2.106808e+02
      vertex   -1.775289e+02 3.250002e+01 2.106040e+02
      vertex   -1.976046e+02 3.250002e+01 2.110173e+02
    endloop
  endfacet
  facet normal -5.843593e-08 -1.000000e+00 6.170028e-15
    outer loop
      vertex   -1.976046e+02 3.250002e+01 2.110173e+02
      vertex   -1.775289e+02 3.250002e+01 2.106040e+02
      vertex   -1.774612e+02 3.250002e+01 2.108382e+02
    endloop
  endfacet
  facet normal -5.843593e-08 -1.000000e+00 -5.342678e-15
    outer loop
      vertex   -1.976046e+02 3.250002e+01 2.110173e+02
      vertex   -1.774612e+02 3.250002e+01 2.108382e+02
      vertex   -1.773719e+02 3.250002e+01 2.110649e+02
    endloop
  endfacet
  facet normal -5.843593e-08 -1.000000e+00 1.012325e-14
    outer loop
      vertex   -1.775971e+02 3.250002e+01 2.098781e+02
      vertex   -1.975117e+02 3.250002e+01 2.096588e+02
      vertex   -1.775743e+02 3.250002e+01 2.096355e+02
    endloop
  endfacet
  facet normal -5.843593e-08 -1.000000e+00 2.184024e-15
    outer loop
      vertex   -1.775743e+02 3.250002e+01 2.096355e+02
      vertex   -1.975117e+02 3.250002e+01 2.096588e+02
      vertex   -1.975466e+02 3.250002e+01 2.093192e+02
    endloop
  endfacet
  facet normal -5.843593e-08 -1.000000e+00 7.563355e-15
    outer loop
      vertex   -1.775743e+02 3.250002e+01 2.096355e+02
      vertex   -1.975466e+02 3.250002e+01 2.093192e+02
      vertex   -1.775289e+02 3.250002e+01 2.093960e+02
    endloop
  endfacet
  facet normal -5.843593e-08 -1.000000e+00 -5.207695e-15
    outer loop
      vertex   -1.775289e+02 3.250002e+01 2.093960e+02
      vertex   -1.975466e+02 3.250002e+01 2.093192e+02
      vertex   -1.976046e+02 3.250002e+01 2.089827e+02
    endloop
  endfacet
  facet normal -5.843593e-08 -1.000000e+00 -6.170027e-15
    outer loop
      vertex   -1.775289e+02 3.250002e+01 2.093960e+02
      vertex   -1.976046e+02 3.250002e+01 2.089827e+02
      vertex   -1.774612e+02 3.250002e+01 2.091619e+02
    endloop
  endfacet
  facet normal -5.843593e-08 -1.000000e+00 5.342678e-15
    outer loop
      vertex   -1.774612e+02 3.250002e+01 2.091619e+02
      vertex   -1.976046e+02 3.250002e+01 2.089827e+02
      vertex   -1.773719e+02 3.250002e+01 2.089351e+02
    endloop
  endfacet
  facet normal -5.843593e-08 -1.000000e+00 2.260651e-14
    outer loop
      vertex   -1.773719e+02 3.250002e+01 2.089351e+02
      vertex   -1.976046e+02 3.250002e+01 2.089827e+02
      vertex   -1.976854e+02 3.250002e+01 2.086510e+02
    endloop
  endfacet
  facet normal -5.843593e-08 -1.000000e+00 -1.278430e-14
    outer loop
      vertex   -1.773719e+02 3.250002e+01 2.089351e+02
      vertex   -1.976854e+02 3.250002e+01 2.086510e+02
      vertex   -1.772618e+02 3.250002e+01 2.087176e+02
    endloop
  endfacet
  facet normal -5.843593e-08 -1.000000e+00 -2.629715e-14
    outer loop
      vertex   -1.772618e+02 3.250002e+01 2.087176e+02
      vertex   -1.976854e+02 3.250002e+01 2.086510e+02
      vertex   -1.977887e+02 3.250002e+01 2.083256e+02
    endloop
  endfacet
  facet normal -5.843593e-08 -1.000000e+00 -1.396686e-14
    outer loop
      vertex   -1.772618e+02 3.250002e+01 2.087176e+02
      vertex   -1.977887e+02 3.250002e+01 2.083256e+02
      vertex   -1.771317e+02 3.250002e+01 2.085115e+02
    endloop
  endfacet
  facet normal -5.843593e-08 -1.000000e+00 5.399715e-15
    outer loop
      vertex   -1.771317e+02 3.250002e+01 2.085115e+02
      vertex   -1.977887e+02 3.250002e+01 2.083256e+02
      vertex   -1.979139e+02 3.250002e+01 2.080080e+02
    endloop
  endfacet
  facet normal -5.843593e-08 -1.000000e+00 -1.134658e-14
    outer loop
      vertex   -1.771317e+02 3.250002e+01 2.085115e+02
      vertex   -1.979139e+02 3.250002e+01 2.080080e+02
      vertex   -1.769830e+02 3.250002e+01 2.083184e+02
    endloop
  endfacet
  facet normal -5.843593e-08 -1.000000e+00 1.822799e-15
    outer loop
      vertex   -1.769830e+02 3.250002e+01 2.083184e+02
      vertex   -1.979139e+02 3.250002e+01 2.080080e+02
      vertex   -1.980606e+02 3.250002e+01 2.076997e+02
    endloop
  endfacet
  facet normal -5.843593e-08 -1.000000e+00 -5.925641e-15
    outer loop
      vertex   -1.769830e+02 3.250002e+01 2.083184e+02
      vertex   -1.980606e+02 3.250002e+01 2.076997e+02
      vertex   -1.768168e+02 3.250002e+01 2.081401e+02
    endloop
  endfacet
  facet normal -5.843593e-08 -1.000000e+00 1.020908e-14
    outer loop
      vertex   -1.768168e+02 3.250002e+01 2.081401e+02
      vertex   -1.980606e+02 3.250002e+01 2.076997e+02
      vertex   -1.982279e+02 3.250002e+01 2.074021e+02
    endloop
  endfacet
  facet normal -5.843593e-08 -1.000000e+00 -1.861573e-14
    outer loop
      vertex   -1.768168e+02 3.250002e+01 2.081401e+02
      vertex   -1.982279e+02 3.250002e+01 2.074021e+02
      vertex   -1.766347e+02 3.250002e+01 2.079781e+02
    endloop
  endfacet
  facet normal -5.843593e-08 -1.000000e+00 1.474746e-14
    outer loop
      vertex   -1.766347e+02 3.250002e+01 2.079781e+02
      vertex   -1.982279e+02 3.250002e+01 2.074021e+02
      vertex   -1.984151e+02 3.250002e+01 2.071166e+02
    endloop
  endfacet
  facet normal -5.843593e-08 -1.000000e+00 3.543188e-14
    outer loop
      vertex   -1.766347e+02 3.250002e+01 2.079781e+02
      vertex   -1.984151e+02 3.250002e+01 2.071166e+02
      vertex   -1.764381e+02 3.250002e+01 2.078340e+02
    endloop
  endfacet
  facet normal -5.843593e-08 -1.000000e+00 2.152028e-14
    outer loop
      vertex   -1.764381e+02 3.250002e+01 2.078340e+02
      vertex   -1.984151e+02 3.250002e+01 2.071166e+02
      vertex   -1.986214e+02 3.250002e+01 2.068446e+02
    endloop
  endfacet
  facet normal -5.843593e-08 -1.000000e+00 -1.727779e-14
    outer loop
      vertex   -1.764381e+02 3.250002e+01 2.078340e+02
      vertex   -1.986214e+02 3.250002e+01 2.068446e+02
      vertex   -1.762290e+02 3.250002e+01 2.077088e+02
    endloop
  endfacet
  facet normal -5.843593e-08 -1.000000e+00 -6.462532e-15
    outer loop
      vertex   -1.762290e+02 3.250002e+01 2.077088e+02
      vertex   -1.986214e+02 3.250002e+01 2.068446e+02
      vertex   -1.988458e+02 3.250002e+01 2.065872e+02
    endloop
  endfacet
  facet normal -5.843593e-08 -1.000000e+00 3.355062e-15
    outer loop
      vertex   -1.762290e+02 3.250002e+01 2.077088e+02
      vertex   -1.988458e+02 3.250002e+01 2.065872e+02
      vertex   -1.990872e+02 3.250002e+01 2.063458e+02
    endloop
  endfacet
  facet normal -5.843593e-08 -1.000000e+00 -1.539435e-14
    outer loop
      vertex   -1.762290e+02 3.250002e+01 2.077088e+02
      vertex   -1.990872e+02 3.250002e+01 2.063458e+02
      vertex   -1.760090e+02 3.250002e+01 2.076038e+02
    endloop
  endfacet
  facet normal -5.843593e-08 -1.000000e+00 -1.717750e-14
    outer loop
      vertex   -1.760090e+02 3.250002e+01 2.076038e+02
      vertex   -1.990872e+02 3.250002e+01 2.063458e+02
      vertex   -1.993446e+02 3.250002e+01 2.061214e+02
    endloop
  endfacet
  facet normal -5.843593e-08 -1.000000e+00 -3.226645e-14
    outer loop
      vertex   -1.760090e+02 3.250002e+01 2.076038e+02
      vertex   -1.993446e+02 3.250002e+01 2.061214e+02
      vertex   -1.757802e+02 3.250002e+01 2.075198e+02
    endloop
  endfacet
  facet normal -5.843593e-08 -1.000000e+00 2.981817e-14
    outer loop
      vertex   -1.757802e+02 3.250002e+01 2.075198e+02
      vertex   -1.993446e+02 3.250002e+01 2.061214e+02
      vertex   -1.996166e+02 3.250002e+01 2.059152e+02
    endloop
  endfacet
  facet normal -5.843593e-08 -1.000000e+00 -5.004975e-15
    outer loop
      vertex   -1.757802e+02 3.250002e+01 2.075198e+02
      vertex   -1.996166e+02 3.250002e+01 2.059152e+02
      vertex   -1.999021e+02 3.250002e+01 2.057279e+02
    endloop
  endfacet
  facet normal -5.843593e-08 -1.000000e+00 3.340013e-16
    outer loop
      vertex   -1.757802e+02 3.250002e+01 2.075198e+02
      vertex   -1.999021e+02 3.250002e+01 2.057279e+02
      vertex   -1.755445e+02 3.250002e+01 2.074577e+02
    endloop
  endfacet
  facet normal -5.843593e-08 -1.000000e+00 1.298930e-14
    outer loop
      vertex   -1.755445e+02 3.250002e+01 2.074577e+02
      vertex   -1.999021e+02 3.250002e+01 2.057279e+02
      vertex   -2.001997e+02 3.250002e+01 2.055606e+02
    endloop
  endfacet
  facet normal -5.843593e-08 -1.000000e+00 2.785569e-14
    outer loop
      vertex   -1.755445e+02 3.250002e+01 2.074577e+02
      vertex   -2.001997e+02 3.250002e+01 2.055606e+02
      vertex   -2.005080e+02 3.250002e+01 2.054139e+02
    endloop
  endfacet
  facet normal -8.051252e-08 -1.000000e+00 5.598241e-08
    outer loop
      vertex   -2.008256e+02 3.250002e+01 2.052887e+02
      vertex   -2.063730e+02 3.250002e+01 2.000000e+02
      vertex   -2.005080e+02 3.250002e+01 2.054139e+02
    endloop
  endfacet
  facet normal -5.843575e-08 -1.000000e+00 3.206639e-08
    outer loop
      vertex   -2.005080e+02 3.250002e+01 2.054139e+02
      vertex   -2.063730e+02 3.250002e+01 2.000000e+02
      vertex   -1.630000e+02 3.250002e+01 2.000000e+02
    endloop
  endfacet
  facet normal -6.011099e-08 -1.000000e+00 2.046030e-08
    outer loop
      vertex   -2.005080e+02 3.250002e+01 2.054139e+02
      vertex   -1.630000e+02 3.250002e+01 2.000000e+02
      vertex   -1.755445e+02 3.250002e+01 2.074577e+02
    endloop
  endfacet
  facet normal -5.309260e-08 -1.000000e+00 3.226593e-08
    outer loop
      vertex   -1.755445e+02 3.250002e+01 2.074577e+02
      vertex   -1.630000e+02 3.250002e+01 2.000000e+02
      vertex   -1.753041e+02 3.250002e+01 2.074178e+02
    endloop
  endfacet
  facet normal -5.656901e-08 -1.000000e+00 2.649957e-08
    outer loop
      vertex   -1.753041e+02 3.250002e+01 2.074178e+02
      vertex   -1.630000e+02 3.250002e+01 2.000000e+02
      vertex   -1.750610e+02 3.250002e+01 2.074007e+02
    endloop
  endfacet
  facet normal -5.896573e-08 -1.000000e+00 2.259362e-08
    outer loop
      vertex   -1.750610e+02 3.250002e+01 2.074007e+02
      vertex   -1.630000e+02 3.250002e+01 2.000000e+02
      vertex   -1.748173e+02 3.250002e+01 2.074064e+02
    endloop
  endfacet
  facet normal -6.746632e-08 -1.000000e+00 9.030567e-09
    outer loop
      vertex   -1.748173e+02 3.250002e+01 2.074064e+02
      vertex   -1.630000e+02 3.250002e+01 2.000000e+02
      vertex   -1.600000e+02 3.250002e+01 2.030000e+02
    endloop
  endfacet
  facet normal -6.175935e-08 -1.000000e+00 2.822112e-08
    outer loop
      vertex   -1.748173e+02 3.250002e+01 2.074064e+02
      vertex   -1.600000e+02 3.250002e+01 2.030000e+02
      vertex   -1.745752e+02 3.250002e+01 2.074349e+02
    endloop
  endfacet
  facet normal -5.853364e-08 -1.000000e+00 3.882226e-08
    outer loop
      vertex   -1.745752e+02 3.250002e+01 2.074349e+02
      vertex   -1.600000e+02 3.250002e+01 2.030000e+02
      vertex   -1.655445e+02 3.250002e+01 2.074577e+02
    endloop
  endfacet
  facet normal -5.843593e-08 -1.000000e+00 -9.808674e-14
    outer loop
      vertex   -1.745752e+02 3.250002e+01 2.074349e+02
      vertex   -1.655445e+02 3.250002e+01 2.074577e+02
      vertex   -1.743369e+02 3.250002e+01 2.074860e+02
    endloop
  endfacet
  facet normal -5.843593e-08 -1.000000e+00 2.505560e-14
    outer loop
      vertex   -1.743369e+02 3.250002e+01 2.074860e+02
      vertex   -1.655445e+02 3.250002e+01 2.074577e+02
      vertex   -1.657802e+02 3.250002e+01 2.075198e+02
    endloop
  endfacet
  facet normal -5.843593e-08 -1.000000e+00 6.294837e-14
    outer loop
      vertex   -1.743369e+02 3.250002e+01 2.074860e+02
      vertex   -1.657802e+02 3.250002e+01 2.075198e+02
      vertex   -1.741044e+02 3.250002e+01 2.075591e+02
    endloop
  endfacet
  facet normal -5.843593e-08 -1.000000e+00 -2.071287e-14
    outer loop
      vertex   -1.741044e+02 3.250002e+01 2.075591e+02
      vertex   -1.657802e+02 3.250002e+01 2.075198e+02
      vertex   -1.660090e+02 3.250002e+01 2.076038e+02
    endloop
  endfacet
  facet normal -5.843593e-08 -1.000000e+00 1.157895e-14
    outer loop
      vertex   -1.741044e+02 3.250002e+01 2.075591e+02
      vertex   -1.660090e+02 3.250002e+01 2.076038e+02
      vertex   -1.738798e+02 3.250002e+01 2.076537e+02
    endloop
  endfacet
  facet normal -5.843593e-08 -1.000000e+00 -4.896425e-15
    outer loop
      vertex   -1.738798e+02 3.250002e+01 2.076537e+02
      vertex   -1.660090e+02 3.250002e+01 2.076038e+02
      vertex   -1.662290e+02 3.250002e+01 2.077088e+02
    endloop
  endfacet
  facet normal -5.843593e-08 -1.000000e+00 -2.387826e-14
    outer loop
      vertex   -1.738798e+02 3.250002e+01 2.076537e+02
      vertex   -1.662290e+02 3.250002e+01 2.077088e+02
      vertex   -1.736650e+02 3.250002e+01 2.077689e+02
    endloop
  endfacet
  facet normal -5.843593e-08 -1.000000e+00 -8.102636e-15
    outer loop
      vertex   -1.736650e+02 3.250002e+01 2.077689e+02
      vertex   -1.662290e+02 3.250002e+01 2.077088e+02
      vertex   -1.664381e+02 3.250002e+01 2.078340e+02
    endloop
  endfacet
  facet normal -5.843593e-08 -1.000000e+00 3.005281e-14
    outer loop
      vertex   -1.736650e+02 3.250002e+01 2.077689e+02
      vertex   -1.664381e+02 3.250002e+01 2.078340e+02
      vertex   -1.734619e+02 3.250002e+01 2.079037e+02
    endloop
  endfacet
  facet normal -5.843593e-08 -1.000000e+00 -4.320767e-15
    outer loop
      vertex   -1.734619e+02 3.250002e+01 2.079037e+02
      vertex   -1.664381e+02 3.250002e+01 2.078340e+02
      vertex   -1.666347e+02 3.250002e+01 2.079781e+02
    endloop
  endfacet
  facet normal -5.843593e-08 -1.000000e+00 -1.721271e-15
    outer loop
      vertex   -1.734619e+02 3.250002e+01 2.079037e+02
      vertex   -1.666347e+02 3.250002e+01 2.079781e+02
      vertex   -1.732724e+02 3.250002e+01 2.080570e+02
    endloop
  endfacet
  facet normal -5.843593e-08 -1.000000e+00 3.161052e-14
    outer loop
      vertex   -1.732724e+02 3.250002e+01 2.080570e+02
      vertex   -1.666347e+02 3.250002e+01 2.079781e+02
      vertex   -1.668168e+02 3.250002e+01 2.081401e+02
    endloop
  endfacet
  facet normal -5.843593e-08 -1.000000e+00 -1.407964e-14
    outer loop
      vertex   -1.732724e+02 3.250002e+01 2.080570e+02
      vertex   -1.668168e+02 3.250002e+01 2.081401e+02
      vertex   -1.730980e+02 3.250002e+01 2.082273e+02
    endloop
  endfacet
  facet normal -5.843593e-08 -1.000000e+00 -3.968003e-14
    outer loop
      vertex   -1.730980e+02 3.250002e+01 2.082273e+02
      vertex   -1.668168e+02 3.250002e+01 2.081401e+02
      vertex   -1.669830e+02 3.250002e+01 2.083184e+02
    endloop
  endfacet
  facet normal -5.843593e-08 -1.000000e+00 1.760919e-15
    outer loop
      vertex   -1.730980e+02 3.250002e+01 2.082273e+02
      vertex   -1.669830e+02 3.250002e+01 2.083184e+02
      vertex   -1.729404e+02 3.250002e+01 2.084132e+02
    endloop
  endfacet
  facet normal -5.843593e-08 -1.000000e+00 3.039383e-14
    outer loop
      vertex   -1.729404e+02 3.250002e+01 2.084132e+02
      vertex   -1.669830e+02 3.250002e+01 2.083184e+02
      vertex   -1.671317e+02 3.250002e+01 2.085115e+02
    endloop
  endfacet
  facet normal -5.843593e-08 -1.000000e+00 2.086677e-15
    outer loop
      vertex   -1.729404e+02 3.250002e+01 2.084132e+02
      vertex   -1.671317e+02 3.250002e+01 2.085115e+02
      vertex   -1.728008e+02 3.250002e+01 2.086130e+02
    endloop
  endfacet
  facet normal -5.843593e-08 -1.000000e+00 -9.607327e-15
    outer loop
      vertex   -1.728008e+02 3.250002e+01 2.086130e+02
      vertex   -1.671317e+02 3.250002e+01 2.085115e+02
      vertex   -1.672618e+02 3.250002e+01 2.087176e+02
    endloop
  endfacet
  facet normal -5.843593e-08 -1.000000e+00 -2.354320e-15
    outer loop
      vertex   -1.728008e+02 3.250002e+01 2.086130e+02
      vertex   -1.672618e+02 3.250002e+01 2.087176e+02
      vertex   -1.726806e+02 3.250002e+01 2.088251e+02
    endloop
  endfacet
  facet normal -5.843593e-08 -1.000000e+00 -9.520949e-15
    outer loop
      vertex   -1.726806e+02 3.250002e+01 2.088251e+02
      vertex   -1.672618e+02 3.250002e+01 2.087176e+02
      vertex   -1.673719e+02 3.250002e+01 2.089351e+02
    endloop
  endfacet
  facet normal -5.843593e-08 -1.000000e+00 1.353962e-14
    outer loop
      vertex   -1.726806e+02 3.250002e+01 2.088251e+02
      vertex   -1.673719e+02 3.250002e+01 2.089351e+02
      vertex   -1.725808e+02 3.250002e+01 2.090474e+02
    endloop
  endfacet
  facet normal -5.843593e-08 -1.000000e+00 7.853690e-15
    outer loop
      vertex   -1.725808e+02 3.250002e+01 2.090474e+02
      vertex   -1.673719e+02 3.250002e+01 2.089351e+02
      vertex   -1.674612e+02 3.250002e+01 2.091619e+02
    endloop
  endfacet
  facet normal -5.843593e-08 -1.000000e+00 -1.022568e-14
    outer loop
      vertex   -1.725808e+02 3.250002e+01 2.090474e+02
      vertex   -1.674612e+02 3.250002e+01 2.091619e+02
      vertex   -1.725022e+02 3.250002e+01 2.092781e+02
    endloop
  endfacet
  facet normal -5.843593e-08 -1.000000e+00 -4.199664e-15
    outer loop
      vertex   -1.725022e+02 3.250002e+01 2.092781e+02
      vertex   -1.674612e+02 3.250002e+01 2.091619e+02
      vertex   -1.675289e+02 3.250002e+01 2.093960e+02
    endloop
  endfacet
  facet normal -5.843593e-08 -1.000000e+00 6.949251e-15
    outer loop
      vertex   -1.725022e+02 3.250002e+01 2.092781e+02
      vertex   -1.675289e+02 3.250002e+01 2.093960e+02
      vertex   -1.724456e+02 3.250002e+01 2.095152e+02
    endloop
  endfacet
  facet normal -5.843593e-08 -1.000000e+00 8.828856e-15
    outer loop
      vertex   -1.724456e+02 3.250002e+01 2.095152e+02
      vertex   -1.675289e+02 3.250002e+01 2.093960e+02
      vertex   -1.675743e+02 3.250002e+01 2.096355e+02
    endloop
  endfacet
  facet normal -5.843593e-08 -1.000000e+00 -1.291075e-14
    outer loop
      vertex   -1.724456e+02 3.250002e+01 2.095152e+02
      vertex   -1.675743e+02 3.250002e+01 2.096355e+02
      vertex   -1.724114e+02 3.250002e+01 2.097565e+02
    endloop
  endfacet
  facet normal -5.843593e-08 -1.000000e+00 1.084792e-14
    outer loop
      vertex   -1.724114e+02 3.250002e+01 2.097565e+02
      vertex   -1.675743e+02 3.250002e+01 2.096355e+02
      vertex   -1.675971e+02 3.250002e+01 2.098781e+02
    endloop
  endfacet
  facet normal -5.843593e-08 -1.000000e+00 2.403268e-15
    outer loop
      vertex   -1.724114e+02 3.250002e+01 2.097565e+02
      vertex   -1.675971e+02 3.250002e+01 2.098781e+02
      vertex   -1.724000e+02 3.250002e+01 2.100000e+02
    endloop
  endfacet
  facet normal -5.843593e-08 -1.000000e+00 0.000000e+00
    outer loop
      vertex   -1.724000e+02 3.250002e+01 2.100000e+02
      vertex   -1.675971e+02 3.250002e+01 2.098781e+02
      vertex   -1.675971e+02 3.250002e+01 2.101219e+02
    endloop
  endfacet
  facet normal -5.843593e-08 -1.000000e+00 -2.403268e-15
    outer loop
      vertex   -1.724000e+02 3.250002e+01 2.100000e+02
      vertex   -1.675971e+02 3.250002e+01 2.101219e+02
      vertex   -1.724114e+02 3.250002e+01 2.102435e+02
    endloop
  endfacet
  facet normal -5.843593e-08 -1.000000e+00 -1.084792e-14
    outer loop
      vertex   -1.724114e+02 3.250002e+01 2.102435e+02
      vertex   -1.675971e+02 3.250002e+01 2.101219e+02
      vertex   -1.675743e+02 3.250002e+01 2.103645e+02
    endloop
  endfacet
  facet normal -5.843593e-08 -1.000000e+00 1.291075e-14
    outer loop
      vertex   -1.724114e+02 3.250002e+01 2.102435e+02
      vertex   -1.675743e+02 3.250002e+01 2.103645e+02
      vertex   -1.724456e+02 3.250002e+01 2.104848e+02
    endloop
  endfacet
  facet normal -5.843593e-08 -1.000000e+00 -8.828856e-15
    outer loop
      vertex   -1.724456e+02 3.250002e+01 2.104848e+02
      vertex   -1.675743e+02 3.250002e+01 2.103645e+02
      vertex   -1.675289e+02 3.250002e+01 2.106040e+02
    endloop
  endfacet
  facet normal -5.843593e-08 -1.000000e+00 -6.949251e-15
    outer loop
      vertex   -1.724456e+02 3.250002e+01 2.104848e+02
      vertex   -1.675289e+02 3.250002e+01 2.106040e+02
      vertex   -1.725022e+02 3.250002e+01 2.107219e+02
    endloop
  endfacet
  facet normal -5.843593e-08 -1.000000e+00 4.199664e-15
    outer loop
      vertex   -1.725022e+02 3.250002e+01 2.107219e+02
      vertex   -1.675289e+02 3.250002e+01 2.106040e+02
      vertex   -1.674612e+02 3.250002e+01 2.108382e+02
    endloop
  endfacet
  facet normal -5.843593e-08 -1.000000e+00 1.022568e-14
    outer loop
      vertex   -1.725022e+02 3.250002e+01 2.107219e+02
      vertex   -1.674612e+02 3.250002e+01 2.108382e+02
      vertex   -1.725808e+02 3.250002e+01 2.109526e+02
    endloop
  endfacet
  facet normal -5.843593e-08 -1.000000e+00 -7.853690e-15
    outer loop
      vertex   -1.725808e+02 3.250002e+01 2.109526e+02
      vertex   -1.674612e+02 3.250002e+01 2.108382e+02
      vertex   -1.673719e+02 3.250002e+01 2.110649e+02
    endloop
  endfacet
  facet normal -5.843593e-08 -1.000000e+00 -1.353962e-14
    outer loop
      vertex   -1.725808e+02 3.250002e+01 2.109526e+02
      vertex   -1.673719e+02 3.250002e+01 2.110649e+02
      vertex   -1.726806e+02 3.250002e+01 2.111749e+02
    endloop
  endfacet
  facet normal -5.843593e-08 -1.000000e+00 9.520949e-15
    outer loop
      vertex   -1.726806e+02 3.250002e+01 2.111749e+02
      vertex   -1.673719e+02 3.250002e+01 2.110649e+02
      vertex   -1.672618e+02 3.250002e+01 2.112824e+02
    endloop
  endfacet
  facet normal -5.843593e-08 -1.000000e+00 2.354320e-15
    outer loop
      vertex   -1.726806e+02 3.250002e+01 2.111749e+02
      vertex   -1.672618e+02 3.250002e+01 2.112824e+02
      vertex   -1.728008e+02 3.250002e+01 2.113870e+02
    endloop
  endfacet
  facet normal -5.843593e-08 -1.000000e+00 9.607327e-15
    outer loop
      vertex   -1.728008e+02 3.250002e+01 2.113870e+02
      vertex   -1.672618e+02 3.250002e+01 2.112824e+02
      vertex   -1.671317e+02 3.250002e+01 2.114885e+02
    endloop
  endfacet
  facet normal -5.843593e-08 -1.000000e+00 -2.086677e-15
    outer loop
      vertex   -1.728008e+02 3.250002e+01 2.113870e+02
      vertex   -1.671317e+02 3.250002e+01 2.114885e+02
      vertex   -1.729404e+02 3.250002e+01 2.115868e+02
    endloop
  endfacet
  facet normal -5.843593e-08 -1.000000e+00 -3.039383e-14
    outer loop
      vertex   -1.729404e+02 3.250002e+01 2.115868e+02
      vertex   -1.671317e+02 3.250002e+01 2.114885e+02
      vertex   -1.669830e+02 3.250002e+01 2.116816e+02
    endloop
  endfacet
  facet normal -5.843593e-08 -1.000000e+00 -1.760919e-15
    outer loop
      vertex   -1.729404e+02 3.250002e+01 2.115868e+02
      vertex   -1.669830e+02 3.250002e+01 2.116816e+02
      vertex   -1.730980e+02 3.250002e+01 2.117727e+02
    endloop
  endfacet
  facet normal -5.843593e-08 -1.000000e+00 3.968003e-14
    outer loop
      vertex   -1.730980e+02 3.250002e+01 2.117727e+02
      vertex   -1.669830e+02 3.250002e+01 2.116816e+02
      vertex   -1.668168e+02 3.250002e+01 2.118599e+02
    endloop
  endfacet
  facet normal -5.843593e-08 -1.000000e+00 1.407964e-14
    outer loop
      vertex   -1.730980e+02 3.250002e+01 2.117727e+02
      vertex   -1.668168e+02 3.250002e+01 2.118599e+02
      vertex   -1.732724e+02 3.250002e+01 2.119430e+02
    endloop
  endfacet
  facet normal -5.843593e-08 -1.000000e+00 -3.161052e-14
    outer loop
      vertex   -1.732724e+02 3.250002e+01 2.119430e+02
      vertex   -1.668168e+02 3.250002e+01 2.118599e+02
      vertex   -1.666347e+02 3.250002e+01 2.120219e+02
    endloop
  endfacet
  facet normal -5.843593e-08 -1.000000e+00 1.721271e-15
    outer loop
      vertex   -1.732724e+02 3.250002e+01 2.119430e+02
      vertex   -1.666347e+02 3.250002e+01 2.120219e+02
      vertex   -1.734619e+02 3.250002e+01 2.120963e+02
    endloop
  endfacet
  facet normal -5.843593e-08 -1.000000e+00 4.320767e-15
    outer loop
      vertex   -1.734619e+02 3.250002e+01 2.120963e+02
      vertex   -1.666347e+02 3.250002e+01 2.120219e+02
      vertex   -1.664381e+02 3.250002e+01 2.121660e+02
    endloop
  endfacet
  facet normal -5.843593e-08 -1.000000e+00 -3.005281e-14
    outer loop
      vertex   -1.734619e+02 3.250002e+01 2.120963e+02
      vertex   -1.664381e+02 3.250002e+01 2.121660e+02
      vertex   -1.736650e+02 3.250002e+01 2.122311e+02
    endloop
  endfacet
  facet normal -5.843593e-08 -1.000000e+00 8.102636e-15
    outer loop
      vertex   -1.736650e+02 3.250002e+01 2.122311e+02
      vertex   -1.664381e+02 3.250002e+01 2.121660e+02
      vertex   -1.662290e+02 3.250002e+01 2.122912e+02
    endloop
  endfacet
  facet normal -5.843593e-08 -1.000000e+00 2.387826e-14
    outer loop
      vertex   -1.736650e+02 3.250002e+01 2.122311e+02
      vertex   -1.662290e+02 3.250002e+01 2.122912e+02
      vertex   -1.738798e+02 3.250002e+01 2.123463e+02
    endloop
  endfacet
  facet normal -5.843593e-08 -1.000000e+00 4.896425e-15
    outer loop
      vertex   -1.738798e+02 3.250002e+01 2.123463e+02
      vertex   -1.662290e+02 3.250002e+01 2.122912e+02
      vertex   -1.660090e+02 3.250002e+01 2.123962e+02
    endloop
  endfacet
  facet normal -5.843593e-08 -1.000000e+00 -1.157895e-14
    outer loop
      vertex   -1.738798e+02 3.250002e+01 2.123463e+02
      vertex   -1.660090e+02 3.250002e+01 2.123962e+02
      vertex   -1.741044e+02 3.250002e+01 2.124409e+02
    endloop
  endfacet
  facet normal -5.843593e-08 -1.000000e+00 2.071287e-14
    outer loop
      vertex   -1.741044e+02 3.250002e+01 2.124409e+02
      vertex   -1.660090e+02 3.250002e+01 2.123962e+02
      vertex   -1.657802e+02 3.250002e+01 2.124802e+02
    endloop
  endfacet
  facet normal -5.843593e-08 -1.000000e+00 -6.294837e-14
    outer loop
      vertex   -1.741044e+02 3.250002e+01 2.124409e+02
      vertex   -1.657802e+02 3.250002e+01 2.124802e+02
      vertex   -1.743369e+02 3.250002e+01 2.125140e+02
    endloop
  endfacet
  facet normal -5.843593e-08 -1.000000e+00 -2.505560e-14
    outer loop
      vertex   -1.743369e+02 3.250002e+01 2.125140e+02
      vertex   -1.657802e+02 3.250002e+01 2.124802e+02
      vertex   -1.655445e+02 3.250002e+01 2.125423e+02
    endloop
  endfacet
  facet normal -5.843593e-08 -1.000000e+00 9.808674e-14
    outer loop
      vertex   -1.743369e+02 3.250002e+01 2.125140e+02
      vertex   -1.655445e+02 3.250002e+01 2.125423e+02
      vertex   -1.745752e+02 3.250002e+01 2.125651e+02
    endloop
  endfacet
  facet normal -5.853364e-08 -1.000000e+00 -3.882228e-08
    outer loop
      vertex   -1.745752e+02 3.250002e+01 2.125651e+02
      vertex   -1.655445e+02 3.250002e+01 2.125423e+02
      vertex   -1.600000e+02 3.250002e+01 2.170000e+02
    endloop
  endfacet
  facet normal -6.175935e-08 -1.000000e+00 -2.822113e-08
    outer loop
      vertex   -1.745752e+02 3.250002e+01 2.125651e+02
      vertex   -1.600000e+02 3.250002e+01 2.170000e+02
      vertex   -1.748173e+02 3.250002e+01 2.125936e+02
    endloop
  endfacet
  facet normal -6.746631e-08 -1.000000e+00 -9.030605e-09
    outer loop
      vertex   -1.748173e+02 3.250002e+01 2.125936e+02
      vertex   -1.600000e+02 3.250002e+01 2.170000e+02
      vertex   -1.630000e+02 3.250002e+01 2.200000e+02
    endloop
  endfacet
  facet normal -5.896574e-08 -1.000000e+00 -2.259365e-08
    outer loop
      vertex   -1.748173e+02 3.250002e+01 2.125936e+02
      vertex   -1.630000e+02 3.250002e+01 2.200000e+02
      vertex   -1.750610e+02 3.250002e+01 2.125993e+02
    endloop
  endfacet
  facet normal -5.656900e-08 -1.000000e+00 -2.649960e-08
    outer loop
      vertex   -1.750610e+02 3.250002e+01 2.125993e+02
      vertex   -1.630000e+02 3.250002e+01 2.200000e+02
      vertex   -1.753041e+02 3.250002e+01 2.125822e+02
    endloop
  endfacet
  facet normal -5.309260e-08 -1.000000e+00 -3.226597e-08
    outer loop
      vertex   -1.753041e+02 3.250002e+01 2.125822e+02
      vertex   -1.630000e+02 3.250002e+01 2.200000e+02
      vertex   -1.755445e+02 3.250002e+01 2.125423e+02
    endloop
  endfacet
  facet normal -6.011099e-08 -1.000000e+00 -2.046032e-08
    outer loop
      vertex   -1.755445e+02 3.250002e+01 2.125423e+02
      vertex   -1.630000e+02 3.250002e+01 2.200000e+02
      vertex   -2.005080e+02 3.250002e+01 2.145861e+02
    endloop
  endfacet
  facet normal -5.843593e-08 -1.000000e+00 -2.785569e-14
    outer loop
      vertex   -1.755445e+02 3.250002e+01 2.125423e+02
      vertex   -2.005080e+02 3.250002e+01 2.145861e+02
      vertex   -2.001997e+02 3.250002e+01 2.144394e+02
    endloop
  endfacet
  facet normal -7.405378e-08 -1.000000e+00 4.920775e-08
    outer loop
      vertex   -2.008256e+02 3.250002e+01 2.052887e+02
      vertex   -2.011510e+02 3.250002e+01 2.051854e+02
      vertex   -2.063730e+02 3.250002e+01 2.000000e+02
    endloop
  endfacet
  facet normal -6.924816e-08 -1.000000e+00 4.436826e-08
    outer loop
      vertex   -2.063730e+02 3.250002e+01 2.000000e+02
      vertex   -2.011510e+02 3.250002e+01 2.051854e+02
      vertex   -2.014827e+02 3.250002e+01 2.051046e+02
    endloop
  endfacet
  facet normal -6.546008e-08 -1.000000e+00 4.073922e-08
    outer loop
      vertex   -2.063730e+02 3.250002e+01 2.000000e+02
      vertex   -2.014827e+02 3.250002e+01 2.051046e+02
      vertex   -2.018192e+02 3.250002e+01 2.050466e+02
    endloop
  endfacet
  facet normal -6.233408e-08 -1.000000e+00 3.791845e-08
    outer loop
      vertex   -2.018192e+02 3.250002e+01 2.050466e+02
      vertex   -2.021588e+02 3.250002e+01 2.050117e+02
      vertex   -2.063730e+02 3.250002e+01 2.000000e+02
    endloop
  endfacet
  facet normal -5.965426e-08 -1.000000e+00 3.566505e-08
    outer loop
      vertex   -2.063730e+02 3.250002e+01 2.000000e+02
      vertex   -2.021588e+02 3.250002e+01 2.050117e+02
      vertex   -2.025000e+02 3.250002e+01 2.050000e+02
    endloop
  endfacet
  facet normal -4.804797e-08 -1.000000e+00 2.667486e-08
    outer loop
      vertex   -2.063730e+02 3.250002e+01 2.000000e+02
      vertex   -2.025000e+02 3.250002e+01 2.050000e+02
      vertex   -2.086750e+02 3.250002e+01 2.008968e+02
    endloop
  endfacet
  facet normal -4.389463e-08 -1.000000e+00 2.042445e-08
    outer loop
      vertex   -2.086750e+02 3.250002e+01 2.008968e+02
      vertex   -2.025000e+02 3.250002e+01 2.050000e+02
      vertex   -2.090813e+02 3.250002e+01 2.011860e+02
    endloop
  endfacet
  facet normal -4.328073e-08 -1.000000e+00 1.936513e-08
    outer loop
      vertex   -2.090813e+02 3.250002e+01 2.011860e+02
      vertex   -2.025000e+02 3.250002e+01 2.050000e+02
      vertex   -2.094740e+02 3.250002e+01 2.014933e+02
    endloop
  endfacet
  facet normal -5.685236e-08 -1.000000e+00 4.635588e-08
    outer loop
      vertex   -2.094740e+02 3.250002e+01 2.014933e+02
      vertex   -2.025000e+02 3.250002e+01 2.050000e+02
      vertex   -2.028412e+02 3.250002e+01 2.050117e+02
    endloop
  endfacet
  facet normal -4.225892e-08 -1.000000e+00 1.884443e-08
    outer loop
      vertex   -2.094740e+02 3.250002e+01 2.014933e+02
      vertex   -2.028412e+02 3.250002e+01 2.050117e+02
      vertex   -2.098523e+02 3.250002e+01 2.018181e+02
    endloop
  endfacet
  facet normal -4.175472e-08 -1.000000e+00 1.773751e-08
    outer loop
      vertex   -2.098523e+02 3.250002e+01 2.018181e+02
      vertex   -2.028412e+02 3.250002e+01 2.050117e+02
      vertex   -2.102156e+02 3.250002e+01 2.021598e+02
    endloop
  endfacet
  facet normal -5.349229e-08 -1.000000e+00 4.808836e-08
    outer loop
      vertex   -2.102156e+02 3.250002e+01 2.021598e+02
      vertex   -2.028412e+02 3.250002e+01 2.050117e+02
      vertex   -2.031808e+02 3.250002e+01 2.050466e+02
    endloop
  endfacet
  facet normal -4.079045e-08 -1.000000e+00 1.713565e-08
    outer loop
      vertex   -2.102156e+02 3.250002e+01 2.021598e+02
      vertex   -2.031808e+02 3.250002e+01 2.050466e+02
      vertex   -2.105630e+02 3.250002e+01 2.025175e+02
    endloop
  endfacet
  facet normal -5.056311e-08 -1.000000e+00 4.566142e-08
    outer loop
      vertex   -2.105630e+02 3.250002e+01 2.025175e+02
      vertex   -2.031808e+02 3.250002e+01 2.050466e+02
      vertex   -2.035173e+02 3.250002e+01 2.051046e+02
    endloop
  endfacet
  facet normal -3.984853e-08 -1.000000e+00 1.648095e-08
    outer loop
      vertex   -2.105630e+02 3.250002e+01 2.025175e+02
      vertex   -2.035173e+02 3.250002e+01 2.051046e+02
      vertex   -2.108939e+02 3.250002e+01 2.028906e+02
    endloop
  endfacet
  facet normal -4.789020e-08 -1.000000e+00 4.327463e-08
    outer loop
      vertex   -2.108939e+02 3.250002e+01 2.028906e+02
      vertex   -2.035173e+02 3.250002e+01 2.051046e+02
      vertex   -2.038490e+02 3.250002e+01 2.051854e+02
    endloop
  endfacet
  facet normal -3.893219e-08 -1.000000e+00 1.577403e-08
    outer loop
      vertex   -2.108939e+02 3.250002e+01 2.028906e+02
      vertex   -2.038490e+02 3.250002e+01 2.051854e+02
      vertex   -2.112074e+02 3.250002e+01 2.032784e+02
    endloop
  endfacet
  facet normal -3.862493e-08 -1.000000e+00 1.458846e-08
    outer loop
      vertex   -2.112074e+02 3.250002e+01 2.032784e+02
      vertex   -2.038490e+02 3.250002e+01 2.051854e+02
      vertex   -2.115031e+02 3.250002e+01 2.036799e+02
    endloop
  endfacet
  facet normal -4.443328e-08 -1.000000e+00 4.411869e-08
    outer loop
      vertex   -2.115031e+02 3.250002e+01 2.036799e+02
      vertex   -2.038490e+02 3.250002e+01 2.051854e+02
      vertex   -2.041744e+02 3.250002e+01 2.052887e+02
    endloop
  endfacet
  facet normal -4.321905e-08 -1.000000e+00 3.858735e-08
    outer loop
      vertex   -2.115031e+02 3.250002e+01 2.036799e+02
      vertex   -2.041744e+02 3.250002e+01 2.052887e+02
      vertex   -2.044920e+02 3.250002e+01 2.054139e+02
    endloop
  endfacet
  facet normal -3.718917e-08 -1.000000e+00 1.420711e-08
    outer loop
      vertex   -2.115031e+02 3.250002e+01 2.036799e+02
      vertex   -2.044920e+02 3.250002e+01 2.054139e+02
      vertex   -2.117803e+02 3.250002e+01 2.040944e+02
    endloop
  endfacet
  facet normal -4.118438e-08 -1.000000e+00 3.627481e-08
    outer loop
      vertex   -2.117803e+02 3.250002e+01 2.040944e+02
      vertex   -2.044920e+02 3.250002e+01 2.054139e+02
      vertex   -2.048003e+02 3.250002e+01 2.055606e+02
    endloop
  endfacet
  facet normal -3.636897e-08 -1.000000e+00 1.334946e-08
    outer loop
      vertex   -2.117803e+02 3.250002e+01 2.040944e+02
      vertex   -2.048003e+02 3.250002e+01 2.055606e+02
      vertex   -2.120384e+02 3.250002e+01 2.045211e+02
    endloop
  endfacet
  facet normal -3.933134e-08 -1.000000e+00 3.397749e-08
    outer loop
      vertex   -2.120384e+02 3.250002e+01 2.045211e+02
      vertex   -2.048003e+02 3.250002e+01 2.055606e+02
      vertex   -2.050979e+02 3.250002e+01 2.057279e+02
    endloop
  endfacet
  facet normal -3.558722e-08 -1.000000e+00 1.244419e-08
    outer loop
      vertex   -2.120384e+02 3.250002e+01 2.045211e+02
      vertex   -2.050979e+02 3.250002e+01 2.057279e+02
      vertex   -2.122770e+02 3.250002e+01 2.049591e+02
    endloop
  endfacet
  facet normal -3.764869e-08 -1.000000e+00 3.169271e-08
    outer loop
      vertex   -2.122770e+02 3.250002e+01 2.049591e+02
      vertex   -2.050979e+02 3.250002e+01 2.057279e+02
      vertex   -2.053834e+02 3.250002e+01 2.059152e+02
    endloop
  endfacet
  facet normal -3.714678e-08 -1.000000e+00 2.807396e-08
    outer loop
      vertex   -2.122770e+02 3.250002e+01 2.049591e+02
      vertex   -2.053834e+02 3.250002e+01 2.059152e+02
      vertex   -2.056554e+02 3.250002e+01 2.061214e+02
    endloop
  endfacet
  facet normal -3.428419e-08 -1.000000e+00 1.176738e-08
    outer loop
      vertex   -2.122770e+02 3.250002e+01 2.049591e+02
      vertex   -2.056554e+02 3.250002e+01 2.061214e+02
      vertex   -2.124954e+02 3.250002e+01 2.054073e+02
    endloop
  endfacet
  facet normal -3.576957e-08 -1.000000e+00 2.599487e-08
    outer loop
      vertex   -2.124954e+02 3.250002e+01 2.054073e+02
      vertex   -2.056554e+02 3.250002e+01 2.061214e+02
      vertex   -2.059128e+02 3.250002e+01 2.063458e+02
    endloop
  endfacet
  facet normal -3.359455e-08 -1.000000e+00 1.073899e-08
    outer loop
      vertex   -2.124954e+02 3.250002e+01 2.054073e+02
      vertex   -2.059128e+02 3.250002e+01 2.063458e+02
      vertex   -2.126933e+02 3.250002e+01 2.058651e+02
    endloop
  endfacet
  facet normal -3.452823e-08 -1.000000e+00 2.390770e-08
    outer loop
      vertex   -2.126933e+02 3.250002e+01 2.058651e+02
      vertex   -2.059128e+02 3.250002e+01 2.063458e+02
      vertex   -2.061542e+02 3.250002e+01 2.065872e+02
    endloop
  endfacet
  facet normal -3.295579e-08 -1.000000e+00 9.669471e-09
    outer loop
      vertex   -2.126933e+02 3.250002e+01 2.058651e+02
      vertex   -2.061542e+02 3.250002e+01 2.065872e+02
      vertex   -2.128702e+02 3.250002e+01 2.063313e+02
    endloop
  endfacet
  facet normal -3.341859e-08 -1.000000e+00 2.181400e-08
    outer loop
      vertex   -2.128702e+02 3.250002e+01 2.063313e+02
      vertex   -2.061542e+02 3.250002e+01 2.065872e+02
      vertex   -2.063786e+02 3.250002e+01 2.068446e+02
    endloop
  endfacet
  facet normal -3.320654e-08 -1.000000e+00 1.913203e-08
    outer loop
      vertex   -2.128702e+02 3.250002e+01 2.063313e+02
      vertex   -2.063786e+02 3.250002e+01 2.068446e+02
      vertex   -2.065848e+02 3.250002e+01 2.071166e+02
    endloop
  endfacet
  facet normal -3.190497e-08 -1.000000e+00 8.714522e-09
    outer loop
      vertex   -2.128702e+02 3.250002e+01 2.063313e+02
      vertex   -2.065848e+02 3.250002e+01 2.071166e+02
      vertex   -2.130258e+02 3.250002e+01 2.068051e+02
    endloop
  endfacet
  facet normal -3.231221e-08 -1.000000e+00 1.713456e-08
    outer loop
      vertex   -2.130258e+02 3.250002e+01 2.068051e+02
      vertex   -2.065848e+02 3.250002e+01 2.071166e+02
      vertex   -2.067721e+02 3.250002e+01 2.074021e+02
    endloop
  endfacet
  facet normal -3.139650e-08 -1.000000e+00 7.542400e-09
    outer loop
      vertex   -2.130258e+02 3.250002e+01 2.068051e+02
      vertex   -2.067721e+02 3.250002e+01 2.074021e+02
      vertex   -2.131598e+02 3.250002e+01 2.072854e+02
    endloop
  endfacet
  facet normal -3.153501e-08 -1.000000e+00 1.512562e-08
    outer loop
      vertex   -2.131598e+02 3.250002e+01 2.072854e+02
      vertex   -2.067721e+02 3.250002e+01 2.074021e+02
      vertex   -2.069394e+02 3.250002e+01 2.076997e+02
    endloop
  endfacet
  facet normal -3.094988e-08 -1.000000e+00 6.339743e-09
    outer loop
      vertex   -2.131598e+02 3.250002e+01 2.072854e+02
      vertex   -2.069394e+02 3.250002e+01 2.076997e+02
      vertex   -2.132719e+02 3.250002e+01 2.077713e+02
    endloop
  endfacet
  facet normal -3.087330e-08 -1.000000e+00 1.310819e-08
    outer loop
      vertex   -2.132719e+02 3.250002e+01 2.077713e+02
      vertex   -2.069394e+02 3.250002e+01 2.076997e+02
      vertex   -2.070861e+02 3.250002e+01 2.080080e+02
    endloop
  endfacet
  facet normal -3.078891e-08 -1.000000e+00 1.090259e-08
    outer loop
      vertex   -2.132719e+02 3.250002e+01 2.077713e+02
      vertex   -2.070861e+02 3.250002e+01 2.080080e+02
      vertex   -2.072113e+02 3.250002e+01 2.083256e+02
    endloop
  endfacet
  facet normal -3.026424e-08 -1.000000e+00 5.165709e-09
    outer loop
      vertex   -2.132719e+02 3.250002e+01 2.077713e+02
      vertex   -2.072113e+02 3.250002e+01 2.083256e+02
      vertex   -2.133618e+02 3.250002e+01 2.082618e+02
    endloop
  endfacet
  facet normal -3.030326e-08 -1.000000e+00 8.928912e-09
    outer loop
      vertex   -2.133618e+02 3.250002e+01 2.082618e+02
      vertex   -2.072113e+02 3.250002e+01 2.083256e+02
      vertex   -2.073146e+02 3.250002e+01 2.086510e+02
    endloop
  endfacet
  facet normal -2.997925e-08 -1.000000e+00 3.894530e-09
    outer loop
      vertex   -2.133618e+02 3.250002e+01 2.082618e+02
      vertex   -2.073146e+02 3.250002e+01 2.086510e+02
      vertex   -2.134294e+02 3.250002e+01 2.087559e+02
    endloop
  endfacet
  facet normal -2.992689e-08 -1.000000e+00 6.947462e-09
    outer loop
      vertex   -2.134294e+02 3.250002e+01 2.087559e+02
      vertex   -2.073146e+02 3.250002e+01 2.086510e+02
      vertex   -2.073954e+02 3.250002e+01 2.089827e+02
    endloop
  endfacet
  facet normal -2.976372e-08 -1.000000e+00 2.607023e-09
    outer loop
      vertex   -2.134294e+02 3.250002e+01 2.087559e+02
      vertex   -2.073954e+02 3.250002e+01 2.089827e+02
      vertex   -2.134746e+02 3.250002e+01 2.092525e+02
    endloop
  endfacet
  facet normal -2.965923e-08 -1.000000e+00 4.961589e-09
    outer loop
      vertex   -2.134746e+02 3.250002e+01 2.092525e+02
      vertex   -2.073954e+02 3.250002e+01 2.089827e+02
      vertex   -2.074534e+02 3.250002e+01 2.093192e+02
    endloop
  endfacet
  facet normal -2.963708e-08 -1.000000e+00 2.960610e-09
    outer loop
      vertex   -2.134746e+02 3.250002e+01 2.092525e+02
      vertex   -2.074534e+02 3.250002e+01 2.093192e+02
      vertex   -2.074883e+02 3.250002e+01 2.096588e+02
    endloop
  endfacet
  facet normal -2.952516e-08 -1.000000e+00 1.311637e-09
    outer loop
      vertex   -2.134746e+02 3.250002e+01 2.092525e+02
      vertex   -2.074883e+02 3.250002e+01 2.096588e+02
      vertex   -2.134972e+02 3.250002e+01 2.097507e+02
    endloop
  endfacet
  facet normal -2.953012e-08 -1.000000e+00 9.874589e-10
    outer loop
      vertex   -2.134972e+02 3.250002e+01 2.097507e+02
      vertex   -2.074883e+02 3.250002e+01 2.096588e+02
      vertex   -2.075000e+02 3.250002e+01 2.100000e+02
    endloop
  endfacet
  facet normal -2.948906e-08 -1.000000e+00 0.000000e+00
    outer loop
      vertex   -2.134972e+02 3.250002e+01 2.097507e+02
      vertex   -2.075000e+02 3.250002e+01 2.100000e+02
      vertex   -2.134972e+02 3.250002e+01 2.102493e+02
    endloop
  endfacet
  facet normal -2.953012e-08 -1.000000e+00 -9.874589e-10
    outer loop
      vertex   -2.134972e+02 3.250002e+01 2.102493e+02
      vertex   -2.075000e+02 3.250002e+01 2.100000e+02
      vertex   -2.074883e+02 3.250002e+01 2.103412e+02
    endloop
  endfacet
  facet normal -2.952516e-08 -1.000000e+00 -1.311637e-09
    outer loop
      vertex   -2.134972e+02 3.250002e+01 2.102493e+02
      vertex   -2.074883e+02 3.250002e+01 2.103412e+02
      vertex   -2.134746e+02 3.250002e+01 2.107475e+02
    endloop
  endfacet
  facet normal -2.963708e-08 -1.000000e+00 -2.960610e-09
    outer loop
      vertex   -2.134746e+02 3.250002e+01 2.107475e+02
      vertex   -2.074883e+02 3.250002e+01 2.103412e+02
      vertex   -2.074534e+02 3.250002e+01 2.106808e+02
    endloop
  endfacet
  facet normal -2.965923e-08 -1.000000e+00 -4.961589e-09
    outer loop
      vertex   -2.134746e+02 3.250002e+01 2.107475e+02
      vertex   -2.074534e+02 3.250002e+01 2.106808e+02
      vertex   -2.073954e+02 3.250002e+01 2.110173e+02
    endloop
  endfacet
  facet normal -2.976372e-08 -1.000000e+00 -2.607023e-09
    outer loop
      vertex   -2.134746e+02 3.250002e+01 2.107475e+02
      vertex   -2.073954e+02 3.250002e+01 2.110173e+02
      vertex   -2.134294e+02 3.250002e+01 2.112441e+02
    endloop
  endfacet
  facet normal -2.992689e-08 -1.000000e+00 -6.947462e-09
    outer loop
      vertex   -2.134294e+02 3.250002e+01 2.112441e+02
      vertex   -2.073954e+02 3.250002e+01 2.110173e+02
      vertex   -2.073146e+02 3.250002e+01 2.113490e+02
    endloop
  endfacet
  facet normal -2.997925e-08 -1.000000e+00 -3.894530e-09
    outer loop
      vertex   -2.134294e+02 3.250002e+01 2.112441e+02
      vertex   -2.073146e+02 3.250002e+01 2.113490e+02
      vertex   -2.133618e+02 3.250002e+01 2.117382e+02
    endloop
  endfacet
  facet normal -3.030326e-08 -1.000000e+00 -8.928912e-09
    outer loop
      vertex   -2.133618e+02 3.250002e+01 2.117382e+02
      vertex   -2.073146e+02 3.250002e+01 2.113490e+02
      vertex   -2.072113e+02 3.250002e+01 2.116744e+02
    endloop
  endfacet
  facet normal -3.026424e-08 -1.000000e+00 -5.165709e-09
    outer loop
      vertex   -2.133618e+02 3.250002e+01 2.117382e+02
      vertex   -2.072113e+02 3.250002e+01 2.116744e+02
      vertex   -2.132719e+02 3.250002e+01 2.122287e+02
    endloop
  endfacet
  facet normal -3.078891e-08 -1.000000e+00 -1.090259e-08
    outer loop
      vertex   -2.132719e+02 3.250002e+01 2.122287e+02
      vertex   -2.072113e+02 3.250002e+01 2.116744e+02
      vertex   -2.070861e+02 3.250002e+01 2.119920e+02
    endloop
  endfacet
  facet normal -3.087330e-08 -1.000000e+00 -1.310819e-08
    outer loop
      vertex   -2.132719e+02 3.250002e+01 2.122287e+02
      vertex   -2.070861e+02 3.250002e+01 2.119920e+02
      vertex   -2.069394e+02 3.250002e+01 2.123003e+02
    endloop
  endfacet
  facet normal -3.094988e-08 -1.000000e+00 -6.339743e-09
    outer loop
      vertex   -2.132719e+02 3.250002e+01 2.122287e+02
      vertex   -2.069394e+02 3.250002e+01 2.123003e+02
      vertex   -2.131598e+02 3.250002e+01 2.127146e+02
    endloop
  endfacet
  facet normal -3.153501e-08 -1.000000e+00 -1.512562e-08
    outer loop
      vertex   -2.131598e+02 3.250002e+01 2.127146e+02
      vertex   -2.069394e+02 3.250002e+01 2.123003e+02
      vertex   -2.067721e+02 3.250002e+01 2.125979e+02
    endloop
  endfacet
  facet normal -3.139650e-08 -1.000000e+00 -7.542400e-09
    outer loop
      vertex   -2.131598e+02 3.250002e+01 2.127146e+02
      vertex   -2.067721e+02 3.250002e+01 2.125979e+02
      vertex   -2.130258e+02 3.250002e+01 2.131949e+02
    endloop
  endfacet
  facet normal -3.231221e-08 -1.000000e+00 -1.713456e-08
    outer loop
      vertex   -2.130258e+02 3.250002e+01 2.131949e+02
      vertex   -2.067721e+02 3.250002e+01 2.125979e+02
      vertex   -2.065848e+02 3.250002e+01 2.128834e+02
    endloop
  endfacet
  facet normal -3.190497e-08 -1.000000e+00 -8.714522e-09
    outer loop
      vertex   -2.130258e+02 3.250002e+01 2.131949e+02
      vertex   -2.065848e+02 3.250002e+01 2.128834e+02
      vertex   -2.128702e+02 3.250002e+01 2.136687e+02
    endloop
  endfacet
  facet normal -3.320654e-08 -1.000000e+00 -1.913203e-08
    outer loop
      vertex   -2.128702e+02 3.250002e+01 2.136687e+02
      vertex   -2.065848e+02 3.250002e+01 2.128834e+02
      vertex   -2.063786e+02 3.250002e+01 2.131554e+02
    endloop
  endfacet
  facet normal -3.341859e-08 -1.000000e+00 -2.181400e-08
    outer loop
      vertex   -2.128702e+02 3.250002e+01 2.136687e+02
      vertex   -2.063786e+02 3.250002e+01 2.131554e+02
      vertex   -2.061542e+02 3.250002e+01 2.134128e+02
    endloop
  endfacet
  facet normal -3.295579e-08 -1.000000e+00 -9.669471e-09
    outer loop
      vertex   -2.128702e+02 3.250002e+01 2.136687e+02
      vertex   -2.061542e+02 3.250002e+01 2.134128e+02
      vertex   -2.126933e+02 3.250002e+01 2.141349e+02
    endloop
  endfacet
  facet normal -3.452823e-08 -1.000000e+00 -2.390770e-08
    outer loop
      vertex   -2.126933e+02 3.250002e+01 2.141349e+02
      vertex   -2.061542e+02 3.250002e+01 2.134128e+02
      vertex   -2.059128e+02 3.250002e+01 2.136542e+02
    endloop
  endfacet
  facet normal -3.359455e-08 -1.000000e+00 -1.073899e-08
    outer loop
      vertex   -2.126933e+02 3.250002e+01 2.141349e+02
      vertex   -2.059128e+02 3.250002e+01 2.136542e+02
      vertex   -2.124954e+02 3.250002e+01 2.145927e+02
    endloop
  endfacet
  facet normal -3.576957e-08 -1.000000e+00 -2.599487e-08
    outer loop
      vertex   -2.124954e+02 3.250002e+01 2.145927e+02
      vertex   -2.059128e+02 3.250002e+01 2.136542e+02
      vertex   -2.056554e+02 3.250002e+01 2.138786e+02
    endloop
  endfacet
  facet normal -3.428419e-08 -1.000000e+00 -1.176738e-08
    outer loop
      vertex   -2.124954e+02 3.250002e+01 2.145927e+02
      vertex   -2.056554e+02 3.250002e+01 2.138786e+02
      vertex   -2.122770e+02 3.250002e+01 2.150410e+02
    endloop
  endfacet
  facet normal -3.714678e-08 -1.000000e+00 -2.807396e-08
    outer loop
      vertex   -2.122770e+02 3.250002e+01 2.150410e+02
      vertex   -2.056554e+02 3.250002e+01 2.138786e+02
      vertex   -2.053834e+02 3.250002e+01 2.140849e+02
    endloop
  endfacet
  facet normal -3.764869e-08 -1.000000e+00 -3.169271e-08
    outer loop
      vertex   -2.122770e+02 3.250002e+01 2.150410e+02
      vertex   -2.053834e+02 3.250002e+01 2.140849e+02
      vertex   -2.050979e+02 3.250002e+01 2.142721e+02
    endloop
  endfacet
  facet normal -3.558722e-08 -1.000000e+00 -1.244419e-08
    outer loop
      vertex   -2.122770e+02 3.250002e+01 2.150410e+02
      vertex   -2.050979e+02 3.250002e+01 2.142721e+02
      vertex   -2.120384e+02 3.250002e+01 2.154789e+02
    endloop
  endfacet
  facet normal -3.933134e-08 -1.000000e+00 -3.397749e-08
    outer loop
      vertex   -2.120384e+02 3.250002e+01 2.154789e+02
      vertex   -2.050979e+02 3.250002e+01 2.142721e+02
      vertex   -2.048003e+02 3.250002e+01 2.144394e+02
    endloop
  endfacet
  facet normal -3.636897e-08 -1.000000e+00 -1.334946e-08
    outer loop
      vertex   -2.120384e+02 3.250002e+01 2.154789e+02
      vertex   -2.048003e+02 3.250002e+01 2.144394e+02
      vertex   -2.117803e+02 3.250002e+01 2.159056e+02
    endloop
  endfacet
  facet normal -4.118438e-08 -1.000000e+00 -3.627481e-08
    outer loop
      vertex   -2.117803e+02 3.250002e+01 2.159056e+02
      vertex   -2.048003e+02 3.250002e+01 2.144394e+02
      vertex   -2.044920e+02 3.250002e+01 2.145861e+02
    endloop
  endfacet
  facet normal -3.718917e-08 -1.000000e+00 -1.420711e-08
    outer loop
      vertex   -2.117803e+02 3.250002e+01 2.159056e+02
      vertex   -2.044920e+02 3.250002e+01 2.145861e+02
      vertex   -2.115031e+02 3.250002e+01 2.163201e+02
    endloop
  endfacet
  facet normal -4.321905e-08 -1.000000e+00 -3.858735e-08
    outer loop
      vertex   -2.115031e+02 3.250002e+01 2.163201e+02
      vertex   -2.044920e+02 3.250002e+01 2.145861e+02
      vertex   -2.041744e+02 3.250002e+01 2.147113e+02
    endloop
  endfacet
  facet normal -4.443328e-08 -1.000000e+00 -4.411869e-08
    outer loop
      vertex   -2.115031e+02 3.250002e+01 2.163201e+02
      vertex   -2.041744e+02 3.250002e+01 2.147113e+02
      vertex   -2.038490e+02 3.250002e+01 2.148146e+02
    endloop
  endfacet
  facet normal -4.789020e-08 -1.000000e+00 -4.327463e-08
    outer loop
      vertex   -2.035173e+02 3.250002e+01 2.148954e+02
      vertex   -2.108939e+02 3.250002e+01 2.171094e+02
      vertex   -2.038490e+02 3.250002e+01 2.148146e+02
    endloop
  endfacet
  facet normal -3.893219e-08 -1.000000e+00 -1.577403e-08
    outer loop
      vertex   -2.038490e+02 3.250002e+01 2.148146e+02
      vertex   -2.108939e+02 3.250002e+01 2.171094e+02
      vertex   -2.112074e+02 3.250002e+01 2.167216e+02
    endloop
  endfacet
  facet normal -3.862493e-08 -1.000000e+00 -1.458846e-08
    outer loop
      vertex   -2.038490e+02 3.250002e+01 2.148146e+02
      vertex   -2.112074e+02 3.250002e+01 2.167216e+02
      vertex   -2.115031e+02 3.250002e+01 2.163201e+02
    endloop
  endfacet
  facet normal -3.984853e-08 -1.000000e+00 -1.648095e-08
    outer loop
      vertex   -2.108939e+02 3.250002e+01 2.171094e+02
      vertex   -2.035173e+02 3.250002e+01 2.148954e+02
      vertex   -2.105630e+02 3.250002e+01 2.174825e+02
    endloop
  endfacet
  facet normal -5.056311e-08 -1.000000e+00 -4.566142e-08
    outer loop
      vertex   -2.105630e+02 3.250002e+01 2.174825e+02
      vertex   -2.035173e+02 3.250002e+01 2.148954e+02
      vertex   -2.031808e+02 3.250002e+01 2.149534e+02
    endloop
  endfacet
  facet normal -4.079045e-08 -1.000000e+00 -1.713565e-08
    outer loop
      vertex   -2.105630e+02 3.250002e+01 2.174825e+02
      vertex   -2.031808e+02 3.250002e+01 2.149534e+02
      vertex   -2.102156e+02 3.250002e+01 2.178402e+02
    endloop
  endfacet
  facet normal -5.349229e-08 -1.000000e+00 -4.808836e-08
    outer loop
      vertex   -2.102156e+02 3.250002e+01 2.178402e+02
      vertex   -2.031808e+02 3.250002e+01 2.149534e+02
      vertex   -2.028412e+02 3.250002e+01 2.149883e+02
    endloop
  endfacet
  facet normal -4.175472e-08 -1.000000e+00 -1.773751e-08
    outer loop
      vertex   -2.102156e+02 3.250002e+01 2.178402e+02
      vertex   -2.028412e+02 3.250002e+01 2.149883e+02
      vertex   -2.098523e+02 3.250002e+01 2.181819e+02
    endloop
  endfacet
  facet normal -4.225892e-08 -1.000000e+00 -1.884443e-08
    outer loop
      vertex   -2.098523e+02 3.250002e+01 2.181819e+02
      vertex   -2.028412e+02 3.250002e+01 2.149883e+02
      vertex   -2.094740e+02 3.250002e+01 2.185067e+02
    endloop
  endfacet
  facet normal -5.685236e-08 -1.000000e+00 -4.635588e-08
    outer loop
      vertex   -2.094740e+02 3.250002e+01 2.185067e+02
      vertex   -2.028412e+02 3.250002e+01 2.149883e+02
      vertex   -2.025000e+02 3.250002e+01 2.150000e+02
    endloop
  endfacet
  facet normal -4.328073e-08 -1.000000e+00 -1.936513e-08
    outer loop
      vertex   -2.094740e+02 3.250002e+01 2.185067e+02
      vertex   -2.025000e+02 3.250002e+01 2.150000e+02
      vertex   -2.090813e+02 3.250002e+01 2.188140e+02
    endloop
  endfacet
  facet normal -4.389463e-08 -1.000000e+00 -2.042445e-08
    outer loop
      vertex   -2.090813e+02 3.250002e+01 2.188140e+02
      vertex   -2.025000e+02 3.250002e+01 2.150000e+02
      vertex   -2.086750e+02 3.250002e+01 2.191032e+02
    endloop
  endfacet
  facet normal -4.804593e-08 -1.000000e+00 -2.667180e-08
    outer loop
      vertex   -2.086750e+02 3.250002e+01 2.191032e+02
      vertex   -2.025000e+02 3.250002e+01 2.150000e+02
      vertex   -2.063730e+02 3.250002e+01 2.200000e+02
    endloop
  endfacet
  facet normal -5.843580e-08 -1.000000e+00 -2.151388e-13
    outer loop
      vertex   -2.086750e+02 3.250002e+01 2.191032e+02
      vertex   -2.063730e+02 3.250002e+01 2.200000e+02
      vertex   -2.082561e+02 3.250002e+01 2.193738e+02
    endloop
  endfacet
  facet normal -5.843580e-08 -1.000000e+00 -2.128424e-13
    outer loop
      vertex   -2.082561e+02 3.250002e+01 2.193738e+02
      vertex   -2.063730e+02 3.250002e+01 2.200000e+02
      vertex   -2.078253e+02 3.250002e+01 2.196250e+02
    endloop
  endfacet
  facet normal -8.804307e-07 -1.000000e+00 3.183574e-06
    outer loop
      vertex   -2.078253e+02 3.250002e+01 2.196250e+02
      vertex   -2.063730e+02 3.250002e+01 2.200000e+02
      vertex   -2.075994e+02 3.250002e+01 2.197379e+02
    endloop
  endfacet
  facet normal -3.639355e-07 -1.000000e+00 7.670529e-07
    outer loop
      vertex   -2.075994e+02 3.250002e+01 2.197379e+02
      vertex   -2.063730e+02 3.250002e+01 2.200000e+02
      vertex   -2.073647e+02 3.250002e+01 2.198313e+02
    endloop
  endfacet
  facet normal -4.563567e-07 -1.000000e+00 1.310499e-06
    outer loop
      vertex   -2.073647e+02 3.250002e+01 2.198313e+02
      vertex   -2.063730e+02 3.250002e+01 2.200000e+02
      vertex   -2.071230e+02 3.250002e+01 2.199047e+02
    endloop
  endfacet
  facet normal -6.289295e-07 -1.000000e+00 2.669163e-06
    outer loop
      vertex   -2.071230e+02 3.250002e+01 2.199047e+02
      vertex   -2.063730e+02 3.250002e+01 2.200000e+02
      vertex   -2.068760e+02 3.250002e+01 2.199575e+02
    endloop
  endfacet
  facet normal -1.087764e-06 -1.000000e+00 8.103886e-06
    outer loop
      vertex   -2.068760e+02 3.250002e+01 2.199575e+02
      vertex   -2.063730e+02 3.250002e+01 2.200000e+02
      vertex   -2.066254e+02 3.250002e+01 2.199894e+02
    endloop
  endfacet
  facet normal -5.965421e-08 -1.000000e+00 -3.566352e-08
    outer loop
      vertex   -2.025000e+02 3.250002e+01 2.150000e+02
      vertex   -2.021588e+02 3.250002e+01 2.149883e+02
      vertex   -2.063730e+02 3.250002e+01 2.200000e+02
    endloop
  endfacet
  facet normal -6.233391e-08 -1.000000e+00 -3.791683e-08
    outer loop
      vertex   -2.063730e+02 3.250002e+01 2.200000e+02
      vertex   -2.021588e+02 3.250002e+01 2.149883e+02
      vertex   -2.018192e+02 3.250002e+01 2.149534e+02
    endloop
  endfacet
  facet normal -6.545978e-08 -1.000000e+00 -4.073748e-08
    outer loop
      vertex   -2.063730e+02 3.250002e+01 2.200000e+02
      vertex   -2.018192e+02 3.250002e+01 2.149534e+02
      vertex   -2.014827e+02 3.250002e+01 2.148954e+02
    endloop
  endfacet
  facet normal -6.924770e-08 -1.000000e+00 -4.436636e-08
    outer loop
      vertex   -2.014827e+02 3.250002e+01 2.148954e+02
      vertex   -2.011510e+02 3.250002e+01 2.148146e+02
      vertex   -2.063730e+02 3.250002e+01 2.200000e+02
    endloop
  endfacet
  facet normal -7.405311e-08 -1.000000e+00 -4.920564e-08
    outer loop
      vertex   -2.063730e+02 3.250002e+01 2.200000e+02
      vertex   -2.011510e+02 3.250002e+01 2.148146e+02
      vertex   -2.008256e+02 3.250002e+01 2.147113e+02
    endloop
  endfacet
  facet normal -8.051158e-08 -1.000000e+00 -5.598001e-08
    outer loop
      vertex   -2.063730e+02 3.250002e+01 2.200000e+02
      vertex   -2.008256e+02 3.250002e+01 2.147113e+02
      vertex   -2.005080e+02 3.250002e+01 2.145861e+02
    endloop
  endfacet
  facet normal -5.843593e-08 -1.000000e+00 -1.298930e-14
    outer loop
      vertex   -2.001997e+02 3.250002e+01 2.144394e+02
      vertex   -1.999021e+02 3.250002e+01 2.142721e+02
      vertex   -1.755445e+02 3.250002e+01 2.125423e+02
    endloop
  endfacet
  facet normal -5.843593e-08 -1.000000e+00 -3.340013e-16
    outer loop
      vertex   -1.755445e+02 3.250002e+01 2.125423e+02
      vertex   -1.999021e+02 3.250002e+01 2.142721e+02
      vertex   -1.757802e+02 3.250002e+01 2.124802e+02
    endloop
  endfacet
  facet normal -5.843593e-08 -1.000000e+00 5.004974e-15
    outer loop
      vertex   -1.757802e+02 3.250002e+01 2.124802e+02
      vertex   -1.999021e+02 3.250002e+01 2.142721e+02
      vertex   -1.996166e+02 3.250002e+01 2.140849e+02
    endloop
  endfacet
  facet normal -5.843593e-08 -1.000000e+00 -2.981817e-14
    outer loop
      vertex   -1.757802e+02 3.250002e+01 2.124802e+02
      vertex   -1.996166e+02 3.250002e+01 2.140849e+02
      vertex   -1.993446e+02 3.250002e+01 2.138786e+02
    endloop
  endfacet
  facet normal -5.843593e-08 -1.000000e+00 3.226645e-14
    outer loop
      vertex   -1.757802e+02 3.250002e+01 2.124802e+02
      vertex   -1.993446e+02 3.250002e+01 2.138786e+02
      vertex   -1.760090e+02 3.250002e+01 2.123962e+02
    endloop
  endfacet
  facet normal -5.843593e-08 -1.000000e+00 1.717750e-14
    outer loop
      vertex   -1.760090e+02 3.250002e+01 2.123962e+02
      vertex   -1.993446e+02 3.250002e+01 2.138786e+02
      vertex   -1.990872e+02 3.250002e+01 2.136542e+02
    endloop
  endfacet
  facet normal -5.843593e-08 -1.000000e+00 1.539435e-14
    outer loop
      vertex   -1.760090e+02 3.250002e+01 2.123962e+02
      vertex   -1.990872e+02 3.250002e+01 2.136542e+02
      vertex   -1.762290e+02 3.250002e+01 2.122912e+02
    endloop
  endfacet
  facet normal -5.843593e-08 -1.000000e+00 -3.355062e-15
    outer loop
      vertex   -1.762290e+02 3.250002e+01 2.122912e+02
      vertex   -1.990872e+02 3.250002e+01 2.136542e+02
      vertex   -1.988458e+02 3.250002e+01 2.134128e+02
    endloop
  endfacet
  facet normal -5.843593e-08 -1.000000e+00 6.462532e-15
    outer loop
      vertex   -1.762290e+02 3.250002e+01 2.122912e+02
      vertex   -1.988458e+02 3.250002e+01 2.134128e+02
      vertex   -1.986214e+02 3.250002e+01 2.131554e+02
    endloop
  endfacet
  facet normal -5.843593e-08 -1.000000e+00 1.727780e-14
    outer loop
      vertex   -1.762290e+02 3.250002e+01 2.122912e+02
      vertex   -1.986214e+02 3.250002e+01 2.131554e+02
      vertex   -1.764381e+02 3.250002e+01 2.121660e+02
    endloop
  endfacet
  facet normal -5.843593e-08 -1.000000e+00 -2.152028e-14
    outer loop
      vertex   -1.764381e+02 3.250002e+01 2.121660e+02
      vertex   -1.986214e+02 3.250002e+01 2.131554e+02
      vertex   -1.984151e+02 3.250002e+01 2.128834e+02
    endloop
  endfacet
  facet normal -5.843593e-08 -1.000000e+00 -3.543189e-14
    outer loop
      vertex   -1.764381e+02 3.250002e+01 2.121660e+02
      vertex   -1.984151e+02 3.250002e+01 2.128834e+02
      vertex   -1.766347e+02 3.250002e+01 2.120219e+02
    endloop
  endfacet
  facet normal -5.843593e-08 -1.000000e+00 -1.474746e-14
    outer loop
      vertex   -1.766347e+02 3.250002e+01 2.120219e+02
      vertex   -1.984151e+02 3.250002e+01 2.128834e+02
      vertex   -1.982279e+02 3.250002e+01 2.125979e+02
    endloop
  endfacet
  facet normal -5.843593e-08 -1.000000e+00 1.861574e-14
    outer loop
      vertex   -1.766347e+02 3.250002e+01 2.120219e+02
      vertex   -1.982279e+02 3.250002e+01 2.125979e+02
      vertex   -1.768168e+02 3.250002e+01 2.118599e+02
    endloop
  endfacet
  facet normal -5.843593e-08 -1.000000e+00 -1.020908e-14
    outer loop
      vertex   -1.768168e+02 3.250002e+01 2.118599e+02
      vertex   -1.982279e+02 3.250002e+01 2.125979e+02
      vertex   -1.980606e+02 3.250002e+01 2.123003e+02
    endloop
  endfacet
  facet normal -5.843593e-08 -1.000000e+00 5.925641e-15
    outer loop
      vertex   -1.768168e+02 3.250002e+01 2.118599e+02
      vertex   -1.980606e+02 3.250002e+01 2.123003e+02
      vertex   -1.769830e+02 3.250002e+01 2.116816e+02
    endloop
  endfacet
  facet normal -5.843593e-08 -1.000000e+00 -1.822799e-15
    outer loop
      vertex   -1.769830e+02 3.250002e+01 2.116816e+02
      vertex   -1.980606e+02 3.250002e+01 2.123003e+02
      vertex   -1.979139e+02 3.250002e+01 2.119920e+02
    endloop
  endfacet
  facet normal -5.843593e-08 -1.000000e+00 1.134658e-14
    outer loop
      vertex   -1.769830e+02 3.250002e+01 2.116816e+02
      vertex   -1.979139e+02 3.250002e+01 2.119920e+02
      vertex   -1.771317e+02 3.250002e+01 2.114885e+02
    endloop
  endfacet
  facet normal -5.843593e-08 -1.000000e+00 -5.399715e-15
    outer loop
      vertex   -1.771317e+02 3.250002e+01 2.114885e+02
      vertex   -1.979139e+02 3.250002e+01 2.119920e+02
      vertex   -1.977887e+02 3.250002e+01 2.116744e+02
    endloop
  endfacet
  facet normal -5.843593e-08 -1.000000e+00 1.396686e-14
    outer loop
      vertex   -1.771317e+02 3.250002e+01 2.114885e+02
      vertex   -1.977887e+02 3.250002e+01 2.116744e+02
      vertex   -1.772618e+02 3.250002e+01 2.112824e+02
    endloop
  endfacet
  facet normal -5.843593e-08 -1.000000e+00 2.629715e-14
    outer loop
      vertex   -1.772618e+02 3.250002e+01 2.112824e+02
      vertex   -1.977887e+02 3.250002e+01 2.116744e+02
      vertex   -1.976854e+02 3.250002e+01 2.113490e+02
    endloop
  endfacet
  facet normal -5.843593e-08 -1.000000e+00 1.278430e-14
    outer loop
      vertex   -1.772618e+02 3.250002e+01 2.112824e+02
      vertex   -1.976854e+02 3.250002e+01 2.113490e+02
      vertex   -1.773719e+02 3.250002e+01 2.110649e+02
    endloop
  endfacet
  facet normal -5.843593e-08 -1.000000e+00 -2.260651e-14
    outer loop
      vertex   -1.773719e+02 3.250002e+01 2.110649e+02
      vertex   -1.976854e+02 3.250002e+01 2.113490e+02
      vertex   -1.976046e+02 3.250002e+01 2.110173e+02
    endloop
  endfacet
  facet normal -5.844394e-08 -1.000000e+00 -1.239955e-11
    outer loop
      vertex   -2.086750e+02 3.250002e+01 2.008968e+02
      vertex   -2.082561e+02 3.250002e+01 2.006262e+02
      vertex   -2.063730e+02 3.250002e+01 2.000000e+02
    endloop
  endfacet
  facet normal -5.844499e-08 -1.000000e+00 -1.554433e-11
    outer loop
      vertex   -2.063730e+02 3.250002e+01 2.000000e+02
      vertex   -2.082561e+02 3.250002e+01 2.006262e+02
      vertex   -2.078253e+02 3.250002e+01 2.003750e+02
    endloop
  endfacet
  facet normal -8.804413e-07 -1.000000e+00 -3.183595e-06
    outer loop
      vertex   -2.063730e+02 3.250002e+01 2.000000e+02
      vertex   -2.078253e+02 3.250002e+01 2.003750e+02
      vertex   -2.075994e+02 3.250002e+01 2.002621e+02
    endloop
  endfacet
  facet normal -3.639486e-07 -1.000000e+00 -7.670858e-07
    outer loop
      vertex   -2.075994e+02 3.250002e+01 2.002621e+02
      vertex   -2.073647e+02 3.250002e+01 2.001687e+02
      vertex   -2.063730e+02 3.250002e+01 2.000000e+02
    endloop
  endfacet
  facet normal -4.563737e-07 -1.000000e+00 -1.310555e-06
    outer loop
      vertex   -2.063730e+02 3.250002e+01 2.000000e+02
      vertex   -2.073647e+02 3.250002e+01 2.001687e+02
      vertex   -2.071230e+02 3.250002e+01 2.000953e+02
    endloop
  endfacet
  facet normal -6.289539e-07 -1.000000e+00 -2.669277e-06
    outer loop
      vertex   -2.063730e+02 3.250002e+01 2.000000e+02
      vertex   -2.071230e+02 3.250002e+01 2.000953e+02
      vertex   -2.068760e+02 3.250002e+01 2.000425e+02
    endloop
  endfacet
  facet normal -1.087808e-06 -1.000000e+00 -8.104233e-06
    outer loop
      vertex   -2.068760e+02 3.250002e+01 2.000425e+02
      vertex   -2.066254e+02 3.250002e+01 2.000106e+02
      vertex   -2.063730e+02 3.250002e+01 2.000000e+02
    endloop
  endfacet
  facet normal 9.349501e-07 -1.000000e+00 -7.545516e-06
    outer loop
      vertex   -1.627385e+02 3.250002e+01 2.000114e+02
      vertex   -1.624791e+02 3.250002e+01 2.000456e+02
      vertex   -1.630000e+02 3.250002e+01 2.000000e+02
    endloop
  endfacet
  facet normal 4.920409e-07 -1.000000e+00 -2.483041e-06
    outer loop
      vertex   -1.630000e+02 3.250002e+01 2.000000e+02
      vertex   -1.624791e+02 3.250002e+01 2.000456e+02
      vertex   -1.622235e+02 3.250002e+01 2.001022e+02
    endloop
  endfacet
  facet normal 3.254215e-07 -1.000000e+00 -1.217440e-06
    outer loop
      vertex   -1.630000e+02 3.250002e+01 2.000000e+02
      vertex   -1.622235e+02 3.250002e+01 2.001022e+02
      vertex   -1.619739e+02 3.250002e+01 2.001809e+02
    endloop
  endfacet
  facet normal 2.361613e-07 -1.000000e+00 -7.112204e-07
    outer loop
      vertex   -1.619739e+02 3.250002e+01 2.001809e+02
      vertex   -1.617321e+02 3.250002e+01 2.002811e+02
      vertex   -1.630000e+02 3.250002e+01 2.000000e+02
    endloop
  endfacet
  facet normal 1.800532e-07 -1.000000e+00 -4.581334e-07
    outer loop
      vertex   -1.630000e+02 3.250002e+01 2.000000e+02
      vertex   -1.617321e+02 3.250002e+01 2.002811e+02
      vertex   -1.615000e+02 3.250002e+01 2.004019e+02
    endloop
  endfacet
  facet normal 1.413084e-07 -1.000000e+00 -3.135357e-07
    outer loop
      vertex   -1.630000e+02 3.250002e+01 2.000000e+02
      vertex   -1.615000e+02 3.250002e+01 2.004019e+02
      vertex   -1.612793e+02 3.250002e+01 2.005425e+02
    endloop
  endfacet
  facet normal 1.128216e-07 -1.000000e+00 -2.231872e-07
    outer loop
      vertex   -1.612793e+02 3.250002e+01 2.005425e+02
      vertex   -1.610716e+02 3.250002e+01 2.007019e+02
      vertex   -1.630000e+02 3.250002e+01 2.000000e+02
    endloop
  endfacet
  facet normal 9.090811e-08 -1.000000e+00 -1.629804e-07
    outer loop
      vertex   -1.630000e+02 3.250002e+01 2.000000e+02
      vertex   -1.610716e+02 3.250002e+01 2.007019e+02
      vertex   -1.608787e+02 3.250002e+01 2.008787e+02
    endloop
  endfacet
  facet normal 7.346229e-08 -1.000000e+00 -1.208624e-07
    outer loop
      vertex   -1.630000e+02 3.250002e+01 2.000000e+02
      vertex   -1.608787e+02 3.250002e+01 2.008787e+02
      vertex   -1.607019e+02 3.250002e+01 2.010716e+02
    endloop
  endfacet
  facet normal 5.919155e-08 -1.000000e+00 -9.025875e-08
    outer loop
      vertex   -1.607019e+02 3.250002e+01 2.010716e+02
      vertex   -1.605425e+02 3.250002e+01 2.012793e+02
      vertex   -1.630000e+02 3.250002e+01 2.000000e+02
    endloop
  endfacet
  facet normal 4.725788e-08 -1.000000e+00 -6.733437e-08
    outer loop
      vertex   -1.630000e+02 3.250002e+01 2.000000e+02
      vertex   -1.605425e+02 3.250002e+01 2.012793e+02
      vertex   -1.604019e+02 3.250002e+01 2.015000e+02
    endloop
  endfacet
  facet normal 3.709376e-08 -1.000000e+00 -4.972960e-08
    outer loop
      vertex   -1.630000e+02 3.250002e+01 2.000000e+02
      vertex   -1.604019e+02 3.250002e+01 2.015000e+02
      vertex   -1.602811e+02 3.250002e+01 2.017321e+02
    endloop
  endfacet
  facet normal 2.830091e-08 -1.000000e+00 -3.592760e-08
    outer loop
      vertex   -1.602811e+02 3.250002e+01 2.017321e+02
      vertex   -1.601809e+02 3.250002e+01 2.019739e+02
      vertex   -1.630000e+02 3.250002e+01 2.000000e+02
    endloop
  endfacet
  facet normal 2.059134e-08 -1.000000e+00 -2.491719e-08
    outer loop
      vertex   -1.630000e+02 3.250002e+01 2.000000e+02
      vertex   -1.601809e+02 3.250002e+01 2.019739e+02
      vertex   -1.601022e+02 3.250002e+01 2.022235e+02
    endloop
  endfacet
  facet normal 1.375171e-08 -1.000000e+00 -1.600361e-08
    outer loop
      vertex   -1.630000e+02 3.250002e+01 2.000000e+02
      vertex   -1.601022e+02 3.250002e+01 2.022235e+02
      vertex   -1.600456e+02 3.250002e+01 2.024791e+02
    endloop
  endfacet
  facet normal 7.620288e-09 -1.000000e+00 -8.696466e-09
    outer loop
      vertex   -1.600456e+02 3.250002e+01 2.024791e+02
      vertex   -1.600114e+02 3.250002e+01 2.027385e+02
      vertex   -1.630000e+02 3.250002e+01 2.000000e+02
    endloop
  endfacet
  facet normal 6.358156e-07 -1.000000e+00 -6.942514e-07
    outer loop
      vertex   -1.630000e+02 3.250002e+01 2.000000e+02
      vertex   -1.600114e+02 3.250002e+01 2.027385e+02
      vertex   -1.600000e+02 3.250002e+01 2.030000e+02
    endloop
  endfacet
  facet normal -1.307686e-07 -1.000000e+00 -0.000000e+00
    outer loop
      vertex   -1.600000e+02 3.250002e+01 2.170000e+02
      vertex   -1.624000e+02 3.250002e+01 2.100000e+02
      vertex   -1.600000e+02 3.250002e+01 2.030000e+02
    endloop
  endfacet
  facet normal -1.220608e-07 -1.000000e+00 2.985525e-09
    outer loop
      vertex   -1.600000e+02 3.250002e+01 2.030000e+02
      vertex   -1.624000e+02 3.250002e+01 2.100000e+02
      vertex   -1.624114e+02 3.250002e+01 2.097565e+02
    endloop
  endfacet
  facet normal -1.099768e-07 -1.000000e+00 7.298352e-09
    outer loop
      vertex   -1.600000e+02 3.250002e+01 2.030000e+02
      vertex   -1.624114e+02 3.250002e+01 2.097565e+02
      vertex   -1.624456e+02 3.250002e+01 2.095152e+02
    endloop
  endfacet
  facet normal 6.358157e-07 -1.000000e+00 6.942514e-07
    outer loop
      vertex   -1.600000e+02 3.250002e+01 2.170000e+02
      vertex   -1.600114e+02 3.250002e+01 2.172615e+02
      vertex   -1.630000e+02 3.250002e+01 2.200000e+02
    endloop
  endfacet
  facet normal 7.620342e-09 -1.000000e+00 8.696473e-09
    outer loop
      vertex   -1.630000e+02 3.250002e+01 2.200000e+02
      vertex   -1.600114e+02 3.250002e+01 2.172615e+02
      vertex   -1.600456e+02 3.250002e+01 2.175209e+02
    endloop
  endfacet
  facet normal 1.375177e-08 -1.000000e+00 1.600363e-08
    outer loop
      vertex   -1.630000e+02 3.250002e+01 2.200000e+02
      vertex   -1.600456e+02 3.250002e+01 2.175209e+02
      vertex   -1.601022e+02 3.250002e+01 2.177765e+02
    endloop
  endfacet
  facet normal 2.059140e-08 -1.000000e+00 2.491721e-08
    outer loop
      vertex   -1.601022e+02 3.250002e+01 2.177765e+02
      vertex   -1.601809e+02 3.250002e+01 2.180261e+02
      vertex   -1.630000e+02 3.250002e+01 2.200000e+02
    endloop
  endfacet
  facet normal 2.830098e-08 -1.000000e+00 3.592763e-08
    outer loop
      vertex   -1.630000e+02 3.250002e+01 2.200000e+02
      vertex   -1.601809e+02 3.250002e+01 2.180261e+02
      vertex   -1.602811e+02 3.250002e+01 2.182679e+02
    endloop
  endfacet
  facet normal 3.709384e-08 -1.000000e+00 4.972964e-08
    outer loop
      vertex   -1.630000e+02 3.250002e+01 2.200000e+02
      vertex   -1.602811e+02 3.250002e+01 2.182679e+02
      vertex   -1.604019e+02 3.250002e+01 2.185000e+02
    endloop
  endfacet
  facet normal 4.725796e-08 -1.000000e+00 6.733443e-08
    outer loop
      vertex   -1.604019e+02 3.250002e+01 2.185000e+02
      vertex   -1.605425e+02 3.250002e+01 2.187207e+02
      vertex   -1.630000e+02 3.250002e+01 2.200000e+02
    endloop
  endfacet
  facet normal 5.919165e-08 -1.000000e+00 9.025882e-08
    outer loop
      vertex   -1.630000e+02 3.250002e+01 2.200000e+02
      vertex   -1.605425e+02 3.250002e+01 2.187207e+02
      vertex   -1.607019e+02 3.250002e+01 2.189284e+02
    endloop
  endfacet
  facet normal 7.346239e-08 -1.000000e+00 1.208625e-07
    outer loop
      vertex   -1.630000e+02 3.250002e+01 2.200000e+02
      vertex   -1.607019e+02 3.250002e+01 2.189284e+02
      vertex   -1.608787e+02 3.250002e+01 2.191213e+02
    endloop
  endfacet
  facet normal 9.090823e-08 -1.000000e+00 1.629805e-07
    outer loop
      vertex   -1.608787e+02 3.250002e+01 2.191213e+02
      vertex   -1.610716e+02 3.250002e+01 2.192981e+02
      vertex   -1.630000e+02 3.250002e+01 2.200000e+02
    endloop
  endfacet
  facet normal 1.128217e-07 -1.000000e+00 2.231874e-07
    outer loop
      vertex   -1.630000e+02 3.250002e+01 2.200000e+02
      vertex   -1.610716e+02 3.250002e+01 2.192981e+02
      vertex   -1.612793e+02 3.250002e+01 2.194575e+02
    endloop
  endfacet
  facet normal 1.413085e-07 -1.000000e+00 3.135360e-07
    outer loop
      vertex   -1.630000e+02 3.250002e+01 2.200000e+02
      vertex   -1.612793e+02 3.250002e+01 2.194575e+02
      vertex   -1.615000e+02 3.250002e+01 2.195981e+02
    endloop
  endfacet
  facet normal 1.800534e-07 -1.000000e+00 4.581338e-07
    outer loop
      vertex   -1.615000e+02 3.250002e+01 2.195981e+02
      vertex   -1.617321e+02 3.250002e+01 2.197189e+02
      vertex   -1.630000e+02 3.250002e+01 2.200000e+02
    endloop
  endfacet
  facet normal 2.361615e-07 -1.000000e+00 7.112210e-07
    outer loop
      vertex   -1.630000e+02 3.250002e+01 2.200000e+02
      vertex   -1.617321e+02 3.250002e+01 2.197189e+02
      vertex   -1.619739e+02 3.250002e+01 2.198191e+02
    endloop
  endfacet
  facet normal 3.254218e-07 -1.000000e+00 1.217441e-06
    outer loop
      vertex   -1.630000e+02 3.250002e+01 2.200000e+02
      vertex   -1.619739e+02 3.250002e+01 2.198191e+02
      vertex   -1.622235e+02 3.250002e+01 2.198978e+02
    endloop
  endfacet
  facet normal 4.920414e-07 -1.000000e+00 2.483043e-06
    outer loop
      vertex   -1.622235e+02 3.250002e+01 2.198978e+02
      vertex   -1.624791e+02 3.250002e+01 2.199544e+02
      vertex   -1.630000e+02 3.250002e+01 2.200000e+02
    endloop
  endfacet
  facet normal 9.349509e-07 -1.000000e+00 7.545522e-06
    outer loop
      vertex   -1.630000e+02 3.250002e+01 2.200000e+02
      vertex   -1.624791e+02 3.250002e+01 2.199544e+02
      vertex   -1.627385e+02 3.250002e+01 2.199886e+02
    endloop
  endfacet
  facet normal -5.843593e-08 -1.000000e+00 -3.206521e-08
    outer loop
      vertex   -1.630000e+02 3.250002e+01 2.200000e+02
      vertex   -2.063730e+02 3.250002e+01 2.200000e+02
      vertex   -2.005080e+02 3.250002e+01 2.145861e+02
    endloop
  endfacet
  facet normal -1.018172e-07 -1.000000e+00 1.036117e-08
    outer loop
      vertex   -1.624456e+02 3.250002e+01 2.095152e+02
      vertex   -1.625022e+02 3.250002e+01 2.092781e+02
      vertex   -1.600000e+02 3.250002e+01 2.030000e+02
    endloop
  endfacet
  facet normal -9.584773e-08 -1.000000e+00 1.274039e-08
    outer loop
      vertex   -1.600000e+02 3.250002e+01 2.030000e+02
      vertex   -1.625022e+02 3.250002e+01 2.092781e+02
      vertex   -1.625808e+02 3.250002e+01 2.090474e+02
    endloop
  endfacet
  facet normal -9.121538e-08 -1.000000e+00 1.471728e-08
    outer loop
      vertex   -1.600000e+02 3.250002e+01 2.030000e+02
      vertex   -1.625808e+02 3.250002e+01 2.090474e+02
      vertex   -1.626806e+02 3.250002e+01 2.088251e+02
    endloop
  endfacet
  facet normal -8.744976e-08 -1.000000e+00 1.645018e-08
    outer loop
      vertex   -1.626806e+02 3.250002e+01 2.088251e+02
      vertex   -1.628008e+02 3.250002e+01 2.086130e+02
      vertex   -1.600000e+02 3.250002e+01 2.030000e+02
    endloop
  endfacet
  facet normal -8.426810e-08 -1.000000e+00 1.803779e-08
    outer loop
      vertex   -1.600000e+02 3.250002e+01 2.030000e+02
      vertex   -1.628008e+02 3.250002e+01 2.086130e+02
      vertex   -1.629404e+02 3.250002e+01 2.084132e+02
    endloop
  endfacet
  facet normal -8.148754e-08 -1.000000e+00 1.954816e-08
    outer loop
      vertex   -1.600000e+02 3.250002e+01 2.030000e+02
      vertex   -1.629404e+02 3.250002e+01 2.084132e+02
      vertex   -1.630980e+02 3.250002e+01 2.082273e+02
    endloop
  endfacet
  facet normal -7.898173e-08 -1.000000e+00 2.103325e-08
    outer loop
      vertex   -1.630980e+02 3.250002e+01 2.082273e+02
      vertex   -1.632724e+02 3.250002e+01 2.080570e+02
      vertex   -1.600000e+02 3.250002e+01 2.030000e+02
    endloop
  endfacet
  facet normal -7.665724e-08 -1.000000e+00 2.253743e-08
    outer loop
      vertex   -1.600000e+02 3.250002e+01 2.030000e+02
      vertex   -1.632724e+02 3.250002e+01 2.080570e+02
      vertex   -1.634619e+02 3.250002e+01 2.079037e+02
    endloop
  endfacet
  facet normal -7.443925e-08 -1.000000e+00 2.410327e-08
    outer loop
      vertex   -1.600000e+02 3.250002e+01 2.030000e+02
      vertex   -1.634619e+02 3.250002e+01 2.079037e+02
      vertex   -1.636650e+02 3.250002e+01 2.077689e+02
    endloop
  endfacet
  facet normal -7.226226e-08 -1.000000e+00 2.577631e-08
    outer loop
      vertex   -1.636650e+02 3.250002e+01 2.077689e+02
      vertex   -1.638798e+02 3.250002e+01 2.076537e+02
      vertex   -1.600000e+02 3.250002e+01 2.030000e+02
    endloop
  endfacet
  facet normal -7.006251e-08 -1.000000e+00 2.761022e-08
    outer loop
      vertex   -1.600000e+02 3.250002e+01 2.030000e+02
      vertex   -1.638798e+02 3.250002e+01 2.076537e+02
      vertex   -1.641044e+02 3.250002e+01 2.075591e+02
    endloop
  endfacet
  facet normal -6.777067e-08 -1.000000e+00 2.967346e-08
    outer loop
      vertex   -1.600000e+02 3.250002e+01 2.030000e+02
      vertex   -1.641044e+02 3.250002e+01 2.075591e+02
      vertex   -1.643369e+02 3.250002e+01 2.074860e+02
    endloop
  endfacet
  facet normal -6.530276e-08 -1.000000e+00 3.205935e-08
    outer loop
      vertex   -1.643369e+02 3.250002e+01 2.074860e+02
      vertex   -1.645752e+02 3.250002e+01 2.074349e+02
      vertex   -1.600000e+02 3.250002e+01 2.030000e+02
    endloop
  endfacet
  facet normal -6.254624e-08 -1.000000e+00 3.490307e-08
    outer loop
      vertex   -1.600000e+02 3.250002e+01 2.030000e+02
      vertex   -1.645752e+02 3.250002e+01 2.074349e+02
      vertex   -1.648173e+02 3.250002e+01 2.074064e+02
    endloop
  endfacet
  facet normal -5.933663e-08 -1.000000e+00 3.841194e-08
    outer loop
      vertex   -1.600000e+02 3.250002e+01 2.030000e+02
      vertex   -1.648173e+02 3.250002e+01 2.074064e+02
      vertex   -1.650610e+02 3.250002e+01 2.074007e+02
    endloop
  endfacet
  facet normal -5.541182e-08 -1.000000e+00 4.292559e-08
    outer loop
      vertex   -1.650610e+02 3.250002e+01 2.074007e+02
      vertex   -1.653041e+02 3.250002e+01 2.074178e+02
      vertex   -1.600000e+02 3.250002e+01 2.030000e+02
    endloop
  endfacet
  facet normal -5.031372e-08 -1.000000e+00 4.904639e-08
    outer loop
      vertex   -1.600000e+02 3.250002e+01 2.030000e+02
      vertex   -1.653041e+02 3.250002e+01 2.074178e+02
      vertex   -1.655445e+02 3.250002e+01 2.074577e+02
    endloop
  endfacet
  facet normal -5.031372e-08 -1.000000e+00 -4.904641e-08
    outer loop
      vertex   -1.655445e+02 3.250002e+01 2.125423e+02
      vertex   -1.653041e+02 3.250002e+01 2.125822e+02
      vertex   -1.600000e+02 3.250002e+01 2.170000e+02
    endloop
  endfacet
  facet normal -5.541182e-08 -1.000000e+00 -4.292560e-08
    outer loop
      vertex   -1.600000e+02 3.250002e+01 2.170000e+02
      vertex   -1.653041e+02 3.250002e+01 2.125822e+02
      vertex   -1.650610e+02 3.250002e+01 2.125993e+02
    endloop
  endfacet
  facet normal -5.933663e-08 -1.000000e+00 -3.841195e-08
    outer loop
      vertex   -1.600000e+02 3.250002e+01 2.170000e+02
      vertex   -1.650610e+02 3.250002e+01 2.125993e+02
      vertex   -1.648173e+02 3.250002e+01 2.125936e+02
    endloop
  endfacet
  facet normal -6.254624e-08 -1.000000e+00 -3.490308e-08
    outer loop
      vertex   -1.648173e+02 3.250002e+01 2.125936e+02
      vertex   -1.645752e+02 3.250002e+01 2.125651e+02
      vertex   -1.600000e+02 3.250002e+01 2.170000e+02
    endloop
  endfacet
  facet normal -6.530276e-08 -1.000000e+00 -3.205936e-08
    outer loop
      vertex   -1.600000e+02 3.250002e+01 2.170000e+02
      vertex   -1.645752e+02 3.250002e+01 2.125651e+02
      vertex   -1.643369e+02 3.250002e+01 2.125140e+02
    endloop
  endfacet
  facet normal -6.777067e-08 -1.000000e+00 -2.967347e-08
    outer loop
      vertex   -1.600000e+02 3.250002e+01 2.170000e+02
      vertex   -1.643369e+02 3.250002e+01 2.125140e+02
      vertex   -1.641044e+02 3.250002e+01 2.124409e+02
    endloop
  endfacet
  facet normal -7.006251e-08 -1.000000e+00 -2.761023e-08
    outer loop
      vertex   -1.641044e+02 3.250002e+01 2.124409e+02
      vertex   -1.638798e+02 3.250002e+01 2.123463e+02
      vertex   -1.600000e+02 3.250002e+01 2.170000e+02
    endloop
  endfacet
  facet normal -7.226226e-08 -1.000000e+00 -2.577631e-08
    outer loop
      vertex   -1.600000e+02 3.250002e+01 2.170000e+02
      vertex   -1.638798e+02 3.250002e+01 2.123463e+02
      vertex   -1.636650e+02 3.250002e+01 2.122311e+02
    endloop
  endfacet
  facet normal -7.443926e-08 -1.000000e+00 -2.410327e-08
    outer loop
      vertex   -1.600000e+02 3.250002e+01 2.170000e+02
      vertex   -1.636650e+02 3.250002e+01 2.122311e+02
      vertex   -1.634619e+02 3.250002e+01 2.120963e+02
    endloop
  endfacet
  facet normal -7.665724e-08 -1.000000e+00 -2.253744e-08
    outer loop
      vertex   -1.634619e+02 3.250002e+01 2.120963e+02
      vertex   -1.632724e+02 3.250002e+01 2.119430e+02
      vertex   -1.600000e+02 3.250002e+01 2.170000e+02
    endloop
  endfacet
  facet normal -7.898173e-08 -1.000000e+00 -2.103326e-08
    outer loop
      vertex   -1.600000e+02 3.250002e+01 2.170000e+02
      vertex   -1.632724e+02 3.250002e+01 2.119430e+02
      vertex   -1.630980e+02 3.250002e+01 2.117727e+02
    endloop
  endfacet
  facet normal -8.148754e-08 -1.000000e+00 -1.954816e-08
    outer loop
      vertex   -1.600000e+02 3.250002e+01 2.170000e+02
      vertex   -1.630980e+02 3.250002e+01 2.117727e+02
      vertex   -1.629404e+02 3.250002e+01 2.115868e+02
    endloop
  endfacet
  facet normal -8.426811e-08 -1.000000e+00 -1.803779e-08
    outer loop
      vertex   -1.629404e+02 3.250002e+01 2.115868e+02
      vertex   -1.628008e+02 3.250002e+01 2.113870e+02
      vertex   -1.600000e+02 3.250002e+01 2.170000e+02
    endloop
  endfacet
  facet normal -8.744977e-08 -1.000000e+00 -1.645018e-08
    outer loop
      vertex   -1.600000e+02 3.250002e+01 2.170000e+02
      vertex   -1.628008e+02 3.250002e+01 2.113870e+02
      vertex   -1.626806e+02 3.250002e+01 2.111749e+02
    endloop
  endfacet
  facet normal -9.121538e-08 -1.000000e+00 -1.471729e-08
    outer loop
      vertex   -1.600000e+02 3.250002e+01 2.170000e+02
      vertex   -1.626806e+02 3.250002e+01 2.111749e+02
      vertex   -1.625808e+02 3.250002e+01 2.109526e+02
    endloop
  endfacet
  facet normal -9.584773e-08 -1.000000e+00 -1.274039e-08
    outer loop
      vertex   -1.625808e+02 3.250002e+01 2.109526e+02
      vertex   -1.625022e+02 3.250002e+01 2.107219e+02
      vertex   -1.600000e+02 3.250002e+01 2.170000e+02
    endloop
  endfacet
  facet normal -1.018172e-07 -1.000000e+00 -1.036117e-08
    outer loop
      vertex   -1.600000e+02 3.250002e+01 2.170000e+02
      vertex   -1.625022e+02 3.250002e+01 2.107219e+02
      vertex   -1.624456e+02 3.250002e+01 2.104848e+02
    endloop
  endfacet
  facet normal -1.099768e-07 -1.000000e+00 -7.298352e-09
    outer loop
      vertex   -1.600000e+02 3.250002e+01 2.170000e+02
      vertex   -1.624456e+02 3.250002e+01 2.104848e+02
      vertex   -1.624114e+02 3.250002e+01 2.102435e+02
    endloop
  endfacet
  facet normal -1.220608e-07 -1.000000e+00 -2.985525e-09
    outer loop
      vertex   -1.624114e+02 3.250002e+01 2.102435e+02
      vertex   -1.624000e+02 3.250002e+01 2.100000e+02
      vertex   -1.600000e+02 3.250002e+01 2.170000e+02
    endloop
  endfacet
  facet normal -4.468551e-01 2.611240e-08 -8.946063e-01
    outer loop
      vertex   -2.078253e+02 3.250002e+01 2.003750e+02
      vertex   -2.078253e+02 4.250002e+01 2.003750e+02
      vertex   -2.075994e+02 3.750002e+01 2.002621e+02
    endloop
  endfacet
  facet normal -4.468551e-01 2.611240e-08 -8.946063e-01
    outer loop
      vertex   -2.075994e+02 3.750002e+01 2.002621e+02
      vertex   -2.078253e+02 4.250002e+01 2.003750e+02
      vertex   -2.075994e+02 4.250002e+01 2.002621e+02
    endloop
  endfacet
  facet normal -3.700104e-01 2.162190e-08 -9.290276e-01
    outer loop
      vertex   -2.075994e+02 3.750002e+01 2.002621e+02
      vertex   -2.075994e+02 4.250002e+01 2.002621e+02
      vertex   -2.073647e+02 3.750002e+01 2.001687e+02
    endloop
  endfacet
  facet normal -3.700104e-01 2.162190e-08 -9.290276e-01
    outer loop
      vertex   -2.073647e+02 3.750002e+01 2.001687e+02
      vertex   -2.075994e+02 4.250002e+01 2.002621e+02
      vertex   -2.073647e+02 4.250002e+01 2.001687e+02
    endloop
  endfacet
  facet normal -2.905422e-01 1.697810e-08 -9.568622e-01
    outer loop
      vertex   -2.073647e+02 3.750002e+01 2.001687e+02
      vertex   -2.073647e+02 4.250002e+01 2.001687e+02
      vertex   -2.071230e+02 3.750002e+01 2.000953e+02
    endloop
  endfacet
  facet normal -2.905422e-01 1.697810e-08 -9.568622e-01
    outer loop
      vertex   -2.071230e+02 3.750002e+01 2.000953e+02
      vertex   -2.073647e+02 4.250002e+01 2.001687e+02
      vertex   -2.071230e+02 4.250002e+01 2.000953e+02
    endloop
  endfacet
  facet normal -2.090142e-01 1.221394e-08 -9.779126e-01
    outer loop
      vertex   -2.071230e+02 3.750002e+01 2.000953e+02
      vertex   -2.071230e+02 4.250002e+01 2.000953e+02
      vertex   -2.068760e+02 3.750002e+01 2.000425e+02
    endloop
  endfacet
  facet normal -2.090142e-01 1.221394e-08 -9.779126e-01
    outer loop
      vertex   -2.068760e+02 3.750002e+01 2.000425e+02
      vertex   -2.071230e+02 4.250002e+01 2.000953e+02
      vertex   -2.068760e+02 4.250002e+01 2.000425e+02
    endloop
  endfacet
  facet normal -1.260042e-01 7.363174e-09 -9.920297e-01
    outer loop
      vertex   -2.068760e+02 3.750002e+01 2.000425e+02
      vertex   -2.068760e+02 4.250002e+01 2.000425e+02
      vertex   -2.066254e+02 3.750002e+01 2.000106e+02
    endloop
  endfacet
  facet normal -1.260042e-01 7.363174e-09 -9.920297e-01
    outer loop
      vertex   -2.066254e+02 3.750002e+01 2.000106e+02
      vertex   -2.068760e+02 4.250002e+01 2.000425e+02
      vertex   -2.066254e+02 4.250002e+01 2.000106e+02
    endloop
  endfacet
  facet normal -4.210091e-02 2.460205e-09 -9.991134e-01
    outer loop
      vertex   -2.066254e+02 3.750002e+01 2.000106e+02
      vertex   -2.066254e+02 4.250002e+01 2.000106e+02
      vertex   -2.063730e+02 4.250002e+01 2.000000e+02
    endloop
  endfacet
  facet normal -4.210091e-02 2.460205e-09 -9.991134e-01
    outer loop
      vertex   -2.063730e+02 4.250002e+01 2.000000e+02
      vertex   -2.063730e+02 3.250002e+01 2.000000e+02
      vertex   -2.066254e+02 3.750002e+01 2.000106e+02
    endloop
  endfacet
  facet normal -4.210091e-02 2.460206e-09 -9.991134e-01
    outer loop
      vertex   -2.066254e+02 3.750002e+01 2.000106e+02
      vertex   -2.063730e+02 3.250002e+01 2.000000e+02
      vertex   -2.066254e+02 3.250002e+01 2.000106e+02
    endloop
  endfacet
  facet normal -1.260042e-01 7.363174e-09 -9.920297e-01
    outer loop
      vertex   -2.066254e+02 3.750002e+01 2.000106e+02
      vertex   -2.066254e+02 3.250002e+01 2.000106e+02
      vertex   -2.068760e+02 3.750002e+01 2.000425e+02
    endloop
  endfacet
  facet normal -1.260042e-01 7.363173e-09 -9.920297e-01
    outer loop
      vertex   -2.068760e+02 3.750002e+01 2.000425e+02
      vertex   -2.066254e+02 3.250002e+01 2.000106e+02
      vertex   -2.068760e+02 3.250002e+01 2.000425e+02
    endloop
  endfacet
  facet normal -2.090142e-01 1.221394e-08 -9.779126e-01
    outer loop
      vertex   -2.068760e+02 3.750002e+01 2.000425e+02
      vertex   -2.068760e+02 3.250002e+01 2.000425e+02
      vertex   -2.071230e+02 3.750002e+01 2.000953e+02
    endloop
  endfacet
  facet normal -2.090142e-01 1.221394e-08 -9.779126e-01
    outer loop
      vertex   -2.071230e+02 3.750002e+01 2.000953e+02
      vertex   -2.068760e+02 3.250002e+01 2.000425e+02
      vertex   -2.071230e+02 3.250002e+01 2.000953e+02
    endloop
  endfacet
  facet normal -2.905422e-01 1.697811e-08 -9.568622e-01
    outer loop
      vertex   -2.071230e+02 3.750002e+01 2.000953e+02
      vertex   -2.071230e+02 3.250002e+01 2.000953e+02
      vertex   -2.073647e+02 3.750002e+01 2.001687e+02
    endloop
  endfacet
  facet normal -2.905422e-01 1.697810e-08 -9.568622e-01
    outer loop
      vertex   -2.073647e+02 3.750002e+01 2.001687e+02
      vertex   -2.071230e+02 3.250002e+01 2.000953e+02
      vertex   -2.073647e+02 3.250002e+01 2.001687e+02
    endloop
  endfacet
  facet normal -3.700104e-01 2.162190e-08 -9.290276e-01
    outer loop
      vertex   -2.073647e+02 3.750002e+01 2.001687e+02
      vertex   -2.073647e+02 3.250002e+01 2.001687e+02
      vertex   -2.075994e+02 3.750002e+01 2.002621e+02
    endloop
  endfacet
  facet normal -3.700104e-01 2.162190e-08 -9.290276e-01
    outer loop
      vertex   -2.075994e+02 3.750002e+01 2.002621e+02
      vertex   -2.073647e+02 3.250002e+01 2.001687e+02
      vertex   -2.075994e+02 3.250002e+01 2.002621e+02
    endloop
  endfacet
  facet normal -4.468551e-01 2.611239e-08 -8.946063e-01
    outer loop
      vertex   -2.075994e+02 3.750002e+01 2.002621e+02
      vertex   -2.075994e+02 3.250002e+01 2.002621e+02
      vertex   -2.078253e+02 3.250002e+01 2.003750e+02
    endloop
  endfacet
  facet normal 0.000000e+00 -0.000000e+00 -1.000000e+00
    outer loop
      vertex   -2.063730e+02 4.250002e+01 2.000000e+02
      vertex   -1.630000e+02 4.250002e+01 2.000000e+02
      vertex   -2.063730e+02 3.250002e+01 2.000000e+02
    endloop
  endfacet
  facet normal 0.000000e+00 0.000000e+00 -1.000000e+00
    outer loop
      vertex   -2.063730e+02 3.250002e+01 2.000000e+02
      vertex   -1.630000e+02 4.250002e+01 2.000000e+02
      vertex   -1.630000e+02 3.250002e+01 2.000000e+02
    endloop
  endfacet
  facet normal 4.361939e-02 -2.548939e-09 -9.990482e-01
    outer loop
      vertex   -1.630000e+02 3.250002e+01 2.000000e+02
      vertex   -1.630000e+02 4.250002e+01 2.000000e+02
      vertex   -1.627385e+02 3.750002e+01 2.000114e+02
    endloop
  endfacet
  facet normal 4.361939e-02 -2.548939e-09 -9.990482e-01
    outer loop
      vertex   -1.627385e+02 3.750002e+01 2.000114e+02
      vertex   -1.630000e+02 4.250002e+01 2.000000e+02
      vertex   -1.627385e+02 4.250002e+01 2.000114e+02
    endloop
  endfacet
  facet normal 1.305262e-01 -7.627418e-09 -9.914449e-01
    outer loop
      vertex   -1.627385e+02 3.750002e+01 2.000114e+02
      vertex   -1.627385e+02 4.250002e+01 2.000114e+02
      vertex   -1.624791e+02 3.750002e+01 2.000456e+02
    endloop
  endfacet
  facet normal 1.305262e-01 -7.627425e-09 -9.914449e-01
    outer loop
      vertex   -1.624791e+02 3.750002e+01 2.000456e+02
      vertex   -1.627385e+02 4.250002e+01 2.000114e+02
      vertex   -1.624791e+02 4.250002e+01 2.000456e+02
    endloop
  endfacet
  facet normal 2.164396e-01 -1.264785e-08 -9.762960e-01
    outer loop
      vertex   -1.624791e+02 3.750002e+01 2.000456e+02
      vertex   -1.624791e+02 4.250002e+01 2.000456e+02
      vertex   -1.622235e+02 3.750002e+01 2.001022e+02
    endloop
  endfacet
  facet normal 2.164396e-01 -1.264785e-08 -9.762960e-01
    outer loop
      vertex   -1.622235e+02 3.750002e+01 2.001022e+02
      vertex   -1.624791e+02 4.250002e+01 2.000456e+02
      vertex   -1.622235e+02 4.250002e+01 2.001022e+02
    endloop
  endfacet
  facet normal 3.007058e-01 -1.757202e-08 -9.537170e-01
    outer loop
      vertex   -1.622235e+02 3.750002e+01 2.001022e+02
      vertex   -1.622235e+02 4.250002e+01 2.001022e+02
      vertex   -1.619739e+02 3.750002e+01 2.001809e+02
    endloop
  endfacet
  facet normal 3.007058e-01 -1.757201e-08 -9.537170e-01
    outer loop
      vertex   -1.619739e+02 3.750002e+01 2.001809e+02
      vertex   -1.622235e+02 4.250002e+01 2.001022e+02
      vertex   -1.619739e+02 4.250002e+01 2.001809e+02
    endloop
  endfacet
  facet normal 3.826834e-01 -2.236245e-08 -9.238795e-01
    outer loop
      vertex   -1.619739e+02 3.750002e+01 2.001809e+02
      vertex   -1.619739e+02 4.250002e+01 2.001809e+02
      vertex   -1.617321e+02 3.750002e+01 2.002811e+02
    endloop
  endfacet
  facet normal 3.826834e-01 -2.236246e-08 -9.238795e-01
    outer loop
      vertex   -1.617321e+02 3.750002e+01 2.002811e+02
      vertex   -1.619739e+02 4.250002e+01 2.001809e+02
      vertex   -1.617321e+02 4.250002e+01 2.002811e+02
    endloop
  endfacet
  facet normal 4.617486e-01 -2.698271e-08 -8.870108e-01
    outer loop
      vertex   -1.617321e+02 3.750002e+01 2.002811e+02
      vertex   -1.617321e+02 4.250002e+01 2.002811e+02
      vertex   -1.615000e+02 3.750002e+01 2.004019e+02
    endloop
  endfacet
  facet normal 4.617486e-01 -2.698271e-08 -8.870108e-01
    outer loop
      vertex   -1.615000e+02 3.750002e+01 2.004019e+02
      vertex   -1.617321e+02 4.250002e+01 2.002811e+02
      vertex   -1.615000e+02 4.250002e+01 2.004019e+02
    endloop
  endfacet
  facet normal 5.372996e-01 -3.139760e-08 -8.433914e-01
    outer loop
      vertex   -1.615000e+02 3.750002e+01 2.004019e+02
      vertex   -1.615000e+02 4.250002e+01 2.004019e+02
      vertex   -1.612793e+02 3.750002e+01 2.005425e+02
    endloop
  endfacet
  facet normal 5.372996e-01 -3.139760e-08 -8.433914e-01
    outer loop
      vertex   -1.612793e+02 3.750002e+01 2.005425e+02
      vertex   -1.615000e+02 4.250002e+01 2.004019e+02
      vertex   -1.612793e+02 4.250002e+01 2.005425e+02
    endloop
  endfacet
  facet normal 6.087614e-01 -3.557353e-08 -7.933533e-01
    outer loop
      vertex   -1.612793e+02 3.750002e+01 2.005425e+02
      vertex   -1.612793e+02 4.250002e+01 2.005425e+02
      vertex   -1.610716e+02 3.750002e+01 2.007019e+02
    endloop
  endfacet
  facet normal 6.087614e-01 -3.557353e-08 -7.933533e-01
    outer loop
      vertex   -1.610716e+02 3.750002e+01 2.007019e+02
      vertex   -1.612793e+02 4.250002e+01 2.005425e+02
      vertex   -1.610716e+02 4.250002e+01 2.007019e+02
    endloop
  endfacet
  facet normal 6.755902e-01 -3.947874e-08 -7.372773e-01
    outer loop
      vertex   -1.610716e+02 3.750002e+01 2.007019e+02
      vertex   -1.610716e+02 4.250002e+01 2.007019e+02
      vertex   -1.608787e+02 3.750002e+01 2.008787e+02
    endloop
  endfacet
  facet normal 6.755902e-01 -3.947874e-08 -7.372773e-01
    outer loop
      vertex   -1.608787e+02 3.750002e+01 2.008787e+02
      vertex   -1.610716e+02 4.250002e+01 2.007019e+02
      vertex   -1.608787e+02 4.250002e+01 2.008787e+02
    endloop
  endfacet
  facet normal 7.372773e-01 -4.308348e-08 -6.755902e-01
    outer loop
      vertex   -1.608787e+02 3.750002e+01 2.008787e+02
      vertex   -1.608787e+02 4.250002e+01 2.008787e+02
      vertex   -1.607019e+02 3.750002e+01 2.010716e+02
    endloop
  endfacet
  facet normal 7.372773e-01 -4.308348e-08 -6.755902e-01
    outer loop
      vertex   -1.607019e+02 3.750002e+01 2.010716e+02
      vertex   -1.608787e+02 4.250002e+01 2.008787e+02
      vertex   -1.607019e+02 4.250002e+01 2.010716e+02
    endloop
  endfacet
  facet normal 7.933533e-01 -4.636033e-08 -6.087614e-01
    outer loop
      vertex   -1.607019e+02 3.750002e+01 2.010716e+02
      vertex   -1.607019e+02 4.250002e+01 2.010716e+02
      vertex   -1.605425e+02 3.750002e+01 2.012793e+02
    endloop
  endfacet
  facet normal 7.933533e-01 -4.636034e-08 -6.087614e-01
    outer loop
      vertex   -1.605425e+02 3.750002e+01 2.012793e+02
      vertex   -1.607019e+02 4.250002e+01 2.010716e+02
      vertex   -1.605425e+02 4.250002e+01 2.012793e+02
    endloop
  endfacet
  facet normal 8.433914e-01 -4.928436e-08 -5.372996e-01
    outer loop
      vertex   -1.605425e+02 3.750002e+01 2.012793e+02
      vertex   -1.605425e+02 4.250002e+01 2.012793e+02
      vertex   -1.604019e+02 3.750002e+01 2.015000e+02
    endloop
  endfacet
  facet normal 8.433914e-01 -4.928436e-08 -5.372996e-01
    outer loop
      vertex   -1.604019e+02 3.750002e+01 2.015000e+02
      vertex   -1.605425e+02 4.250002e+01 2.012793e+02
      vertex   -1.604019e+02 4.250002e+01 2.015000e+02
    endloop
  endfacet
  facet normal 8.870108e-01 -5.183329e-08 -4.617486e-01
    outer loop
      vertex   -1.604019e+02 3.750002e+01 2.015000e+02
      vertex   -1.604019e+02 4.250002e+01 2.015000e+02
      vertex   -1.602811e+02 3.750002e+01 2.017321e+02
    endloop
  endfacet
  facet normal 8.870108e-01 -5.183329e-08 -4.617486e-01
    outer loop
      vertex   -1.602811e+02 3.750002e+01 2.017321e+02
      vertex   -1.604019e+02 4.250002e+01 2.015000e+02
      vertex   -1.602811e+02 4.250002e+01 2.017321e+02
    endloop
  endfacet
  facet normal 9.238795e-01 -5.398775e-08 -3.826834e-01
    outer loop
      vertex   -1.602811e+02 3.750002e+01 2.017321e+02
      vertex   -1.602811e+02 4.250002e+01 2.017321e+02
      vertex   -1.601809e+02 3.750002e+01 2.019739e+02
    endloop
  endfacet
  facet normal 9.238795e-01 -5.398776e-08 -3.826834e-01
    outer loop
      vertex   -1.601809e+02 3.750002e+01 2.019739e+02
      vertex   -1.602811e+02 4.250002e+01 2.017321e+02
      vertex   -1.601809e+02 4.250002e+01 2.019739e+02
    endloop
  endfacet
  facet normal 9.537170e-01 -5.573133e-08 -3.007058e-01
    outer loop
      vertex   -1.601809e+02 3.750002e+01 2.019739e+02
      vertex   -1.601809e+02 4.250002e+01 2.019739e+02
      vertex   -1.601022e+02 3.750002e+01 2.022235e+02
    endloop
  endfacet
  facet normal 9.537170e-01 -5.573132e-08 -3.007058e-01
    outer loop
      vertex   -1.601022e+02 3.750002e+01 2.022235e+02
      vertex   -1.601809e+02 4.250002e+01 2.019739e+02
      vertex   -1.601022e+02 4.250002e+01 2.022235e+02
    endloop
  endfacet
  facet normal 9.762960e-01 -5.705075e-08 -2.164396e-01
    outer loop
      vertex   -1.601022e+02 3.750002e+01 2.022235e+02
      vertex   -1.601022e+02 4.250002e+01 2.022235e+02
      vertex   -1.600456e+02 3.750002e+01 2.024791e+02
    endloop
  endfacet
  facet normal 9.762960e-01 -5.705077e-08 -2.164396e-01
    outer loop
      vertex   -1.600456e+02 3.750002e+01 2.024791e+02
      vertex   -1.601022e+02 4.250002e+01 2.022235e+02
      vertex   -1.600456e+02 4.250002e+01 2.024791e+02
    endloop
  endfacet
  facet normal 9.914449e-01 -5.793600e-08 -1.305262e-01
    outer loop
      vertex   -1.600456e+02 3.750002e+01 2.024791e+02
      vertex   -1.600456e+02 4.250002e+01 2.024791e+02
      vertex   -1.600114e+02 3.750002e+01 2.027385e+02
    endloop
  endfacet
  facet normal 9.914449e-01 -5.793599e-08 -1.305262e-01
    outer loop
      vertex   -1.600114e+02 3.750002e+01 2.027385e+02
      vertex   -1.600456e+02 4.250002e+01 2.024791e+02
      vertex   -1.600114e+02 4.250002e+01 2.027385e+02
    endloop
  endfacet
  facet normal 9.990482e-01 -5.838030e-08 -4.361939e-02
    outer loop
      vertex   -1.600114e+02 3.750002e+01 2.027385e+02
      vertex   -1.600114e+02 4.250002e+01 2.027385e+02
      vertex   -1.600000e+02 4.250002e+01 2.030000e+02
    endloop
  endfacet
  facet normal 9.990482e-01 -5.838031e-08 -4.361939e-02
    outer loop
      vertex   -1.600000e+02 4.250002e+01 2.030000e+02
      vertex   -1.600000e+02 3.250002e+01 2.030000e+02
      vertex   -1.600114e+02 3.750002e+01 2.027385e+02
    endloop
  endfacet
  facet normal 9.990482e-01 -5.838032e-08 -4.361939e-02
    outer loop
      vertex   -1.600114e+02 3.750002e+01 2.027385e+02
      vertex   -1.600000e+02 3.250002e+01 2.030000e+02
      vertex   -1.600114e+02 3.250002e+01 2.027385e+02
    endloop
  endfacet
  facet normal 9.914449e-01 -5.793601e-08 -1.305262e-01
    outer loop
      vertex   -1.600114e+02 3.750002e+01 2.027385e+02
      vertex   -1.600114e+02 3.250002e+01 2.027385e+02
      vertex   -1.600456e+02 3.750002e+01 2.024791e+02
    endloop
  endfacet
  facet normal 9.914449e-01 -5.793599e-08 -1.305262e-01
    outer loop
      vertex   -1.600456e+02 3.750002e+01 2.024791e+02
      vertex   -1.600114e+02 3.250002e+01 2.027385e+02
      vertex   -1.600456e+02 3.250002e+01 2.024791e+02
    endloop
  endfacet
  facet normal 9.762960e-01 -5.705076e-08 -2.164396e-01
    outer loop
      vertex   -1.600456e+02 3.750002e+01 2.024791e+02
      vertex   -1.600456e+02 3.250002e+01 2.024791e+02
      vertex   -1.601022e+02 3.750002e+01 2.022235e+02
    endloop
  endfacet
  facet normal 9.762960e-01 -5.705077e-08 -2.164396e-01
    outer loop
      vertex   -1.601022e+02 3.750002e+01 2.022235e+02
      vertex   -1.600456e+02 3.250002e+01 2.024791e+02
      vertex   -1.601022e+02 3.250002e+01 2.022235e+02
    endloop
  endfacet
  facet normal 9.537170e-01 -5.573135e-08 -3.007058e-01
    outer loop
      vertex   -1.601022e+02 3.750002e+01 2.022235e+02
      vertex   -1.601022e+02 3.250002e+01 2.022235e+02
      vertex   -1.601809e+02 3.750002e+01 2.019739e+02
    endloop
  endfacet
  facet normal 9.537170e-01 -5.573134e-08 -3.007058e-01
    outer loop
      vertex   -1.601809e+02 3.750002e+01 2.019739e+02
      vertex   -1.601022e+02 3.250002e+01 2.022235e+02
      vertex   -1.601809e+02 3.250002e+01 2.019739e+02
    endloop
  endfacet
  facet normal 9.238795e-01 -5.398776e-08 -3.826834e-01
    outer loop
      vertex   -1.601809e+02 3.750002e+01 2.019739e+02
      vertex   -1.601809e+02 3.250002e+01 2.019739e+02
      vertex   -1.602811e+02 3.750002e+01 2.017321e+02
    endloop
  endfacet
  facet normal 9.238795e-01 -5.398776e-08 -3.826834e-01
    outer loop
      vertex   -1.602811e+02 3.750002e+01 2.017321e+02
      vertex   -1.601809e+02 3.250002e+01 2.019739e+02
      vertex   -1.602811e+02 3.250002e+01 2.017321e+02
    endloop
  endfacet
  facet normal 8.870108e-01 -5.183331e-08 -4.617486e-01
    outer loop
      vertex   -1.602811e+02 3.750002e+01 2.017321e+02
      vertex   -1.602811e+02 3.250002e+01 2.017321e+02
      vertex   -1.604019e+02 3.750002e+01 2.015000e+02
    endloop
  endfacet
  facet normal 8.870108e-01 -5.183330e-08 -4.617486e-01
    outer loop
      vertex   -1.604019e+02 3.750002e+01 2.015000e+02
      vertex   -1.602811e+02 3.250002e+01 2.017321e+02
      vertex   -1.604019e+02 3.250002e+01 2.015000e+02
    endloop
  endfacet
  facet normal 8.433914e-01 -4.928436e-08 -5.372996e-01
    outer loop
      vertex   -1.604019e+02 3.750002e+01 2.015000e+02
      vertex   -1.604019e+02 3.250002e+01 2.015000e+02
      vertex   -1.605425e+02 3.750002e+01 2.012793e+02
    endloop
  endfacet
  facet normal 8.433914e-01 -4.928436e-08 -5.372996e-01
    outer loop
      vertex   -1.605425e+02 3.750002e+01 2.012793e+02
      vertex   -1.604019e+02 3.250002e+01 2.015000e+02
      vertex   -1.605425e+02 3.250002e+01 2.012793e+02
    endloop
  endfacet
  facet normal 7.933533e-01 -4.636034e-08 -6.087614e-01
    outer loop
      vertex   -1.605425e+02 3.750002e+01 2.012793e+02
      vertex   -1.605425e+02 3.250002e+01 2.012793e+02
      vertex   -1.607019e+02 3.750002e+01 2.010716e+02
    endloop
  endfacet
  facet normal 7.933533e-01 -4.636034e-08 -6.087614e-01
    outer loop
      vertex   -1.607019e+02 3.750002e+01 2.010716e+02
      vertex   -1.605425e+02 3.250002e+01 2.012793e+02
      vertex   -1.607019e+02 3.250002e+01 2.010716e+02
    endloop
  endfacet
  facet normal 7.372773e-01 -4.308349e-08 -6.755902e-01
    outer loop
      vertex   -1.607019e+02 3.750002e+01 2.010716e+02
      vertex   -1.607019e+02 3.250002e+01 2.010716e+02
      vertex   -1.608787e+02 3.750002e+01 2.008787e+02
    endloop
  endfacet
  facet normal 7.372773e-01 -4.308349e-08 -6.755902e-01
    outer loop
      vertex   -1.608787e+02 3.750002e+01 2.008787e+02
      vertex   -1.607019e+02 3.250002e+01 2.010716e+02
      vertex   -1.608787e+02 3.250002e+01 2.008787e+02
    endloop
  endfacet
  facet normal 6.755902e-01 -3.947874e-08 -7.372773e-01
    outer loop
      vertex   -1.608787e+02 3.750002e+01 2.008787e+02
      vertex   -1.608787e+02 3.250002e+01 2.008787e+02
      vertex   -1.610716e+02 3.750002e+01 2.007019e+02
    endloop
  endfacet
  facet normal 6.755902e-01 -3.947874e-08 -7.372773e-01
    outer loop
      vertex   -1.610716e+02 3.750002e+01 2.007019e+02
      vertex   -1.608787e+02 3.250002e+01 2.008787e+02
      vertex   -1.610716e+02 3.250002e+01 2.007019e+02
    endloop
  endfacet
  facet normal 6.087614e-01 -3.557354e-08 -7.933533e-01
    outer loop
      vertex   -1.610716e+02 3.750002e+01 2.007019e+02
      vertex   -1.610716e+02 3.250002e+01 2.007019e+02
      vertex   -1.612793e+02 3.750002e+01 2.005425e+02
    endloop
  endfacet
  facet normal 6.087614e-01 -3.557354e-08 -7.933533e-01
    outer loop
      vertex   -1.612793e+02 3.750002e+01 2.005425e+02
      vertex   -1.610716e+02 3.250002e+01 2.007019e+02
      vertex   -1.612793e+02 3.250002e+01 2.005425e+02
    endloop
  endfacet
  facet normal 5.372996e-01 -3.139760e-08 -8.433914e-01
    outer loop
      vertex   -1.612793e+02 3.750002e+01 2.005425e+02
      vertex   -1.612793e+02 3.250002e+01 2.005425e+02
      vertex   -1.615000e+02 3.750002e+01 2.004019e+02
    endloop
  endfacet
  facet normal 5.372996e-01 -3.139760e-08 -8.433914e-01
    outer loop
      vertex   -1.615000e+02 3.750002e+01 2.004019e+02
      vertex   -1.612793e+02 3.250002e+01 2.005425e+02
      vertex   -1.615000e+02 3.250002e+01 2.004019e+02
    endloop
  endfacet
  facet normal 4.617486e-01 -2.698271e-08 -8.870108e-01
    outer loop
      vertex   -1.615000e+02 3.750002e+01 2.004019e+02
      vertex   -1.615000e+02 3.250002e+01 2.004019e+02
      vertex   -1.617321e+02 3.750002e+01 2.002811e+02
    endloop
  endfacet
  facet normal 4.617486e-01 -2.698271e-08 -8.870108e-01
    outer loop
      vertex   -1.617321e+02 3.750002e+01 2.002811e+02
      vertex   -1.615000e+02 3.250002e+01 2.004019e+02
      vertex   -1.617321e+02 3.250002e+01 2.002811e+02
    endloop
  endfacet
  facet normal 3.826834e-01 -2.236246e-08 -9.238795e-01
    outer loop
      vertex   -1.617321e+02 3.750002e+01 2.002811e+02
      vertex   -1.617321e+02 3.250002e+01 2.002811e+02
      vertex   -1.619739e+02 3.750002e+01 2.001809e+02
    endloop
  endfacet
  facet normal 3.826834e-01 -2.236247e-08 -9.238795e-01
    outer loop
      vertex   -1.619739e+02 3.750002e+01 2.001809e+02
      vertex   -1.617321e+02 3.250002e+01 2.002811e+02
      vertex   -1.619739e+02 3.250002e+01 2.001809e+02
    endloop
  endfacet
  facet normal 3.007058e-01 -1.757203e-08 -9.537170e-01
    outer loop
      vertex   -1.619739e+02 3.750002e+01 2.001809e+02
      vertex   -1.619739e+02 3.250002e+01 2.001809e+02
      vertex   -1.622235e+02 3.750002e+01 2.001022e+02
    endloop
  endfacet
  facet normal 3.007058e-01 -1.757202e-08 -9.537170e-01
    outer loop
      vertex   -1.622235e+02 3.750002e+01 2.001022e+02
      vertex   -1.619739e+02 3.250002e+01 2.001809e+02
      vertex   -1.622235e+02 3.250002e+01 2.001022e+02
    endloop
  endfacet
  facet normal 2.164396e-01 -1.264785e-08 -9.762960e-01
    outer loop
      vertex   -1.622235e+02 3.750002e+01 2.001022e+02
      vertex   -1.622235e+02 3.250002e+01 2.001022e+02
      vertex   -1.624791e+02 3.750002e+01 2.000456e+02
    endloop
  endfacet
  facet normal 2.164396e-01 -1.264784e-08 -9.762960e-01
    outer loop
      vertex   -1.624791e+02 3.750002e+01 2.000456e+02
      vertex   -1.622235e+02 3.250002e+01 2.001022e+02
      vertex   -1.624791e+02 3.250002e+01 2.000456e+02
    endloop
  endfacet
  facet normal 1.305262e-01 -7.627414e-09 -9.914449e-01
    outer loop
      vertex   -1.624791e+02 3.750002e+01 2.000456e+02
      vertex   -1.624791e+02 3.250002e+01 2.000456e+02
      vertex   -1.627385e+02 3.750002e+01 2.000114e+02
    endloop
  endfacet
  facet normal 1.305262e-01 -7.627419e-09 -9.914449e-01
    outer loop
      vertex   -1.627385e+02 3.750002e+01 2.000114e+02
      vertex   -1.624791e+02 3.250002e+01 2.000456e+02
      vertex   -1.627385e+02 3.250002e+01 2.000114e+02
    endloop
  endfacet
  facet normal 4.361939e-02 -2.548939e-09 -9.990482e-01
    outer loop
      vertex   -1.627385e+02 3.750002e+01 2.000114e+02
      vertex   -1.627385e+02 3.250002e+01 2.000114e+02
      vertex   -1.630000e+02 3.250002e+01 2.000000e+02
    endloop
  endfacet
  facet normal 9.990482e-01 -5.838031e-08 4.361939e-02
    outer loop
      vertex   -1.600000e+02 3.250002e+01 2.170000e+02
      vertex   -1.600000e+02 4.250002e+01 2.170000e+02
      vertex   -1.600114e+02 3.750002e+01 2.172615e+02
    endloop
  endfacet
  facet normal 9.990482e-01 -5.838030e-08 4.361939e-02
    outer loop
      vertex   -1.600114e+02 3.750002e+01 2.172615e+02
      vertex   -1.600000e+02 4.250002e+01 2.170000e+02
      vertex   -1.600114e+02 4.250002e+01 2.172615e+02
    endloop
  endfacet
  facet normal 9.914449e-01 -5.793599e-08 1.305262e-01
    outer loop
      vertex   -1.600114e+02 3.750002e+01 2.172615e+02
      vertex   -1.600114e+02 4.250002e+01 2.172615e+02
      vertex   -1.600456e+02 3.750002e+01 2.175209e+02
    endloop
  endfacet
  facet normal 9.914449e-01 -5.793600e-08 1.305262e-01
    outer loop
      vertex   -1.600456e+02 3.750002e+01 2.175209e+02
      vertex   -1.600114e+02 4.250002e+01 2.172615e+02
      vertex   -1.600456e+02 4.250002e+01 2.175209e+02
    endloop
  endfacet
  facet normal 9.762960e-01 -5.705077e-08 2.164396e-01
    outer loop
      vertex   -1.600456e+02 3.750002e+01 2.175209e+02
      vertex   -1.600456e+02 4.250002e+01 2.175209e+02
      vertex   -1.601022e+02 3.750002e+01 2.177765e+02
    endloop
  endfacet
  facet normal 9.762960e-01 -5.705075e-08 2.164396e-01
    outer loop
      vertex   -1.601022e+02 3.750002e+01 2.177765e+02
      vertex   -1.600456e+02 4.250002e+01 2.175209e+02
      vertex   -1.601022e+02 4.250002e+01 2.177765e+02
    endloop
  endfacet
  facet normal 9.537170e-01 -5.573132e-08 3.007058e-01
    outer loop
      vertex   -1.601022e+02 3.750002e+01 2.177765e+02
      vertex   -1.601022e+02 4.250002e+01 2.177765e+02
      vertex   -1.601809e+02 3.750002e+01 2.180261e+02
    endloop
  endfacet
  facet normal 9.537170e-01 -5.573133e-08 3.007058e-01
    outer loop
      vertex   -1.601809e+02 3.750002e+01 2.180261e+02
      vertex   -1.601022e+02 4.250002e+01 2.177765e+02
      vertex   -1.601809e+02 4.250002e+01 2.180261e+02
    endloop
  endfacet
  facet normal 9.238795e-01 -5.398776e-08 3.826834e-01
    outer loop
      vertex   -1.601809e+02 3.750002e+01 2.180261e+02
      vertex   -1.601809e+02 4.250002e+01 2.180261e+02
      vertex   -1.602811e+02 3.750002e+01 2.182679e+02
    endloop
  endfacet
  facet normal 9.238795e-01 -5.398775e-08 3.826834e-01
    outer loop
      vertex   -1.602811e+02 3.750002e+01 2.182679e+02
      vertex   -1.601809e+02 4.250002e+01 2.180261e+02
      vertex   -1.602811e+02 4.250002e+01 2.182679e+02
    endloop
  endfacet
  facet normal 8.870108e-01 -5.183329e-08 4.617486e-01
    outer loop
      vertex   -1.602811e+02 3.750002e+01 2.182679e+02
      vertex   -1.602811e+02 4.250002e+01 2.182679e+02
      vertex   -1.604019e+02 3.750002e+01 2.185000e+02
    endloop
  endfacet
  facet normal 8.870108e-01 -5.183329e-08 4.617486e-01
    outer loop
      vertex   -1.604019e+02 3.750002e+01 2.185000e+02
      vertex   -1.602811e+02 4.250002e+01 2.182679e+02
      vertex   -1.604019e+02 4.250002e+01 2.185000e+02
    endloop
  endfacet
  facet normal 8.433914e-01 -4.928436e-08 5.372996e-01
    outer loop
      vertex   -1.604019e+02 3.750002e+01 2.185000e+02
      vertex   -1.604019e+02 4.250002e+01 2.185000e+02
      vertex   -1.605425e+02 3.750002e+01 2.187207e+02
    endloop
  endfacet
  facet normal 8.433914e-01 -4.928436e-08 5.372996e-01
    outer loop
      vertex   -1.605425e+02 3.750002e+01 2.187207e+02
      vertex   -1.604019e+02 4.250002e+01 2.185000e+02
      vertex   -1.605425e+02 4.250002e+01 2.187207e+02
    endloop
  endfacet
  facet normal 7.933533e-01 -4.636034e-08 6.087614e-01
    outer loop
      vertex   -1.605425e+02 3.750002e+01 2.187207e+02
      vertex   -1.605425e+02 4.250002e+01 2.187207e+02
      vertex   -1.607019e+02 3.750002e+01 2.189284e+02
    endloop
  endfacet
  facet normal 7.933533e-01 -4.636033e-08 6.087614e-01
    outer loop
      vertex   -1.607019e+02 3.750002e+01 2.189284e+02
      vertex   -1.605425e+02 4.250002e+01 2.187207e+02
      vertex   -1.607019e+02 4.250002e+01 2.189284e+02
    endloop
  endfacet
  facet normal 7.372773e-01 -4.308348e-08 6.755902e-01
    outer loop
      vertex   -1.607019e+02 3.750002e+01 2.189284e+02
      vertex   -1.607019e+02 4.250002e+01 2.189284e+02
      vertex   -1.608787e+02 3.750002e+01 2.191213e+02
    endloop
  endfacet
  facet normal 7.372773e-01 -4.308348e-08 6.755902e-01
    outer loop
      vertex   -1.608787e+02 3.750002e+01 2.191213e+02
      vertex   -1.607019e+02 4.250002e+01 2.189284e+02
      vertex   -1.608787e+02 4.250002e+01 2.191213e+02
    endloop
  endfacet
  facet normal 6.755902e-01 -3.947874e-08 7.372773e-01
    outer loop
      vertex   -1.608787e+02 3.750002e+01 2.191213e+02
      vertex   -1.608787e+02 4.250002e+01 2.191213e+02
      vertex   -1.610716e+02 3.750002e+01 2.192981e+02
    endloop
  endfacet
  facet normal 6.755902e-01 -3.947874e-08 7.372773e-01
    outer loop
      vertex   -1.610716e+02 3.750002e+01 2.192981e+02
      vertex   -1.608787e+02 4.250002e+01 2.191213e+02
      vertex   -1.610716e+02 4.250002e+01 2.192981e+02
    endloop
  endfacet
  facet normal 6.087614e-01 -3.557353e-08 7.933533e-01
    outer loop
      vertex   -1.610716e+02 3.750002e+01 2.192981e+02
      vertex   -1.610716e+02 4.250002e+01 2.192981e+02
      vertex   -1.612793e+02 3.750002e+01 2.194575e+02
    endloop
  endfacet
  facet normal 6.087614e-01 -3.557353e-08 7.933533e-01
    outer loop
      vertex   -1.612793e+02 3.750002e+01 2.194575e+02
      vertex   -1.610716e+02 4.250002e+01 2.192981e+02
      vertex   -1.612793e+02 4.250002e+01 2.194575e+02
    endloop
  endfacet
  facet normal 5.372996e-01 -3.139760e-08 8.433914e-01
    outer loop
      vertex   -1.612793e+02 3.750002e+01 2.194575e+02
      vertex   -1.612793e+02 4.250002e+01 2.194575e+02
      vertex   -1.615000e+02 3.750002e+01 2.195981e+02
    endloop
  endfacet
  facet normal 5.372996e-01 -3.139760e-08 8.433914e-01
    outer loop
      vertex   -1.615000e+02 3.750002e+01 2.195981e+02
      vertex   -1.612793e+02 4.250002e+01 2.194575e+02
      vertex   -1.615000e+02 4.250002e+01 2.195981e+02
    endloop
  endfacet
  facet normal 4.617486e-01 -2.698271e-08 8.870108e-01
    outer loop
      vertex   -1.615000e+02 3.750002e+01 2.195981e+02
      vertex   -1.615000e+02 4.250002e+01 2.195981e+02
      vertex   -1.617321e+02 3.750002e+01 2.197189e+02
    endloop
  endfacet
  facet normal 4.617486e-01 -2.698271e-08 8.870108e-01
    outer loop
      vertex   -1.617321e+02 3.750002e+01 2.197189e+02
      vertex   -1.615000e+02 4.250002e+01 2.195981e+02
      vertex   -1.617321e+02 4.250002e+01 2.197189e+02
    endloop
  endfacet
  facet normal 3.826834e-01 -2.236246e-08 9.238795e-01
    outer loop
      vertex   -1.617321e+02 3.750002e+01 2.197189e+02
      vertex   -1.617321e+02 4.250002e+01 2.197189e+02
      vertex   -1.619739e+02 3.750002e+01 2.198191e+02
    endloop
  endfacet
  facet normal 3.826834e-01 -2.236245e-08 9.238795e-01
    outer loop
      vertex   -1.619739e+02 3.750002e+01 2.198191e+02
      vertex   -1.617321e+02 4.250002e+01 2.197189e+02
      vertex   -1.619739e+02 4.250002e+01 2.198191e+02
    endloop
  endfacet
  facet normal 3.007058e-01 -1.757201e-08 9.537170e-01
    outer loop
      vertex   -1.619739e+02 3.750002e+01 2.198191e+02
      vertex   -1.619739e+02 4.250002e+01 2.198191e+02
      vertex   -1.622235e+02 3.750002e+01 2.198978e+02
    endloop
  endfacet
  facet normal 3.007058e-01 -1.757202e-08 9.537170e-01
    outer loop
      vertex   -1.622235e+02 3.750002e+01 2.198978e+02
      vertex   -1.619739e+02 4.250002e+01 2.198191e+02
      vertex   -1.622235e+02 4.250002e+01 2.198978e+02
    endloop
  endfacet
  facet normal 2.164396e-01 -1.264785e-08 9.762960e-01
    outer loop
      vertex   -1.622235e+02 3.750002e+01 2.198978e+02
      vertex   -1.622235e+02 4.250002e+01 2.198978e+02
      vertex   -1.624791e+02 3.750002e+01 2.199544e+02
    endloop
  endfacet
  facet normal 2.164396e-01 -1.264786e-08 9.762960e-01
    outer loop
      vertex   -1.624791e+02 3.750002e+01 2.199544e+02
      vertex   -1.622235e+02 4.250002e+01 2.198978e+02
      vertex   -1.624791e+02 4.250002e+01 2.199544e+02
    endloop
  endfacet
  facet normal 1.305262e-01 -7.627430e-09 9.914449e-01
    outer loop
      vertex   -1.624791e+02 3.750002e+01 2.199544e+02
      vertex   -1.624791e+02 4.250002e+01 2.199544e+02
      vertex   -1.627385e+02 3.750002e+01 2.199886e+02
    endloop
  endfacet
  facet normal 1.305262e-01 -7.627418e-09 9.914449e-01
    outer loop
      vertex   -1.627385e+02 3.750002e+01 2.199886e+02
      vertex   -1.624791e+02 4.250002e+01 2.199544e+02
      vertex   -1.627385e+02 4.250002e+01 2.199886e+02
    endloop
  endfacet
  facet normal 4.361939e-02 -2.548939e-09 9.990482e-01
    outer loop
      vertex   -1.627385e+02 3.750002e+01 2.199886e+02
      vertex   -1.627385e+02 4.250002e+01 2.199886e+02
      vertex   -1.630000e+02 4.250002e+01 2.200000e+02
    endloop
  endfacet
  facet normal 4.361939e-02 -2.548939e-09 9.990482e-01
    outer loop
      vertex   -1.630000e+02 4.250002e+01 2.200000e+02
      vertex   -1.630000e+02 3.250002e+01 2.200000e+02
      vertex   -1.627385e+02 3.750002e+01 2.199886e+02
    endloop
  endfacet
  facet normal 4.361939e-02 -2.548939e-09 9.990482e-01
    outer loop
      vertex   -1.627385e+02 3.750002e+01 2.199886e+02
      vertex   -1.630000e+02 3.250002e+01 2.200000e+02
      vertex   -1.627385e+02 3.250002e+01 2.199886e+02
    endloop
  endfacet
  facet normal 1.305262e-01 -7.627419e-09 9.914449e-01
    outer loop
      vertex   -1.627385e+02 3.750002e+01 2.199886e+02
      vertex   -1.627385e+02 3.250002e+01 2.199886e+02
      vertex   -1.624791e+02 3.750002e+01 2.199544e+02
    endloop
  endfacet
  facet normal 1.305262e-01 -7.627408e-09 9.914449e-01
    outer loop
      vertex   -1.624791e+02 3.750002e+01 2.199544e+02
      vertex   -1.627385e+02 3.250002e+01 2.199886e+02
      vertex   -1.624791e+02 3.250002e+01 2.199544e+02
    endloop
  endfacet
  facet normal 2.164396e-01 -1.264784e-08 9.762960e-01
    outer loop
      vertex   -1.624791e+02 3.750002e+01 2.199544e+02
      vertex   -1.624791e+02 3.250002e+01 2.199544e+02
      vertex   -1.622235e+02 3.750002e+01 2.198978e+02
    endloop
  endfacet
  facet normal 2.164396e-01 -1.264785e-08 9.762960e-01
    outer loop
      vertex   -1.622235e+02 3.750002e+01 2.198978e+02
      vertex   -1.624791e+02 3.250002e+01 2.199544e+02
      vertex   -1.622235e+02 3.250002e+01 2.198978e+02
    endloop
  endfacet
  facet normal 3.007058e-01 -1.757202e-08 9.537170e-01
    outer loop
      vertex   -1.622235e+02 3.750002e+01 2.198978e+02
      vertex   -1.622235e+02 3.250002e+01 2.198978e+02
      vertex   -1.619739e+02 3.750002e+01 2.198191e+02
    endloop
  endfacet
  facet normal 3.007058e-01 -1.757203e-08 9.537170e-01
    outer loop
      vertex   -1.619739e+02 3.750002e+01 2.198191e+02
      vertex   -1.622235e+02 3.250002e+01 2.198978e+02
      vertex   -1.619739e+02 3.250002e+01 2.198191e+02
    endloop
  endfacet
  facet normal 3.826834e-01 -2.236247e-08 9.238795e-01
    outer loop
      vertex   -1.619739e+02 3.750002e+01 2.198191e+02
      vertex   -1.619739e+02 3.250002e+01 2.198191e+02
      vertex   -1.617321e+02 3.750002e+01 2.197189e+02
    endloop
  endfacet
  facet normal 3.826834e-01 -2.236246e-08 9.238795e-01
    outer loop
      vertex   -1.617321e+02 3.750002e+01 2.197189e+02
      vertex   -1.619739e+02 3.250002e+01 2.198191e+02
      vertex   -1.617321e+02 3.250002e+01 2.197189e+02
    endloop
  endfacet
  facet normal 4.617486e-01 -2.698271e-08 8.870108e-01
    outer loop
      vertex   -1.617321e+02 3.750002e+01 2.197189e+02
      vertex   -1.617321e+02 3.250002e+01 2.197189e+02
      vertex   -1.615000e+02 3.750002e+01 2.195981e+02
    endloop
  endfacet
  facet normal 4.617486e-01 -2.698271e-08 8.870108e-01
    outer loop
      vertex   -1.615000e+02 3.750002e+01 2.195981e+02
      vertex   -1.617321e+02 3.250002e+01 2.197189e+02
      vertex   -1.615000e+02 3.250002e+01 2.195981e+02
    endloop
  endfacet
  facet normal 5.372996e-01 -3.139760e-08 8.433914e-01
    outer loop
      vertex   -1.615000e+02 3.750002e+01 2.195981e+02
      vertex   -1.615000e+02 3.250002e+01 2.195981e+02
      vertex   -1.612793e+02 3.750002e+01 2.194575e+02
    endloop
  endfacet
  facet normal 5.372996e-01 -3.139760e-08 8.433914e-01
    outer loop
      vertex   -1.612793e+02 3.750002e+01 2.194575e+02
      vertex   -1.615000e+02 3.250002e+01 2.195981e+02
      vertex   -1.612793e+02 3.250002e+01 2.194575e+02
    endloop
  endfacet
  facet normal 6.087614e-01 -3.557354e-08 7.933533e-01
    outer loop
      vertex   -1.612793e+02 3.750002e+01 2.194575e+02
      vertex   -1.612793e+02 3.250002e+01 2.194575e+02
      vertex   -1.610716e+02 3.750002e+01 2.192981e+02
    endloop
  endfacet
  facet normal 6.087614e-01 -3.557354e-08 7.933533e-01
    outer loop
      vertex   -1.610716e+02 3.750002e+01 2.192981e+02
      vertex   -1.612793e+02 3.250002e+01 2.194575e+02
      vertex   -1.610716e+02 3.250002e+01 2.192981e+02
    endloop
  endfacet
  facet normal 6.755902e-01 -3.947874e-08 7.372773e-01
    outer loop
      vertex   -1.610716e+02 3.750002e+01 2.192981e+02
      vertex   -1.610716e+02 3.250002e+01 2.192981e+02
      vertex   -1.608787e+02 3.750002e+01 2.191213e+02
    endloop
  endfacet
  facet normal 6.755902e-01 -3.947874e-08 7.372773e-01
    outer loop
      vertex   -1.608787e+02 3.750002e+01 2.191213e+02
      vertex   -1.610716e+02 3.250002e+01 2.192981e+02
      vertex   -1.608787e+02 3.250002e+01 2.191213e+02
    endloop
  endfacet
  facet normal 7.372773e-01 -4.308349e-08 6.755902e-01
    outer loop
      vertex   -1.608787e+02 3.750002e+01 2.191213e+02
      vertex   -1.608787e+02 3.250002e+01 2.191213e+02
      vertex   -1.607019e+02 3.750002e+01 2.189284e+02
    endloop
  endfacet
  facet normal 7.372773e-01 -4.308349e-08 6.755902e-01
    outer loop
      vertex   -1.607019e+02 3.750002e+01 2.189284e+02
      vertex   -1.608787e+02 3.250002e+01 2.191213e+02
      vertex   -1.607019e+02 3.250002e+01 2.189284e+02
    endloop
  endfacet
  facet normal 7.933533e-01 -4.636034e-08 6.087614e-01
    outer loop
      vertex   -1.607019e+02 3.750002e+01 2.189284e+02
      vertex   -1.607019e+02 3.250002e+01 2.189284e+02
      vertex   -1.605425e+02 3.750002e+01 2.187207e+02
    endloop
  endfacet
  facet normal 7.933533e-01 -4.636034e-08 6.087614e-01
    outer loop
      vertex   -1.605425e+02 3.750002e+01 2.187207e+02
      vertex   -1.607019e+02 3.250002e+01 2.189284e+02
      vertex   -1.605425e+02 3.250002e+01 2.187207e+02
    endloop
  endfacet
  facet normal 8.433914e-01 -4.928436e-08 5.372996e-01
    outer loop
      vertex   -1.605425e+02 3.750002e+01 2.187207e+02
      vertex   -1.605425e+02 3.250002e+01 2.187207e+02
      vertex   -1.604019e+02 3.750002e+01 2.185000e+02
    endloop
  endfacet
  facet normal 8.433914e-01 -4.928436e-08 5.372996e-01
    outer loop
      vertex   -1.604019e+02 3.750002e+01 2.185000e+02
      vertex   -1.605425e+02 3.250002e+01 2.187207e+02
      vertex   -1.604019e+02 3.250002e+01 2.185000e+02
    endloop
  endfacet
  facet normal 8.870108e-01 -5.183330e-08 4.617486e-01
    outer loop
      vertex   -1.604019e+02 3.750002e+01 2.185000e+02
      vertex   -1.604019e+02 3.250002e+01 2.185000e+02
      vertex   -1.602811e+02 3.750002e+01 2.182679e+02
    endloop
  endfacet
  facet normal 8.870108e-01 -5.183331e-08 4.617486e-01
    outer loop
      vertex   -1.602811e+02 3.750002e+01 2.182679e+02
      vertex   -1.604019e+02 3.250002e+01 2.185000e+02
      vertex   -1.602811e+02 3.250002e+01 2.182679e+02
    endloop
  endfacet
  facet normal 9.238795e-01 -5.398776e-08 3.826834e-01
    outer loop
      vertex   -1.602811e+02 3.750002e+01 2.182679e+02
      vertex   -1.602811e+02 3.250002e+01 2.182679e+02
      vertex   -1.601809e+02 3.750002e+01 2.180261e+02
    endloop
  endfacet
  facet normal 9.238795e-01 -5.398776e-08 3.826834e-01
    outer loop
      vertex   -1.601809e+02 3.750002e+01 2.180261e+02
      vertex   -1.602811e+02 3.250002e+01 2.182679e+02
      vertex   -1.601809e+02 3.250002e+01 2.180261e+02
    endloop
  endfacet
  facet normal 9.537170e-01 -5.573134e-08 3.007058e-01
    outer loop
      vertex   -1.601809e+02 3.750002e+01 2.180261e+02
      vertex   -1.601809e+02 3.250002e+01 2.180261e+02
      vertex   -1.601022e+02 3.750002e+01 2.177765e+02
    endloop
  endfacet
  facet normal 9.537170e-01 -5.573135e-08 3.007058e-01
    outer loop
      vertex   -1.601022e+02 3.750002e+01 2.177765e+02
      vertex   -1.601809e+02 3.250002e+01 2.180261e+02
      vertex   -1.601022e+02 3.250002e+01 2.177765e+02
    endloop
  endfacet
  facet normal 9.762960e-01 -5.705077e-08 2.164396e-01
    outer loop
      vertex   -1.601022e+02 3.750002e+01 2.177765e+02
      vertex   -1.601022e+02 3.250002e+01 2.177765e+02
      vertex   -1.600456e+02 3.750002e+01 2.175209e+02
    endloop
  endfacet
  facet normal 9.762960e-01 -5.705076e-08 2.164396e-01
    outer loop
      vertex   -1.600456e+02 3.750002e+01 2.175209e+02
      vertex   -1.601022e+02 3.250002e+01 2.177765e+02
      vertex   -1.600456e+02 3.250002e+01 2.175209e+02
    endloop
  endfacet
  facet normal 9.914449e-01 -5.793599e-08 1.305262e-01
    outer loop
      vertex   -1.600456e+02 3.750002e+01 2.175209e+02
      vertex   -1.600456e+02 3.250002e+01 2.175209e+02
      vertex   -1.600114e+02 3.750002e+01 2.172615e+02
    endloop
  endfacet
  facet normal 9.914449e-01 -5.793601e-08 1.305262e-01
    outer loop
      vertex   -1.600114e+02 3.750002e+01 2.172615e+02
      vertex   -1.600456e+02 3.250002e+01 2.175209e+02
      vertex   -1.600114e+02 3.250002e+01 2.172615e+02
    endloop
  endfacet
  facet normal 9.990482e-01 -5.838032e-08 4.361939e-02
    outer loop
      vertex   -1.600114e+02 3.750002e+01 2.172615e+02
      vertex   -1.600114e+02 3.250002e+01 2.172615e+02
      vertex   -1.600000e+02 3.250002e+01 2.170000e+02
    endloop
  endfacet
  facet normal 9.994170e-01 -5.840186e-08 3.414111e-02
    outer loop
      vertex   -1.975117e+02 3.250002e+01 2.103412e+02
      vertex   -1.975117e+02 3.010002e+01 2.103412e+02
      vertex   -1.975000e+02 3.250002e+01 2.100000e+02
    endloop
  endfacet
  facet normal 9.994170e-01 -5.840186e-08 3.414111e-02
    outer loop
      vertex   -1.975000e+02 3.250002e+01 2.100000e+02
      vertex   -1.975117e+02 3.010002e+01 2.103412e+02
      vertex   -1.975000e+02 3.010002e+01 2.100000e+02
    endloop
  endfacet
  facet normal 9.994170e-01 -5.840186e-08 -3.414111e-02
    outer loop
      vertex   -1.975000e+02 3.250002e+01 2.100000e+02
      vertex   -1.975000e+02 3.010002e+01 2.100000e+02
      vertex   -1.975117e+02 3.010002e+01 2.096588e+02
    endloop
  endfacet
  facet normal 9.947573e-01 -5.812956e-08 1.022641e-01
    outer loop
      vertex   -1.975117e+02 3.250002e+01 2.103412e+02
      vertex   -1.975466e+02 3.250002e+01 2.106808e+02
      vertex   -1.975117e+02 3.010002e+01 2.103412e+02
    endloop
  endfacet
  facet normal 9.947573e-01 -5.812955e-08 1.022641e-01
    outer loop
      vertex   -1.975117e+02 3.010002e+01 2.103412e+02
      vertex   -1.975466e+02 3.250002e+01 2.106808e+02
      vertex   -1.975466e+02 3.010002e+01 2.106808e+02
    endloop
  endfacet
  facet normal 9.854595e-01 -5.758623e-08 1.699104e-01
    outer loop
      vertex   -1.975466e+02 3.010002e+01 2.106808e+02
      vertex   -1.975466e+02 3.250002e+01 2.106808e+02
      vertex   -1.976046e+02 3.250002e+01 2.110173e+02
    endloop
  endfacet
  facet normal 9.854595e-01 -5.758624e-08 1.699104e-01
    outer loop
      vertex   -1.975466e+02 3.010002e+01 2.106808e+02
      vertex   -1.976046e+02 3.250002e+01 2.110173e+02
      vertex   -1.976046e+02 3.010002e+01 2.110173e+02
    endloop
  endfacet
  facet normal 9.715671e-01 -5.677442e-08 2.367644e-01
    outer loop
      vertex   -1.976046e+02 3.010002e+01 2.110173e+02
      vertex   -1.976046e+02 3.250002e+01 2.110173e+02
      vertex   -1.976854e+02 3.250002e+01 2.113490e+02
    endloop
  endfacet
  facet normal 9.715671e-01 -5.677443e-08 2.367644e-01
    outer loop
      vertex   -1.976046e+02 3.010002e+01 2.110173e+02
      vertex   -1.976854e+02 3.250002e+01 2.113490e+02
      vertex   -1.976854e+02 3.010002e+01 2.113490e+02
    endloop
  endfacet
  facet normal 9.531448e-01 -5.569791e-08 3.025146e-01
    outer loop
      vertex   -1.976854e+02 3.010002e+01 2.113490e+02
      vertex   -1.976854e+02 3.250002e+01 2.113490e+02
      vertex   -1.977887e+02 3.250002e+01 2.116744e+02
    endloop
  endfacet
  facet normal 9.531448e-01 -5.569790e-08 3.025146e-01
    outer loop
      vertex   -1.976854e+02 3.010002e+01 2.113490e+02
      vertex   -1.977887e+02 3.250002e+01 2.116744e+02
      vertex   -1.977887e+02 3.010002e+01 2.116744e+02
    endloop
  endfacet
  facet normal 9.302784e-01 -5.436168e-08 3.668542e-01
    outer loop
      vertex   -1.977887e+02 3.010002e+01 2.116744e+02
      vertex   -1.977887e+02 3.250002e+01 2.116744e+02
      vertex   -1.979139e+02 3.250002e+01 2.119920e+02
    endloop
  endfacet
  facet normal 9.302784e-01 -5.436169e-08 3.668542e-01
    outer loop
      vertex   -1.977887e+02 3.010002e+01 2.116744e+02
      vertex   -1.979139e+02 3.250002e+01 2.119920e+02
      vertex   -1.979139e+02 3.010002e+01 2.119920e+02
    endloop
  endfacet
  facet normal 9.030747e-01 -5.277202e-08 4.294834e-01
    outer loop
      vertex   -1.979139e+02 3.010002e+01 2.119920e+02
      vertex   -1.979139e+02 3.250002e+01 2.119920e+02
      vertex   -1.980606e+02 3.250002e+01 2.123003e+02
    endloop
  endfacet
  facet normal 9.030747e-01 -5.277201e-08 4.294834e-01
    outer loop
      vertex   -1.979139e+02 3.010002e+01 2.119920e+02
      vertex   -1.980606e+02 3.250002e+01 2.123003e+02
      vertex   -1.980606e+02 3.010002e+01 2.123003e+02
    endloop
  endfacet
  facet normal 8.716605e-01 -5.093629e-08 4.901102e-01
    outer loop
      vertex   -1.980606e+02 3.010002e+01 2.123003e+02
      vertex   -1.980606e+02 3.250002e+01 2.123003e+02
      vertex   -1.982279e+02 3.250002e+01 2.125979e+02
    endloop
  endfacet
  facet normal 8.716605e-01 -5.093629e-08 4.901102e-01
    outer loop
      vertex   -1.980606e+02 3.010002e+01 2.123003e+02
      vertex   -1.982279e+02 3.250002e+01 2.125979e+02
      vertex   -1.982279e+02 3.010002e+01 2.125979e+02
    endloop
  endfacet
  facet normal 8.361821e-01 -4.886308e-08 5.484519e-01
    outer loop
      vertex   -1.982279e+02 3.010002e+01 2.125979e+02
      vertex   -1.982279e+02 3.250002e+01 2.125979e+02
      vertex   -1.984151e+02 3.250002e+01 2.128834e+02
    endloop
  endfacet
  facet normal 8.361821e-01 -4.886306e-08 5.484519e-01
    outer loop
      vertex   -1.982279e+02 3.010002e+01 2.125979e+02
      vertex   -1.984151e+02 3.250002e+01 2.128834e+02
      vertex   -1.984151e+02 3.010002e+01 2.128834e+02
    endloop
  endfacet
  facet normal 7.968051e-01 -4.656202e-08 6.042364e-01
    outer loop
      vertex   -1.984151e+02 3.010002e+01 2.128834e+02
      vertex   -1.984151e+02 3.250002e+01 2.128834e+02
      vertex   -1.986214e+02 3.250002e+01 2.131554e+02
    endloop
  endfacet
  facet normal 7.968051e-01 -4.656204e-08 6.042364e-01
    outer loop
      vertex   -1.984151e+02 3.010002e+01 2.128834e+02
      vertex   -1.986214e+02 3.250002e+01 2.131554e+02
      vertex   -1.986214e+02 3.010002e+01 2.131554e+02
    endloop
  endfacet
  facet normal 7.537130e-01 -4.404392e-08 6.572037e-01
    outer loop
      vertex   -1.986214e+02 3.010002e+01 2.131554e+02
      vertex   -1.986214e+02 3.250002e+01 2.131554e+02
      vertex   -1.988458e+02 3.250002e+01 2.134128e+02
    endloop
  endfacet
  facet normal 7.537130e-01 -4.404391e-08 6.572037e-01
    outer loop
      vertex   -1.986214e+02 3.010002e+01 2.131554e+02
      vertex   -1.988458e+02 3.250002e+01 2.134128e+02
      vertex   -1.988458e+02 3.010002e+01 2.134128e+02
    endloop
  endfacet
  facet normal 7.071068e-01 -4.132043e-08 7.071068e-01
    outer loop
      vertex   -1.988458e+02 3.010002e+01 2.134128e+02
      vertex   -1.988458e+02 3.250002e+01 2.134128e+02
      vertex   -1.990872e+02 3.250002e+01 2.136542e+02
    endloop
  endfacet
  facet normal 7.071068e-01 -4.132044e-08 7.071068e-01
    outer loop
      vertex   -1.988458e+02 3.010002e+01 2.134128e+02
      vertex   -1.990872e+02 3.250002e+01 2.136542e+02
      vertex   -1.990872e+02 3.010002e+01 2.136542e+02
    endloop
  endfacet
  facet normal 6.572037e-01 -3.840430e-08 7.537130e-01
    outer loop
      vertex   -1.990872e+02 3.010002e+01 2.136542e+02
      vertex   -1.990872e+02 3.250002e+01 2.136542e+02
      vertex   -1.993446e+02 3.250002e+01 2.138786e+02
    endloop
  endfacet
  facet normal 6.572037e-01 -3.840430e-08 7.537130e-01
    outer loop
      vertex   -1.990872e+02 3.010002e+01 2.136542e+02
      vertex   -1.993446e+02 3.250002e+01 2.138786e+02
      vertex   -1.993446e+02 3.010002e+01 2.138786e+02
    endloop
  endfacet
  facet normal 6.042364e-01 -3.530911e-08 7.968051e-01
    outer loop
      vertex   -1.993446e+02 3.010002e+01 2.138786e+02
      vertex   -1.993446e+02 3.250002e+01 2.138786e+02
      vertex   -1.996166e+02 3.250002e+01 2.140849e+02
    endloop
  endfacet
  facet normal 6.042364e-01 -3.530911e-08 7.968051e-01
    outer loop
      vertex   -1.993446e+02 3.010002e+01 2.138786e+02
      vertex   -1.996166e+02 3.250002e+01 2.140849e+02
      vertex   -1.996166e+02 3.010002e+01 2.140849e+02
    endloop
  endfacet
  facet normal 5.484519e-01 -3.204929e-08 8.361821e-01
    outer loop
      vertex   -1.996166e+02 3.010002e+01 2.140849e+02
      vertex   -1.996166e+02 3.250002e+01 2.140849e+02
      vertex   -1.999021e+02 3.250002e+01 2.142721e+02
    endloop
  endfacet
  facet normal 5.484519e-01 -3.204930e-08 8.361821e-01
    outer loop
      vertex   -1.996166e+02 3.010002e+01 2.140849e+02
      vertex   -1.999021e+02 3.250002e+01 2.142721e+02
      vertex   -1.999021e+02 3.010002e+01 2.142721e+02
    endloop
  endfacet
  facet normal 4.901102e-01 -2.864005e-08 8.716605e-01
    outer loop
      vertex   -1.999021e+02 3.010002e+01 2.142721e+02
      vertex   -1.999021e+02 3.250002e+01 2.142721e+02
      vertex   -2.001997e+02 3.250002e+01 2.144394e+02
    endloop
  endfacet
  facet normal 4.901102e-01 -2.864004e-08 8.716605e-01
    outer loop
      vertex   -1.999021e+02 3.010002e+01 2.142721e+02
      vertex   -2.001997e+02 3.250002e+01 2.144394e+02
      vertex   -2.001997e+02 3.010002e+01 2.144394e+02
    endloop
  endfacet
  facet normal 4.294834e-01 -2.509726e-08 9.030747e-01
    outer loop
      vertex   -2.001997e+02 3.010002e+01 2.144394e+02
      vertex   -2.001997e+02 3.250002e+01 2.144394e+02
      vertex   -2.005080e+02 3.250002e+01 2.145861e+02
    endloop
  endfacet
  facet normal 4.294834e-01 -2.509726e-08 9.030747e-01
    outer loop
      vertex   -2.001997e+02 3.010002e+01 2.144394e+02
      vertex   -2.005080e+02 3.250002e+01 2.145861e+02
      vertex   -2.005080e+02 3.010002e+01 2.145861e+02
    endloop
  endfacet
  facet normal 3.668542e-01 -2.143746e-08 9.302784e-01
    outer loop
      vertex   -2.005080e+02 3.010002e+01 2.145861e+02
      vertex   -2.005080e+02 3.250002e+01 2.145861e+02
      vertex   -2.008256e+02 3.250002e+01 2.147113e+02
    endloop
  endfacet
  facet normal 3.668542e-01 -2.143747e-08 9.302784e-01
    outer loop
      vertex   -2.005080e+02 3.010002e+01 2.145861e+02
      vertex   -2.008256e+02 3.250002e+01 2.147113e+02
      vertex   -2.008256e+02 3.010002e+01 2.147113e+02
    endloop
  endfacet
  facet normal 3.025146e-01 -1.767772e-08 9.531448e-01
    outer loop
      vertex   -2.008256e+02 3.010002e+01 2.147113e+02
      vertex   -2.008256e+02 3.250002e+01 2.147113e+02
      vertex   -2.011510e+02 3.250002e+01 2.148146e+02
    endloop
  endfacet
  facet normal 3.025146e-01 -1.767772e-08 9.531448e-01
    outer loop
      vertex   -2.008256e+02 3.010002e+01 2.147113e+02
      vertex   -2.011510e+02 3.250002e+01 2.148146e+02
      vertex   -2.011510e+02 3.010002e+01 2.148146e+02
    endloop
  endfacet
  facet normal 2.367644e-01 -1.383555e-08 9.715671e-01
    outer loop
      vertex   -2.011510e+02 3.010002e+01 2.148146e+02
      vertex   -2.011510e+02 3.250002e+01 2.148146e+02
      vertex   -2.014827e+02 3.250002e+01 2.148954e+02
    endloop
  endfacet
  facet normal 2.367644e-01 -1.383554e-08 9.715671e-01
    outer loop
      vertex   -2.011510e+02 3.010002e+01 2.148146e+02
      vertex   -2.014827e+02 3.250002e+01 2.148954e+02
      vertex   -2.014827e+02 3.010002e+01 2.148954e+02
    endloop
  endfacet
  facet normal 1.699104e-01 -9.928868e-09 9.854595e-01
    outer loop
      vertex   -2.014827e+02 3.010002e+01 2.148954e+02
      vertex   -2.014827e+02 3.250002e+01 2.148954e+02
      vertex   -2.018192e+02 3.250002e+01 2.149534e+02
    endloop
  endfacet
  facet normal 1.699104e-01 -9.928872e-09 9.854595e-01
    outer loop
      vertex   -2.014827e+02 3.010002e+01 2.148954e+02
      vertex   -2.018192e+02 3.250002e+01 2.149534e+02
      vertex   -2.018192e+02 3.010002e+01 2.149534e+02
    endloop
  endfacet
  facet normal 1.022641e-01 -5.975901e-09 9.947573e-01
    outer loop
      vertex   -2.018192e+02 3.010002e+01 2.149534e+02
      vertex   -2.018192e+02 3.250002e+01 2.149534e+02
      vertex   -2.021588e+02 3.250002e+01 2.149883e+02
    endloop
  endfacet
  facet normal 1.022641e-01 -5.975900e-09 9.947573e-01
    outer loop
      vertex   -2.018192e+02 3.010002e+01 2.149534e+02
      vertex   -2.021588e+02 3.250002e+01 2.149883e+02
      vertex   -2.021588e+02 3.010002e+01 2.149883e+02
    endloop
  endfacet
  facet normal 3.414111e-02 -1.995067e-09 9.994170e-01
    outer loop
      vertex   -2.021588e+02 3.010002e+01 2.149883e+02
      vertex   -2.021588e+02 3.250002e+01 2.149883e+02
      vertex   -2.025000e+02 3.250002e+01 2.150000e+02
    endloop
  endfacet
  facet normal 3.414111e-02 -1.995067e-09 9.994170e-01
    outer loop
      vertex   -2.021588e+02 3.010002e+01 2.149883e+02
      vertex   -2.025000e+02 3.250002e+01 2.150000e+02
      vertex   -2.025000e+02 3.010002e+01 2.150000e+02
    endloop
  endfacet
  facet normal -3.414111e-02 1.995067e-09 9.994170e-01
    outer loop
      vertex   -2.025000e+02 3.010002e+01 2.150000e+02
      vertex   -2.025000e+02 3.250002e+01 2.150000e+02
      vertex   -2.028412e+02 3.250002e+01 2.149883e+02
    endloop
  endfacet
  facet normal -3.414111e-02 1.995067e-09 9.994170e-01
    outer loop
      vertex   -2.025000e+02 3.010002e+01 2.150000e+02
      vertex   -2.028412e+02 3.250002e+01 2.149883e+02
      vertex   -2.028412e+02 3.010002e+01 2.149883e+02
    endloop
  endfacet
  facet normal -1.022641e-01 5.975899e-09 9.947573e-01
    outer loop
      vertex   -2.028412e+02 3.010002e+01 2.149883e+02
      vertex   -2.028412e+02 3.250002e+01 2.149883e+02
      vertex   -2.031808e+02 3.250002e+01 2.149534e+02
    endloop
  endfacet
  facet normal -1.022641e-01 5.975899e-09 9.947573e-01
    outer loop
      vertex   -2.028412e+02 3.010002e+01 2.149883e+02
      vertex   -2.031808e+02 3.250002e+01 2.149534e+02
      vertex   -2.031808e+02 3.010002e+01 2.149534e+02
    endloop
  endfacet
  facet normal -1.699104e-01 9.928869e-09 9.854595e-01
    outer loop
      vertex   -2.031808e+02 3.010002e+01 2.149534e+02
      vertex   -2.031808e+02 3.250002e+01 2.149534e+02
      vertex   -2.035173e+02 3.250002e+01 2.148954e+02
    endloop
  endfacet
  facet normal -1.699104e-01 9.928873e-09 9.854595e-01
    outer loop
      vertex   -2.031808e+02 3.010002e+01 2.149534e+02
      vertex   -2.035173e+02 3.250002e+01 2.148954e+02
      vertex   -2.035173e+02 3.010002e+01 2.148954e+02
    endloop
  endfacet
  facet normal -2.367644e-01 1.383555e-08 9.715671e-01
    outer loop
      vertex   -2.035173e+02 3.010002e+01 2.148954e+02
      vertex   -2.035173e+02 3.250002e+01 2.148954e+02
      vertex   -2.038490e+02 3.250002e+01 2.148146e+02
    endloop
  endfacet
  facet normal -2.367644e-01 1.383555e-08 9.715671e-01
    outer loop
      vertex   -2.035173e+02 3.010002e+01 2.148954e+02
      vertex   -2.038490e+02 3.250002e+01 2.148146e+02
      vertex   -2.038490e+02 3.010002e+01 2.148146e+02
    endloop
  endfacet
  facet normal -3.025146e-01 1.767772e-08 9.531448e-01
    outer loop
      vertex   -2.038490e+02 3.010002e+01 2.148146e+02
      vertex   -2.038490e+02 3.250002e+01 2.148146e+02
      vertex   -2.041744e+02 3.250002e+01 2.147113e+02
    endloop
  endfacet
  facet normal -3.025146e-01 1.767772e-08 9.531448e-01
    outer loop
      vertex   -2.038490e+02 3.010002e+01 2.148146e+02
      vertex   -2.041744e+02 3.250002e+01 2.147113e+02
      vertex   -2.041744e+02 3.010002e+01 2.147113e+02
    endloop
  endfacet
  facet normal -3.668542e-01 2.143746e-08 9.302784e-01
    outer loop
      vertex   -2.041744e+02 3.010002e+01 2.147113e+02
      vertex   -2.041744e+02 3.250002e+01 2.147113e+02
      vertex   -2.044920e+02 3.250002e+01 2.145861e+02
    endloop
  endfacet
  facet normal -3.668542e-01 2.143747e-08 9.302784e-01
    outer loop
      vertex   -2.041744e+02 3.010002e+01 2.147113e+02
      vertex   -2.044920e+02 3.250002e+01 2.145861e+02
      vertex   -2.044920e+02 3.010002e+01 2.145861e+02
    endloop
  endfacet
  facet normal -4.294834e-01 2.509727e-08 9.030747e-01
    outer loop
      vertex   -2.044920e+02 3.010002e+01 2.145861e+02
      vertex   -2.044920e+02 3.250002e+01 2.145861e+02
      vertex   -2.048003e+02 3.250002e+01 2.144394e+02
    endloop
  endfacet
  facet normal -4.294834e-01 2.509726e-08 9.030747e-01
    outer loop
      vertex   -2.044920e+02 3.010002e+01 2.145861e+02
      vertex   -2.048003e+02 3.250002e+01 2.144394e+02
      vertex   -2.048003e+02 3.010002e+01 2.144394e+02
    endloop
  endfacet
  facet normal -4.901102e-01 2.864004e-08 8.716605e-01
    outer loop
      vertex   -2.048003e+02 3.010002e+01 2.144394e+02
      vertex   -2.048003e+02 3.250002e+01 2.144394e+02
      vertex   -2.050979e+02 3.250002e+01 2.142721e+02
    endloop
  endfacet
  facet normal -4.901102e-01 2.864004e-08 8.716605e-01
    outer loop
      vertex   -2.048003e+02 3.010002e+01 2.144394e+02
      vertex   -2.050979e+02 3.250002e+01 2.142721e+02
      vertex   -2.050979e+02 3.010002e+01 2.142721e+02
    endloop
  endfacet
  facet normal -5.484519e-01 3.204929e-08 8.361821e-01
    outer loop
      vertex   -2.050979e+02 3.010002e+01 2.142721e+02
      vertex   -2.050979e+02 3.250002e+01 2.142721e+02
      vertex   -2.053834e+02 3.250002e+01 2.140849e+02
    endloop
  endfacet
  facet normal -5.484519e-01 3.204929e-08 8.361821e-01
    outer loop
      vertex   -2.050979e+02 3.010002e+01 2.142721e+02
      vertex   -2.053834e+02 3.250002e+01 2.140849e+02
      vertex   -2.053834e+02 3.010002e+01 2.140849e+02
    endloop
  endfacet
  facet normal -6.042364e-01 3.530911e-08 7.968051e-01
    outer loop
      vertex   -2.053834e+02 3.010002e+01 2.140849e+02
      vertex   -2.053834e+02 3.250002e+01 2.140849e+02
      vertex   -2.056554e+02 3.250002e+01 2.138786e+02
    endloop
  endfacet
  facet normal -6.042364e-01 3.530911e-08 7.968051e-01
    outer loop
      vertex   -2.053834e+02 3.010002e+01 2.140849e+02
      vertex   -2.056554e+02 3.250002e+01 2.138786e+02
      vertex   -2.056554e+02 3.010002e+01 2.138786e+02
    endloop
  endfacet
  facet normal -6.572037e-01 3.840430e-08 7.537130e-01
    outer loop
      vertex   -2.056554e+02 3.010002e+01 2.138786e+02
      vertex   -2.056554e+02 3.250002e+01 2.138786e+02
      vertex   -2.059128e+02 3.250002e+01 2.136542e+02
    endloop
  endfacet
  facet normal -6.572037e-01 3.840430e-08 7.537130e-01
    outer loop
      vertex   -2.056554e+02 3.010002e+01 2.138786e+02
      vertex   -2.059128e+02 3.250002e+01 2.136542e+02
      vertex   -2.059128e+02 3.010002e+01 2.136542e+02
    endloop
  endfacet
  facet normal -7.071068e-01 4.132043e-08 7.071068e-01
    outer loop
      vertex   -2.059128e+02 3.010002e+01 2.136542e+02
      vertex   -2.059128e+02 3.250002e+01 2.136542e+02
      vertex   -2.061542e+02 3.250002e+01 2.134128e+02
    endloop
  endfacet
  facet normal -7.071068e-01 4.132044e-08 7.071068e-01
    outer loop
      vertex   -2.059128e+02 3.010002e+01 2.136542e+02
      vertex   -2.061542e+02 3.250002e+01 2.134128e+02
      vertex   -2.061542e+02 3.010002e+01 2.134128e+02
    endloop
  endfacet
  facet normal -7.537130e-01 4.404392e-08 6.572037e-01
    outer loop
      vertex   -2.061542e+02 3.010002e+01 2.134128e+02
      vertex   -2.061542e+02 3.250002e+01 2.134128e+02
      vertex   -2.063786e+02 3.250002e+01 2.131554e+02
    endloop
  endfacet
  facet normal -7.537130e-01 4.404391e-08 6.572037e-01
    outer loop
      vertex   -2.061542e+02 3.010002e+01 2.134128e+02
      vertex   -2.063786e+02 3.250002e+01 2.131554e+02
      vertex   -2.063786e+02 3.010002e+01 2.131554e+02
    endloop
  endfacet
  facet normal -7.968051e-01 4.656203e-08 6.042364e-01
    outer loop
      vertex   -2.063786e+02 3.010002e+01 2.131554e+02
      vertex   -2.063786e+02 3.250002e+01 2.131554e+02
      vertex   -2.065848e+02 3.250002e+01 2.128834e+02
    endloop
  endfacet
  facet normal -7.968051e-01 4.656204e-08 6.042364e-01
    outer loop
      vertex   -2.063786e+02 3.010002e+01 2.131554e+02
      vertex   -2.065848e+02 3.250002e+01 2.128834e+02
      vertex   -2.065848e+02 3.010002e+01 2.128834e+02
    endloop
  endfacet
  facet normal -8.361821e-01 4.886308e-08 5.484519e-01
    outer loop
      vertex   -2.065848e+02 3.010002e+01 2.128834e+02
      vertex   -2.065848e+02 3.250002e+01 2.128834e+02
      vertex   -2.067721e+02 3.250002e+01 2.125979e+02
    endloop
  endfacet
  facet normal -8.361821e-01 4.886307e-08 5.484519e-01
    outer loop
      vertex   -2.065848e+02 3.010002e+01 2.128834e+02
      vertex   -2.067721e+02 3.250002e+01 2.125979e+02
      vertex   -2.067721e+02 3.010002e+01 2.125979e+02
    endloop
  endfacet
  facet normal -8.716605e-01 5.093628e-08 4.901102e-01
    outer loop
      vertex   -2.067721e+02 3.010002e+01 2.125979e+02
      vertex   -2.067721e+02 3.250002e+01 2.125979e+02
      vertex   -2.069394e+02 3.250002e+01 2.123003e+02
    endloop
  endfacet
  facet normal -8.716605e-01 5.093628e-08 4.901102e-01
    outer loop
      vertex   -2.067721e+02 3.010002e+01 2.125979e+02
      vertex   -2.069394e+02 3.250002e+01 2.123003e+02
      vertex   -2.069394e+02 3.010002e+01 2.123003e+02
    endloop
  endfacet
  facet normal -9.030747e-01 5.277200e-08 4.294834e-01
    outer loop
      vertex   -2.069394e+02 3.010002e+01 2.123003e+02
      vertex   -2.069394e+02 3.250002e+01 2.123003e+02
      vertex   -2.070861e+02 3.250002e+01 2.119920e+02
    endloop
  endfacet
  facet normal -9.030747e-01 5.277200e-08 4.294834e-01
    outer loop
      vertex   -2.069394e+02 3.010002e+01 2.123003e+02
      vertex   -2.070861e+02 3.250002e+01 2.119920e+02
      vertex   -2.070861e+02 3.010002e+01 2.119920e+02
    endloop
  endfacet
  facet normal -9.302784e-01 5.436167e-08 3.668542e-01
    outer loop
      vertex   -2.070861e+02 3.010002e+01 2.119920e+02
      vertex   -2.070861e+02 3.250002e+01 2.119920e+02
      vertex   -2.072113e+02 3.250002e+01 2.116744e+02
    endloop
  endfacet
  facet normal -9.302784e-01 5.436167e-08 3.668542e-01
    outer loop
      vertex   -2.070861e+02 3.010002e+01 2.119920e+02
      vertex   -2.072113e+02 3.250002e+01 2.116744e+02
      vertex   -2.072113e+02 3.010002e+01 2.116744e+02
    endloop
  endfacet
  facet normal -9.531448e-01 5.569788e-08 3.025146e-01
    outer loop
      vertex   -2.072113e+02 3.010002e+01 2.116744e+02
      vertex   -2.072113e+02 3.250002e+01 2.116744e+02
      vertex   -2.073146e+02 3.250002e+01 2.113490e+02
    endloop
  endfacet
  facet normal -9.531448e-01 5.569788e-08 3.025146e-01
    outer loop
      vertex   -2.072113e+02 3.010002e+01 2.116744e+02
      vertex   -2.073146e+02 3.250002e+01 2.113490e+02
      vertex   -2.073146e+02 3.010002e+01 2.113490e+02
    endloop
  endfacet
  facet normal -9.715671e-01 5.677441e-08 2.367644e-01
    outer loop
      vertex   -2.073146e+02 3.010002e+01 2.113490e+02
      vertex   -2.073146e+02 3.250002e+01 2.113490e+02
      vertex   -2.073954e+02 3.250002e+01 2.110173e+02
    endloop
  endfacet
  facet normal -9.715671e-01 5.677441e-08 2.367644e-01
    outer loop
      vertex   -2.073146e+02 3.010002e+01 2.113490e+02
      vertex   -2.073954e+02 3.250002e+01 2.110173e+02
      vertex   -2.073954e+02 3.010002e+01 2.110173e+02
    endloop
  endfacet
  facet normal -9.854595e-01 5.758623e-08 1.699104e-01
    outer loop
      vertex   -2.073954e+02 3.010002e+01 2.110173e+02
      vertex   -2.073954e+02 3.250002e+01 2.110173e+02
      vertex   -2.074534e+02 3.250002e+01 2.106808e+02
    endloop
  endfacet
  facet normal -9.854595e-01 5.758623e-08 1.699104e-01
    outer loop
      vertex   -2.073954e+02 3.010002e+01 2.110173e+02
      vertex   -2.074534e+02 3.250002e+01 2.106808e+02
      vertex   -2.074534e+02 3.010002e+01 2.106808e+02
    endloop
  endfacet
  facet normal -9.947573e-01 5.812955e-08 1.022641e-01
    outer loop
      vertex   -2.074534e+02 3.010002e+01 2.106808e+02
      vertex   -2.074534e+02 3.250002e+01 2.106808e+02
      vertex   -2.074883e+02 3.250002e+01 2.103412e+02
    endloop
  endfacet
  facet normal -9.947573e-01 5.812955e-08 1.022641e-01
    outer loop
      vertex   -2.074534e+02 3.010002e+01 2.106808e+02
      vertex   -2.074883e+02 3.250002e+01 2.103412e+02
      vertex   -2.074883e+02 3.010002e+01 2.103412e+02
    endloop
  endfacet
  facet normal -9.994170e-01 5.840185e-08 3.414111e-02
    outer loop
      vertex   -2.074883e+02 3.010002e+01 2.103412e+02
      vertex   -2.074883e+02 3.250002e+01 2.103412e+02
      vertex   -2.075000e+02 3.250002e+01 2.100000e+02
    endloop
  endfacet
  facet normal -9.994170e-01 5.840185e-08 3.414111e-02
    outer loop
      vertex   -2.074883e+02 3.010002e+01 2.103412e+02
      vertex   -2.075000e+02 3.250002e+01 2.100000e+02
      vertex   -2.075000e+02 3.010002e+01 2.100000e+02
    endloop
  endfacet
  facet normal -9.994170e-01 5.840185e-08 -3.414111e-02
    outer loop
      vertex   -2.075000e+02 3.010002e+01 2.100000e+02
      vertex   -2.075000e+02 3.250002e+01 2.100000e+02
      vertex   -2.074883e+02 3.010002e+01 2.096588e+02
    endloop
  endfacet
  facet normal -9.994170e-01 5.840185e-08 -3.414111e-02
    outer loop
      vertex   -2.074883e+02 3.010002e+01 2.096588e+02
      vertex   -2.075000e+02 3.250002e+01 2.100000e+02
      vertex   -2.074883e+02 3.250002e+01 2.096588e+02
    endloop
  endfacet
  facet normal -9.947573e-01 5.812955e-08 -1.022641e-01
    outer loop
      vertex   -2.074883e+02 3.010002e+01 2.096588e+02
      vertex   -2.074883e+02 3.250002e+01 2.096588e+02
      vertex   -2.074534e+02 3.010002e+01 2.093192e+02
    endloop
  endfacet
  facet normal -9.947573e-01 5.812955e-08 -1.022641e-01
    outer loop
      vertex   -2.074534e+02 3.010002e+01 2.093192e+02
      vertex   -2.074883e+02 3.250002e+01 2.096588e+02
      vertex   -2.074534e+02 3.250002e+01 2.093192e+02
    endloop
  endfacet
  facet normal -9.854595e-01 5.758623e-08 -1.699104e-01
    outer loop
      vertex   -2.074534e+02 3.010002e+01 2.093192e+02
      vertex   -2.074534e+02 3.250002e+01 2.093192e+02
      vertex   -2.073954e+02 3.010002e+01 2.089827e+02
    endloop
  endfacet
  facet normal -9.854595e-01 5.758623e-08 -1.699104e-01
    outer loop
      vertex   -2.073954e+02 3.010002e+01 2.089827e+02
      vertex   -2.074534e+02 3.250002e+01 2.093192e+02
      vertex   -2.073954e+02 3.250002e+01 2.089827e+02
    endloop
  endfacet
  facet normal -9.715671e-01 5.677441e-08 -2.367644e-01
    outer loop
      vertex   -2.073954e+02 3.010002e+01 2.089827e+02
      vertex   -2.073954e+02 3.250002e+01 2.089827e+02
      vertex   -2.073146e+02 3.010002e+01 2.086510e+02
    endloop
  endfacet
  facet normal -9.715671e-01 5.677441e-08 -2.367644e-01
    outer loop
      vertex   -2.073146e+02 3.010002e+01 2.086510e+02
      vertex   -2.073954e+02 3.250002e+01 2.089827e+02
      vertex   -2.073146e+02 3.250002e+01 2.086510e+02
    endloop
  endfacet
  facet normal -9.531448e-01 5.569788e-08 -3.025146e-01
    outer loop
      vertex   -2.073146e+02 3.010002e+01 2.086510e+02
      vertex   -2.073146e+02 3.250002e+01 2.086510e+02
      vertex   -2.072113e+02 3.010002e+01 2.083256e+02
    endloop
  endfacet
  facet normal -9.531448e-01 5.569788e-08 -3.025146e-01
    outer loop
      vertex   -2.072113e+02 3.010002e+01 2.083256e+02
      vertex   -2.073146e+02 3.250002e+01 2.086510e+02
      vertex   -2.072113e+02 3.250002e+01 2.083256e+02
    endloop
  endfacet
  facet normal -9.302784e-01 5.436167e-08 -3.668542e-01
    outer loop
      vertex   -2.072113e+02 3.010002e+01 2.083256e+02
      vertex   -2.072113e+02 3.250002e+01 2.083256e+02
      vertex   -2.070861e+02 3.010002e+01 2.080080e+02
    endloop
  endfacet
  facet normal -9.302784e-01 5.436167e-08 -3.668542e-01
    outer loop
      vertex   -2.070861e+02 3.010002e+01 2.080080e+02
      vertex   -2.072113e+02 3.250002e+01 2.083256e+02
      vertex   -2.070861e+02 3.250002e+01 2.080080e+02
    endloop
  endfacet
  facet normal -9.030747e-01 5.277200e-08 -4.294834e-01
    outer loop
      vertex   -2.070861e+02 3.010002e+01 2.080080e+02
      vertex   -2.070861e+02 3.250002e+01 2.080080e+02
      vertex   -2.069394e+02 3.010002e+01 2.076997e+02
    endloop
  endfacet
  facet normal -9.030747e-01 5.277200e-08 -4.294834e-01
    outer loop
      vertex   -2.069394e+02 3.010002e+01 2.076997e+02
      vertex   -2.070861e+02 3.250002e+01 2.080080e+02
      vertex   -2.069394e+02 3.250002e+01 2.076997e+02
    endloop
  endfacet
  facet normal -8.716605e-01 5.093628e-08 -4.901102e-01
    outer loop
      vertex   -2.069394e+02 3.010002e+01 2.076997e+02
      vertex   -2.069394e+02 3.250002e+01 2.076997e+02
      vertex   -2.067721e+02 3.010002e+01 2.074021e+02
    endloop
  endfacet
  facet normal -8.716605e-01 5.093628e-08 -4.901102e-01
    outer loop
      vertex   -2.067721e+02 3.010002e+01 2.074021e+02
      vertex   -2.069394e+02 3.250002e+01 2.076997e+02
      vertex   -2.067721e+02 3.250002e+01 2.074021e+02
    endloop
  endfacet
  facet normal -8.361821e-01 4.886307e-08 -5.484519e-01
    outer loop
      vertex   -2.067721e+02 3.010002e+01 2.074021e+02
      vertex   -2.067721e+02 3.250002e+01 2.074021e+02
      vertex   -2.065848e+02 3.010002e+01 2.071166e+02
    endloop
  endfacet
  facet normal -8.361821e-01 4.886308e-08 -5.484519e-01
    outer loop
      vertex   -2.065848e+02 3.010002e+01 2.071166e+02
      vertex   -2.067721e+02 3.250002e+01 2.074021e+02
      vertex   -2.065848e+02 3.250002e+01 2.071166e+02
    endloop
  endfacet
  facet normal -7.968051e-01 4.656204e-08 -6.042364e-01
    outer loop
      vertex   -2.065848e+02 3.010002e+01 2.071166e+02
      vertex   -2.065848e+02 3.250002e+01 2.071166e+02
      vertex   -2.063786e+02 3.010002e+01 2.068446e+02
    endloop
  endfacet
  facet normal -7.968051e-01 4.656203e-08 -6.042364e-01
    outer loop
      vertex   -2.063786e+02 3.010002e+01 2.068446e+02
      vertex   -2.065848e+02 3.250002e+01 2.071166e+02
      vertex   -2.063786e+02 3.250002e+01 2.068446e+02
    endloop
  endfacet
  facet normal -7.537130e-01 4.404391e-08 -6.572037e-01
    outer loop
      vertex   -2.063786e+02 3.010002e+01 2.068446e+02
      vertex   -2.063786e+02 3.250002e+01 2.068446e+02
      vertex   -2.061542e+02 3.010002e+01 2.065872e+02
    endloop
  endfacet
  facet normal -7.537130e-01 4.404392e-08 -6.572037e-01
    outer loop
      vertex   -2.061542e+02 3.010002e+01 2.065872e+02
      vertex   -2.063786e+02 3.250002e+01 2.068446e+02
      vertex   -2.061542e+02 3.250002e+01 2.065872e+02
    endloop
  endfacet
  facet normal -7.071068e-01 4.132044e-08 -7.071068e-01
    outer loop
      vertex   -2.061542e+02 3.010002e+01 2.065872e+02
      vertex   -2.061542e+02 3.250002e+01 2.065872e+02
      vertex   -2.059128e+02 3.010002e+01 2.063458e+02
    endloop
  endfacet
  facet normal -7.071068e-01 4.132043e-08 -7.071068e-01
    outer loop
      vertex   -2.059128e+02 3.010002e+01 2.063458e+02
      vertex   -2.061542e+02 3.250002e+01 2.065872e+02
      vertex   -2.059128e+02 3.250002e+01 2.063458e+02
    endloop
  endfacet
  facet normal -6.572037e-01 3.840430e-08 -7.537130e-01
    outer loop
      vertex   -2.059128e+02 3.010002e+01 2.063458e+02
      vertex   -2.059128e+02 3.250002e+01 2.063458e+02
      vertex   -2.056554e+02 3.010002e+01 2.061214e+02
    endloop
  endfacet
  facet normal -6.572037e-01 3.840430e-08 -7.537130e-01
    outer loop
      vertex   -2.056554e+02 3.010002e+01 2.061214e+02
      vertex   -2.059128e+02 3.250002e+01 2.063458e+02
      vertex   -2.056554e+02 3.250002e+01 2.061214e+02
    endloop
  endfacet
  facet normal -6.042364e-01 3.530911e-08 -7.968051e-01
    outer loop
      vertex   -2.056554e+02 3.010002e+01 2.061214e+02
      vertex   -2.056554e+02 3.250002e+01 2.061214e+02
      vertex   -2.053834e+02 3.010002e+01 2.059152e+02
    endloop
  endfacet
  facet normal -6.042364e-01 3.530911e-08 -7.968051e-01
    outer loop
      vertex   -2.053834e+02 3.010002e+01 2.059152e+02
      vertex   -2.056554e+02 3.250002e+01 2.061214e+02
      vertex   -2.053834e+02 3.250002e+01 2.059152e+02
    endloop
  endfacet
  facet normal -5.484519e-01 3.204929e-08 -8.361821e-01
    outer loop
      vertex   -2.053834e+02 3.010002e+01 2.059152e+02
      vertex   -2.053834e+02 3.250002e+01 2.059152e+02
      vertex   -2.050979e+02 3.010002e+01 2.057279e+02
    endloop
  endfacet
  facet normal -5.484519e-01 3.204929e-08 -8.361821e-01
    outer loop
      vertex   -2.050979e+02 3.010002e+01 2.057279e+02
      vertex   -2.053834e+02 3.250002e+01 2.059152e+02
      vertex   -2.050979e+02 3.250002e+01 2.057279e+02
    endloop
  endfacet
  facet normal -4.901102e-01 2.864004e-08 -8.716605e-01
    outer loop
      vertex   -2.050979e+02 3.010002e+01 2.057279e+02
      vertex   -2.050979e+02 3.250002e+01 2.057279e+02
      vertex   -2.048003e+02 3.010002e+01 2.055606e+02
    endloop
  endfacet
  facet normal -4.901102e-01 2.864005e-08 -8.716605e-01
    outer loop
      vertex   -2.048003e+02 3.010002e+01 2.055606e+02
      vertex   -2.050979e+02 3.250002e+01 2.057279e+02
      vertex   -2.048003e+02 3.250002e+01 2.055606e+02
    endloop
  endfacet
  facet normal -4.294834e-01 2.509726e-08 -9.030747e-01
    outer loop
      vertex   -2.048003e+02 3.010002e+01 2.055606e+02
      vertex   -2.048003e+02 3.250002e+01 2.055606e+02
      vertex   -2.044920e+02 3.010002e+01 2.054139e+02
    endloop
  endfacet
  facet normal -4.294834e-01 2.509727e-08 -9.030747e-01
    outer loop
      vertex   -2.044920e+02 3.010002e+01 2.054139e+02
      vertex   -2.048003e+02 3.250002e+01 2.055606e+02
      vertex   -2.044920e+02 3.250002e+01 2.054139e+02
    endloop
  endfacet
  facet normal -3.668542e-01 2.143747e-08 -9.302784e-01
    outer loop
      vertex   -2.044920e+02 3.010002e+01 2.054139e+02
      vertex   -2.044920e+02 3.250002e+01 2.054139e+02
      vertex   -2.041744e+02 3.010002e+01 2.052887e+02
    endloop
  endfacet
  facet normal -3.668542e-01 2.143746e-08 -9.302784e-01
    outer loop
      vertex   -2.041744e+02 3.010002e+01 2.052887e+02
      vertex   -2.044920e+02 3.250002e+01 2.054139e+02
      vertex   -2.041744e+02 3.250002e+01 2.052887e+02
    endloop
  endfacet
  facet normal -3.025146e-01 1.767772e-08 -9.531448e-01
    outer loop
      vertex   -2.041744e+02 3.010002e+01 2.052887e+02
      vertex   -2.041744e+02 3.250002e+01 2.052887e+02
      vertex   -2.038490e+02 3.010002e+01 2.051854e+02
    endloop
  endfacet
  facet normal -3.025146e-01 1.767772e-08 -9.531448e-01
    outer loop
      vertex   -2.038490e+02 3.010002e+01 2.051854e+02
      vertex   -2.041744e+02 3.250002e+01 2.052887e+02
      vertex   -2.038490e+02 3.250002e+01 2.051854e+02
    endloop
  endfacet
  facet normal -2.367644e-01 1.383555e-08 -9.715671e-01
    outer loop
      vertex   -2.038490e+02 3.010002e+01 2.051854e+02
      vertex   -2.038490e+02 3.250002e+01 2.051854e+02
      vertex   -2.035173e+02 3.010002e+01 2.051046e+02
    endloop
  endfacet
  facet normal -2.367644e-01 1.383555e-08 -9.715671e-01
    outer loop
      vertex   -2.035173e+02 3.010002e+01 2.051046e+02
      vertex   -2.038490e+02 3.250002e+01 2.051854e+02
      vertex   -2.035173e+02 3.250002e+01 2.051046e+02
    endloop
  endfacet
  facet normal -1.699104e-01 9.928873e-09 -9.854595e-01
    outer loop
      vertex   -2.035173e+02 3.010002e+01 2.051046e+02
      vertex   -2.035173e+02 3.250002e+01 2.051046e+02
      vertex   -2.031808e+02 3.010002e+01 2.050466e+02
    endloop
  endfacet
  facet normal -1.699104e-01 9.928869e-09 -9.854595e-01
    outer loop
      vertex   -2.031808e+02 3.010002e+01 2.050466e+02
      vertex   -2.035173e+02 3.250002e+01 2.051046e+02
      vertex   -2.031808e+02 3.250002e+01 2.050466e+02
    endloop
  endfacet
  facet normal -1.022641e-01 5.975899e-09 -9.947573e-01
    outer loop
      vertex   -2.031808e+02 3.010002e+01 2.050466e+02
      vertex   -2.031808e+02 3.250002e+01 2.050466e+02
      vertex   -2.028412e+02 3.010002e+01 2.050117e+02
    endloop
  endfacet
  facet normal -1.022641e-01 5.975899e-09 -9.947573e-01
    outer loop
      vertex   -2.028412e+02 3.010002e+01 2.050117e+02
      vertex   -2.031808e+02 3.250002e+01 2.050466e+02
      vertex   -2.028412e+02 3.250002e+01 2.050117e+02
    endloop
  endfacet
  facet normal -3.414111e-02 1.995067e-09 -9.994170e-01
    outer loop
      vertex   -2.028412e+02 3.010002e+01 2.050117e+02
      vertex   -2.028412e+02 3.250002e+01 2.050117e+02
      vertex   -2.025000e+02 3.010002e+01 2.050000e+02
    endloop
  endfacet
  facet normal -3.414111e-02 1.995067e-09 -9.994170e-01
    outer loop
      vertex   -2.025000e+02 3.010002e+01 2.050000e+02
      vertex   -2.028412e+02 3.250002e+01 2.050117e+02
      vertex   -2.025000e+02 3.250002e+01 2.050000e+02
    endloop
  endfacet
  facet normal 3.414111e-02 -1.995067e-09 -9.994170e-01
    outer loop
      vertex   -2.025000e+02 3.010002e+01 2.050000e+02
      vertex   -2.025000e+02 3.250002e+01 2.050000e+02
      vertex   -2.021588e+02 3.010002e+01 2.050117e+02
    endloop
  endfacet
  facet normal 3.414111e-02 -1.995067e-09 -9.994170e-01
    outer loop
      vertex   -2.021588e+02 3.010002e+01 2.050117e+02
      vertex   -2.025000e+02 3.250002e+01 2.050000e+02
      vertex   -2.021588e+02 3.250002e+01 2.050117e+02
    endloop
  endfacet
  facet normal 1.022641e-01 -5.975900e-09 -9.947573e-01
    outer loop
      vertex   -2.021588e+02 3.010002e+01 2.050117e+02
      vertex   -2.021588e+02 3.250002e+01 2.050117e+02
      vertex   -2.018192e+02 3.010002e+01 2.050466e+02
    endloop
  endfacet
  facet normal 1.022641e-01 -5.975901e-09 -9.947573e-01
    outer loop
      vertex   -2.018192e+02 3.010002e+01 2.050466e+02
      vertex   -2.021588e+02 3.250002e+01 2.050117e+02
      vertex   -2.018192e+02 3.250002e+01 2.050466e+02
    endloop
  endfacet
  facet normal 1.699104e-01 -9.928872e-09 -9.854595e-01
    outer loop
      vertex   -2.018192e+02 3.010002e+01 2.050466e+02
      vertex   -2.018192e+02 3.250002e+01 2.050466e+02
      vertex   -2.014827e+02 3.010002e+01 2.051046e+02
    endloop
  endfacet
  facet normal 1.699104e-01 -9.928868e-09 -9.854595e-01
    outer loop
      vertex   -2.014827e+02 3.010002e+01 2.051046e+02
      vertex   -2.018192e+02 3.250002e+01 2.050466e+02
      vertex   -2.014827e+02 3.250002e+01 2.051046e+02
    endloop
  endfacet
  facet normal 2.367644e-01 -1.383554e-08 -9.715671e-01
    outer loop
      vertex   -2.014827e+02 3.010002e+01 2.051046e+02
      vertex   -2.014827e+02 3.250002e+01 2.051046e+02
      vertex   -2.011510e+02 3.010002e+01 2.051854e+02
    endloop
  endfacet
  facet normal 2.367644e-01 -1.383555e-08 -9.715671e-01
    outer loop
      vertex   -2.011510e+02 3.010002e+01 2.051854e+02
      vertex   -2.014827e+02 3.250002e+01 2.051046e+02
      vertex   -2.011510e+02 3.250002e+01 2.051854e+02
    endloop
  endfacet
  facet normal 3.025146e-01 -1.767772e-08 -9.531448e-01
    outer loop
      vertex   -2.011510e+02 3.010002e+01 2.051854e+02
      vertex   -2.011510e+02 3.250002e+01 2.051854e+02
      vertex   -2.008256e+02 3.010002e+01 2.052887e+02
    endloop
  endfacet
  facet normal 3.025146e-01 -1.767772e-08 -9.531448e-01
    outer loop
      vertex   -2.008256e+02 3.010002e+01 2.052887e+02
      vertex   -2.011510e+02 3.250002e+01 2.051854e+02
      vertex   -2.008256e+02 3.250002e+01 2.052887e+02
    endloop
  endfacet
  facet normal 3.668542e-01 -2.143747e-08 -9.302784e-01
    outer loop
      vertex   -2.008256e+02 3.010002e+01 2.052887e+02
      vertex   -2.008256e+02 3.250002e+01 2.052887e+02
      vertex   -2.005080e+02 3.010002e+01 2.054139e+02
    endloop
  endfacet
  facet normal 3.668542e-01 -2.143746e-08 -9.302784e-01
    outer loop
      vertex   -2.005080e+02 3.010002e+01 2.054139e+02
      vertex   -2.008256e+02 3.250002e+01 2.052887e+02
      vertex   -2.005080e+02 3.250002e+01 2.054139e+02
    endloop
  endfacet
  facet normal 4.294834e-01 -2.509726e-08 -9.030747e-01
    outer loop
      vertex   -2.005080e+02 3.010002e+01 2.054139e+02
      vertex   -2.005080e+02 3.250002e+01 2.054139e+02
      vertex   -2.001997e+02 3.010002e+01 2.055606e+02
    endloop
  endfacet
  facet normal 4.294834e-01 -2.509726e-08 -9.030747e-01
    outer loop
      vertex   -2.001997e+02 3.010002e+01 2.055606e+02
      vertex   -2.005080e+02 3.250002e+01 2.054139e+02
      vertex   -2.001997e+02 3.250002e+01 2.055606e+02
    endloop
  endfacet
  facet normal 4.901102e-01 -2.864004e-08 -8.716605e-01
    outer loop
      vertex   -2.001997e+02 3.010002e+01 2.055606e+02
      vertex   -2.001997e+02 3.250002e+01 2.055606e+02
      vertex   -1.999021e+02 3.010002e+01 2.057279e+02
    endloop
  endfacet
  facet normal 4.901102e-01 -2.864005e-08 -8.716605e-01
    outer loop
      vertex   -1.999021e+02 3.010002e+01 2.057279e+02
      vertex   -2.001997e+02 3.250002e+01 2.055606e+02
      vertex   -1.999021e+02 3.250002e+01 2.057279e+02
    endloop
  endfacet
  facet normal 5.484519e-01 -3.204930e-08 -8.361821e-01
    outer loop
      vertex   -1.999021e+02 3.010002e+01 2.057279e+02
      vertex   -1.999021e+02 3.250002e+01 2.057279e+02
      vertex   -1.996166e+02 3.010002e+01 2.059152e+02
    endloop
  endfacet
  facet normal 5.484519e-01 -3.204929e-08 -8.361821e-01
    outer loop
      vertex   -1.996166e+02 3.010002e+01 2.059152e+02
      vertex   -1.999021e+02 3.250002e+01 2.057279e+02
      vertex   -1.996166e+02 3.250002e+01 2.059152e+02
    endloop
  endfacet
  facet normal 6.042364e-01 -3.530911e-08 -7.968051e-01
    outer loop
      vertex   -1.996166e+02 3.010002e+01 2.059152e+02
      vertex   -1.996166e+02 3.250002e+01 2.059152e+02
      vertex   -1.993446e+02 3.010002e+01 2.061214e+02
    endloop
  endfacet
  facet normal 6.042364e-01 -3.530911e-08 -7.968051e-01
    outer loop
      vertex   -1.993446e+02 3.010002e+01 2.061214e+02
      vertex   -1.996166e+02 3.250002e+01 2.059152e+02
      vertex   -1.993446e+02 3.250002e+01 2.061214e+02
    endloop
  endfacet
  facet normal 6.572037e-01 -3.840430e-08 -7.537130e-01
    outer loop
      vertex   -1.993446e+02 3.010002e+01 2.061214e+02
      vertex   -1.993446e+02 3.250002e+01 2.061214e+02
      vertex   -1.990872e+02 3.010002e+01 2.063458e+02
    endloop
  endfacet
  facet normal 6.572037e-01 -3.840430e-08 -7.537130e-01
    outer loop
      vertex   -1.990872e+02 3.010002e+01 2.063458e+02
      vertex   -1.993446e+02 3.250002e+01 2.061214e+02
      vertex   -1.990872e+02 3.250002e+01 2.063458e+02
    endloop
  endfacet
  facet normal 7.071068e-01 -4.132044e-08 -7.071068e-01
    outer loop
      vertex   -1.990872e+02 3.010002e+01 2.063458e+02
      vertex   -1.990872e+02 3.250002e+01 2.063458e+02
      vertex   -1.988458e+02 3.010002e+01 2.065872e+02
    endloop
  endfacet
  facet normal 7.071068e-01 -4.132043e-08 -7.071068e-01
    outer loop
      vertex   -1.988458e+02 3.010002e+01 2.065872e+02
      vertex   -1.990872e+02 3.250002e+01 2.063458e+02
      vertex   -1.988458e+02 3.250002e+01 2.065872e+02
    endloop
  endfacet
  facet normal 7.537130e-01 -4.404391e-08 -6.572037e-01
    outer loop
      vertex   -1.988458e+02 3.010002e+01 2.065872e+02
      vertex   -1.988458e+02 3.250002e+01 2.065872e+02
      vertex   -1.986214e+02 3.010002e+01 2.068446e+02
    endloop
  endfacet
  facet normal 7.537130e-01 -4.404392e-08 -6.572037e-01
    outer loop
      vertex   -1.986214e+02 3.010002e+01 2.068446e+02
      vertex   -1.988458e+02 3.250002e+01 2.065872e+02
      vertex   -1.986214e+02 3.250002e+01 2.068446e+02
    endloop
  endfacet
  facet normal 7.968051e-01 -4.656204e-08 -6.042364e-01
    outer loop
      vertex   -1.986214e+02 3.010002e+01 2.068446e+02
      vertex   -1.986214e+02 3.250002e+01 2.068446e+02
      vertex   -1.984151e+02 3.010002e+01 2.071166e+02
    endloop
  endfacet
  facet normal 7.968051e-01 -4.656202e-08 -6.042364e-01
    outer loop
      vertex   -1.984151e+02 3.010002e+01 2.071166e+02
      vertex   -1.986214e+02 3.250002e+01 2.068446e+02
      vertex   -1.984151e+02 3.250002e+01 2.071166e+02
    endloop
  endfacet
  facet normal 8.361821e-01 -4.886306e-08 -5.484519e-01
    outer loop
      vertex   -1.984151e+02 3.010002e+01 2.071166e+02
      vertex   -1.984151e+02 3.250002e+01 2.071166e+02
      vertex   -1.982279e+02 3.010002e+01 2.074021e+02
    endloop
  endfacet
  facet normal 8.361821e-01 -4.886308e-08 -5.484519e-01
    outer loop
      vertex   -1.982279e+02 3.010002e+01 2.074021e+02
      vertex   -1.984151e+02 3.250002e+01 2.071166e+02
      vertex   -1.982279e+02 3.250002e+01 2.074021e+02
    endloop
  endfacet
  facet normal 8.716605e-01 -5.093629e-08 -4.901102e-01
    outer loop
      vertex   -1.982279e+02 3.010002e+01 2.074021e+02
      vertex   -1.982279e+02 3.250002e+01 2.074021e+02
      vertex   -1.980606e+02 3.010002e+01 2.076997e+02
    endloop
  endfacet
  facet normal 8.716605e-01 -5.093629e-08 -4.901102e-01
    outer loop
      vertex   -1.980606e+02 3.010002e+01 2.076997e+02
      vertex   -1.982279e+02 3.250002e+01 2.074021e+02
      vertex   -1.980606e+02 3.250002e+01 2.076997e+02
    endloop
  endfacet
  facet normal 9.030747e-01 -5.277201e-08 -4.294834e-01
    outer loop
      vertex   -1.980606e+02 3.010002e+01 2.076997e+02
      vertex   -1.980606e+02 3.250002e+01 2.076997e+02
      vertex   -1.979139e+02 3.010002e+01 2.080080e+02
    endloop
  endfacet
  facet normal 9.030747e-01 -5.277202e-08 -4.294834e-01
    outer loop
      vertex   -1.979139e+02 3.010002e+01 2.080080e+02
      vertex   -1.980606e+02 3.250002e+01 2.076997e+02
      vertex   -1.979139e+02 3.250002e+01 2.080080e+02
    endloop
  endfacet
  facet normal 9.302784e-01 -5.436169e-08 -3.668542e-01
    outer loop
      vertex   -1.979139e+02 3.010002e+01 2.080080e+02
      vertex   -1.979139e+02 3.250002e+01 2.080080e+02
      vertex   -1.977887e+02 3.010002e+01 2.083256e+02
    endloop
  endfacet
  facet normal 9.302784e-01 -5.436168e-08 -3.668542e-01
    outer loop
      vertex   -1.977887e+02 3.010002e+01 2.083256e+02
      vertex   -1.979139e+02 3.250002e+01 2.080080e+02
      vertex   -1.977887e+02 3.250002e+01 2.083256e+02
    endloop
  endfacet
  facet normal 9.531448e-01 -5.569790e-08 -3.025146e-01
    outer loop
      vertex   -1.977887e+02 3.010002e+01 2.083256e+02
      vertex   -1.977887e+02 3.250002e+01 2.083256e+02
      vertex   -1.976854e+02 3.010002e+01 2.086510e+02
    endloop
  endfacet
  facet normal 9.531448e-01 -5.569791e-08 -3.025146e-01
    outer loop
      vertex   -1.976854e+02 3.010002e+01 2.086510e+02
      vertex   -1.977887e+02 3.250002e+01 2.083256e+02
      vertex   -1.976854e+02 3.250002e+01 2.086510e+02
    endloop
  endfacet
  facet normal 9.715671e-01 -5.677443e-08 -2.367644e-01
    outer loop
      vertex   -1.976854e+02 3.010002e+01 2.086510e+02
      vertex   -1.976854e+02 3.250002e+01 2.086510e+02
      vertex   -1.976046e+02 3.010002e+01 2.089827e+02
    endloop
  endfacet
  facet normal 9.715671e-01 -5.677443e-08 -2.367644e-01
    outer loop
      vertex   -1.976046e+02 3.010002e+01 2.089827e+02
      vertex   -1.976854e+02 3.250002e+01 2.086510e+02
      vertex   -1.976046e+02 3.250002e+01 2.089827e+02
    endloop
  endfacet
  facet normal 9.854595e-01 -5.758624e-08 -1.699104e-01
    outer loop
      vertex   -1.976046e+02 3.010002e+01 2.089827e+02
      vertex   -1.976046e+02 3.250002e+01 2.089827e+02
      vertex   -1.975466e+02 3.010002e+01 2.093192e+02
    endloop
  endfacet
  facet normal 9.854595e-01 -5.758623e-08 -1.699104e-01
    outer loop
      vertex   -1.975466e+02 3.010002e+01 2.093192e+02
      vertex   -1.976046e+02 3.250002e+01 2.089827e+02
      vertex   -1.975466e+02 3.250002e+01 2.093192e+02
    endloop
  endfacet
  facet normal 9.947573e-01 -5.812955e-08 -1.022641e-01
    outer loop
      vertex   -1.975466e+02 3.010002e+01 2.093192e+02
      vertex   -1.975466e+02 3.250002e+01 2.093192e+02
      vertex   -1.975117e+02 3.010002e+01 2.096588e+02
    endloop
  endfacet
  facet normal 9.947573e-01 -5.812956e-08 -1.022641e-01
    outer loop
      vertex   -1.975117e+02 3.010002e+01 2.096588e+02
      vertex   -1.975466e+02 3.250002e+01 2.093192e+02
      vertex   -1.975117e+02 3.250002e+01 2.096588e+02
    endloop
  endfacet
  facet normal 9.994170e-01 -5.840186e-08 -3.414111e-02
    outer loop
      vertex   -1.975117e+02 3.010002e+01 2.096588e+02
      vertex   -1.975117e+02 3.250002e+01 2.096588e+02
      vertex   -1.975000e+02 3.250002e+01 2.100000e+02
    endloop
  endfacet
  facet normal -1.005212e-14 -1.000000e+00 -2.871257e-14
    outer loop
      vertex   -1.999114e+02 3.010002e+01 2.097565e+02
      vertex   -1.975117e+02 3.010002e+01 2.096588e+02
      vertex   -1.999000e+02 3.010002e+01 2.100000e+02
    endloop
  endfacet
  facet normal -1.184238e-14 -1.000000e+00 -4.124361e-14
    outer loop
      vertex   -1.999000e+02 3.010002e+01 2.100000e+02
      vertex   -1.975117e+02 3.010002e+01 2.096588e+02
      vertex   -1.975000e+02 3.010002e+01 2.100000e+02
    endloop
  endfacet
  facet normal -1.184238e-14 -1.000000e+00 -3.164067e-14
    outer loop
      vertex   -1.999000e+02 3.010002e+01 2.100000e+02
      vertex   -1.975000e+02 3.010002e+01 2.100000e+02
      vertex   -1.975117e+02 3.010002e+01 2.103412e+02
    endloop
  endfacet
  facet normal -1.096710e-14 -1.000000e+00 -5.117661e-14
    outer loop
      vertex   -1.975117e+02 3.010002e+01 2.096588e+02
      vertex   -1.999114e+02 3.010002e+01 2.097565e+02
      vertex   -1.975466e+02 3.010002e+01 2.093192e+02
    endloop
  endfacet
  facet normal -1.207663e-14 -1.000000e+00 -5.717590e-14
    outer loop
      vertex   -1.975466e+02 3.010002e+01 2.093192e+02
      vertex   -1.999114e+02 3.010002e+01 2.097565e+02
      vertex   -1.999456e+02 3.010002e+01 2.095152e+02
    endloop
  endfacet
  facet normal -1.070515e-14 -1.000000e+00 -4.039229e-14
    outer loop
      vertex   -1.975466e+02 3.010002e+01 2.093192e+02
      vertex   -1.999456e+02 3.010002e+01 2.095152e+02
      vertex   -1.976046e+02 3.010002e+01 2.089827e+02
    endloop
  endfacet
  facet normal -1.113859e-14 -1.000000e+00 -4.229785e-14
    outer loop
      vertex   -1.976046e+02 3.010002e+01 2.089827e+02
      vertex   -1.999456e+02 3.010002e+01 2.095152e+02
      vertex   -2.000022e+02 3.010002e+01 2.092781e+02
    endloop
  endfacet
  facet normal -1.216017e-14 -1.000000e+00 -5.058915e-14
    outer loop
      vertex   -1.976046e+02 3.010002e+01 2.089827e+02
      vertex   -2.000022e+02 3.010002e+01 2.092781e+02
      vertex   -1.976854e+02 3.010002e+01 2.086510e+02
    endloop
  endfacet
  facet normal -6.752030e-15 -1.000000e+00 -3.060954e-14
    outer loop
      vertex   -1.976854e+02 3.010002e+01 2.086510e+02
      vertex   -2.000022e+02 3.010002e+01 2.092781e+02
      vertex   -1.977887e+02 3.010002e+01 2.083256e+02
    endloop
  endfacet
  facet normal -1.173835e-14 -1.000000e+00 -4.219689e-14
    outer loop
      vertex   -1.977887e+02 3.010002e+01 2.083256e+02
      vertex   -2.000022e+02 3.010002e+01 2.092781e+02
      vertex   -2.000808e+02 3.010002e+01 2.090474e+02
    endloop
  endfacet
  facet normal -1.742190e-14 -1.000000e+00 -6.024489e-14
    outer loop
      vertex   -1.977887e+02 3.010002e+01 2.083256e+02
      vertex   -2.000808e+02 3.010002e+01 2.090474e+02
      vertex   -1.979139e+02 3.010002e+01 2.080080e+02
    endloop
  endfacet
  facet normal -9.475480e-15 -1.000000e+00 -4.367919e-14
    outer loop
      vertex   -1.979139e+02 3.010002e+01 2.080080e+02
      vertex   -2.000808e+02 3.010002e+01 2.090474e+02
      vertex   -2.001806e+02 3.010002e+01 2.088251e+02
    endloop
  endfacet
  facet normal -5.285295e-15 -1.000000e+00 -3.205489e-14
    outer loop
      vertex   -1.979139e+02 3.010002e+01 2.080080e+02
      vertex   -2.001806e+02 3.010002e+01 2.088251e+02
      vertex   -1.980606e+02 3.010002e+01 2.076997e+02
    endloop
  endfacet
  facet normal -1.048772e-14 -1.000000e+00 -4.185545e-14
    outer loop
      vertex   -1.980606e+02 3.010002e+01 2.076997e+02
      vertex   -2.001806e+02 3.010002e+01 2.088251e+02
      vertex   -1.982279e+02 3.010002e+01 2.074021e+02
    endloop
  endfacet
  facet normal -2.039977e-14 -1.000000e+00 -5.545751e-14
    outer loop
      vertex   -1.982279e+02 3.010002e+01 2.074021e+02
      vertex   -2.001806e+02 3.010002e+01 2.088251e+02
      vertex   -2.003008e+02 3.010002e+01 2.086130e+02
    endloop
  endfacet
  facet normal -1.760611e-14 -1.000000e+00 -5.067526e-14
    outer loop
      vertex   -1.982279e+02 3.010002e+01 2.074021e+02
      vertex   -2.003008e+02 3.010002e+01 2.086130e+02
      vertex   -1.984151e+02 3.010002e+01 2.071166e+02
    endloop
  endfacet
  facet normal -3.608267e-15 -1.000000e+00 -3.303630e-14
    outer loop
      vertex   -1.984151e+02 3.010002e+01 2.071166e+02
      vertex   -2.003008e+02 3.010002e+01 2.086130e+02
      vertex   -2.004404e+02 3.010002e+01 2.084132e+02
    endloop
  endfacet
  facet normal -1.070479e-14 -1.000000e+00 -4.412077e-14
    outer loop
      vertex   -1.984151e+02 3.010002e+01 2.071166e+02
      vertex   -2.004404e+02 3.010002e+01 2.084132e+02
      vertex   -1.986214e+02 3.010002e+01 2.068446e+02
    endloop
  endfacet
  facet normal -3.245305e-15 -1.000000e+00 -3.547100e-14
    outer loop
      vertex   -1.986214e+02 3.010002e+01 2.068446e+02
      vertex   -2.004404e+02 3.010002e+01 2.084132e+02
      vertex   -2.005980e+02 3.010002e+01 2.082273e+02
    endloop
  endfacet
  facet normal -1.059918e-14 -1.000000e+00 -4.598310e-14
    outer loop
      vertex   -1.986214e+02 3.010002e+01 2.068446e+02
      vertex   -2.005980e+02 3.010002e+01 2.082273e+02
      vertex   -1.988458e+02 3.010002e+01 2.065872e+02
    endloop
  endfacet
  facet normal -1.170284e-14 -1.000000e+00 -4.716222e-14
    outer loop
      vertex   -1.988458e+02 3.010002e+01 2.065872e+02
      vertex   -2.005980e+02 3.010002e+01 2.082273e+02
      vertex   -1.990872e+02 3.010002e+01 2.063458e+02
    endloop
  endfacet
  facet normal -1.358397e-14 -1.000000e+00 -4.867272e-14
    outer loop
      vertex   -1.990872e+02 3.010002e+01 2.063458e+02
      vertex   -2.005980e+02 3.010002e+01 2.082273e+02
      vertex   -2.007724e+02 3.010002e+01 2.080570e+02
    endloop
  endfacet
  facet normal -5.726003e-15 -1.000000e+00 -4.093426e-14
    outer loop
      vertex   -1.990872e+02 3.010002e+01 2.063458e+02
      vertex   -2.007724e+02 3.010002e+01 2.080570e+02
      vertex   -1.993446e+02 3.010002e+01 2.061214e+02
    endloop
  endfacet
  facet normal -1.663249e-14 -1.000000e+00 -4.897978e-14
    outer loop
      vertex   -1.993446e+02 3.010002e+01 2.061214e+02
      vertex   -2.007724e+02 3.010002e+01 2.080570e+02
      vertex   -2.009619e+02 3.010002e+01 2.079037e+02
    endloop
  endfacet
  facet normal -1.572228e-14 -1.000000e+00 -4.815381e-14
    outer loop
      vertex   -1.993446e+02 3.010002e+01 2.061214e+02
      vertex   -2.009619e+02 3.010002e+01 2.079037e+02
      vertex   -1.996166e+02 3.010002e+01 2.059152e+02
    endloop
  endfacet
  facet normal -6.957784e-15 -1.000000e+00 -4.222450e-14
    outer loop
      vertex   -1.996166e+02 3.010002e+01 2.059152e+02
      vertex   -2.009619e+02 3.010002e+01 2.079037e+02
      vertex   -2.011650e+02 3.010002e+01 2.077689e+02
    endloop
  endfacet
  facet normal -8.689894e-15 -1.000000e+00 -4.367124e-14
    outer loop
      vertex   -1.996166e+02 3.010002e+01 2.059152e+02
      vertex   -2.011650e+02 3.010002e+01 2.077689e+02
      vertex   -1.999021e+02 3.010002e+01 2.057279e+02
    endloop
  endfacet
  facet normal -1.739258e-15 -1.000000e+00 -3.937053e-14
    outer loop
      vertex   -1.999021e+02 3.010002e+01 2.057279e+02
      vertex   -2.011650e+02 3.010002e+01 2.077689e+02
      vertex   -2.001997e+02 3.010002e+01 2.055606e+02
    endloop
  endfacet
  facet normal 3.377820e-15 -1.000000e+00 -3.713380e-14
    outer loop
      vertex   -2.001997e+02 3.010002e+01 2.055606e+02
      vertex   -2.011650e+02 3.010002e+01 2.077689e+02
      vertex   -2.013798e+02 3.010002e+01 2.076537e+02
    endloop
  endfacet
  facet normal -2.170573e-14 -1.000000e+00 -5.127550e-14
    outer loop
      vertex   -2.001997e+02 3.010002e+01 2.055606e+02
      vertex   -2.013798e+02 3.010002e+01 2.076537e+02
      vertex   -2.005080e+02 3.010002e+01 2.054139e+02
    endloop
  endfacet
  facet normal -2.527085e-14 -1.000000e+00 -5.266311e-14
    outer loop
      vertex   -2.005080e+02 3.010002e+01 2.054139e+02
      vertex   -2.013798e+02 3.010002e+01 2.076537e+02
      vertex   -2.016044e+02 3.010002e+01 2.075591e+02
    endloop
  endfacet
  facet normal -5.573994e-15 -1.000000e+00 -4.259614e-14
    outer loop
      vertex   -2.005080e+02 3.010002e+01 2.054139e+02
      vertex   -2.016044e+02 3.010002e+01 2.075591e+02
      vertex   -2.008256e+02 3.010002e+01 2.052887e+02
    endloop
  endfacet
  facet normal -8.046449e-15 -1.000000e+00 -4.344422e-14
    outer loop
      vertex   -2.008256e+02 3.010002e+01 2.052887e+02
      vertex   -2.016044e+02 3.010002e+01 2.075591e+02
      vertex   -2.011510e+02 3.010002e+01 2.051854e+02
    endloop
  endfacet
  facet normal -1.978116e-15 -1.000000e+00 -4.228519e-14
    outer loop
      vertex   -2.011510e+02 3.010002e+01 2.051854e+02
      vertex   -2.016044e+02 3.010002e+01 2.075591e+02
      vertex   -2.018369e+02 3.010002e+01 2.074860e+02
    endloop
  endfacet
  facet normal -1.049743e-14 -1.000000e+00 -4.482507e-14
    outer loop
      vertex   -2.011510e+02 3.010002e+01 2.051854e+02
      vertex   -2.018369e+02 3.010002e+01 2.074860e+02
      vertex   -2.014827e+02 3.010002e+01 2.051046e+02
    endloop
  endfacet
  facet normal -3.435887e-14 -1.000000e+00 -4.837381e-14
    outer loop
      vertex   -2.014827e+02 3.010002e+01 2.051046e+02
      vertex   -2.018369e+02 3.010002e+01 2.074860e+02
      vertex   -2.020752e+02 3.010002e+01 2.074349e+02
    endloop
  endfacet
  facet normal -1.368483e-14 -1.000000e+00 -4.311738e-14
    outer loop
      vertex   -2.014827e+02 3.010002e+01 2.051046e+02
      vertex   -2.020752e+02 3.010002e+01 2.074349e+02
      vertex   -2.018192e+02 3.010002e+01 2.050466e+02
    endloop
  endfacet
  facet normal -9.650096e-15 -1.000000e+00 -4.268483e-14
    outer loop
      vertex   -2.018192e+02 3.010002e+01 2.050466e+02
      vertex   -2.020752e+02 3.010002e+01 2.074349e+02
      vertex   -2.023173e+02 3.010002e+01 2.074064e+02
    endloop
  endfacet
  facet normal -1.638730e-14 -1.000000e+00 -4.410690e-14
    outer loop
      vertex   -2.018192e+02 3.010002e+01 2.050466e+02
      vertex   -2.023173e+02 3.010002e+01 2.074064e+02
      vertex   -2.021588e+02 3.010002e+01 2.050117e+02
    endloop
  endfacet
  facet normal -8.922181e-15 -1.000000e+00 -4.361284e-14
    outer loop
      vertex   -2.021588e+02 3.010002e+01 2.050117e+02
      vertex   -2.023173e+02 3.010002e+01 2.074064e+02
      vertex   -2.025000e+02 3.010002e+01 2.050000e+02
    endloop
  endfacet
  facet normal 1.040416e-15 -1.000000e+00 -4.436929e-14
    outer loop
      vertex   -2.025000e+02 3.010002e+01 2.050000e+02
      vertex   -2.023173e+02 3.010002e+01 2.074064e+02
      vertex   -2.025609e+02 3.010002e+01 2.074007e+02
    endloop
  endfacet
  facet normal -1.193900e-14 -1.000000e+00 -4.469882e-14
    outer loop
      vertex   -2.025000e+02 3.010002e+01 2.050000e+02
      vertex   -2.025609e+02 3.010002e+01 2.074007e+02
      vertex   -2.028412e+02 3.010002e+01 2.050117e+02
    endloop
  endfacet
  facet normal -1.771354e-14 -1.000000e+00 -4.402140e-14
    outer loop
      vertex   -2.028412e+02 3.010002e+01 2.050117e+02
      vertex   -2.025609e+02 3.010002e+01 2.074007e+02
      vertex   -2.028041e+02 3.010002e+01 2.074178e+02
    endloop
  endfacet
  facet normal -1.499067e-14 -1.000000e+00 -4.406342e-14
    outer loop
      vertex   -2.028412e+02 3.010002e+01 2.050117e+02
      vertex   -2.028041e+02 3.010002e+01 2.074178e+02
      vertex   -2.031808e+02 3.010002e+01 2.050466e+02
    endloop
  endfacet
  facet normal 6.901586e-15 -1.000000e+00 -4.754167e-14
    outer loop
      vertex   -2.031808e+02 3.010002e+01 2.050466e+02
      vertex   -2.028041e+02 3.010002e+01 2.074178e+02
      vertex   -2.030445e+02 3.010002e+01 2.074577e+02
    endloop
  endfacet
  facet normal -8.051282e-15 -1.000000e+00 -4.669645e-14
    outer loop
      vertex   -2.031808e+02 3.010002e+01 2.050466e+02
      vertex   -2.030445e+02 3.010002e+01 2.074577e+02
      vertex   -2.035173e+02 3.010002e+01 2.051046e+02
    endloop
  endfacet
  facet normal -1.013662e-15 -1.000000e+00 -4.811031e-14
    outer loop
      vertex   -2.035173e+02 3.010002e+01 2.051046e+02
      vertex   -2.030445e+02 3.010002e+01 2.074577e+02
      vertex   -2.038490e+02 3.010002e+01 2.051854e+02
    endloop
  endfacet
  facet normal -2.547980e-14 -1.000000e+00 -3.944863e-14
    outer loop
      vertex   -2.038490e+02 3.010002e+01 2.051854e+02
      vertex   -2.030445e+02 3.010002e+01 2.074577e+02
      vertex   -2.032802e+02 3.010002e+01 2.075198e+02
    endloop
  endfacet
  facet normal -1.345063e-14 -1.000000e+00 -4.237945e-14
    outer loop
      vertex   -2.038490e+02 3.010002e+01 2.051854e+02
      vertex   -2.032802e+02 3.010002e+01 2.075198e+02
      vertex   -2.041744e+02 3.010002e+01 2.052887e+02
    endloop
  endfacet
  facet normal -1.745024e-15 -1.000000e+00 -4.707075e-14
    outer loop
      vertex   -2.041744e+02 3.010002e+01 2.052887e+02
      vertex   -2.032802e+02 3.010002e+01 2.075198e+02
      vertex   -2.035090e+02 3.010002e+01 2.076038e+02
    endloop
  endfacet
  facet normal -1.685032e-14 -1.000000e+00 -4.272947e-14
    outer loop
      vertex   -2.041744e+02 3.010002e+01 2.052887e+02
      vertex   -2.035090e+02 3.010002e+01 2.076038e+02
      vertex   -2.044920e+02 3.010002e+01 2.054139e+02
    endloop
  endfacet
  facet normal -1.021492e-14 -1.000000e+00 -4.570794e-14
    outer loop
      vertex   -2.044920e+02 3.010002e+01 2.054139e+02
      vertex   -2.035090e+02 3.010002e+01 2.076038e+02
      vertex   -2.048003e+02 3.010002e+01 2.055606e+02
    endloop
  endfacet
  facet normal -1.913262e-14 -1.000000e+00 -4.007206e-14
    outer loop
      vertex   -2.048003e+02 3.010002e+01 2.055606e+02
      vertex   -2.035090e+02 3.010002e+01 2.076038e+02
      vertex   -2.037290e+02 3.010002e+01 2.077088e+02
    endloop
  endfacet
  facet normal -1.246340e-14 -1.000000e+00 -4.339804e-14
    outer loop
      vertex   -2.048003e+02 3.010002e+01 2.055606e+02
      vertex   -2.037290e+02 3.010002e+01 2.077088e+02
      vertex   -2.050979e+02 3.010002e+01 2.057279e+02
    endloop
  endfacet
  facet normal -2.201769e-14 -1.000000e+00 -3.679541e-14
    outer loop
      vertex   -2.050979e+02 3.010002e+01 2.057279e+02
      vertex   -2.037290e+02 3.010002e+01 2.077088e+02
      vertex   -2.039381e+02 3.010002e+01 2.078340e+02
    endloop
  endfacet
  facet normal -5.287687e-15 -1.000000e+00 -4.600843e-14
    outer loop
      vertex   -2.050979e+02 3.010002e+01 2.057279e+02
      vertex   -2.039381e+02 3.010002e+01 2.078340e+02
      vertex   -2.053834e+02 3.010002e+01 2.059152e+02
    endloop
  endfacet
  facet normal 1.130735e-14 -1.000000e+00 -5.850796e-14
    outer loop
      vertex   -2.053834e+02 3.010002e+01 2.059152e+02
      vertex   -2.039381e+02 3.010002e+01 2.078340e+02
      vertex   -2.041347e+02 3.010002e+01 2.079781e+02
    endloop
  endfacet
  facet normal -1.790109e-14 -1.000000e+00 -4.082782e-14
    outer loop
      vertex   -2.053834e+02 3.010002e+01 2.059152e+02
      vertex   -2.041347e+02 3.010002e+01 2.079781e+02
      vertex   -2.056554e+02 3.010002e+01 2.061214e+02
    endloop
  endfacet
  facet normal -4.063797e-15 -1.000000e+00 -5.216168e-14
    outer loop
      vertex   -2.056554e+02 3.010002e+01 2.061214e+02
      vertex   -2.041347e+02 3.010002e+01 2.079781e+02
      vertex   -2.059128e+02 3.010002e+01 2.063458e+02
    endloop
  endfacet
  facet normal -1.565142e-14 -1.000000e+00 -3.953911e-14
    outer loop
      vertex   -2.059128e+02 3.010002e+01 2.063458e+02
      vertex   -2.041347e+02 3.010002e+01 2.079781e+02
      vertex   -2.043168e+02 3.010002e+01 2.081401e+02
    endloop
  endfacet
  facet normal -1.271683e-14 -1.000000e+00 -4.214936e-14
    outer loop
      vertex   -2.059128e+02 3.010002e+01 2.063458e+02
      vertex   -2.043168e+02 3.010002e+01 2.081401e+02
      vertex   -2.061542e+02 3.010002e+01 2.065872e+02
    endloop
  endfacet
  facet normal -1.762002e-14 -1.000000e+00 -3.634780e-14
    outer loop
      vertex   -2.061542e+02 3.010002e+01 2.065872e+02
      vertex   -2.043168e+02 3.010002e+01 2.081401e+02
      vertex   -2.044830e+02 3.010002e+01 2.083184e+02
    endloop
  endfacet
  facet normal -2.152662e-14 -1.000000e+00 -3.257652e-14
    outer loop
      vertex   -2.061542e+02 3.010002e+01 2.065872e+02
      vertex   -2.044830e+02 3.010002e+01 2.083184e+02
      vertex   -2.063786e+02 3.010002e+01 2.068446e+02
    endloop
  endfacet
  facet normal -2.461283e-15 -1.000000e+00 -5.709739e-14
    outer loop
      vertex   -2.063786e+02 3.010002e+01 2.068446e+02
      vertex   -2.044830e+02 3.010002e+01 2.083184e+02
      vertex   -2.046317e+02 3.010002e+01 2.085115e+02
    endloop
  endfacet
  facet normal -4.118004e-15 -1.000000e+00 -5.536125e-14
    outer loop
      vertex   -2.063786e+02 3.010002e+01 2.068446e+02
      vertex   -2.046317e+02 3.010002e+01 2.085115e+02
      vertex   -2.065848e+02 3.010002e+01 2.071166e+02
    endloop
  endfacet
  facet normal -1.157210e-14 -1.000000e+00 -4.492400e-14
    outer loop
      vertex   -2.065848e+02 3.010002e+01 2.071166e+02
      vertex   -2.046317e+02 3.010002e+01 2.085115e+02
      vertex   -2.067721e+02 3.010002e+01 2.074021e+02
    endloop
  endfacet
  facet normal -1.953812e-14 -1.000000e+00 -2.955514e-14
    outer loop
      vertex   -2.067721e+02 3.010002e+01 2.074021e+02
      vertex   -2.046317e+02 3.010002e+01 2.085115e+02
      vertex   -2.047618e+02 3.010002e+01 2.087176e+02
    endloop
  endfacet
  facet normal -1.128856e-14 -1.000000e+00 -4.216154e-14
    outer loop
      vertex   -2.067721e+02 3.010002e+01 2.074021e+02
      vertex   -2.047618e+02 3.010002e+01 2.087176e+02
      vertex   -2.069394e+02 3.010002e+01 2.076997e+02
    endloop
  endfacet
  facet normal -1.271107e-14 -1.000000e+00 -3.911842e-14
    outer loop
      vertex   -2.069394e+02 3.010002e+01 2.076997e+02
      vertex   -2.047618e+02 3.010002e+01 2.087176e+02
      vertex   -2.048719e+02 3.010002e+01 2.089351e+02
    endloop
  endfacet
  facet normal -6.653829e-15 -1.000000e+00 -4.925571e-14
    outer loop
      vertex   -2.069394e+02 3.010002e+01 2.076997e+02
      vertex   -2.048719e+02 3.010002e+01 2.089351e+02
      vertex   -2.070861e+02 3.010002e+01 2.080080e+02
    endloop
  endfacet
  facet normal -1.135224e-14 -1.000000e+00 -3.803434e-14
    outer loop
      vertex   -2.070861e+02 3.010002e+01 2.080080e+02
      vertex   -2.048719e+02 3.010002e+01 2.089351e+02
      vertex   -2.072113e+02 3.010002e+01 2.083256e+02
    endloop
  endfacet
  facet normal -4.477081e-15 -1.000000e+00 -6.442439e-14
    outer loop
      vertex   -2.072113e+02 3.010002e+01 2.083256e+02
      vertex   -2.048719e+02 3.010002e+01 2.089351e+02
      vertex   -2.049612e+02 3.010002e+01 2.091619e+02
    endloop
  endfacet
  facet normal -1.453359e-14 -1.000000e+00 -3.736529e-14
    outer loop
      vertex   -2.072113e+02 3.010002e+01 2.083256e+02
      vertex   -2.049612e+02 3.010002e+01 2.091619e+02
      vertex   -2.073146e+02 3.010002e+01 2.086510e+02
    endloop
  endfacet
  facet normal -1.201053e-14 -1.000000e+00 -4.898885e-14
    outer loop
      vertex   -2.073146e+02 3.010002e+01 2.086510e+02
      vertex   -2.049612e+02 3.010002e+01 2.091619e+02
      vertex   -2.050289e+02 3.010002e+01 2.093960e+02
    endloop
  endfacet
  facet normal -9.748763e-15 -1.000000e+00 -5.592821e-14
    outer loop
      vertex   -2.073146e+02 3.010002e+01 2.086510e+02
      vertex   -2.050289e+02 3.010002e+01 2.093960e+02
      vertex   -2.073954e+02 3.010002e+01 2.089827e+02
    endloop
  endfacet
  facet normal -1.387412e-14 -1.000000e+00 -3.230570e-14
    outer loop
      vertex   -2.073954e+02 3.010002e+01 2.089827e+02
      vertex   -2.050289e+02 3.010002e+01 2.093960e+02
      vertex   -2.050743e+02 3.010002e+01 2.096355e+02
    endloop
  endfacet
  facet normal -1.056847e-14 -1.000000e+00 -4.406023e-14
    outer loop
      vertex   -2.073954e+02 3.010002e+01 2.089827e+02
      vertex   -2.050743e+02 3.010002e+01 2.096355e+02
      vertex   -2.074534e+02 3.010002e+01 2.093192e+02
    endloop
  endfacet
  facet normal -9.344744e-15 -1.000000e+00 -5.326473e-14
    outer loop
      vertex   -2.074534e+02 3.010002e+01 2.093192e+02
      vertex   -2.050743e+02 3.010002e+01 2.096355e+02
      vertex   -2.074883e+02 3.010002e+01 2.096588e+02
    endloop
  endfacet
  facet normal -9.404460e-15 -1.000000e+00 -5.944620e-14
    outer loop
      vertex   -2.074883e+02 3.010002e+01 2.096588e+02
      vertex   -2.050743e+02 3.010002e+01 2.096355e+02
      vertex   -2.050971e+02 3.010002e+01 2.098781e+02
    endloop
  endfacet
  facet normal -1.100259e-14 -1.000000e+00 -4.202402e-14
    outer loop
      vertex   -2.074883e+02 3.010002e+01 2.096588e+02
      vertex   -2.050971e+02 3.010002e+01 2.098781e+02
      vertex   -2.075000e+02 3.010002e+01 2.100000e+02
    endloop
  endfacet
  facet normal -1.108903e-14 -1.000000e+00 -4.372826e-14
    outer loop
      vertex   -2.075000e+02 3.010002e+01 2.100000e+02
      vertex   -2.050971e+02 3.010002e+01 2.098781e+02
      vertex   -2.050971e+02 3.010002e+01 2.101219e+02
    endloop
  endfacet
  facet normal -1.174295e-14 -1.000000e+00 -3.083497e-14
    outer loop
      vertex   -2.075000e+02 3.010002e+01 2.100000e+02
      vertex   -2.050971e+02 3.010002e+01 2.101219e+02
      vertex   -2.074883e+02 3.010002e+01 2.103412e+02
    endloop
  endfacet
  facet normal -1.283263e-14 -1.000000e+00 -4.271428e-14
    outer loop
      vertex   -2.074883e+02 3.010002e+01 2.103412e+02
      vertex   -2.050971e+02 3.010002e+01 2.101219e+02
      vertex   -2.050743e+02 3.010002e+01 2.103645e+02
    endloop
  endfacet
  facet normal -1.265150e-14 -1.000000e+00 -6.146427e-14
    outer loop
      vertex   -2.074883e+02 3.010002e+01 2.103412e+02
      vertex   -2.050743e+02 3.010002e+01 2.103645e+02
      vertex   -2.074534e+02 3.010002e+01 2.106808e+02
    endloop
  endfacet
  facet normal -8.496746e-15 -1.000000e+00 -3.021354e-14
    outer loop
      vertex   -2.074534e+02 3.010002e+01 2.106808e+02
      vertex   -2.050743e+02 3.010002e+01 2.103645e+02
      vertex   -2.073954e+02 3.010002e+01 2.110173e+02
    endloop
  endfacet
  facet normal -1.188270e-14 -1.000000e+00 -4.225363e-14
    outer loop
      vertex   -2.073954e+02 3.010002e+01 2.110173e+02
      vertex   -2.050743e+02 3.010002e+01 2.103645e+02
      vertex   -2.050289e+02 3.010002e+01 2.106040e+02
    endloop
  endfacet
  facet normal -1.329029e-14 -1.000000e+00 -5.031375e-14
    outer loop
      vertex   -2.073954e+02 3.010002e+01 2.110173e+02
      vertex   -2.050289e+02 3.010002e+01 2.106040e+02
      vertex   -2.073146e+02 3.010002e+01 2.113490e+02
    endloop
  endfacet
  facet normal -6.198048e-15 -1.000000e+00 -2.855394e-14
    outer loop
      vertex   -2.073146e+02 3.010002e+01 2.113490e+02
      vertex   -2.050289e+02 3.010002e+01 2.106040e+02
      vertex   -2.049612e+02 3.010002e+01 2.108381e+02
    endloop
  endfacet
  facet normal -8.868257e-15 -1.000000e+00 -4.085539e-14
    outer loop
      vertex   -2.073146e+02 3.010002e+01 2.113490e+02
      vertex   -2.049612e+02 3.010002e+01 2.108381e+02
      vertex   -2.072113e+02 3.010002e+01 2.116744e+02
    endloop
  endfacet
  facet normal -1.480580e-14 -1.000000e+00 -5.683156e-14
    outer loop
      vertex   -2.072113e+02 3.010002e+01 2.116744e+02
      vertex   -2.049612e+02 3.010002e+01 2.108381e+02
      vertex   -2.048719e+02 3.010002e+01 2.110649e+02
    endloop
  endfacet
  facet normal -1.321327e-14 -1.000000e+00 -5.071869e-14
    outer loop
      vertex   -2.072113e+02 3.010002e+01 2.116744e+02
      vertex   -2.048719e+02 3.010002e+01 2.110649e+02
      vertex   -2.070861e+02 3.010002e+01 2.119920e+02
    endloop
  endfacet
  facet normal -9.403325e-15 -1.000000e+00 -4.161927e-14
    outer loop
      vertex   -2.070861e+02 3.010002e+01 2.119920e+02
      vertex   -2.048719e+02 3.010002e+01 2.110649e+02
      vertex   -2.069394e+02 3.010002e+01 2.123003e+02
    endloop
  endfacet
  facet normal -3.117785e-15 -1.000000e+00 -3.109991e-14
    outer loop
      vertex   -2.069394e+02 3.010002e+01 2.123003e+02
      vertex   -2.048719e+02 3.010002e+01 2.110649e+02
      vertex   -2.047618e+02 3.010002e+01 2.112824e+02
    endloop
  endfacet
  facet normal -4.213965e-15 -1.000000e+00 -3.344491e-14
    outer loop
      vertex   -2.069394e+02 3.010002e+01 2.123003e+02
      vertex   -2.047618e+02 3.010002e+01 2.112824e+02
      vertex   -2.067721e+02 3.010002e+01 2.125979e+02
    endloop
  endfacet
  facet normal -1.942085e-14 -1.000000e+00 -5.668301e-14
    outer loop
      vertex   -2.067721e+02 3.010002e+01 2.125979e+02
      vertex   -2.047618e+02 3.010002e+01 2.112824e+02
      vertex   -2.046317e+02 3.010002e+01 2.114885e+02
    endloop
  endfacet
  facet normal -2.145032e-14 -1.000000e+00 -6.059846e-14
    outer loop
      vertex   -2.067721e+02 3.010002e+01 2.125979e+02
      vertex   -2.046317e+02 3.010002e+01 2.114885e+02
      vertex   -2.065848e+02 3.010002e+01 2.128834e+02
    endloop
  endfacet
  facet normal -3.991242e-15 -1.000000e+00 -3.615220e-14
    outer loop
      vertex   -2.065848e+02 3.010002e+01 2.128834e+02
      vertex   -2.046317e+02 3.010002e+01 2.114885e+02
      vertex   -2.063786e+02 3.010002e+01 2.131554e+02
    endloop
  endfacet
  facet normal -1.277599e-14 -1.000000e+00 -4.535805e-14
    outer loop
      vertex   -2.063786e+02 3.010002e+01 2.131554e+02
      vertex   -2.046317e+02 3.010002e+01 2.114885e+02
      vertex   -2.044830e+02 3.010002e+01 2.116816e+02
    endloop
  endfacet
  facet normal -1.218611e-14 -1.000000e+00 -4.459937e-14
    outer loop
      vertex   -2.063786e+02 3.010002e+01 2.131554e+02
      vertex   -2.044830e+02 3.010002e+01 2.116816e+02
      vertex   -2.061542e+02 3.010002e+01 2.134128e+02
    endloop
  endfacet
  facet normal -1.419896e-14 -1.000000e+00 -4.654250e-14
    outer loop
      vertex   -2.061542e+02 3.010002e+01 2.134128e+02
      vertex   -2.044830e+02 3.010002e+01 2.116816e+02
      vertex   -2.043168e+02 3.010002e+01 2.118599e+02
    endloop
  endfacet
  facet normal -2.008012e-14 -1.000000e+00 -5.350120e-14
    outer loop
      vertex   -2.061542e+02 3.010002e+01 2.134128e+02
      vertex   -2.043168e+02 3.010002e+01 2.118599e+02
      vertex   -2.059128e+02 3.010002e+01 2.136542e+02
    endloop
  endfacet
  facet normal -4.087228e-15 -1.000000e+00 -3.927593e-14
    outer loop
      vertex   -2.059128e+02 3.010002e+01 2.136542e+02
      vertex   -2.043168e+02 3.010002e+01 2.118599e+02
      vertex   -2.041347e+02 3.010002e+01 2.120219e+02
    endloop
  endfacet
  facet normal 1.411453e-15 -1.000000e+00 -3.328613e-14
    outer loop
      vertex   -2.059128e+02 3.010002e+01 2.136542e+02
      vertex   -2.041347e+02 3.010002e+01 2.120219e+02
      vertex   -2.056554e+02 3.010002e+01 2.138786e+02
    endloop
  endfacet
  facet normal -1.611230e-14 -1.000000e+00 -4.763950e-14
    outer loop
      vertex   -2.056554e+02 3.010002e+01 2.138786e+02
      vertex   -2.041347e+02 3.010002e+01 2.120219e+02
      vertex   -2.053834e+02 3.010002e+01 2.140849e+02
    endloop
  endfacet
  facet normal -5.788300e-15 -1.000000e+00 -4.139029e-14
    outer loop
      vertex   -2.053834e+02 3.010002e+01 2.140849e+02
      vertex   -2.041347e+02 3.010002e+01 2.120219e+02
      vertex   -2.039381e+02 3.010002e+01 2.121660e+02
    endloop
  endfacet
  facet normal -1.706137e-14 -1.000000e+00 -4.988126e-14
    outer loop
      vertex   -2.053834e+02 3.010002e+01 2.140849e+02
      vertex   -2.039381e+02 3.010002e+01 2.121660e+02
      vertex   -2.050979e+02 3.010002e+01 2.142721e+02
    endloop
  endfacet
  facet normal -2.010736e-14 -1.000000e+00 -5.155865e-14
    outer loop
      vertex   -2.050979e+02 3.010002e+01 2.142721e+02
      vertex   -2.039381e+02 3.010002e+01 2.121660e+02
      vertex   -2.037290e+02 3.010002e+01 2.122912e+02
    endloop
  endfacet
  facet normal 6.653515e-15 -1.000000e+00 -3.306517e-14
    outer loop
      vertex   -2.050979e+02 3.010002e+01 2.142721e+02
      vertex   -2.037290e+02 3.010002e+01 2.122912e+02
      vertex   -2.048003e+02 3.010002e+01 2.144394e+02
    endloop
  endfacet
  facet normal -1.206124e-14 -1.000000e+00 -4.239833e-14
    outer loop
      vertex   -2.048003e+02 3.010002e+01 2.144394e+02
      vertex   -2.037290e+02 3.010002e+01 2.122912e+02
      vertex   -2.035090e+02 3.010002e+01 2.123962e+02
    endloop
  endfacet
  facet normal -2.272302e-14 -1.000000e+00 -4.913645e-14
    outer loop
      vertex   -2.048003e+02 3.010002e+01 2.144394e+02
      vertex   -2.035090e+02 3.010002e+01 2.123962e+02
      vertex   -2.044920e+02 3.010002e+01 2.145861e+02
    endloop
  endfacet
  facet normal -1.546539e-14 -1.000000e+00 -4.587868e-14
    outer loop
      vertex   -2.044920e+02 3.010002e+01 2.145861e+02
      vertex   -2.035090e+02 3.010002e+01 2.123962e+02
      vertex   -2.041744e+02 3.010002e+01 2.147113e+02
    endloop
  endfacet
  facet normal -2.924243e-16 -1.000000e+00 -4.151796e-14
    outer loop
      vertex   -2.041744e+02 3.010002e+01 2.147113e+02
      vertex   -2.035090e+02 3.010002e+01 2.123962e+02
      vertex   -2.032802e+02 3.010002e+01 2.124802e+02
    endloop
  endfacet
  facet normal -7.713819e-15 -1.000000e+00 -4.449225e-14
    outer loop
      vertex   -2.041744e+02 3.010002e+01 2.147113e+02
      vertex   -2.032802e+02 3.010002e+01 2.124802e+02
      vertex   -2.038490e+02 3.010002e+01 2.148146e+02
    endloop
  endfacet
  facet normal -1.776759e-14 -1.000000e+00 -4.694178e-14
    outer loop
      vertex   -2.038490e+02 3.010002e+01 2.148146e+02
      vertex   -2.032802e+02 3.010002e+01 2.124802e+02
      vertex   -2.030445e+02 3.010002e+01 2.125423e+02
    endloop
  endfacet
  facet normal -7.401303e-16 -1.000000e+00 -4.091360e-14
    outer loop
      vertex   -2.038490e+02 3.010002e+01 2.148146e+02
      vertex   -2.030445e+02 3.010002e+01 2.125423e+02
      vertex   -2.035173e+02 3.010002e+01 2.148954e+02
    endloop
  endfacet
  facet normal -2.382470e-14 -1.000000e+00 -4.555129e-14
    outer loop
      vertex   -2.035173e+02 3.010002e+01 2.148954e+02
      vertex   -2.030445e+02 3.010002e+01 2.125423e+02
      vertex   -2.031808e+02 3.010002e+01 2.149534e+02
    endloop
  endfacet
  facet normal -7.385086e-15 -1.000000e+00 -4.462203e-14
    outer loop
      vertex   -2.031808e+02 3.010002e+01 2.149534e+02
      vertex   -2.030445e+02 3.010002e+01 2.125423e+02
      vertex   -2.028041e+02 3.010002e+01 2.125822e+02
    endloop
  endfacet
  facet normal -5.897821e-15 -1.000000e+00 -4.438573e-14
    outer loop
      vertex   -2.031808e+02 3.010002e+01 2.149534e+02
      vertex   -2.028041e+02 3.010002e+01 2.125822e+02
      vertex   -2.028412e+02 3.010002e+01 2.149883e+02
    endloop
  endfacet
  facet normal -1.147916e-14 -1.000000e+00 -4.447186e-14
    outer loop
      vertex   -2.028412e+02 3.010002e+01 2.149883e+02
      vertex   -2.028041e+02 3.010002e+01 2.125822e+02
      vertex   -2.025609e+02 3.010002e+01 2.125993e+02
    endloop
  endfacet
  facet normal -8.903159e-15 -1.000000e+00 -4.416967e-14
    outer loop
      vertex   -2.028412e+02 3.010002e+01 2.149883e+02
      vertex   -2.025609e+02 3.010002e+01 2.125993e+02
      vertex   -2.025000e+02 3.010002e+01 2.150000e+02
    endloop
  endfacet
  facet normal -1.040416e-15 -1.000000e+00 -4.436929e-14
    outer loop
      vertex   -2.025000e+02 3.010002e+01 2.150000e+02
      vertex   -2.025609e+02 3.010002e+01 2.125993e+02
      vertex   -2.023173e+02 3.010002e+01 2.125936e+02
    endloop
  endfacet
  facet normal -2.239517e-14 -1.000000e+00 -4.599074e-14
    outer loop
      vertex   -2.025000e+02 3.010002e+01 2.150000e+02
      vertex   -2.023173e+02 3.010002e+01 2.125936e+02
      vertex   -2.021588e+02 3.010002e+01 2.149883e+02
    endloop
  endfacet
  facet normal -1.523750e-14 -1.000000e+00 -4.646446e-14
    outer loop
      vertex   -2.021588e+02 3.010002e+01 2.149883e+02
      vertex   -2.023173e+02 3.010002e+01 2.125936e+02
      vertex   -2.018192e+02 3.010002e+01 2.149534e+02
    endloop
  endfacet
  facet normal -3.435035e-14 -1.000000e+00 -4.243015e-14
    outer loop
      vertex   -2.018192e+02 3.010002e+01 2.149534e+02
      vertex   -2.023173e+02 3.010002e+01 2.125936e+02
      vertex   -2.020752e+02 3.010002e+01 2.125651e+02
    endloop
  endfacet
  facet normal -7.806350e-15 -1.000000e+00 -4.527588e-14
    outer loop
      vertex   -2.018192e+02 3.010002e+01 2.149534e+02
      vertex   -2.020752e+02 3.010002e+01 2.125651e+02
      vertex   -2.014827e+02 3.010002e+01 2.148954e+02
    endloop
  endfacet
  facet normal -9.599993e-15 -1.000000e+00 -4.481984e-14
    outer loop
      vertex   -2.014827e+02 3.010002e+01 2.148954e+02
      vertex   -2.020752e+02 3.010002e+01 2.125651e+02
      vertex   -2.018369e+02 3.010002e+01 2.125140e+02
    endloop
  endfacet
  facet normal -5.401493e-16 -1.000000e+00 -4.616725e-14
    outer loop
      vertex   -2.014827e+02 3.010002e+01 2.148954e+02
      vertex   -2.018369e+02 3.010002e+01 2.125140e+02
      vertex   -2.011510e+02 3.010002e+01 2.148146e+02
    endloop
  endfacet
  facet normal 1.461577e-14 -1.000000e+00 -5.068571e-14
    outer loop
      vertex   -2.011510e+02 3.010002e+01 2.148146e+02
      vertex   -2.018369e+02 3.010002e+01 2.125140e+02
      vertex   -2.016044e+02 3.010002e+01 2.124409e+02
    endloop
  endfacet
  facet normal -1.433211e-14 -1.000000e+00 -4.515677e-14
    outer loop
      vertex   -2.011510e+02 3.010002e+01 2.148146e+02
      vertex   -2.016044e+02 3.010002e+01 2.124409e+02
      vertex   -2.008256e+02 3.010002e+01 2.147113e+02
    endloop
  endfacet
  facet normal -1.739343e-14 -1.000000e+00 -4.410670e-14
    outer loop
      vertex   -2.008256e+02 3.010002e+01 2.147113e+02
      vertex   -2.016044e+02 3.010002e+01 2.124409e+02
      vertex   -2.005080e+02 3.010002e+01 2.145861e+02
    endloop
  endfacet
  facet normal -1.836426e-14 -1.000000e+00 -4.361051e-14
    outer loop
      vertex   -2.005080e+02 3.010002e+01 2.145861e+02
      vertex   -2.016044e+02 3.010002e+01 2.124409e+02
      vertex   -2.013798e+02 3.010002e+01 2.123463e+02
    endloop
  endfacet
  facet normal -9.230397e-16 -1.000000e+00 -5.039895e-14
    outer loop
      vertex   -2.005080e+02 3.010002e+01 2.145861e+02
      vertex   -2.013798e+02 3.010002e+01 2.123463e+02
      vertex   -2.001997e+02 3.010002e+01 2.144394e+02
    endloop
  endfacet
  facet normal -8.271068e-15 -1.000000e+00 -4.625625e-14
    outer loop
      vertex   -2.001997e+02 3.010002e+01 2.144394e+02
      vertex   -2.013798e+02 3.010002e+01 2.123463e+02
      vertex   -2.011650e+02 3.010002e+01 2.122311e+02
    endloop
  endfacet
  facet normal -1.292634e-14 -1.000000e+00 -4.422138e-14
    outer loop
      vertex   -2.001997e+02 3.010002e+01 2.144394e+02
      vertex   -2.011650e+02 3.010002e+01 2.122311e+02
      vertex   -1.999021e+02 3.010002e+01 2.142721e+02
    endloop
  endfacet
  facet normal -1.551116e-14 -1.000000e+00 -4.262202e-14
    outer loop
      vertex   -1.999021e+02 3.010002e+01 2.142721e+02
      vertex   -2.011650e+02 3.010002e+01 2.122311e+02
      vertex   -1.996166e+02 3.010002e+01 2.140849e+02
    endloop
  endfacet
  facet normal -2.373704e-14 -1.000000e+00 -3.575135e-14
    outer loop
      vertex   -1.996166e+02 3.010002e+01 2.140849e+02
      vertex   -2.011650e+02 3.010002e+01 2.122311e+02
      vertex   -2.009619e+02 3.010002e+01 2.120963e+02
    endloop
  endfacet
  facet normal -8.704055e-15 -1.000000e+00 -4.592139e-14
    outer loop
      vertex   -1.996166e+02 3.010002e+01 2.140849e+02
      vertex   -2.009619e+02 3.010002e+01 2.120963e+02
      vertex   -1.993446e+02 3.010002e+01 2.138786e+02
    endloop
  endfacet
  facet normal 7.336643e-15 -1.000000e+00 -6.047755e-14
    outer loop
      vertex   -1.993446e+02 3.010002e+01 2.138786e+02
      vertex   -2.009619e+02 3.010002e+01 2.120963e+02
      vertex   -2.007724e+02 3.010002e+01 2.119430e+02
    endloop
  endfacet
  facet normal -1.241584e-14 -1.000000e+00 -4.590650e-14
    outer loop
      vertex   -1.993446e+02 3.010002e+01 2.138786e+02
      vertex   -2.007724e+02 3.010002e+01 2.119430e+02
      vertex   -1.990872e+02 3.010002e+01 2.136542e+02
    endloop
  endfacet
  facet normal -2.894352e-14 -1.000000e+00 -2.963018e-14
    outer loop
      vertex   -1.990872e+02 3.010002e+01 2.136542e+02
      vertex   -2.007724e+02 3.010002e+01 2.119430e+02
      vertex   -2.005980e+02 3.010002e+01 2.117727e+02
    endloop
  endfacet
  facet normal -1.299996e-14 -1.000000e+00 -4.243249e-14
    outer loop
      vertex   -1.990872e+02 3.010002e+01 2.136542e+02
      vertex   -2.005980e+02 3.010002e+01 2.117727e+02
      vertex   -1.988458e+02 3.010002e+01 2.134128e+02
    endloop
  endfacet
  facet normal -1.479582e-14 -1.000000e+00 -4.051384e-14
    outer loop
      vertex   -1.988458e+02 3.010002e+01 2.134128e+02
      vertex   -2.005980e+02 3.010002e+01 2.117727e+02
      vertex   -1.986214e+02 3.010002e+01 2.131554e+02
    endloop
  endfacet
  facet normal -1.029245e-14 -1.000000e+00 -4.695124e-14
    outer loop
      vertex   -1.986214e+02 3.010002e+01 2.131554e+02
      vertex   -2.005980e+02 3.010002e+01 2.117727e+02
      vertex   -2.004404e+02 3.010002e+01 2.115868e+02
    endloop
  endfacet
  facet normal -3.466074e-15 -1.000000e+00 -5.486688e-14
    outer loop
      vertex   -1.986214e+02 3.010002e+01 2.131554e+02
      vertex   -2.004404e+02 3.010002e+01 2.115868e+02
      vertex   -1.984151e+02 3.010002e+01 2.128834e+02
    endloop
  endfacet
  facet normal -1.093913e-14 -1.000000e+00 -4.319428e-14
    outer loop
      vertex   -1.984151e+02 3.010002e+01 2.128834e+02
      vertex   -2.004404e+02 3.010002e+01 2.115868e+02
      vertex   -2.003008e+02 3.010002e+01 2.113870e+02
    endloop
  endfacet
  facet normal -1.674808e-14 -1.000000e+00 -3.587431e-14
    outer loop
      vertex   -1.984151e+02 3.010002e+01 2.128834e+02
      vertex   -2.003008e+02 3.010002e+01 2.113870e+02
      vertex   -1.982279e+02 3.010002e+01 2.125979e+02
    endloop
  endfacet
  facet normal -1.361778e-14 -1.000000e+00 -4.123282e-14
    outer loop
      vertex   -1.982279e+02 3.010002e+01 2.125979e+02
      vertex   -2.003008e+02 3.010002e+01 2.113870e+02
      vertex   -2.001806e+02 3.010002e+01 2.111749e+02
    endloop
  endfacet
  facet normal -6.289720e-15 -1.000000e+00 -5.128893e-14
    outer loop
      vertex   -1.982279e+02 3.010002e+01 2.125979e+02
      vertex   -2.001806e+02 3.010002e+01 2.111749e+02
      vertex   -1.980606e+02 3.010002e+01 2.123003e+02
    endloop
  endfacet
  facet normal -7.224857e-15 -1.000000e+00 -4.952728e-14
    outer loop
      vertex   -1.980606e+02 3.010002e+01 2.123003e+02
      vertex   -2.001806e+02 3.010002e+01 2.111749e+02
      vertex   -1.979139e+02 3.010002e+01 2.119920e+02
    endloop
  endfacet
  facet normal -1.167014e-14 -1.000000e+00 -3.719531e-14
    outer loop
      vertex   -1.979139e+02 3.010002e+01 2.119920e+02
      vertex   -2.001806e+02 3.010002e+01 2.111749e+02
      vertex   -2.000808e+02 3.010002e+01 2.109526e+02
    endloop
  endfacet
  facet normal -1.579332e-14 -1.000000e+00 -2.859981e-14
    outer loop
      vertex   -1.979139e+02 3.010002e+01 2.119920e+02
      vertex   -2.000808e+02 3.010002e+01 2.109526e+02
      vertex   -1.977887e+02 3.010002e+01 2.116744e+02
    endloop
  endfacet
  facet normal -4.880170e-15 -1.000000e+00 -6.325433e-14
    outer loop
      vertex   -1.977887e+02 3.010002e+01 2.116744e+02
      vertex   -2.000808e+02 3.010002e+01 2.109526e+02
      vertex   -2.000022e+02 3.010002e+01 2.107219e+02
    endloop
  endfacet
  facet normal -1.170862e-14 -1.000000e+00 -4.738620e-14
    outer loop
      vertex   -1.977887e+02 3.010002e+01 2.116744e+02
      vertex   -2.000022e+02 3.010002e+01 2.107219e+02
      vertex   -1.976854e+02 3.010002e+01 2.113490e+02
    endloop
  endfacet
  facet normal -9.418246e-15 -1.000000e+00 -5.584767e-14
    outer loop
      vertex   -1.976854e+02 3.010002e+01 2.113490e+02
      vertex   -2.000022e+02 3.010002e+01 2.107219e+02
      vertex   -1.976046e+02 3.010002e+01 2.110173e+02
    endloop
  endfacet
  facet normal -1.224603e-14 -1.000000e+00 -3.289696e-14
    outer loop
      vertex   -1.976046e+02 3.010002e+01 2.110173e+02
      vertex   -2.000022e+02 3.010002e+01 2.107219e+02
      vertex   -1.999456e+02 3.010002e+01 2.104848e+02
    endloop
  endfacet
  facet normal -1.205058e-14 -1.000000e+00 -3.375626e-14
    outer loop
      vertex   -1.976046e+02 3.010002e+01 2.110173e+02
      vertex   -1.999456e+02 3.010002e+01 2.104848e+02
      vertex   -1.975466e+02 3.010002e+01 2.106808e+02
    endloop
  endfacet
  facet normal -9.882738e-15 -1.000000e+00 -6.028542e-14
    outer loop
      vertex   -1.975466e+02 3.010002e+01 2.106808e+02
      vertex   -1.999456e+02 3.010002e+01 2.104848e+02
      vertex   -1.999114e+02 3.010002e+01 2.102435e+02
    endloop
  endfacet
  facet normal -9.248341e-15 -1.000000e+00 -6.371564e-14
    outer loop
      vertex   -1.975466e+02 3.010002e+01 2.106808e+02
      vertex   -1.999114e+02 3.010002e+01 2.102435e+02
      vertex   -1.975117e+02 3.010002e+01 2.103412e+02
    endloop
  endfacet
  facet normal -1.004129e-14 -1.000000e+00 -4.424755e-14
    outer loop
      vertex   -1.975117e+02 3.010002e+01 2.103412e+02
      vertex   -1.999114e+02 3.010002e+01 2.102435e+02
      vertex   -1.999000e+02 3.010002e+01 2.100000e+02
    endloop
  endfacet
  facet normal -9.994170e-01 5.840186e-08 3.414111e-02
    outer loop
      vertex   -1.975117e+02 3.950002e+01 2.096588e+02
      vertex   -1.975000e+02 3.950002e+01 2.100000e+02
      vertex   -1.975000e+02 4.250002e+01 2.100000e+02
    endloop
  endfacet
  facet normal -9.994170e-01 5.840186e-08 -3.414111e-02
    outer loop
      vertex   -1.975000e+02 4.250002e+01 2.100000e+02
      vertex   -1.975000e+02 3.950002e+01 2.100000e+02
      vertex   -1.975117e+02 3.950002e+01 2.103412e+02
    endloop
  endfacet
  facet normal -9.994170e-01 5.840184e-08 -3.414111e-02
    outer loop
      vertex   -1.975000e+02 4.250002e+01 2.100000e+02
      vertex   -1.975117e+02 3.950002e+01 2.103412e+02
      vertex   -1.975117e+02 4.250002e+01 2.103412e+02
    endloop
  endfacet
  facet normal -9.947573e-01 5.812954e-08 -1.022641e-01
    outer loop
      vertex   -1.975117e+02 4.250002e+01 2.103412e+02
      vertex   -1.975117e+02 3.950002e+01 2.103412e+02
      vertex   -1.975466e+02 4.250002e+01 2.106808e+02
    endloop
  endfacet
  facet normal -9.947573e-01 5.812955e-08 -1.022641e-01
    outer loop
      vertex   -1.975466e+02 4.250002e+01 2.106808e+02
      vertex   -1.975117e+02 3.950002e+01 2.103412e+02
      vertex   -1.975466e+02 3.950002e+01 2.106808e+02
    endloop
  endfacet
  facet normal -9.854595e-01 5.758623e-08 -1.699104e-01
    outer loop
      vertex   -1.975466e+02 4.250002e+01 2.106808e+02
      vertex   -1.975466e+02 3.950002e+01 2.106808e+02
      vertex   -1.976046e+02 4.250002e+01 2.110173e+02
    endloop
  endfacet
  facet normal -9.854595e-01 5.758622e-08 -1.699104e-01
    outer loop
      vertex   -1.976046e+02 4.250002e+01 2.110173e+02
      vertex   -1.975466e+02 3.950002e+01 2.106808e+02
      vertex   -1.976046e+02 3.950002e+01 2.110173e+02
    endloop
  endfacet
  facet normal -9.715671e-01 5.677440e-08 -2.367644e-01
    outer loop
      vertex   -1.976046e+02 4.250002e+01 2.110173e+02
      vertex   -1.976046e+02 3.950002e+01 2.110173e+02
      vertex   -1.976854e+02 4.250002e+01 2.113490e+02
    endloop
  endfacet
  facet normal -9.715671e-01 5.677441e-08 -2.367644e-01
    outer loop
      vertex   -1.976854e+02 4.250002e+01 2.113490e+02
      vertex   -1.976046e+02 3.950002e+01 2.110173e+02
      vertex   -1.976854e+02 3.950002e+01 2.113490e+02
    endloop
  endfacet
  facet normal -9.531448e-01 5.569788e-08 -3.025146e-01
    outer loop
      vertex   -1.976854e+02 4.250002e+01 2.113490e+02
      vertex   -1.976854e+02 3.950002e+01 2.113490e+02
      vertex   -1.977887e+02 4.250002e+01 2.116744e+02
    endloop
  endfacet
  facet normal -9.531448e-01 5.569788e-08 -3.025146e-01
    outer loop
      vertex   -1.977887e+02 4.250002e+01 2.116744e+02
      vertex   -1.976854e+02 3.950002e+01 2.113490e+02
      vertex   -1.977887e+02 3.950002e+01 2.116744e+02
    endloop
  endfacet
  facet normal -9.302784e-01 5.436167e-08 -3.668542e-01
    outer loop
      vertex   -1.977887e+02 4.250002e+01 2.116744e+02
      vertex   -1.977887e+02 3.950002e+01 2.116744e+02
      vertex   -1.979139e+02 4.250002e+01 2.119920e+02
    endloop
  endfacet
  facet normal -9.302784e-01 5.436167e-08 -3.668542e-01
    outer loop
      vertex   -1.979139e+02 4.250002e+01 2.119920e+02
      vertex   -1.977887e+02 3.950002e+01 2.116744e+02
      vertex   -1.979139e+02 3.950002e+01 2.119920e+02
    endloop
  endfacet
  facet normal -9.030747e-01 5.277200e-08 -4.294834e-01
    outer loop
      vertex   -1.979139e+02 4.250002e+01 2.119920e+02
      vertex   -1.979139e+02 3.950002e+01 2.119920e+02
      vertex   -1.980606e+02 4.250002e+01 2.123003e+02
    endloop
  endfacet
  facet normal -9.030747e-01 5.277199e-08 -4.294834e-01
    outer loop
      vertex   -1.980606e+02 4.250002e+01 2.123003e+02
      vertex   -1.979139e+02 3.950002e+01 2.119920e+02
      vertex   -1.980606e+02 3.950002e+01 2.123003e+02
    endloop
  endfacet
  facet normal -8.716605e-01 5.093627e-08 -4.901102e-01
    outer loop
      vertex   -1.980606e+02 4.250002e+01 2.123003e+02
      vertex   -1.980606e+02 3.950002e+01 2.123003e+02
      vertex   -1.982279e+02 4.250002e+01 2.125979e+02
    endloop
  endfacet
  facet normal -8.716605e-01 5.093627e-08 -4.901102e-01
    outer loop
      vertex   -1.982279e+02 4.250002e+01 2.125979e+02
      vertex   -1.980606e+02 3.950002e+01 2.123003e+02
      vertex   -1.982279e+02 3.950002e+01 2.125979e+02
    endloop
  endfacet
  facet normal -8.361821e-01 4.886307e-08 -5.484519e-01
    outer loop
      vertex   -1.982279e+02 4.250002e+01 2.125979e+02
      vertex   -1.982279e+02 3.950002e+01 2.125979e+02
      vertex   -1.984151e+02 4.250002e+01 2.128834e+02
    endloop
  endfacet
  facet normal -8.361821e-01 4.886307e-08 -5.484519e-01
    outer loop
      vertex   -1.984151e+02 4.250002e+01 2.128834e+02
      vertex   -1.982279e+02 3.950002e+01 2.125979e+02
      vertex   -1.984151e+02 3.950002e+01 2.128834e+02
    endloop
  endfacet
  facet normal -7.968051e-01 4.656203e-08 -6.042364e-01
    outer loop
      vertex   -1.984151e+02 4.250002e+01 2.128834e+02
      vertex   -1.984151e+02 3.950002e+01 2.128834e+02
      vertex   -1.986214e+02 4.250002e+01 2.131554e+02
    endloop
  endfacet
  facet normal -7.968051e-01 4.656203e-08 -6.042364e-01
    outer loop
      vertex   -1.986214e+02 4.250002e+01 2.131554e+02
      vertex   -1.984151e+02 3.950002e+01 2.128834e+02
      vertex   -1.986214e+02 3.950002e+01 2.131554e+02
    endloop
  endfacet
  facet normal -7.537130e-01 4.404391e-08 -6.572037e-01
    outer loop
      vertex   -1.986214e+02 4.250002e+01 2.131554e+02
      vertex   -1.986214e+02 3.950002e+01 2.131554e+02
      vertex   -1.988458e+02 4.250002e+01 2.134128e+02
    endloop
  endfacet
  facet normal -7.537130e-01 4.404391e-08 -6.572037e-01
    outer loop
      vertex   -1.988458e+02 4.250002e+01 2.134128e+02
      vertex   -1.986214e+02 3.950002e+01 2.131554e+02
      vertex   -1.988458e+02 3.950002e+01 2.134128e+02
    endloop
  endfacet
  facet normal -7.071068e-01 4.132043e-08 -7.071068e-01
    outer loop
      vertex   -1.988458e+02 4.250002e+01 2.134128e+02
      vertex   -1.988458e+02 3.950002e+01 2.134128e+02
      vertex   -1.990872e+02 4.250002e+01 2.136542e+02
    endloop
  endfacet
  facet normal -7.071068e-01 4.132042e-08 -7.071068e-01
    outer loop
      vertex   -1.990872e+02 4.250002e+01 2.136542e+02
      vertex   -1.988458e+02 3.950002e+01 2.134128e+02
      vertex   -1.990872e+02 3.950002e+01 2.136542e+02
    endloop
  endfacet
  facet normal -6.572037e-01 3.840429e-08 -7.537130e-01
    outer loop
      vertex   -1.990872e+02 4.250002e+01 2.136542e+02
      vertex   -1.990872e+02 3.950002e+01 2.136542e+02
      vertex   -1.993446e+02 4.250002e+01 2.138786e+02
    endloop
  endfacet
  facet normal -6.572037e-01 3.840430e-08 -7.537130e-01
    outer loop
      vertex   -1.993446e+02 4.250002e+01 2.138786e+02
      vertex   -1.990872e+02 3.950002e+01 2.136542e+02
      vertex   -1.993446e+02 3.950002e+01 2.138786e+02
    endloop
  endfacet
  facet normal -6.042364e-01 3.530910e-08 -7.968051e-01
    outer loop
      vertex   -1.993446e+02 4.250002e+01 2.138786e+02
      vertex   -1.993446e+02 3.950002e+01 2.138786e+02
      vertex   -1.996166e+02 4.250002e+01 2.140849e+02
    endloop
  endfacet
  facet normal -6.042364e-01 3.530910e-08 -7.968051e-01
    outer loop
      vertex   -1.996166e+02 4.250002e+01 2.140849e+02
      vertex   -1.993446e+02 3.950002e+01 2.138786e+02
      vertex   -1.996166e+02 3.950002e+01 2.140849e+02
    endloop
  endfacet
  facet normal -5.484519e-01 3.204928e-08 -8.361821e-01
    outer loop
      vertex   -1.996166e+02 4.250002e+01 2.140849e+02
      vertex   -1.996166e+02 3.950002e+01 2.140849e+02
      vertex   -1.999021e+02 4.250002e+01 2.142721e+02
    endloop
  endfacet
  facet normal -5.484519e-01 3.204929e-08 -8.361821e-01
    outer loop
      vertex   -1.999021e+02 4.250002e+01 2.142721e+02
      vertex   -1.996166e+02 3.950002e+01 2.140849e+02
      vertex   -1.999021e+02 3.950002e+01 2.142721e+02
    endloop
  endfacet
  facet normal -4.901102e-01 2.864004e-08 -8.716605e-01
    outer loop
      vertex   -1.999021e+02 4.250002e+01 2.142721e+02
      vertex   -1.999021e+02 3.950002e+01 2.142721e+02
      vertex   -2.001997e+02 4.250002e+01 2.144394e+02
    endloop
  endfacet
  facet normal -4.901102e-01 2.864003e-08 -8.716605e-01
    outer loop
      vertex   -2.001997e+02 4.250002e+01 2.144394e+02
      vertex   -1.999021e+02 3.950002e+01 2.142721e+02
      vertex   -2.001997e+02 3.950002e+01 2.144394e+02
    endloop
  endfacet
  facet normal -4.294834e-01 2.509725e-08 -9.030747e-01
    outer loop
      vertex   -2.001997e+02 4.250002e+01 2.144394e+02
      vertex   -2.001997e+02 3.950002e+01 2.144394e+02
      vertex   -2.005080e+02 4.250002e+01 2.145861e+02
    endloop
  endfacet
  facet normal -4.294834e-01 2.509725e-08 -9.030747e-01
    outer loop
      vertex   -2.005080e+02 4.250002e+01 2.145861e+02
      vertex   -2.001997e+02 3.950002e+01 2.144394e+02
      vertex   -2.005080e+02 3.950002e+01 2.145861e+02
    endloop
  endfacet
  facet normal -3.668542e-01 2.143746e-08 -9.302784e-01
    outer loop
      vertex   -2.005080e+02 4.250002e+01 2.145861e+02
      vertex   -2.005080e+02 3.950002e+01 2.145861e+02
      vertex   -2.008256e+02 4.250002e+01 2.147113e+02
    endloop
  endfacet
  facet normal -3.668542e-01 2.143746e-08 -9.302784e-01
    outer loop
      vertex   -2.008256e+02 4.250002e+01 2.147113e+02
      vertex   -2.005080e+02 3.950002e+01 2.145861e+02
      vertex   -2.008256e+02 3.950002e+01 2.147113e+02
    endloop
  endfacet
  facet normal -3.025146e-01 1.767771e-08 -9.531448e-01
    outer loop
      vertex   -2.008256e+02 4.250002e+01 2.147113e+02
      vertex   -2.008256e+02 3.950002e+01 2.147113e+02
      vertex   -2.011510e+02 4.250002e+01 2.148146e+02
    endloop
  endfacet
  facet normal -3.025146e-01 1.767771e-08 -9.531448e-01
    outer loop
      vertex   -2.011510e+02 4.250002e+01 2.148146e+02
      vertex   -2.008256e+02 3.950002e+01 2.147113e+02
      vertex   -2.011510e+02 3.950002e+01 2.148146e+02
    endloop
  endfacet
  facet normal -2.367644e-01 1.383554e-08 -9.715671e-01
    outer loop
      vertex   -2.011510e+02 4.250002e+01 2.148146e+02
      vertex   -2.011510e+02 3.950002e+01 2.148146e+02
      vertex   -2.014827e+02 4.250002e+01 2.148954e+02
    endloop
  endfacet
  facet normal -2.367644e-01 1.383554e-08 -9.715671e-01
    outer loop
      vertex   -2.014827e+02 4.250002e+01 2.148954e+02
      vertex   -2.011510e+02 3.950002e+01 2.148146e+02
      vertex   -2.014827e+02 3.950002e+01 2.148954e+02
    endloop
  endfacet
  facet normal -1.699104e-01 9.928868e-09 -9.854595e-01
    outer loop
      vertex   -2.014827e+02 4.250002e+01 2.148954e+02
      vertex   -2.014827e+02 3.950002e+01 2.148954e+02
      vertex   -2.018192e+02 4.250002e+01 2.149534e+02
    endloop
  endfacet
  facet normal -1.699104e-01 9.928868e-09 -9.854595e-01
    outer loop
      vertex   -2.018192e+02 4.250002e+01 2.149534e+02
      vertex   -2.014827e+02 3.950002e+01 2.148954e+02
      vertex   -2.018192e+02 3.950002e+01 2.149534e+02
    endloop
  endfacet
  facet normal -1.022641e-01 5.975899e-09 -9.947573e-01
    outer loop
      vertex   -2.018192e+02 4.250002e+01 2.149534e+02
      vertex   -2.018192e+02 3.950002e+01 2.149534e+02
      vertex   -2.021588e+02 4.250002e+01 2.149883e+02
    endloop
  endfacet
  facet normal -1.022641e-01 5.975899e-09 -9.947573e-01
    outer loop
      vertex   -2.021588e+02 4.250002e+01 2.149883e+02
      vertex   -2.018192e+02 3.950002e+01 2.149534e+02
      vertex   -2.021588e+02 3.950002e+01 2.149883e+02
    endloop
  endfacet
  facet normal -3.414111e-02 1.995067e-09 -9.994170e-01
    outer loop
      vertex   -2.021588e+02 4.250002e+01 2.149883e+02
      vertex   -2.021588e+02 3.950002e+01 2.149883e+02
      vertex   -2.025000e+02 4.250002e+01 2.150000e+02
    endloop
  endfacet
  facet normal -3.414111e-02 1.995067e-09 -9.994170e-01
    outer loop
      vertex   -2.025000e+02 4.250002e+01 2.150000e+02
      vertex   -2.021588e+02 3.950002e+01 2.149883e+02
      vertex   -2.025000e+02 3.950002e+01 2.150000e+02
    endloop
  endfacet
  facet normal 3.414111e-02 -1.995067e-09 -9.994170e-01
    outer loop
      vertex   -2.025000e+02 4.250002e+01 2.150000e+02
      vertex   -2.025000e+02 3.950002e+01 2.150000e+02
      vertex   -2.028412e+02 4.250002e+01 2.149883e+02
    endloop
  endfacet
  facet normal 3.414111e-02 -1.995067e-09 -9.994170e-01
    outer loop
      vertex   -2.028412e+02 4.250002e+01 2.149883e+02
      vertex   -2.025000e+02 3.950002e+01 2.150000e+02
      vertex   -2.028412e+02 3.950002e+01 2.149883e+02
    endloop
  endfacet
  facet normal 1.022641e-01 -5.975898e-09 -9.947573e-01
    outer loop
      vertex   -2.028412e+02 4.250002e+01 2.149883e+02
      vertex   -2.028412e+02 3.950002e+01 2.149883e+02
      vertex   -2.031808e+02 4.250002e+01 2.149534e+02
    endloop
  endfacet
  facet normal 1.022641e-01 -5.975898e-09 -9.947573e-01
    outer loop
      vertex   -2.031808e+02 4.250002e+01 2.149534e+02
      vertex   -2.028412e+02 3.950002e+01 2.149883e+02
      vertex   -2.031808e+02 3.950002e+01 2.149534e+02
    endloop
  endfacet
  facet normal 1.699104e-01 -9.928867e-09 -9.854595e-01
    outer loop
      vertex   -2.031808e+02 4.250002e+01 2.149534e+02
      vertex   -2.031808e+02 3.950002e+01 2.149534e+02
      vertex   -2.035173e+02 4.250002e+01 2.148954e+02
    endloop
  endfacet
  facet normal 1.699104e-01 -9.928868e-09 -9.854595e-01
    outer loop
      vertex   -2.035173e+02 4.250002e+01 2.148954e+02
      vertex   -2.031808e+02 3.950002e+01 2.149534e+02
      vertex   -2.035173e+02 3.950002e+01 2.148954e+02
    endloop
  endfacet
  facet normal 2.367644e-01 -1.383554e-08 -9.715671e-01
    outer loop
      vertex   -2.035173e+02 4.250002e+01 2.148954e+02
      vertex   -2.035173e+02 3.950002e+01 2.148954e+02
      vertex   -2.038490e+02 4.250002e+01 2.148146e+02
    endloop
  endfacet
  facet normal 2.367644e-01 -1.383554e-08 -9.715671e-01
    outer loop
      vertex   -2.038490e+02 4.250002e+01 2.148146e+02
      vertex   -2.035173e+02 3.950002e+01 2.148954e+02
      vertex   -2.038490e+02 3.950002e+01 2.148146e+02
    endloop
  endfacet
  facet normal 3.025146e-01 -1.767771e-08 -9.531448e-01
    outer loop
      vertex   -2.038490e+02 4.250002e+01 2.148146e+02
      vertex   -2.038490e+02 3.950002e+01 2.148146e+02
      vertex   -2.041744e+02 4.250002e+01 2.147113e+02
    endloop
  endfacet
  facet normal 3.025146e-01 -1.767771e-08 -9.531448e-01
    outer loop
      vertex   -2.041744e+02 4.250002e+01 2.147113e+02
      vertex   -2.038490e+02 3.950002e+01 2.148146e+02
      vertex   -2.041744e+02 3.950002e+01 2.147113e+02
    endloop
  endfacet
  facet normal 3.668542e-01 -2.143746e-08 -9.302784e-01
    outer loop
      vertex   -2.041744e+02 4.250002e+01 2.147113e+02
      vertex   -2.041744e+02 3.950002e+01 2.147113e+02
      vertex   -2.044920e+02 4.250002e+01 2.145861e+02
    endloop
  endfacet
  facet normal 3.668542e-01 -2.143746e-08 -9.302784e-01
    outer loop
      vertex   -2.044920e+02 4.250002e+01 2.145861e+02
      vertex   -2.041744e+02 3.950002e+01 2.147113e+02
      vertex   -2.044920e+02 3.950002e+01 2.145861e+02
    endloop
  endfacet
  facet normal 4.294834e-01 -2.509726e-08 -9.030747e-01
    outer loop
      vertex   -2.044920e+02 4.250002e+01 2.145861e+02
      vertex   -2.044920e+02 3.950002e+01 2.145861e+02
      vertex   -2.048003e+02 4.250002e+01 2.144394e+02
    endloop
  endfacet
  facet normal 4.294834e-01 -2.509726e-08 -9.030747e-01
    outer loop
      vertex   -2.048003e+02 4.250002e+01 2.144394e+02
      vertex   -2.044920e+02 3.950002e+01 2.145861e+02
      vertex   -2.048003e+02 3.950002e+01 2.144394e+02
    endloop
  endfacet
  facet normal 4.901102e-01 -2.864004e-08 -8.716605e-01
    outer loop
      vertex   -2.048003e+02 4.250002e+01 2.144394e+02
      vertex   -2.048003e+02 3.950002e+01 2.144394e+02
      vertex   -2.050979e+02 4.250002e+01 2.142721e+02
    endloop
  endfacet
  facet normal 4.901102e-01 -2.864003e-08 -8.716605e-01
    outer loop
      vertex   -2.050979e+02 4.250002e+01 2.142721e+02
      vertex   -2.048003e+02 3.950002e+01 2.144394e+02
      vertex   -2.050979e+02 3.950002e+01 2.142721e+02
    endloop
  endfacet
  facet normal 5.484519e-01 -3.204928e-08 -8.361821e-01
    outer loop
      vertex   -2.050979e+02 4.250002e+01 2.142721e+02
      vertex   -2.050979e+02 3.950002e+01 2.142721e+02
      vertex   -2.053834e+02 4.250002e+01 2.140849e+02
    endloop
  endfacet
  facet normal 5.484519e-01 -3.204928e-08 -8.361821e-01
    outer loop
      vertex   -2.053834e+02 4.250002e+01 2.140849e+02
      vertex   -2.050979e+02 3.950002e+01 2.142721e+02
      vertex   -2.053834e+02 3.950002e+01 2.140849e+02
    endloop
  endfacet
  facet normal 6.042364e-01 -3.530910e-08 -7.968051e-01
    outer loop
      vertex   -2.053834e+02 4.250002e+01 2.140849e+02
      vertex   -2.053834e+02 3.950002e+01 2.140849e+02
      vertex   -2.056554e+02 4.250002e+01 2.138786e+02
    endloop
  endfacet
  facet normal 6.042364e-01 -3.530910e-08 -7.968051e-01
    outer loop
      vertex   -2.056554e+02 4.250002e+01 2.138786e+02
      vertex   -2.053834e+02 3.950002e+01 2.140849e+02
      vertex   -2.056554e+02 3.950002e+01 2.138786e+02
    endloop
  endfacet
  facet normal 6.572037e-01 -3.840430e-08 -7.537130e-01
    outer loop
      vertex   -2.056554e+02 4.250002e+01 2.138786e+02
      vertex   -2.056554e+02 3.950002e+01 2.138786e+02
      vertex   -2.059128e+02 4.250002e+01 2.136542e+02
    endloop
  endfacet
  facet normal 6.572037e-01 -3.840429e-08 -7.537130e-01
    outer loop
      vertex   -2.059128e+02 4.250002e+01 2.136542e+02
      vertex   -2.056554e+02 3.950002e+01 2.138786e+02
      vertex   -2.059128e+02 3.950002e+01 2.136542e+02
    endloop
  endfacet
  facet normal 7.071068e-01 -4.132042e-08 -7.071068e-01
    outer loop
      vertex   -2.059128e+02 4.250002e+01 2.136542e+02
      vertex   -2.059128e+02 3.950002e+01 2.136542e+02
      vertex   -2.061542e+02 4.250002e+01 2.134128e+02
    endloop
  endfacet
  facet normal 7.071068e-01 -4.132042e-08 -7.071068e-01
    outer loop
      vertex   -2.061542e+02 4.250002e+01 2.134128e+02
      vertex   -2.059128e+02 3.950002e+01 2.136542e+02
      vertex   -2.061542e+02 3.950002e+01 2.134128e+02
    endloop
  endfacet
  facet normal 7.537130e-01 -4.404390e-08 -6.572037e-01
    outer loop
      vertex   -2.061542e+02 4.250002e+01 2.134128e+02
      vertex   -2.061542e+02 3.950002e+01 2.134128e+02
      vertex   -2.063786e+02 4.250002e+01 2.131554e+02
    endloop
  endfacet
  facet normal 7.537130e-01 -4.404390e-08 -6.572037e-01
    outer loop
      vertex   -2.063786e+02 4.250002e+01 2.131554e+02
      vertex   -2.061542e+02 3.950002e+01 2.134128e+02
      vertex   -2.063786e+02 3.950002e+01 2.131554e+02
    endloop
  endfacet
  facet normal 7.968051e-01 -4.656203e-08 -6.042364e-01
    outer loop
      vertex   -2.063786e+02 4.250002e+01 2.131554e+02
      vertex   -2.063786e+02 3.950002e+01 2.131554e+02
      vertex   -2.065848e+02 4.250002e+01 2.128834e+02
    endloop
  endfacet
  facet normal 7.968051e-01 -4.656203e-08 -6.042364e-01
    outer loop
      vertex   -2.065848e+02 4.250002e+01 2.128834e+02
      vertex   -2.063786e+02 3.950002e+01 2.131554e+02
      vertex   -2.065848e+02 3.950002e+01 2.128834e+02
    endloop
  endfacet
  facet normal 8.361821e-01 -4.886306e-08 -5.484519e-01
    outer loop
      vertex   -2.065848e+02 4.250002e+01 2.128834e+02
      vertex   -2.065848e+02 3.950002e+01 2.128834e+02
      vertex   -2.067721e+02 4.250002e+01 2.125979e+02
    endloop
  endfacet
  facet normal 8.361821e-01 -4.886307e-08 -5.484519e-01
    outer loop
      vertex   -2.067721e+02 4.250002e+01 2.125979e+02
      vertex   -2.065848e+02 3.950002e+01 2.128834e+02
      vertex   -2.067721e+02 3.950002e+01 2.125979e+02
    endloop
  endfacet
  facet normal 8.716605e-01 -5.093627e-08 -4.901102e-01
    outer loop
      vertex   -2.067721e+02 4.250002e+01 2.125979e+02
      vertex   -2.067721e+02 3.950002e+01 2.125979e+02
      vertex   -2.069394e+02 4.250002e+01 2.123003e+02
    endloop
  endfacet
  facet normal 8.716605e-01 -5.093627e-08 -4.901102e-01
    outer loop
      vertex   -2.069394e+02 4.250002e+01 2.123003e+02
      vertex   -2.067721e+02 3.950002e+01 2.125979e+02
      vertex   -2.069394e+02 3.950002e+01 2.123003e+02
    endloop
  endfacet
  facet normal 9.030747e-01 -5.277199e-08 -4.294834e-01
    outer loop
      vertex   -2.069394e+02 4.250002e+01 2.123003e+02
      vertex   -2.069394e+02 3.950002e+01 2.123003e+02
      vertex   -2.070861e+02 4.250002e+01 2.119920e+02
    endloop
  endfacet
  facet normal 9.030747e-01 -5.277199e-08 -4.294834e-01
    outer loop
      vertex   -2.070861e+02 4.250002e+01 2.119920e+02
      vertex   -2.069394e+02 3.950002e+01 2.123003e+02
      vertex   -2.070861e+02 3.950002e+01 2.119920e+02
    endloop
  endfacet
  facet normal 9.302784e-01 -5.436166e-08 -3.668542e-01
    outer loop
      vertex   -2.070861e+02 4.250002e+01 2.119920e+02
      vertex   -2.070861e+02 3.950002e+01 2.119920e+02
      vertex   -2.072113e+02 4.250002e+01 2.116744e+02
    endloop
  endfacet
  facet normal 9.302784e-01 -5.436166e-08 -3.668542e-01
    outer loop
      vertex   -2.072113e+02 4.250002e+01 2.116744e+02
      vertex   -2.070861e+02 3.950002e+01 2.119920e+02
      vertex   -2.072113e+02 3.950002e+01 2.116744e+02
    endloop
  endfacet
  facet normal 9.531448e-01 -5.569787e-08 -3.025146e-01
    outer loop
      vertex   -2.072113e+02 4.250002e+01 2.116744e+02
      vertex   -2.072113e+02 3.950002e+01 2.116744e+02
      vertex   -2.073146e+02 4.250002e+01 2.113490e+02
    endloop
  endfacet
  facet normal 9.531448e-01 -5.569787e-08 -3.025146e-01
    outer loop
      vertex   -2.073146e+02 4.250002e+01 2.113490e+02
      vertex   -2.072113e+02 3.950002e+01 2.116744e+02
      vertex   -2.073146e+02 3.950002e+01 2.113490e+02
    endloop
  endfacet
  facet normal 9.715671e-01 -5.677440e-08 -2.367644e-01
    outer loop
      vertex   -2.073146e+02 4.250002e+01 2.113490e+02
      vertex   -2.073146e+02 3.950002e+01 2.113490e+02
      vertex   -2.073954e+02 4.250002e+01 2.110173e+02
    endloop
  endfacet
  facet normal 9.715671e-01 -5.677441e-08 -2.367644e-01
    outer loop
      vertex   -2.073954e+02 4.250002e+01 2.110173e+02
      vertex   -2.073146e+02 3.950002e+01 2.113490e+02
      vertex   -2.073954e+02 3.950002e+01 2.110173e+02
    endloop
  endfacet
  facet normal 9.854595e-01 -5.758623e-08 -1.699104e-01
    outer loop
      vertex   -2.073954e+02 4.250002e+01 2.110173e+02
      vertex   -2.073954e+02 3.950002e+01 2.110173e+02
      vertex   -2.074534e+02 4.250002e+01 2.106808e+02
    endloop
  endfacet
  facet normal 9.854595e-01 -5.758622e-08 -1.699104e-01
    outer loop
      vertex   -2.074534e+02 4.250002e+01 2.106808e+02
      vertex   -2.073954e+02 3.950002e+01 2.110173e+02
      vertex   -2.074534e+02 3.950002e+01 2.106808e+02
    endloop
  endfacet
  facet normal 9.947573e-01 -5.812954e-08 -1.022641e-01
    outer loop
      vertex   -2.074534e+02 4.250002e+01 2.106808e+02
      vertex   -2.074534e+02 3.950002e+01 2.106808e+02
      vertex   -2.074883e+02 4.250002e+01 2.103412e+02
    endloop
  endfacet
  facet normal 9.947573e-01 -5.812954e-08 -1.022641e-01
    outer loop
      vertex   -2.074883e+02 4.250002e+01 2.103412e+02
      vertex   -2.074534e+02 3.950002e+01 2.106808e+02
      vertex   -2.074883e+02 3.950002e+01 2.103412e+02
    endloop
  endfacet
  facet normal 9.994170e-01 -5.840184e-08 -3.414111e-02
    outer loop
      vertex   -2.074883e+02 4.250002e+01 2.103412e+02
      vertex   -2.074883e+02 3.950002e+01 2.103412e+02
      vertex   -2.075000e+02 4.250002e+01 2.100000e+02
    endloop
  endfacet
  facet normal 9.994170e-01 -5.840185e-08 -3.414111e-02
    outer loop
      vertex   -2.075000e+02 4.250002e+01 2.100000e+02
      vertex   -2.074883e+02 3.950002e+01 2.103412e+02
      vertex   -2.075000e+02 3.950002e+01 2.100000e+02
    endloop
  endfacet
  facet normal 9.994170e-01 -5.840185e-08 3.414111e-02
    outer loop
      vertex   -2.075000e+02 4.250002e+01 2.100000e+02
      vertex   -2.075000e+02 3.950002e+01 2.100000e+02
      vertex   -2.074883e+02 4.250002e+01 2.096588e+02
    endloop
  endfacet
  facet normal 9.994170e-01 -5.840184e-08 3.414111e-02
    outer loop
      vertex   -2.074883e+02 4.250002e+01 2.096588e+02
      vertex   -2.075000e+02 3.950002e+01 2.100000e+02
      vertex   -2.074883e+02 3.950002e+01 2.096588e+02
    endloop
  endfacet
  facet normal 9.947573e-01 -5.812954e-08 1.022641e-01
    outer loop
      vertex   -2.074883e+02 4.250002e+01 2.096588e+02
      vertex   -2.074883e+02 3.950002e+01 2.096588e+02
      vertex   -2.074534e+02 4.250002e+01 2.093192e+02
    endloop
  endfacet
  facet normal 9.947573e-01 -5.812954e-08 1.022641e-01
    outer loop
      vertex   -2.074534e+02 4.250002e+01 2.093192e+02
      vertex   -2.074883e+02 3.950002e+01 2.096588e+02
      vertex   -2.074534e+02 3.950002e+01 2.093192e+02
    endloop
  endfacet
  facet normal 9.854595e-01 -5.758622e-08 1.699104e-01
    outer loop
      vertex   -2.074534e+02 4.250002e+01 2.093192e+02
      vertex   -2.074534e+02 3.950002e+01 2.093192e+02
      vertex   -2.073954e+02 4.250002e+01 2.089827e+02
    endloop
  endfacet
  facet normal 9.854595e-01 -5.758623e-08 1.699104e-01
    outer loop
      vertex   -2.073954e+02 4.250002e+01 2.089827e+02
      vertex   -2.074534e+02 3.950002e+01 2.093192e+02
      vertex   -2.073954e+02 3.950002e+01 2.089827e+02
    endloop
  endfacet
  facet normal 9.715671e-01 -5.677441e-08 2.367644e-01
    outer loop
      vertex   -2.073954e+02 4.250002e+01 2.089827e+02
      vertex   -2.073954e+02 3.950002e+01 2.089827e+02
      vertex   -2.073146e+02 4.250002e+01 2.086510e+02
    endloop
  endfacet
  facet normal 9.715671e-01 -5.677440e-08 2.367644e-01
    outer loop
      vertex   -2.073146e+02 4.250002e+01 2.086510e+02
      vertex   -2.073954e+02 3.950002e+01 2.089827e+02
      vertex   -2.073146e+02 3.950002e+01 2.086510e+02
    endloop
  endfacet
  facet normal 9.531448e-01 -5.569787e-08 3.025146e-01
    outer loop
      vertex   -2.073146e+02 4.250002e+01 2.086510e+02
      vertex   -2.073146e+02 3.950002e+01 2.086510e+02
      vertex   -2.072113e+02 4.250002e+01 2.083256e+02
    endloop
  endfacet
  facet normal 9.531448e-01 -5.569787e-08 3.025146e-01
    outer loop
      vertex   -2.072113e+02 4.250002e+01 2.083256e+02
      vertex   -2.073146e+02 3.950002e+01 2.086510e+02
      vertex   -2.072113e+02 3.950002e+01 2.083256e+02
    endloop
  endfacet
  facet normal 9.302784e-01 -5.436166e-08 3.668542e-01
    outer loop
      vertex   -2.072113e+02 4.250002e+01 2.083256e+02
      vertex   -2.072113e+02 3.950002e+01 2.083256e+02
      vertex   -2.070861e+02 4.250002e+01 2.080080e+02
    endloop
  endfacet
  facet normal 9.302784e-01 -5.436166e-08 3.668542e-01
    outer loop
      vertex   -2.070861e+02 4.250002e+01 2.080080e+02
      vertex   -2.072113e+02 3.950002e+01 2.083256e+02
      vertex   -2.070861e+02 3.950002e+01 2.080080e+02
    endloop
  endfacet
  facet normal 9.030747e-01 -5.277199e-08 4.294834e-01
    outer loop
      vertex   -2.070861e+02 4.250002e+01 2.080080e+02
      vertex   -2.070861e+02 3.950002e+01 2.080080e+02
      vertex   -2.069394e+02 4.250002e+01 2.076997e+02
    endloop
  endfacet
  facet normal 9.030747e-01 -5.277199e-08 4.294834e-01
    outer loop
      vertex   -2.069394e+02 4.250002e+01 2.076997e+02
      vertex   -2.070861e+02 3.950002e+01 2.080080e+02
      vertex   -2.069394e+02 3.950002e+01 2.076997e+02
    endloop
  endfacet
  facet normal 8.716605e-01 -5.093627e-08 4.901102e-01
    outer loop
      vertex   -2.069394e+02 4.250002e+01 2.076997e+02
      vertex   -2.069394e+02 3.950002e+01 2.076997e+02
      vertex   -2.067721e+02 4.250002e+01 2.074021e+02
    endloop
  endfacet
  facet normal 8.716605e-01 -5.093627e-08 4.901102e-01
    outer loop
      vertex   -2.067721e+02 4.250002e+01 2.074021e+02
      vertex   -2.069394e+02 3.950002e+01 2.076997e+02
      vertex   -2.067721e+02 3.950002e+01 2.074021e+02
    endloop
  endfacet
  facet normal 8.361821e-01 -4.886307e-08 5.484519e-01
    outer loop
      vertex   -2.067721e+02 4.250002e+01 2.074021e+02
      vertex   -2.067721e+02 3.950002e+01 2.074021e+02
      vertex   -2.065848e+02 4.250002e+01 2.071166e+02
    endloop
  endfacet
  facet normal 8.361821e-01 -4.886306e-08 5.484519e-01
    outer loop
      vertex   -2.065848e+02 4.250002e+01 2.071166e+02
      vertex   -2.067721e+02 3.950002e+01 2.074021e+02
      vertex   -2.065848e+02 3.950002e+01 2.071166e+02
    endloop
  endfacet
  facet normal 7.968051e-01 -4.656203e-08 6.042364e-01
    outer loop
      vertex   -2.065848e+02 4.250002e+01 2.071166e+02
      vertex   -2.065848e+02 3.950002e+01 2.071166e+02
      vertex   -2.063786e+02 4.250002e+01 2.068446e+02
    endloop
  endfacet
  facet normal 7.968051e-01 -4.656203e-08 6.042364e-01
    outer loop
      vertex   -2.063786e+02 4.250002e+01 2.068446e+02
      vertex   -2.065848e+02 3.950002e+01 2.071166e+02
      vertex   -2.063786e+02 3.950002e+01 2.068446e+02
    endloop
  endfacet
  facet normal 7.537130e-01 -4.404390e-08 6.572037e-01
    outer loop
      vertex   -2.063786e+02 4.250002e+01 2.068446e+02
      vertex   -2.063786e+02 3.950002e+01 2.068446e+02
      vertex   -2.061542e+02 4.250002e+01 2.065872e+02
    endloop
  endfacet
  facet normal 7.537130e-01 -4.404390e-08 6.572037e-01
    outer loop
      vertex   -2.061542e+02 4.250002e+01 2.065872e+02
      vertex   -2.063786e+02 3.950002e+01 2.068446e+02
      vertex   -2.061542e+02 3.950002e+01 2.065872e+02
    endloop
  endfacet
  facet normal 7.071068e-01 -4.132042e-08 7.071068e-01
    outer loop
      vertex   -2.061542e+02 4.250002e+01 2.065872e+02
      vertex   -2.061542e+02 3.950002e+01 2.065872e+02
      vertex   -2.059128e+02 4.250002e+01 2.063458e+02
    endloop
  endfacet
  facet normal 7.071068e-01 -4.132042e-08 7.071068e-01
    outer loop
      vertex   -2.059128e+02 4.250002e+01 2.063458e+02
      vertex   -2.061542e+02 3.950002e+01 2.065872e+02
      vertex   -2.059128e+02 3.950002e+01 2.063458e+02
    endloop
  endfacet
  facet normal 6.572037e-01 -3.840429e-08 7.537130e-01
    outer loop
      vertex   -2.059128e+02 4.250002e+01 2.063458e+02
      vertex   -2.059128e+02 3.950002e+01 2.063458e+02
      vertex   -2.056554e+02 4.250002e+01 2.061214e+02
    endloop
  endfacet
  facet normal 6.572037e-01 -3.840430e-08 7.537130e-01
    outer loop
      vertex   -2.056554e+02 4.250002e+01 2.061214e+02
      vertex   -2.059128e+02 3.950002e+01 2.063458e+02
      vertex   -2.056554e+02 3.950002e+01 2.061214e+02
    endloop
  endfacet
  facet normal 6.042364e-01 -3.530910e-08 7.968051e-01
    outer loop
      vertex   -2.056554e+02 4.250002e+01 2.061214e+02
      vertex   -2.056554e+02 3.950002e+01 2.061214e+02
      vertex   -2.053834e+02 4.250002e+01 2.059152e+02
    endloop
  endfacet
  facet normal 6.042364e-01 -3.530910e-08 7.968051e-01
    outer loop
      vertex   -2.053834e+02 4.250002e+01 2.059152e+02
      vertex   -2.056554e+02 3.950002e+01 2.061214e+02
      vertex   -2.053834e+02 3.950002e+01 2.059152e+02
    endloop
  endfacet
  facet normal 5.484519e-01 -3.204928e-08 8.361821e-01
    outer loop
      vertex   -2.053834e+02 4.250002e+01 2.059152e+02
      vertex   -2.053834e+02 3.950002e+01 2.059152e+02
      vertex   -2.050979e+02 4.250002e+01 2.057279e+02
    endloop
  endfacet
  facet normal 5.484519e-01 -3.204928e-08 8.361821e-01
    outer loop
      vertex   -2.050979e+02 4.250002e+01 2.057279e+02
      vertex   -2.053834e+02 3.950002e+01 2.059152e+02
      vertex   -2.050979e+02 3.950002e+01 2.057279e+02
    endloop
  endfacet
  facet normal 4.901102e-01 -2.864003e-08 8.716605e-01
    outer loop
      vertex   -2.050979e+02 4.250002e+01 2.057279e+02
      vertex   -2.050979e+02 3.950002e+01 2.057279e+02
      vertex   -2.048003e+02 4.250002e+01 2.055606e+02
    endloop
  endfacet
  facet normal 4.901102e-01 -2.864004e-08 8.716605e-01
    outer loop
      vertex   -2.048003e+02 4.250002e+01 2.055606e+02
      vertex   -2.050979e+02 3.950002e+01 2.057279e+02
      vertex   -2.048003e+02 3.950002e+01 2.055606e+02
    endloop
  endfacet
  facet normal 4.294834e-01 -2.509726e-08 9.030747e-01
    outer loop
      vertex   -2.048003e+02 4.250002e+01 2.055606e+02
      vertex   -2.048003e+02 3.950002e+01 2.055606e+02
      vertex   -2.044920e+02 4.250002e+01 2.054139e+02
    endloop
  endfacet
  facet normal 4.294834e-01 -2.509726e-08 9.030747e-01
    outer loop
      vertex   -2.044920e+02 4.250002e+01 2.054139e+02
      vertex   -2.048003e+02 3.950002e+01 2.055606e+02
      vertex   -2.044920e+02 3.950002e+01 2.054139e+02
    endloop
  endfacet
  facet normal 3.668542e-01 -2.143746e-08 9.302784e-01
    outer loop
      vertex   -2.044920e+02 4.250002e+01 2.054139e+02
      vertex   -2.044920e+02 3.950002e+01 2.054139e+02
      vertex   -2.041744e+02 4.250002e+01 2.052887e+02
    endloop
  endfacet
  facet normal 3.668542e-01 -2.143746e-08 9.302784e-01
    outer loop
      vertex   -2.041744e+02 4.250002e+01 2.052887e+02
      vertex   -2.044920e+02 3.950002e+01 2.054139e+02
      vertex   -2.041744e+02 3.950002e+01 2.052887e+02
    endloop
  endfacet
  facet normal 3.025146e-01 -1.767771e-08 9.531448e-01
    outer loop
      vertex   -2.041744e+02 4.250002e+01 2.052887e+02
      vertex   -2.041744e+02 3.950002e+01 2.052887e+02
      vertex   -2.038490e+02 4.250002e+01 2.051854e+02
    endloop
  endfacet
  facet normal 3.025146e-01 -1.767771e-08 9.531448e-01
    outer loop
      vertex   -2.038490e+02 4.250002e+01 2.051854e+02
      vertex   -2.041744e+02 3.950002e+01 2.052887e+02
      vertex   -2.038490e+02 3.950002e+01 2.051854e+02
    endloop
  endfacet
  facet normal 2.367644e-01 -1.383554e-08 9.715671e-01
    outer loop
      vertex   -2.038490e+02 4.250002e+01 2.051854e+02
      vertex   -2.038490e+02 3.950002e+01 2.051854e+02
      vertex   -2.035173e+02 4.250002e+01 2.051046e+02
    endloop
  endfacet
  facet normal 2.367644e-01 -1.383554e-08 9.715671e-01
    outer loop
      vertex   -2.035173e+02 4.250002e+01 2.051046e+02
      vertex   -2.038490e+02 3.950002e+01 2.051854e+02
      vertex   -2.035173e+02 3.950002e+01 2.051046e+02
    endloop
  endfacet
  facet normal 1.699104e-01 -9.928868e-09 9.854595e-01
    outer loop
      vertex   -2.035173e+02 4.250002e+01 2.051046e+02
      vertex   -2.035173e+02 3.950002e+01 2.051046e+02
      vertex   -2.031808e+02 4.250002e+01 2.050466e+02
    endloop
  endfacet
  facet normal 1.699104e-01 -9.928867e-09 9.854595e-01
    outer loop
      vertex   -2.031808e+02 4.250002e+01 2.050466e+02
      vertex   -2.035173e+02 3.950002e+01 2.051046e+02
      vertex   -2.031808e+02 3.950002e+01 2.050466e+02
    endloop
  endfacet
  facet normal 1.022641e-01 -5.975898e-09 9.947573e-01
    outer loop
      vertex   -2.031808e+02 4.250002e+01 2.050466e+02
      vertex   -2.031808e+02 3.950002e+01 2.050466e+02
      vertex   -2.028412e+02 4.250002e+01 2.050117e+02
    endloop
  endfacet
  facet normal 1.022641e-01 -5.975898e-09 9.947573e-01
    outer loop
      vertex   -2.028412e+02 4.250002e+01 2.050117e+02
      vertex   -2.031808e+02 3.950002e+01 2.050466e+02
      vertex   -2.028412e+02 3.950002e+01 2.050117e+02
    endloop
  endfacet
  facet normal 3.414111e-02 -1.995067e-09 9.994170e-01
    outer loop
      vertex   -2.028412e+02 4.250002e+01 2.050117e+02
      vertex   -2.028412e+02 3.950002e+01 2.050117e+02
      vertex   -2.025000e+02 4.250002e+01 2.050000e+02
    endloop
  endfacet
  facet normal 3.414111e-02 -1.995067e-09 9.994170e-01
    outer loop
      vertex   -2.025000e+02 4.250002e+01 2.050000e+02
      vertex   -2.028412e+02 3.950002e+01 2.050117e+02
      vertex   -2.025000e+02 3.950002e+01 2.050000e+02
    endloop
  endfacet
  facet normal -3.414111e-02 1.995067e-09 9.994170e-01
    outer loop
      vertex   -2.025000e+02 4.250002e+01 2.050000e+02
      vertex   -2.025000e+02 3.950002e+01 2.050000e+02
      vertex   -2.021588e+02 4.250002e+01 2.050117e+02
    endloop
  endfacet
  facet normal -3.414111e-02 1.995067e-09 9.994170e-01
    outer loop
      vertex   -2.021588e+02 4.250002e+01 2.050117e+02
      vertex   -2.025000e+02 3.950002e+01 2.050000e+02
      vertex   -2.021588e+02 3.950002e+01 2.050117e+02
    endloop
  endfacet
  facet normal -1.022641e-01 5.975899e-09 9.947573e-01
    outer loop
      vertex   -2.021588e+02 4.250002e+01 2.050117e+02
      vertex   -2.021588e+02 3.950002e+01 2.050117e+02
      vertex   -2.018192e+02 4.250002e+01 2.050466e+02
    endloop
  endfacet
  facet normal -1.022641e-01 5.975899e-09 9.947573e-01
    outer loop
      vertex   -2.018192e+02 4.250002e+01 2.050466e+02
      vertex   -2.021588e+02 3.950002e+01 2.050117e+02
      vertex   -2.018192e+02 3.950002e+01 2.050466e+02
    endloop
  endfacet
  facet normal -1.699104e-01 9.928868e-09 9.854595e-01
    outer loop
      vertex   -2.018192e+02 4.250002e+01 2.050466e+02
      vertex   -2.018192e+02 3.950002e+01 2.050466e+02
      vertex   -2.014827e+02 4.250002e+01 2.051046e+02
    endloop
  endfacet
  facet normal -1.699104e-01 9.928868e-09 9.854595e-01
    outer loop
      vertex   -2.014827e+02 4.250002e+01 2.051046e+02
      vertex   -2.018192e+02 3.950002e+01 2.050466e+02
      vertex   -2.014827e+02 3.950002e+01 2.051046e+02
    endloop
  endfacet
  facet normal -2.367644e-01 1.383554e-08 9.715671e-01
    outer loop
      vertex   -2.014827e+02 4.250002e+01 2.051046e+02
      vertex   -2.014827e+02 3.950002e+01 2.051046e+02
      vertex   -2.011510e+02 4.250002e+01 2.051854e+02
    endloop
  endfacet
  facet normal -2.367644e-01 1.383554e-08 9.715671e-01
    outer loop
      vertex   -2.011510e+02 4.250002e+01 2.051854e+02
      vertex   -2.014827e+02 3.950002e+01 2.051046e+02
      vertex   -2.011510e+02 3.950002e+01 2.051854e+02
    endloop
  endfacet
  facet normal -3.025146e-01 1.767771e-08 9.531448e-01
    outer loop
      vertex   -2.011510e+02 4.250002e+01 2.051854e+02
      vertex   -2.011510e+02 3.950002e+01 2.051854e+02
      vertex   -2.008256e+02 4.250002e+01 2.052887e+02
    endloop
  endfacet
  facet normal -3.025146e-01 1.767771e-08 9.531448e-01
    outer loop
      vertex   -2.008256e+02 4.250002e+01 2.052887e+02
      vertex   -2.011510e+02 3.950002e+01 2.051854e+02
      vertex   -2.008256e+02 3.950002e+01 2.052887e+02
    endloop
  endfacet
  facet normal -3.668542e-01 2.143746e-08 9.302784e-01
    outer loop
      vertex   -2.008256e+02 4.250002e+01 2.052887e+02
      vertex   -2.008256e+02 3.950002e+01 2.052887e+02
      vertex   -2.005080e+02 4.250002e+01 2.054139e+02
    endloop
  endfacet
  facet normal -3.668542e-01 2.143746e-08 9.302784e-01
    outer loop
      vertex   -2.005080e+02 4.250002e+01 2.054139e+02
      vertex   -2.008256e+02 3.950002e+01 2.052887e+02
      vertex   -2.005080e+02 3.950002e+01 2.054139e+02
    endloop
  endfacet
  facet normal -4.294834e-01 2.509725e-08 9.030747e-01
    outer loop
      vertex   -2.005080e+02 4.250002e+01 2.054139e+02
      vertex   -2.005080e+02 3.950002e+01 2.054139e+02
      vertex   -2.001997e+02 4.250002e+01 2.055606e+02
    endloop
  endfacet
  facet normal -4.294834e-01 2.509725e-08 9.030747e-01
    outer loop
      vertex   -2.001997e+02 4.250002e+01 2.055606e+02
      vertex   -2.005080e+02 3.950002e+01 2.054139e+02
      vertex   -2.001997e+02 3.950002e+01 2.055606e+02
    endloop
  endfacet
  facet normal -4.901102e-01 2.864003e-08 8.716605e-01
    outer loop
      vertex   -2.001997e+02 4.250002e+01 2.055606e+02
      vertex   -2.001997e+02 3.950002e+01 2.055606e+02
      vertex   -1.999021e+02 4.250002e+01 2.057279e+02
    endloop
  endfacet
  facet normal -4.901102e-01 2.864004e-08 8.716605e-01
    outer loop
      vertex   -1.999021e+02 4.250002e+01 2.057279e+02
      vertex   -2.001997e+02 3.950002e+01 2.055606e+02
      vertex   -1.999021e+02 3.950002e+01 2.057279e+02
    endloop
  endfacet
  facet normal -5.484519e-01 3.204929e-08 8.361821e-01
    outer loop
      vertex   -1.999021e+02 4.250002e+01 2.057279e+02
      vertex   -1.999021e+02 3.950002e+01 2.057279e+02
      vertex   -1.996166e+02 4.250002e+01 2.059152e+02
    endloop
  endfacet
  facet normal -5.484519e-01 3.204928e-08 8.361821e-01
    outer loop
      vertex   -1.996166e+02 4.250002e+01 2.059152e+02
      vertex   -1.999021e+02 3.950002e+01 2.057279e+02
      vertex   -1.996166e+02 3.950002e+01 2.059152e+02
    endloop
  endfacet
  facet normal -6.042364e-01 3.530910e-08 7.968051e-01
    outer loop
      vertex   -1.996166e+02 4.250002e+01 2.059152e+02
      vertex   -1.996166e+02 3.950002e+01 2.059152e+02
      vertex   -1.993446e+02 4.250002e+01 2.061214e+02
    endloop
  endfacet
  facet normal -6.042364e-01 3.530910e-08 7.968051e-01
    outer loop
      vertex   -1.993446e+02 4.250002e+01 2.061214e+02
      vertex   -1.996166e+02 3.950002e+01 2.059152e+02
      vertex   -1.993446e+02 3.950002e+01 2.061214e+02
    endloop
  endfacet
  facet normal -6.572037e-01 3.840430e-08 7.537130e-01
    outer loop
      vertex   -1.993446e+02 4.250002e+01 2.061214e+02
      vertex   -1.993446e+02 3.950002e+01 2.061214e+02
      vertex   -1.990872e+02 4.250002e+01 2.063458e+02
    endloop
  endfacet
  facet normal -6.572037e-01 3.840429e-08 7.537130e-01
    outer loop
      vertex   -1.990872e+02 4.250002e+01 2.063458e+02
      vertex   -1.993446e+02 3.950002e+01 2.061214e+02
      vertex   -1.990872e+02 3.950002e+01 2.063458e+02
    endloop
  endfacet
  facet normal -7.071068e-01 4.132042e-08 7.071068e-01
    outer loop
      vertex   -1.990872e+02 4.250002e+01 2.063458e+02
      vertex   -1.990872e+02 3.950002e+01 2.063458e+02
      vertex   -1.988458e+02 4.250002e+01 2.065872e+02
    endloop
  endfacet
  facet normal -7.071068e-01 4.132043e-08 7.071068e-01
    outer loop
      vertex   -1.988458e+02 4.250002e+01 2.065872e+02
      vertex   -1.990872e+02 3.950002e+01 2.063458e+02
      vertex   -1.988458e+02 3.950002e+01 2.065872e+02
    endloop
  endfacet
  facet normal -7.537130e-01 4.404391e-08 6.572037e-01
    outer loop
      vertex   -1.988458e+02 4.250002e+01 2.065872e+02
      vertex   -1.988458e+02 3.950002e+01 2.065872e+02
      vertex   -1.986214e+02 4.250002e+01 2.068446e+02
    endloop
  endfacet
  facet normal -7.537130e-01 4.404391e-08 6.572037e-01
    outer loop
      vertex   -1.986214e+02 4.250002e+01 2.068446e+02
      vertex   -1.988458e+02 3.950002e+01 2.065872e+02
      vertex   -1.986214e+02 3.950002e+01 2.068446e+02
    endloop
  endfacet
  facet normal -7.968051e-01 4.656203e-08 6.042364e-01
    outer loop
      vertex   -1.986214e+02 4.250002e+01 2.068446e+02
      vertex   -1.986214e+02 3.950002e+01 2.068446e+02
      vertex   -1.984151e+02 4.250002e+01 2.071166e+02
    endloop
  endfacet
  facet normal -7.968051e-01 4.656203e-08 6.042364e-01
    outer loop
      vertex   -1.984151e+02 4.250002e+01 2.071166e+02
      vertex   -1.986214e+02 3.950002e+01 2.068446e+02
      vertex   -1.984151e+02 3.950002e+01 2.071166e+02
    endloop
  endfacet
  facet normal -8.361821e-01 4.886307e-08 5.484519e-01
    outer loop
      vertex   -1.984151e+02 4.250002e+01 2.071166e+02
      vertex   -1.984151e+02 3.950002e+01 2.071166e+02
      vertex   -1.982279e+02 4.250002e+01 2.074021e+02
    endloop
  endfacet
  facet normal -8.361821e-01 4.886307e-08 5.484519e-01
    outer loop
      vertex   -1.982279e+02 4.250002e+01 2.074021e+02
      vertex   -1.984151e+02 3.950002e+01 2.071166e+02
      vertex   -1.982279e+02 3.950002e+01 2.074021e+02
    endloop
  endfacet
  facet normal -8.716605e-01 5.093627e-08 4.901102e-01
    outer loop
      vertex   -1.982279e+02 4.250002e+01 2.074021e+02
      vertex   -1.982279e+02 3.950002e+01 2.074021e+02
      vertex   -1.980606e+02 4.250002e+01 2.076997e+02
    endloop
  endfacet
  facet normal -8.716605e-01 5.093627e-08 4.901102e-01
    outer loop
      vertex   -1.980606e+02 4.250002e+01 2.076997e+02
      vertex   -1.982279e+02 3.950002e+01 2.074021e+02
      vertex   -1.980606e+02 3.950002e+01 2.076997e+02
    endloop
  endfacet
  facet normal -9.030747e-01 5.277199e-08 4.294834e-01
    outer loop
      vertex   -1.980606e+02 4.250002e+01 2.076997e+02
      vertex   -1.980606e+02 3.950002e+01 2.076997e+02
      vertex   -1.979139e+02 4.250002e+01 2.080080e+02
    endloop
  endfacet
  facet normal -9.030747e-01 5.277200e-08 4.294834e-01
    outer loop
      vertex   -1.979139e+02 4.250002e+01 2.080080e+02
      vertex   -1.980606e+02 3.950002e+01 2.076997e+02
      vertex   -1.979139e+02 3.950002e+01 2.080080e+02
    endloop
  endfacet
  facet normal -9.302784e-01 5.436167e-08 3.668542e-01
    outer loop
      vertex   -1.979139e+02 4.250002e+01 2.080080e+02
      vertex   -1.979139e+02 3.950002e+01 2.080080e+02
      vertex   -1.977887e+02 4.250002e+01 2.083256e+02
    endloop
  endfacet
  facet normal -9.302784e-01 5.436167e-08 3.668542e-01
    outer loop
      vertex   -1.977887e+02 4.250002e+01 2.083256e+02
      vertex   -1.979139e+02 3.950002e+01 2.080080e+02
      vertex   -1.977887e+02 3.950002e+01 2.083256e+02
    endloop
  endfacet
  facet normal -9.531448e-01 5.569788e-08 3.025146e-01
    outer loop
      vertex   -1.977887e+02 4.250002e+01 2.083256e+02
      vertex   -1.977887e+02 3.950002e+01 2.083256e+02
      vertex   -1.976854e+02 4.250002e+01 2.086510e+02
    endloop
  endfacet
  facet normal -9.531448e-01 5.569788e-08 3.025146e-01
    outer loop
      vertex   -1.976854e+02 4.250002e+01 2.086510e+02
      vertex   -1.977887e+02 3.950002e+01 2.083256e+02
      vertex   -1.976854e+02 3.950002e+01 2.086510e+02
    endloop
  endfacet
  facet normal -9.715671e-01 5.677441e-08 2.367644e-01
    outer loop
      vertex   -1.976854e+02 4.250002e+01 2.086510e+02
      vertex   -1.976854e+02 3.950002e+01 2.086510e+02
      vertex   -1.976046e+02 4.250002e+01 2.089827e+02
    endloop
  endfacet
  facet normal -9.715671e-01 5.677440e-08 2.367644e-01
    outer loop
      vertex   -1.976046e+02 4.250002e+01 2.089827e+02
      vertex   -1.976854e+02 3.950002e+01 2.086510e+02
      vertex   -1.976046e+02 3.950002e+01 2.089827e+02
    endloop
  endfacet
  facet normal -9.854595e-01 5.758622e-08 1.699104e-01
    outer loop
      vertex   -1.976046e+02 4.250002e+01 2.089827e+02
      vertex   -1.976046e+02 3.950002e+01 2.089827e+02
      vertex   -1.975466e+02 4.250002e+01 2.093192e+02
    endloop
  endfacet
  facet normal -9.854595e-01 5.758623e-08 1.699104e-01
    outer loop
      vertex   -1.975466e+02 4.250002e+01 2.093192e+02
      vertex   -1.976046e+02 3.950002e+01 2.089827e+02
      vertex   -1.975466e+02 3.950002e+01 2.093192e+02
    endloop
  endfacet
  facet normal -9.947573e-01 5.812955e-08 1.022641e-01
    outer loop
      vertex   -1.975466e+02 4.250002e+01 2.093192e+02
      vertex   -1.975466e+02 3.950002e+01 2.093192e+02
      vertex   -1.975117e+02 4.250002e+01 2.096588e+02
    endloop
  endfacet
  facet normal -9.947573e-01 5.812954e-08 1.022641e-01
    outer loop
      vertex   -1.975117e+02 4.250002e+01 2.096588e+02
      vertex   -1.975466e+02 3.950002e+01 2.093192e+02
      vertex   -1.975117e+02 3.950002e+01 2.096588e+02
    endloop
  endfacet
  facet normal -9.994170e-01 5.840184e-08 3.414111e-02
    outer loop
      vertex   -1.975117e+02 4.250002e+01 2.096588e+02
      vertex   -1.975117e+02 3.950002e+01 2.096588e+02
      vertex   -1.975000e+02 4.250002e+01 2.100000e+02
    endloop
  endfacet
  facet normal 5.843593e-08 1.000000e+00 1.411076e-14
    outer loop
      vertex   -1.975117e+02 3.950002e+01 2.103412e+02
      vertex   -1.975000e+02 3.950002e+01 2.100000e+02
      vertex   -1.999000e+02 3.950002e+01 2.100000e+02
    endloop
  endfacet
  facet normal 5.843593e-08 1.000000e+00 -1.411076e-14
    outer loop
      vertex   -1.999000e+02 3.950002e+01 2.100000e+02
      vertex   -1.975000e+02 3.950002e+01 2.100000e+02
      vertex   -1.975117e+02 3.950002e+01 2.096588e+02
    endloop
  endfacet
  facet normal 1.596246e-07 1.000000e+00 7.082792e-07
    outer loop
      vertex   -1.999000e+02 3.950002e+01 2.100000e+02
      vertex   -1.975117e+02 3.950002e+01 2.096588e+02
      vertex   -1.999114e+02 3.950002e+01 2.097565e+02
    endloop
  endfacet
  facet normal 1.304743e-07 1.000000e+00 -7.405770e-09
    outer loop
      vertex   -1.999114e+02 3.950002e+01 2.097565e+02
      vertex   -1.975117e+02 3.950002e+01 2.096588e+02
      vertex   -1.975466e+02 3.950002e+01 2.093192e+02
    endloop
  endfacet
  facet normal 1.299705e-07 1.000000e+00 -1.012957e-08
    outer loop
      vertex   -1.999114e+02 3.950002e+01 2.097565e+02
      vertex   -1.975466e+02 3.950002e+01 2.093192e+02
      vertex   -1.999456e+02 3.950002e+01 2.095152e+02
    endloop
  endfacet
  facet normal 1.297929e-07 1.000000e+00 -1.230318e-08
    outer loop
      vertex   -1.999456e+02 3.950002e+01 2.095152e+02
      vertex   -1.975466e+02 3.950002e+01 2.093192e+02
      vertex   -1.976046e+02 3.950002e+01 2.089827e+02
    endloop
  endfacet
  facet normal 1.287704e-07 1.000000e+00 -1.679861e-08
    outer loop
      vertex   -1.999456e+02 3.950002e+01 2.095152e+02
      vertex   -1.976046e+02 3.950002e+01 2.089827e+02
      vertex   -2.000022e+02 3.950002e+01 2.092781e+02
    endloop
  endfacet
  facet normal 1.287296e-07 1.000000e+00 -1.713009e-08
    outer loop
      vertex   -2.000022e+02 3.950002e+01 2.092781e+02
      vertex   -1.976046e+02 3.950002e+01 2.089827e+02
      vertex   -1.976854e+02 3.950002e+01 2.086510e+02
    endloop
  endfacet
  facet normal 1.274383e-07 1.000000e+00 -2.190039e-08
    outer loop
      vertex   -2.000022e+02 3.950002e+01 2.092781e+02
      vertex   -1.976854e+02 3.950002e+01 2.086510e+02
      vertex   -1.977887e+02 3.950002e+01 2.083256e+02
    endloop
  endfacet
  facet normal 1.268386e-07 1.000000e+00 -2.329413e-08
    outer loop
      vertex   -2.000022e+02 3.950002e+01 2.092781e+02
      vertex   -1.977887e+02 3.950002e+01 2.083256e+02
      vertex   -2.000808e+02 3.950002e+01 2.090474e+02
    endloop
  endfacet
  facet normal 1.258076e-07 1.000000e+00 -2.656794e-08
    outer loop
      vertex   -2.000808e+02 3.950002e+01 2.090474e+02
      vertex   -1.977887e+02 3.950002e+01 2.083256e+02
      vertex   -1.979139e+02 3.950002e+01 2.080080e+02
    endloop
  endfacet
  facet normal 1.243549e-07 1.000000e+00 -2.959629e-08
    outer loop
      vertex   -2.000808e+02 3.950002e+01 2.090474e+02
      vertex   -1.979139e+02 3.950002e+01 2.080080e+02
      vertex   -2.001806e+02 3.950002e+01 2.088251e+02
    endloop
  endfacet
  facet normal 1.238154e-07 1.000000e+00 -3.109309e-08
    outer loop
      vertex   -2.001806e+02 3.950002e+01 2.088251e+02
      vertex   -1.979139e+02 3.950002e+01 2.080080e+02
      vertex   -1.980606e+02 3.950002e+01 2.076997e+02
    endloop
  endfacet
  facet normal 1.214983e-07 1.000000e+00 -3.545816e-08
    outer loop
      vertex   -2.001806e+02 3.950002e+01 2.088251e+02
      vertex   -1.980606e+02 3.950002e+01 2.076997e+02
      vertex   -1.982279e+02 3.950002e+01 2.074021e+02
    endloop
  endfacet
  facet normal 1.213453e-07 1.000000e+00 -3.566814e-08
    outer loop
      vertex   -2.001806e+02 3.950002e+01 2.088251e+02
      vertex   -1.982279e+02 3.950002e+01 2.074021e+02
      vertex   -2.003008e+02 3.950002e+01 2.086130e+02
    endloop
  endfacet
  facet normal 1.189826e-07 1.000000e+00 -3.971258e-08
    outer loop
      vertex   -2.003008e+02 3.950002e+01 2.086130e+02
      vertex   -1.982279e+02 3.950002e+01 2.074021e+02
      vertex   -1.984151e+02 3.950002e+01 2.071166e+02
    endloop
  endfacet
  facet normal 1.176727e-07 1.000000e+00 -4.136315e-08
    outer loop
      vertex   -2.003008e+02 3.950002e+01 2.086130e+02
      vertex   -1.984151e+02 3.950002e+01 2.071166e+02
      vertex   -2.004404e+02 3.950002e+01 2.084132e+02
    endloop
  endfacet
  facet normal 1.161395e-07 1.000000e+00 -4.375800e-08
    outer loop
      vertex   -2.004404e+02 3.950002e+01 2.084132e+02
      vertex   -1.984151e+02 3.950002e+01 2.071166e+02
      vertex   -1.986214e+02 3.950002e+01 2.068446e+02
    endloop
  endfacet
  facet normal 1.135615e-07 1.000000e+00 -4.674740e-08
    outer loop
      vertex   -2.004404e+02 3.950002e+01 2.084132e+02
      vertex   -1.986214e+02 3.950002e+01 2.068446e+02
      vertex   -2.005980e+02 3.950002e+01 2.082273e+02
    endloop
  endfacet
  facet normal 1.129881e-07 1.000000e+00 -4.756702e-08
    outer loop
      vertex   -2.005980e+02 3.950002e+01 2.082273e+02
      vertex   -1.986214e+02 3.950002e+01 2.068446e+02
      vertex   -1.988458e+02 3.950002e+01 2.065872e+02
    endloop
  endfacet
  facet normal 1.096110e-07 1.000000e+00 -5.117506e-08
    outer loop
      vertex   -2.005980e+02 3.950002e+01 2.082273e+02
      vertex   -1.988458e+02 3.950002e+01 2.065872e+02
      vertex   -1.990872e+02 3.950002e+01 2.063458e+02
    endloop
  endfacet
  facet normal 1.089463e-07 1.000000e+00 -5.170874e-08
    outer loop
      vertex   -2.005980e+02 3.950002e+01 2.082273e+02
      vertex   -1.990872e+02 3.950002e+01 2.063458e+02
      vertex   -2.007724e+02 3.950002e+01 2.080570e+02
    endloop
  endfacet
  facet normal 1.060288e-07 1.000000e+00 -5.458186e-08
    outer loop
      vertex   -2.007724e+02 3.950002e+01 2.080570e+02
      vertex   -1.990872e+02 3.950002e+01 2.063458e+02
      vertex   -1.993446e+02 3.950002e+01 2.061214e+02
    endloop
  endfacet
  facet normal 1.038590e-07 1.000000e+00 -5.618252e-08
    outer loop
      vertex   -2.007724e+02 3.950002e+01 2.080570e+02
      vertex   -1.993446e+02 3.950002e+01 2.061214e+02
      vertex   -2.009619e+02 3.950002e+01 2.079037e+02
    endloop
  endfacet
  facet normal 1.021894e-07 1.000000e+00 -5.769759e-08
    outer loop
      vertex   -2.009619e+02 3.950002e+01 2.079037e+02
      vertex   -1.993446e+02 3.950002e+01 2.061214e+02
      vertex   -1.996166e+02 3.950002e+01 2.059152e+02
    endloop
  endfacet
  facet normal 9.843190e-08 1.000000e+00 -6.023960e-08
    outer loop
      vertex   -2.009619e+02 3.950002e+01 2.079037e+02
      vertex   -1.996166e+02 3.950002e+01 2.059152e+02
      vertex   -2.011650e+02 3.950002e+01 2.077689e+02
    endloop
  endfacet
  facet normal 9.811868e-08 1.000000e+00 -6.050121e-08
    outer loop
      vertex   -2.011650e+02 3.950002e+01 2.077689e+02
      vertex   -1.996166e+02 3.950002e+01 2.059152e+02
      vertex   -1.999021e+02 3.950002e+01 2.057279e+02
    endloop
  endfacet
  facet normal 9.391615e-08 1.000000e+00 -6.310154e-08
    outer loop
      vertex   -2.011650e+02 3.950002e+01 2.077689e+02
      vertex   -1.999021e+02 3.950002e+01 2.057279e+02
      vertex   -2.001997e+02 3.950002e+01 2.055606e+02
    endloop
  endfacet
  facet normal 9.259350e-08 1.000000e+00 -6.367968e-08
    outer loop
      vertex   -2.011650e+02 3.950002e+01 2.077689e+02
      vertex   -2.001997e+02 3.950002e+01 2.055606e+02
      vertex   -2.013798e+02 3.950002e+01 2.076537e+02
    endloop
  endfacet
  facet normal 8.953950e-08 1.000000e+00 -6.540148e-08
    outer loop
      vertex   -2.013798e+02 3.950002e+01 2.076537e+02
      vertex   -2.001997e+02 3.950002e+01 2.055606e+02
      vertex   -2.005080e+02 3.950002e+01 2.054139e+02
    endloop
  endfacet
  facet normal 8.647804e-08 1.000000e+00 -6.659305e-08
    outer loop
      vertex   -2.013798e+02 3.950002e+01 2.076537e+02
      vertex   -2.005080e+02 3.950002e+01 2.054139e+02
      vertex   -2.016044e+02 3.950002e+01 2.075591e+02
    endloop
  endfacet
  facet normal 8.499560e-08 1.000000e+00 -6.735072e-08
    outer loop
      vertex   -2.016044e+02 3.950002e+01 2.075591e+02
      vertex   -2.005080e+02 3.950002e+01 2.054139e+02
      vertex   -2.008256e+02 3.950002e+01 2.052887e+02
    endloop
  endfacet
  facet normal 8.032099e-08 1.000000e+00 -6.895417e-08
    outer loop
      vertex   -2.016044e+02 3.950002e+01 2.075591e+02
      vertex   -2.008256e+02 3.950002e+01 2.052887e+02
      vertex   -2.011510e+02 3.950002e+01 2.051854e+02
    endloop
  endfacet
  facet normal 8.013869e-08 1.000000e+00 -6.898898e-08
    outer loop
      vertex   -2.016044e+02 3.950002e+01 2.075591e+02
      vertex   -2.011510e+02 3.950002e+01 2.051854e+02
      vertex   -2.018369e+02 3.950002e+01 2.074860e+02
    endloop
  endfacet
  facet normal 7.557934e-08 1.000000e+00 -7.034827e-08
    outer loop
      vertex   -2.018369e+02 3.950002e+01 2.074860e+02
      vertex   -2.011510e+02 3.950002e+01 2.051854e+02
      vertex   -2.014827e+02 3.950002e+01 2.051046e+02
    endloop
  endfacet
  facet normal 7.356797e-08 1.000000e+00 -7.064741e-08
    outer loop
      vertex   -2.018369e+02 3.950002e+01 2.074860e+02
      vertex   -2.014827e+02 3.950002e+01 2.051046e+02
      vertex   -2.020752e+02 3.950002e+01 2.074349e+02
    endloop
  endfacet
  facet normal 7.074071e-08 1.000000e+00 -7.136625e-08
    outer loop
      vertex   -2.020752e+02 3.950002e+01 2.074349e+02
      vertex   -2.014827e+02 3.950002e+01 2.051046e+02
      vertex   -2.018192e+02 3.950002e+01 2.050466e+02
    endloop
  endfacet
  facet normal 6.688890e-08 1.000000e+00 -7.177919e-08
    outer loop
      vertex   -2.020752e+02 3.950002e+01 2.074349e+02
      vertex   -2.018192e+02 3.950002e+01 2.050466e+02
      vertex   -2.023173e+02 3.950002e+01 2.074064e+02
    endloop
  endfacet
  facet normal 6.583785e-08 1.000000e+00 -7.200104e-08
    outer loop
      vertex   -2.023173e+02 3.950002e+01 2.074064e+02
      vertex   -2.018192e+02 3.950002e+01 2.050466e+02
      vertex   -2.021588e+02 3.950002e+01 2.050117e+02
    endloop
  endfacet
  facet normal 6.090671e-08 1.000000e+00 -7.232740e-08
    outer loop
      vertex   -2.023173e+02 3.950002e+01 2.074064e+02
      vertex   -2.021588e+02 3.950002e+01 2.050117e+02
      vertex   -2.025000e+02 3.950002e+01 2.050000e+02
    endloop
  endfacet
  facet normal 6.013053e-08 1.000000e+00 -7.226847e-08
    outer loop
      vertex   -2.023173e+02 3.950002e+01 2.074064e+02
      vertex   -2.025000e+02 3.950002e+01 2.050000e+02
      vertex   -2.025609e+02 3.950002e+01 2.074007e+02
    endloop
  endfacet
  facet normal 5.596353e-08 1.000000e+00 -7.237426e-08
    outer loop
      vertex   -2.025609e+02 3.950002e+01 2.074007e+02
      vertex   -2.025000e+02 3.950002e+01 2.050000e+02
      vertex   -2.028412e+02 3.950002e+01 2.050117e+02
    endloop
  endfacet
  facet normal 5.335867e-08 1.000000e+00 -7.206869e-08
    outer loop
      vertex   -2.025609e+02 3.950002e+01 2.074007e+02
      vertex   -2.028412e+02 3.950002e+01 2.050117e+02
      vertex   -2.028041e+02 3.950002e+01 2.074178e+02
    endloop
  endfacet
  facet normal 5.103075e-08 1.000000e+00 -7.203277e-08
    outer loop
      vertex   -2.028041e+02 3.950002e+01 2.074178e+02
      vertex   -2.028412e+02 3.950002e+01 2.050117e+02
      vertex   -2.031808e+02 3.950002e+01 2.050466e+02
    endloop
  endfacet
  facet normal 4.662309e-08 1.000000e+00 -7.133248e-08
    outer loop
      vertex   -2.028041e+02 3.950002e+01 2.074178e+02
      vertex   -2.031808e+02 3.950002e+01 2.050466e+02
      vertex   -2.030445e+02 3.950002e+01 2.074577e+02
    endloop
  endfacet
  facet normal 4.614166e-08 1.000000e+00 -7.130526e-08
    outer loop
      vertex   -2.030445e+02 3.950002e+01 2.074577e+02
      vertex   -2.031808e+02 3.950002e+01 2.050466e+02
      vertex   -2.035173e+02 3.950002e+01 2.051046e+02
    endloop
  endfacet
  facet normal 4.129651e-08 1.000000e+00 -7.033187e-08
    outer loop
      vertex   -2.030445e+02 3.950002e+01 2.074577e+02
      vertex   -2.035173e+02 3.950002e+01 2.051046e+02
      vertex   -2.038490e+02 3.950002e+01 2.051854e+02
    endloop
  endfacet
  facet normal 4.000535e-08 1.000000e+00 -6.987476e-08
    outer loop
      vertex   -2.030445e+02 3.950002e+01 2.074577e+02
      vertex   -2.038490e+02 3.950002e+01 2.051854e+02
      vertex   -2.032802e+02 3.950002e+01 2.075198e+02
    endloop
  endfacet
  facet normal 3.652762e-08 1.000000e+00 -6.902744e-08
    outer loop
      vertex   -2.032802e+02 3.950002e+01 2.075198e+02
      vertex   -2.038490e+02 3.950002e+01 2.051854e+02
      vertex   -2.041744e+02 3.950002e+01 2.052887e+02
    endloop
  endfacet
  facet normal 3.354656e-08 1.000000e+00 -6.783271e-08
    outer loop
      vertex   -2.032802e+02 3.950002e+01 2.075198e+02
      vertex   -2.041744e+02 3.950002e+01 2.052887e+02
      vertex   -2.035090e+02 3.950002e+01 2.076038e+02
    endloop
  endfacet
  facet normal 3.187554e-08 1.000000e+00 -6.735246e-08
    outer loop
      vertex   -2.035090e+02 3.950002e+01 2.076038e+02
      vertex   -2.041744e+02 3.950002e+01 2.052887e+02
      vertex   -2.044920e+02 3.950002e+01 2.054139e+02
    endloop
  endfacet
  facet normal 2.736699e-08 1.000000e+00 -6.532868e-08
    outer loop
      vertex   -2.035090e+02 3.950002e+01 2.076038e+02
      vertex   -2.044920e+02 3.950002e+01 2.054139e+02
      vertex   -2.048003e+02 3.950002e+01 2.055606e+02
    endloop
  endfacet
  facet normal 2.727282e-08 1.000000e+00 -6.526916e-08
    outer loop
      vertex   -2.035090e+02 3.950002e+01 2.076038e+02
      vertex   -2.048003e+02 3.950002e+01 2.055606e+02
      vertex   -2.037290e+02 3.950002e+01 2.077088e+02
    endloop
  endfacet
  facet normal 2.294927e-08 1.000000e+00 -6.311298e-08
    outer loop
      vertex   -2.037290e+02 3.950002e+01 2.077088e+02
      vertex   -2.048003e+02 3.950002e+01 2.055606e+02
      vertex   -2.050979e+02 3.950002e+01 2.057279e+02
    endloop
  endfacet
  facet normal 2.133699e-08 1.000000e+00 -6.199879e-08
    outer loop
      vertex   -2.037290e+02 3.950002e+01 2.077088e+02
      vertex   -2.050979e+02 3.950002e+01 2.057279e+02
      vertex   -2.039381e+02 3.950002e+01 2.078340e+02
    endloop
  endfacet
  facet normal 1.871719e-08 1.000000e+00 -6.055610e-08
    outer loop
      vertex   -2.039381e+02 3.950002e+01 2.078340e+02
      vertex   -2.050979e+02 3.950002e+01 2.057279e+02
      vertex   -2.053834e+02 3.950002e+01 2.059152e+02
    endloop
  endfacet
  facet normal 1.568163e-08 1.000000e+00 -5.826969e-08
    outer loop
      vertex   -2.039381e+02 3.950002e+01 2.078340e+02
      vertex   -2.053834e+02 3.950002e+01 2.059152e+02
      vertex   -2.041347e+02 3.950002e+01 2.079781e+02
    endloop
  endfacet
  facet normal 1.469945e-08 1.000000e+00 -5.767517e-08
    outer loop
      vertex   -2.041347e+02 3.950002e+01 2.079781e+02
      vertex   -2.053834e+02 3.950002e+01 2.059152e+02
      vertex   -2.056554e+02 3.950002e+01 2.061214e+02
    endloop
  endfacet
  facet normal 1.087629e-08 1.000000e+00 -5.454369e-08
    outer loop
      vertex   -2.041347e+02 3.950002e+01 2.079781e+02
      vertex   -2.056554e+02 3.950002e+01 2.061214e+02
      vertex   -2.059128e+02 3.950002e+01 2.063458e+02
    endloop
  endfacet
  facet normal 1.039996e-08 1.000000e+00 -5.402482e-08
    outer loop
      vertex   -2.041347e+02 3.950002e+01 2.079781e+02
      vertex   -2.059128e+02 3.950002e+01 2.063458e+02
      vertex   -2.043168e+02 3.950002e+01 2.081401e+02
    endloop
  endfacet
  facet normal 7.230375e-09 1.000000e+00 -5.120555e-08
    outer loop
      vertex   -2.043168e+02 3.950002e+01 2.081401e+02
      vertex   -2.059128e+02 3.950002e+01 2.063458e+02
      vertex   -2.061542e+02 3.950002e+01 2.065872e+02
    endloop
  endfacet
  facet normal 5.584905e-09 1.000000e+00 -4.925860e-08
    outer loop
      vertex   -2.043168e+02 3.950002e+01 2.081401e+02
      vertex   -2.061542e+02 3.950002e+01 2.065872e+02
      vertex   -2.044830e+02 3.950002e+01 2.083184e+02
    endloop
  endfacet
  facet normal 3.856901e-09 1.000000e+00 -4.759045e-08
    outer loop
      vertex   -2.044830e+02 3.950002e+01 2.083184e+02
      vertex   -2.061542e+02 3.950002e+01 2.065872e+02
      vertex   -2.063786e+02 3.950002e+01 2.068446e+02
    endloop
  endfacet
  facet normal 1.162729e-09 1.000000e+00 -4.412535e-08
    outer loop
      vertex   -2.044830e+02 3.950002e+01 2.083184e+02
      vertex   -2.063786e+02 3.950002e+01 2.068446e+02
      vertex   -2.046317e+02 3.950002e+01 2.085115e+02
    endloop
  endfacet
  facet normal 7.786609e-10 1.000000e+00 -4.372287e-08
    outer loop
      vertex   -2.046317e+02 3.950002e+01 2.085115e+02
      vertex   -2.063786e+02 3.950002e+01 2.068446e+02
      vertex   -2.065848e+02 3.950002e+01 2.071166e+02
    endloop
  endfacet
  facet normal -2.093496e-09 1.000000e+00 -3.970126e-08
    outer loop
      vertex   -2.046317e+02 3.950002e+01 2.085115e+02
      vertex   -2.065848e+02 3.950002e+01 2.071166e+02
      vertex   -2.067721e+02 3.950002e+01 2.074021e+02
    endloop
  endfacet
  facet normal -2.689822e-09 1.000000e+00 -3.855077e-08
    outer loop
      vertex   -2.046317e+02 3.950002e+01 2.085115e+02
      vertex   -2.067721e+02 3.950002e+01 2.074021e+02
      vertex   -2.047618e+02 3.950002e+01 2.087176e+02
    endloop
  endfacet
  facet normal -4.690147e-09 1.000000e+00 -3.549401e-08
    outer loop
      vertex   -2.047618e+02 3.950002e+01 2.087176e+02
      vertex   -2.067721e+02 3.950002e+01 2.074021e+02
      vertex   -2.069394e+02 3.950002e+01 2.076997e+02
    endloop
  endfacet
  facet normal -6.018989e-09 1.000000e+00 -3.265129e-08
    outer loop
      vertex   -2.047618e+02 3.950002e+01 2.087176e+02
      vertex   -2.069394e+02 3.950002e+01 2.076997e+02
      vertex   -2.048719e+02 3.950002e+01 2.089351e+02
    endloop
  endfacet
  facet normal -6.948600e-09 1.000000e+00 -3.109551e-08
    outer loop
      vertex   -2.048719e+02 3.950002e+01 2.089351e+02
      vertex   -2.069394e+02 3.950002e+01 2.076997e+02
      vertex   -2.070861e+02 3.950002e+01 2.080080e+02
    endloop
  endfacet
  facet normal -8.857263e-09 1.000000e+00 -2.653699e-08
    outer loop
      vertex   -2.048719e+02 3.950002e+01 2.089351e+02
      vertex   -2.070861e+02 3.950002e+01 2.080080e+02
      vertex   -2.072113e+02 3.950002e+01 2.083256e+02
    endloop
  endfacet
  facet normal -8.866622e-09 1.000000e+00 -2.650106e-08
    outer loop
      vertex   -2.048719e+02 3.950002e+01 2.089351e+02
      vertex   -2.072113e+02 3.950002e+01 2.083256e+02
      vertex   -2.049612e+02 3.950002e+01 2.091619e+02
    endloop
  endfacet
  facet normal -1.057541e-08 1.000000e+00 -2.190322e-08
    outer loop
      vertex   -2.049612e+02 3.950002e+01 2.091619e+02
      vertex   -2.072113e+02 3.950002e+01 2.083256e+02
      vertex   -2.073146e+02 3.950002e+01 2.086510e+02
    endloop
  endfacet
  facet normal -1.097550e-08 1.000000e+00 -2.006004e-08
    outer loop
      vertex   -2.049612e+02 3.950002e+01 2.091619e+02
      vertex   -2.073146e+02 3.950002e+01 2.086510e+02
      vertex   -2.050289e+02 3.950002e+01 2.093960e+02
    endloop
  endfacet
  facet normal -1.192511e-08 1.000000e+00 -1.714652e-08
    outer loop
      vertex   -2.050289e+02 3.950002e+01 2.093960e+02
      vertex   -2.073146e+02 3.950002e+01 2.086510e+02
      vertex   -2.073954e+02 3.950002e+01 2.089827e+02
    endloop
  endfacet
  facet normal -1.256622e-08 1.000000e+00 -1.347540e-08
    outer loop
      vertex   -2.050289e+02 3.950002e+01 2.093960e+02
      vertex   -2.073954e+02 3.950002e+01 2.089827e+02
      vertex   -2.050743e+02 3.950002e+01 2.096355e+02
    endloop
  endfacet
  facet normal -1.289704e-08 1.000000e+00 -1.229903e-08
    outer loop
      vertex   -2.050743e+02 3.950002e+01 2.096355e+02
      vertex   -2.073954e+02 3.950002e+01 2.089827e+02
      vertex   -2.074534e+02 3.950002e+01 2.093192e+02
    endloop
  endfacet
  facet normal -1.354834e-08 1.000000e+00 -7.400205e-09
    outer loop
      vertex   -2.050743e+02 3.950002e+01 2.096355e+02
      vertex   -2.074534e+02 3.950002e+01 2.093192e+02
      vertex   -2.074883e+02 3.950002e+01 2.096588e+02
    endloop
  endfacet
  facet normal -1.354225e-08 1.000000e+00 -6.769872e-09
    outer loop
      vertex   -2.050743e+02 3.950002e+01 2.096355e+02
      vertex   -2.074883e+02 3.950002e+01 2.096588e+02
      vertex   -2.050971e+02 3.950002e+01 2.098781e+02
    endloop
  endfacet
  facet normal -1.393646e-08 1.000000e+00 -2.472322e-09
    outer loop
      vertex   -2.050971e+02 3.950002e+01 2.098781e+02
      vertex   -2.074883e+02 3.950002e+01 2.096588e+02
      vertex   -2.075000e+02 3.950002e+01 2.100000e+02
    endloop
  endfacet
  facet normal -1.381107e-08 1.000000e+00 0.000000e+00
    outer loop
      vertex   -2.050971e+02 3.950002e+01 2.098781e+02
      vertex   -2.075000e+02 3.950002e+01 2.100000e+02
      vertex   -2.050971e+02 3.950002e+01 2.101219e+02
    endloop
  endfacet
  facet normal -1.393646e-08 1.000000e+00 2.472322e-09
    outer loop
      vertex   -2.050971e+02 3.950002e+01 2.101219e+02
      vertex   -2.075000e+02 3.950002e+01 2.100000e+02
      vertex   -2.074883e+02 3.950002e+01 2.103412e+02
    endloop
  endfacet
  facet normal -1.354225e-08 1.000000e+00 6.769872e-09
    outer loop
      vertex   -2.050971e+02 3.950002e+01 2.101219e+02
      vertex   -2.074883e+02 3.950002e+01 2.103412e+02
      vertex   -2.050743e+02 3.950002e+01 2.103645e+02
    endloop
  endfacet
  facet normal -1.354834e-08 1.000000e+00 7.400205e-09
    outer loop
      vertex   -2.050743e+02 3.950002e+01 2.103645e+02
      vertex   -2.074883e+02 3.950002e+01 2.103412e+02
      vertex   -2.074534e+02 3.950002e+01 2.106808e+02
    endloop
  endfacet
  facet normal -1.289704e-08 1.000000e+00 1.229903e-08
    outer loop
      vertex   -2.050743e+02 3.950002e+01 2.103645e+02
      vertex   -2.074534e+02 3.950002e+01 2.106808e+02
      vertex   -2.073954e+02 3.950002e+01 2.110173e+02
    endloop
  endfacet
  facet normal -1.256622e-08 1.000000e+00 1.347540e-08
    outer loop
      vertex   -2.050743e+02 3.950002e+01 2.103645e+02
      vertex   -2.073954e+02 3.950002e+01 2.110173e+02
      vertex   -2.050289e+02 3.950002e+01 2.106040e+02
    endloop
  endfacet
  facet normal -1.192511e-08 1.000000e+00 1.714652e-08
    outer loop
      vertex   -2.050289e+02 3.950002e+01 2.106040e+02
      vertex   -2.073954e+02 3.950002e+01 2.110173e+02
      vertex   -2.073146e+02 3.950002e+01 2.113490e+02
    endloop
  endfacet
  facet normal -1.097550e-08 1.000000e+00 2.006004e-08
    outer loop
      vertex   -2.050289e+02 3.950002e+01 2.106040e+02
      vertex   -2.073146e+02 3.950002e+01 2.113490e+02
      vertex   -2.049612e+02 3.950002e+01 2.108381e+02
    endloop
  endfacet
  facet normal -1.057541e-08 1.000000e+00 2.190322e-08
    outer loop
      vertex   -2.049612e+02 3.950002e+01 2.108381e+02
      vertex   -2.073146e+02 3.950002e+01 2.113490e+02
      vertex   -2.072113e+02 3.950002e+01 2.116744e+02
    endloop
  endfacet
  facet normal -8.866622e-09 1.000000e+00 2.650106e-08
    outer loop
      vertex   -2.049612e+02 3.950002e+01 2.108381e+02
      vertex   -2.072113e+02 3.950002e+01 2.116744e+02
      vertex   -2.048719e+02 3.950002e+01 2.110649e+02
    endloop
  endfacet
  facet normal -8.857263e-09 1.000000e+00 2.653699e-08
    outer loop
      vertex   -2.048719e+02 3.950002e+01 2.110649e+02
      vertex   -2.072113e+02 3.950002e+01 2.116744e+02
      vertex   -2.070861e+02 3.950002e+01 2.119920e+02
    endloop
  endfacet
  facet normal -6.948600e-09 1.000000e+00 3.109551e-08
    outer loop
      vertex   -2.048719e+02 3.950002e+01 2.110649e+02
      vertex   -2.070861e+02 3.950002e+01 2.119920e+02
      vertex   -2.069394e+02 3.950002e+01 2.123003e+02
    endloop
  endfacet
  facet normal -6.018989e-09 1.000000e+00 3.265129e-08
    outer loop
      vertex   -2.048719e+02 3.950002e+01 2.110649e+02
      vertex   -2.069394e+02 3.950002e+01 2.123003e+02
      vertex   -2.047618e+02 3.950002e+01 2.112824e+02
    endloop
  endfacet
  facet normal -4.690147e-09 1.000000e+00 3.549401e-08
    outer loop
      vertex   -2.047618e+02 3.950002e+01 2.112824e+02
      vertex   -2.069394e+02 3.950002e+01 2.123003e+02
      vertex   -2.067721e+02 3.950002e+01 2.125979e+02
    endloop
  endfacet
  facet normal -2.689822e-09 1.000000e+00 3.855077e-08
    outer loop
      vertex   -2.047618e+02 3.950002e+01 2.112824e+02
      vertex   -2.067721e+02 3.950002e+01 2.125979e+02
      vertex   -2.046317e+02 3.950002e+01 2.114885e+02
    endloop
  endfacet
  facet normal -2.093496e-09 1.000000e+00 3.970126e-08
    outer loop
      vertex   -2.046317e+02 3.950002e+01 2.114885e+02
      vertex   -2.067721e+02 3.950002e+01 2.125979e+02
      vertex   -2.065848e+02 3.950002e+01 2.128834e+02
    endloop
  endfacet
  facet normal 7.786609e-10 1.000000e+00 4.372287e-08
    outer loop
      vertex   -2.046317e+02 3.950002e+01 2.114885e+02
      vertex   -2.065848e+02 3.950002e+01 2.128834e+02
      vertex   -2.063786e+02 3.950002e+01 2.131554e+02
    endloop
  endfacet
  facet normal 1.162729e-09 1.000000e+00 4.412535e-08
    outer loop
      vertex   -2.046317e+02 3.950002e+01 2.114885e+02
      vertex   -2.063786e+02 3.950002e+01 2.131554e+02
      vertex   -2.044830e+02 3.950002e+01 2.116816e+02
    endloop
  endfacet
  facet normal 3.856901e-09 1.000000e+00 4.759045e-08
    outer loop
      vertex   -2.044830e+02 3.950002e+01 2.116816e+02
      vertex   -2.063786e+02 3.950002e+01 2.131554e+02
      vertex   -2.061542e+02 3.950002e+01 2.134128e+02
    endloop
  endfacet
  facet normal 5.584905e-09 1.000000e+00 4.925860e-08
    outer loop
      vertex   -2.044830e+02 3.950002e+01 2.116816e+02
      vertex   -2.061542e+02 3.950002e+01 2.134128e+02
      vertex   -2.043168e+02 3.950002e+01 2.118599e+02
    endloop
  endfacet
  facet normal 7.230375e-09 1.000000e+00 5.120555e-08
    outer loop
      vertex   -2.043168e+02 3.950002e+01 2.118599e+02
      vertex   -2.061542e+02 3.950002e+01 2.134128e+02
      vertex   -2.059128e+02 3.950002e+01 2.136542e+02
    endloop
  endfacet
  facet normal 1.039996e-08 1.000000e+00 5.402482e-08
    outer loop
      vertex   -2.043168e+02 3.950002e+01 2.118599e+02
      vertex   -2.059128e+02 3.950002e+01 2.136542e+02
      vertex   -2.041347e+02 3.950002e+01 2.120219e+02
    endloop
  endfacet
  facet normal 1.087629e-08 1.000000e+00 5.454369e-08
    outer loop
      vertex   -2.041347e+02 3.950002e+01 2.120219e+02
      vertex   -2.059128e+02 3.950002e+01 2.136542e+02
      vertex   -2.056554e+02 3.950002e+01 2.138786e+02
    endloop
  endfacet
  facet normal 1.469945e-08 1.000000e+00 5.767517e-08
    outer loop
      vertex   -2.041347e+02 3.950002e+01 2.120219e+02
      vertex   -2.056554e+02 3.950002e+01 2.138786e+02
      vertex   -2.053834e+02 3.950002e+01 2.140849e+02
    endloop
  endfacet
  facet normal 1.568163e-08 1.000000e+00 5.826969e-08
    outer loop
      vertex   -2.041347e+02 3.950002e+01 2.120219e+02
      vertex   -2.053834e+02 3.950002e+01 2.140849e+02
      vertex   -2.039381e+02 3.950002e+01 2.121660e+02
    endloop
  endfacet
  facet normal 1.871719e-08 1.000000e+00 6.055610e-08
    outer loop
      vertex   -2.039381e+02 3.950002e+01 2.121660e+02
      vertex   -2.053834e+02 3.950002e+01 2.140849e+02
      vertex   -2.050979e+02 3.950002e+01 2.142721e+02
    endloop
  endfacet
  facet normal 2.133699e-08 1.000000e+00 6.199879e-08
    outer loop
      vertex   -2.039381e+02 3.950002e+01 2.121660e+02
      vertex   -2.050979e+02 3.950002e+01 2.142721e+02
      vertex   -2.037290e+02 3.950002e+01 2.122912e+02
    endloop
  endfacet
  facet normal 2.294927e-08 1.000000e+00 6.311298e-08
    outer loop
      vertex   -2.037290e+02 3.950002e+01 2.122912e+02
      vertex   -2.050979e+02 3.950002e+01 2.142721e+02
      vertex   -2.048003e+02 3.950002e+01 2.144394e+02
    endloop
  endfacet
  facet normal 2.727282e-08 1.000000e+00 6.526916e-08
    outer loop
      vertex   -2.037290e+02 3.950002e+01 2.122912e+02
      vertex   -2.048003e+02 3.950002e+01 2.144394e+02
      vertex   -2.035090e+02 3.950002e+01 2.123962e+02
    endloop
  endfacet
  facet normal 2.736699e-08 1.000000e+00 6.532868e-08
    outer loop
      vertex   -2.035090e+02 3.950002e+01 2.123962e+02
      vertex   -2.048003e+02 3.950002e+01 2.144394e+02
      vertex   -2.044920e+02 3.950002e+01 2.145861e+02
    endloop
  endfacet
  facet normal 3.187554e-08 1.000000e+00 6.735246e-08
    outer loop
      vertex   -2.035090e+02 3.950002e+01 2.123962e+02
      vertex   -2.044920e+02 3.950002e+01 2.145861e+02
      vertex   -2.041744e+02 3.950002e+01 2.147113e+02
    endloop
  endfacet
  facet normal 3.354656e-08 1.000000e+00 6.783271e-08
    outer loop
      vertex   -2.035090e+02 3.950002e+01 2.123962e+02
      vertex   -2.041744e+02 3.950002e+01 2.147113e+02
      vertex   -2.032802e+02 3.950002e+01 2.124802e+02
    endloop
  endfacet
  facet normal 3.652762e-08 1.000000e+00 6.902744e-08
    outer loop
      vertex   -2.032802e+02 3.950002e+01 2.124802e+02
      vertex   -2.041744e+02 3.950002e+01 2.147113e+02
      vertex   -2.038490e+02 3.950002e+01 2.148146e+02
    endloop
  endfacet
  facet normal 4.000535e-08 1.000000e+00 6.987476e-08
    outer loop
      vertex   -2.032802e+02 3.950002e+01 2.124802e+02
      vertex   -2.038490e+02 3.950002e+01 2.148146e+02
      vertex   -2.030445e+02 3.950002e+01 2.125423e+02
    endloop
  endfacet
  facet normal 4.129651e-08 1.000000e+00 7.033187e-08
    outer loop
      vertex   -2.030445e+02 3.950002e+01 2.125423e+02
      vertex   -2.038490e+02 3.950002e+01 2.148146e+02
      vertex   -2.035173e+02 3.950002e+01 2.148954e+02
    endloop
  endfacet
  facet normal 4.614166e-08 1.000000e+00 7.130526e-08
    outer loop
      vertex   -2.030445e+02 3.950002e+01 2.125423e+02
      vertex   -2.035173e+02 3.950002e+01 2.148954e+02
      vertex   -2.031808e+02 3.950002e+01 2.149534e+02
    endloop
  endfacet
  facet normal 4.662309e-08 1.000000e+00 7.133248e-08
    outer loop
      vertex   -2.030445e+02 3.950002e+01 2.125423e+02
      vertex   -2.031808e+02 3.950002e+01 2.149534e+02
      vertex   -2.028041e+02 3.950002e+01 2.125822e+02
    endloop
  endfacet
  facet normal 5.103075e-08 1.000000e+00 7.203277e-08
    outer loop
      vertex   -2.028041e+02 3.950002e+01 2.125822e+02
      vertex   -2.031808e+02 3.950002e+01 2.149534e+02
      vertex   -2.028412e+02 3.950002e+01 2.149883e+02
    endloop
  endfacet
  facet normal 5.335867e-08 1.000000e+00 7.206869e-08
    outer loop
      vertex   -2.028041e+02 3.950002e+01 2.125822e+02
      vertex   -2.028412e+02 3.950002e+01 2.149883e+02
      vertex   -2.025609e+02 3.950002e+01 2.125993e+02
    endloop
  endfacet
  facet normal 5.596353e-08 1.000000e+00 7.237426e-08
    outer loop
      vertex   -2.025609e+02 3.950002e+01 2.125993e+02
      vertex   -2.028412e+02 3.950002e+01 2.149883e+02
      vertex   -2.025000e+02 3.950002e+01 2.150000e+02
    endloop
  endfacet
  facet normal 6.013053e-08 1.000000e+00 7.226847e-08
    outer loop
      vertex   -2.025609e+02 3.950002e+01 2.125993e+02
      vertex   -2.025000e+02 3.950002e+01 2.150000e+02
      vertex   -2.023173e+02 3.950002e+01 2.125936e+02
    endloop
  endfacet
  facet normal 6.090671e-08 1.000000e+00 7.232740e-08
    outer loop
      vertex   -2.023173e+02 3.950002e+01 2.125936e+02
      vertex   -2.025000e+02 3.950002e+01 2.150000e+02
      vertex   -2.021588e+02 3.950002e+01 2.149883e+02
    endloop
  endfacet
  facet normal 6.583785e-08 1.000000e+00 7.200104e-08
    outer loop
      vertex   -2.023173e+02 3.950002e+01 2.125936e+02
      vertex   -2.021588e+02 3.950002e+01 2.149883e+02
      vertex   -2.018192e+02 3.950002e+01 2.149534e+02
    endloop
  endfacet
  facet normal 6.688890e-08 1.000000e+00 7.177919e-08
    outer loop
      vertex   -2.023173e+02 3.950002e+01 2.125936e+02
      vertex   -2.018192e+02 3.950002e+01 2.149534e+02
      vertex   -2.020752e+02 3.950002e+01 2.125651e+02
    endloop
  endfacet
  facet normal 7.074071e-08 1.000000e+00 7.136625e-08
    outer loop
      vertex   -2.020752e+02 3.950002e+01 2.125651e+02
      vertex   -2.018192e+02 3.950002e+01 2.149534e+02
      vertex   -2.014827e+02 3.950002e+01 2.148954e+02
    endloop
  endfacet
  facet normal 7.356797e-08 1.000000e+00 7.064741e-08
    outer loop
      vertex   -2.020752e+02 3.950002e+01 2.125651e+02
      vertex   -2.014827e+02 3.950002e+01 2.148954e+02
      vertex   -2.018369e+02 3.950002e+01 2.125140e+02
    endloop
  endfacet
  facet normal 7.557934e-08 1.000000e+00 7.034827e-08
    outer loop
      vertex   -2.018369e+02 3.950002e+01 2.125140e+02
      vertex   -2.014827e+02 3.950002e+01 2.148954e+02
      vertex   -2.011510e+02 3.950002e+01 2.148146e+02
    endloop
  endfacet
  facet normal 8.013869e-08 1.000000e+00 6.898898e-08
    outer loop
      vertex   -2.018369e+02 3.950002e+01 2.125140e+02
      vertex   -2.011510e+02 3.950002e+01 2.148146e+02
      vertex   -2.016044e+02 3.950002e+01 2.124409e+02
    endloop
  endfacet
  facet normal 8.032099e-08 1.000000e+00 6.895417e-08
    outer loop
      vertex   -2.016044e+02 3.950002e+01 2.124409e+02
      vertex   -2.011510e+02 3.950002e+01 2.148146e+02
      vertex   -2.008256e+02 3.950002e+01 2.147113e+02
    endloop
  endfacet
  facet normal 8.499560e-08 1.000000e+00 6.735072e-08
    outer loop
      vertex   -2.016044e+02 3.950002e+01 2.124409e+02
      vertex   -2.008256e+02 3.950002e+01 2.147113e+02
      vertex   -2.005080e+02 3.950002e+01 2.145861e+02
    endloop
  endfacet
  facet normal 8.647804e-08 1.000000e+00 6.659305e-08
    outer loop
      vertex   -2.016044e+02 3.950002e+01 2.124409e+02
      vertex   -2.005080e+02 3.950002e+01 2.145861e+02
      vertex   -2.013798e+02 3.950002e+01 2.123463e+02
    endloop
  endfacet
  facet normal 8.953950e-08 1.000000e+00 6.540148e-08
    outer loop
      vertex   -2.013798e+02 3.950002e+01 2.123463e+02
      vertex   -2.005080e+02 3.950002e+01 2.145861e+02
      vertex   -2.001997e+02 3.950002e+01 2.144394e+02
    endloop
  endfacet
  facet normal 9.259350e-08 1.000000e+00 6.367968e-08
    outer loop
      vertex   -2.013798e+02 3.950002e+01 2.123463e+02
      vertex   -2.001997e+02 3.950002e+01 2.144394e+02
      vertex   -2.011650e+02 3.950002e+01 2.122311e+02
    endloop
  endfacet
  facet normal 9.391615e-08 1.000000e+00 6.310154e-08
    outer loop
      vertex   -2.011650e+02 3.950002e+01 2.122311e+02
      vertex   -2.001997e+02 3.950002e+01 2.144394e+02
      vertex   -1.999021e+02 3.950002e+01 2.142721e+02
    endloop
  endfacet
  facet normal 9.811868e-08 1.000000e+00 6.050121e-08
    outer loop
      vertex   -2.011650e+02 3.950002e+01 2.122311e+02
      vertex   -1.999021e+02 3.950002e+01 2.142721e+02
      vertex   -1.996166e+02 3.950002e+01 2.140849e+02
    endloop
  endfacet
  facet normal 9.843190e-08 1.000000e+00 6.023960e-08
    outer loop
      vertex   -2.011650e+02 3.950002e+01 2.122311e+02
      vertex   -1.996166e+02 3.950002e+01 2.140849e+02
      vertex   -2.009619e+02 3.950002e+01 2.120963e+02
    endloop
  endfacet
  facet normal 1.021894e-07 1.000000e+00 5.769759e-08
    outer loop
      vertex   -2.009619e+02 3.950002e+01 2.120963e+02
      vertex   -1.996166e+02 3.950002e+01 2.140849e+02
      vertex   -1.993446e+02 3.950002e+01 2.138786e+02
    endloop
  endfacet
  facet normal 1.038590e-07 1.000000e+00 5.618252e-08
    outer loop
      vertex   -2.009619e+02 3.950002e+01 2.120963e+02
      vertex   -1.993446e+02 3.950002e+01 2.138786e+02
      vertex   -2.007724e+02 3.950002e+01 2.119430e+02
    endloop
  endfacet
  facet normal 1.060288e-07 1.000000e+00 5.458186e-08
    outer loop
      vertex   -2.007724e+02 3.950002e+01 2.119430e+02
      vertex   -1.993446e+02 3.950002e+01 2.138786e+02
      vertex   -1.990872e+02 3.950002e+01 2.136542e+02
    endloop
  endfacet
  facet normal 1.089463e-07 1.000000e+00 5.170874e-08
    outer loop
      vertex   -2.007724e+02 3.950002e+01 2.119430e+02
      vertex   -1.990872e+02 3.950002e+01 2.136542e+02
      vertex   -2.005980e+02 3.950002e+01 2.117727e+02
    endloop
  endfacet
  facet normal 1.096110e-07 1.000000e+00 5.117506e-08
    outer loop
      vertex   -2.005980e+02 3.950002e+01 2.117727e+02
      vertex   -1.990872e+02 3.950002e+01 2.136542e+02
      vertex   -1.988458e+02 3.950002e+01 2.134128e+02
    endloop
  endfacet
  facet normal 1.129881e-07 1.000000e+00 4.756702e-08
    outer loop
      vertex   -2.005980e+02 3.950002e+01 2.117727e+02
      vertex   -1.988458e+02 3.950002e+01 2.134128e+02
      vertex   -1.986214e+02 3.950002e+01 2.131554e+02
    endloop
  endfacet
  facet normal 1.135615e-07 1.000000e+00 4.674740e-08
    outer loop
      vertex   -2.005980e+02 3.950002e+01 2.117727e+02
      vertex   -1.986214e+02 3.950002e+01 2.131554e+02
      vertex   -2.004404e+02 3.950002e+01 2.115868e+02
    endloop
  endfacet
  facet normal 1.161395e-07 1.000000e+00 4.375800e-08
    outer loop
      vertex   -2.004404e+02 3.950002e+01 2.115868e+02
      vertex   -1.986214e+02 3.950002e+01 2.131554e+02
      vertex   -1.984151e+02 3.950002e+01 2.128834e+02
    endloop
  endfacet
  facet normal 1.176727e-07 1.000000e+00 4.136315e-08
    outer loop
      vertex   -2.004404e+02 3.950002e+01 2.115868e+02
      vertex   -1.984151e+02 3.950002e+01 2.128834e+02
      vertex   -2.003008e+02 3.950002e+01 2.113870e+02
    endloop
  endfacet
  facet normal 1.189826e-07 1.000000e+00 3.971258e-08
    outer loop
      vertex   -2.003008e+02 3.950002e+01 2.113870e+02
      vertex   -1.984151e+02 3.950002e+01 2.128834e+02
      vertex   -1.982279e+02 3.950002e+01 2.125979e+02
    endloop
  endfacet
  facet normal 1.213453e-07 1.000000e+00 3.566814e-08
    outer loop
      vertex   -2.003008e+02 3.950002e+01 2.113870e+02
      vertex   -1.982279e+02 3.950002e+01 2.125979e+02
      vertex   -2.001806e+02 3.950002e+01 2.111749e+02
    endloop
  endfacet
  facet normal 1.214983e-07 1.000000e+00 3.545816e-08
    outer loop
      vertex   -2.001806e+02 3.950002e+01 2.111749e+02
      vertex   -1.982279e+02 3.950002e+01 2.125979e+02
      vertex   -1.980606e+02 3.950002e+01 2.123003e+02
    endloop
  endfacet
  facet normal 1.238154e-07 1.000000e+00 3.109309e-08
    outer loop
      vertex   -2.001806e+02 3.950002e+01 2.111749e+02
      vertex   -1.980606e+02 3.950002e+01 2.123003e+02
      vertex   -1.979139e+02 3.950002e+01 2.119920e+02
    endloop
  endfacet
  facet normal 1.243549e-07 1.000000e+00 2.959629e-08
    outer loop
      vertex   -2.001806e+02 3.950002e+01 2.111749e+02
      vertex   -1.979139e+02 3.950002e+01 2.119920e+02
      vertex   -2.000808e+02 3.950002e+01 2.109526e+02
    endloop
  endfacet
  facet normal 1.258076e-07 1.000000e+00 2.656794e-08
    outer loop
      vertex   -2.000808e+02 3.950002e+01 2.109526e+02
      vertex   -1.979139e+02 3.950002e+01 2.119920e+02
      vertex   -1.977887e+02 3.950002e+01 2.116744e+02
    endloop
  endfacet
  facet normal 1.268386e-07 1.000000e+00 2.329413e-08
    outer loop
      vertex   -2.000808e+02 3.950002e+01 2.109526e+02
      vertex   -1.977887e+02 3.950002e+01 2.116744e+02
      vertex   -2.000022e+02 3.950002e+01 2.107219e+02
    endloop
  endfacet
  facet normal 1.274383e-07 1.000000e+00 2.190039e-08
    outer loop
      vertex   -2.000022e+02 3.950002e+01 2.107219e+02
      vertex   -1.977887e+02 3.950002e+01 2.116744e+02
      vertex   -1.976854e+02 3.950002e+01 2.113490e+02
    endloop
  endfacet
  facet normal 1.287296e-07 1.000000e+00 1.713009e-08
    outer loop
      vertex   -2.000022e+02 3.950002e+01 2.107219e+02
      vertex   -1.976854e+02 3.950002e+01 2.113490e+02
      vertex   -1.976046e+02 3.950002e+01 2.110173e+02
    endloop
  endfacet
  facet normal 1.287704e-07 1.000000e+00 1.679861e-08
    outer loop
      vertex   -2.000022e+02 3.950002e+01 2.107219e+02
      vertex   -1.976046e+02 3.950002e+01 2.110173e+02
      vertex   -1.999456e+02 3.950002e+01 2.104848e+02
    endloop
  endfacet
  facet normal 1.297929e-07 1.000000e+00 1.230318e-08
    outer loop
      vertex   -1.999456e+02 3.950002e+01 2.104848e+02
      vertex   -1.976046e+02 3.950002e+01 2.110173e+02
      vertex   -1.975466e+02 3.950002e+01 2.106808e+02
    endloop
  endfacet
  facet normal 1.299705e-07 1.000000e+00 1.012957e-08
    outer loop
      vertex   -1.999456e+02 3.950002e+01 2.104848e+02
      vertex   -1.975466e+02 3.950002e+01 2.106808e+02
      vertex   -1.999114e+02 3.950002e+01 2.102435e+02
    endloop
  endfacet
  facet normal 1.304743e-07 1.000000e+00 7.405770e-09
    outer loop
      vertex   -1.999114e+02 3.950002e+01 2.102435e+02
      vertex   -1.975466e+02 3.950002e+01 2.106808e+02
      vertex   -1.975117e+02 3.950002e+01 2.103412e+02
    endloop
  endfacet
  facet normal 1.596246e-07 1.000000e+00 -7.082792e-07
    outer loop
      vertex   -1.999114e+02 3.950002e+01 2.102435e+02
      vertex   -1.975117e+02 3.950002e+01 2.103412e+02
      vertex   -1.999000e+02 3.950002e+01 2.100000e+02
    endloop
  endfacet
  facet normal -9.989009e-01 5.837171e-08 4.687226e-02
    outer loop
      vertex   -1.724114e+02 4.250002e+01 2.097565e+02
      vertex   -1.724114e+02 3.750002e+01 2.097565e+02
      vertex   -1.724000e+02 4.250002e+01 2.100000e+02
    endloop
  endfacet
  facet normal -9.989009e-01 5.837170e-08 4.687226e-02
    outer loop
      vertex   -1.724000e+02 4.250002e+01 2.100000e+02
      vertex   -1.724114e+02 3.750002e+01 2.097565e+02
      vertex   -1.724000e+02 3.750002e+01 2.100000e+02
    endloop
  endfacet
  facet normal -9.989009e-01 5.837170e-08 -4.687226e-02
    outer loop
      vertex   -1.724000e+02 4.250002e+01 2.100000e+02
      vertex   -1.724000e+02 3.750002e+01 2.100000e+02
      vertex   -1.724114e+02 4.250002e+01 2.102435e+02
    endloop
  endfacet
  facet normal -9.989009e-01 5.837171e-08 -4.687226e-02
    outer loop
      vertex   -1.724114e+02 4.250002e+01 2.102435e+02
      vertex   -1.724000e+02 3.750002e+01 2.100000e+02
      vertex   -1.724114e+02 3.750002e+01 2.102435e+02
    endloop
  endfacet
  facet normal -9.901225e-01 5.785874e-08 -1.402049e-01
    outer loop
      vertex   -1.724114e+02 4.250002e+01 2.102435e+02
      vertex   -1.724114e+02 3.750002e+01 2.102435e+02
      vertex   -1.724456e+02 4.250002e+01 2.104848e+02
    endloop
  endfacet
  facet normal -9.901225e-01 5.785874e-08 -1.402049e-01
    outer loop
      vertex   -1.724456e+02 4.250002e+01 2.104848e+02
      vertex   -1.724114e+02 3.750002e+01 2.102435e+02
      vertex   -1.724456e+02 3.750002e+01 2.104848e+02
    endloop
  endfacet
  facet normal -9.726429e-01 5.683730e-08 -2.323054e-01
    outer loop
      vertex   -1.724456e+02 4.250002e+01 2.104848e+02
      vertex   -1.724456e+02 3.750002e+01 2.104848e+02
      vertex   -1.725022e+02 4.250002e+01 2.107219e+02
    endloop
  endfacet
  facet normal -9.726429e-01 5.683730e-08 -2.323054e-01
    outer loop
      vertex   -1.725022e+02 4.250002e+01 2.107219e+02
      vertex   -1.724456e+02 3.750002e+01 2.104848e+02
      vertex   -1.725022e+02 3.750002e+01 2.107219e+02
    endloop
  endfacet
  facet normal -9.466157e-01 5.531638e-08 -3.223643e-01
    outer loop
      vertex   -1.725022e+02 4.250002e+01 2.107219e+02
      vertex   -1.725022e+02 3.750002e+01 2.107219e+02
      vertex   -1.725808e+02 4.250002e+01 2.109526e+02
    endloop
  endfacet
  facet normal -9.466157e-01 5.531638e-08 -3.223643e-01
    outer loop
      vertex   -1.725808e+02 4.250002e+01 2.109526e+02
      vertex   -1.725022e+02 3.750002e+01 2.107219e+02
      vertex   -1.725808e+02 3.750002e+01 2.109526e+02
    endloop
  endfacet
  facet normal -9.122696e-01 5.330933e-08 -4.095904e-01
    outer loop
      vertex   -1.725808e+02 4.250002e+01 2.109526e+02
      vertex   -1.725808e+02 3.750002e+01 2.109526e+02
      vertex   -1.726806e+02 4.250002e+01 2.111749e+02
    endloop
  endfacet
  facet normal -9.122696e-01 5.330932e-08 -4.095904e-01
    outer loop
      vertex   -1.726806e+02 4.250002e+01 2.111749e+02
      vertex   -1.725808e+02 3.750002e+01 2.109526e+02
      vertex   -1.726806e+02 3.750002e+01 2.111749e+02
    endloop
  endfacet
  facet normal -8.699064e-01 5.083379e-08 -4.932169e-01
    outer loop
      vertex   -1.726806e+02 4.250002e+01 2.111749e+02
      vertex   -1.726806e+02 3.750002e+01 2.111749e+02
      vertex   -1.728008e+02 4.250002e+01 2.113870e+02
    endloop
  endfacet
  facet normal -8.699064e-01 5.083380e-08 -4.932169e-01
    outer loop
      vertex   -1.728008e+02 4.250002e+01 2.113870e+02
      vertex   -1.726806e+02 3.750002e+01 2.111749e+02
      vertex   -1.728008e+02 3.750002e+01 2.113870e+02
    endloop
  endfacet
  facet normal -8.198984e-01 4.791153e-08 -5.725090e-01
    outer loop
      vertex   -1.728008e+02 4.250002e+01 2.113870e+02
      vertex   -1.728008e+02 3.750002e+01 2.113870e+02
      vertex   -1.729404e+02 4.250002e+01 2.115868e+02
    endloop
  endfacet
  facet normal -8.198984e-01 4.791153e-08 -5.725090e-01
    outer loop
      vertex   -1.729404e+02 4.250002e+01 2.115868e+02
      vertex   -1.728008e+02 3.750002e+01 2.113870e+02
      vertex   -1.729404e+02 3.750002e+01 2.115868e+02
    endloop
  endfacet
  facet normal -7.626852e-01 4.456822e-08 -6.467699e-01
    outer loop
      vertex   -1.729404e+02 4.250002e+01 2.115868e+02
      vertex   -1.729404e+02 3.750002e+01 2.115868e+02
      vertex   -1.730980e+02 4.250002e+01 2.117727e+02
    endloop
  endfacet
  facet normal -7.626852e-01 4.456823e-08 -6.467699e-01
    outer loop
      vertex   -1.730980e+02 4.250002e+01 2.117727e+02
      vertex   -1.729404e+02 3.750002e+01 2.115868e+02
      vertex   -1.730980e+02 3.750002e+01 2.117727e+02
    endloop
  endfacet
  facet normal -6.987694e-01 4.083325e-08 -7.153470e-01
    outer loop
      vertex   -1.730980e+02 4.250002e+01 2.117727e+02
      vertex   -1.730980e+02 3.750002e+01 2.117727e+02
      vertex   -1.732724e+02 4.250002e+01 2.119430e+02
    endloop
  endfacet
  facet normal -6.987694e-01 4.083324e-08 -7.153470e-01
    outer loop
      vertex   -1.732724e+02 4.250002e+01 2.119430e+02
      vertex   -1.730980e+02 3.750002e+01 2.117727e+02
      vertex   -1.732724e+02 3.750002e+01 2.119430e+02
    endloop
  endfacet
  facet normal -6.287129e-01 3.673942e-08 -7.776375e-01
    outer loop
      vertex   -1.732724e+02 4.250002e+01 2.119430e+02
      vertex   -1.732724e+02 3.750002e+01 2.119430e+02
      vertex   -1.734619e+02 4.250002e+01 2.120963e+02
    endloop
  endfacet
  facet normal -6.287129e-01 3.673943e-08 -7.776375e-01
    outer loop
      vertex   -1.734619e+02 4.250002e+01 2.120963e+02
      vertex   -1.732724e+02 3.750002e+01 2.119430e+02
      vertex   -1.734619e+02 3.750002e+01 2.120963e+02
    endloop
  endfacet
  facet normal -5.531312e-01 3.232274e-08 -8.330942e-01
    outer loop
      vertex   -1.734619e+02 4.250002e+01 2.120963e+02
      vertex   -1.734619e+02 3.750002e+01 2.120963e+02
      vertex   -1.736650e+02 4.250002e+01 2.122311e+02
    endloop
  endfacet
  facet normal -5.531312e-01 3.232274e-08 -8.330942e-01
    outer loop
      vertex   -1.736650e+02 4.250002e+01 2.122311e+02
      vertex   -1.734619e+02 3.750002e+01 2.120963e+02
      vertex   -1.736650e+02 3.750002e+01 2.122311e+02
    endloop
  endfacet
  facet normal -4.726885e-01 2.762200e-08 -8.812296e-01
    outer loop
      vertex   -1.736650e+02 4.250002e+01 2.122311e+02
      vertex   -1.736650e+02 3.750002e+01 2.122311e+02
      vertex   -1.738798e+02 4.250002e+01 2.123463e+02
    endloop
  endfacet
  facet normal -4.726885e-01 2.762200e-08 -8.812296e-01
    outer loop
      vertex   -1.738798e+02 4.250002e+01 2.123463e+02
      vertex   -1.736650e+02 3.750002e+01 2.122311e+02
      vertex   -1.738798e+02 3.750002e+01 2.123463e+02
    endloop
  endfacet
  facet normal -3.880919e-01 2.267852e-08 -9.216207e-01
    outer loop
      vertex   -1.738798e+02 4.250002e+01 2.123463e+02
      vertex   -1.738798e+02 3.750002e+01 2.123463e+02
      vertex   -1.741044e+02 4.250002e+01 2.124409e+02
    endloop
  endfacet
  facet normal -3.880919e-01 2.267851e-08 -9.216207e-01
    outer loop
      vertex   -1.741044e+02 4.250002e+01 2.124409e+02
      vertex   -1.738798e+02 3.750002e+01 2.123463e+02
      vertex   -1.741044e+02 3.750002e+01 2.124409e+02
    endloop
  endfacet
  facet normal -3.000846e-01 1.753572e-08 -9.539126e-01
    outer loop
      vertex   -1.741044e+02 4.250002e+01 2.124409e+02
      vertex   -1.741044e+02 3.750002e+01 2.124409e+02
      vertex   -1.743369e+02 4.250002e+01 2.125140e+02
    endloop
  endfacet
  facet normal -3.000846e-01 1.753572e-08 -9.539126e-01
    outer loop
      vertex   -1.743369e+02 4.250002e+01 2.125140e+02
      vertex   -1.741044e+02 3.750002e+01 2.124409e+02
      vertex   -1.743369e+02 3.750002e+01 2.125140e+02
    endloop
  endfacet
  facet normal -2.094403e-01 1.223884e-08 -9.778214e-01
    outer loop
      vertex   -1.743369e+02 4.250002e+01 2.125140e+02
      vertex   -1.743369e+02 3.750002e+01 2.125140e+02
      vertex   -1.745752e+02 4.250002e+01 2.125651e+02
    endloop
  endfacet
  facet normal -2.094403e-01 1.223884e-08 -9.778214e-01
    outer loop
      vertex   -1.745752e+02 4.250002e+01 2.125651e+02
      vertex   -1.743369e+02 3.750002e+01 2.125140e+02
      vertex   -1.745752e+02 3.750002e+01 2.125651e+02
    endloop
  endfacet
  facet normal -1.169553e-01 6.834393e-09 -9.931372e-01
    outer loop
      vertex   -1.745752e+02 4.250002e+01 2.125651e+02
      vertex   -1.745752e+02 3.750002e+01 2.125651e+02
      vertex   -1.748173e+02 4.250002e+01 2.125936e+02
    endloop
  endfacet
  facet normal -1.169553e-01 6.834393e-09 -9.931372e-01
    outer loop
      vertex   -1.748173e+02 4.250002e+01 2.125936e+02
      vertex   -1.745752e+02 3.750002e+01 2.125651e+02
      vertex   -1.748173e+02 3.750002e+01 2.125936e+02
    endloop
  endfacet
  facet normal -2.344257e-02 1.369889e-09 -9.997252e-01
    outer loop
      vertex   -1.748173e+02 4.250002e+01 2.125936e+02
      vertex   -1.748173e+02 3.750002e+01 2.125936e+02
      vertex   -1.750610e+02 4.250002e+01 2.125993e+02
    endloop
  endfacet
  facet normal -2.344257e-02 1.369889e-09 -9.997252e-01
    outer loop
      vertex   -1.750610e+02 4.250002e+01 2.125993e+02
      vertex   -1.748173e+02 3.750002e+01 2.125936e+02
      vertex   -1.750610e+02 3.750002e+01 2.125993e+02
    endloop
  endfacet
  facet normal 7.027619e-02 -4.106655e-09 -9.975276e-01
    outer loop
      vertex   -1.750610e+02 4.250002e+01 2.125993e+02
      vertex   -1.750610e+02 3.750002e+01 2.125993e+02
      vertex   -1.753041e+02 4.250002e+01 2.125822e+02
    endloop
  endfacet
  facet normal 7.027619e-02 -4.106654e-09 -9.975276e-01
    outer loop
      vertex   -1.753041e+02 4.250002e+01 2.125822e+02
      vertex   -1.750610e+02 3.750002e+01 2.125993e+02
      vertex   -1.753041e+02 3.750002e+01 2.125822e+02
    endloop
  endfacet
  facet normal 1.633774e-01 -9.547108e-09 -9.865637e-01
    outer loop
      vertex   -1.753041e+02 4.250002e+01 2.125822e+02
      vertex   -1.753041e+02 3.750002e+01 2.125822e+02
      vertex   -1.755445e+02 4.250002e+01 2.125423e+02
    endloop
  endfacet
  facet normal 1.633774e-01 -9.547108e-09 -9.865637e-01
    outer loop
      vertex   -1.755445e+02 4.250002e+01 2.125423e+02
      vertex   -1.753041e+02 3.750002e+01 2.125822e+02
      vertex   -1.755445e+02 3.750002e+01 2.125423e+02
    endloop
  endfacet
  facet normal 2.550428e-01 -1.490366e-08 -9.669298e-01
    outer loop
      vertex   -1.755445e+02 4.250002e+01 2.125423e+02
      vertex   -1.755445e+02 3.750002e+01 2.125423e+02
      vertex   -1.757802e+02 4.250002e+01 2.124802e+02
    endloop
  endfacet
  facet normal 2.550428e-01 -1.490367e-08 -9.669298e-01
    outer loop
      vertex   -1.757802e+02 4.250002e+01 2.124802e+02
      vertex   -1.755445e+02 3.750002e+01 2.125423e+02
      vertex   -1.757802e+02 3.750002e+01 2.124802e+02
    endloop
  endfacet
  facet normal 3.444669e-01 -2.012925e-08 -9.387985e-01
    outer loop
      vertex   -1.757802e+02 4.250002e+01 2.124802e+02
      vertex   -1.757802e+02 3.750002e+01 2.124802e+02
      vertex   -1.760090e+02 4.250002e+01 2.123962e+02
    endloop
  endfacet
  facet normal 3.444669e-01 -2.012924e-08 -9.387985e-01
    outer loop
      vertex   -1.760090e+02 4.250002e+01 2.123962e+02
      vertex   -1.757802e+02 3.750002e+01 2.124802e+02
      vertex   -1.760090e+02 3.750002e+01 2.123962e+02
    endloop
  endfacet
  facet normal 4.308637e-01 -2.517792e-08 -9.024170e-01
    outer loop
      vertex   -1.760090e+02 4.250002e+01 2.123962e+02
      vertex   -1.760090e+02 3.750002e+01 2.123962e+02
      vertex   -1.762290e+02 4.250002e+01 2.122912e+02
    endloop
  endfacet
  facet normal 4.308637e-01 -2.517792e-08 -9.024170e-01
    outer loop
      vertex   -1.762290e+02 4.250002e+01 2.122912e+02
      vertex   -1.760090e+02 3.750002e+01 2.123962e+02
      vertex   -1.762290e+02 3.750002e+01 2.122912e+02
    endloop
  endfacet
  facet normal 5.134742e-01 -3.000534e-08 -8.581050e-01
    outer loop
      vertex   -1.762290e+02 4.250002e+01 2.122912e+02
      vertex   -1.762290e+02 3.750002e+01 2.122912e+02
      vertex   -1.764381e+02 4.250002e+01 2.121660e+02
    endloop
  endfacet
  facet normal 5.134742e-01 -3.000534e-08 -8.581050e-01
    outer loop
      vertex   -1.764381e+02 4.250002e+01 2.121660e+02
      vertex   -1.762290e+02 3.750002e+01 2.122912e+02
      vertex   -1.764381e+02 3.750002e+01 2.121660e+02
    endloop
  endfacet
  facet normal 5.915722e-01 -3.456907e-08 -8.062520e-01
    outer loop
      vertex   -1.764381e+02 4.250002e+01 2.121660e+02
      vertex   -1.764381e+02 3.750002e+01 2.121660e+02
      vertex   -1.766347e+02 4.250002e+01 2.120219e+02
    endloop
  endfacet
  facet normal 5.915722e-01 -3.456907e-08 -8.062520e-01
    outer loop
      vertex   -1.766347e+02 4.250002e+01 2.120219e+02
      vertex   -1.764381e+02 3.750002e+01 2.121660e+02
      vertex   -1.766347e+02 3.750002e+01 2.120219e+02
    endloop
  endfacet
  facet normal 6.644715e-01 -3.882901e-08 -7.473136e-01
    outer loop
      vertex   -1.766347e+02 4.250002e+01 2.120219e+02
      vertex   -1.766347e+02 3.750002e+01 2.120219e+02
      vertex   -1.768168e+02 4.250002e+01 2.118599e+02
    endloop
  endfacet
  facet normal 6.644715e-01 -3.882901e-08 -7.473136e-01
    outer loop
      vertex   -1.768168e+02 4.250002e+01 2.118599e+02
      vertex   -1.766347e+02 3.750002e+01 2.120219e+02
      vertex   -1.768168e+02 3.750002e+01 2.118599e+02
    endloop
  endfacet
  facet normal 7.315313e-01 -4.274771e-08 -6.818078e-01
    outer loop
      vertex   -1.768168e+02 4.250002e+01 2.118599e+02
      vertex   -1.768168e+02 3.750002e+01 2.118599e+02
      vertex   -1.769830e+02 4.250002e+01 2.116816e+02
    endloop
  endfacet
  facet normal 7.315313e-01 -4.274772e-08 -6.818078e-01
    outer loop
      vertex   -1.769830e+02 4.250002e+01 2.116816e+02
      vertex   -1.768168e+02 3.750002e+01 2.118599e+02
      vertex   -1.769830e+02 3.750002e+01 2.116816e+02
    endloop
  endfacet
  facet normal 7.921625e-01 -4.629075e-08 -6.103103e-01
    outer loop
      vertex   -1.769830e+02 4.250002e+01 2.116816e+02
      vertex   -1.769830e+02 3.750002e+01 2.116816e+02
      vertex   -1.771317e+02 4.250002e+01 2.114885e+02
    endloop
  endfacet
  facet normal 7.921625e-01 -4.629076e-08 -6.103103e-01
    outer loop
      vertex   -1.771317e+02 4.250002e+01 2.114885e+02
      vertex   -1.769830e+02 3.750002e+01 2.116816e+02
      vertex   -1.771317e+02 3.750002e+01 2.114885e+02
    endloop
  endfacet
  facet normal 8.458321e-01 -4.942699e-08 -5.334493e-01
    outer loop
      vertex   -1.771317e+02 4.250002e+01 2.114885e+02
      vertex   -1.771317e+02 3.750002e+01 2.114885e+02
      vertex   -1.772618e+02 4.250002e+01 2.112824e+02
    endloop
  endfacet
  facet normal 8.458321e-01 -4.942699e-08 -5.334493e-01
    outer loop
      vertex   -1.772618e+02 4.250002e+01 2.112824e+02
      vertex   -1.771317e+02 3.750002e+01 2.114885e+02
      vertex   -1.772618e+02 3.750002e+01 2.112824e+02
    endloop
  endfacet
  facet normal 8.920684e-01 -5.212886e-08 -4.519003e-01
    outer loop
      vertex   -1.772618e+02 4.250002e+01 2.112824e+02
      vertex   -1.772618e+02 3.750002e+01 2.112824e+02
      vertex   -1.773719e+02 4.250002e+01 2.110649e+02
    endloop
  endfacet
  facet normal 8.920684e-01 -5.212886e-08 -4.519003e-01
    outer loop
      vertex   -1.773719e+02 4.250002e+01 2.110649e+02
      vertex   -1.772618e+02 3.750002e+01 2.112824e+02
      vertex   -1.773719e+02 3.750002e+01 2.110649e+02
    endloop
  endfacet
  facet normal 9.304653e-01 -5.437261e-08 -3.663800e-01
    outer loop
      vertex   -1.773719e+02 4.250002e+01 2.110649e+02
      vertex   -1.773719e+02 3.750002e+01 2.110649e+02
      vertex   -1.774612e+02 4.250002e+01 2.108382e+02
    endloop
  endfacet
  facet normal 9.304653e-01 -5.437261e-08 -3.663800e-01
    outer loop
      vertex   -1.774612e+02 4.250002e+01 2.108382e+02
      vertex   -1.773719e+02 3.750002e+01 2.110649e+02
      vertex   -1.774612e+02 3.750002e+01 2.108382e+02
    endloop
  endfacet
  facet normal 9.606852e-01 -5.613854e-08 -2.776400e-01
    outer loop
      vertex   -1.774612e+02 4.250002e+01 2.108382e+02
      vertex   -1.774612e+02 3.750002e+01 2.108382e+02
      vertex   -1.775289e+02 4.250002e+01 2.106040e+02
    endloop
  endfacet
  facet normal 9.606852e-01 -5.613854e-08 -2.776400e-01
    outer loop
      vertex   -1.775289e+02 4.250002e+01 2.106040e+02
      vertex   -1.774612e+02 3.750002e+01 2.108382e+02
      vertex   -1.775289e+02 3.750002e+01 2.106040e+02
    endloop
  endfacet
  facet normal 9.824625e-01 -5.741112e-08 -1.864601e-01
    outer loop
      vertex   -1.775289e+02 4.250002e+01 2.106040e+02
      vertex   -1.775289e+02 3.750002e+01 2.106040e+02
      vertex   -1.775743e+02 4.250002e+01 2.103645e+02
    endloop
  endfacet
  facet normal 9.824625e-01 -5.741112e-08 -1.864601e-01
    outer loop
      vertex   -1.775743e+02 4.250002e+01 2.103645e+02
      vertex   -1.775289e+02 3.750002e+01 2.106040e+02
      vertex   -1.775743e+02 3.750002e+01 2.103645e+02
    endloop
  endfacet
  facet normal 9.956060e-01 -5.817916e-08 -9.364149e-02
    outer loop
      vertex   -1.775743e+02 4.250002e+01 2.103645e+02
      vertex   -1.775743e+02 3.750002e+01 2.103645e+02
      vertex   -1.775971e+02 4.250002e+01 2.101219e+02
    endloop
  endfacet
  facet normal 9.956060e-01 -5.817917e-08 -9.364149e-02
    outer loop
      vertex   -1.775971e+02 4.250002e+01 2.101219e+02
      vertex   -1.775743e+02 3.750002e+01 2.103645e+02
      vertex   -1.775971e+02 3.750002e+01 2.101219e+02
    endloop
  endfacet
  facet normal 1.000000e+00 -5.843594e-08 0.000000e+00
    outer loop
      vertex   -1.775971e+02 4.250002e+01 2.101219e+02
      vertex   -1.775971e+02 3.750002e+01 2.101219e+02
      vertex   -1.775971e+02 4.250002e+01 2.098781e+02
    endloop
  endfacet
  facet normal 1.000000e+00 -5.843594e-08 0.000000e+00
    outer loop
      vertex   -1.775971e+02 4.250002e+01 2.098781e+02
      vertex   -1.775971e+02 3.750002e+01 2.101219e+02
      vertex   -1.775971e+02 3.750002e+01 2.098781e+02
    endloop
  endfacet
  facet normal 9.956060e-01 -5.817917e-08 9.364149e-02
    outer loop
      vertex   -1.775971e+02 4.250002e+01 2.098781e+02
      vertex   -1.775971e+02 3.750002e+01 2.098781e+02
      vertex   -1.775743e+02 4.250002e+01 2.096355e+02
    endloop
  endfacet
  facet normal 9.956060e-01 -5.817916e-08 9.364149e-02
    outer loop
      vertex   -1.775743e+02 4.250002e+01 2.096355e+02
      vertex   -1.775971e+02 3.750002e+01 2.098781e+02
      vertex   -1.775743e+02 3.750002e+01 2.096355e+02
    endloop
  endfacet
  facet normal 9.824625e-01 -5.741112e-08 1.864601e-01
    outer loop
      vertex   -1.775743e+02 4.250002e+01 2.096355e+02
      vertex   -1.775743e+02 3.750002e+01 2.096355e+02
      vertex   -1.775289e+02 4.250002e+01 2.093960e+02
    endloop
  endfacet
  facet normal 9.824625e-01 -5.741112e-08 1.864601e-01
    outer loop
      vertex   -1.775289e+02 4.250002e+01 2.093960e+02
      vertex   -1.775743e+02 3.750002e+01 2.096355e+02
      vertex   -1.775289e+02 3.750002e+01 2.093960e+02
    endloop
  endfacet
  facet normal 9.606852e-01 -5.613854e-08 2.776400e-01
    outer loop
      vertex   -1.775289e+02 4.250002e+01 2.093960e+02
      vertex   -1.775289e+02 3.750002e+01 2.093960e+02
      vertex   -1.774612e+02 4.250002e+01 2.091619e+02
    endloop
  endfacet
  facet normal 9.606852e-01 -5.613854e-08 2.776400e-01
    outer loop
      vertex   -1.774612e+02 4.250002e+01 2.091619e+02
      vertex   -1.775289e+02 3.750002e+01 2.093960e+02
      vertex   -1.774612e+02 3.750002e+01 2.091619e+02
    endloop
  endfacet
  facet normal 9.304653e-01 -5.437261e-08 3.663800e-01
    outer loop
      vertex   -1.774612e+02 4.250002e+01 2.091619e+02
      vertex   -1.774612e+02 3.750002e+01 2.091619e+02
      vertex   -1.773719e+02 4.250002e+01 2.089351e+02
    endloop
  endfacet
  facet normal 9.304653e-01 -5.437261e-08 3.663800e-01
    outer loop
      vertex   -1.773719e+02 4.250002e+01 2.089351e+02
      vertex   -1.774612e+02 3.750002e+01 2.091619e+02
      vertex   -1.773719e+02 3.750002e+01 2.089351e+02
    endloop
  endfacet
  facet normal 8.920684e-01 -5.212886e-08 4.519003e-01
    outer loop
      vertex   -1.773719e+02 4.250002e+01 2.089351e+02
      vertex   -1.773719e+02 3.750002e+01 2.089351e+02
      vertex   -1.772618e+02 4.250002e+01 2.087176e+02
    endloop
  endfacet
  facet normal 8.920684e-01 -5.212886e-08 4.519003e-01
    outer loop
      vertex   -1.772618e+02 4.250002e+01 2.087176e+02
      vertex   -1.773719e+02 3.750002e+01 2.089351e+02
      vertex   -1.772618e+02 3.750002e+01 2.087176e+02
    endloop
  endfacet
  facet normal 8.458321e-01 -4.942699e-08 5.334493e-01
    outer loop
      vertex   -1.772618e+02 4.250002e+01 2.087176e+02
      vertex   -1.772618e+02 3.750002e+01 2.087176e+02
      vertex   -1.771317e+02 4.250002e+01 2.085115e+02
    endloop
  endfacet
  facet normal 8.458321e-01 -4.942699e-08 5.334493e-01
    outer loop
      vertex   -1.771317e+02 4.250002e+01 2.085115e+02
      vertex   -1.772618e+02 3.750002e+01 2.087176e+02
      vertex   -1.771317e+02 3.750002e+01 2.085115e+02
    endloop
  endfacet
  facet normal 7.921625e-01 -4.629076e-08 6.103103e-01
    outer loop
      vertex   -1.771317e+02 4.250002e+01 2.085115e+02
      vertex   -1.771317e+02 3.750002e+01 2.085115e+02
      vertex   -1.769830e+02 4.250002e+01 2.083184e+02
    endloop
  endfacet
  facet normal 7.921625e-01 -4.629075e-08 6.103103e-01
    outer loop
      vertex   -1.769830e+02 4.250002e+01 2.083184e+02
      vertex   -1.771317e+02 3.750002e+01 2.085115e+02
      vertex   -1.769830e+02 3.750002e+01 2.083184e+02
    endloop
  endfacet
  facet normal 7.315313e-01 -4.274772e-08 6.818078e-01
    outer loop
      vertex   -1.769830e+02 4.250002e+01 2.083184e+02
      vertex   -1.769830e+02 3.750002e+01 2.083184e+02
      vertex   -1.768168e+02 4.250002e+01 2.081401e+02
    endloop
  endfacet
  facet normal 7.315313e-01 -4.274771e-08 6.818078e-01
    outer loop
      vertex   -1.768168e+02 4.250002e+01 2.081401e+02
      vertex   -1.769830e+02 3.750002e+01 2.083184e+02
      vertex   -1.768168e+02 3.750002e+01 2.081401e+02
    endloop
  endfacet
  facet normal 6.644715e-01 -3.882901e-08 7.473136e-01
    outer loop
      vertex   -1.768168e+02 4.250002e+01 2.081401e+02
      vertex   -1.768168e+02 3.750002e+01 2.081401e+02
      vertex   -1.766347e+02 4.250002e+01 2.079781e+02
    endloop
  endfacet
  facet normal 6.644715e-01 -3.882901e-08 7.473136e-01
    outer loop
      vertex   -1.766347e+02 4.250002e+01 2.079781e+02
      vertex   -1.768168e+02 3.750002e+01 2.081401e+02
      vertex   -1.766347e+02 3.750002e+01 2.079781e+02
    endloop
  endfacet
  facet normal 5.915722e-01 -3.456907e-08 8.062520e-01
    outer loop
      vertex   -1.766347e+02 4.250002e+01 2.079781e+02
      vertex   -1.766347e+02 3.750002e+01 2.079781e+02
      vertex   -1.764381e+02 4.250002e+01 2.078340e+02
    endloop
  endfacet
  facet normal 5.915722e-01 -3.456907e-08 8.062520e-01
    outer loop
      vertex   -1.764381e+02 4.250002e+01 2.078340e+02
      vertex   -1.766347e+02 3.750002e+01 2.079781e+02
      vertex   -1.764381e+02 3.750002e+01 2.078340e+02
    endloop
  endfacet
  facet normal 5.134742e-01 -3.000534e-08 8.581050e-01
    outer loop
      vertex   -1.764381e+02 4.250002e+01 2.078340e+02
      vertex   -1.764381e+02 3.750002e+01 2.078340e+02
      vertex   -1.762290e+02 4.250002e+01 2.077088e+02
    endloop
  endfacet
  facet normal 5.134742e-01 -3.000534e-08 8.581050e-01
    outer loop
      vertex   -1.762290e+02 4.250002e+01 2.077088e+02
      vertex   -1.764381e+02 3.750002e+01 2.078340e+02
      vertex   -1.762290e+02 3.750002e+01 2.077088e+02
    endloop
  endfacet
  facet normal 4.308637e-01 -2.517792e-08 9.024170e-01
    outer loop
      vertex   -1.762290e+02 4.250002e+01 2.077088e+02
      vertex   -1.762290e+02 3.750002e+01 2.077088e+02
      vertex   -1.760090e+02 4.250002e+01 2.076038e+02
    endloop
  endfacet
  facet normal 4.308637e-01 -2.517792e-08 9.024170e-01
    outer loop
      vertex   -1.760090e+02 4.250002e+01 2.076038e+02
      vertex   -1.762290e+02 3.750002e+01 2.077088e+02
      vertex   -1.760090e+02 3.750002e+01 2.076038e+02
    endloop
  endfacet
  facet normal 3.444669e-01 -2.012924e-08 9.387985e-01
    outer loop
      vertex   -1.760090e+02 4.250002e+01 2.076038e+02
      vertex   -1.760090e+02 3.750002e+01 2.076038e+02
      vertex   -1.757802e+02 4.250002e+01 2.075198e+02
    endloop
  endfacet
  facet normal 3.444669e-01 -2.012925e-08 9.387985e-01
    outer loop
      vertex   -1.757802e+02 4.250002e+01 2.075198e+02
      vertex   -1.760090e+02 3.750002e+01 2.076038e+02
      vertex   -1.757802e+02 3.750002e+01 2.075198e+02
    endloop
  endfacet
  facet normal 2.550428e-01 -1.490367e-08 9.669298e-01
    outer loop
      vertex   -1.757802e+02 4.250002e+01 2.075198e+02
      vertex   -1.757802e+02 3.750002e+01 2.075198e+02
      vertex   -1.755445e+02 4.250002e+01 2.074577e+02
    endloop
  endfacet
  facet normal 2.550428e-01 -1.490366e-08 9.669298e-01
    outer loop
      vertex   -1.755445e+02 4.250002e+01 2.074577e+02
      vertex   -1.757802e+02 3.750002e+01 2.075198e+02
      vertex   -1.755445e+02 3.750002e+01 2.074577e+02
    endloop
  endfacet
  facet normal 1.633774e-01 -9.547108e-09 9.865637e-01
    outer loop
      vertex   -1.755445e+02 4.250002e+01 2.074577e+02
      vertex   -1.755445e+02 3.750002e+01 2.074577e+02
      vertex   -1.753041e+02 4.250002e+01 2.074178e+02
    endloop
  endfacet
  facet normal 1.633774e-01 -9.547108e-09 9.865637e-01
    outer loop
      vertex   -1.753041e+02 4.250002e+01 2.074178e+02
      vertex   -1.755445e+02 3.750002e+01 2.074577e+02
      vertex   -1.753041e+02 3.750002e+01 2.074178e+02
    endloop
  endfacet
  facet normal 7.027619e-02 -4.106654e-09 9.975276e-01
    outer loop
      vertex   -1.753041e+02 4.250002e+01 2.074178e+02
      vertex   -1.753041e+02 3.750002e+01 2.074178e+02
      vertex   -1.750610e+02 4.250002e+01 2.074007e+02
    endloop
  endfacet
  facet normal 7.027619e-02 -4.106655e-09 9.975276e-01
    outer loop
      vertex   -1.750610e+02 4.250002e+01 2.074007e+02
      vertex   -1.753041e+02 3.750002e+01 2.074178e+02
      vertex   -1.750610e+02 3.750002e+01 2.074007e+02
    endloop
  endfacet
  facet normal -2.344257e-02 1.369889e-09 9.997252e-01
    outer loop
      vertex   -1.750610e+02 4.250002e+01 2.074007e+02
      vertex   -1.750610e+02 3.750002e+01 2.074007e+02
      vertex   -1.748173e+02 4.250002e+01 2.074064e+02
    endloop
  endfacet
  facet normal -2.344257e-02 1.369889e-09 9.997252e-01
    outer loop
      vertex   -1.748173e+02 4.250002e+01 2.074064e+02
      vertex   -1.750610e+02 3.750002e+01 2.074007e+02
      vertex   -1.748173e+02 3.750002e+01 2.074064e+02
    endloop
  endfacet
  facet normal -1.169553e-01 6.834393e-09 9.931372e-01
    outer loop
      vertex   -1.748173e+02 4.250002e+01 2.074064e+02
      vertex   -1.748173e+02 3.750002e+01 2.074064e+02
      vertex   -1.745752e+02 4.250002e+01 2.074349e+02
    endloop
  endfacet
  facet normal -1.169553e-01 6.834393e-09 9.931372e-01
    outer loop
      vertex   -1.745752e+02 4.250002e+01 2.074349e+02
      vertex   -1.748173e+02 3.750002e+01 2.074064e+02
      vertex   -1.745752e+02 3.750002e+01 2.074349e+02
    endloop
  endfacet
  facet normal -2.094403e-01 1.223884e-08 9.778214e-01
    outer loop
      vertex   -1.745752e+02 4.250002e+01 2.074349e+02
      vertex   -1.745752e+02 3.750002e+01 2.074349e+02
      vertex   -1.743369e+02 4.250002e+01 2.074860e+02
    endloop
  endfacet
  facet normal -2.094403e-01 1.223884e-08 9.778214e-01
    outer loop
      vertex   -1.743369e+02 4.250002e+01 2.074860e+02
      vertex   -1.745752e+02 3.750002e+01 2.074349e+02
      vertex   -1.743369e+02 3.750002e+01 2.074860e+02
    endloop
  endfacet
  facet normal -3.000846e-01 1.753572e-08 9.539126e-01
    outer loop
      vertex   -1.743369e+02 4.250002e+01 2.074860e+02
      vertex   -1.743369e+02 3.750002e+01 2.074860e+02
      vertex   -1.741044e+02 4.250002e+01 2.075591e+02
    endloop
  endfacet
  facet normal -3.000846e-01 1.753572e-08 9.539126e-01
    outer loop
      vertex   -1.741044e+02 4.250002e+01 2.075591e+02
      vertex   -1.743369e+02 3.750002e+01 2.074860e+02
      vertex   -1.741044e+02 3.750002e+01 2.075591e+02
    endloop
  endfacet
  facet normal -3.880919e-01 2.267851e-08 9.216207e-01
    outer loop
      vertex   -1.741044e+02 4.250002e+01 2.075591e+02
      vertex   -1.741044e+02 3.750002e+01 2.075591e+02
      vertex   -1.738798e+02 4.250002e+01 2.076537e+02
    endloop
  endfacet
  facet normal -3.880919e-01 2.267852e-08 9.216207e-01
    outer loop
      vertex   -1.738798e+02 4.250002e+01 2.076537e+02
      vertex   -1.741044e+02 3.750002e+01 2.075591e+02
      vertex   -1.738798e+02 3.750002e+01 2.076537e+02
    endloop
  endfacet
  facet normal -4.726885e-01 2.762200e-08 8.812296e-01
    outer loop
      vertex   -1.738798e+02 4.250002e+01 2.076537e+02
      vertex   -1.738798e+02 3.750002e+01 2.076537e+02
      vertex   -1.736650e+02 4.250002e+01 2.077689e+02
    endloop
  endfacet
  facet normal -4.726885e-01 2.762200e-08 8.812296e-01
    outer loop
      vertex   -1.736650e+02 4.250002e+01 2.077689e+02
      vertex   -1.738798e+02 3.750002e+01 2.076537e+02
      vertex   -1.736650e+02 3.750002e+01 2.077689e+02
    endloop
  endfacet
  facet normal -5.531312e-01 3.232274e-08 8.330942e-01
    outer loop
      vertex   -1.736650e+02 4.250002e+01 2.077689e+02
      vertex   -1.736650e+02 3.750002e+01 2.077689e+02
      vertex   -1.734619e+02 4.250002e+01 2.079037e+02
    endloop
  endfacet
  facet normal -5.531312e-01 3.232274e-08 8.330942e-01
    outer loop
      vertex   -1.734619e+02 4.250002e+01 2.079037e+02
      vertex   -1.736650e+02 3.750002e+01 2.077689e+02
      vertex   -1.734619e+02 3.750002e+01 2.079037e+02
    endloop
  endfacet
  facet normal -6.287129e-01 3.673943e-08 7.776375e-01
    outer loop
      vertex   -1.734619e+02 4.250002e+01 2.079037e+02
      vertex   -1.734619e+02 3.750002e+01 2.079037e+02
      vertex   -1.732724e+02 4.250002e+01 2.080570e+02
    endloop
  endfacet
  facet normal -6.287129e-01 3.673942e-08 7.776375e-01
    outer loop
      vertex   -1.732724e+02 4.250002e+01 2.080570e+02
      vertex   -1.734619e+02 3.750002e+01 2.079037e+02
      vertex   -1.732724e+02 3.750002e+01 2.080570e+02
    endloop
  endfacet
  facet normal -6.987694e-01 4.083324e-08 7.153470e-01
    outer loop
      vertex   -1.732724e+02 4.250002e+01 2.080570e+02
      vertex   -1.732724e+02 3.750002e+01 2.080570e+02
      vertex   -1.730980e+02 4.250002e+01 2.082273e+02
    endloop
  endfacet
  facet normal -6.987694e-01 4.083325e-08 7.153470e-01
    outer loop
      vertex   -1.730980e+02 4.250002e+01 2.082273e+02
      vertex   -1.732724e+02 3.750002e+01 2.080570e+02
      vertex   -1.730980e+02 3.750002e+01 2.082273e+02
    endloop
  endfacet
  facet normal -7.626852e-01 4.456823e-08 6.467699e-01
    outer loop
      vertex   -1.730980e+02 4.250002e+01 2.082273e+02
      vertex   -1.730980e+02 3.750002e+01 2.082273e+02
      vertex   -1.729404e+02 4.250002e+01 2.084132e+02
    endloop
  endfacet
  facet normal -7.626852e-01 4.456822e-08 6.467699e-01
    outer loop
      vertex   -1.729404e+02 4.250002e+01 2.084132e+02
      vertex   -1.730980e+02 3.750002e+01 2.082273e+02
      vertex   -1.729404e+02 3.750002e+01 2.084132e+02
    endloop
  endfacet
  facet normal -8.198984e-01 4.791153e-08 5.725090e-01
    outer loop
      vertex   -1.729404e+02 4.250002e+01 2.084132e+02
      vertex   -1.729404e+02 3.750002e+01 2.084132e+02
      vertex   -1.728008e+02 4.250002e+01 2.086130e+02
    endloop
  endfacet
  facet normal -8.198984e-01 4.791153e-08 5.725090e-01
    outer loop
      vertex   -1.728008e+02 4.250002e+01 2.086130e+02
      vertex   -1.729404e+02 3.750002e+01 2.084132e+02
      vertex   -1.728008e+02 3.750002e+01 2.086130e+02
    endloop
  endfacet
  facet normal -8.699064e-01 5.083380e-08 4.932169e-01
    outer loop
      vertex   -1.728008e+02 4.250002e+01 2.086130e+02
      vertex   -1.728008e+02 3.750002e+01 2.086130e+02
      vertex   -1.726806e+02 4.250002e+01 2.088251e+02
    endloop
  endfacet
  facet normal -8.699064e-01 5.083379e-08 4.932169e-01
    outer loop
      vertex   -1.726806e+02 4.250002e+01 2.088251e+02
      vertex   -1.728008e+02 3.750002e+01 2.086130e+02
      vertex   -1.726806e+02 3.750002e+01 2.088251e+02
    endloop
  endfacet
  facet normal -9.122696e-01 5.330932e-08 4.095904e-01
    outer loop
      vertex   -1.726806e+02 4.250002e+01 2.088251e+02
      vertex   -1.726806e+02 3.750002e+01 2.088251e+02
      vertex   -1.725808e+02 4.250002e+01 2.090474e+02
    endloop
  endfacet
  facet normal -9.122696e-01 5.330933e-08 4.095904e-01
    outer loop
      vertex   -1.725808e+02 4.250002e+01 2.090474e+02
      vertex   -1.726806e+02 3.750002e+01 2.088251e+02
      vertex   -1.725808e+02 3.750002e+01 2.090474e+02
    endloop
  endfacet
  facet normal -9.466157e-01 5.531638e-08 3.223643e-01
    outer loop
      vertex   -1.725808e+02 4.250002e+01 2.090474e+02
      vertex   -1.725808e+02 3.750002e+01 2.090474e+02
      vertex   -1.725022e+02 4.250002e+01 2.092781e+02
    endloop
  endfacet
  facet normal -9.466157e-01 5.531638e-08 3.223643e-01
    outer loop
      vertex   -1.725022e+02 4.250002e+01 2.092781e+02
      vertex   -1.725808e+02 3.750002e+01 2.090474e+02
      vertex   -1.725022e+02 3.750002e+01 2.092781e+02
    endloop
  endfacet
  facet normal -9.726429e-01 5.683730e-08 2.323054e-01
    outer loop
      vertex   -1.725022e+02 4.250002e+01 2.092781e+02
      vertex   -1.725022e+02 3.750002e+01 2.092781e+02
      vertex   -1.724456e+02 4.250002e+01 2.095152e+02
    endloop
  endfacet
  facet normal -9.726429e-01 5.683730e-08 2.323054e-01
    outer loop
      vertex   -1.724456e+02 4.250002e+01 2.095152e+02
      vertex   -1.725022e+02 3.750002e+01 2.092781e+02
      vertex   -1.724456e+02 3.750002e+01 2.095152e+02
    endloop
  endfacet
  facet normal -9.901225e-01 5.785874e-08 1.402049e-01
    outer loop
      vertex   -1.724456e+02 4.250002e+01 2.095152e+02
      vertex   -1.724456e+02 3.750002e+01 2.095152e+02
      vertex   -1.724114e+02 4.250002e+01 2.097565e+02
    endloop
  endfacet
  facet normal -9.901225e-01 5.785874e-08 1.402049e-01
    outer loop
      vertex   -1.724114e+02 4.250002e+01 2.097565e+02
      vertex   -1.724456e+02 3.750002e+01 2.095152e+02
      vertex   -1.724114e+02 3.750002e+01 2.097565e+02
    endloop
  endfacet
  facet normal -9.989009e-01 5.837170e-08 -4.687226e-02
    outer loop
      vertex   -1.724114e+02 3.250002e+01 2.102435e+02
      vertex   -1.724114e+02 3.750002e+01 2.102435e+02
      vertex   -1.724000e+02 3.250002e+01 2.100000e+02
    endloop
  endfacet
  facet normal -9.989009e-01 5.837170e-08 -4.687226e-02
    outer loop
      vertex   -1.724000e+02 3.250002e+01 2.100000e+02
      vertex   -1.724114e+02 3.750002e+01 2.102435e+02
      vertex   -1.724000e+02 3.750002e+01 2.100000e+02
    endloop
  endfacet
  facet normal -9.989009e-01 5.837170e-08 4.687226e-02
    outer loop
      vertex   -1.724000e+02 3.250002e+01 2.100000e+02
      vertex   -1.724000e+02 3.750002e+01 2.100000e+02
      vertex   -1.724114e+02 3.250002e+01 2.097565e+02
    endloop
  endfacet
  facet normal -9.989009e-01 5.837170e-08 4.687226e-02
    outer loop
      vertex   -1.724114e+02 3.250002e+01 2.097565e+02
      vertex   -1.724000e+02 3.750002e+01 2.100000e+02
      vertex   -1.724114e+02 3.750002e+01 2.097565e+02
    endloop
  endfacet
  facet normal -9.901225e-01 5.785873e-08 1.402049e-01
    outer loop
      vertex   -1.724114e+02 3.250002e+01 2.097565e+02
      vertex   -1.724114e+02 3.750002e+01 2.097565e+02
      vertex   -1.724456e+02 3.250002e+01 2.095152e+02
    endloop
  endfacet
  facet normal -9.901225e-01 5.785873e-08 1.402049e-01
    outer loop
      vertex   -1.724456e+02 3.250002e+01 2.095152e+02
      vertex   -1.724114e+02 3.750002e+01 2.097565e+02
      vertex   -1.724456e+02 3.750002e+01 2.095152e+02
    endloop
  endfacet
  facet normal -9.726429e-01 5.683729e-08 2.323054e-01
    outer loop
      vertex   -1.724456e+02 3.250002e+01 2.095152e+02
      vertex   -1.724456e+02 3.750002e+01 2.095152e+02
      vertex   -1.725022e+02 3.250002e+01 2.092781e+02
    endloop
  endfacet
  facet normal -9.726429e-01 5.683729e-08 2.323054e-01
    outer loop
      vertex   -1.725022e+02 3.250002e+01 2.092781e+02
      vertex   -1.724456e+02 3.750002e+01 2.095152e+02
      vertex   -1.725022e+02 3.750002e+01 2.092781e+02
    endloop
  endfacet
  facet normal -9.466157e-01 5.531636e-08 3.223643e-01
    outer loop
      vertex   -1.725022e+02 3.250002e+01 2.092781e+02
      vertex   -1.725022e+02 3.750002e+01 2.092781e+02
      vertex   -1.725808e+02 3.250002e+01 2.090474e+02
    endloop
  endfacet
  facet normal -9.466157e-01 5.531636e-08 3.223643e-01
    outer loop
      vertex   -1.725808e+02 3.250002e+01 2.090474e+02
      vertex   -1.725022e+02 3.750002e+01 2.092781e+02
      vertex   -1.725808e+02 3.750002e+01 2.090474e+02
    endloop
  endfacet
  facet normal -9.122696e-01 5.330932e-08 4.095904e-01
    outer loop
      vertex   -1.725808e+02 3.250002e+01 2.090474e+02
      vertex   -1.725808e+02 3.750002e+01 2.090474e+02
      vertex   -1.726806e+02 3.250002e+01 2.088251e+02
    endloop
  endfacet
  facet normal -9.122696e-01 5.330932e-08 4.095904e-01
    outer loop
      vertex   -1.726806e+02 3.250002e+01 2.088251e+02
      vertex   -1.725808e+02 3.750002e+01 2.090474e+02
      vertex   -1.726806e+02 3.750002e+01 2.088251e+02
    endloop
  endfacet
  facet normal -8.699064e-01 5.083379e-08 4.932169e-01
    outer loop
      vertex   -1.726806e+02 3.250002e+01 2.088251e+02
      vertex   -1.726806e+02 3.750002e+01 2.088251e+02
      vertex   -1.728008e+02 3.250002e+01 2.086130e+02
    endloop
  endfacet
  facet normal -8.699064e-01 5.083379e-08 4.932169e-01
    outer loop
      vertex   -1.728008e+02 3.250002e+01 2.086130e+02
      vertex   -1.726806e+02 3.750002e+01 2.088251e+02
      vertex   -1.728008e+02 3.750002e+01 2.086130e+02
    endloop
  endfacet
  facet normal -8.198984e-01 4.791153e-08 5.725090e-01
    outer loop
      vertex   -1.728008e+02 3.250002e+01 2.086130e+02
      vertex   -1.728008e+02 3.750002e+01 2.086130e+02
      vertex   -1.729404e+02 3.250002e+01 2.084132e+02
    endloop
  endfacet
  facet normal -8.198984e-01 4.791152e-08 5.725090e-01
    outer loop
      vertex   -1.729404e+02 3.250002e+01 2.084132e+02
      vertex   -1.728008e+02 3.750002e+01 2.086130e+02
      vertex   -1.729404e+02 3.750002e+01 2.084132e+02
    endloop
  endfacet
  facet normal -7.626852e-01 4.456822e-08 6.467699e-01
    outer loop
      vertex   -1.729404e+02 3.250002e+01 2.084132e+02
      vertex   -1.729404e+02 3.750002e+01 2.084132e+02
      vertex   -1.730980e+02 3.250002e+01 2.082273e+02
    endloop
  endfacet
  facet normal -7.626852e-01 4.456821e-08 6.467699e-01
    outer loop
      vertex   -1.730980e+02 3.250002e+01 2.082273e+02
      vertex   -1.729404e+02 3.750002e+01 2.084132e+02
      vertex   -1.730980e+02 3.750002e+01 2.082273e+02
    endloop
  endfacet
  facet normal -6.987694e-01 4.083324e-08 7.153470e-01
    outer loop
      vertex   -1.730980e+02 3.250002e+01 2.082273e+02
      vertex   -1.730980e+02 3.750002e+01 2.082273e+02
      vertex   -1.732724e+02 3.250002e+01 2.080570e+02
    endloop
  endfacet
  facet normal -6.987694e-01 4.083325e-08 7.153470e-01
    outer loop
      vertex   -1.732724e+02 3.250002e+01 2.080570e+02
      vertex   -1.730980e+02 3.750002e+01 2.082273e+02
      vertex   -1.732724e+02 3.750002e+01 2.080570e+02
    endloop
  endfacet
  facet normal -6.287129e-01 3.673943e-08 7.776375e-01
    outer loop
      vertex   -1.732724e+02 3.250002e+01 2.080570e+02
      vertex   -1.732724e+02 3.750002e+01 2.080570e+02
      vertex   -1.734619e+02 3.250002e+01 2.079037e+02
    endloop
  endfacet
  facet normal -6.287129e-01 3.673942e-08 7.776375e-01
    outer loop
      vertex   -1.734619e+02 3.250002e+01 2.079037e+02
      vertex   -1.732724e+02 3.750002e+01 2.080570e+02
      vertex   -1.734619e+02 3.750002e+01 2.079037e+02
    endloop
  endfacet
  facet normal -5.531312e-01 3.232273e-08 8.330942e-01
    outer loop
      vertex   -1.734619e+02 3.250002e+01 2.079037e+02
      vertex   -1.734619e+02 3.750002e+01 2.079037e+02
      vertex   -1.736650e+02 3.250002e+01 2.077689e+02
    endloop
  endfacet
  facet normal -5.531312e-01 3.232273e-08 8.330942e-01
    outer loop
      vertex   -1.736650e+02 3.250002e+01 2.077689e+02
      vertex   -1.734619e+02 3.750002e+01 2.079037e+02
      vertex   -1.736650e+02 3.750002e+01 2.077689e+02
    endloop
  endfacet
  facet normal -4.726885e-01 2.762199e-08 8.812296e-01
    outer loop
      vertex   -1.736650e+02 3.250002e+01 2.077689e+02
      vertex   -1.736650e+02 3.750002e+01 2.077689e+02
      vertex   -1.738798e+02 3.250002e+01 2.076537e+02
    endloop
  endfacet
  facet normal -4.726885e-01 2.762198e-08 8.812296e-01
    outer loop
      vertex   -1.738798e+02 3.250002e+01 2.076537e+02
      vertex   -1.736650e+02 3.750002e+01 2.077689e+02
      vertex   -1.738798e+02 3.750002e+01 2.076537e+02
    endloop
  endfacet
  facet normal -3.880919e-01 2.267850e-08 9.216207e-01
    outer loop
      vertex   -1.738798e+02 3.250002e+01 2.076537e+02
      vertex   -1.738798e+02 3.750002e+01 2.076537e+02
      vertex   -1.741044e+02 3.250002e+01 2.075591e+02
    endloop
  endfacet
  facet normal -3.880919e-01 2.267851e-08 9.216207e-01
    outer loop
      vertex   -1.741044e+02 3.250002e+01 2.075591e+02
      vertex   -1.738798e+02 3.750002e+01 2.076537e+02
      vertex   -1.741044e+02 3.750002e+01 2.075591e+02
    endloop
  endfacet
  facet normal -3.000846e-01 1.753573e-08 9.539126e-01
    outer loop
      vertex   -1.741044e+02 3.250002e+01 2.075591e+02
      vertex   -1.741044e+02 3.750002e+01 2.075591e+02
      vertex   -1.743369e+02 3.250002e+01 2.074860e+02
    endloop
  endfacet
  facet normal -3.000846e-01 1.753573e-08 9.539126e-01
    outer loop
      vertex   -1.743369e+02 3.250002e+01 2.074860e+02
      vertex   -1.741044e+02 3.750002e+01 2.075591e+02
      vertex   -1.743369e+02 3.750002e+01 2.074860e+02
    endloop
  endfacet
  facet normal -2.094403e-01 1.223884e-08 9.778214e-01
    outer loop
      vertex   -1.743369e+02 3.250002e+01 2.074860e+02
      vertex   -1.743369e+02 3.750002e+01 2.074860e+02
      vertex   -1.745752e+02 3.250002e+01 2.074349e+02
    endloop
  endfacet
  facet normal -2.094403e-01 1.223884e-08 9.778214e-01
    outer loop
      vertex   -1.745752e+02 3.250002e+01 2.074349e+02
      vertex   -1.743369e+02 3.750002e+01 2.074860e+02
      vertex   -1.745752e+02 3.750002e+01 2.074349e+02
    endloop
  endfacet
  facet normal -1.169553e-01 6.834394e-09 9.931372e-01
    outer loop
      vertex   -1.745752e+02 3.250002e+01 2.074349e+02
      vertex   -1.745752e+02 3.750002e+01 2.074349e+02
      vertex   -1.748173e+02 3.250002e+01 2.074064e+02
    endloop
  endfacet
  facet normal -1.169553e-01 6.834394e-09 9.931372e-01
    outer loop
      vertex   -1.748173e+02 3.250002e+01 2.074064e+02
      vertex   -1.745752e+02 3.750002e+01 2.074349e+02
      vertex   -1.748173e+02 3.750002e+01 2.074064e+02
    endloop
  endfacet
  facet normal -2.344257e-02 1.369889e-09 9.997252e-01
    outer loop
      vertex   -1.748173e+02 3.250002e+01 2.074064e+02
      vertex   -1.748173e+02 3.750002e+01 2.074064e+02
      vertex   -1.750610e+02 3.250002e+01 2.074007e+02
    endloop
  endfacet
  facet normal -2.344257e-02 1.369889e-09 9.997252e-01
    outer loop
      vertex   -1.750610e+02 3.250002e+01 2.074007e+02
      vertex   -1.748173e+02 3.750002e+01 2.074064e+02
      vertex   -1.750610e+02 3.750002e+01 2.074007e+02
    endloop
  endfacet
  facet normal 7.027619e-02 -4.106655e-09 9.975276e-01
    outer loop
      vertex   -1.750610e+02 3.250002e+01 2.074007e+02
      vertex   -1.750610e+02 3.750002e+01 2.074007e+02
      vertex   -1.753041e+02 3.250002e+01 2.074178e+02
    endloop
  endfacet
  facet normal 7.027619e-02 -4.106655e-09 9.975276e-01
    outer loop
      vertex   -1.753041e+02 3.250002e+01 2.074178e+02
      vertex   -1.750610e+02 3.750002e+01 2.074007e+02
      vertex   -1.753041e+02 3.750002e+01 2.074178e+02
    endloop
  endfacet
  facet normal 1.633774e-01 -9.547109e-09 9.865637e-01
    outer loop
      vertex   -1.753041e+02 3.250002e+01 2.074178e+02
      vertex   -1.753041e+02 3.750002e+01 2.074178e+02
      vertex   -1.755445e+02 3.250002e+01 2.074577e+02
    endloop
  endfacet
  facet normal 1.633774e-01 -9.547109e-09 9.865637e-01
    outer loop
      vertex   -1.755445e+02 3.250002e+01 2.074577e+02
      vertex   -1.753041e+02 3.750002e+01 2.074178e+02
      vertex   -1.755445e+02 3.750002e+01 2.074577e+02
    endloop
  endfacet
  facet normal 2.550428e-01 -1.490366e-08 9.669298e-01
    outer loop
      vertex   -1.755445e+02 3.250002e+01 2.074577e+02
      vertex   -1.755445e+02 3.750002e+01 2.074577e+02
      vertex   -1.757802e+02 3.250002e+01 2.075198e+02
    endloop
  endfacet
  facet normal 2.550428e-01 -1.490366e-08 9.669298e-01
    outer loop
      vertex   -1.757802e+02 3.250002e+01 2.075198e+02
      vertex   -1.755445e+02 3.750002e+01 2.074577e+02
      vertex   -1.757802e+02 3.750002e+01 2.075198e+02
    endloop
  endfacet
  facet normal 3.444669e-01 -2.012924e-08 9.387985e-01
    outer loop
      vertex   -1.757802e+02 3.250002e+01 2.075198e+02
      vertex   -1.757802e+02 3.750002e+01 2.075198e+02
      vertex   -1.760090e+02 3.250002e+01 2.076038e+02
    endloop
  endfacet
  facet normal 3.444669e-01 -2.012924e-08 9.387985e-01
    outer loop
      vertex   -1.760090e+02 3.250002e+01 2.076038e+02
      vertex   -1.757802e+02 3.750002e+01 2.075198e+02
      vertex   -1.760090e+02 3.750002e+01 2.076038e+02
    endloop
  endfacet
  facet normal 4.308637e-01 -2.517793e-08 9.024170e-01
    outer loop
      vertex   -1.760090e+02 3.250002e+01 2.076038e+02
      vertex   -1.760090e+02 3.750002e+01 2.076038e+02
      vertex   -1.762290e+02 3.250002e+01 2.077088e+02
    endloop
  endfacet
  facet normal 4.308637e-01 -2.517792e-08 9.024170e-01
    outer loop
      vertex   -1.762290e+02 3.250002e+01 2.077088e+02
      vertex   -1.760090e+02 3.750002e+01 2.076038e+02
      vertex   -1.762290e+02 3.750002e+01 2.077088e+02
    endloop
  endfacet
  facet normal 5.134742e-01 -3.000534e-08 8.581050e-01
    outer loop
      vertex   -1.762290e+02 3.250002e+01 2.077088e+02
      vertex   -1.762290e+02 3.750002e+01 2.077088e+02
      vertex   -1.764381e+02 3.250002e+01 2.078340e+02
    endloop
  endfacet
  facet normal 5.134742e-01 -3.000535e-08 8.581050e-01
    outer loop
      vertex   -1.764381e+02 3.250002e+01 2.078340e+02
      vertex   -1.762290e+02 3.750002e+01 2.077088e+02
      vertex   -1.764381e+02 3.750002e+01 2.078340e+02
    endloop
  endfacet
  facet normal 5.915722e-01 -3.456908e-08 8.062520e-01
    outer loop
      vertex   -1.764381e+02 3.250002e+01 2.078340e+02
      vertex   -1.764381e+02 3.750002e+01 2.078340e+02
      vertex   -1.766347e+02 3.250002e+01 2.079781e+02
    endloop
  endfacet
  facet normal 5.915722e-01 -3.456908e-08 8.062520e-01
    outer loop
      vertex   -1.766347e+02 3.250002e+01 2.079781e+02
      vertex   -1.764381e+02 3.750002e+01 2.078340e+02
      vertex   -1.766347e+02 3.750002e+01 2.079781e+02
    endloop
  endfacet
  facet normal 6.644715e-01 -3.882901e-08 7.473136e-01
    outer loop
      vertex   -1.766347e+02 3.250002e+01 2.079781e+02
      vertex   -1.766347e+02 3.750002e+01 2.079781e+02
      vertex   -1.768168e+02 3.250002e+01 2.081401e+02
    endloop
  endfacet
  facet normal 6.644715e-01 -3.882901e-08 7.473136e-01
    outer loop
      vertex   -1.768168e+02 3.250002e+01 2.081401e+02
      vertex   -1.766347e+02 3.750002e+01 2.079781e+02
      vertex   -1.768168e+02 3.750002e+01 2.081401e+02
    endloop
  endfacet
  facet normal 7.315313e-01 -4.274772e-08 6.818078e-01
    outer loop
      vertex   -1.768168e+02 3.250002e+01 2.081401e+02
      vertex   -1.768168e+02 3.750002e+01 2.081401e+02
      vertex   -1.769830e+02 3.250002e+01 2.083184e+02
    endloop
  endfacet
  facet normal 7.315313e-01 -4.274772e-08 6.818078e-01
    outer loop
      vertex   -1.769830e+02 3.250002e+01 2.083184e+02
      vertex   -1.768168e+02 3.750002e+01 2.081401e+02
      vertex   -1.769830e+02 3.750002e+01 2.083184e+02
    endloop
  endfacet
  facet normal 7.921625e-01 -4.629076e-08 6.103103e-01
    outer loop
      vertex   -1.769830e+02 3.250002e+01 2.083184e+02
      vertex   -1.769830e+02 3.750002e+01 2.083184e+02
      vertex   -1.771317e+02 3.250002e+01 2.085115e+02
    endloop
  endfacet
  facet normal 7.921625e-01 -4.629075e-08 6.103103e-01
    outer loop
      vertex   -1.771317e+02 3.250002e+01 2.085115e+02
      vertex   -1.769830e+02 3.750002e+01 2.083184e+02
      vertex   -1.771317e+02 3.750002e+01 2.085115e+02
    endloop
  endfacet
  facet normal 8.458321e-01 -4.942698e-08 5.334493e-01
    outer loop
      vertex   -1.771317e+02 3.250002e+01 2.085115e+02
      vertex   -1.771317e+02 3.750002e+01 2.085115e+02
      vertex   -1.772618e+02 3.250002e+01 2.087176e+02
    endloop
  endfacet
  facet normal 8.458321e-01 -4.942698e-08 5.334493e-01
    outer loop
      vertex   -1.772618e+02 3.250002e+01 2.087176e+02
      vertex   -1.771317e+02 3.750002e+01 2.085115e+02
      vertex   -1.772618e+02 3.750002e+01 2.087176e+02
    endloop
  endfacet
  facet normal 8.920684e-01 -5.212885e-08 4.519003e-01
    outer loop
      vertex   -1.772618e+02 3.250002e+01 2.087176e+02
      vertex   -1.772618e+02 3.750002e+01 2.087176e+02
      vertex   -1.773719e+02 3.250002e+01 2.089351e+02
    endloop
  endfacet
  facet normal 8.920684e-01 -5.212884e-08 4.519003e-01
    outer loop
      vertex   -1.773719e+02 3.250002e+01 2.089351e+02
      vertex   -1.772618e+02 3.750002e+01 2.087176e+02
      vertex   -1.773719e+02 3.750002e+01 2.089351e+02
    endloop
  endfacet
  facet normal 9.304653e-01 -5.437260e-08 3.663800e-01
    outer loop
      vertex   -1.773719e+02 3.250002e+01 2.089351e+02
      vertex   -1.773719e+02 3.750002e+01 2.089351e+02
      vertex   -1.774612e+02 3.250002e+01 2.091619e+02
    endloop
  endfacet
  facet normal 9.304653e-01 -5.437260e-08 3.663800e-01
    outer loop
      vertex   -1.774612e+02 3.250002e+01 2.091619e+02
      vertex   -1.773719e+02 3.750002e+01 2.089351e+02
      vertex   -1.774612e+02 3.750002e+01 2.091619e+02
    endloop
  endfacet
  facet normal 9.606852e-01 -5.613853e-08 2.776400e-01
    outer loop
      vertex   -1.774612e+02 3.250002e+01 2.091619e+02
      vertex   -1.774612e+02 3.750002e+01 2.091619e+02
      vertex   -1.775289e+02 3.250002e+01 2.093960e+02
    endloop
  endfacet
  facet normal 9.606852e-01 -5.613853e-08 2.776400e-01
    outer loop
      vertex   -1.775289e+02 3.250002e+01 2.093960e+02
      vertex   -1.774612e+02 3.750002e+01 2.091619e+02
      vertex   -1.775289e+02 3.750002e+01 2.093960e+02
    endloop
  endfacet
  facet normal 9.824625e-01 -5.741112e-08 1.864601e-01
    outer loop
      vertex   -1.775289e+02 3.250002e+01 2.093960e+02
      vertex   -1.775289e+02 3.750002e+01 2.093960e+02
      vertex   -1.775743e+02 3.250002e+01 2.096355e+02
    endloop
  endfacet
  facet normal 9.824625e-01 -5.741112e-08 1.864601e-01
    outer loop
      vertex   -1.775743e+02 3.250002e+01 2.096355e+02
      vertex   -1.775289e+02 3.750002e+01 2.093960e+02
      vertex   -1.775743e+02 3.750002e+01 2.096355e+02
    endloop
  endfacet
  facet normal 9.956060e-01 -5.817916e-08 9.364149e-02
    outer loop
      vertex   -1.775743e+02 3.250002e+01 2.096355e+02
      vertex   -1.775743e+02 3.750002e+01 2.096355e+02
      vertex   -1.775971e+02 3.250002e+01 2.098781e+02
    endloop
  endfacet
  facet normal 9.956060e-01 -5.817916e-08 9.364149e-02
    outer loop
      vertex   -1.775971e+02 3.250002e+01 2.098781e+02
      vertex   -1.775743e+02 3.750002e+01 2.096355e+02
      vertex   -1.775971e+02 3.750002e+01 2.098781e+02
    endloop
  endfacet
  facet normal 1.000000e+00 -5.843593e-08 0.000000e+00
    outer loop
      vertex   -1.775971e+02 3.250002e+01 2.098781e+02
      vertex   -1.775971e+02 3.750002e+01 2.098781e+02
      vertex   -1.775971e+02 3.250002e+01 2.101219e+02
    endloop
  endfacet
  facet normal 1.000000e+00 -5.843593e-08 0.000000e+00
    outer loop
      vertex   -1.775971e+02 3.250002e+01 2.101219e+02
      vertex   -1.775971e+02 3.750002e+01 2.098781e+02
      vertex   -1.775971e+02 3.750002e+01 2.101219e+02
    endloop
  endfacet
  facet normal 9.956060e-01 -5.817916e-08 -9.364149e-02
    outer loop
      vertex   -1.775971e+02 3.250002e+01 2.101219e+02
      vertex   -1.775971e+02 3.750002e+01 2.101219e+02
      vertex   -1.775743e+02 3.250002e+01 2.103645e+02
    endloop
  endfacet
  facet normal 9.956060e-01 -5.817916e-08 -9.364149e-02
    outer loop
      vertex   -1.775743e+02 3.250002e+01 2.103645e+02
      vertex   -1.775971e+02 3.750002e+01 2.101219e+02
      vertex   -1.775743e+02 3.750002e+01 2.103645e+02
    endloop
  endfacet
  facet normal 9.824625e-01 -5.741112e-08 -1.864601e-01
    outer loop
      vertex   -1.775743e+02 3.250002e+01 2.103645e+02
      vertex   -1.775743e+02 3.750002e+01 2.103645e+02
      vertex   -1.775289e+02 3.250002e+01 2.106040e+02
    endloop
  endfacet
  facet normal 9.824625e-01 -5.741112e-08 -1.864601e-01
    outer loop
      vertex   -1.775289e+02 3.250002e+01 2.106040e+02
      vertex   -1.775743e+02 3.750002e+01 2.103645e+02
      vertex   -1.775289e+02 3.750002e+01 2.106040e+02
    endloop
  endfacet
  facet normal 9.606852e-01 -5.613853e-08 -2.776400e-01
    outer loop
      vertex   -1.775289e+02 3.250002e+01 2.106040e+02
      vertex   -1.775289e+02 3.750002e+01 2.106040e+02
      vertex   -1.774612e+02 3.250002e+01 2.108382e+02
    endloop
  endfacet
  facet normal 9.606852e-01 -5.613853e-08 -2.776400e-01
    outer loop
      vertex   -1.774612e+02 3.250002e+01 2.108382e+02
      vertex   -1.775289e+02 3.750002e+01 2.106040e+02
      vertex   -1.774612e+02 3.750002e+01 2.108382e+02
    endloop
  endfacet
  facet normal 9.304653e-01 -5.437260e-08 -3.663800e-01
    outer loop
      vertex   -1.774612e+02 3.250002e+01 2.108382e+02
      vertex   -1.774612e+02 3.750002e+01 2.108382e+02
      vertex   -1.773719e+02 3.250002e+01 2.110649e+02
    endloop
  endfacet
  facet normal 9.304653e-01 -5.437260e-08 -3.663800e-01
    outer loop
      vertex   -1.773719e+02 3.250002e+01 2.110649e+02
      vertex   -1.774612e+02 3.750002e+01 2.108382e+02
      vertex   -1.773719e+02 3.750002e+01 2.110649e+02
    endloop
  endfacet
  facet normal 8.920684e-01 -5.212884e-08 -4.519003e-01
    outer loop
      vertex   -1.773719e+02 3.250002e+01 2.110649e+02
      vertex   -1.773719e+02 3.750002e+01 2.110649e+02
      vertex   -1.772618e+02 3.250002e+01 2.112824e+02
    endloop
  endfacet
  facet normal 8.920684e-01 -5.212885e-08 -4.519003e-01
    outer loop
      vertex   -1.772618e+02 3.250002e+01 2.112824e+02
      vertex   -1.773719e+02 3.750002e+01 2.110649e+02
      vertex   -1.772618e+02 3.750002e+01 2.112824e+02
    endloop
  endfacet
  facet normal 8.458321e-01 -4.942698e-08 -5.334493e-01
    outer loop
      vertex   -1.772618e+02 3.250002e+01 2.112824e+02
      vertex   -1.772618e+02 3.750002e+01 2.112824e+02
      vertex   -1.771317e+02 3.250002e+01 2.114885e+02
    endloop
  endfacet
  facet normal 8.458321e-01 -4.942699e-08 -5.334493e-01
    outer loop
      vertex   -1.771317e+02 3.250002e+01 2.114885e+02
      vertex   -1.772618e+02 3.750002e+01 2.112824e+02
      vertex   -1.771317e+02 3.750002e+01 2.114885e+02
    endloop
  endfacet
  facet normal 7.921625e-01 -4.629075e-08 -6.103103e-01
    outer loop
      vertex   -1.771317e+02 3.250002e+01 2.114885e+02
      vertex   -1.771317e+02 3.750002e+01 2.114885e+02
      vertex   -1.769830e+02 3.250002e+01 2.116816e+02
    endloop
  endfacet
  facet normal 7.921625e-01 -4.629076e-08 -6.103103e-01
    outer loop
      vertex   -1.769830e+02 3.250002e+01 2.116816e+02
      vertex   -1.771317e+02 3.750002e+01 2.114885e+02
      vertex   -1.769830e+02 3.750002e+01 2.116816e+02
    endloop
  endfacet
  facet normal 7.315313e-01 -4.274772e-08 -6.818078e-01
    outer loop
      vertex   -1.769830e+02 3.250002e+01 2.116816e+02
      vertex   -1.769830e+02 3.750002e+01 2.116816e+02
      vertex   -1.768168e+02 3.250002e+01 2.118599e+02
    endloop
  endfacet
  facet normal 7.315313e-01 -4.274772e-08 -6.818078e-01
    outer loop
      vertex   -1.768168e+02 3.250002e+01 2.118599e+02
      vertex   -1.769830e+02 3.750002e+01 2.116816e+02
      vertex   -1.768168e+02 3.750002e+01 2.118599e+02
    endloop
  endfacet
  facet normal 6.644715e-01 -3.882901e-08 -7.473136e-01
    outer loop
      vertex   -1.768168e+02 3.250002e+01 2.118599e+02
      vertex   -1.768168e+02 3.750002e+01 2.118599e+02
      vertex   -1.766347e+02 3.250002e+01 2.120219e+02
    endloop
  endfacet
  facet normal 6.644715e-01 -3.882901e-08 -7.473136e-01
    outer loop
      vertex   -1.766347e+02 3.250002e+01 2.120219e+02
      vertex   -1.768168e+02 3.750002e+01 2.118599e+02
      vertex   -1.766347e+02 3.750002e+01 2.120219e+02
    endloop
  endfacet
  facet normal 5.915722e-01 -3.456908e-08 -8.062520e-01
    outer loop
      vertex   -1.766347e+02 3.250002e+01 2.120219e+02
      vertex   -1.766347e+02 3.750002e+01 2.120219e+02
      vertex   -1.764381e+02 3.250002e+01 2.121660e+02
    endloop
  endfacet
  facet normal 5.915722e-01 -3.456908e-08 -8.062520e-01
    outer loop
      vertex   -1.764381e+02 3.250002e+01 2.121660e+02
      vertex   -1.766347e+02 3.750002e+01 2.120219e+02
      vertex   -1.764381e+02 3.750002e+01 2.121660e+02
    endloop
  endfacet
  facet normal 5.134742e-01 -3.000535e-08 -8.581050e-01
    outer loop
      vertex   -1.764381e+02 3.250002e+01 2.121660e+02
      vertex   -1.764381e+02 3.750002e+01 2.121660e+02
      vertex   -1.762290e+02 3.250002e+01 2.122912e+02
    endloop
  endfacet
  facet normal 5.134742e-01 -3.000534e-08 -8.581050e-01
    outer loop
      vertex   -1.762290e+02 3.250002e+01 2.122912e+02
      vertex   -1.764381e+02 3.750002e+01 2.121660e+02
      vertex   -1.762290e+02 3.750002e+01 2.122912e+02
    endloop
  endfacet
  facet normal 4.308637e-01 -2.517792e-08 -9.024170e-01
    outer loop
      vertex   -1.762290e+02 3.250002e+01 2.122912e+02
      vertex   -1.762290e+02 3.750002e+01 2.122912e+02
      vertex   -1.760090e+02 3.250002e+01 2.123962e+02
    endloop
  endfacet
  facet normal 4.308637e-01 -2.517793e-08 -9.024170e-01
    outer loop
      vertex   -1.760090e+02 3.250002e+01 2.123962e+02
      vertex   -1.762290e+02 3.750002e+01 2.122912e+02
      vertex   -1.760090e+02 3.750002e+01 2.123962e+02
    endloop
  endfacet
  facet normal 3.444669e-01 -2.012924e-08 -9.387985e-01
    outer loop
      vertex   -1.760090e+02 3.250002e+01 2.123962e+02
      vertex   -1.760090e+02 3.750002e+01 2.123962e+02
      vertex   -1.757802e+02 3.250002e+01 2.124802e+02
    endloop
  endfacet
  facet normal 3.444669e-01 -2.012924e-08 -9.387985e-01
    outer loop
      vertex   -1.757802e+02 3.250002e+01 2.124802e+02
      vertex   -1.760090e+02 3.750002e+01 2.123962e+02
      vertex   -1.757802e+02 3.750002e+01 2.124802e+02
    endloop
  endfacet
  facet normal 2.550428e-01 -1.490366e-08 -9.669298e-01
    outer loop
      vertex   -1.757802e+02 3.250002e+01 2.124802e+02
      vertex   -1.757802e+02 3.750002e+01 2.124802e+02
      vertex   -1.755445e+02 3.250002e+01 2.125423e+02
    endloop
  endfacet
  facet normal 2.550428e-01 -1.490366e-08 -9.669298e-01
    outer loop
      vertex   -1.755445e+02 3.250002e+01 2.125423e+02
      vertex   -1.757802e+02 3.750002e+01 2.124802e+02
      vertex   -1.755445e+02 3.750002e+01 2.125423e+02
    endloop
  endfacet
  facet normal 1.633774e-01 -9.547109e-09 -9.865637e-01
    outer loop
      vertex   -1.755445e+02 3.250002e+01 2.125423e+02
      vertex   -1.755445e+02 3.750002e+01 2.125423e+02
      vertex   -1.753041e+02 3.250002e+01 2.125822e+02
    endloop
  endfacet
  facet normal 1.633774e-01 -9.547109e-09 -9.865637e-01
    outer loop
      vertex   -1.753041e+02 3.250002e+01 2.125822e+02
      vertex   -1.755445e+02 3.750002e+01 2.125423e+02
      vertex   -1.753041e+02 3.750002e+01 2.125822e+02
    endloop
  endfacet
  facet normal 7.027619e-02 -4.106655e-09 -9.975276e-01
    outer loop
      vertex   -1.753041e+02 3.250002e+01 2.125822e+02
      vertex   -1.753041e+02 3.750002e+01 2.125822e+02
      vertex   -1.750610e+02 3.250002e+01 2.125993e+02
    endloop
  endfacet
  facet normal 7.027619e-02 -4.106655e-09 -9.975276e-01
    outer loop
      vertex   -1.750610e+02 3.250002e+01 2.125993e+02
      vertex   -1.753041e+02 3.750002e+01 2.125822e+02
      vertex   -1.750610e+02 3.750002e+01 2.125993e+02
    endloop
  endfacet
  facet normal -2.344257e-02 1.369889e-09 -9.997252e-01
    outer loop
      vertex   -1.750610e+02 3.250002e+01 2.125993e+02
      vertex   -1.750610e+02 3.750002e+01 2.125993e+02
      vertex   -1.748173e+02 3.250002e+01 2.125936e+02
    endloop
  endfacet
  facet normal -2.344257e-02 1.369889e-09 -9.997252e-01
    outer loop
      vertex   -1.748173e+02 3.250002e+01 2.125936e+02
      vertex   -1.750610e+02 3.750002e+01 2.125993e+02
      vertex   -1.748173e+02 3.750002e+01 2.125936e+02
    endloop
  endfacet
  facet normal -1.169553e-01 6.834394e-09 -9.931372e-01
    outer loop
      vertex   -1.748173e+02 3.250002e+01 2.125936e+02
      vertex   -1.748173e+02 3.750002e+01 2.125936e+02
      vertex   -1.745752e+02 3.250002e+01 2.125651e+02
    endloop
  endfacet
  facet normal -1.169553e-01 6.834394e-09 -9.931372e-01
    outer loop
      vertex   -1.745752e+02 3.250002e+01 2.125651e+02
      vertex   -1.748173e+02 3.750002e+01 2.125936e+02
      vertex   -1.745752e+02 3.750002e+01 2.125651e+02
    endloop
  endfacet
  facet normal -2.094403e-01 1.223884e-08 -9.778214e-01
    outer loop
      vertex   -1.745752e+02 3.250002e+01 2.125651e+02
      vertex   -1.745752e+02 3.750002e+01 2.125651e+02
      vertex   -1.743369e+02 3.250002e+01 2.125140e+02
    endloop
  endfacet
  facet normal -2.094403e-01 1.223884e-08 -9.778214e-01
    outer loop
      vertex   -1.743369e+02 3.250002e+01 2.125140e+02
      vertex   -1.745752e+02 3.750002e+01 2.125651e+02
      vertex   -1.743369e+02 3.750002e+01 2.125140e+02
    endloop
  endfacet
  facet normal -3.000846e-01 1.753573e-08 -9.539126e-01
    outer loop
      vertex   -1.743369e+02 3.250002e+01 2.125140e+02
      vertex   -1.743369e+02 3.750002e+01 2.125140e+02
      vertex   -1.741044e+02 3.250002e+01 2.124409e+02
    endloop
  endfacet
  facet normal -3.000846e-01 1.753573e-08 -9.539126e-01
    outer loop
      vertex   -1.741044e+02 3.250002e+01 2.124409e+02
      vertex   -1.743369e+02 3.750002e+01 2.125140e+02
      vertex   -1.741044e+02 3.750002e+01 2.124409e+02
    endloop
  endfacet
  facet normal -3.880919e-01 2.267851e-08 -9.216207e-01
    outer loop
      vertex   -1.741044e+02 3.250002e+01 2.124409e+02
      vertex   -1.741044e+02 3.750002e+01 2.124409e+02
      vertex   -1.738798e+02 3.250002e+01 2.123463e+02
    endloop
  endfacet
  facet normal -3.880919e-01 2.267850e-08 -9.216207e-01
    outer loop
      vertex   -1.738798e+02 3.250002e+01 2.123463e+02
      vertex   -1.741044e+02 3.750002e+01 2.124409e+02
      vertex   -1.738798e+02 3.750002e+01 2.123463e+02
    endloop
  endfacet
  facet normal -4.726885e-01 2.762198e-08 -8.812296e-01
    outer loop
      vertex   -1.738798e+02 3.250002e+01 2.123463e+02
      vertex   -1.738798e+02 3.750002e+01 2.123463e+02
      vertex   -1.736650e+02 3.250002e+01 2.122311e+02
    endloop
  endfacet
  facet normal -4.726885e-01 2.762199e-08 -8.812296e-01
    outer loop
      vertex   -1.736650e+02 3.250002e+01 2.122311e+02
      vertex   -1.738798e+02 3.750002e+01 2.123463e+02
      vertex   -1.736650e+02 3.750002e+01 2.122311e+02
    endloop
  endfacet
  facet normal -5.531312e-01 3.232273e-08 -8.330942e-01
    outer loop
      vertex   -1.736650e+02 3.250002e+01 2.122311e+02
      vertex   -1.736650e+02 3.750002e+01 2.122311e+02
      vertex   -1.734619e+02 3.250002e+01 2.120963e+02
    endloop
  endfacet
  facet normal -5.531312e-01 3.232273e-08 -8.330942e-01
    outer loop
      vertex   -1.734619e+02 3.250002e+01 2.120963e+02
      vertex   -1.736650e+02 3.750002e+01 2.122311e+02
      vertex   -1.734619e+02 3.750002e+01 2.120963e+02
    endloop
  endfacet
  facet normal -6.287129e-01 3.673942e-08 -7.776375e-01
    outer loop
      vertex   -1.734619e+02 3.250002e+01 2.120963e+02
      vertex   -1.734619e+02 3.750002e+01 2.120963e+02
      vertex   -1.732724e+02 3.250002e+01 2.119430e+02
    endloop
  endfacet
  facet normal -6.287129e-01 3.673943e-08 -7.776375e-01
    outer loop
      vertex   -1.732724e+02 3.250002e+01 2.119430e+02
      vertex   -1.734619e+02 3.750002e+01 2.120963e+02
      vertex   -1.732724e+02 3.750002e+01 2.119430e+02
    endloop
  endfacet
  facet normal -6.987694e-01 4.083325e-08 -7.153470e-01
    outer loop
      vertex   -1.732724e+02 3.250002e+01 2.119430e+02
      vertex   -1.732724e+02 3.750002e+01 2.119430e+02
      vertex   -1.730980e+02 3.250002e+01 2.117727e+02
    endloop
  endfacet
  facet normal -6.987694e-01 4.083324e-08 -7.153470e-01
    outer loop
      vertex   -1.730980e+02 3.250002e+01 2.117727e+02
      vertex   -1.732724e+02 3.750002e+01 2.119430e+02
      vertex   -1.730980e+02 3.750002e+01 2.117727e+02
    endloop
  endfacet
  facet normal -7.626852e-01 4.456821e-08 -6.467699e-01
    outer loop
      vertex   -1.730980e+02 3.250002e+01 2.117727e+02
      vertex   -1.730980e+02 3.750002e+01 2.117727e+02
      vertex   -1.729404e+02 3.250002e+01 2.115868e+02
    endloop
  endfacet
  facet normal -7.626852e-01 4.456822e-08 -6.467699e-01
    outer loop
      vertex   -1.729404e+02 3.250002e+01 2.115868e+02
      vertex   -1.730980e+02 3.750002e+01 2.117727e+02
      vertex   -1.729404e+02 3.750002e+01 2.115868e+02
    endloop
  endfacet
  facet normal -8.198984e-01 4.791152e-08 -5.725090e-01
    outer loop
      vertex   -1.729404e+02 3.250002e+01 2.115868e+02
      vertex   -1.729404e+02 3.750002e+01 2.115868e+02
      vertex   -1.728008e+02 3.250002e+01 2.113870e+02
    endloop
  endfacet
  facet normal -8.198984e-01 4.791153e-08 -5.725090e-01
    outer loop
      vertex   -1.728008e+02 3.250002e+01 2.113870e+02
      vertex   -1.729404e+02 3.750002e+01 2.115868e+02
      vertex   -1.728008e+02 3.750002e+01 2.113870e+02
    endloop
  endfacet
  facet normal -8.699064e-01 5.083379e-08 -4.932169e-01
    outer loop
      vertex   -1.728008e+02 3.250002e+01 2.113870e+02
      vertex   -1.728008e+02 3.750002e+01 2.113870e+02
      vertex   -1.726806e+02 3.250002e+01 2.111749e+02
    endloop
  endfacet
  facet normal -8.699064e-01 5.083379e-08 -4.932169e-01
    outer loop
      vertex   -1.726806e+02 3.250002e+01 2.111749e+02
      vertex   -1.728008e+02 3.750002e+01 2.113870e+02
      vertex   -1.726806e+02 3.750002e+01 2.111749e+02
    endloop
  endfacet
  facet normal -9.122696e-01 5.330932e-08 -4.095904e-01
    outer loop
      vertex   -1.726806e+02 3.250002e+01 2.111749e+02
      vertex   -1.726806e+02 3.750002e+01 2.111749e+02
      vertex   -1.725808e+02 3.250002e+01 2.109526e+02
    endloop
  endfacet
  facet normal -9.122696e-01 5.330932e-08 -4.095904e-01
    outer loop
      vertex   -1.725808e+02 3.250002e+01 2.109526e+02
      vertex   -1.726806e+02 3.750002e+01 2.111749e+02
      vertex   -1.725808e+02 3.750002e+01 2.109526e+02
    endloop
  endfacet
  facet normal -9.466157e-01 5.531636e-08 -3.223643e-01
    outer loop
      vertex   -1.725808e+02 3.250002e+01 2.109526e+02
      vertex   -1.725808e+02 3.750002e+01 2.109526e+02
      vertex   -1.725022e+02 3.250002e+01 2.107219e+02
    endloop
  endfacet
  facet normal -9.466157e-01 5.531636e-08 -3.223643e-01
    outer loop
      vertex   -1.725022e+02 3.250002e+01 2.107219e+02
      vertex   -1.725808e+02 3.750002e+01 2.109526e+02
      vertex   -1.725022e+02 3.750002e+01 2.107219e+02
    endloop
  endfacet
  facet normal -9.726429e-01 5.683729e-08 -2.323054e-01
    outer loop
      vertex   -1.725022e+02 3.250002e+01 2.107219e+02
      vertex   -1.725022e+02 3.750002e+01 2.107219e+02
      vertex   -1.724456e+02 3.250002e+01 2.104848e+02
    endloop
  endfacet
  facet normal -9.726429e-01 5.683729e-08 -2.323054e-01
    outer loop
      vertex   -1.724456e+02 3.250002e+01 2.104848e+02
      vertex   -1.725022e+02 3.750002e+01 2.107219e+02
      vertex   -1.724456e+02 3.750002e+01 2.104848e+02
    endloop
  endfacet
  facet normal -9.901225e-01 5.785873e-08 -1.402049e-01
    outer loop
      vertex   -1.724456e+02 3.250002e+01 2.104848e+02
      vertex   -1.724456e+02 3.750002e+01 2.104848e+02
      vertex   -1.724114e+02 3.250002e+01 2.102435e+02
    endloop
  endfacet
  facet normal -9.901225e-01 5.785873e-08 -1.402049e-01
    outer loop
      vertex   -1.724114e+02 3.250002e+01 2.102435e+02
      vertex   -1.724456e+02 3.750002e+01 2.104848e+02
      vertex   -1.724114e+02 3.750002e+01 2.102435e+02
    endloop
  endfacet
  facet normal -9.989009e-01 5.837172e-08 4.687226e-02
    outer loop
      vertex   -1.624114e+02 4.250002e+01 2.097565e+02
      vertex   -1.624114e+02 3.750002e+01 2.097565e+02
      vertex   -1.624000e+02 4.250002e+01 2.100000e+02
    endloop
  endfacet
  facet normal -9.989009e-01 5.837171e-08 4.687226e-02
    outer loop
      vertex   -1.624000e+02 4.250002e+01 2.100000e+02
      vertex   -1.624114e+02 3.750002e+01 2.097565e+02
      vertex   -1.624000e+02 3.750002e+01 2.100000e+02
    endloop
  endfacet
  facet normal -9.989009e-01 5.837171e-08 -4.687226e-02
    outer loop
      vertex   -1.624000e+02 4.250002e+01 2.100000e+02
      vertex   -1.624000e+02 3.750002e+01 2.100000e+02
      vertex   -1.624114e+02 4.250002e+01 2.102435e+02
    endloop
  endfacet
  facet normal -9.989009e-01 5.837172e-08 -4.687226e-02
    outer loop
      vertex   -1.624114e+02 4.250002e+01 2.102435e+02
      vertex   -1.624000e+02 3.750002e+01 2.100000e+02
      vertex   -1.624114e+02 3.750002e+01 2.102435e+02
    endloop
  endfacet
  facet normal -9.901225e-01 5.785874e-08 -1.402049e-01
    outer loop
      vertex   -1.624114e+02 4.250002e+01 2.102435e+02
      vertex   -1.624114e+02 3.750002e+01 2.102435e+02
      vertex   -1.624456e+02 4.250002e+01 2.104848e+02
    endloop
  endfacet
  facet normal -9.901225e-01 5.785874e-08 -1.402049e-01
    outer loop
      vertex   -1.624456e+02 4.250002e+01 2.104848e+02
      vertex   -1.624114e+02 3.750002e+01 2.102435e+02
      vertex   -1.624456e+02 3.750002e+01 2.104848e+02
    endloop
  endfacet
  facet normal -9.726429e-01 5.683731e-08 -2.323054e-01
    outer loop
      vertex   -1.624456e+02 4.250002e+01 2.104848e+02
      vertex   -1.624456e+02 3.750002e+01 2.104848e+02
      vertex   -1.625022e+02 4.250002e+01 2.107219e+02
    endloop
  endfacet
  facet normal -9.726429e-01 5.683731e-08 -2.323054e-01
    outer loop
      vertex   -1.625022e+02 4.250002e+01 2.107219e+02
      vertex   -1.624456e+02 3.750002e+01 2.104848e+02
      vertex   -1.625022e+02 3.750002e+01 2.107219e+02
    endloop
  endfacet
  facet normal -9.466157e-01 5.531638e-08 -3.223643e-01
    outer loop
      vertex   -1.625022e+02 4.250002e+01 2.107219e+02
      vertex   -1.625022e+02 3.750002e+01 2.107219e+02
      vertex   -1.625808e+02 4.250002e+01 2.109526e+02
    endloop
  endfacet
  facet normal -9.466157e-01 5.531638e-08 -3.223643e-01
    outer loop
      vertex   -1.625808e+02 4.250002e+01 2.109526e+02
      vertex   -1.625022e+02 3.750002e+01 2.107219e+02
      vertex   -1.625808e+02 3.750002e+01 2.109526e+02
    endloop
  endfacet
  facet normal -9.122696e-01 5.330933e-08 -4.095904e-01
    outer loop
      vertex   -1.625808e+02 4.250002e+01 2.109526e+02
      vertex   -1.625808e+02 3.750002e+01 2.109526e+02
      vertex   -1.626806e+02 4.250002e+01 2.111749e+02
    endloop
  endfacet
  facet normal -9.122696e-01 5.330933e-08 -4.095904e-01
    outer loop
      vertex   -1.626806e+02 4.250002e+01 2.111749e+02
      vertex   -1.625808e+02 3.750002e+01 2.109526e+02
      vertex   -1.626806e+02 3.750002e+01 2.111749e+02
    endloop
  endfacet
  facet normal -8.699064e-01 5.083380e-08 -4.932169e-01
    outer loop
      vertex   -1.626806e+02 4.250002e+01 2.111749e+02
      vertex   -1.626806e+02 3.750002e+01 2.111749e+02
      vertex   -1.628008e+02 4.250002e+01 2.113870e+02
    endloop
  endfacet
  facet normal -8.699064e-01 5.083380e-08 -4.932169e-01
    outer loop
      vertex   -1.628008e+02 4.250002e+01 2.113870e+02
      vertex   -1.626806e+02 3.750002e+01 2.111749e+02
      vertex   -1.628008e+02 3.750002e+01 2.113870e+02
    endloop
  endfacet
  facet normal -8.198984e-01 4.791154e-08 -5.725090e-01
    outer loop
      vertex   -1.628008e+02 4.250002e+01 2.113870e+02
      vertex   -1.628008e+02 3.750002e+01 2.113870e+02
      vertex   -1.629404e+02 4.250002e+01 2.115868e+02
    endloop
  endfacet
  facet normal -8.198984e-01 4.791154e-08 -5.725090e-01
    outer loop
      vertex   -1.629404e+02 4.250002e+01 2.115868e+02
      vertex   -1.628008e+02 3.750002e+01 2.113870e+02
      vertex   -1.629404e+02 3.750002e+01 2.115868e+02
    endloop
  endfacet
  facet normal -7.626852e-01 4.456823e-08 -6.467699e-01
    outer loop
      vertex   -1.629404e+02 4.250002e+01 2.115868e+02
      vertex   -1.629404e+02 3.750002e+01 2.115868e+02
      vertex   -1.630980e+02 4.250002e+01 2.117727e+02
    endloop
  endfacet
  facet normal -7.626852e-01 4.456824e-08 -6.467699e-01
    outer loop
      vertex   -1.630980e+02 4.250002e+01 2.117727e+02
      vertex   -1.629404e+02 3.750002e+01 2.115868e+02
      vertex   -1.630980e+02 3.750002e+01 2.117727e+02
    endloop
  endfacet
  facet normal -6.987694e-01 4.083326e-08 -7.153470e-01
    outer loop
      vertex   -1.630980e+02 4.250002e+01 2.117727e+02
      vertex   -1.630980e+02 3.750002e+01 2.117727e+02
      vertex   -1.632724e+02 4.250002e+01 2.119430e+02
    endloop
  endfacet
  facet normal -6.987694e-01 4.083325e-08 -7.153470e-01
    outer loop
      vertex   -1.632724e+02 4.250002e+01 2.119430e+02
      vertex   -1.630980e+02 3.750002e+01 2.117727e+02
      vertex   -1.632724e+02 3.750002e+01 2.119430e+02
    endloop
  endfacet
  facet normal -6.287129e-01 3.673943e-08 -7.776375e-01
    outer loop
      vertex   -1.632724e+02 4.250002e+01 2.119430e+02
      vertex   -1.632724e+02 3.750002e+01 2.119430e+02
      vertex   -1.634619e+02 4.250002e+01 2.120963e+02
    endloop
  endfacet
  facet normal -6.287129e-01 3.673943e-08 -7.776375e-01
    outer loop
      vertex   -1.634619e+02 4.250002e+01 2.120963e+02
      vertex   -1.632724e+02 3.750002e+01 2.119430e+02
      vertex   -1.634619e+02 3.750002e+01 2.120963e+02
    endloop
  endfacet
  facet normal -5.531312e-01 3.232275e-08 -8.330942e-01
    outer loop
      vertex   -1.634619e+02 4.250002e+01 2.120963e+02
      vertex   -1.634619e+02 3.750002e+01 2.120963e+02
      vertex   -1.636650e+02 4.250002e+01 2.122311e+02
    endloop
  endfacet
  facet normal -5.531312e-01 3.232274e-08 -8.330942e-01
    outer loop
      vertex   -1.636650e+02 4.250002e+01 2.122311e+02
      vertex   -1.634619e+02 3.750002e+01 2.120963e+02
      vertex   -1.636650e+02 3.750002e+01 2.122311e+02
    endloop
  endfacet
  facet normal -4.726885e-01 2.762200e-08 -8.812296e-01
    outer loop
      vertex   -1.636650e+02 4.250002e+01 2.122311e+02
      vertex   -1.636650e+02 3.750002e+01 2.122311e+02
      vertex   -1.638798e+02 4.250002e+01 2.123463e+02
    endloop
  endfacet
  facet normal -4.726885e-01 2.762200e-08 -8.812296e-01
    outer loop
      vertex   -1.638798e+02 4.250002e+01 2.123463e+02
      vertex   -1.636650e+02 3.750002e+01 2.122311e+02
      vertex   -1.638798e+02 3.750002e+01 2.123463e+02
    endloop
  endfacet
  facet normal -3.880919e-01 2.267852e-08 -9.216207e-01
    outer loop
      vertex   -1.638798e+02 4.250002e+01 2.123463e+02
      vertex   -1.638798e+02 3.750002e+01 2.123463e+02
      vertex   -1.641044e+02 4.250002e+01 2.124409e+02
    endloop
  endfacet
  facet normal -3.880919e-01 2.267851e-08 -9.216207e-01
    outer loop
      vertex   -1.641044e+02 4.250002e+01 2.124409e+02
      vertex   -1.638798e+02 3.750002e+01 2.123463e+02
      vertex   -1.641044e+02 3.750002e+01 2.124409e+02
    endloop
  endfacet
  facet normal -3.000846e-01 1.753573e-08 -9.539126e-01
    outer loop
      vertex   -1.641044e+02 4.250002e+01 2.124409e+02
      vertex   -1.641044e+02 3.750002e+01 2.124409e+02
      vertex   -1.643369e+02 4.250002e+01 2.125140e+02
    endloop
  endfacet
  facet normal -3.000846e-01 1.753573e-08 -9.539126e-01
    outer loop
      vertex   -1.643369e+02 4.250002e+01 2.125140e+02
      vertex   -1.641044e+02 3.750002e+01 2.124409e+02
      vertex   -1.643369e+02 3.750002e+01 2.125140e+02
    endloop
  endfacet
  facet normal -2.094403e-01 1.223884e-08 -9.778214e-01
    outer loop
      vertex   -1.643369e+02 4.250002e+01 2.125140e+02
      vertex   -1.643369e+02 3.750002e+01 2.125140e+02
      vertex   -1.645752e+02 4.250002e+01 2.125651e+02
    endloop
  endfacet
  facet normal -2.094403e-01 1.223884e-08 -9.778214e-01
    outer loop
      vertex   -1.645752e+02 4.250002e+01 2.125651e+02
      vertex   -1.643369e+02 3.750002e+01 2.125140e+02
      vertex   -1.645752e+02 3.750002e+01 2.125651e+02
    endloop
  endfacet
  facet normal -1.169553e-01 6.834394e-09 -9.931372e-01
    outer loop
      vertex   -1.645752e+02 4.250002e+01 2.125651e+02
      vertex   -1.645752e+02 3.750002e+01 2.125651e+02
      vertex   -1.648173e+02 4.250002e+01 2.125936e+02
    endloop
  endfacet
  facet normal -1.169553e-01 6.834394e-09 -9.931372e-01
    outer loop
      vertex   -1.648173e+02 4.250002e+01 2.125936e+02
      vertex   -1.645752e+02 3.750002e+01 2.125651e+02
      vertex   -1.648173e+02 3.750002e+01 2.125936e+02
    endloop
  endfacet
  facet normal -2.344257e-02 1.369889e-09 -9.997252e-01
    outer loop
      vertex   -1.648173e+02 4.250002e+01 2.125936e+02
      vertex   -1.648173e+02 3.750002e+01 2.125936e+02
      vertex   -1.650610e+02 4.250002e+01 2.125993e+02
    endloop
  endfacet
  facet normal -2.344257e-02 1.369889e-09 -9.997252e-01
    outer loop
      vertex   -1.650610e+02 4.250002e+01 2.125993e+02
      vertex   -1.648173e+02 3.750002e+01 2.125936e+02
      vertex   -1.650610e+02 3.750002e+01 2.125993e+02
    endloop
  endfacet
  facet normal 7.027619e-02 -4.106655e-09 -9.975276e-01
    outer loop
      vertex   -1.650610e+02 4.250002e+01 2.125993e+02
      vertex   -1.650610e+02 3.750002e+01 2.125993e+02
      vertex   -1.653041e+02 4.250002e+01 2.125822e+02
    endloop
  endfacet
  facet normal 7.027619e-02 -4.106655e-09 -9.975276e-01
    outer loop
      vertex   -1.653041e+02 4.250002e+01 2.125822e+02
      vertex   -1.650610e+02 3.750002e+01 2.125993e+02
      vertex   -1.653041e+02 3.750002e+01 2.125822e+02
    endloop
  endfacet
  facet normal 1.633774e-01 -9.547109e-09 -9.865637e-01
    outer loop
      vertex   -1.653041e+02 4.250002e+01 2.125822e+02
      vertex   -1.653041e+02 3.750002e+01 2.125822e+02
      vertex   -1.655445e+02 4.250002e+01 2.125423e+02
    endloop
  endfacet
  facet normal 1.633774e-01 -9.547109e-09 -9.865637e-01
    outer loop
      vertex   -1.655445e+02 4.250002e+01 2.125423e+02
      vertex   -1.653041e+02 3.750002e+01 2.125822e+02
      vertex   -1.655445e+02 3.750002e+01 2.125423e+02
    endloop
  endfacet
  facet normal 2.550428e-01 -1.490366e-08 -9.669298e-01
    outer loop
      vertex   -1.655445e+02 4.250002e+01 2.125423e+02
      vertex   -1.655445e+02 3.750002e+01 2.125423e+02
      vertex   -1.657802e+02 4.250002e+01 2.124802e+02
    endloop
  endfacet
  facet normal 2.550428e-01 -1.490367e-08 -9.669298e-01
    outer loop
      vertex   -1.657802e+02 4.250002e+01 2.124802e+02
      vertex   -1.655445e+02 3.750002e+01 2.125423e+02
      vertex   -1.657802e+02 3.750002e+01 2.124802e+02
    endloop
  endfacet
  facet normal 3.444669e-01 -2.012925e-08 -9.387985e-01
    outer loop
      vertex   -1.657802e+02 4.250002e+01 2.124802e+02
      vertex   -1.657802e+02 3.750002e+01 2.124802e+02
      vertex   -1.660090e+02 4.250002e+01 2.123962e+02
    endloop
  endfacet
  facet normal 3.444669e-01 -2.012924e-08 -9.387985e-01
    outer loop
      vertex   -1.660090e+02 4.250002e+01 2.123962e+02
      vertex   -1.657802e+02 3.750002e+01 2.124802e+02
      vertex   -1.660090e+02 3.750002e+01 2.123962e+02
    endloop
  endfacet
  facet normal 4.308637e-01 -2.517793e-08 -9.024170e-01
    outer loop
      vertex   -1.660090e+02 4.250002e+01 2.123962e+02
      vertex   -1.660090e+02 3.750002e+01 2.123962e+02
      vertex   -1.662290e+02 4.250002e+01 2.122912e+02
    endloop
  endfacet
  facet normal 4.308637e-01 -2.517793e-08 -9.024170e-01
    outer loop
      vertex   -1.662290e+02 4.250002e+01 2.122912e+02
      vertex   -1.660090e+02 3.750002e+01 2.123962e+02
      vertex   -1.662290e+02 3.750002e+01 2.122912e+02
    endloop
  endfacet
  facet normal 5.134742e-01 -3.000535e-08 -8.581050e-01
    outer loop
      vertex   -1.662290e+02 4.250002e+01 2.122912e+02
      vertex   -1.662290e+02 3.750002e+01 2.122912e+02
      vertex   -1.664381e+02 4.250002e+01 2.121660e+02
    endloop
  endfacet
  facet normal 5.134742e-01 -3.000535e-08 -8.581050e-01
    outer loop
      vertex   -1.664381e+02 4.250002e+01 2.121660e+02
      vertex   -1.662290e+02 3.750002e+01 2.122912e+02
      vertex   -1.664381e+02 3.750002e+01 2.121660e+02
    endloop
  endfacet
  facet normal 5.915722e-01 -3.456908e-08 -8.062520e-01
    outer loop
      vertex   -1.664381e+02 4.250002e+01 2.121660e+02
      vertex   -1.664381e+02 3.750002e+01 2.121660e+02
      vertex   -1.666347e+02 4.250002e+01 2.120219e+02
    endloop
  endfacet
  facet normal 5.915722e-01 -3.456908e-08 -8.062520e-01
    outer loop
      vertex   -1.666347e+02 4.250002e+01 2.120219e+02
      vertex   -1.664381e+02 3.750002e+01 2.121660e+02
      vertex   -1.666347e+02 3.750002e+01 2.120219e+02
    endloop
  endfacet
  facet normal 6.644715e-01 -3.882901e-08 -7.473136e-01
    outer loop
      vertex   -1.666347e+02 4.250002e+01 2.120219e+02
      vertex   -1.666347e+02 3.750002e+01 2.120219e+02
      vertex   -1.668168e+02 4.250002e+01 2.118599e+02
    endloop
  endfacet
  facet normal 6.644715e-01 -3.882901e-08 -7.473136e-01
    outer loop
      vertex   -1.668168e+02 4.250002e+01 2.118599e+02
      vertex   -1.666347e+02 3.750002e+01 2.120219e+02
      vertex   -1.668168e+02 3.750002e+01 2.118599e+02
    endloop
  endfacet
  facet normal 7.315313e-01 -4.274772e-08 -6.818078e-01
    outer loop
      vertex   -1.668168e+02 4.250002e+01 2.118599e+02
      vertex   -1.668168e+02 3.750002e+01 2.118599e+02
      vertex   -1.669830e+02 4.250002e+01 2.116816e+02
    endloop
  endfacet
  facet normal 7.315313e-01 -4.274772e-08 -6.818078e-01
    outer loop
      vertex   -1.669830e+02 4.250002e+01 2.116816e+02
      vertex   -1.668168e+02 3.750002e+01 2.118599e+02
      vertex   -1.669830e+02 3.750002e+01 2.116816e+02
    endloop
  endfacet
  facet normal 7.921625e-01 -4.629075e-08 -6.103103e-01
    outer loop
      vertex   -1.669830e+02 4.250002e+01 2.116816e+02
      vertex   -1.669830e+02 3.750002e+01 2.116816e+02
      vertex   -1.671317e+02 4.250002e+01 2.114885e+02
    endloop
  endfacet
  facet normal 7.921625e-01 -4.629077e-08 -6.103103e-01
    outer loop
      vertex   -1.671317e+02 4.250002e+01 2.114885e+02
      vertex   -1.669830e+02 3.750002e+01 2.116816e+02
      vertex   -1.671317e+02 3.750002e+01 2.114885e+02
    endloop
  endfacet
  facet normal 8.458321e-01 -4.942700e-08 -5.334493e-01
    outer loop
      vertex   -1.671317e+02 4.250002e+01 2.114885e+02
      vertex   -1.671317e+02 3.750002e+01 2.114885e+02
      vertex   -1.672618e+02 4.250002e+01 2.112824e+02
    endloop
  endfacet
  facet normal 8.458321e-01 -4.942700e-08 -5.334493e-01
    outer loop
      vertex   -1.672618e+02 4.250002e+01 2.112824e+02
      vertex   -1.671317e+02 3.750002e+01 2.114885e+02
      vertex   -1.672618e+02 3.750002e+01 2.112824e+02
    endloop
  endfacet
  facet normal 8.920684e-01 -5.212886e-08 -4.519003e-01
    outer loop
      vertex   -1.672618e+02 4.250002e+01 2.112824e+02
      vertex   -1.672618e+02 3.750002e+01 2.112824e+02
      vertex   -1.673719e+02 4.250002e+01 2.110649e+02
    endloop
  endfacet
  facet normal 8.920684e-01 -5.212886e-08 -4.519003e-01
    outer loop
      vertex   -1.673719e+02 4.250002e+01 2.110649e+02
      vertex   -1.672618e+02 3.750002e+01 2.112824e+02
      vertex   -1.673719e+02 3.750002e+01 2.110649e+02
    endloop
  endfacet
  facet normal 9.304653e-01 -5.437262e-08 -3.663800e-01
    outer loop
      vertex   -1.673719e+02 4.250002e+01 2.110649e+02
      vertex   -1.673719e+02 3.750002e+01 2.110649e+02
      vertex   -1.674612e+02 4.250002e+01 2.108382e+02
    endloop
  endfacet
  facet normal 9.304653e-01 -5.437262e-08 -3.663800e-01
    outer loop
      vertex   -1.674612e+02 4.250002e+01 2.108382e+02
      vertex   -1.673719e+02 3.750002e+01 2.110649e+02
      vertex   -1.674612e+02 3.750002e+01 2.108382e+02
    endloop
  endfacet
  facet normal 9.606852e-01 -5.613855e-08 -2.776400e-01
    outer loop
      vertex   -1.674612e+02 4.250002e+01 2.108382e+02
      vertex   -1.674612e+02 3.750002e+01 2.108382e+02
      vertex   -1.675289e+02 4.250002e+01 2.106040e+02
    endloop
  endfacet
  facet normal 9.606852e-01 -5.613855e-08 -2.776400e-01
    outer loop
      vertex   -1.675289e+02 4.250002e+01 2.106040e+02
      vertex   -1.674612e+02 3.750002e+01 2.108382e+02
      vertex   -1.675289e+02 3.750002e+01 2.106040e+02
    endloop
  endfacet
  facet normal 9.824625e-01 -5.741113e-08 -1.864601e-01
    outer loop
      vertex   -1.675289e+02 4.250002e+01 2.106040e+02
      vertex   -1.675289e+02 3.750002e+01 2.106040e+02
      vertex   -1.675743e+02 4.250002e+01 2.103645e+02
    endloop
  endfacet
  facet normal 9.824625e-01 -5.741113e-08 -1.864601e-01
    outer loop
      vertex   -1.675743e+02 4.250002e+01 2.103645e+02
      vertex   -1.675289e+02 3.750002e+01 2.106040e+02
      vertex   -1.675743e+02 3.750002e+01 2.103645e+02
    endloop
  endfacet
  facet normal 9.956060e-01 -5.817918e-08 -9.364149e-02
    outer loop
      vertex   -1.675743e+02 4.250002e+01 2.103645e+02
      vertex   -1.675743e+02 3.750002e+01 2.103645e+02
      vertex   -1.675971e+02 4.250002e+01 2.101219e+02
    endloop
  endfacet
  facet normal 9.956060e-01 -5.817918e-08 -9.364149e-02
    outer loop
      vertex   -1.675971e+02 4.250002e+01 2.101219e+02
      vertex   -1.675743e+02 3.750002e+01 2.103645e+02
      vertex   -1.675971e+02 3.750002e+01 2.101219e+02
    endloop
  endfacet
  facet normal 1.000000e+00 -5.843594e-08 0.000000e+00
    outer loop
      vertex   -1.675971e+02 4.250002e+01 2.101219e+02
      vertex   -1.675971e+02 3.750002e+01 2.101219e+02
      vertex   -1.675971e+02 4.250002e+01 2.098781e+02
    endloop
  endfacet
  facet normal 1.000000e+00 -5.843594e-08 0.000000e+00
    outer loop
      vertex   -1.675971e+02 4.250002e+01 2.098781e+02
      vertex   -1.675971e+02 3.750002e+01 2.101219e+02
      vertex   -1.675971e+02 3.750002e+01 2.098781e+02
    endloop
  endfacet
  facet normal 9.956060e-01 -5.817918e-08 9.364149e-02
    outer loop
      vertex   -1.675971e+02 4.250002e+01 2.098781e+02
      vertex   -1.675971e+02 3.750002e+01 2.098781e+02
      vertex   -1.675743e+02 4.250002e+01 2.096355e+02
    endloop
  endfacet
  facet normal 9.956060e-01 -5.817918e-08 9.364149e-02
    outer loop
      vertex   -1.675743e+02 4.250002e+01 2.096355e+02
      vertex   -1.675971e+02 3.750002e+01 2.098781e+02
      vertex   -1.675743e+02 3.750002e+01 2.096355e+02
    endloop
  endfacet
  facet normal 9.824625e-01 -5.741113e-08 1.864601e-01
    outer loop
      vertex   -1.675743e+02 4.250002e+01 2.096355e+02
      vertex   -1.675743e+02 3.750002e+01 2.096355e+02
      vertex   -1.675289e+02 4.250002e+01 2.093960e+02
    endloop
  endfacet
  facet normal 9.824625e-01 -5.741113e-08 1.864601e-01
    outer loop
      vertex   -1.675289e+02 4.250002e+01 2.093960e+02
      vertex   -1.675743e+02 3.750002e+01 2.096355e+02
      vertex   -1.675289e+02 3.750002e+01 2.093960e+02
    endloop
  endfacet
  facet normal 9.606852e-01 -5.613855e-08 2.776400e-01
    outer loop
      vertex   -1.675289e+02 4.250002e+01 2.093960e+02
      vertex   -1.675289e+02 3.750002e+01 2.093960e+02
      vertex   -1.674612e+02 4.250002e+01 2.091619e+02
    endloop
  endfacet
  facet normal 9.606852e-01 -5.613855e-08 2.776400e-01
    outer loop
      vertex   -1.674612e+02 4.250002e+01 2.091619e+02
      vertex   -1.675289e+02 3.750002e+01 2.093960e+02
      vertex   -1.674612e+02 3.750002e+01 2.091619e+02
    endloop
  endfacet
  facet normal 9.304653e-01 -5.437262e-08 3.663800e-01
    outer loop
      vertex   -1.674612e+02 4.250002e+01 2.091619e+02
      vertex   -1.674612e+02 3.750002e+01 2.091619e+02
      vertex   -1.673719e+02 4.250002e+01 2.089351e+02
    endloop
  endfacet
  facet normal 9.304653e-01 -5.437262e-08 3.663800e-01
    outer loop
      vertex   -1.673719e+02 4.250002e+01 2.089351e+02
      vertex   -1.674612e+02 3.750002e+01 2.091619e+02
      vertex   -1.673719e+02 3.750002e+01 2.089351e+02
    endloop
  endfacet
  facet normal 8.920684e-01 -5.212886e-08 4.519003e-01
    outer loop
      vertex   -1.673719e+02 4.250002e+01 2.089351e+02
      vertex   -1.673719e+02 3.750002e+01 2.089351e+02
      vertex   -1.672618e+02 4.250002e+01 2.087176e+02
    endloop
  endfacet
  facet normal 8.920684e-01 -5.212886e-08 4.519003e-01
    outer loop
      vertex   -1.672618e+02 4.250002e+01 2.087176e+02
      vertex   -1.673719e+02 3.750002e+01 2.089351e+02
      vertex   -1.672618e+02 3.750002e+01 2.087176e+02
    endloop
  endfacet
  facet normal 8.458321e-01 -4.942700e-08 5.334493e-01
    outer loop
      vertex   -1.672618e+02 4.250002e+01 2.087176e+02
      vertex   -1.672618e+02 3.750002e+01 2.087176e+02
      vertex   -1.671317e+02 4.250002e+01 2.085115e+02
    endloop
  endfacet
  facet normal 8.458321e-01 -4.942699e-08 5.334493e-01
    outer loop
      vertex   -1.671317e+02 4.250002e+01 2.085115e+02
      vertex   -1.672618e+02 3.750002e+01 2.087176e+02
      vertex   -1.671317e+02 3.750002e+01 2.085115e+02
    endloop
  endfacet
  facet normal 7.921625e-01 -4.629076e-08 6.103103e-01
    outer loop
      vertex   -1.671317e+02 4.250002e+01 2.085115e+02
      vertex   -1.671317e+02 3.750002e+01 2.085115e+02
      vertex   -1.669830e+02 4.250002e+01 2.083184e+02
    endloop
  endfacet
  facet normal 7.921625e-01 -4.629075e-08 6.103103e-01
    outer loop
      vertex   -1.669830e+02 4.250002e+01 2.083184e+02
      vertex   -1.671317e+02 3.750002e+01 2.085115e+02
      vertex   -1.669830e+02 3.750002e+01 2.083184e+02
    endloop
  endfacet
  facet normal 7.315313e-01 -4.274772e-08 6.818078e-01
    outer loop
      vertex   -1.669830e+02 4.250002e+01 2.083184e+02
      vertex   -1.669830e+02 3.750002e+01 2.083184e+02
      vertex   -1.668168e+02 4.250002e+01 2.081401e+02
    endloop
  endfacet
  facet normal 7.315313e-01 -4.274772e-08 6.818078e-01
    outer loop
      vertex   -1.668168e+02 4.250002e+01 2.081401e+02
      vertex   -1.669830e+02 3.750002e+01 2.083184e+02
      vertex   -1.668168e+02 3.750002e+01 2.081401e+02
    endloop
  endfacet
  facet normal 6.644715e-01 -3.882901e-08 7.473136e-01
    outer loop
      vertex   -1.668168e+02 4.250002e+01 2.081401e+02
      vertex   -1.668168e+02 3.750002e+01 2.081401e+02
      vertex   -1.666347e+02 4.250002e+01 2.079781e+02
    endloop
  endfacet
  facet normal 6.644715e-01 -3.882901e-08 7.473136e-01
    outer loop
      vertex   -1.666347e+02 4.250002e+01 2.079781e+02
      vertex   -1.668168e+02 3.750002e+01 2.081401e+02
      vertex   -1.666347e+02 3.750002e+01 2.079781e+02
    endloop
  endfacet
  facet normal 5.915722e-01 -3.456908e-08 8.062520e-01
    outer loop
      vertex   -1.666347e+02 4.250002e+01 2.079781e+02
      vertex   -1.666347e+02 3.750002e+01 2.079781e+02
      vertex   -1.664381e+02 4.250002e+01 2.078340e+02
    endloop
  endfacet
  facet normal 5.915722e-01 -3.456908e-08 8.062520e-01
    outer loop
      vertex   -1.664381e+02 4.250002e+01 2.078340e+02
      vertex   -1.666347e+02 3.750002e+01 2.079781e+02
      vertex   -1.664381e+02 3.750002e+01 2.078340e+02
    endloop
  endfacet
  facet normal 5.134742e-01 -3.000535e-08 8.581050e-01
    outer loop
      vertex   -1.664381e+02 4.250002e+01 2.078340e+02
      vertex   -1.664381e+02 3.750002e+01 2.078340e+02
      vertex   -1.662290e+02 4.250002e+01 2.077088e+02
    endloop
  endfacet
  facet normal 5.134742e-01 -3.000535e-08 8.581050e-01
    outer loop
      vertex   -1.662290e+02 4.250002e+01 2.077088e+02
      vertex   -1.664381e+02 3.750002e+01 2.078340e+02
      vertex   -1.662290e+02 3.750002e+01 2.077088e+02
    endloop
  endfacet
  facet normal 4.308637e-01 -2.517793e-08 9.024170e-01
    outer loop
      vertex   -1.662290e+02 4.250002e+01 2.077088e+02
      vertex   -1.662290e+02 3.750002e+01 2.077088e+02
      vertex   -1.660090e+02 4.250002e+01 2.076038e+02
    endloop
  endfacet
  facet normal 4.308637e-01 -2.517793e-08 9.024170e-01
    outer loop
      vertex   -1.660090e+02 4.250002e+01 2.076038e+02
      vertex   -1.662290e+02 3.750002e+01 2.077088e+02
      vertex   -1.660090e+02 3.750002e+01 2.076038e+02
    endloop
  endfacet
  facet normal 3.444669e-01 -2.012924e-08 9.387985e-01
    outer loop
      vertex   -1.660090e+02 4.250002e+01 2.076038e+02
      vertex   -1.660090e+02 3.750002e+01 2.076038e+02
      vertex   -1.657802e+02 4.250002e+01 2.075198e+02
    endloop
  endfacet
  facet normal 3.444669e-01 -2.012925e-08 9.387985e-01
    outer loop
      vertex   -1.657802e+02 4.250002e+01 2.075198e+02
      vertex   -1.660090e+02 3.750002e+01 2.076038e+02
      vertex   -1.657802e+02 3.750002e+01 2.075198e+02
    endloop
  endfacet
  facet normal 2.550428e-01 -1.490367e-08 9.669298e-01
    outer loop
      vertex   -1.657802e+02 4.250002e+01 2.075198e+02
      vertex   -1.657802e+02 3.750002e+01 2.075198e+02
      vertex   -1.655445e+02 4.250002e+01 2.074577e+02
    endloop
  endfacet
  facet normal 2.550428e-01 -1.490366e-08 9.669298e-01
    outer loop
      vertex   -1.655445e+02 4.250002e+01 2.074577e+02
      vertex   -1.657802e+02 3.750002e+01 2.075198e+02
      vertex   -1.655445e+02 3.750002e+01 2.074577e+02
    endloop
  endfacet
  facet normal 1.633774e-01 -9.547109e-09 9.865637e-01
    outer loop
      vertex   -1.655445e+02 4.250002e+01 2.074577e+02
      vertex   -1.655445e+02 3.750002e+01 2.074577e+02
      vertex   -1.653041e+02 4.250002e+01 2.074178e+02
    endloop
  endfacet
  facet normal 1.633774e-01 -9.547109e-09 9.865637e-01
    outer loop
      vertex   -1.653041e+02 4.250002e+01 2.074178e+02
      vertex   -1.655445e+02 3.750002e+01 2.074577e+02
      vertex   -1.653041e+02 3.750002e+01 2.074178e+02
    endloop
  endfacet
  facet normal 7.027619e-02 -4.106655e-09 9.975276e-01
    outer loop
      vertex   -1.653041e+02 4.250002e+01 2.074178e+02
      vertex   -1.653041e+02 3.750002e+01 2.074178e+02
      vertex   -1.650610e+02 4.250002e+01 2.074007e+02
    endloop
  endfacet
  facet normal 7.027619e-02 -4.106655e-09 9.975276e-01
    outer loop
      vertex   -1.650610e+02 4.250002e+01 2.074007e+02
      vertex   -1.653041e+02 3.750002e+01 2.074178e+02
      vertex   -1.650610e+02 3.750002e+01 2.074007e+02
    endloop
  endfacet
  facet normal -2.344257e-02 1.369889e-09 9.997252e-01
    outer loop
      vertex   -1.650610e+02 4.250002e+01 2.074007e+02
      vertex   -1.650610e+02 3.750002e+01 2.074007e+02
      vertex   -1.648173e+02 4.250002e+01 2.074064e+02
    endloop
  endfacet
  facet normal -2.344257e-02 1.369889e-09 9.997252e-01
    outer loop
      vertex   -1.648173e+02 4.250002e+01 2.074064e+02
      vertex   -1.650610e+02 3.750002e+01 2.074007e+02
      vertex   -1.648173e+02 3.750002e+01 2.074064e+02
    endloop
  endfacet
  facet normal -1.169553e-01 6.834394e-09 9.931372e-01
    outer loop
      vertex   -1.648173e+02 4.250002e+01 2.074064e+02
      vertex   -1.648173e+02 3.750002e+01 2.074064e+02
      vertex   -1.645752e+02 4.250002e+01 2.074349e+02
    endloop
  endfacet
  facet normal -1.169553e-01 6.834394e-09 9.931372e-01
    outer loop
      vertex   -1.645752e+02 4.250002e+01 2.074349e+02
      vertex   -1.648173e+02 3.750002e+01 2.074064e+02
      vertex   -1.645752e+02 3.750002e+01 2.074349e+02
    endloop
  endfacet
  facet normal -2.094403e-01 1.223884e-08 9.778214e-01
    outer loop
      vertex   -1.645752e+02 4.250002e+01 2.074349e+02
      vertex   -1.645752e+02 3.750002e+01 2.074349e+02
      vertex   -1.643369e+02 4.250002e+01 2.074860e+02
    endloop
  endfacet
  facet normal -2.094403e-01 1.223884e-08 9.778214e-01
    outer loop
      vertex   -1.643369e+02 4.250002e+01 2.074860e+02
      vertex   -1.645752e+02 3.750002e+01 2.074349e+02
      vertex   -1.643369e+02 3.750002e+01 2.074860e+02
    endloop
  endfacet
  facet normal -3.000846e-01 1.753573e-08 9.539126e-01
    outer loop
      vertex   -1.643369e+02 4.250002e+01 2.074860e+02
      vertex   -1.643369e+02 3.750002e+01 2.074860e+02
      vertex   -1.641044e+02 4.250002e+01 2.075591e+02
    endloop
  endfacet
  facet normal -3.000846e-01 1.753573e-08 9.539126e-01
    outer loop
      vertex   -1.641044e+02 4.250002e+01 2.075591e+02
      vertex   -1.643369e+02 3.750002e+01 2.074860e+02
      vertex   -1.641044e+02 3.750002e+01 2.075591e+02
    endloop
  endfacet
  facet normal -3.880919e-01 2.267851e-08 9.216207e-01
    outer loop
      vertex   -1.641044e+02 4.250002e+01 2.075591e+02
      vertex   -1.641044e+02 3.750002e+01 2.075591e+02
      vertex   -1.638798e+02 4.250002e+01 2.076537e+02
    endloop
  endfacet
  facet normal -3.880919e-01 2.267852e-08 9.216207e-01
    outer loop
      vertex   -1.638798e+02 4.250002e+01 2.076537e+02
      vertex   -1.641044e+02 3.750002e+01 2.075591e+02
      vertex   -1.638798e+02 3.750002e+01 2.076537e+02
    endloop
  endfacet
  facet normal -4.726885e-01 2.762200e-08 8.812296e-01
    outer loop
      vertex   -1.638798e+02 4.250002e+01 2.076537e+02
      vertex   -1.638798e+02 3.750002e+01 2.076537e+02
      vertex   -1.636650e+02 4.250002e+01 2.077689e+02
    endloop
  endfacet
  facet normal -4.726885e-01 2.762200e-08 8.812296e-01
    outer loop
      vertex   -1.636650e+02 4.250002e+01 2.077689e+02
      vertex   -1.638798e+02 3.750002e+01 2.076537e+02
      vertex   -1.636650e+02 3.750002e+01 2.077689e+02
    endloop
  endfacet
  facet normal -5.531312e-01 3.232274e-08 8.330942e-01
    outer loop
      vertex   -1.636650e+02 4.250002e+01 2.077689e+02
      vertex   -1.636650e+02 3.750002e+01 2.077689e+02
      vertex   -1.634619e+02 4.250002e+01 2.079037e+02
    endloop
  endfacet
  facet normal -5.531312e-01 3.232275e-08 8.330942e-01
    outer loop
      vertex   -1.634619e+02 4.250002e+01 2.079037e+02
      vertex   -1.636650e+02 3.750002e+01 2.077689e+02
      vertex   -1.634619e+02 3.750002e+01 2.079037e+02
    endloop
  endfacet
  facet normal -6.287129e-01 3.673943e-08 7.776375e-01
    outer loop
      vertex   -1.634619e+02 4.250002e+01 2.079037e+02
      vertex   -1.634619e+02 3.750002e+01 2.079037e+02
      vertex   -1.632724e+02 4.250002e+01 2.080570e+02
    endloop
  endfacet
  facet normal -6.287129e-01 3.673943e-08 7.776375e-01
    outer loop
      vertex   -1.632724e+02 4.250002e+01 2.080570e+02
      vertex   -1.634619e+02 3.750002e+01 2.079037e+02
      vertex   -1.632724e+02 3.750002e+01 2.080570e+02
    endloop
  endfacet
  facet normal -6.987694e-01 4.083325e-08 7.153470e-01
    outer loop
      vertex   -1.632724e+02 4.250002e+01 2.080570e+02
      vertex   -1.632724e+02 3.750002e+01 2.080570e+02
      vertex   -1.630980e+02 4.250002e+01 2.082273e+02
    endloop
  endfacet
  facet normal -6.987694e-01 4.083326e-08 7.153470e-01
    outer loop
      vertex   -1.630980e+02 4.250002e+01 2.082273e+02
      vertex   -1.632724e+02 3.750002e+01 2.080570e+02
      vertex   -1.630980e+02 3.750002e+01 2.082273e+02
    endloop
  endfacet
  facet normal -7.626852e-01 4.456824e-08 6.467699e-01
    outer loop
      vertex   -1.630980e+02 4.250002e+01 2.082273e+02
      vertex   -1.630980e+02 3.750002e+01 2.082273e+02
      vertex   -1.629404e+02 4.250002e+01 2.084132e+02
    endloop
  endfacet
  facet normal -7.626852e-01 4.456823e-08 6.467699e-01
    outer loop
      vertex   -1.629404e+02 4.250002e+01 2.084132e+02
      vertex   -1.630980e+02 3.750002e+01 2.082273e+02
      vertex   -1.629404e+02 3.750002e+01 2.084132e+02
    endloop
  endfacet
  facet normal -8.198984e-01 4.791154e-08 5.725090e-01
    outer loop
      vertex   -1.629404e+02 4.250002e+01 2.084132e+02
      vertex   -1.629404e+02 3.750002e+01 2.084132e+02
      vertex   -1.628008e+02 4.250002e+01 2.086130e+02
    endloop
  endfacet
  facet normal -8.198984e-01 4.791154e-08 5.725090e-01
    outer loop
      vertex   -1.628008e+02 4.250002e+01 2.086130e+02
      vertex   -1.629404e+02 3.750002e+01 2.084132e+02
      vertex   -1.628008e+02 3.750002e+01 2.086130e+02
    endloop
  endfacet
  facet normal -8.699064e-01 5.083380e-08 4.932169e-01
    outer loop
      vertex   -1.628008e+02 4.250002e+01 2.086130e+02
      vertex   -1.628008e+02 3.750002e+01 2.086130e+02
      vertex   -1.626806e+02 4.250002e+01 2.088251e+02
    endloop
  endfacet
  facet normal -8.699064e-01 5.083380e-08 4.932169e-01
    outer loop
      vertex   -1.626806e+02 4.250002e+01 2.088251e+02
      vertex   -1.628008e+02 3.750002e+01 2.086130e+02
      vertex   -1.626806e+02 3.750002e+01 2.088251e+02
    endloop
  endfacet
  facet normal -9.122696e-01 5.330933e-08 4.095904e-01
    outer loop
      vertex   -1.626806e+02 4.250002e+01 2.088251e+02
      vertex   -1.626806e+02 3.750002e+01 2.088251e+02
      vertex   -1.625808e+02 4.250002e+01 2.090474e+02
    endloop
  endfacet
  facet normal -9.122696e-01 5.330933e-08 4.095904e-01
    outer loop
      vertex   -1.625808e+02 4.250002e+01 2.090474e+02
      vertex   -1.626806e+02 3.750002e+01 2.088251e+02
      vertex   -1.625808e+02 3.750002e+01 2.090474e+02
    endloop
  endfacet
  facet normal -9.466157e-01 5.531638e-08 3.223643e-01
    outer loop
      vertex   -1.625808e+02 4.250002e+01 2.090474e+02
      vertex   -1.625808e+02 3.750002e+01 2.090474e+02
      vertex   -1.625022e+02 4.250002e+01 2.092781e+02
    endloop
  endfacet
  facet normal -9.466157e-01 5.531638e-08 3.223643e-01
    outer loop
      vertex   -1.625022e+02 4.250002e+01 2.092781e+02
      vertex   -1.625808e+02 3.750002e+01 2.090474e+02
      vertex   -1.625022e+02 3.750002e+01 2.092781e+02
    endloop
  endfacet
  facet normal -9.726429e-01 5.683731e-08 2.323054e-01
    outer loop
      vertex   -1.625022e+02 4.250002e+01 2.092781e+02
      vertex   -1.625022e+02 3.750002e+01 2.092781e+02
      vertex   -1.624456e+02 4.250002e+01 2.095152e+02
    endloop
  endfacet
  facet normal -9.726429e-01 5.683731e-08 2.323054e-01
    outer loop
      vertex   -1.624456e+02 4.250002e+01 2.095152e+02
      vertex   -1.625022e+02 3.750002e+01 2.092781e+02
      vertex   -1.624456e+02 3.750002e+01 2.095152e+02
    endloop
  endfacet
  facet normal -9.901225e-01 5.785874e-08 1.402049e-01
    outer loop
      vertex   -1.624456e+02 4.250002e+01 2.095152e+02
      vertex   -1.624456e+02 3.750002e+01 2.095152e+02
      vertex   -1.624114e+02 4.250002e+01 2.097565e+02
    endloop
  endfacet
  facet normal -9.901225e-01 5.785874e-08 1.402049e-01
    outer loop
      vertex   -1.624114e+02 4.250002e+01 2.097565e+02
      vertex   -1.624456e+02 3.750002e+01 2.095152e+02
      vertex   -1.624114e+02 3.750002e+01 2.097565e+02
    endloop
  endfacet
  facet normal -9.989009e-01 5.837169e-08 -4.687226e-02
    outer loop
      vertex   -1.624114e+02 3.250002e+01 2.102435e+02
      vertex   -1.624114e+02 3.750002e+01 2.102435e+02
      vertex   -1.624000e+02 3.250002e+01 2.100000e+02
    endloop
  endfacet
  facet normal -9.989009e-01 5.837169e-08 -4.687226e-02
    outer loop
      vertex   -1.624000e+02 3.250002e+01 2.100000e+02
      vertex   -1.624114e+02 3.750002e+01 2.102435e+02
      vertex   -1.624000e+02 3.750002e+01 2.100000e+02
    endloop
  endfacet
  facet normal -9.989009e-01 5.837169e-08 4.687226e-02
    outer loop
      vertex   -1.624000e+02 3.250002e+01 2.100000e+02
      vertex   -1.624000e+02 3.750002e+01 2.100000e+02
      vertex   -1.624114e+02 3.250002e+01 2.097565e+02
    endloop
  endfacet
  facet normal -9.989009e-01 5.837169e-08 4.687226e-02
    outer loop
      vertex   -1.624114e+02 3.250002e+01 2.097565e+02
      vertex   -1.624000e+02 3.750002e+01 2.100000e+02
      vertex   -1.624114e+02 3.750002e+01 2.097565e+02
    endloop
  endfacet
  facet normal -9.901225e-01 5.785872e-08 1.402049e-01
    outer loop
      vertex   -1.624114e+02 3.250002e+01 2.097565e+02
      vertex   -1.624114e+02 3.750002e+01 2.097565e+02
      vertex   -1.624456e+02 3.250002e+01 2.095152e+02
    endloop
  endfacet
  facet normal -9.901225e-01 5.785872e-08 1.402049e-01
    outer loop
      vertex   -1.624456e+02 3.250002e+01 2.095152e+02
      vertex   -1.624114e+02 3.750002e+01 2.097565e+02
      vertex   -1.624456e+02 3.750002e+01 2.095152e+02
    endloop
  endfacet
  facet normal -9.726429e-01 5.683728e-08 2.323054e-01
    outer loop
      vertex   -1.624456e+02 3.250002e+01 2.095152e+02
      vertex   -1.624456e+02 3.750002e+01 2.095152e+02
      vertex   -1.625022e+02 3.250002e+01 2.092781e+02
    endloop
  endfacet
  facet normal -9.726429e-01 5.683728e-08 2.323054e-01
    outer loop
      vertex   -1.625022e+02 3.250002e+01 2.092781e+02
      vertex   -1.624456e+02 3.750002e+01 2.095152e+02
      vertex   -1.625022e+02 3.750002e+01 2.092781e+02
    endloop
  endfacet
  facet normal -9.466157e-01 5.531636e-08 3.223643e-01
    outer loop
      vertex   -1.625022e+02 3.250002e+01 2.092781e+02
      vertex   -1.625022e+02 3.750002e+01 2.092781e+02
      vertex   -1.625808e+02 3.250002e+01 2.090474e+02
    endloop
  endfacet
  facet normal -9.466157e-01 5.531636e-08 3.223643e-01
    outer loop
      vertex   -1.625808e+02 3.250002e+01 2.090474e+02
      vertex   -1.625022e+02 3.750002e+01 2.092781e+02
      vertex   -1.625808e+02 3.750002e+01 2.090474e+02
    endloop
  endfacet
  facet normal -9.122696e-01 5.330931e-08 4.095904e-01
    outer loop
      vertex   -1.625808e+02 3.250002e+01 2.090474e+02
      vertex   -1.625808e+02 3.750002e+01 2.090474e+02
      vertex   -1.626806e+02 3.250002e+01 2.088251e+02
    endloop
  endfacet
  facet normal -9.122696e-01 5.330931e-08 4.095904e-01
    outer loop
      vertex   -1.626806e+02 3.250002e+01 2.088251e+02
      vertex   -1.625808e+02 3.750002e+01 2.090474e+02
      vertex   -1.626806e+02 3.750002e+01 2.088251e+02
    endloop
  endfacet
  facet normal -8.699064e-01 5.083378e-08 4.932169e-01
    outer loop
      vertex   -1.626806e+02 3.250002e+01 2.088251e+02
      vertex   -1.626806e+02 3.750002e+01 2.088251e+02
      vertex   -1.628008e+02 3.250002e+01 2.086130e+02
    endloop
  endfacet
  facet normal -8.699064e-01 5.083379e-08 4.932169e-01
    outer loop
      vertex   -1.628008e+02 3.250002e+01 2.086130e+02
      vertex   -1.626806e+02 3.750002e+01 2.088251e+02
      vertex   -1.628008e+02 3.750002e+01 2.086130e+02
    endloop
  endfacet
  facet normal -8.198984e-01 4.791152e-08 5.725090e-01
    outer loop
      vertex   -1.628008e+02 3.250002e+01 2.086130e+02
      vertex   -1.628008e+02 3.750002e+01 2.086130e+02
      vertex   -1.629404e+02 3.250002e+01 2.084132e+02
    endloop
  endfacet
  facet normal -8.198984e-01 4.791152e-08 5.725090e-01
    outer loop
      vertex   -1.629404e+02 3.250002e+01 2.084132e+02
      vertex   -1.628008e+02 3.750002e+01 2.086130e+02
      vertex   -1.629404e+02 3.750002e+01 2.084132e+02
    endloop
  endfacet
  facet normal -7.626852e-01 4.456821e-08 6.467699e-01
    outer loop
      vertex   -1.629404e+02 3.250002e+01 2.084132e+02
      vertex   -1.629404e+02 3.750002e+01 2.084132e+02
      vertex   -1.630980e+02 3.250002e+01 2.082273e+02
    endloop
  endfacet
  facet normal -7.626852e-01 4.456820e-08 6.467699e-01
    outer loop
      vertex   -1.630980e+02 3.250002e+01 2.082273e+02
      vertex   -1.629404e+02 3.750002e+01 2.084132e+02
      vertex   -1.630980e+02 3.750002e+01 2.082273e+02
    endloop
  endfacet
  facet normal -6.987694e-01 4.083323e-08 7.153470e-01
    outer loop
      vertex   -1.630980e+02 3.250002e+01 2.082273e+02
      vertex   -1.630980e+02 3.750002e+01 2.082273e+02
      vertex   -1.632724e+02 3.250002e+01 2.080570e+02
    endloop
  endfacet
  facet normal -6.987694e-01 4.083324e-08 7.153470e-01
    outer loop
      vertex   -1.632724e+02 3.250002e+01 2.080570e+02
      vertex   -1.630980e+02 3.750002e+01 2.082273e+02
      vertex   -1.632724e+02 3.750002e+01 2.080570e+02
    endloop
  endfacet
  facet normal -6.287129e-01 3.673942e-08 7.776375e-01
    outer loop
      vertex   -1.632724e+02 3.250002e+01 2.080570e+02
      vertex   -1.632724e+02 3.750002e+01 2.080570e+02
      vertex   -1.634619e+02 3.250002e+01 2.079037e+02
    endloop
  endfacet
  facet normal -6.287129e-01 3.673941e-08 7.776375e-01
    outer loop
      vertex   -1.634619e+02 3.250002e+01 2.079037e+02
      vertex   -1.632724e+02 3.750002e+01 2.080570e+02
      vertex   -1.634619e+02 3.750002e+01 2.079037e+02
    endloop
  endfacet
  facet normal -5.531312e-01 3.232272e-08 8.330942e-01
    outer loop
      vertex   -1.634619e+02 3.250002e+01 2.079037e+02
      vertex   -1.634619e+02 3.750002e+01 2.079037e+02
      vertex   -1.636650e+02 3.250002e+01 2.077689e+02
    endloop
  endfacet
  facet normal -5.531312e-01 3.232273e-08 8.330942e-01
    outer loop
      vertex   -1.636650e+02 3.250002e+01 2.077689e+02
      vertex   -1.634619e+02 3.750002e+01 2.079037e+02
      vertex   -1.636650e+02 3.750002e+01 2.077689e+02
    endloop
  endfacet
  facet normal -4.726885e-01 2.762199e-08 8.812296e-01
    outer loop
      vertex   -1.636650e+02 3.250002e+01 2.077689e+02
      vertex   -1.636650e+02 3.750002e+01 2.077689e+02
      vertex   -1.638798e+02 3.250002e+01 2.076537e+02
    endloop
  endfacet
  facet normal -4.726885e-01 2.762198e-08 8.812296e-01
    outer loop
      vertex   -1.638798e+02 3.250002e+01 2.076537e+02
      vertex   -1.636650e+02 3.750002e+01 2.077689e+02
      vertex   -1.638798e+02 3.750002e+01 2.076537e+02
    endloop
  endfacet
  facet normal -3.880919e-01 2.267850e-08 9.216207e-01
    outer loop
      vertex   -1.638798e+02 3.250002e+01 2.076537e+02
      vertex   -1.638798e+02 3.750002e+01 2.076537e+02
      vertex   -1.641044e+02 3.250002e+01 2.075591e+02
    endloop
  endfacet
  facet normal -3.880919e-01 2.267851e-08 9.216207e-01
    outer loop
      vertex   -1.641044e+02 3.250002e+01 2.075591e+02
      vertex   -1.638798e+02 3.750002e+01 2.076537e+02
      vertex   -1.641044e+02 3.750002e+01 2.075591e+02
    endloop
  endfacet
  facet normal -3.000846e-01 1.753572e-08 9.539126e-01
    outer loop
      vertex   -1.641044e+02 3.250002e+01 2.075591e+02
      vertex   -1.641044e+02 3.750002e+01 2.075591e+02
      vertex   -1.643369e+02 3.250002e+01 2.074860e+02
    endloop
  endfacet
  facet normal -3.000846e-01 1.753572e-08 9.539126e-01
    outer loop
      vertex   -1.643369e+02 3.250002e+01 2.074860e+02
      vertex   -1.641044e+02 3.750002e+01 2.075591e+02
      vertex   -1.643369e+02 3.750002e+01 2.074860e+02
    endloop
  endfacet
  facet normal -2.094403e-01 1.223884e-08 9.778214e-01
    outer loop
      vertex   -1.643369e+02 3.250002e+01 2.074860e+02
      vertex   -1.643369e+02 3.750002e+01 2.074860e+02
      vertex   -1.645752e+02 3.250002e+01 2.074349e+02
    endloop
  endfacet
  facet normal -2.094403e-01 1.223884e-08 9.778214e-01
    outer loop
      vertex   -1.645752e+02 3.250002e+01 2.074349e+02
      vertex   -1.643369e+02 3.750002e+01 2.074860e+02
      vertex   -1.645752e+02 3.750002e+01 2.074349e+02
    endloop
  endfacet
  facet normal -1.169553e-01 6.834393e-09 9.931372e-01
    outer loop
      vertex   -1.645752e+02 3.250002e+01 2.074349e+02
      vertex   -1.645752e+02 3.750002e+01 2.074349e+02
      vertex   -1.648173e+02 3.250002e+01 2.074064e+02
    endloop
  endfacet
  facet normal -1.169553e-01 6.834393e-09 9.931372e-01
    outer loop
      vertex   -1.648173e+02 3.250002e+01 2.074064e+02
      vertex   -1.645752e+02 3.750002e+01 2.074349e+02
      vertex   -1.648173e+02 3.750002e+01 2.074064e+02
    endloop
  endfacet
  facet normal -2.344257e-02 1.369889e-09 9.997252e-01
    outer loop
      vertex   -1.648173e+02 3.250002e+01 2.074064e+02
      vertex   -1.648173e+02 3.750002e+01 2.074064e+02
      vertex   -1.650610e+02 3.250002e+01 2.074007e+02
    endloop
  endfacet
  facet normal -2.344257e-02 1.369889e-09 9.997252e-01
    outer loop
      vertex   -1.650610e+02 3.250002e+01 2.074007e+02
      vertex   -1.648173e+02 3.750002e+01 2.074064e+02
      vertex   -1.650610e+02 3.750002e+01 2.074007e+02
    endloop
  endfacet
  facet normal 7.027619e-02 -4.106655e-09 9.975276e-01
    outer loop
      vertex   -1.650610e+02 3.250002e+01 2.074007e+02
      vertex   -1.650610e+02 3.750002e+01 2.074007e+02
      vertex   -1.653041e+02 3.250002e+01 2.074178e+02
    endloop
  endfacet
  facet normal 7.027619e-02 -4.106654e-09 9.975276e-01
    outer loop
      vertex   -1.653041e+02 3.250002e+01 2.074178e+02
      vertex   -1.650610e+02 3.750002e+01 2.074007e+02
      vertex   -1.653041e+02 3.750002e+01 2.074178e+02
    endloop
  endfacet
  facet normal 1.633774e-01 -9.547108e-09 9.865637e-01
    outer loop
      vertex   -1.653041e+02 3.250002e+01 2.074178e+02
      vertex   -1.653041e+02 3.750002e+01 2.074178e+02
      vertex   -1.655445e+02 3.250002e+01 2.074577e+02
    endloop
  endfacet
  facet normal 1.633774e-01 -9.547108e-09 9.865637e-01
    outer loop
      vertex   -1.655445e+02 3.250002e+01 2.074577e+02
      vertex   -1.653041e+02 3.750002e+01 2.074178e+02
      vertex   -1.655445e+02 3.750002e+01 2.074577e+02
    endloop
  endfacet
  facet normal 2.550428e-01 -1.490366e-08 9.669298e-01
    outer loop
      vertex   -1.655445e+02 3.250002e+01 2.074577e+02
      vertex   -1.655445e+02 3.750002e+01 2.074577e+02
      vertex   -1.657802e+02 3.250002e+01 2.075198e+02
    endloop
  endfacet
  facet normal 2.550428e-01 -1.490366e-08 9.669298e-01
    outer loop
      vertex   -1.657802e+02 3.250002e+01 2.075198e+02
      vertex   -1.655445e+02 3.750002e+01 2.074577e+02
      vertex   -1.657802e+02 3.750002e+01 2.075198e+02
    endloop
  endfacet
  facet normal 3.444669e-01 -2.012923e-08 9.387985e-01
    outer loop
      vertex   -1.657802e+02 3.250002e+01 2.075198e+02
      vertex   -1.657802e+02 3.750002e+01 2.075198e+02
      vertex   -1.660090e+02 3.250002e+01 2.076038e+02
    endloop
  endfacet
  facet normal 3.444669e-01 -2.012924e-08 9.387985e-01
    outer loop
      vertex   -1.660090e+02 3.250002e+01 2.076038e+02
      vertex   -1.657802e+02 3.750002e+01 2.075198e+02
      vertex   -1.660090e+02 3.750002e+01 2.076038e+02
    endloop
  endfacet
  facet normal 4.308637e-01 -2.517792e-08 9.024170e-01
    outer loop
      vertex   -1.660090e+02 3.250002e+01 2.076038e+02
      vertex   -1.660090e+02 3.750002e+01 2.076038e+02
      vertex   -1.662290e+02 3.250002e+01 2.077088e+02
    endloop
  endfacet
  facet normal 4.308637e-01 -2.517792e-08 9.024170e-01
    outer loop
      vertex   -1.662290e+02 3.250002e+01 2.077088e+02
      vertex   -1.660090e+02 3.750002e+01 2.076038e+02
      vertex   -1.662290e+02 3.750002e+01 2.077088e+02
    endloop
  endfacet
  facet normal 5.134742e-01 -3.000534e-08 8.581050e-01
    outer loop
      vertex   -1.662290e+02 3.250002e+01 2.077088e+02
      vertex   -1.662290e+02 3.750002e+01 2.077088e+02
      vertex   -1.664381e+02 3.250002e+01 2.078340e+02
    endloop
  endfacet
  facet normal 5.134742e-01 -3.000534e-08 8.581050e-01
    outer loop
      vertex   -1.664381e+02 3.250002e+01 2.078340e+02
      vertex   -1.662290e+02 3.750002e+01 2.077088e+02
      vertex   -1.664381e+02 3.750002e+01 2.078340e+02
    endloop
  endfacet
  facet normal 5.915722e-01 -3.456907e-08 8.062520e-01
    outer loop
      vertex   -1.664381e+02 3.250002e+01 2.078340e+02
      vertex   -1.664381e+02 3.750002e+01 2.078340e+02
      vertex   -1.666347e+02 3.250002e+01 2.079781e+02
    endloop
  endfacet
  facet normal 5.915722e-01 -3.456907e-08 8.062520e-01
    outer loop
      vertex   -1.666347e+02 3.250002e+01 2.079781e+02
      vertex   -1.664381e+02 3.750002e+01 2.078340e+02
      vertex   -1.666347e+02 3.750002e+01 2.079781e+02
    endloop
  endfacet
  facet normal 6.644715e-01 -3.882901e-08 7.473136e-01
    outer loop
      vertex   -1.666347e+02 3.250002e+01 2.079781e+02
      vertex   -1.666347e+02 3.750002e+01 2.079781e+02
      vertex   -1.668168e+02 3.250002e+01 2.081401e+02
    endloop
  endfacet
  facet normal 6.644715e-01 -3.882901e-08 7.473136e-01
    outer loop
      vertex   -1.668168e+02 3.250002e+01 2.081401e+02
      vertex   -1.666347e+02 3.750002e+01 2.079781e+02
      vertex   -1.668168e+02 3.750002e+01 2.081401e+02
    endloop
  endfacet
  facet normal 7.315313e-01 -4.274771e-08 6.818078e-01
    outer loop
      vertex   -1.668168e+02 3.250002e+01 2.081401e+02
      vertex   -1.668168e+02 3.750002e+01 2.081401e+02
      vertex   -1.669830e+02 3.250002e+01 2.083184e+02
    endloop
  endfacet
  facet normal 7.315313e-01 -4.274772e-08 6.818078e-01
    outer loop
      vertex   -1.669830e+02 3.250002e+01 2.083184e+02
      vertex   -1.668168e+02 3.750002e+01 2.081401e+02
      vertex   -1.669830e+02 3.750002e+01 2.083184e+02
    endloop
  endfacet
  facet normal 7.921625e-01 -4.629075e-08 6.103103e-01
    outer loop
      vertex   -1.669830e+02 3.250002e+01 2.083184e+02
      vertex   -1.669830e+02 3.750002e+01 2.083184e+02
      vertex   -1.671317e+02 3.250002e+01 2.085115e+02
    endloop
  endfacet
  facet normal 7.921625e-01 -4.629075e-08 6.103103e-01
    outer loop
      vertex   -1.671317e+02 3.250002e+01 2.085115e+02
      vertex   -1.669830e+02 3.750002e+01 2.083184e+02
      vertex   -1.671317e+02 3.750002e+01 2.085115e+02
    endloop
  endfacet
  facet normal 8.458321e-01 -4.942698e-08 5.334493e-01
    outer loop
      vertex   -1.671317e+02 3.250002e+01 2.085115e+02
      vertex   -1.671317e+02 3.750002e+01 2.085115e+02
      vertex   -1.672618e+02 3.250002e+01 2.087176e+02
    endloop
  endfacet
  facet normal 8.458321e-01 -4.942697e-08 5.334493e-01
    outer loop
      vertex   -1.672618e+02 3.250002e+01 2.087176e+02
      vertex   -1.671317e+02 3.750002e+01 2.085115e+02
      vertex   -1.672618e+02 3.750002e+01 2.087176e+02
    endloop
  endfacet
  facet normal 8.920684e-01 -5.212884e-08 4.519003e-01
    outer loop
      vertex   -1.672618e+02 3.250002e+01 2.087176e+02
      vertex   -1.672618e+02 3.750002e+01 2.087176e+02
      vertex   -1.673719e+02 3.250002e+01 2.089351e+02
    endloop
  endfacet
  facet normal 8.920684e-01 -5.212884e-08 4.519003e-01
    outer loop
      vertex   -1.673719e+02 3.250002e+01 2.089351e+02
      vertex   -1.672618e+02 3.750002e+01 2.087176e+02
      vertex   -1.673719e+02 3.750002e+01 2.089351e+02
    endloop
  endfacet
  facet normal 9.304653e-01 -5.437259e-08 3.663800e-01
    outer loop
      vertex   -1.673719e+02 3.250002e+01 2.089351e+02
      vertex   -1.673719e+02 3.750002e+01 2.089351e+02
      vertex   -1.674612e+02 3.250002e+01 2.091619e+02
    endloop
  endfacet
  facet normal 9.304653e-01 -5.437260e-08 3.663800e-01
    outer loop
      vertex   -1.674612e+02 3.250002e+01 2.091619e+02
      vertex   -1.673719e+02 3.750002e+01 2.089351e+02
      vertex   -1.674612e+02 3.750002e+01 2.091619e+02
    endloop
  endfacet
  facet normal 9.606852e-01 -5.613852e-08 2.776400e-01
    outer loop
      vertex   -1.674612e+02 3.250002e+01 2.091619e+02
      vertex   -1.674612e+02 3.750002e+01 2.091619e+02
      vertex   -1.675289e+02 3.250002e+01 2.093960e+02
    endloop
  endfacet
  facet normal 9.606852e-01 -5.613853e-08 2.776400e-01
    outer loop
      vertex   -1.675289e+02 3.250002e+01 2.093960e+02
      vertex   -1.674612e+02 3.750002e+01 2.091619e+02
      vertex   -1.675289e+02 3.750002e+01 2.093960e+02
    endloop
  endfacet
  facet normal 9.824625e-01 -5.741111e-08 1.864601e-01
    outer loop
      vertex   -1.675289e+02 3.250002e+01 2.093960e+02
      vertex   -1.675289e+02 3.750002e+01 2.093960e+02
      vertex   -1.675743e+02 3.250002e+01 2.096355e+02
    endloop
  endfacet
  facet normal 9.824625e-01 -5.741110e-08 1.864601e-01
    outer loop
      vertex   -1.675743e+02 3.250002e+01 2.096355e+02
      vertex   -1.675289e+02 3.750002e+01 2.093960e+02
      vertex   -1.675743e+02 3.750002e+01 2.096355e+02
    endloop
  endfacet
  facet normal 9.956060e-01 -5.817915e-08 9.364149e-02
    outer loop
      vertex   -1.675743e+02 3.250002e+01 2.096355e+02
      vertex   -1.675743e+02 3.750002e+01 2.096355e+02
      vertex   -1.675971e+02 3.250002e+01 2.098781e+02
    endloop
  endfacet
  facet normal 9.956060e-01 -5.817916e-08 9.364149e-02
    outer loop
      vertex   -1.675971e+02 3.250002e+01 2.098781e+02
      vertex   -1.675743e+02 3.750002e+01 2.096355e+02
      vertex   -1.675971e+02 3.750002e+01 2.098781e+02
    endloop
  endfacet
  facet normal 1.000000e+00 -5.843593e-08 0.000000e+00
    outer loop
      vertex   -1.675971e+02 3.250002e+01 2.098781e+02
      vertex   -1.675971e+02 3.750002e+01 2.098781e+02
      vertex   -1.675971e+02 3.250002e+01 2.101219e+02
    endloop
  endfacet
  facet normal 1.000000e+00 -5.843593e-08 0.000000e+00
    outer loop
      vertex   -1.675971e+02 3.250002e+01 2.101219e+02
      vertex   -1.675971e+02 3.750002e+01 2.098781e+02
      vertex   -1.675971e+02 3.750002e+01 2.101219e+02
    endloop
  endfacet
  facet normal 9.956060e-01 -5.817916e-08 -9.364149e-02
    outer loop
      vertex   -1.675971e+02 3.250002e+01 2.101219e+02
      vertex   -1.675971e+02 3.750002e+01 2.101219e+02
      vertex   -1.675743e+02 3.250002e+01 2.103645e+02
    endloop
  endfacet
  facet normal 9.956060e-01 -5.817915e-08 -9.364149e-02
    outer loop
      vertex   -1.675743e+02 3.250002e+01 2.103645e+02
      vertex   -1.675971e+02 3.750002e+01 2.101219e+02
      vertex   -1.675743e+02 3.750002e+01 2.103645e+02
    endloop
  endfacet
  facet normal 9.824625e-01 -5.741110e-08 -1.864601e-01
    outer loop
      vertex   -1.675743e+02 3.250002e+01 2.103645e+02
      vertex   -1.675743e+02 3.750002e+01 2.103645e+02
      vertex   -1.675289e+02 3.250002e+01 2.106040e+02
    endloop
  endfacet
  facet normal 9.824625e-01 -5.741111e-08 -1.864601e-01
    outer loop
      vertex   -1.675289e+02 3.250002e+01 2.106040e+02
      vertex   -1.675743e+02 3.750002e+01 2.103645e+02
      vertex   -1.675289e+02 3.750002e+01 2.106040e+02
    endloop
  endfacet
  facet normal 9.606852e-01 -5.613853e-08 -2.776400e-01
    outer loop
      vertex   -1.675289e+02 3.250002e+01 2.106040e+02
      vertex   -1.675289e+02 3.750002e+01 2.106040e+02
      vertex   -1.674612e+02 3.250002e+01 2.108382e+02
    endloop
  endfacet
  facet normal 9.606852e-01 -5.613852e-08 -2.776400e-01
    outer loop
      vertex   -1.674612e+02 3.250002e+01 2.108382e+02
      vertex   -1.675289e+02 3.750002e+01 2.106040e+02
      vertex   -1.674612e+02 3.750002e+01 2.108382e+02
    endloop
  endfacet
  facet normal 9.304653e-01 -5.437260e-08 -3.663800e-01
    outer loop
      vertex   -1.674612e+02 3.250002e+01 2.108382e+02
      vertex   -1.674612e+02 3.750002e+01 2.108382e+02
      vertex   -1.673719e+02 3.250002e+01 2.110649e+02
    endloop
  endfacet
  facet normal 9.304653e-01 -5.437259e-08 -3.663800e-01
    outer loop
      vertex   -1.673719e+02 3.250002e+01 2.110649e+02
      vertex   -1.674612e+02 3.750002e+01 2.108382e+02
      vertex   -1.673719e+02 3.750002e+01 2.110649e+02
    endloop
  endfacet
  facet normal 8.920684e-01 -5.212884e-08 -4.519003e-01
    outer loop
      vertex   -1.673719e+02 3.250002e+01 2.110649e+02
      vertex   -1.673719e+02 3.750002e+01 2.110649e+02
      vertex   -1.672618e+02 3.250002e+01 2.112824e+02
    endloop
  endfacet
  facet normal 8.920684e-01 -5.212884e-08 -4.519003e-01
    outer loop
      vertex   -1.672618e+02 3.250002e+01 2.112824e+02
      vertex   -1.673719e+02 3.750002e+01 2.110649e+02
      vertex   -1.672618e+02 3.750002e+01 2.112824e+02
    endloop
  endfacet
  facet normal 8.458321e-01 -4.942697e-08 -5.334493e-01
    outer loop
      vertex   -1.672618e+02 3.250002e+01 2.112824e+02
      vertex   -1.672618e+02 3.750002e+01 2.112824e+02
      vertex   -1.671317e+02 3.250002e+01 2.114885e+02
    endloop
  endfacet
  facet normal 8.458321e-01 -4.942698e-08 -5.334493e-01
    outer loop
      vertex   -1.671317e+02 3.250002e+01 2.114885e+02
      vertex   -1.672618e+02 3.750002e+01 2.112824e+02
      vertex   -1.671317e+02 3.750002e+01 2.114885e+02
    endloop
  endfacet
  facet normal 7.921625e-01 -4.629075e-08 -6.103103e-01
    outer loop
      vertex   -1.671317e+02 3.250002e+01 2.114885e+02
      vertex   -1.671317e+02 3.750002e+01 2.114885e+02
      vertex   -1.669830e+02 3.250002e+01 2.116816e+02
    endloop
  endfacet
  facet normal 7.921625e-01 -4.629075e-08 -6.103103e-01
    outer loop
      vertex   -1.669830e+02 3.250002e+01 2.116816e+02
      vertex   -1.671317e+02 3.750002e+01 2.114885e+02
      vertex   -1.669830e+02 3.750002e+01 2.116816e+02
    endloop
  endfacet
  facet normal 7.315313e-01 -4.274772e-08 -6.818078e-01
    outer loop
      vertex   -1.669830e+02 3.250002e+01 2.116816e+02
      vertex   -1.669830e+02 3.750002e+01 2.116816e+02
      vertex   -1.668168e+02 3.250002e+01 2.118599e+02
    endloop
  endfacet
  facet normal 7.315313e-01 -4.274771e-08 -6.818078e-01
    outer loop
      vertex   -1.668168e+02 3.250002e+01 2.118599e+02
      vertex   -1.669830e+02 3.750002e+01 2.116816e+02
      vertex   -1.668168e+02 3.750002e+01 2.118599e+02
    endloop
  endfacet
  facet normal 6.644715e-01 -3.882901e-08 -7.473136e-01
    outer loop
      vertex   -1.668168e+02 3.250002e+01 2.118599e+02
      vertex   -1.668168e+02 3.750002e+01 2.118599e+02
      vertex   -1.666347e+02 3.250002e+01 2.120219e+02
    endloop
  endfacet
  facet normal 6.644715e-01 -3.882901e-08 -7.473136e-01
    outer loop
      vertex   -1.666347e+02 3.250002e+01 2.120219e+02
      vertex   -1.668168e+02 3.750002e+01 2.118599e+02
      vertex   -1.666347e+02 3.750002e+01 2.120219e+02
    endloop
  endfacet
  facet normal 5.915722e-01 -3.456907e-08 -8.062520e-01
    outer loop
      vertex   -1.666347e+02 3.250002e+01 2.120219e+02
      vertex   -1.666347e+02 3.750002e+01 2.120219e+02
      vertex   -1.664381e+02 3.250002e+01 2.121660e+02
    endloop
  endfacet
  facet normal 5.915722e-01 -3.456907e-08 -8.062520e-01
    outer loop
      vertex   -1.664381e+02 3.250002e+01 2.121660e+02
      vertex   -1.666347e+02 3.750002e+01 2.120219e+02
      vertex   -1.664381e+02 3.750002e+01 2.121660e+02
    endloop
  endfacet
  facet normal 5.134742e-01 -3.000534e-08 -8.581050e-01
    outer loop
      vertex   -1.664381e+02 3.250002e+01 2.121660e+02
      vertex   -1.664381e+02 3.750002e+01 2.121660e+02
      vertex   -1.662290e+02 3.250002e+01 2.122912e+02
    endloop
  endfacet
  facet normal 5.134742e-01 -3.000534e-08 -8.581050e-01
    outer loop
      vertex   -1.662290e+02 3.250002e+01 2.122912e+02
      vertex   -1.664381e+02 3.750002e+01 2.121660e+02
      vertex   -1.662290e+02 3.750002e+01 2.122912e+02
    endloop
  endfacet
  facet normal 4.308637e-01 -2.517792e-08 -9.024170e-01
    outer loop
      vertex   -1.662290e+02 3.250002e+01 2.122912e+02
      vertex   -1.662290e+02 3.750002e+01 2.122912e+02
      vertex   -1.660090e+02 3.250002e+01 2.123962e+02
    endloop
  endfacet
  facet normal 4.308637e-01 -2.517792e-08 -9.024170e-01
    outer loop
      vertex   -1.660090e+02 3.250002e+01 2.123962e+02
      vertex   -1.662290e+02 3.750002e+01 2.122912e+02
      vertex   -1.660090e+02 3.750002e+01 2.123962e+02
    endloop
  endfacet
  facet normal 3.444669e-01 -2.012924e-08 -9.387985e-01
    outer loop
      vertex   -1.660090e+02 3.250002e+01 2.123962e+02
      vertex   -1.660090e+02 3.750002e+01 2.123962e+02
      vertex   -1.657802e+02 3.250002e+01 2.124802e+02
    endloop
  endfacet
  facet normal 3.444669e-01 -2.012923e-08 -9.387985e-01
    outer loop
      vertex   -1.657802e+02 3.250002e+01 2.124802e+02
      vertex   -1.660090e+02 3.750002e+01 2.123962e+02
      vertex   -1.657802e+02 3.750002e+01 2.124802e+02
    endloop
  endfacet
  facet normal 2.550428e-01 -1.490366e-08 -9.669298e-01
    outer loop
      vertex   -1.657802e+02 3.250002e+01 2.124802e+02
      vertex   -1.657802e+02 3.750002e+01 2.124802e+02
      vertex   -1.655445e+02 3.250002e+01 2.125423e+02
    endloop
  endfacet
  facet normal 2.550428e-01 -1.490366e-08 -9.669298e-01
    outer loop
      vertex   -1.655445e+02 3.250002e+01 2.125423e+02
      vertex   -1.657802e+02 3.750002e+01 2.124802e+02
      vertex   -1.655445e+02 3.750002e+01 2.125423e+02
    endloop
  endfacet
  facet normal 1.633774e-01 -9.547108e-09 -9.865637e-01
    outer loop
      vertex   -1.655445e+02 3.250002e+01 2.125423e+02
      vertex   -1.655445e+02 3.750002e+01 2.125423e+02
      vertex   -1.653041e+02 3.250002e+01 2.125822e+02
    endloop
  endfacet
  facet normal 1.633774e-01 -9.547108e-09 -9.865637e-01
    outer loop
      vertex   -1.653041e+02 3.250002e+01 2.125822e+02
      vertex   -1.655445e+02 3.750002e+01 2.125423e+02
      vertex   -1.653041e+02 3.750002e+01 2.125822e+02
    endloop
  endfacet
  facet normal 7.027619e-02 -4.106654e-09 -9.975276e-01
    outer loop
      vertex   -1.653041e+02 3.250002e+01 2.125822e+02
      vertex   -1.653041e+02 3.750002e+01 2.125822e+02
      vertex   -1.650610e+02 3.250002e+01 2.125993e+02
    endloop
  endfacet
  facet normal 7.027619e-02 -4.106655e-09 -9.975276e-01
    outer loop
      vertex   -1.650610e+02 3.250002e+01 2.125993e+02
      vertex   -1.653041e+02 3.750002e+01 2.125822e+02
      vertex   -1.650610e+02 3.750002e+01 2.125993e+02
    endloop
  endfacet
  facet normal -2.344257e-02 1.369889e-09 -9.997252e-01
    outer loop
      vertex   -1.650610e+02 3.250002e+01 2.125993e+02
      vertex   -1.650610e+02 3.750002e+01 2.125993e+02
      vertex   -1.648173e+02 3.250002e+01 2.125936e+02
    endloop
  endfacet
  facet normal -2.344257e-02 1.369889e-09 -9.997252e-01
    outer loop
      vertex   -1.648173e+02 3.250002e+01 2.125936e+02
      vertex   -1.650610e+02 3.750002e+01 2.125993e+02
      vertex   -1.648173e+02 3.750002e+01 2.125936e+02
    endloop
  endfacet
  facet normal -1.169553e-01 6.834393e-09 -9.931372e-01
    outer loop
      vertex   -1.648173e+02 3.250002e+01 2.125936e+02
      vertex   -1.648173e+02 3.750002e+01 2.125936e+02
      vertex   -1.645752e+02 3.250002e+01 2.125651e+02
    endloop
  endfacet
  facet normal -1.169553e-01 6.834393e-09 -9.931372e-01
    outer loop
      vertex   -1.645752e+02 3.250002e+01 2.125651e+02
      vertex   -1.648173e+02 3.750002e+01 2.125936e+02
      vertex   -1.645752e+02 3.750002e+01 2.125651e+02
    endloop
  endfacet
  facet normal -2.094403e-01 1.223884e-08 -9.778214e-01
    outer loop
      vertex   -1.645752e+02 3.250002e+01 2.125651e+02
      vertex   -1.645752e+02 3.750002e+01 2.125651e+02
      vertex   -1.643369e+02 3.250002e+01 2.125140e+02
    endloop
  endfacet
  facet normal -2.094403e-01 1.223884e-08 -9.778214e-01
    outer loop
      vertex   -1.643369e+02 3.250002e+01 2.125140e+02
      vertex   -1.645752e+02 3.750002e+01 2.125651e+02
      vertex   -1.643369e+02 3.750002e+01 2.125140e+02
    endloop
  endfacet
  facet normal -3.000846e-01 1.753572e-08 -9.539126e-01
    outer loop
      vertex   -1.643369e+02 3.250002e+01 2.125140e+02
      vertex   -1.643369e+02 3.750002e+01 2.125140e+02
      vertex   -1.641044e+02 3.250002e+01 2.124409e+02
    endloop
  endfacet
  facet normal -3.000846e-01 1.753572e-08 -9.539126e-01
    outer loop
      vertex   -1.641044e+02 3.250002e+01 2.124409e+02
      vertex   -1.643369e+02 3.750002e+01 2.125140e+02
      vertex   -1.641044e+02 3.750002e+01 2.124409e+02
    endloop
  endfacet
  facet normal -3.880919e-01 2.267851e-08 -9.216207e-01
    outer loop
      vertex   -1.641044e+02 3.250002e+01 2.124409e+02
      vertex   -1.641044e+02 3.750002e+01 2.124409e+02
      vertex   -1.638798e+02 3.250002e+01 2.123463e+02
    endloop
  endfacet
  facet normal -3.880919e-01 2.267850e-08 -9.216207e-01
    outer loop
      vertex   -1.638798e+02 3.250002e+01 2.123463e+02
      vertex   -1.641044e+02 3.750002e+01 2.124409e+02
      vertex   -1.638798e+02 3.750002e+01 2.123463e+02
    endloop
  endfacet
  facet normal -4.726885e-01 2.762198e-08 -8.812296e-01
    outer loop
      vertex   -1.638798e+02 3.250002e+01 2.123463e+02
      vertex   -1.638798e+02 3.750002e+01 2.123463e+02
      vertex   -1.636650e+02 3.250002e+01 2.122311e+02
    endloop
  endfacet
  facet normal -4.726885e-01 2.762199e-08 -8.812296e-01
    outer loop
      vertex   -1.636650e+02 3.250002e+01 2.122311e+02
      vertex   -1.638798e+02 3.750002e+01 2.123463e+02
      vertex   -1.636650e+02 3.750002e+01 2.122311e+02
    endloop
  endfacet
  facet normal -5.531312e-01 3.232273e-08 -8.330942e-01
    outer loop
      vertex   -1.636650e+02 3.250002e+01 2.122311e+02
      vertex   -1.636650e+02 3.750002e+01 2.122311e+02
      vertex   -1.634619e+02 3.250002e+01 2.120963e+02
    endloop
  endfacet
  facet normal -5.531312e-01 3.232272e-08 -8.330942e-01
    outer loop
      vertex   -1.634619e+02 3.250002e+01 2.120963e+02
      vertex   -1.636650e+02 3.750002e+01 2.122311e+02
      vertex   -1.634619e+02 3.750002e+01 2.120963e+02
    endloop
  endfacet
  facet normal -6.287129e-01 3.673941e-08 -7.776375e-01
    outer loop
      vertex   -1.634619e+02 3.250002e+01 2.120963e+02
      vertex   -1.634619e+02 3.750002e+01 2.120963e+02
      vertex   -1.632724e+02 3.250002e+01 2.119430e+02
    endloop
  endfacet
  facet normal -6.287129e-01 3.673942e-08 -7.776375e-01
    outer loop
      vertex   -1.632724e+02 3.250002e+01 2.119430e+02
      vertex   -1.634619e+02 3.750002e+01 2.120963e+02
      vertex   -1.632724e+02 3.750002e+01 2.119430e+02
    endloop
  endfacet
  facet normal -6.987694e-01 4.083324e-08 -7.153470e-01
    outer loop
      vertex   -1.632724e+02 3.250002e+01 2.119430e+02
      vertex   -1.632724e+02 3.750002e+01 2.119430e+02
      vertex   -1.630980e+02 3.250002e+01 2.117727e+02
    endloop
  endfacet
  facet normal -6.987694e-01 4.083323e-08 -7.153470e-01
    outer loop
      vertex   -1.630980e+02 3.250002e+01 2.117727e+02
      vertex   -1.632724e+02 3.750002e+01 2.119430e+02
      vertex   -1.630980e+02 3.750002e+01 2.117727e+02
    endloop
  endfacet
  facet normal -7.626852e-01 4.456820e-08 -6.467699e-01
    outer loop
      vertex   -1.630980e+02 3.250002e+01 2.117727e+02
      vertex   -1.630980e+02 3.750002e+01 2.117727e+02
      vertex   -1.629404e+02 3.250002e+01 2.115868e+02
    endloop
  endfacet
  facet normal -7.626852e-01 4.456821e-08 -6.467699e-01
    outer loop
      vertex   -1.629404e+02 3.250002e+01 2.115868e+02
      vertex   -1.630980e+02 3.750002e+01 2.117727e+02
      vertex   -1.629404e+02 3.750002e+01 2.115868e+02
    endloop
  endfacet
  facet normal -8.198984e-01 4.791152e-08 -5.725090e-01
    outer loop
      vertex   -1.629404e+02 3.250002e+01 2.115868e+02
      vertex   -1.629404e+02 3.750002e+01 2.115868e+02
      vertex   -1.628008e+02 3.250002e+01 2.113870e+02
    endloop
  endfacet
  facet normal -8.198984e-01 4.791152e-08 -5.725090e-01
    outer loop
      vertex   -1.628008e+02 3.250002e+01 2.113870e+02
      vertex   -1.629404e+02 3.750002e+01 2.115868e+02
      vertex   -1.628008e+02 3.750002e+01 2.113870e+02
    endloop
  endfacet
  facet normal -8.699064e-01 5.083379e-08 -4.932169e-01
    outer loop
      vertex   -1.628008e+02 3.250002e+01 2.113870e+02
      vertex   -1.628008e+02 3.750002e+01 2.113870e+02
      vertex   -1.626806e+02 3.250002e+01 2.111749e+02
    endloop
  endfacet
  facet normal -8.699064e-01 5.083378e-08 -4.932169e-01
    outer loop
      vertex   -1.626806e+02 3.250002e+01 2.111749e+02
      vertex   -1.628008e+02 3.750002e+01 2.113870e+02
      vertex   -1.626806e+02 3.750002e+01 2.111749e+02
    endloop
  endfacet
  facet normal -9.122696e-01 5.330931e-08 -4.095904e-01
    outer loop
      vertex   -1.626806e+02 3.250002e+01 2.111749e+02
      vertex   -1.626806e+02 3.750002e+01 2.111749e+02
      vertex   -1.625808e+02 3.250002e+01 2.109526e+02
    endloop
  endfacet
  facet normal -9.122696e-01 5.330931e-08 -4.095904e-01
    outer loop
      vertex   -1.625808e+02 3.250002e+01 2.109526e+02
      vertex   -1.626806e+02 3.750002e+01 2.111749e+02
      vertex   -1.625808e+02 3.750002e+01 2.109526e+02
    endloop
  endfacet
  facet normal -9.466157e-01 5.531636e-08 -3.223643e-01
    outer loop
      vertex   -1.625808e+02 3.250002e+01 2.109526e+02
      vertex   -1.625808e+02 3.750002e+01 2.109526e+02
      vertex   -1.625022e+02 3.250002e+01 2.107219e+02
    endloop
  endfacet
  facet normal -9.466157e-01 5.531636e-08 -3.223643e-01
    outer loop
      vertex   -1.625022e+02 3.250002e+01 2.107219e+02
      vertex   -1.625808e+02 3.750002e+01 2.109526e+02
      vertex   -1.625022e+02 3.750002e+01 2.107219e+02
    endloop
  endfacet
  facet normal -9.726429e-01 5.683728e-08 -2.323054e-01
    outer loop
      vertex   -1.625022e+02 3.250002e+01 2.107219e+02
      vertex   -1.625022e+02 3.750002e+01 2.107219e+02
      vertex   -1.624456e+02 3.250002e+01 2.104848e+02
    endloop
  endfacet
  facet normal -9.726429e-01 5.683728e-08 -2.323054e-01
    outer loop
      vertex   -1.624456e+02 3.250002e+01 2.104848e+02
      vertex   -1.625022e+02 3.750002e+01 2.107219e+02
      vertex   -1.624456e+02 3.750002e+01 2.104848e+02
    endloop
  endfacet
  facet normal -9.901225e-01 5.785872e-08 -1.402049e-01
    outer loop
      vertex   -1.624456e+02 3.250002e+01 2.104848e+02
      vertex   -1.624456e+02 3.750002e+01 2.104848e+02
      vertex   -1.624114e+02 3.250002e+01 2.102435e+02
    endloop
  endfacet
  facet normal -9.901225e-01 5.785872e-08 -1.402049e-01
    outer loop
      vertex   -1.624114e+02 3.250002e+01 2.102435e+02
      vertex   -1.624456e+02 3.750002e+01 2.104848e+02
      vertex   -1.624114e+02 3.750002e+01 2.102435e+02
    endloop
  endfacet
  facet normal -9.989009e-01 5.837170e-08 -4.687226e-02
    outer loop
      vertex   -1.999114e+02 3.010002e+01 2.102435e+02
      vertex   -1.999114e+02 3.480002e+01 2.102435e+02
      vertex   -1.999000e+02 3.010002e+01 2.100000e+02
    endloop
  endfacet
  facet normal -9.989009e-01 5.837170e-08 -4.687226e-02
    outer loop
      vertex   -1.999000e+02 3.010002e+01 2.100000e+02
      vertex   -1.999114e+02 3.480002e+01 2.102435e+02
      vertex   -1.999000e+02 3.480002e+01 2.100000e+02
    endloop
  endfacet
  facet normal -9.989009e-01 5.837170e-08 4.687226e-02
    outer loop
      vertex   -1.999000e+02 3.010002e+01 2.100000e+02
      vertex   -1.999000e+02 3.480002e+01 2.100000e+02
      vertex   -1.999114e+02 3.010002e+01 2.097565e+02
    endloop
  endfacet
  facet normal -9.989009e-01 5.837170e-08 4.687226e-02
    outer loop
      vertex   -1.999114e+02 3.010002e+01 2.097565e+02
      vertex   -1.999000e+02 3.480002e+01 2.100000e+02
      vertex   -1.999114e+02 3.480002e+01 2.097565e+02
    endloop
  endfacet
  facet normal -9.901225e-01 5.785873e-08 1.402049e-01
    outer loop
      vertex   -1.999114e+02 3.010002e+01 2.097565e+02
      vertex   -1.999114e+02 3.480002e+01 2.097565e+02
      vertex   -1.999456e+02 3.480002e+01 2.095152e+02
    endloop
  endfacet
  facet normal -9.901225e-01 5.785872e-08 1.402049e-01
    outer loop
      vertex   -1.999456e+02 3.480002e+01 2.095152e+02
      vertex   -1.999114e+02 3.480002e+01 2.097565e+02
      vertex   -1.999114e+02 3.950002e+01 2.097565e+02
    endloop
  endfacet
  facet normal -9.901225e-01 5.785872e-08 1.402049e-01
    outer loop
      vertex   -1.999456e+02 3.480002e+01 2.095152e+02
      vertex   -1.999114e+02 3.950002e+01 2.097565e+02
      vertex   -1.999456e+02 3.950002e+01 2.095152e+02
    endloop
  endfacet
  facet normal -9.901225e-01 5.785873e-08 -1.402049e-01
    outer loop
      vertex   -1.999114e+02 3.480002e+01 2.102435e+02
      vertex   -1.999114e+02 3.010002e+01 2.102435e+02
      vertex   -1.999456e+02 3.480002e+01 2.104848e+02
    endloop
  endfacet
  facet normal -9.901225e-01 5.785873e-08 -1.402049e-01
    outer loop
      vertex   -1.999456e+02 3.480002e+01 2.104848e+02
      vertex   -1.999114e+02 3.010002e+01 2.102435e+02
      vertex   -1.999456e+02 3.010002e+01 2.104848e+02
    endloop
  endfacet
  facet normal -9.726429e-01 5.683729e-08 -2.323054e-01
    outer loop
      vertex   -1.999456e+02 3.480002e+01 2.104848e+02
      vertex   -1.999456e+02 3.010002e+01 2.104848e+02
      vertex   -2.000022e+02 3.480002e+01 2.107219e+02
    endloop
  endfacet
  facet normal -9.726429e-01 5.683729e-08 -2.323054e-01
    outer loop
      vertex   -2.000022e+02 3.480002e+01 2.107219e+02
      vertex   -1.999456e+02 3.010002e+01 2.104848e+02
      vertex   -2.000022e+02 3.010002e+01 2.107219e+02
    endloop
  endfacet
  facet normal -9.466157e-01 5.531637e-08 -3.223643e-01
    outer loop
      vertex   -2.000022e+02 3.480002e+01 2.107219e+02
      vertex   -2.000022e+02 3.010002e+01 2.107219e+02
      vertex   -2.000808e+02 3.480002e+01 2.109526e+02
    endloop
  endfacet
  facet normal -9.466157e-01 5.531637e-08 -3.223643e-01
    outer loop
      vertex   -2.000808e+02 3.480002e+01 2.109526e+02
      vertex   -2.000022e+02 3.010002e+01 2.107219e+02
      vertex   -2.000808e+02 3.010002e+01 2.109526e+02
    endloop
  endfacet
  facet normal -9.122696e-01 5.330932e-08 -4.095904e-01
    outer loop
      vertex   -2.000808e+02 3.480002e+01 2.109526e+02
      vertex   -2.000808e+02 3.010002e+01 2.109526e+02
      vertex   -2.001806e+02 3.480002e+01 2.111749e+02
    endloop
  endfacet
  facet normal -9.122696e-01 5.330932e-08 -4.095904e-01
    outer loop
      vertex   -2.001806e+02 3.480002e+01 2.111749e+02
      vertex   -2.000808e+02 3.010002e+01 2.109526e+02
      vertex   -2.001806e+02 3.010002e+01 2.111749e+02
    endloop
  endfacet
  facet normal -8.699064e-01 5.083378e-08 -4.932169e-01
    outer loop
      vertex   -2.001806e+02 3.480002e+01 2.111749e+02
      vertex   -2.001806e+02 3.010002e+01 2.111749e+02
      vertex   -2.003008e+02 3.480002e+01 2.113870e+02
    endloop
  endfacet
  facet normal -8.699064e-01 5.083378e-08 -4.932169e-01
    outer loop
      vertex   -2.003008e+02 3.480002e+01 2.113870e+02
      vertex   -2.001806e+02 3.010002e+01 2.111749e+02
      vertex   -2.003008e+02 3.010002e+01 2.113870e+02
    endloop
  endfacet
  facet normal -8.198984e-01 4.791152e-08 -5.725090e-01
    outer loop
      vertex   -2.003008e+02 3.480002e+01 2.113870e+02
      vertex   -2.003008e+02 3.010002e+01 2.113870e+02
      vertex   -2.004404e+02 3.480002e+01 2.115868e+02
    endloop
  endfacet
  facet normal -8.198984e-01 4.791153e-08 -5.725090e-01
    outer loop
      vertex   -2.004404e+02 3.480002e+01 2.115868e+02
      vertex   -2.003008e+02 3.010002e+01 2.113870e+02
      vertex   -2.004404e+02 3.010002e+01 2.115868e+02
    endloop
  endfacet
  facet normal -7.626852e-01 4.456822e-08 -6.467699e-01
    outer loop
      vertex   -2.004404e+02 3.480002e+01 2.115868e+02
      vertex   -2.004404e+02 3.010002e+01 2.115868e+02
      vertex   -2.005980e+02 3.480002e+01 2.117727e+02
    endloop
  endfacet
  facet normal -7.626852e-01 4.456822e-08 -6.467699e-01
    outer loop
      vertex   -2.005980e+02 3.480002e+01 2.117727e+02
      vertex   -2.004404e+02 3.010002e+01 2.115868e+02
      vertex   -2.005980e+02 3.010002e+01 2.117727e+02
    endloop
  endfacet
  facet normal -6.987694e-01 4.083324e-08 -7.153470e-01
    outer loop
      vertex   -2.005980e+02 3.480002e+01 2.117727e+02
      vertex   -2.005980e+02 3.010002e+01 2.117727e+02
      vertex   -2.007724e+02 3.480002e+01 2.119430e+02
    endloop
  endfacet
  facet normal -6.987694e-01 4.083324e-08 -7.153470e-01
    outer loop
      vertex   -2.007724e+02 3.480002e+01 2.119430e+02
      vertex   -2.005980e+02 3.010002e+01 2.117727e+02
      vertex   -2.007724e+02 3.010002e+01 2.119430e+02
    endloop
  endfacet
  facet normal -6.287129e-01 3.673942e-08 -7.776375e-01
    outer loop
      vertex   -2.007724e+02 3.480002e+01 2.119430e+02
      vertex   -2.007724e+02 3.010002e+01 2.119430e+02
      vertex   -2.009619e+02 3.480002e+01 2.120963e+02
    endloop
  endfacet
  facet normal -6.287129e-01 3.673942e-08 -7.776375e-01
    outer loop
      vertex   -2.009619e+02 3.480002e+01 2.120963e+02
      vertex   -2.007724e+02 3.010002e+01 2.119430e+02
      vertex   -2.009619e+02 3.010002e+01 2.120963e+02
    endloop
  endfacet
  facet normal -5.531312e-01 3.232273e-08 -8.330942e-01
    outer loop
      vertex   -2.009619e+02 3.480002e+01 2.120963e+02
      vertex   -2.009619e+02 3.010002e+01 2.120963e+02
      vertex   -2.011650e+02 3.480002e+01 2.122311e+02
    endloop
  endfacet
  facet normal -5.531312e-01 3.232273e-08 -8.330942e-01
    outer loop
      vertex   -2.011650e+02 3.480002e+01 2.122311e+02
      vertex   -2.009619e+02 3.010002e+01 2.120963e+02
      vertex   -2.011650e+02 3.010002e+01 2.122311e+02
    endloop
  endfacet
  facet normal -4.726885e-01 2.762199e-08 -8.812296e-01
    outer loop
      vertex   -2.011650e+02 3.480002e+01 2.122311e+02
      vertex   -2.011650e+02 3.010002e+01 2.122311e+02
      vertex   -2.013798e+02 3.480002e+01 2.123463e+02
    endloop
  endfacet
  facet normal -4.726885e-01 2.762199e-08 -8.812296e-01
    outer loop
      vertex   -2.013798e+02 3.480002e+01 2.123463e+02
      vertex   -2.011650e+02 3.010002e+01 2.122311e+02
      vertex   -2.013798e+02 3.010002e+01 2.123463e+02
    endloop
  endfacet
  facet normal -3.880919e-01 2.267851e-08 -9.216207e-01
    outer loop
      vertex   -2.013798e+02 3.480002e+01 2.123463e+02
      vertex   -2.013798e+02 3.010002e+01 2.123463e+02
      vertex   -2.016044e+02 3.480002e+01 2.124409e+02
    endloop
  endfacet
  facet normal -3.880919e-01 2.267851e-08 -9.216207e-01
    outer loop
      vertex   -2.016044e+02 3.480002e+01 2.124409e+02
      vertex   -2.013798e+02 3.010002e+01 2.123463e+02
      vertex   -2.016044e+02 3.010002e+01 2.124409e+02
    endloop
  endfacet
  facet normal -3.000846e-01 1.753572e-08 -9.539126e-01
    outer loop
      vertex   -2.016044e+02 3.480002e+01 2.124409e+02
      vertex   -2.016044e+02 3.010002e+01 2.124409e+02
      vertex   -2.018369e+02 3.480002e+01 2.125140e+02
    endloop
  endfacet
  facet normal -3.000846e-01 1.753572e-08 -9.539126e-01
    outer loop
      vertex   -2.018369e+02 3.480002e+01 2.125140e+02
      vertex   -2.016044e+02 3.010002e+01 2.124409e+02
      vertex   -2.018369e+02 3.010002e+01 2.125140e+02
    endloop
  endfacet
  facet normal -2.094403e-01 1.223884e-08 -9.778214e-01
    outer loop
      vertex   -2.018369e+02 3.480002e+01 2.125140e+02
      vertex   -2.018369e+02 3.010002e+01 2.125140e+02
      vertex   -2.020752e+02 3.480002e+01 2.125651e+02
    endloop
  endfacet
  facet normal -2.094403e-01 1.223884e-08 -9.778214e-01
    outer loop
      vertex   -2.020752e+02 3.480002e+01 2.125651e+02
      vertex   -2.018369e+02 3.010002e+01 2.125140e+02
      vertex   -2.020752e+02 3.010002e+01 2.125651e+02
    endloop
  endfacet
  facet normal -1.169553e-01 6.834393e-09 -9.931372e-01
    outer loop
      vertex   -2.020752e+02 3.480002e+01 2.125651e+02
      vertex   -2.020752e+02 3.010002e+01 2.125651e+02
      vertex   -2.023173e+02 3.480002e+01 2.125936e+02
    endloop
  endfacet
  facet normal -1.169553e-01 6.834392e-09 -9.931372e-01
    outer loop
      vertex   -2.023173e+02 3.480002e+01 2.125936e+02
      vertex   -2.020752e+02 3.010002e+01 2.125651e+02
      vertex   -2.023173e+02 3.010002e+01 2.125936e+02
    endloop
  endfacet
  facet normal -2.344257e-02 1.369888e-09 -9.997252e-01
    outer loop
      vertex   -2.023173e+02 3.480002e+01 2.125936e+02
      vertex   -2.023173e+02 3.010002e+01 2.125936e+02
      vertex   -2.025609e+02 3.480002e+01 2.125993e+02
    endloop
  endfacet
  facet normal -2.344257e-02 1.369888e-09 -9.997252e-01
    outer loop
      vertex   -2.025609e+02 3.480002e+01 2.125993e+02
      vertex   -2.023173e+02 3.010002e+01 2.125936e+02
      vertex   -2.025609e+02 3.010002e+01 2.125993e+02
    endloop
  endfacet
  facet normal 7.027619e-02 -4.106654e-09 -9.975276e-01
    outer loop
      vertex   -2.025609e+02 3.480002e+01 2.125993e+02
      vertex   -2.025609e+02 3.010002e+01 2.125993e+02
      vertex   -2.028041e+02 3.480002e+01 2.125822e+02
    endloop
  endfacet
  facet normal 7.027619e-02 -4.106654e-09 -9.975276e-01
    outer loop
      vertex   -2.028041e+02 3.480002e+01 2.125822e+02
      vertex   -2.025609e+02 3.010002e+01 2.125993e+02
      vertex   -2.028041e+02 3.010002e+01 2.125822e+02
    endloop
  endfacet
  facet normal 1.633774e-01 -9.547108e-09 -9.865637e-01
    outer loop
      vertex   -2.028041e+02 3.480002e+01 2.125822e+02
      vertex   -2.028041e+02 3.010002e+01 2.125822e+02
      vertex   -2.030445e+02 3.480002e+01 2.125423e+02
    endloop
  endfacet
  facet normal 1.633774e-01 -9.547108e-09 -9.865637e-01
    outer loop
      vertex   -2.030445e+02 3.480002e+01 2.125423e+02
      vertex   -2.028041e+02 3.010002e+01 2.125822e+02
      vertex   -2.030445e+02 3.010002e+01 2.125423e+02
    endloop
  endfacet
  facet normal 2.550428e-01 -1.490366e-08 -9.669298e-01
    outer loop
      vertex   -2.030445e+02 3.480002e+01 2.125423e+02
      vertex   -2.030445e+02 3.010002e+01 2.125423e+02
      vertex   -2.032802e+02 3.480002e+01 2.124802e+02
    endloop
  endfacet
  facet normal 2.550428e-01 -1.490366e-08 -9.669298e-01
    outer loop
      vertex   -2.032802e+02 3.480002e+01 2.124802e+02
      vertex   -2.030445e+02 3.010002e+01 2.125423e+02
      vertex   -2.032802e+02 3.010002e+01 2.124802e+02
    endloop
  endfacet
  facet normal 3.444669e-01 -2.012924e-08 -9.387985e-01
    outer loop
      vertex   -2.032802e+02 3.480002e+01 2.124802e+02
      vertex   -2.032802e+02 3.010002e+01 2.124802e+02
      vertex   -2.035090e+02 3.480002e+01 2.123962e+02
    endloop
  endfacet
  facet normal 3.444669e-01 -2.012924e-08 -9.387985e-01
    outer loop
      vertex   -2.035090e+02 3.480002e+01 2.123962e+02
      vertex   -2.032802e+02 3.010002e+01 2.124802e+02
      vertex   -2.035090e+02 3.010002e+01 2.123962e+02
    endloop
  endfacet
  facet normal 4.308637e-01 -2.517792e-08 -9.024170e-01
    outer loop
      vertex   -2.035090e+02 3.480002e+01 2.123962e+02
      vertex   -2.035090e+02 3.010002e+01 2.123962e+02
      vertex   -2.037290e+02 3.480002e+01 2.122912e+02
    endloop
  endfacet
  facet normal 4.308637e-01 -2.517792e-08 -9.024170e-01
    outer loop
      vertex   -2.037290e+02 3.480002e+01 2.122912e+02
      vertex   -2.035090e+02 3.010002e+01 2.123962e+02
      vertex   -2.037290e+02 3.010002e+01 2.122912e+02
    endloop
  endfacet
  facet normal 5.134742e-01 -3.000534e-08 -8.581050e-01
    outer loop
      vertex   -2.037290e+02 3.480002e+01 2.122912e+02
      vertex   -2.037290e+02 3.010002e+01 2.122912e+02
      vertex   -2.039381e+02 3.480002e+01 2.121660e+02
    endloop
  endfacet
  facet normal 5.134742e-01 -3.000534e-08 -8.581050e-01
    outer loop
      vertex   -2.039381e+02 3.480002e+01 2.121660e+02
      vertex   -2.037290e+02 3.010002e+01 2.122912e+02
      vertex   -2.039381e+02 3.010002e+01 2.121660e+02
    endloop
  endfacet
  facet normal 5.915722e-01 -3.456907e-08 -8.062520e-01
    outer loop
      vertex   -2.039381e+02 3.480002e+01 2.121660e+02
      vertex   -2.039381e+02 3.010002e+01 2.121660e+02
      vertex   -2.041347e+02 3.480002e+01 2.120219e+02
    endloop
  endfacet
  facet normal 5.915722e-01 -3.456907e-08 -8.062520e-01
    outer loop
      vertex   -2.041347e+02 3.480002e+01 2.120219e+02
      vertex   -2.039381e+02 3.010002e+01 2.121660e+02
      vertex   -2.041347e+02 3.010002e+01 2.120219e+02
    endloop
  endfacet
  facet normal 6.644715e-01 -3.882901e-08 -7.473136e-01
    outer loop
      vertex   -2.041347e+02 3.480002e+01 2.120219e+02
      vertex   -2.041347e+02 3.010002e+01 2.120219e+02
      vertex   -2.043168e+02 3.480002e+01 2.118599e+02
    endloop
  endfacet
  facet normal 6.644715e-01 -3.882900e-08 -7.473136e-01
    outer loop
      vertex   -2.043168e+02 3.480002e+01 2.118599e+02
      vertex   -2.041347e+02 3.010002e+01 2.120219e+02
      vertex   -2.043168e+02 3.010002e+01 2.118599e+02
    endloop
  endfacet
  facet normal 7.315313e-01 -4.274771e-08 -6.818078e-01
    outer loop
      vertex   -2.043168e+02 3.480002e+01 2.118599e+02
      vertex   -2.043168e+02 3.010002e+01 2.118599e+02
      vertex   -2.044830e+02 3.480002e+01 2.116816e+02
    endloop
  endfacet
  facet normal 7.315313e-01 -4.274771e-08 -6.818078e-01
    outer loop
      vertex   -2.044830e+02 3.480002e+01 2.116816e+02
      vertex   -2.043168e+02 3.010002e+01 2.118599e+02
      vertex   -2.044830e+02 3.010002e+01 2.116816e+02
    endloop
  endfacet
  facet normal 7.921625e-01 -4.629074e-08 -6.103103e-01
    outer loop
      vertex   -2.044830e+02 3.480002e+01 2.116816e+02
      vertex   -2.044830e+02 3.010002e+01 2.116816e+02
      vertex   -2.046317e+02 3.480002e+01 2.114885e+02
    endloop
  endfacet
  facet normal 7.921625e-01 -4.629074e-08 -6.103103e-01
    outer loop
      vertex   -2.046317e+02 3.480002e+01 2.114885e+02
      vertex   -2.044830e+02 3.010002e+01 2.116816e+02
      vertex   -2.046317e+02 3.010002e+01 2.114885e+02
    endloop
  endfacet
  facet normal 8.458321e-01 -4.942697e-08 -5.334493e-01
    outer loop
      vertex   -2.046317e+02 3.480002e+01 2.114885e+02
      vertex   -2.046317e+02 3.010002e+01 2.114885e+02
      vertex   -2.047618e+02 3.480002e+01 2.112824e+02
    endloop
  endfacet
  facet normal 8.458321e-01 -4.942699e-08 -5.334493e-01
    outer loop
      vertex   -2.047618e+02 3.480002e+01 2.112824e+02
      vertex   -2.046317e+02 3.010002e+01 2.114885e+02
      vertex   -2.047618e+02 3.010002e+01 2.112824e+02
    endloop
  endfacet
  facet normal 8.920684e-01 -5.212885e-08 -4.519003e-01
    outer loop
      vertex   -2.047618e+02 3.480002e+01 2.112824e+02
      vertex   -2.047618e+02 3.010002e+01 2.112824e+02
      vertex   -2.048719e+02 3.480002e+01 2.110649e+02
    endloop
  endfacet
  facet normal 8.920684e-01 -5.212885e-08 -4.519003e-01
    outer loop
      vertex   -2.048719e+02 3.480002e+01 2.110649e+02
      vertex   -2.047618e+02 3.010002e+01 2.112824e+02
      vertex   -2.048719e+02 3.010002e+01 2.110649e+02
    endloop
  endfacet
  facet normal 9.304653e-01 -5.437261e-08 -3.663800e-01
    outer loop
      vertex   -2.048719e+02 3.480002e+01 2.110649e+02
      vertex   -2.048719e+02 3.010002e+01 2.110649e+02
      vertex   -2.049612e+02 3.480002e+01 2.108381e+02
    endloop
  endfacet
  facet normal 9.304653e-01 -5.437260e-08 -3.663800e-01
    outer loop
      vertex   -2.049612e+02 3.480002e+01 2.108381e+02
      vertex   -2.048719e+02 3.010002e+01 2.110649e+02
      vertex   -2.049612e+02 3.010002e+01 2.108381e+02
    endloop
  endfacet
  facet normal 9.606852e-01 -5.613853e-08 -2.776400e-01
    outer loop
      vertex   -2.049612e+02 3.480002e+01 2.108381e+02
      vertex   -2.049612e+02 3.010002e+01 2.108381e+02
      vertex   -2.050289e+02 3.480002e+01 2.106040e+02
    endloop
  endfacet
  facet normal 9.606852e-01 -5.613852e-08 -2.776400e-01
    outer loop
      vertex   -2.050289e+02 3.480002e+01 2.106040e+02
      vertex   -2.049612e+02 3.010002e+01 2.108381e+02
      vertex   -2.050289e+02 3.010002e+01 2.106040e+02
    endloop
  endfacet
  facet normal 9.824625e-01 -5.741110e-08 -1.864601e-01
    outer loop
      vertex   -2.050289e+02 3.480002e+01 2.106040e+02
      vertex   -2.050289e+02 3.010002e+01 2.106040e+02
      vertex   -2.050743e+02 3.480002e+01 2.103645e+02
    endloop
  endfacet
  facet normal 9.824625e-01 -5.741110e-08 -1.864601e-01
    outer loop
      vertex   -2.050743e+02 3.480002e+01 2.103645e+02
      vertex   -2.050289e+02 3.010002e+01 2.106040e+02
      vertex   -2.050743e+02 3.010002e+01 2.103645e+02
    endloop
  endfacet
  facet normal 9.956060e-01 -5.817915e-08 -9.364149e-02
    outer loop
      vertex   -2.050743e+02 3.480002e+01 2.103645e+02
      vertex   -2.050743e+02 3.010002e+01 2.103645e+02
      vertex   -2.050971e+02 3.480002e+01 2.101219e+02
    endloop
  endfacet
  facet normal 9.956060e-01 -5.817915e-08 -9.364149e-02
    outer loop
      vertex   -2.050971e+02 3.480002e+01 2.101219e+02
      vertex   -2.050743e+02 3.010002e+01 2.103645e+02
      vertex   -2.050971e+02 3.010002e+01 2.101219e+02
    endloop
  endfacet
  facet normal 1.000000e+00 -5.843592e-08 0.000000e+00
    outer loop
      vertex   -2.050971e+02 3.480002e+01 2.101219e+02
      vertex   -2.050971e+02 3.010002e+01 2.101219e+02
      vertex   -2.050971e+02 3.480002e+01 2.098781e+02
    endloop
  endfacet
  facet normal 1.000000e+00 -5.843592e-08 -2.587922e-21
    outer loop
      vertex   -2.050971e+02 3.480002e+01 2.098781e+02
      vertex   -2.050971e+02 3.010002e+01 2.101219e+02
      vertex   -2.050971e+02 3.010002e+01 2.098781e+02
    endloop
  endfacet
  facet normal 9.956060e-01 -5.817915e-08 9.364149e-02
    outer loop
      vertex   -2.050971e+02 3.480002e+01 2.098781e+02
      vertex   -2.050971e+02 3.010002e+01 2.098781e+02
      vertex   -2.050743e+02 3.010002e+01 2.096355e+02
    endloop
  endfacet
  facet normal 9.956060e-01 -5.817915e-08 9.364149e-02
    outer loop
      vertex   -2.050971e+02 3.480002e+01 2.098781e+02
      vertex   -2.050743e+02 3.010002e+01 2.096355e+02
      vertex   -2.050743e+02 3.480002e+01 2.096355e+02
    endloop
  endfacet
  facet normal 9.824625e-01 -5.741110e-08 1.864601e-01
    outer loop
      vertex   -2.050743e+02 3.480002e+01 2.096355e+02
      vertex   -2.050743e+02 3.010002e+01 2.096355e+02
      vertex   -2.050289e+02 3.010002e+01 2.093960e+02
    endloop
  endfacet
  facet normal 9.824625e-01 -5.741110e-08 1.864601e-01
    outer loop
      vertex   -2.050743e+02 3.480002e+01 2.096355e+02
      vertex   -2.050289e+02 3.010002e+01 2.093960e+02
      vertex   -2.050289e+02 3.480002e+01 2.093960e+02
    endloop
  endfacet
  facet normal 9.606852e-01 -5.613852e-08 2.776400e-01
    outer loop
      vertex   -2.050289e+02 3.480002e+01 2.093960e+02
      vertex   -2.050289e+02 3.010002e+01 2.093960e+02
      vertex   -2.049612e+02 3.010002e+01 2.091619e+02
    endloop
  endfacet
  facet normal 9.606852e-01 -5.613853e-08 2.776400e-01
    outer loop
      vertex   -2.050289e+02 3.480002e+01 2.093960e+02
      vertex   -2.049612e+02 3.010002e+01 2.091619e+02
      vertex   -2.049612e+02 3.480002e+01 2.091619e+02
    endloop
  endfacet
  facet normal 9.304653e-01 -5.437260e-08 3.663800e-01
    outer loop
      vertex   -2.049612e+02 3.480002e+01 2.091619e+02
      vertex   -2.049612e+02 3.010002e+01 2.091619e+02
      vertex   -2.048719e+02 3.010002e+01 2.089351e+02
    endloop
  endfacet
  facet normal 9.304653e-01 -5.437261e-08 3.663800e-01
    outer loop
      vertex   -2.049612e+02 3.480002e+01 2.091619e+02
      vertex   -2.048719e+02 3.010002e+01 2.089351e+02
      vertex   -2.048719e+02 3.480002e+01 2.089351e+02
    endloop
  endfacet
  facet normal 8.920684e-01 -5.212885e-08 4.519003e-01
    outer loop
      vertex   -2.048719e+02 3.480002e+01 2.089351e+02
      vertex   -2.048719e+02 3.010002e+01 2.089351e+02
      vertex   -2.047618e+02 3.010002e+01 2.087176e+02
    endloop
  endfacet
  facet normal 8.920684e-01 -5.212885e-08 4.519003e-01
    outer loop
      vertex   -2.048719e+02 3.480002e+01 2.089351e+02
      vertex   -2.047618e+02 3.010002e+01 2.087176e+02
      vertex   -2.047618e+02 3.480002e+01 2.087176e+02
    endloop
  endfacet
  facet normal 8.458321e-01 -4.942699e-08 5.334493e-01
    outer loop
      vertex   -2.047618e+02 3.480002e+01 2.087176e+02
      vertex   -2.047618e+02 3.010002e+01 2.087176e+02
      vertex   -2.046317e+02 3.010002e+01 2.085115e+02
    endloop
  endfacet
  facet normal 8.458321e-01 -4.942698e-08 5.334493e-01
    outer loop
      vertex   -2.047618e+02 3.480002e+01 2.087176e+02
      vertex   -2.046317e+02 3.010002e+01 2.085115e+02
      vertex   -2.046317e+02 3.480002e+01 2.085115e+02
    endloop
  endfacet
  facet normal 7.921625e-01 -4.629074e-08 6.103103e-01
    outer loop
      vertex   -2.046317e+02 3.480002e+01 2.085115e+02
      vertex   -2.046317e+02 3.010002e+01 2.085115e+02
      vertex   -2.044830e+02 3.010002e+01 2.083184e+02
    endloop
  endfacet
  facet normal 7.921625e-01 -4.629074e-08 6.103103e-01
    outer loop
      vertex   -2.046317e+02 3.480002e+01 2.085115e+02
      vertex   -2.044830e+02 3.010002e+01 2.083184e+02
      vertex   -2.044830e+02 3.480002e+01 2.083184e+02
    endloop
  endfacet
  facet normal 7.315313e-01 -4.274771e-08 6.818078e-01
    outer loop
      vertex   -2.044830e+02 3.480002e+01 2.083184e+02
      vertex   -2.044830e+02 3.010002e+01 2.083184e+02
      vertex   -2.043168e+02 3.010002e+01 2.081401e+02
    endloop
  endfacet
  facet normal 7.315313e-01 -4.274771e-08 6.818078e-01
    outer loop
      vertex   -2.044830e+02 3.480002e+01 2.083184e+02
      vertex   -2.043168e+02 3.010002e+01 2.081401e+02
      vertex   -2.043168e+02 3.480002e+01 2.081401e+02
    endloop
  endfacet
  facet normal 6.644715e-01 -3.882900e-08 7.473136e-01
    outer loop
      vertex   -2.043168e+02 3.480002e+01 2.081401e+02
      vertex   -2.043168e+02 3.010002e+01 2.081401e+02
      vertex   -2.041347e+02 3.010002e+01 2.079781e+02
    endloop
  endfacet
  facet normal 6.644715e-01 -3.882901e-08 7.473136e-01
    outer loop
      vertex   -2.043168e+02 3.480002e+01 2.081401e+02
      vertex   -2.041347e+02 3.010002e+01 2.079781e+02
      vertex   -2.041347e+02 3.480002e+01 2.079781e+02
    endloop
  endfacet
  facet normal 5.915722e-01 -3.456907e-08 8.062520e-01
    outer loop
      vertex   -2.041347e+02 3.480002e+01 2.079781e+02
      vertex   -2.041347e+02 3.010002e+01 2.079781e+02
      vertex   -2.039381e+02 3.010002e+01 2.078340e+02
    endloop
  endfacet
  facet normal 5.915722e-01 -3.456907e-08 8.062520e-01
    outer loop
      vertex   -2.041347e+02 3.480002e+01 2.079781e+02
      vertex   -2.039381e+02 3.010002e+01 2.078340e+02
      vertex   -2.039381e+02 3.480002e+01 2.078340e+02
    endloop
  endfacet
  facet normal 5.134742e-01 -3.000534e-08 8.581050e-01
    outer loop
      vertex   -2.039381e+02 3.480002e+01 2.078340e+02
      vertex   -2.039381e+02 3.010002e+01 2.078340e+02
      vertex   -2.037290e+02 3.010002e+01 2.077088e+02
    endloop
  endfacet
  facet normal 5.134742e-01 -3.000534e-08 8.581050e-01
    outer loop
      vertex   -2.039381e+02 3.480002e+01 2.078340e+02
      vertex   -2.037290e+02 3.010002e+01 2.077088e+02
      vertex   -2.037290e+02 3.480002e+01 2.077088e+02
    endloop
  endfacet
  facet normal 4.308637e-01 -2.517792e-08 9.024170e-01
    outer loop
      vertex   -2.037290e+02 3.480002e+01 2.077088e+02
      vertex   -2.037290e+02 3.010002e+01 2.077088e+02
      vertex   -2.035090e+02 3.010002e+01 2.076038e+02
    endloop
  endfacet
  facet normal 4.308637e-01 -2.517792e-08 9.024170e-01
    outer loop
      vertex   -2.037290e+02 3.480002e+01 2.077088e+02
      vertex   -2.035090e+02 3.010002e+01 2.076038e+02
      vertex   -2.035090e+02 3.480002e+01 2.076038e+02
    endloop
  endfacet
  facet normal 3.444669e-01 -2.012924e-08 9.387985e-01
    outer loop
      vertex   -2.035090e+02 3.480002e+01 2.076038e+02
      vertex   -2.035090e+02 3.010002e+01 2.076038e+02
      vertex   -2.032802e+02 3.010002e+01 2.075198e+02
    endloop
  endfacet
  facet normal 3.444669e-01 -2.012924e-08 9.387985e-01
    outer loop
      vertex   -2.035090e+02 3.480002e+01 2.076038e+02
      vertex   -2.032802e+02 3.010002e+01 2.075198e+02
      vertex   -2.032802e+02 3.480002e+01 2.075198e+02
    endloop
  endfacet
  facet normal 2.550428e-01 -1.490366e-08 9.669298e-01
    outer loop
      vertex   -2.032802e+02 3.480002e+01 2.075198e+02
      vertex   -2.032802e+02 3.010002e+01 2.075198e+02
      vertex   -2.030445e+02 3.010002e+01 2.074577e+02
    endloop
  endfacet
  facet normal 2.550428e-01 -1.490366e-08 9.669298e-01
    outer loop
      vertex   -2.032802e+02 3.480002e+01 2.075198e+02
      vertex   -2.030445e+02 3.010002e+01 2.074577e+02
      vertex   -2.030445e+02 3.480002e+01 2.074577e+02
    endloop
  endfacet
  facet normal 1.633774e-01 -9.547108e-09 9.865637e-01
    outer loop
      vertex   -2.030445e+02 3.480002e+01 2.074577e+02
      vertex   -2.030445e+02 3.010002e+01 2.074577e+02
      vertex   -2.028041e+02 3.010002e+01 2.074178e+02
    endloop
  endfacet
  facet normal 1.633774e-01 -9.547108e-09 9.865637e-01
    outer loop
      vertex   -2.030445e+02 3.480002e+01 2.074577e+02
      vertex   -2.028041e+02 3.010002e+01 2.074178e+02
      vertex   -2.028041e+02 3.480002e+01 2.074178e+02
    endloop
  endfacet
  facet normal 7.027619e-02 -4.106654e-09 9.975276e-01
    outer loop
      vertex   -2.028041e+02 3.480002e+01 2.074178e+02
      vertex   -2.028041e+02 3.010002e+01 2.074178e+02
      vertex   -2.025609e+02 3.010002e+01 2.074007e+02
    endloop
  endfacet
  facet normal 7.027619e-02 -4.106654e-09 9.975276e-01
    outer loop
      vertex   -2.028041e+02 3.480002e+01 2.074178e+02
      vertex   -2.025609e+02 3.010002e+01 2.074007e+02
      vertex   -2.025609e+02 3.480002e+01 2.074007e+02
    endloop
  endfacet
  facet normal -2.344257e-02 1.369888e-09 9.997252e-01
    outer loop
      vertex   -2.025609e+02 3.480002e+01 2.074007e+02
      vertex   -2.025609e+02 3.010002e+01 2.074007e+02
      vertex   -2.023173e+02 3.010002e+01 2.074064e+02
    endloop
  endfacet
  facet normal -2.344257e-02 1.369888e-09 9.997252e-01
    outer loop
      vertex   -2.025609e+02 3.480002e+01 2.074007e+02
      vertex   -2.023173e+02 3.010002e+01 2.074064e+02
      vertex   -2.023173e+02 3.480002e+01 2.074064e+02
    endloop
  endfacet
  facet normal -1.169553e-01 6.834392e-09 9.931372e-01
    outer loop
      vertex   -2.023173e+02 3.480002e+01 2.074064e+02
      vertex   -2.023173e+02 3.010002e+01 2.074064e+02
      vertex   -2.020752e+02 3.010002e+01 2.074349e+02
    endloop
  endfacet
  facet normal -1.169553e-01 6.834393e-09 9.931372e-01
    outer loop
      vertex   -2.023173e+02 3.480002e+01 2.074064e+02
      vertex   -2.020752e+02 3.010002e+01 2.074349e+02
      vertex   -2.020752e+02 3.480002e+01 2.074349e+02
    endloop
  endfacet
  facet normal -2.094403e-01 1.223884e-08 9.778214e-01
    outer loop
      vertex   -2.020752e+02 3.480002e+01 2.074349e+02
      vertex   -2.020752e+02 3.010002e+01 2.074349e+02
      vertex   -2.018369e+02 3.010002e+01 2.074860e+02
    endloop
  endfacet
  facet normal -2.094403e-01 1.223884e-08 9.778214e-01
    outer loop
      vertex   -2.020752e+02 3.480002e+01 2.074349e+02
      vertex   -2.018369e+02 3.010002e+01 2.074860e+02
      vertex   -2.018369e+02 3.480002e+01 2.074860e+02
    endloop
  endfacet
  facet normal -3.000846e-01 1.753572e-08 9.539126e-01
    outer loop
      vertex   -2.018369e+02 3.480002e+01 2.074860e+02
      vertex   -2.018369e+02 3.010002e+01 2.074860e+02
      vertex   -2.016044e+02 3.010002e+01 2.075591e+02
    endloop
  endfacet
  facet normal -3.000846e-01 1.753572e-08 9.539126e-01
    outer loop
      vertex   -2.018369e+02 3.480002e+01 2.074860e+02
      vertex   -2.016044e+02 3.010002e+01 2.075591e+02
      vertex   -2.016044e+02 3.480002e+01 2.075591e+02
    endloop
  endfacet
  facet normal -3.880919e-01 2.267851e-08 9.216207e-01
    outer loop
      vertex   -2.016044e+02 3.480002e+01 2.075591e+02
      vertex   -2.016044e+02 3.010002e+01 2.075591e+02
      vertex   -2.013798e+02 3.010002e+01 2.076537e+02
    endloop
  endfacet
  facet normal -3.880919e-01 2.267851e-08 9.216207e-01
    outer loop
      vertex   -2.016044e+02 3.480002e+01 2.075591e+02
      vertex   -2.013798e+02 3.010002e+01 2.076537e+02
      vertex   -2.013798e+02 3.480002e+01 2.076537e+02
    endloop
  endfacet
  facet normal -4.726885e-01 2.762199e-08 8.812296e-01
    outer loop
      vertex   -2.013798e+02 3.480002e+01 2.076537e+02
      vertex   -2.013798e+02 3.010002e+01 2.076537e+02
      vertex   -2.011650e+02 3.010002e+01 2.077689e+02
    endloop
  endfacet
  facet normal -4.726885e-01 2.762199e-08 8.812296e-01
    outer loop
      vertex   -2.013798e+02 3.480002e+01 2.076537e+02
      vertex   -2.011650e+02 3.010002e+01 2.077689e+02
      vertex   -2.011650e+02 3.480002e+01 2.077689e+02
    endloop
  endfacet
  facet normal -5.531312e-01 3.232273e-08 8.330942e-01
    outer loop
      vertex   -2.011650e+02 3.480002e+01 2.077689e+02
      vertex   -2.011650e+02 3.010002e+01 2.077689e+02
      vertex   -2.009619e+02 3.010002e+01 2.079037e+02
    endloop
  endfacet
  facet normal -5.531312e-01 3.232273e-08 8.330942e-01
    outer loop
      vertex   -2.011650e+02 3.480002e+01 2.077689e+02
      vertex   -2.009619e+02 3.010002e+01 2.079037e+02
      vertex   -2.009619e+02 3.480002e+01 2.079037e+02
    endloop
  endfacet
  facet normal -6.287129e-01 3.673942e-08 7.776375e-01
    outer loop
      vertex   -2.009619e+02 3.480002e+01 2.079037e+02
      vertex   -2.009619e+02 3.010002e+01 2.079037e+02
      vertex   -2.007724e+02 3.010002e+01 2.080570e+02
    endloop
  endfacet
  facet normal -6.287129e-01 3.673942e-08 7.776375e-01
    outer loop
      vertex   -2.009619e+02 3.480002e+01 2.079037e+02
      vertex   -2.007724e+02 3.010002e+01 2.080570e+02
      vertex   -2.007724e+02 3.480002e+01 2.080570e+02
    endloop
  endfacet
  facet normal -6.987694e-01 4.083324e-08 7.153470e-01
    outer loop
      vertex   -2.007724e+02 3.480002e+01 2.080570e+02
      vertex   -2.007724e+02 3.010002e+01 2.080570e+02
      vertex   -2.005980e+02 3.010002e+01 2.082273e+02
    endloop
  endfacet
  facet normal -6.987694e-01 4.083324e-08 7.153470e-01
    outer loop
      vertex   -2.007724e+02 3.480002e+01 2.080570e+02
      vertex   -2.005980e+02 3.010002e+01 2.082273e+02
      vertex   -2.005980e+02 3.480002e+01 2.082273e+02
    endloop
  endfacet
  facet normal -7.626852e-01 4.456822e-08 6.467699e-01
    outer loop
      vertex   -2.005980e+02 3.480002e+01 2.082273e+02
      vertex   -2.005980e+02 3.010002e+01 2.082273e+02
      vertex   -2.004404e+02 3.010002e+01 2.084132e+02
    endloop
  endfacet
  facet normal -7.626852e-01 4.456822e-08 6.467699e-01
    outer loop
      vertex   -2.005980e+02 3.480002e+01 2.082273e+02
      vertex   -2.004404e+02 3.010002e+01 2.084132e+02
      vertex   -2.004404e+02 3.480002e+01 2.084132e+02
    endloop
  endfacet
  facet normal -8.198984e-01 4.791153e-08 5.725090e-01
    outer loop
      vertex   -2.004404e+02 3.480002e+01 2.084132e+02
      vertex   -2.004404e+02 3.010002e+01 2.084132e+02
      vertex   -2.003008e+02 3.010002e+01 2.086130e+02
    endloop
  endfacet
  facet normal -8.198984e-01 4.791152e-08 5.725090e-01
    outer loop
      vertex   -2.004404e+02 3.480002e+01 2.084132e+02
      vertex   -2.003008e+02 3.010002e+01 2.086130e+02
      vertex   -2.003008e+02 3.480002e+01 2.086130e+02
    endloop
  endfacet
  facet normal -8.699064e-01 5.083378e-08 4.932169e-01
    outer loop
      vertex   -2.003008e+02 3.480002e+01 2.086130e+02
      vertex   -2.003008e+02 3.010002e+01 2.086130e+02
      vertex   -2.001806e+02 3.010002e+01 2.088251e+02
    endloop
  endfacet
  facet normal -8.699064e-01 5.083378e-08 4.932169e-01
    outer loop
      vertex   -2.003008e+02 3.480002e+01 2.086130e+02
      vertex   -2.001806e+02 3.010002e+01 2.088251e+02
      vertex   -2.001806e+02 3.480002e+01 2.088251e+02
    endloop
  endfacet
  facet normal -9.122696e-01 5.330932e-08 4.095904e-01
    outer loop
      vertex   -2.001806e+02 3.480002e+01 2.088251e+02
      vertex   -2.001806e+02 3.010002e+01 2.088251e+02
      vertex   -2.000808e+02 3.010002e+01 2.090474e+02
    endloop
  endfacet
  facet normal -9.122696e-01 5.330932e-08 4.095904e-01
    outer loop
      vertex   -2.001806e+02 3.480002e+01 2.088251e+02
      vertex   -2.000808e+02 3.010002e+01 2.090474e+02
      vertex   -2.000808e+02 3.480002e+01 2.090474e+02
    endloop
  endfacet
  facet normal -9.466157e-01 5.531637e-08 3.223643e-01
    outer loop
      vertex   -2.000808e+02 3.480002e+01 2.090474e+02
      vertex   -2.000808e+02 3.010002e+01 2.090474e+02
      vertex   -2.000022e+02 3.010002e+01 2.092781e+02
    endloop
  endfacet
  facet normal -9.466157e-01 5.531637e-08 3.223643e-01
    outer loop
      vertex   -2.000808e+02 3.480002e+01 2.090474e+02
      vertex   -2.000022e+02 3.010002e+01 2.092781e+02
      vertex   -2.000022e+02 3.480002e+01 2.092781e+02
    endloop
  endfacet
  facet normal -9.726429e-01 5.683729e-08 2.323054e-01
    outer loop
      vertex   -2.000022e+02 3.480002e+01 2.092781e+02
      vertex   -2.000022e+02 3.010002e+01 2.092781e+02
      vertex   -1.999456e+02 3.010002e+01 2.095152e+02
    endloop
  endfacet
  facet normal -9.726429e-01 5.683729e-08 2.323054e-01
    outer loop
      vertex   -2.000022e+02 3.480002e+01 2.092781e+02
      vertex   -1.999456e+02 3.010002e+01 2.095152e+02
      vertex   -1.999456e+02 3.480002e+01 2.095152e+02
    endloop
  endfacet
  facet normal -9.901225e-01 5.785873e-08 1.402049e-01
    outer loop
      vertex   -1.999456e+02 3.480002e+01 2.095152e+02
      vertex   -1.999456e+02 3.010002e+01 2.095152e+02
      vertex   -1.999114e+02 3.010002e+01 2.097565e+02
    endloop
  endfacet
  facet normal -9.989009e-01 5.837169e-08 4.687226e-02
    outer loop
      vertex   -1.999114e+02 3.950002e+01 2.097565e+02
      vertex   -1.999114e+02 3.480002e+01 2.097565e+02
      vertex   -1.999000e+02 3.950002e+01 2.100000e+02
    endloop
  endfacet
  facet normal -9.989009e-01 5.837171e-08 4.687226e-02
    outer loop
      vertex   -1.999000e+02 3.950002e+01 2.100000e+02
      vertex   -1.999114e+02 3.480002e+01 2.097565e+02
      vertex   -1.999000e+02 3.480002e+01 2.100000e+02
    endloop
  endfacet
  facet normal -9.989009e-01 5.837171e-08 -4.687226e-02
    outer loop
      vertex   -1.999000e+02 3.950002e+01 2.100000e+02
      vertex   -1.999000e+02 3.480002e+01 2.100000e+02
      vertex   -1.999114e+02 3.480002e+01 2.102435e+02
    endloop
  endfacet
  facet normal -9.726429e-01 5.683728e-08 2.323054e-01
    outer loop
      vertex   -1.999456e+02 3.480002e+01 2.095152e+02
      vertex   -1.999456e+02 3.950002e+01 2.095152e+02
      vertex   -2.000022e+02 3.480002e+01 2.092781e+02
    endloop
  endfacet
  facet normal -9.726429e-01 5.683728e-08 2.323054e-01
    outer loop
      vertex   -2.000022e+02 3.480002e+01 2.092781e+02
      vertex   -1.999456e+02 3.950002e+01 2.095152e+02
      vertex   -2.000022e+02 3.950002e+01 2.092781e+02
    endloop
  endfacet
  facet normal -9.466157e-01 5.531636e-08 3.223643e-01
    outer loop
      vertex   -2.000022e+02 3.480002e+01 2.092781e+02
      vertex   -2.000022e+02 3.950002e+01 2.092781e+02
      vertex   -2.000808e+02 3.480002e+01 2.090474e+02
    endloop
  endfacet
  facet normal -9.466157e-01 5.531636e-08 3.223643e-01
    outer loop
      vertex   -2.000808e+02 3.480002e+01 2.090474e+02
      vertex   -2.000022e+02 3.950002e+01 2.092781e+02
      vertex   -2.000808e+02 3.950002e+01 2.090474e+02
    endloop
  endfacet
  facet normal -9.122696e-01 5.330931e-08 4.095904e-01
    outer loop
      vertex   -2.000808e+02 3.480002e+01 2.090474e+02
      vertex   -2.000808e+02 3.950002e+01 2.090474e+02
      vertex   -2.001806e+02 3.480002e+01 2.088251e+02
    endloop
  endfacet
  facet normal -9.122696e-01 5.330932e-08 4.095904e-01
    outer loop
      vertex   -2.001806e+02 3.480002e+01 2.088251e+02
      vertex   -2.000808e+02 3.950002e+01 2.090474e+02
      vertex   -2.001806e+02 3.950002e+01 2.088251e+02
    endloop
  endfacet
  facet normal -8.699064e-01 5.083379e-08 4.932169e-01
    outer loop
      vertex   -2.001806e+02 3.480002e+01 2.088251e+02
      vertex   -2.001806e+02 3.950002e+01 2.088251e+02
      vertex   -2.003008e+02 3.480002e+01 2.086130e+02
    endloop
  endfacet
  facet normal -8.699064e-01 5.083379e-08 4.932169e-01
    outer loop
      vertex   -2.003008e+02 3.480002e+01 2.086130e+02
      vertex   -2.001806e+02 3.950002e+01 2.088251e+02
      vertex   -2.003008e+02 3.950002e+01 2.086130e+02
    endloop
  endfacet
  facet normal -8.198984e-01 4.791153e-08 5.725090e-01
    outer loop
      vertex   -2.003008e+02 3.480002e+01 2.086130e+02
      vertex   -2.003008e+02 3.950002e+01 2.086130e+02
      vertex   -2.004404e+02 3.480002e+01 2.084132e+02
    endloop
  endfacet
  facet normal -8.198984e-01 4.791152e-08 5.725090e-01
    outer loop
      vertex   -2.004404e+02 3.480002e+01 2.084132e+02
      vertex   -2.003008e+02 3.950002e+01 2.086130e+02
      vertex   -2.004404e+02 3.950002e+01 2.084132e+02
    endloop
  endfacet
  facet normal -7.626852e-01 4.456821e-08 6.467699e-01
    outer loop
      vertex   -2.004404e+02 3.480002e+01 2.084132e+02
      vertex   -2.004404e+02 3.950002e+01 2.084132e+02
      vertex   -2.005980e+02 3.480002e+01 2.082273e+02
    endloop
  endfacet
  facet normal -7.626852e-01 4.456822e-08 6.467699e-01
    outer loop
      vertex   -2.005980e+02 3.480002e+01 2.082273e+02
      vertex   -2.004404e+02 3.950002e+01 2.084132e+02
      vertex   -2.005980e+02 3.950002e+01 2.082273e+02
    endloop
  endfacet
  facet normal -6.987694e-01 4.083324e-08 7.153470e-01
    outer loop
      vertex   -2.005980e+02 3.480002e+01 2.082273e+02
      vertex   -2.005980e+02 3.950002e+01 2.082273e+02
      vertex   -2.007724e+02 3.480002e+01 2.080570e+02
    endloop
  endfacet
  facet normal -6.987694e-01 4.083324e-08 7.153470e-01
    outer loop
      vertex   -2.007724e+02 3.480002e+01 2.080570e+02
      vertex   -2.005980e+02 3.950002e+01 2.082273e+02
      vertex   -2.007724e+02 3.950002e+01 2.080570e+02
    endloop
  endfacet
  facet normal -6.287129e-01 3.673942e-08 7.776375e-01
    outer loop
      vertex   -2.007724e+02 3.480002e+01 2.080570e+02
      vertex   -2.007724e+02 3.950002e+01 2.080570e+02
      vertex   -2.009619e+02 3.480002e+01 2.079037e+02
    endloop
  endfacet
  facet normal -6.287129e-01 3.673942e-08 7.776375e-01
    outer loop
      vertex   -2.009619e+02 3.480002e+01 2.079037e+02
      vertex   -2.007724e+02 3.950002e+01 2.080570e+02
      vertex   -2.009619e+02 3.950002e+01 2.079037e+02
    endloop
  endfacet
  facet normal -5.531312e-01 3.232273e-08 8.330942e-01
    outer loop
      vertex   -2.009619e+02 3.480002e+01 2.079037e+02
      vertex   -2.009619e+02 3.950002e+01 2.079037e+02
      vertex   -2.011650e+02 3.480002e+01 2.077689e+02
    endloop
  endfacet
  facet normal -5.531312e-01 3.232273e-08 8.330942e-01
    outer loop
      vertex   -2.011650e+02 3.480002e+01 2.077689e+02
      vertex   -2.009619e+02 3.950002e+01 2.079037e+02
      vertex   -2.011650e+02 3.950002e+01 2.077689e+02
    endloop
  endfacet
  facet normal -4.726885e-01 2.762199e-08 8.812296e-01
    outer loop
      vertex   -2.011650e+02 3.480002e+01 2.077689e+02
      vertex   -2.011650e+02 3.950002e+01 2.077689e+02
      vertex   -2.013798e+02 3.480002e+01 2.076537e+02
    endloop
  endfacet
  facet normal -4.726885e-01 2.762199e-08 8.812296e-01
    outer loop
      vertex   -2.013798e+02 3.480002e+01 2.076537e+02
      vertex   -2.011650e+02 3.950002e+01 2.077689e+02
      vertex   -2.013798e+02 3.950002e+01 2.076537e+02
    endloop
  endfacet
  facet normal -3.880919e-01 2.267851e-08 9.216207e-01
    outer loop
      vertex   -2.013798e+02 3.480002e+01 2.076537e+02
      vertex   -2.013798e+02 3.950002e+01 2.076537e+02
      vertex   -2.016044e+02 3.480002e+01 2.075591e+02
    endloop
  endfacet
  facet normal -3.880919e-01 2.267851e-08 9.216207e-01
    outer loop
      vertex   -2.016044e+02 3.480002e+01 2.075591e+02
      vertex   -2.013798e+02 3.950002e+01 2.076537e+02
      vertex   -2.016044e+02 3.950002e+01 2.075591e+02
    endloop
  endfacet
  facet normal -3.000846e-01 1.753572e-08 9.539126e-01
    outer loop
      vertex   -2.016044e+02 3.480002e+01 2.075591e+02
      vertex   -2.016044e+02 3.950002e+01 2.075591e+02
      vertex   -2.018369e+02 3.480002e+01 2.074860e+02
    endloop
  endfacet
  facet normal -3.000846e-01 1.753572e-08 9.539126e-01
    outer loop
      vertex   -2.018369e+02 3.480002e+01 2.074860e+02
      vertex   -2.016044e+02 3.950002e+01 2.075591e+02
      vertex   -2.018369e+02 3.950002e+01 2.074860e+02
    endloop
  endfacet
  facet normal -2.094403e-01 1.223883e-08 9.778214e-01
    outer loop
      vertex   -2.018369e+02 3.480002e+01 2.074860e+02
      vertex   -2.018369e+02 3.950002e+01 2.074860e+02
      vertex   -2.020752e+02 3.480002e+01 2.074349e+02
    endloop
  endfacet
  facet normal -2.094403e-01 1.223884e-08 9.778214e-01
    outer loop
      vertex   -2.020752e+02 3.480002e+01 2.074349e+02
      vertex   -2.018369e+02 3.950002e+01 2.074860e+02
      vertex   -2.020752e+02 3.950002e+01 2.074349e+02
    endloop
  endfacet
  facet normal -1.169553e-01 6.834393e-09 9.931372e-01
    outer loop
      vertex   -2.020752e+02 3.480002e+01 2.074349e+02
      vertex   -2.020752e+02 3.950002e+01 2.074349e+02
      vertex   -2.023173e+02 3.480002e+01 2.074064e+02
    endloop
  endfacet
  facet normal -1.169553e-01 6.834392e-09 9.931372e-01
    outer loop
      vertex   -2.023173e+02 3.480002e+01 2.074064e+02
      vertex   -2.020752e+02 3.950002e+01 2.074349e+02
      vertex   -2.023173e+02 3.950002e+01 2.074064e+02
    endloop
  endfacet
  facet normal -2.344257e-02 1.369888e-09 9.997252e-01
    outer loop
      vertex   -2.023173e+02 3.480002e+01 2.074064e+02
      vertex   -2.023173e+02 3.950002e+01 2.074064e+02
      vertex   -2.025609e+02 3.480002e+01 2.074007e+02
    endloop
  endfacet
  facet normal -2.344257e-02 1.369889e-09 9.997252e-01
    outer loop
      vertex   -2.025609e+02 3.480002e+01 2.074007e+02
      vertex   -2.023173e+02 3.950002e+01 2.074064e+02
      vertex   -2.025609e+02 3.950002e+01 2.074007e+02
    endloop
  endfacet
  facet normal 7.027619e-02 -4.106654e-09 9.975276e-01
    outer loop
      vertex   -2.025609e+02 3.480002e+01 2.074007e+02
      vertex   -2.025609e+02 3.950002e+01 2.074007e+02
      vertex   -2.028041e+02 3.480002e+01 2.074178e+02
    endloop
  endfacet
  facet normal 7.027619e-02 -4.106654e-09 9.975276e-01
    outer loop
      vertex   -2.028041e+02 3.480002e+01 2.074178e+02
      vertex   -2.025609e+02 3.950002e+01 2.074007e+02
      vertex   -2.028041e+02 3.950002e+01 2.074178e+02
    endloop
  endfacet
  facet normal 1.633774e-01 -9.547108e-09 9.865637e-01
    outer loop
      vertex   -2.028041e+02 3.480002e+01 2.074178e+02
      vertex   -2.028041e+02 3.950002e+01 2.074178e+02
      vertex   -2.030445e+02 3.480002e+01 2.074577e+02
    endloop
  endfacet
  facet normal 1.633774e-01 -9.547108e-09 9.865637e-01
    outer loop
      vertex   -2.030445e+02 3.480002e+01 2.074577e+02
      vertex   -2.028041e+02 3.950002e+01 2.074178e+02
      vertex   -2.030445e+02 3.950002e+01 2.074577e+02
    endloop
  endfacet
  facet normal 2.550428e-01 -1.490366e-08 9.669298e-01
    outer loop
      vertex   -2.030445e+02 3.480002e+01 2.074577e+02
      vertex   -2.030445e+02 3.950002e+01 2.074577e+02
      vertex   -2.032802e+02 3.480002e+01 2.075198e+02
    endloop
  endfacet
  facet normal 2.550428e-01 -1.490366e-08 9.669298e-01
    outer loop
      vertex   -2.032802e+02 3.480002e+01 2.075198e+02
      vertex   -2.030445e+02 3.950002e+01 2.074577e+02
      vertex   -2.032802e+02 3.950002e+01 2.075198e+02
    endloop
  endfacet
  facet normal 3.444669e-01 -2.012924e-08 9.387985e-01
    outer loop
      vertex   -2.032802e+02 3.480002e+01 2.075198e+02
      vertex   -2.032802e+02 3.950002e+01 2.075198e+02
      vertex   -2.035090e+02 3.480002e+01 2.076038e+02
    endloop
  endfacet
  facet normal 3.444669e-01 -2.012924e-08 9.387985e-01
    outer loop
      vertex   -2.035090e+02 3.480002e+01 2.076038e+02
      vertex   -2.032802e+02 3.950002e+01 2.075198e+02
      vertex   -2.035090e+02 3.950002e+01 2.076038e+02
    endloop
  endfacet
  facet normal 4.308637e-01 -2.517792e-08 9.024170e-01
    outer loop
      vertex   -2.035090e+02 3.480002e+01 2.076038e+02
      vertex   -2.035090e+02 3.950002e+01 2.076038e+02
      vertex   -2.037290e+02 3.480002e+01 2.077088e+02
    endloop
  endfacet
  facet normal 4.308637e-01 -2.517792e-08 9.024170e-01
    outer loop
      vertex   -2.037290e+02 3.480002e+01 2.077088e+02
      vertex   -2.035090e+02 3.950002e+01 2.076038e+02
      vertex   -2.037290e+02 3.950002e+01 2.077088e+02
    endloop
  endfacet
  facet normal 5.134742e-01 -3.000534e-08 8.581050e-01
    outer loop
      vertex   -2.037290e+02 3.480002e+01 2.077088e+02
      vertex   -2.037290e+02 3.950002e+01 2.077088e+02
      vertex   -2.039381e+02 3.480002e+01 2.078340e+02
    endloop
  endfacet
  facet normal 5.134742e-01 -3.000534e-08 8.581050e-01
    outer loop
      vertex   -2.039381e+02 3.480002e+01 2.078340e+02
      vertex   -2.037290e+02 3.950002e+01 2.077088e+02
      vertex   -2.039381e+02 3.950002e+01 2.078340e+02
    endloop
  endfacet
  facet normal 5.915722e-01 -3.456907e-08 8.062520e-01
    outer loop
      vertex   -2.039381e+02 3.480002e+01 2.078340e+02
      vertex   -2.039381e+02 3.950002e+01 2.078340e+02
      vertex   -2.041347e+02 3.480002e+01 2.079781e+02
    endloop
  endfacet
  facet normal 5.915722e-01 -3.456907e-08 8.062520e-01
    outer loop
      vertex   -2.041347e+02 3.480002e+01 2.079781e+02
      vertex   -2.039381e+02 3.950002e+01 2.078340e+02
      vertex   -2.041347e+02 3.950002e+01 2.079781e+02
    endloop
  endfacet
  facet normal 6.644715e-01 -3.882900e-08 7.473136e-01
    outer loop
      vertex   -2.041347e+02 3.480002e+01 2.079781e+02
      vertex   -2.041347e+02 3.950002e+01 2.079781e+02
      vertex   -2.043168e+02 3.480002e+01 2.081401e+02
    endloop
  endfacet
  facet normal 6.644715e-01 -3.882901e-08 7.473136e-01
    outer loop
      vertex   -2.043168e+02 3.480002e+01 2.081401e+02
      vertex   -2.041347e+02 3.950002e+01 2.079781e+02
      vertex   -2.043168e+02 3.950002e+01 2.081401e+02
    endloop
  endfacet
  facet normal 7.315313e-01 -4.274771e-08 6.818078e-01
    outer loop
      vertex   -2.043168e+02 3.480002e+01 2.081401e+02
      vertex   -2.043168e+02 3.950002e+01 2.081401e+02
      vertex   -2.044830e+02 3.480002e+01 2.083184e+02
    endloop
  endfacet
  facet normal 7.315313e-01 -4.274771e-08 6.818078e-01
    outer loop
      vertex   -2.044830e+02 3.480002e+01 2.083184e+02
      vertex   -2.043168e+02 3.950002e+01 2.081401e+02
      vertex   -2.044830e+02 3.950002e+01 2.083184e+02
    endloop
  endfacet
  facet normal 7.921625e-01 -4.629075e-08 6.103103e-01
    outer loop
      vertex   -2.044830e+02 3.480002e+01 2.083184e+02
      vertex   -2.044830e+02 3.950002e+01 2.083184e+02
      vertex   -2.046317e+02 3.480002e+01 2.085115e+02
    endloop
  endfacet
  facet normal 7.921625e-01 -4.629075e-08 6.103103e-01
    outer loop
      vertex   -2.046317e+02 3.480002e+01 2.085115e+02
      vertex   -2.044830e+02 3.950002e+01 2.083184e+02
      vertex   -2.046317e+02 3.950002e+01 2.085115e+02
    endloop
  endfacet
  facet normal 8.458321e-01 -4.942698e-08 5.334493e-01
    outer loop
      vertex   -2.046317e+02 3.480002e+01 2.085115e+02
      vertex   -2.046317e+02 3.950002e+01 2.085115e+02
      vertex   -2.047618e+02 3.480002e+01 2.087176e+02
    endloop
  endfacet
  facet normal 8.458321e-01 -4.942698e-08 5.334493e-01
    outer loop
      vertex   -2.047618e+02 3.480002e+01 2.087176e+02
      vertex   -2.046317e+02 3.950002e+01 2.085115e+02
      vertex   -2.047618e+02 3.950002e+01 2.087176e+02
    endloop
  endfacet
  facet normal 8.920684e-01 -5.212885e-08 4.519003e-01
    outer loop
      vertex   -2.047618e+02 3.480002e+01 2.087176e+02
      vertex   -2.047618e+02 3.950002e+01 2.087176e+02
      vertex   -2.048719e+02 3.480002e+01 2.089351e+02
    endloop
  endfacet
  facet normal 8.920684e-01 -5.212884e-08 4.519003e-01
    outer loop
      vertex   -2.048719e+02 3.480002e+01 2.089351e+02
      vertex   -2.047618e+02 3.950002e+01 2.087176e+02
      vertex   -2.048719e+02 3.950002e+01 2.089351e+02
    endloop
  endfacet
  facet normal 9.304653e-01 -5.437260e-08 3.663800e-01
    outer loop
      vertex   -2.048719e+02 3.480002e+01 2.089351e+02
      vertex   -2.048719e+02 3.950002e+01 2.089351e+02
      vertex   -2.049612e+02 3.480002e+01 2.091619e+02
    endloop
  endfacet
  facet normal 9.304653e-01 -5.437260e-08 3.663800e-01
    outer loop
      vertex   -2.049612e+02 3.480002e+01 2.091619e+02
      vertex   -2.048719e+02 3.950002e+01 2.089351e+02
      vertex   -2.049612e+02 3.950002e+01 2.091619e+02
    endloop
  endfacet
  facet normal 9.606852e-01 -5.613852e-08 2.776400e-01
    outer loop
      vertex   -2.049612e+02 3.480002e+01 2.091619e+02
      vertex   -2.049612e+02 3.950002e+01 2.091619e+02
      vertex   -2.050289e+02 3.480002e+01 2.093960e+02
    endloop
  endfacet
  facet normal 9.606852e-01 -5.613853e-08 2.776400e-01
    outer loop
      vertex   -2.050289e+02 3.480002e+01 2.093960e+02
      vertex   -2.049612e+02 3.950002e+01 2.091619e+02
      vertex   -2.050289e+02 3.950002e+01 2.093960e+02
    endloop
  endfacet
  facet normal 9.824625e-01 -5.741111e-08 1.864601e-01
    outer loop
      vertex   -2.050289e+02 3.480002e+01 2.093960e+02
      vertex   -2.050289e+02 3.950002e+01 2.093960e+02
      vertex   -2.050743e+02 3.480002e+01 2.096355e+02
    endloop
  endfacet
  facet normal 9.824625e-01 -5.741111e-08 1.864601e-01
    outer loop
      vertex   -2.050743e+02 3.480002e+01 2.096355e+02
      vertex   -2.050289e+02 3.950002e+01 2.093960e+02
      vertex   -2.050743e+02 3.950002e+01 2.096355e+02
    endloop
  endfacet
  facet normal 9.956060e-01 -5.817916e-08 9.364149e-02
    outer loop
      vertex   -2.050743e+02 3.480002e+01 2.096355e+02
      vertex   -2.050743e+02 3.950002e+01 2.096355e+02
      vertex   -2.050971e+02 3.480002e+01 2.098781e+02
    endloop
  endfacet
  facet normal 9.956060e-01 -5.817916e-08 9.364149e-02
    outer loop
      vertex   -2.050971e+02 3.480002e+01 2.098781e+02
      vertex   -2.050743e+02 3.950002e+01 2.096355e+02
      vertex   -2.050971e+02 3.950002e+01 2.098781e+02
    endloop
  endfacet
  facet normal 1.000000e+00 -5.843593e-08 0.000000e+00
    outer loop
      vertex   -2.050971e+02 3.480002e+01 2.098781e+02
      vertex   -2.050971e+02 3.950002e+01 2.098781e+02
      vertex   -2.050971e+02 3.480002e+01 2.101219e+02
    endloop
  endfacet
  facet normal 1.000000e+00 -5.843593e-08 0.000000e+00
    outer loop
      vertex   -2.050971e+02 3.480002e+01 2.101219e+02
      vertex   -2.050971e+02 3.950002e+01 2.098781e+02
      vertex   -2.050971e+02 3.950002e+01 2.101219e+02
    endloop
  endfacet
  facet normal 9.956060e-01 -5.817916e-08 -9.364149e-02
    outer loop
      vertex   -2.050971e+02 3.480002e+01 2.101219e+02
      vertex   -2.050971e+02 3.950002e+01 2.101219e+02
      vertex   -2.050743e+02 3.480002e+01 2.103645e+02
    endloop
  endfacet
  facet normal 9.956060e-01 -5.817916e-08 -9.364149e-02
    outer loop
      vertex   -2.050743e+02 3.480002e+01 2.103645e+02
      vertex   -2.050971e+02 3.950002e+01 2.101219e+02
      vertex   -2.050743e+02 3.950002e+01 2.103645e+02
    endloop
  endfacet
  facet normal 9.824625e-01 -5.741111e-08 -1.864601e-01
    outer loop
      vertex   -2.050743e+02 3.480002e+01 2.103645e+02
      vertex   -2.050743e+02 3.950002e+01 2.103645e+02
      vertex   -2.050289e+02 3.480002e+01 2.106040e+02
    endloop
  endfacet
  facet normal 9.824625e-01 -5.741111e-08 -1.864601e-01
    outer loop
      vertex   -2.050289e+02 3.480002e+01 2.106040e+02
      vertex   -2.050743e+02 3.950002e+01 2.103645e+02
      vertex   -2.050289e+02 3.950002e+01 2.106040e+02
    endloop
  endfacet
  facet normal 9.606852e-01 -5.613853e-08 -2.776400e-01
    outer loop
      vertex   -2.050289e+02 3.480002e+01 2.106040e+02
      vertex   -2.050289e+02 3.950002e+01 2.106040e+02
      vertex   -2.049612e+02 3.480002e+01 2.108381e+02
    endloop
  endfacet
  facet normal 9.606852e-01 -5.613852e-08 -2.776400e-01
    outer loop
      vertex   -2.049612e+02 3.480002e+01 2.108381e+02
      vertex   -2.050289e+02 3.950002e+01 2.106040e+02
      vertex   -2.049612e+02 3.950002e+01 2.108381e+02
    endloop
  endfacet
  facet normal 9.304653e-01 -5.437260e-08 -3.663800e-01
    outer loop
      vertex   -2.049612e+02 3.480002e+01 2.108381e+02
      vertex   -2.049612e+02 3.950002e+01 2.108381e+02
      vertex   -2.048719e+02 3.480002e+01 2.110649e+02
    endloop
  endfacet
  facet normal 9.304653e-01 -5.437260e-08 -3.663800e-01
    outer loop
      vertex   -2.048719e+02 3.480002e+01 2.110649e+02
      vertex   -2.049612e+02 3.950002e+01 2.108381e+02
      vertex   -2.048719e+02 3.950002e+01 2.110649e+02
    endloop
  endfacet
  facet normal 8.920684e-01 -5.212884e-08 -4.519003e-01
    outer loop
      vertex   -2.048719e+02 3.480002e+01 2.110649e+02
      vertex   -2.048719e+02 3.950002e+01 2.110649e+02
      vertex   -2.047618e+02 3.480002e+01 2.112824e+02
    endloop
  endfacet
  facet normal 8.920684e-01 -5.212885e-08 -4.519003e-01
    outer loop
      vertex   -2.047618e+02 3.480002e+01 2.112824e+02
      vertex   -2.048719e+02 3.950002e+01 2.110649e+02
      vertex   -2.047618e+02 3.950002e+01 2.112824e+02
    endloop
  endfacet
  facet normal 8.458321e-01 -4.942698e-08 -5.334493e-01
    outer loop
      vertex   -2.047618e+02 3.480002e+01 2.112824e+02
      vertex   -2.047618e+02 3.950002e+01 2.112824e+02
      vertex   -2.046317e+02 3.480002e+01 2.114885e+02
    endloop
  endfacet
  facet normal 8.458321e-01 -4.942698e-08 -5.334493e-01
    outer loop
      vertex   -2.046317e+02 3.480002e+01 2.114885e+02
      vertex   -2.047618e+02 3.950002e+01 2.112824e+02
      vertex   -2.046317e+02 3.950002e+01 2.114885e+02
    endloop
  endfacet
  facet normal 7.921625e-01 -4.629075e-08 -6.103103e-01
    outer loop
      vertex   -2.046317e+02 3.480002e+01 2.114885e+02
      vertex   -2.046317e+02 3.950002e+01 2.114885e+02
      vertex   -2.044830e+02 3.480002e+01 2.116816e+02
    endloop
  endfacet
  facet normal 7.921625e-01 -4.629075e-08 -6.103103e-01
    outer loop
      vertex   -2.044830e+02 3.480002e+01 2.116816e+02
      vertex   -2.046317e+02 3.950002e+01 2.114885e+02
      vertex   -2.044830e+02 3.950002e+01 2.116816e+02
    endloop
  endfacet
  facet normal 7.315313e-01 -4.274771e-08 -6.818078e-01
    outer loop
      vertex   -2.044830e+02 3.480002e+01 2.116816e+02
      vertex   -2.044830e+02 3.950002e+01 2.116816e+02
      vertex   -2.043168e+02 3.480002e+01 2.118599e+02
    endloop
  endfacet
  facet normal 7.315313e-01 -4.274771e-08 -6.818078e-01
    outer loop
      vertex   -2.043168e+02 3.480002e+01 2.118599e+02
      vertex   -2.044830e+02 3.950002e+01 2.116816e+02
      vertex   -2.043168e+02 3.950002e+01 2.118599e+02
    endloop
  endfacet
  facet normal 6.644715e-01 -3.882901e-08 -7.473136e-01
    outer loop
      vertex   -2.043168e+02 3.480002e+01 2.118599e+02
      vertex   -2.043168e+02 3.950002e+01 2.118599e+02
      vertex   -2.041347e+02 3.480002e+01 2.120219e+02
    endloop
  endfacet
  facet normal 6.644715e-01 -3.882900e-08 -7.473136e-01
    outer loop
      vertex   -2.041347e+02 3.480002e+01 2.120219e+02
      vertex   -2.043168e+02 3.950002e+01 2.118599e+02
      vertex   -2.041347e+02 3.950002e+01 2.120219e+02
    endloop
  endfacet
  facet normal 5.915722e-01 -3.456907e-08 -8.062520e-01
    outer loop
      vertex   -2.041347e+02 3.480002e+01 2.120219e+02
      vertex   -2.041347e+02 3.950002e+01 2.120219e+02
      vertex   -2.039381e+02 3.480002e+01 2.121660e+02
    endloop
  endfacet
  facet normal 5.915722e-01 -3.456907e-08 -8.062520e-01
    outer loop
      vertex   -2.039381e+02 3.480002e+01 2.121660e+02
      vertex   -2.041347e+02 3.950002e+01 2.120219e+02
      vertex   -2.039381e+02 3.950002e+01 2.121660e+02
    endloop
  endfacet
  facet normal 5.134742e-01 -3.000534e-08 -8.581050e-01
    outer loop
      vertex   -2.039381e+02 3.480002e+01 2.121660e+02
      vertex   -2.039381e+02 3.950002e+01 2.121660e+02
      vertex   -2.037290e+02 3.480002e+01 2.122912e+02
    endloop
  endfacet
  facet normal 5.134742e-01 -3.000534e-08 -8.581050e-01
    outer loop
      vertex   -2.037290e+02 3.480002e+01 2.122912e+02
      vertex   -2.039381e+02 3.950002e+01 2.121660e+02
      vertex   -2.037290e+02 3.950002e+01 2.122912e+02
    endloop
  endfacet
  facet normal 4.308637e-01 -2.517792e-08 -9.024170e-01
    outer loop
      vertex   -2.037290e+02 3.480002e+01 2.122912e+02
      vertex   -2.037290e+02 3.950002e+01 2.122912e+02
      vertex   -2.035090e+02 3.480002e+01 2.123962e+02
    endloop
  endfacet
  facet normal 4.308637e-01 -2.517792e-08 -9.024170e-01
    outer loop
      vertex   -2.035090e+02 3.480002e+01 2.123962e+02
      vertex   -2.037290e+02 3.950002e+01 2.122912e+02
      vertex   -2.035090e+02 3.950002e+01 2.123962e+02
    endloop
  endfacet
  facet normal 3.444669e-01 -2.012924e-08 -9.387985e-01
    outer loop
      vertex   -2.035090e+02 3.480002e+01 2.123962e+02
      vertex   -2.035090e+02 3.950002e+01 2.123962e+02
      vertex   -2.032802e+02 3.480002e+01 2.124802e+02
    endloop
  endfacet
  facet normal 3.444669e-01 -2.012924e-08 -9.387985e-01
    outer loop
      vertex   -2.032802e+02 3.480002e+01 2.124802e+02
      vertex   -2.035090e+02 3.950002e+01 2.123962e+02
      vertex   -2.032802e+02 3.950002e+01 2.124802e+02
    endloop
  endfacet
  facet normal 2.550428e-01 -1.490366e-08 -9.669298e-01
    outer loop
      vertex   -2.032802e+02 3.480002e+01 2.124802e+02
      vertex   -2.032802e+02 3.950002e+01 2.124802e+02
      vertex   -2.030445e+02 3.480002e+01 2.125423e+02
    endloop
  endfacet
  facet normal 2.550428e-01 -1.490366e-08 -9.669298e-01
    outer loop
      vertex   -2.030445e+02 3.480002e+01 2.125423e+02
      vertex   -2.032802e+02 3.950002e+01 2.124802e+02
      vertex   -2.030445e+02 3.950002e+01 2.125423e+02
    endloop
  endfacet
  facet normal 1.633774e-01 -9.547108e-09 -9.865637e-01
    outer loop
      vertex   -2.030445e+02 3.480002e+01 2.125423e+02
      vertex   -2.030445e+02 3.950002e+01 2.125423e+02
      vertex   -2.028041e+02 3.480002e+01 2.125822e+02
    endloop
  endfacet
  facet normal 1.633774e-01 -9.547108e-09 -9.865637e-01
    outer loop
      vertex   -2.028041e+02 3.480002e+01 2.125822e+02
      vertex   -2.030445e+02 3.950002e+01 2.125423e+02
      vertex   -2.028041e+02 3.950002e+01 2.125822e+02
    endloop
  endfacet
  facet normal 7.027619e-02 -4.106654e-09 -9.975276e-01
    outer loop
      vertex   -2.028041e+02 3.480002e+01 2.125822e+02
      vertex   -2.028041e+02 3.950002e+01 2.125822e+02
      vertex   -2.025609e+02 3.480002e+01 2.125993e+02
    endloop
  endfacet
  facet normal 7.027619e-02 -4.106654e-09 -9.975276e-01
    outer loop
      vertex   -2.025609e+02 3.480002e+01 2.125993e+02
      vertex   -2.028041e+02 3.950002e+01 2.125822e+02
      vertex   -2.025609e+02 3.950002e+01 2.125993e+02
    endloop
  endfacet
  facet normal -2.344257e-02 1.369889e-09 -9.997252e-01
    outer loop
      vertex   -2.025609e+02 3.480002e+01 2.125993e+02
      vertex   -2.025609e+02 3.950002e+01 2.125993e+02
      vertex   -2.023173e+02 3.480002e+01 2.125936e+02
    endloop
  endfacet
  facet normal -2.344257e-02 1.369888e-09 -9.997252e-01
    outer loop
      vertex   -2.023173e+02 3.480002e+01 2.125936e+02
      vertex   -2.025609e+02 3.950002e+01 2.125993e+02
      vertex   -2.023173e+02 3.950002e+01 2.125936e+02
    endloop
  endfacet
  facet normal -1.169553e-01 6.834392e-09 -9.931372e-01
    outer loop
      vertex   -2.023173e+02 3.480002e+01 2.125936e+02
      vertex   -2.023173e+02 3.950002e+01 2.125936e+02
      vertex   -2.020752e+02 3.480002e+01 2.125651e+02
    endloop
  endfacet
  facet normal -1.169553e-01 6.834393e-09 -9.931372e-01
    outer loop
      vertex   -2.020752e+02 3.480002e+01 2.125651e+02
      vertex   -2.023173e+02 3.950002e+01 2.125936e+02
      vertex   -2.020752e+02 3.950002e+01 2.125651e+02
    endloop
  endfacet
  facet normal -2.094403e-01 1.223884e-08 -9.778214e-01
    outer loop
      vertex   -2.020752e+02 3.480002e+01 2.125651e+02
      vertex   -2.020752e+02 3.950002e+01 2.125651e+02
      vertex   -2.018369e+02 3.480002e+01 2.125140e+02
    endloop
  endfacet
  facet normal -2.094403e-01 1.223883e-08 -9.778214e-01
    outer loop
      vertex   -2.018369e+02 3.480002e+01 2.125140e+02
      vertex   -2.020752e+02 3.950002e+01 2.125651e+02
      vertex   -2.018369e+02 3.950002e+01 2.125140e+02
    endloop
  endfacet
  facet normal -3.000846e-01 1.753572e-08 -9.539126e-01
    outer loop
      vertex   -2.018369e+02 3.480002e+01 2.125140e+02
      vertex   -2.018369e+02 3.950002e+01 2.125140e+02
      vertex   -2.016044e+02 3.480002e+01 2.124409e+02
    endloop
  endfacet
  facet normal -3.000846e-01 1.753572e-08 -9.539126e-01
    outer loop
      vertex   -2.016044e+02 3.480002e+01 2.124409e+02
      vertex   -2.018369e+02 3.950002e+01 2.125140e+02
      vertex   -2.016044e+02 3.950002e+01 2.124409e+02
    endloop
  endfacet
  facet normal -3.880919e-01 2.267851e-08 -9.216207e-01
    outer loop
      vertex   -2.016044e+02 3.480002e+01 2.124409e+02
      vertex   -2.016044e+02 3.950002e+01 2.124409e+02
      vertex   -2.013798e+02 3.480002e+01 2.123463e+02
    endloop
  endfacet
  facet normal -3.880919e-01 2.267851e-08 -9.216207e-01
    outer loop
      vertex   -2.013798e+02 3.480002e+01 2.123463e+02
      vertex   -2.016044e+02 3.950002e+01 2.124409e+02
      vertex   -2.013798e+02 3.950002e+01 2.123463e+02
    endloop
  endfacet
  facet normal -4.726885e-01 2.762199e-08 -8.812296e-01
    outer loop
      vertex   -2.013798e+02 3.480002e+01 2.123463e+02
      vertex   -2.013798e+02 3.950002e+01 2.123463e+02
      vertex   -2.011650e+02 3.480002e+01 2.122311e+02
    endloop
  endfacet
  facet normal -4.726885e-01 2.762199e-08 -8.812296e-01
    outer loop
      vertex   -2.011650e+02 3.480002e+01 2.122311e+02
      vertex   -2.013798e+02 3.950002e+01 2.123463e+02
      vertex   -2.011650e+02 3.950002e+01 2.122311e+02
    endloop
  endfacet
  facet normal -5.531312e-01 3.232273e-08 -8.330942e-01
    outer loop
      vertex   -2.011650e+02 3.480002e+01 2.122311e+02
      vertex   -2.011650e+02 3.950002e+01 2.122311e+02
      vertex   -2.009619e+02 3.480002e+01 2.120963e+02
    endloop
  endfacet
  facet normal -5.531312e-01 3.232273e-08 -8.330942e-01
    outer loop
      vertex   -2.009619e+02 3.480002e+01 2.120963e+02
      vertex   -2.011650e+02 3.950002e+01 2.122311e+02
      vertex   -2.009619e+02 3.950002e+01 2.120963e+02
    endloop
  endfacet
  facet normal -6.287129e-01 3.673942e-08 -7.776375e-01
    outer loop
      vertex   -2.009619e+02 3.480002e+01 2.120963e+02
      vertex   -2.009619e+02 3.950002e+01 2.120963e+02
      vertex   -2.007724e+02 3.480002e+01 2.119430e+02
    endloop
  endfacet
  facet normal -6.287129e-01 3.673942e-08 -7.776375e-01
    outer loop
      vertex   -2.007724e+02 3.480002e+01 2.119430e+02
      vertex   -2.009619e+02 3.950002e+01 2.120963e+02
      vertex   -2.007724e+02 3.950002e+01 2.119430e+02
    endloop
  endfacet
  facet normal -6.987694e-01 4.083324e-08 -7.153470e-01
    outer loop
      vertex   -2.007724e+02 3.480002e+01 2.119430e+02
      vertex   -2.007724e+02 3.950002e+01 2.119430e+02
      vertex   -2.005980e+02 3.480002e+01 2.117727e+02
    endloop
  endfacet
  facet normal -6.987694e-01 4.083324e-08 -7.153470e-01
    outer loop
      vertex   -2.005980e+02 3.480002e+01 2.117727e+02
      vertex   -2.007724e+02 3.950002e+01 2.119430e+02
      vertex   -2.005980e+02 3.950002e+01 2.117727e+02
    endloop
  endfacet
  facet normal -7.626852e-01 4.456822e-08 -6.467699e-01
    outer loop
      vertex   -2.005980e+02 3.480002e+01 2.117727e+02
      vertex   -2.005980e+02 3.950002e+01 2.117727e+02
      vertex   -2.004404e+02 3.480002e+01 2.115868e+02
    endloop
  endfacet
  facet normal -7.626852e-01 4.456821e-08 -6.467699e-01
    outer loop
      vertex   -2.004404e+02 3.480002e+01 2.115868e+02
      vertex   -2.005980e+02 3.950002e+01 2.117727e+02
      vertex   -2.004404e+02 3.950002e+01 2.115868e+02
    endloop
  endfacet
  facet normal -8.198984e-01 4.791152e-08 -5.725090e-01
    outer loop
      vertex   -2.004404e+02 3.480002e+01 2.115868e+02
      vertex   -2.004404e+02 3.950002e+01 2.115868e+02
      vertex   -2.003008e+02 3.480002e+01 2.113870e+02
    endloop
  endfacet
  facet normal -8.198984e-01 4.791153e-08 -5.725090e-01
    outer loop
      vertex   -2.003008e+02 3.480002e+01 2.113870e+02
      vertex   -2.004404e+02 3.950002e+01 2.115868e+02
      vertex   -2.003008e+02 3.950002e+01 2.113870e+02
    endloop
  endfacet
  facet normal -8.699064e-01 5.083379e-08 -4.932169e-01
    outer loop
      vertex   -2.003008e+02 3.480002e+01 2.113870e+02
      vertex   -2.003008e+02 3.950002e+01 2.113870e+02
      vertex   -2.001806e+02 3.480002e+01 2.111749e+02
    endloop
  endfacet
  facet normal -8.699064e-01 5.083379e-08 -4.932169e-01
    outer loop
      vertex   -2.001806e+02 3.480002e+01 2.111749e+02
      vertex   -2.003008e+02 3.950002e+01 2.113870e+02
      vertex   -2.001806e+02 3.950002e+01 2.111749e+02
    endloop
  endfacet
  facet normal -9.122696e-01 5.330932e-08 -4.095904e-01
    outer loop
      vertex   -2.001806e+02 3.480002e+01 2.111749e+02
      vertex   -2.001806e+02 3.950002e+01 2.111749e+02
      vertex   -2.000808e+02 3.480002e+01 2.109526e+02
    endloop
  endfacet
  facet normal -9.122696e-01 5.330931e-08 -4.095904e-01
    outer loop
      vertex   -2.000808e+02 3.480002e+01 2.109526e+02
      vertex   -2.001806e+02 3.950002e+01 2.111749e+02
      vertex   -2.000808e+02 3.950002e+01 2.109526e+02
    endloop
  endfacet
  facet normal -9.466157e-01 5.531636e-08 -3.223643e-01
    outer loop
      vertex   -2.000808e+02 3.480002e+01 2.109526e+02
      vertex   -2.000808e+02 3.950002e+01 2.109526e+02
      vertex   -2.000022e+02 3.480002e+01 2.107219e+02
    endloop
  endfacet
  facet normal -9.466157e-01 5.531636e-08 -3.223643e-01
    outer loop
      vertex   -2.000022e+02 3.480002e+01 2.107219e+02
      vertex   -2.000808e+02 3.950002e+01 2.109526e+02
      vertex   -2.000022e+02 3.950002e+01 2.107219e+02
    endloop
  endfacet
  facet normal -9.726429e-01 5.683728e-08 -2.323054e-01
    outer loop
      vertex   -2.000022e+02 3.480002e+01 2.107219e+02
      vertex   -2.000022e+02 3.950002e+01 2.107219e+02
      vertex   -1.999456e+02 3.480002e+01 2.104848e+02
    endloop
  endfacet
  facet normal -9.726429e-01 5.683728e-08 -2.323054e-01
    outer loop
      vertex   -1.999456e+02 3.480002e+01 2.104848e+02
      vertex   -2.000022e+02 3.950002e+01 2.107219e+02
      vertex   -1.999456e+02 3.950002e+01 2.104848e+02
    endloop
  endfacet
  facet normal -9.901225e-01 5.785872e-08 -1.402049e-01
    outer loop
      vertex   -1.999456e+02 3.480002e+01 2.104848e+02
      vertex   -1.999456e+02 3.950002e+01 2.104848e+02
      vertex   -1.999114e+02 3.480002e+01 2.102435e+02
    endloop
  endfacet
  facet normal -9.901225e-01 5.785872e-08 -1.402049e-01
    outer loop
      vertex   -1.999114e+02 3.480002e+01 2.102435e+02
      vertex   -1.999456e+02 3.950002e+01 2.104848e+02
      vertex   -1.999114e+02 3.950002e+01 2.102435e+02
    endloop
  endfacet
  facet normal -9.989009e-01 5.837169e-08 -4.687226e-02
    outer loop
      vertex   -1.999114e+02 3.480002e+01 2.102435e+02
      vertex   -1.999114e+02 3.950002e+01 2.102435e+02
      vertex   -1.999000e+02 3.950002e+01 2.100000e+02
    endloop
  endfacet
  facet normal 1.000000e+00 -5.843593e-08 0.000000e+00
    outer loop
      vertex   -1.600000e+02 4.250002e+01 2.030000e+02
      vertex   -1.600000e+02 4.250002e+01 2.170000e+02
      vertex   -1.600000e+02 3.250002e+01 2.030000e+02
    endloop
  endfacet
  facet normal 1.000000e+00 -5.843593e-08 0.000000e+00
    outer loop
      vertex   -1.600000e+02 3.250002e+01 2.030000e+02
      vertex   -1.600000e+02 4.250002e+01 2.170000e+02
      vertex   -1.600000e+02 3.250002e+01 2.170000e+02
    endloop
  endfacet
  facet normal -5.038318e-01 2.944188e-08 8.638018e-01
    outer loop
      vertex   -2.078253e+02 3.250002e+01 2.196250e+02
      vertex   -2.078253e+02 4.250002e+01 2.196250e+02
      vertex   -2.082561e+02 3.250002e+01 2.193738e+02
    endloop
  endfacet
  facet normal -5.038318e-01 2.944188e-08 8.638018e-01
    outer loop
      vertex   -2.082561e+02 3.250002e+01 2.193738e+02
      vertex   -2.078253e+02 4.250002e+01 2.196250e+02
      vertex   -2.082561e+02 4.250002e+01 2.193738e+02
    endloop
  endfacet
  facet normal -5.424635e-01 3.169936e-08 8.400794e-01
    outer loop
      vertex   -2.082561e+02 3.250002e+01 2.193738e+02
      vertex   -2.082561e+02 4.250002e+01 2.193738e+02
      vertex   -2.086750e+02 3.250002e+01 2.191032e+02
    endloop
  endfacet
  facet normal -5.424635e-01 3.169936e-08 8.400794e-01
    outer loop
      vertex   -2.086750e+02 3.250002e+01 2.191032e+02
      vertex   -2.082561e+02 4.250002e+01 2.193738e+02
      vertex   -2.086750e+02 4.250002e+01 2.191032e+02
    endloop
  endfacet
  facet normal -5.799803e-01 3.389169e-08 8.146305e-01
    outer loop
      vertex   -2.086750e+02 3.250002e+01 2.191032e+02
      vertex   -2.086750e+02 4.250002e+01 2.191032e+02
      vertex   -2.090813e+02 3.250002e+01 2.188140e+02
    endloop
  endfacet
  facet normal -5.799803e-01 3.389169e-08 8.146305e-01
    outer loop
      vertex   -2.090813e+02 3.250002e+01 2.188140e+02
      vertex   -2.086750e+02 4.250002e+01 2.191032e+02
      vertex   -2.090813e+02 4.250002e+01 2.188140e+02
    endloop
  endfacet
  facet normal -6.163051e-01 3.601437e-08 7.875074e-01
    outer loop
      vertex   -2.090813e+02 3.250002e+01 2.188140e+02
      vertex   -2.090813e+02 4.250002e+01 2.188140e+02
      vertex   -2.094740e+02 3.250002e+01 2.185067e+02
    endloop
  endfacet
  facet normal -6.163051e-01 3.601436e-08 7.875074e-01
    outer loop
      vertex   -2.094740e+02 3.250002e+01 2.185067e+02
      vertex   -2.090813e+02 4.250002e+01 2.188140e+02
      vertex   -2.094740e+02 4.250002e+01 2.185067e+02
    endloop
  endfacet
  facet normal -6.513634e-01 3.806303e-08 7.587659e-01
    outer loop
      vertex   -2.094740e+02 3.250002e+01 2.185067e+02
      vertex   -2.094740e+02 4.250002e+01 2.185067e+02
      vertex   -2.098523e+02 3.250002e+01 2.181819e+02
    endloop
  endfacet
  facet normal -6.513634e-01 3.806303e-08 7.587659e-01
    outer loop
      vertex   -2.098523e+02 3.250002e+01 2.181819e+02
      vertex   -2.094740e+02 4.250002e+01 2.185067e+02
      vertex   -2.098523e+02 4.250002e+01 2.181819e+02
    endloop
  endfacet
  facet normal -6.850830e-01 4.003347e-08 7.284650e-01
    outer loop
      vertex   -2.098523e+02 3.250002e+01 2.181819e+02
      vertex   -2.098523e+02 4.250002e+01 2.181819e+02
      vertex   -2.102156e+02 3.250002e+01 2.178402e+02
    endloop
  endfacet
  facet normal -6.850830e-01 4.003347e-08 7.284650e-01
    outer loop
      vertex   -2.102156e+02 3.250002e+01 2.178402e+02
      vertex   -2.098523e+02 4.250002e+01 2.181819e+02
      vertex   -2.102156e+02 4.250002e+01 2.178402e+02
    endloop
  endfacet
  facet normal -7.173946e-01 4.192163e-08 6.966670e-01
    outer loop
      vertex   -2.102156e+02 3.250002e+01 2.178402e+02
      vertex   -2.102156e+02 4.250002e+01 2.178402e+02
      vertex   -2.105630e+02 3.250002e+01 2.174825e+02
    endloop
  endfacet
  facet normal -7.173946e-01 4.192162e-08 6.966670e-01
    outer loop
      vertex   -2.105630e+02 3.250002e+01 2.174825e+02
      vertex   -2.102156e+02 4.250002e+01 2.178402e+02
      vertex   -2.105630e+02 4.250002e+01 2.174825e+02
    endloop
  endfacet
  facet normal -7.482319e-01 4.372363e-08 6.634373e-01
    outer loop
      vertex   -2.105630e+02 3.250002e+01 2.174825e+02
      vertex   -2.105630e+02 4.250002e+01 2.174825e+02
      vertex   -2.108939e+02 3.250002e+01 2.171094e+02
    endloop
  endfacet
  facet normal -7.482319e-01 4.372363e-08 6.634373e-01
    outer loop
      vertex   -2.108939e+02 3.250002e+01 2.171094e+02
      vertex   -2.105630e+02 4.250002e+01 2.174825e+02
      vertex   -2.108939e+02 4.250002e+01 2.171094e+02
    endloop
  endfacet
  facet normal -7.775315e-01 4.543578e-08 6.288440e-01
    outer loop
      vertex   -2.108939e+02 3.250002e+01 2.171094e+02
      vertex   -2.108939e+02 4.250002e+01 2.171094e+02
      vertex   -2.112074e+02 3.250002e+01 2.167216e+02
    endloop
  endfacet
  facet normal -7.775315e-01 4.543578e-08 6.288440e-01
    outer loop
      vertex   -2.112074e+02 3.250002e+01 2.167216e+02
      vertex   -2.108939e+02 4.250002e+01 2.171094e+02
      vertex   -2.112074e+02 4.250002e+01 2.167216e+02
    endloop
  endfacet
  facet normal -8.052331e-01 4.705455e-08 5.929584e-01
    outer loop
      vertex   -2.112074e+02 3.250002e+01 2.167216e+02
      vertex   -2.112074e+02 4.250002e+01 2.167216e+02
      vertex   -2.115031e+02 3.250002e+01 2.163201e+02
    endloop
  endfacet
  facet normal -8.052331e-01 4.705455e-08 5.929584e-01
    outer loop
      vertex   -2.115031e+02 3.250002e+01 2.163201e+02
      vertex   -2.112074e+02 4.250002e+01 2.167216e+02
      vertex   -2.115031e+02 4.250002e+01 2.163201e+02
    endloop
  endfacet
  facet normal -8.312798e-01 4.857661e-08 5.558542e-01
    outer loop
      vertex   -2.115031e+02 3.250002e+01 2.163201e+02
      vertex   -2.115031e+02 4.250002e+01 2.163201e+02
      vertex   -2.117803e+02 3.250002e+01 2.159056e+02
    endloop
  endfacet
  facet normal -8.312798e-01 4.857661e-08 5.558542e-01
    outer loop
      vertex   -2.117803e+02 3.250002e+01 2.159056e+02
      vertex   -2.115031e+02 4.250002e+01 2.163201e+02
      vertex   -2.117803e+02 4.250002e+01 2.159056e+02
    endloop
  endfacet
  facet normal -8.556181e-01 4.999884e-08 5.176076e-01
    outer loop
      vertex   -2.117803e+02 3.250002e+01 2.159056e+02
      vertex   -2.117803e+02 4.250002e+01 2.159056e+02
      vertex   -2.120384e+02 3.250002e+01 2.154789e+02
    endloop
  endfacet
  facet normal -8.556181e-01 4.999884e-08 5.176076e-01
    outer loop
      vertex   -2.120384e+02 3.250002e+01 2.154789e+02
      vertex   -2.117803e+02 4.250002e+01 2.159056e+02
      vertex   -2.120384e+02 4.250002e+01 2.154789e+02
    endloop
  endfacet
  facet normal -8.781980e-01 5.131832e-08 4.782972e-01
    outer loop
      vertex   -2.120384e+02 3.250002e+01 2.154789e+02
      vertex   -2.120384e+02 4.250002e+01 2.154789e+02
      vertex   -2.122770e+02 3.250002e+01 2.150410e+02
    endloop
  endfacet
  facet normal -8.781980e-01 5.131832e-08 4.782972e-01
    outer loop
      vertex   -2.122770e+02 3.250002e+01 2.150410e+02
      vertex   -2.120384e+02 4.250002e+01 2.154789e+02
      vertex   -2.122770e+02 4.250002e+01 2.150410e+02
    endloop
  endfacet
  facet normal -8.989731e-01 5.253233e-08 4.380039e-01
    outer loop
      vertex   -2.122770e+02 3.250002e+01 2.150410e+02
      vertex   -2.122770e+02 4.250002e+01 2.150410e+02
      vertex   -2.124954e+02 3.250002e+01 2.145927e+02
    endloop
  endfacet
  facet normal -8.989731e-01 5.253233e-08 4.380039e-01
    outer loop
      vertex   -2.124954e+02 3.250002e+01 2.145927e+02
      vertex   -2.122770e+02 4.250002e+01 2.150410e+02
      vertex   -2.124954e+02 4.250002e+01 2.145927e+02
    endloop
  endfacet
  facet normal -9.179006e-01 5.363838e-08 3.968104e-01
    outer loop
      vertex   -2.124954e+02 3.250002e+01 2.145927e+02
      vertex   -2.124954e+02 4.250002e+01 2.145927e+02
      vertex   -2.126933e+02 3.250002e+01 2.141349e+02
    endloop
  endfacet
  facet normal -9.179006e-01 5.363838e-08 3.968104e-01
    outer loop
      vertex   -2.126933e+02 3.250002e+01 2.141349e+02
      vertex   -2.124954e+02 4.250002e+01 2.145927e+02
      vertex   -2.126932e+02 4.250002e+01 2.141349e+02
    endloop
  endfacet
  facet normal -9.349417e-01 5.463419e-08 3.548014e-01
    outer loop
      vertex   -2.126933e+02 3.250002e+01 2.141349e+02
      vertex   -2.126932e+02 4.250002e+01 2.141349e+02
      vertex   -2.128702e+02 3.250002e+01 2.136687e+02
    endloop
  endfacet
  facet normal -9.349417e-01 5.463419e-08 3.548014e-01
    outer loop
      vertex   -2.128702e+02 3.250002e+01 2.136687e+02
      vertex   -2.126932e+02 4.250002e+01 2.141349e+02
      vertex   -2.128702e+02 4.250002e+01 2.136687e+02
    endloop
  endfacet
  facet normal -9.500613e-01 5.551772e-08 3.120632e-01
    outer loop
      vertex   -2.128702e+02 3.250002e+01 2.136687e+02
      vertex   -2.128702e+02 4.250002e+01 2.136687e+02
      vertex   -2.130258e+02 3.250002e+01 2.131949e+02
    endloop
  endfacet
  facet normal -9.500613e-01 5.551772e-08 3.120632e-01
    outer loop
      vertex   -2.130258e+02 3.250002e+01 2.131949e+02
      vertex   -2.128702e+02 4.250002e+01 2.136687e+02
      vertex   -2.130258e+02 4.250002e+01 2.131949e+02
    endloop
  endfacet
  facet normal -9.632285e-01 5.628715e-08 2.686837e-01
    outer loop
      vertex   -2.130258e+02 3.250002e+01 2.131949e+02
      vertex   -2.130258e+02 4.250002e+01 2.131949e+02
      vertex   -2.131598e+02 3.250002e+01 2.127146e+02
    endloop
  endfacet
  facet normal -9.632285e-01 5.628715e-08 2.686837e-01
    outer loop
      vertex   -2.131598e+02 3.250002e+01 2.127146e+02
      vertex   -2.130258e+02 4.250002e+01 2.131949e+02
      vertex   -2.131598e+02 4.250002e+01 2.127146e+02
    endloop
  endfacet
  facet normal -9.744160e-01 5.694091e-08 2.247520e-01
    outer loop
      vertex   -2.131598e+02 3.250002e+01 2.127146e+02
      vertex   -2.131598e+02 4.250002e+01 2.127146e+02
      vertex   -2.132719e+02 3.250002e+01 2.122287e+02
    endloop
  endfacet
  facet normal -9.744160e-01 5.694091e-08 2.247520e-01
    outer loop
      vertex   -2.132719e+02 3.250002e+01 2.122287e+02
      vertex   -2.131598e+02 4.250002e+01 2.127146e+02
      vertex   -2.132719e+02 4.250002e+01 2.122287e+02
    endloop
  endfacet
  facet normal -9.836010e-01 5.747764e-08 1.803584e-01
    outer loop
      vertex   -2.132719e+02 3.250002e+01 2.122287e+02
      vertex   -2.132719e+02 4.250002e+01 2.122287e+02
      vertex   -2.133618e+02 3.250002e+01 2.117382e+02
    endloop
  endfacet
  facet normal -9.836010e-01 5.747764e-08 1.803584e-01
    outer loop
      vertex   -2.133618e+02 3.250002e+01 2.117382e+02
      vertex   -2.132719e+02 4.250002e+01 2.122287e+02
      vertex   -2.133618e+02 4.250002e+01 2.117382e+02
    endloop
  endfacet
  facet normal -9.907645e-01 5.789625e-08 1.355941e-01
    outer loop
      vertex   -2.133618e+02 3.250002e+01 2.117382e+02
      vertex   -2.133618e+02 4.250002e+01 2.117382e+02
      vertex   -2.134294e+02 3.250002e+01 2.112441e+02
    endloop
  endfacet
  facet normal -9.907645e-01 5.789625e-08 1.355941e-01
    outer loop
      vertex   -2.134294e+02 3.250002e+01 2.112441e+02
      vertex   -2.133618e+02 4.250002e+01 2.117382e+02
      vertex   -2.134294e+02 4.250002e+01 2.112441e+02
    endloop
  endfacet
  facet normal -9.958918e-01 5.819587e-08 9.055121e-02
    outer loop
      vertex   -2.134294e+02 3.250002e+01 2.112441e+02
      vertex   -2.134294e+02 4.250002e+01 2.112441e+02
      vertex   -2.134746e+02 3.250002e+01 2.107475e+02
    endloop
  endfacet
  facet normal -9.958918e-01 5.819587e-08 9.055121e-02
    outer loop
      vertex   -2.134746e+02 3.250002e+01 2.107475e+02
      vertex   -2.134294e+02 4.250002e+01 2.112441e+02
      vertex   -2.134746e+02 4.250002e+01 2.107475e+02
    endloop
  endfacet
  facet normal -9.989724e-01 5.837589e-08 4.532218e-02
    outer loop
      vertex   -2.134746e+02 3.250002e+01 2.107475e+02
      vertex   -2.134746e+02 4.250002e+01 2.107475e+02
      vertex   -2.134972e+02 3.250002e+01 2.102493e+02
    endloop
  endfacet
  facet normal -9.989724e-01 5.837589e-08 4.532218e-02
    outer loop
      vertex   -2.134972e+02 3.250002e+01 2.102493e+02
      vertex   -2.134746e+02 4.250002e+01 2.107475e+02
      vertex   -2.134972e+02 4.250002e+01 2.102493e+02
    endloop
  endfacet
  facet normal -1.000000e+00 5.843593e-08 0.000000e+00
    outer loop
      vertex   -2.134972e+02 3.250002e+01 2.102493e+02
      vertex   -2.134972e+02 4.250002e+01 2.102493e+02
      vertex   -2.134972e+02 3.250002e+01 2.097507e+02
    endloop
  endfacet
  facet normal -1.000000e+00 5.843593e-08 0.000000e+00
    outer loop
      vertex   -2.134972e+02 3.250002e+01 2.097507e+02
      vertex   -2.134972e+02 4.250002e+01 2.102493e+02
      vertex   -2.134972e+02 4.250002e+01 2.097507e+02
    endloop
  endfacet
  facet normal -9.989724e-01 5.837589e-08 -4.532218e-02
    outer loop
      vertex   -2.134972e+02 3.250002e+01 2.097507e+02
      vertex   -2.134972e+02 4.250002e+01 2.097507e+02
      vertex   -2.134746e+02 3.250002e+01 2.092525e+02
    endloop
  endfacet
  facet normal -9.989724e-01 5.837589e-08 -4.532218e-02
    outer loop
      vertex   -2.134746e+02 3.250002e+01 2.092525e+02
      vertex   -2.134972e+02 4.250002e+01 2.097507e+02
      vertex   -2.134746e+02 4.250002e+01 2.092525e+02
    endloop
  endfacet
  facet normal -9.958918e-01 5.819587e-08 -9.055121e-02
    outer loop
      vertex   -2.134746e+02 3.250002e+01 2.092525e+02
      vertex   -2.134746e+02 4.250002e+01 2.092525e+02
      vertex   -2.134294e+02 3.250002e+01 2.087559e+02
    endloop
  endfacet
  facet normal -9.958918e-01 5.819587e-08 -9.055121e-02
    outer loop
      vertex   -2.134294e+02 3.250002e+01 2.087559e+02
      vertex   -2.134746e+02 4.250002e+01 2.092525e+02
      vertex   -2.134294e+02 4.250002e+01 2.087559e+02
    endloop
  endfacet
  facet normal -9.907645e-01 5.789625e-08 -1.355941e-01
    outer loop
      vertex   -2.134294e+02 3.250002e+01 2.087559e+02
      vertex   -2.134294e+02 4.250002e+01 2.087559e+02
      vertex   -2.133618e+02 3.250002e+01 2.082618e+02
    endloop
  endfacet
  facet normal -9.907645e-01 5.789625e-08 -1.355941e-01
    outer loop
      vertex   -2.133618e+02 3.250002e+01 2.082618e+02
      vertex   -2.134294e+02 4.250002e+01 2.087559e+02
      vertex   -2.133618e+02 4.250002e+01 2.082618e+02
    endloop
  endfacet
  facet normal -9.836010e-01 5.747764e-08 -1.803584e-01
    outer loop
      vertex   -2.133618e+02 3.250002e+01 2.082618e+02
      vertex   -2.133618e+02 4.250002e+01 2.082618e+02
      vertex   -2.132719e+02 3.250002e+01 2.077713e+02
    endloop
  endfacet
  facet normal -9.836010e-01 5.747764e-08 -1.803584e-01
    outer loop
      vertex   -2.132719e+02 3.250002e+01 2.077713e+02
      vertex   -2.133618e+02 4.250002e+01 2.082618e+02
      vertex   -2.132719e+02 4.250002e+01 2.077713e+02
    endloop
  endfacet
  facet normal -9.744160e-01 5.694091e-08 -2.247520e-01
    outer loop
      vertex   -2.132719e+02 3.250002e+01 2.077713e+02
      vertex   -2.132719e+02 4.250002e+01 2.077713e+02
      vertex   -2.131598e+02 3.250002e+01 2.072854e+02
    endloop
  endfacet
  facet normal -9.744160e-01 5.694091e-08 -2.247520e-01
    outer loop
      vertex   -2.131598e+02 3.250002e+01 2.072854e+02
      vertex   -2.132719e+02 4.250002e+01 2.077713e+02
      vertex   -2.131598e+02 4.250002e+01 2.072854e+02
    endloop
  endfacet
  facet normal -9.632285e-01 5.628715e-08 -2.686837e-01
    outer loop
      vertex   -2.131598e+02 3.250002e+01 2.072854e+02
      vertex   -2.131598e+02 4.250002e+01 2.072854e+02
      vertex   -2.130258e+02 3.250002e+01 2.068051e+02
    endloop
  endfacet
  facet normal -9.632285e-01 5.628715e-08 -2.686837e-01
    outer loop
      vertex   -2.130258e+02 3.250002e+01 2.068051e+02
      vertex   -2.131598e+02 4.250002e+01 2.072854e+02
      vertex   -2.130258e+02 4.250002e+01 2.068051e+02
    endloop
  endfacet
  facet normal -9.500613e-01 5.551772e-08 -3.120632e-01
    outer loop
      vertex   -2.130258e+02 3.250002e+01 2.068051e+02
      vertex   -2.130258e+02 4.250002e+01 2.068051e+02
      vertex   -2.128702e+02 3.250002e+01 2.063313e+02
    endloop
  endfacet
  facet normal -9.500613e-01 5.551772e-08 -3.120632e-01
    outer loop
      vertex   -2.128702e+02 3.250002e+01 2.063313e+02
      vertex   -2.130258e+02 4.250002e+01 2.068051e+02
      vertex   -2.128702e+02 4.250002e+01 2.063313e+02
    endloop
  endfacet
  facet normal -9.349417e-01 5.463419e-08 -3.548014e-01
    outer loop
      vertex   -2.128702e+02 3.250002e+01 2.063313e+02
      vertex   -2.128702e+02 4.250002e+01 2.063313e+02
      vertex   -2.126933e+02 3.250002e+01 2.058651e+02
    endloop
  endfacet
  facet normal -9.349417e-01 5.463419e-08 -3.548014e-01
    outer loop
      vertex   -2.126933e+02 3.250002e+01 2.058651e+02
      vertex   -2.128702e+02 4.250002e+01 2.063313e+02
      vertex   -2.126932e+02 4.250002e+01 2.058651e+02
    endloop
  endfacet
  facet normal -9.179006e-01 5.363838e-08 -3.968104e-01
    outer loop
      vertex   -2.126933e+02 3.250002e+01 2.058651e+02
      vertex   -2.126932e+02 4.250002e+01 2.058651e+02
      vertex   -2.124954e+02 3.250002e+01 2.054073e+02
    endloop
  endfacet
  facet normal -9.179006e-01 5.363838e-08 -3.968104e-01
    outer loop
      vertex   -2.124954e+02 3.250002e+01 2.054073e+02
      vertex   -2.126932e+02 4.250002e+01 2.058651e+02
      vertex   -2.124954e+02 4.250002e+01 2.054073e+02
    endloop
  endfacet
  facet normal -8.989731e-01 5.253233e-08 -4.380039e-01
    outer loop
      vertex   -2.124954e+02 3.250002e+01 2.054073e+02
      vertex   -2.124954e+02 4.250002e+01 2.054073e+02
      vertex   -2.122770e+02 3.250002e+01 2.049591e+02
    endloop
  endfacet
  facet normal -8.989731e-01 5.253233e-08 -4.380039e-01
    outer loop
      vertex   -2.122770e+02 3.250002e+01 2.049591e+02
      vertex   -2.124954e+02 4.250002e+01 2.054073e+02
      vertex   -2.122770e+02 4.250002e+01 2.049591e+02
    endloop
  endfacet
  facet normal -8.781980e-01 5.131832e-08 -4.782972e-01
    outer loop
      vertex   -2.122770e+02 3.250002e+01 2.049591e+02
      vertex   -2.122770e+02 4.250002e+01 2.049591e+02
      vertex   -2.120384e+02 3.250002e+01 2.045211e+02
    endloop
  endfacet
  facet normal -8.781980e-01 5.131832e-08 -4.782972e-01
    outer loop
      vertex   -2.120384e+02 3.250002e+01 2.045211e+02
      vertex   -2.122770e+02 4.250002e+01 2.049591e+02
      vertex   -2.120384e+02 4.250002e+01 2.045211e+02
    endloop
  endfacet
  facet normal -8.556181e-01 4.999884e-08 -5.176076e-01
    outer loop
      vertex   -2.120384e+02 3.250002e+01 2.045211e+02
      vertex   -2.120384e+02 4.250002e+01 2.045211e+02
      vertex   -2.117803e+02 3.250002e+01 2.040944e+02
    endloop
  endfacet
  facet normal -8.556181e-01 4.999885e-08 -5.176076e-01
    outer loop
      vertex   -2.117803e+02 3.250002e+01 2.040944e+02
      vertex   -2.120384e+02 4.250002e+01 2.045211e+02
      vertex   -2.117803e+02 4.250002e+01 2.040944e+02
    endloop
  endfacet
  facet normal -8.312798e-01 4.857661e-08 -5.558542e-01
    outer loop
      vertex   -2.117803e+02 3.250002e+01 2.040944e+02
      vertex   -2.117803e+02 4.250002e+01 2.040944e+02
      vertex   -2.115031e+02 3.250002e+01 2.036799e+02
    endloop
  endfacet
  facet normal -8.312798e-01 4.857661e-08 -5.558542e-01
    outer loop
      vertex   -2.115031e+02 3.250002e+01 2.036799e+02
      vertex   -2.117803e+02 4.250002e+01 2.040944e+02
      vertex   -2.115031e+02 4.250002e+01 2.036799e+02
    endloop
  endfacet
  facet normal -8.052331e-01 4.705455e-08 -5.929584e-01
    outer loop
      vertex   -2.115031e+02 3.250002e+01 2.036799e+02
      vertex   -2.115031e+02 4.250002e+01 2.036799e+02
      vertex   -2.112074e+02 3.250002e+01 2.032784e+02
    endloop
  endfacet
  facet normal -8.052331e-01 4.705455e-08 -5.929584e-01
    outer loop
      vertex   -2.112074e+02 3.250002e+01 2.032784e+02
      vertex   -2.115031e+02 4.250002e+01 2.036799e+02
      vertex   -2.112074e+02 4.250002e+01 2.032784e+02
    endloop
  endfacet
  facet normal -7.775315e-01 4.543578e-08 -6.288440e-01
    outer loop
      vertex   -2.112074e+02 3.250002e+01 2.032784e+02
      vertex   -2.112074e+02 4.250002e+01 2.032784e+02
      vertex   -2.108939e+02 3.250002e+01 2.028906e+02
    endloop
  endfacet
  facet normal -7.775315e-01 4.543578e-08 -6.288440e-01
    outer loop
      vertex   -2.108939e+02 3.250002e+01 2.028906e+02
      vertex   -2.112074e+02 4.250002e+01 2.032784e+02
      vertex   -2.108939e+02 4.250002e+01 2.028906e+02
    endloop
  endfacet
  facet normal -7.482319e-01 4.372363e-08 -6.634373e-01
    outer loop
      vertex   -2.108939e+02 3.250002e+01 2.028906e+02
      vertex   -2.108939e+02 4.250002e+01 2.028906e+02
      vertex   -2.105630e+02 3.250002e+01 2.025175e+02
    endloop
  endfacet
  facet normal -7.482319e-01 4.372363e-08 -6.634373e-01
    outer loop
      vertex   -2.105630e+02 3.250002e+01 2.025175e+02
      vertex   -2.108939e+02 4.250002e+01 2.028906e+02
      vertex   -2.105630e+02 4.250002e+01 2.025175e+02
    endloop
  endfacet
  facet normal -7.173946e-01 4.192163e-08 -6.966670e-01
    outer loop
      vertex   -2.105630e+02 3.250002e+01 2.025175e+02
      vertex   -2.105630e+02 4.250002e+01 2.025175e+02
      vertex   -2.102156e+02 3.250002e+01 2.021598e+02
    endloop
  endfacet
  facet normal -7.173946e-01 4.192163e-08 -6.966670e-01
    outer loop
      vertex   -2.102156e+02 3.250002e+01 2.021598e+02
      vertex   -2.105630e+02 4.250002e+01 2.025175e+02
      vertex   -2.102156e+02 4.250002e+01 2.021598e+02
    endloop
  endfacet
  facet normal -6.850830e-01 4.003347e-08 -7.284650e-01
    outer loop
      vertex   -2.102156e+02 3.250002e+01 2.021598e+02
      vertex   -2.102156e+02 4.250002e+01 2.021598e+02
      vertex   -2.098523e+02 3.250002e+01 2.018181e+02
    endloop
  endfacet
  facet normal -6.850830e-01 4.003347e-08 -7.284650e-01
    outer loop
      vertex   -2.098523e+02 3.250002e+01 2.018181e+02
      vertex   -2.102156e+02 4.250002e+01 2.021598e+02
      vertex   -2.098523e+02 4.250002e+01 2.018181e+02
    endloop
  endfacet
  facet normal -6.513634e-01 3.806303e-08 -7.587659e-01
    outer loop
      vertex   -2.098523e+02 3.250002e+01 2.018181e+02
      vertex   -2.098523e+02 4.250002e+01 2.018181e+02
      vertex   -2.094740e+02 3.250002e+01 2.014933e+02
    endloop
  endfacet
  facet normal -6.513634e-01 3.806303e-08 -7.587659e-01
    outer loop
      vertex   -2.094740e+02 3.250002e+01 2.014933e+02
      vertex   -2.098523e+02 4.250002e+01 2.018181e+02
      vertex   -2.094740e+02 4.250002e+01 2.014933e+02
    endloop
  endfacet
  facet normal -6.163051e-01 3.601437e-08 -7.875074e-01
    outer loop
      vertex   -2.094740e+02 3.250002e+01 2.014933e+02
      vertex   -2.094740e+02 4.250002e+01 2.014933e+02
      vertex   -2.090813e+02 3.250002e+01 2.011860e+02
    endloop
  endfacet
  facet normal -6.163051e-01 3.601437e-08 -7.875074e-01
    outer loop
      vertex   -2.090813e+02 3.250002e+01 2.011860e+02
      vertex   -2.094740e+02 4.250002e+01 2.014933e+02
      vertex   -2.090813e+02 4.250002e+01 2.011860e+02
    endloop
  endfacet
  facet normal -5.799803e-01 3.389169e-08 -8.146305e-01
    outer loop
      vertex   -2.090813e+02 3.250002e+01 2.011860e+02
      vertex   -2.090813e+02 4.250002e+01 2.011860e+02
      vertex   -2.086750e+02 3.250002e+01 2.008968e+02
    endloop
  endfacet
  facet normal -5.799803e-01 3.389169e-08 -8.146305e-01
    outer loop
      vertex   -2.086750e+02 3.250002e+01 2.008968e+02
      vertex   -2.090813e+02 4.250002e+01 2.011860e+02
      vertex   -2.086750e+02 4.250002e+01 2.008968e+02
    endloop
  endfacet
  facet normal -5.424635e-01 3.169936e-08 -8.400794e-01
    outer loop
      vertex   -2.086750e+02 3.250002e+01 2.008968e+02
      vertex   -2.086750e+02 4.250002e+01 2.008968e+02
      vertex   -2.082561e+02 3.250002e+01 2.006262e+02
    endloop
  endfacet
  facet normal -5.424635e-01 3.169936e-08 -8.400794e-01
    outer loop
      vertex   -2.082561e+02 3.250002e+01 2.006262e+02
      vertex   -2.086750e+02 4.250002e+01 2.008968e+02
      vertex   -2.082561e+02 4.250002e+01 2.006262e+02
    endloop
  endfacet
  facet normal -5.038318e-01 2.944188e-08 -8.638018e-01
    outer loop
      vertex   -2.082561e+02 3.250002e+01 2.006262e+02
      vertex   -2.082561e+02 4.250002e+01 2.006262e+02
      vertex   -2.078253e+02 3.250002e+01 2.003750e+02
    endloop
  endfacet
  facet normal -5.038318e-01 2.944188e-08 -8.638018e-01
    outer loop
      vertex   -2.078253e+02 3.250002e+01 2.003750e+02
      vertex   -2.082561e+02 4.250002e+01 2.006262e+02
      vertex   -2.078253e+02 4.250002e+01 2.003750e+02
    endloop
  endfacet
  facet normal 5.843581e-08 1.000000e+00 1.977925e-13
    outer loop
      vertex   -2.082561e+02 4.250002e+01 2.193738e+02
      vertex   -2.078253e+02 4.250002e+01 2.196250e+02
      vertex   -2.063730e+02 4.250002e+01 2.200000e+02
    endloop
  endfacet
  facet normal 8.804307e-07 1.000000e+00 -3.183574e-06
    outer loop
      vertex   -2.063730e+02 4.250002e+01 2.200000e+02
      vertex   -2.078253e+02 4.250002e+01 2.196250e+02
      vertex   -2.075994e+02 4.250002e+01 2.197379e+02
    endloop
  endfacet
  facet normal 3.639355e-07 1.000000e+00 -7.670530e-07
    outer loop
      vertex   -2.063730e+02 4.250002e+01 2.200000e+02
      vertex   -2.075994e+02 4.250002e+01 2.197379e+02
      vertex   -2.073647e+02 4.250002e+01 2.198313e+02
    endloop
  endfacet
  facet normal 4.563566e-07 1.000000e+00 -1.310499e-06
    outer loop
      vertex   -2.073647e+02 4.250002e+01 2.198313e+02
      vertex   -2.071230e+02 4.250002e+01 2.199047e+02
      vertex   -2.063730e+02 4.250002e+01 2.200000e+02
    endloop
  endfacet
  facet normal 6.289295e-07 1.000000e+00 -2.669163e-06
    outer loop
      vertex   -2.063730e+02 4.250002e+01 2.200000e+02
      vertex   -2.071230e+02 4.250002e+01 2.199047e+02
      vertex   -2.068760e+02 4.250002e+01 2.199575e+02
    endloop
  endfacet
  facet normal 1.087764e-06 1.000000e+00 -8.103886e-06
    outer loop
      vertex   -2.063730e+02 4.250002e+01 2.200000e+02
      vertex   -2.068760e+02 4.250002e+01 2.199575e+02
      vertex   -2.066254e+02 4.250002e+01 2.199894e+02
    endloop
  endfacet
  facet normal 5.843593e-08 1.000000e+00 3.206506e-08
    outer loop
      vertex   -1.630000e+02 4.250002e+01 2.200000e+02
      vertex   -2.005080e+02 4.250002e+01 2.145861e+02
      vertex   -2.063730e+02 4.250002e+01 2.200000e+02
    endloop
  endfacet
  facet normal 8.051147e-08 1.000000e+00 5.597975e-08
    outer loop
      vertex   -2.063730e+02 4.250002e+01 2.200000e+02
      vertex   -2.005080e+02 4.250002e+01 2.145861e+02
      vertex   -2.008256e+02 4.250002e+01 2.147113e+02
    endloop
  endfacet
  facet normal 7.405301e-08 1.000000e+00 4.920538e-08
    outer loop
      vertex   -2.063730e+02 4.250002e+01 2.200000e+02
      vertex   -2.008256e+02 4.250002e+01 2.147113e+02
      vertex   -2.011510e+02 4.250002e+01 2.148146e+02
    endloop
  endfacet
  facet normal -9.349509e-07 1.000000e+00 -7.545522e-06
    outer loop
      vertex   -1.627385e+02 4.250002e+01 2.199886e+02
      vertex   -1.624791e+02 4.250002e+01 2.199544e+02
      vertex   -1.630000e+02 4.250002e+01 2.200000e+02
    endloop
  endfacet
  facet normal -4.920414e-07 1.000000e+00 -2.483043e-06
    outer loop
      vertex   -1.630000e+02 4.250002e+01 2.200000e+02
      vertex   -1.624791e+02 4.250002e+01 2.199544e+02
      vertex   -1.622235e+02 4.250002e+01 2.198978e+02
    endloop
  endfacet
  facet normal -3.254217e-07 1.000000e+00 -1.217441e-06
    outer loop
      vertex   -1.630000e+02 4.250002e+01 2.200000e+02
      vertex   -1.622235e+02 4.250002e+01 2.198978e+02
      vertex   -1.619739e+02 4.250002e+01 2.198191e+02
    endloop
  endfacet
  facet normal -2.361615e-07 1.000000e+00 -7.112210e-07
    outer loop
      vertex   -1.619739e+02 4.250002e+01 2.198191e+02
      vertex   -1.617321e+02 4.250002e+01 2.197189e+02
      vertex   -1.630000e+02 4.250002e+01 2.200000e+02
    endloop
  endfacet
  facet normal -1.800534e-07 1.000000e+00 -4.581338e-07
    outer loop
      vertex   -1.630000e+02 4.250002e+01 2.200000e+02
      vertex   -1.617321e+02 4.250002e+01 2.197189e+02
      vertex   -1.615000e+02 4.250002e+01 2.195981e+02
    endloop
  endfacet
  facet normal -1.413085e-07 1.000000e+00 -3.135359e-07
    outer loop
      vertex   -1.630000e+02 4.250002e+01 2.200000e+02
      vertex   -1.615000e+02 4.250002e+01 2.195981e+02
      vertex   -1.612793e+02 4.250002e+01 2.194575e+02
    endloop
  endfacet
  facet normal -1.128218e-07 1.000000e+00 -2.231875e-07
    outer loop
      vertex   -1.612793e+02 4.250002e+01 2.194575e+02
      vertex   -1.610716e+02 4.250002e+01 2.192981e+02
      vertex   -1.630000e+02 4.250002e+01 2.200000e+02
    endloop
  endfacet
  facet normal -9.090826e-08 1.000000e+00 -1.629806e-07
    outer loop
      vertex   -1.630000e+02 4.250002e+01 2.200000e+02
      vertex   -1.610716e+02 4.250002e+01 2.192981e+02
      vertex   -1.608787e+02 4.250002e+01 2.191213e+02
    endloop
  endfacet
  facet normal -7.346241e-08 1.000000e+00 -1.208626e-07
    outer loop
      vertex   -1.630000e+02 4.250002e+01 2.200000e+02
      vertex   -1.608787e+02 4.250002e+01 2.191213e+02
      vertex   -1.607019e+02 4.250002e+01 2.189284e+02
    endloop
  endfacet
  facet normal -5.919161e-08 1.000000e+00 -9.025876e-08
    outer loop
      vertex   -1.607019e+02 4.250002e+01 2.189284e+02
      vertex   -1.605425e+02 4.250002e+01 2.187207e+02
      vertex   -1.630000e+02 4.250002e+01 2.200000e+02
    endloop
  endfacet
  facet normal -4.725796e-08 1.000000e+00 -6.733443e-08
    outer loop
      vertex   -1.630000e+02 4.250002e+01 2.200000e+02
      vertex   -1.605425e+02 4.250002e+01 2.187207e+02
      vertex   -1.604019e+02 4.250002e+01 2.185000e+02
    endloop
  endfacet
  facet normal -3.709381e-08 1.000000e+00 -4.972960e-08
    outer loop
      vertex   -1.630000e+02 4.250002e+01 2.200000e+02
      vertex   -1.604019e+02 4.250002e+01 2.185000e+02
      vertex   -1.602811e+02 4.250002e+01 2.182679e+02
    endloop
  endfacet
  facet normal -2.830098e-08 1.000000e+00 -3.592763e-08
    outer loop
      vertex   -1.602811e+02 4.250002e+01 2.182679e+02
      vertex   -1.601809e+02 4.250002e+01 2.180261e+02
      vertex   -1.630000e+02 4.250002e+01 2.200000e+02
    endloop
  endfacet
  facet normal -2.059143e-08 1.000000e+00 -2.491724e-08
    outer loop
      vertex   -1.630000e+02 4.250002e+01 2.200000e+02
      vertex   -1.601809e+02 4.250002e+01 2.180261e+02
      vertex   -1.601022e+02 4.250002e+01 2.177765e+02
    endloop
  endfacet
  facet normal -1.375177e-08 1.000000e+00 -1.600363e-08
    outer loop
      vertex   -1.630000e+02 4.250002e+01 2.200000e+02
      vertex   -1.601022e+02 4.250002e+01 2.177765e+02
      vertex   -1.600456e+02 4.250002e+01 2.175209e+02
    endloop
  endfacet
  facet normal -7.620340e-09 1.000000e+00 -8.696473e-09
    outer loop
      vertex   -1.600456e+02 4.250002e+01 2.175209e+02
      vertex   -1.600114e+02 4.250002e+01 2.172615e+02
      vertex   -1.630000e+02 4.250002e+01 2.200000e+02
    endloop
  endfacet
  facet normal -6.358157e-07 1.000000e+00 -6.942514e-07
    outer loop
      vertex   -1.630000e+02 4.250002e+01 2.200000e+02
      vertex   -1.600114e+02 4.250002e+01 2.172615e+02
      vertex   -1.600000e+02 4.250002e+01 2.170000e+02
    endloop
  endfacet
  facet normal 6.746631e-08 1.000000e+00 9.030603e-09
    outer loop
      vertex   -1.630000e+02 4.250002e+01 2.200000e+02
      vertex   -1.600000e+02 4.250002e+01 2.170000e+02
      vertex   -1.748173e+02 4.250002e+01 2.125936e+02
    endloop
  endfacet
  facet normal 6.175937e-08 1.000000e+00 2.822106e-08
    outer loop
      vertex   -1.748173e+02 4.250002e+01 2.125936e+02
      vertex   -1.600000e+02 4.250002e+01 2.170000e+02
      vertex   -1.745752e+02 4.250002e+01 2.125651e+02
    endloop
  endfacet
  facet normal 5.853364e-08 1.000000e+00 3.882227e-08
    outer loop
      vertex   -1.745752e+02 4.250002e+01 2.125651e+02
      vertex   -1.600000e+02 4.250002e+01 2.170000e+02
      vertex   -1.655445e+02 4.250002e+01 2.125423e+02
    endloop
  endfacet
  facet normal 5.843593e-08 1.000000e+00 4.647630e-14
    outer loop
      vertex   -1.745752e+02 4.250002e+01 2.125651e+02
      vertex   -1.655445e+02 4.250002e+01 2.125423e+02
      vertex   -1.743369e+02 4.250002e+01 2.125140e+02
    endloop
  endfacet
  facet normal 5.843593e-08 1.000000e+00 1.885215e-14
    outer loop
      vertex   -1.743369e+02 4.250002e+01 2.125140e+02
      vertex   -1.655445e+02 4.250002e+01 2.125423e+02
      vertex   -1.657802e+02 4.250002e+01 2.124802e+02
    endloop
  endfacet
  facet normal 5.843593e-08 1.000000e+00 6.829495e-14
    outer loop
      vertex   -1.743369e+02 4.250002e+01 2.125140e+02
      vertex   -1.657802e+02 4.250002e+01 2.124802e+02
      vertex   -1.741044e+02 4.250002e+01 2.124409e+02
    endloop
  endfacet
  facet normal 5.843593e-08 1.000000e+00 -2.542618e-14
    outer loop
      vertex   -1.741044e+02 4.250002e+01 2.124409e+02
      vertex   -1.657802e+02 4.250002e+01 2.124802e+02
      vertex   -1.660090e+02 4.250002e+01 2.123962e+02
    endloop
  endfacet
  facet normal 5.843593e-08 1.000000e+00 1.580301e-14
    outer loop
      vertex   -1.741044e+02 4.250002e+01 2.124409e+02
      vertex   -1.660090e+02 4.250002e+01 2.123962e+02
      vertex   -1.738798e+02 4.250002e+01 2.123463e+02
    endloop
  endfacet
  facet normal 5.843593e-08 1.000000e+00 -8.728926e-15
    outer loop
      vertex   -1.738798e+02 4.250002e+01 2.123463e+02
      vertex   -1.660090e+02 4.250002e+01 2.123962e+02
      vertex   -1.662290e+02 4.250002e+01 2.122912e+02
    endloop
  endfacet
  facet normal 5.843593e-08 1.000000e+00 -8.288057e-14
    outer loop
      vertex   -1.738798e+02 4.250002e+01 2.123463e+02
      vertex   -1.662290e+02 4.250002e+01 2.122912e+02
      vertex   -1.736650e+02 4.250002e+01 2.122311e+02
    endloop
  endfacet
  facet normal 5.843593e-08 1.000000e+00 4.783062e-14
    outer loop
      vertex   -1.736650e+02 4.250002e+01 2.122311e+02
      vertex   -1.662290e+02 4.250002e+01 2.122912e+02
      vertex   -1.664381e+02 4.250002e+01 2.121660e+02
    endloop
  endfacet
  facet normal 5.843593e-08 1.000000e+00 8.348080e-14
    outer loop
      vertex   -1.736650e+02 4.250002e+01 2.122311e+02
      vertex   -1.664381e+02 4.250002e+01 2.121660e+02
      vertex   -1.734619e+02 4.250002e+01 2.120963e+02
    endloop
  endfacet
  facet normal 5.843593e-08 1.000000e+00 -5.718436e-15
    outer loop
      vertex   -1.734619e+02 4.250002e+01 2.120963e+02
      vertex   -1.664381e+02 4.250002e+01 2.121660e+02
      vertex   -1.666347e+02 4.250002e+01 2.120219e+02
    endloop
  endfacet
  facet normal 5.843593e-08 1.000000e+00 -4.164168e-16
    outer loop
      vertex   -1.734619e+02 4.250002e+01 2.120963e+02
      vertex   -1.666347e+02 4.250002e+01 2.120219e+02
      vertex   -1.732724e+02 4.250002e+01 2.119430e+02
    endloop
  endfacet
  facet normal 5.843593e-08 1.000000e+00 -1.407644e-14
    outer loop
      vertex   -1.732724e+02 4.250002e+01 2.119430e+02
      vertex   -1.666347e+02 4.250002e+01 2.120219e+02
      vertex   -1.668168e+02 4.250002e+01 2.118599e+02
    endloop
  endfacet
  facet normal 5.843593e-08 1.000000e+00 -1.179599e-14
    outer loop
      vertex   -1.732724e+02 4.250002e+01 2.119430e+02
      vertex   -1.668168e+02 4.250002e+01 2.118599e+02
      vertex   -1.730980e+02 4.250002e+01 2.117727e+02
    endloop
  endfacet
  facet normal 5.843593e-08 1.000000e+00 -1.443031e-15
    outer loop
      vertex   -1.730980e+02 4.250002e+01 2.117727e+02
      vertex   -1.668168e+02 4.250002e+01 2.118599e+02
      vertex   -1.669830e+02 4.250002e+01 2.116816e+02
    endloop
  endfacet
  facet normal 5.843593e-08 1.000000e+00 -3.595325e-14
    outer loop
      vertex   -1.730980e+02 4.250002e+01 2.117727e+02
      vertex   -1.669830e+02 4.250002e+01 2.116816e+02
      vertex   -1.729404e+02 4.250002e+01 2.115868e+02
    endloop
  endfacet
  facet normal 5.843593e-08 1.000000e+00 -6.863658e-15
    outer loop
      vertex   -1.729404e+02 4.250002e+01 2.115868e+02
      vertex   -1.669830e+02 4.250002e+01 2.116816e+02
      vertex   -1.671317e+02 4.250002e+01 2.114885e+02
    endloop
  endfacet
  facet normal 5.843593e-08 1.000000e+00 3.893200e-14
    outer loop
      vertex   -1.729404e+02 4.250002e+01 2.115868e+02
      vertex   -1.671317e+02 4.250002e+01 2.114885e+02
      vertex   -1.728008e+02 4.250002e+01 2.113870e+02
    endloop
  endfacet
  facet normal 5.843593e-08 1.000000e+00 -1.120634e-14
    outer loop
      vertex   -1.728008e+02 4.250002e+01 2.113870e+02
      vertex   -1.671317e+02 4.250002e+01 2.114885e+02
      vertex   -1.672618e+02 4.250002e+01 2.112824e+02
    endloop
  endfacet
  facet normal 5.843593e-08 1.000000e+00 -8.839696e-16
    outer loop
      vertex   -1.728008e+02 4.250002e+01 2.113870e+02
      vertex   -1.672618e+02 4.250002e+01 2.112824e+02
      vertex   -1.726806e+02 4.250002e+01 2.111749e+02
    endloop
  endfacet
  facet normal 5.843593e-08 1.000000e+00 -1.086291e-14
    outer loop
      vertex   -1.726806e+02 4.250002e+01 2.111749e+02
      vertex   -1.672618e+02 4.250002e+01 2.112824e+02
      vertex   -1.673719e+02 4.250002e+01 2.110649e+02
    endloop
  endfacet
  facet normal 5.843593e-08 1.000000e+00 -1.750297e-14
    outer loop
      vertex   -1.726806e+02 4.250002e+01 2.111749e+02
      vertex   -1.673719e+02 4.250002e+01 2.110649e+02
      vertex   -1.725808e+02 4.250002e+01 2.109526e+02
    endloop
  endfacet
  facet normal 5.843593e-08 1.000000e+00 7.311963e-15
    outer loop
      vertex   -1.725808e+02 4.250002e+01 2.109526e+02
      vertex   -1.673719e+02 4.250002e+01 2.110649e+02
      vertex   -1.674612e+02 4.250002e+01 2.108382e+02
    endloop
  endfacet
  facet normal 5.843593e-08 1.000000e+00 -9.749416e-15
    outer loop
      vertex   -1.725808e+02 4.250002e+01 2.109526e+02
      vertex   -1.674612e+02 4.250002e+01 2.108382e+02
      vertex   -1.725022e+02 4.250002e+01 2.107219e+02
    endloop
  endfacet
  facet normal 5.843593e-08 1.000000e+00 2.593910e-14
    outer loop
      vertex   -1.725022e+02 4.250002e+01 2.107219e+02
      vertex   -1.674612e+02 4.250002e+01 2.108382e+02
      vertex   -1.675289e+02 4.250002e+01 2.106040e+02
    endloop
  endfacet
  facet normal 5.843593e-08 1.000000e+00 6.949251e-15
    outer loop
      vertex   -1.725022e+02 4.250002e+01 2.107219e+02
      vertex   -1.675289e+02 4.250002e+01 2.106040e+02
      vertex   -1.724456e+02 4.250002e+01 2.104848e+02
    endloop
  endfacet
  facet normal 5.843593e-08 1.000000e+00 -2.098086e-14
    outer loop
      vertex   -1.724456e+02 4.250002e+01 2.104848e+02
      vertex   -1.675289e+02 4.250002e+01 2.106040e+02
      vertex   -1.675743e+02 4.250002e+01 2.103645e+02
    endloop
  endfacet
  facet normal 5.843593e-08 1.000000e+00 1.684281e-14
    outer loop
      vertex   -1.724456e+02 4.250002e+01 2.104848e+02
      vertex   -1.675743e+02 4.250002e+01 2.103645e+02
      vertex   -1.724114e+02 4.250002e+01 2.102435e+02
    endloop
  endfacet
  facet normal 5.843593e-08 1.000000e+00 -1.877897e-14
    outer loop
      vertex   -1.724114e+02 4.250002e+01 2.102435e+02
      vertex   -1.675743e+02 4.250002e+01 2.103645e+02
      vertex   -1.675971e+02 4.250002e+01 2.101219e+02
    endloop
  endfacet
  facet normal 5.843593e-08 1.000000e+00 2.611266e-15
    outer loop
      vertex   -1.724114e+02 4.250002e+01 2.102435e+02
      vertex   -1.675971e+02 4.250002e+01 2.101219e+02
      vertex   -1.724000e+02 4.250002e+01 2.100000e+02
    endloop
  endfacet
  facet normal 5.843593e-08 1.000000e+00 0.000000e+00
    outer loop
      vertex   -1.724000e+02 4.250002e+01 2.100000e+02
      vertex   -1.675971e+02 4.250002e+01 2.101219e+02
      vertex   -1.675971e+02 4.250002e+01 2.098781e+02
    endloop
  endfacet
  facet normal 5.843593e-08 1.000000e+00 -2.611266e-15
    outer loop
      vertex   -1.724000e+02 4.250002e+01 2.100000e+02
      vertex   -1.675971e+02 4.250002e+01 2.098781e+02
      vertex   -1.724114e+02 4.250002e+01 2.097565e+02
    endloop
  endfacet
  facet normal 5.843593e-08 1.000000e+00 1.877897e-14
    outer loop
      vertex   -1.724114e+02 4.250002e+01 2.097565e+02
      vertex   -1.675971e+02 4.250002e+01 2.098781e+02
      vertex   -1.675743e+02 4.250002e+01 2.096355e+02
    endloop
  endfacet
  facet normal 5.843593e-08 1.000000e+00 -1.684281e-14
    outer loop
      vertex   -1.724114e+02 4.250002e+01 2.097565e+02
      vertex   -1.675743e+02 4.250002e+01 2.096355e+02
      vertex   -1.724456e+02 4.250002e+01 2.095152e+02
    endloop
  endfacet
  facet normal 5.843593e-08 1.000000e+00 2.098086e-14
    outer loop
      vertex   -1.724456e+02 4.250002e+01 2.095152e+02
      vertex   -1.675743e+02 4.250002e+01 2.096355e+02
      vertex   -1.675289e+02 4.250002e+01 2.093960e+02
    endloop
  endfacet
  facet normal 5.843593e-08 1.000000e+00 -6.949251e-15
    outer loop
      vertex   -1.724456e+02 4.250002e+01 2.095152e+02
      vertex   -1.675289e+02 4.250002e+01 2.093960e+02
      vertex   -1.725022e+02 4.250002e+01 2.092781e+02
    endloop
  endfacet
  facet normal 5.843593e-08 1.000000e+00 -2.593910e-14
    outer loop
      vertex   -1.725022e+02 4.250002e+01 2.092781e+02
      vertex   -1.675289e+02 4.250002e+01 2.093960e+02
      vertex   -1.674612e+02 4.250002e+01 2.091619e+02
    endloop
  endfacet
  facet normal 5.843593e-08 1.000000e+00 9.749416e-15
    outer loop
      vertex   -1.725022e+02 4.250002e+01 2.092781e+02
      vertex   -1.674612e+02 4.250002e+01 2.091619e+02
      vertex   -1.725808e+02 4.250002e+01 2.090474e+02
    endloop
  endfacet
  facet normal 5.843593e-08 1.000000e+00 -7.311963e-15
    outer loop
      vertex   -1.725808e+02 4.250002e+01 2.090474e+02
      vertex   -1.674612e+02 4.250002e+01 2.091619e+02
      vertex   -1.673719e+02 4.250002e+01 2.089351e+02
    endloop
  endfacet
  facet normal 5.843593e-08 1.000000e+00 1.750297e-14
    outer loop
      vertex   -1.725808e+02 4.250002e+01 2.090474e+02
      vertex   -1.673719e+02 4.250002e+01 2.089351e+02
      vertex   -1.726806e+02 4.250002e+01 2.088251e+02
    endloop
  endfacet
  facet normal 5.843593e-08 1.000000e+00 1.086291e-14
    outer loop
      vertex   -1.726806e+02 4.250002e+01 2.088251e+02
      vertex   -1.673719e+02 4.250002e+01 2.089351e+02
      vertex   -1.672618e+02 4.250002e+01 2.087176e+02
    endloop
  endfacet
  facet normal 5.843593e-08 1.000000e+00 8.839696e-16
    outer loop
      vertex   -1.726806e+02 4.250002e+01 2.088251e+02
      vertex   -1.672618e+02 4.250002e+01 2.087176e+02
      vertex   -1.728008e+02 4.250002e+01 2.086130e+02
    endloop
  endfacet
  facet normal 5.843593e-08 1.000000e+00 1.120634e-14
    outer loop
      vertex   -1.728008e+02 4.250002e+01 2.086130e+02
      vertex   -1.672618e+02 4.250002e+01 2.087176e+02
      vertex   -1.671317e+02 4.250002e+01 2.085115e+02
    endloop
  endfacet
  facet normal 5.843593e-08 1.000000e+00 -3.893200e-14
    outer loop
      vertex   -1.728008e+02 4.250002e+01 2.086130e+02
      vertex   -1.671317e+02 4.250002e+01 2.085115e+02
      vertex   -1.729404e+02 4.250002e+01 2.084132e+02
    endloop
  endfacet
  facet normal 5.843593e-08 1.000000e+00 6.863658e-15
    outer loop
      vertex   -1.729404e+02 4.250002e+01 2.084132e+02
      vertex   -1.671317e+02 4.250002e+01 2.085115e+02
      vertex   -1.669830e+02 4.250002e+01 2.083184e+02
    endloop
  endfacet
  facet normal 5.843593e-08 1.000000e+00 3.595325e-14
    outer loop
      vertex   -1.729404e+02 4.250002e+01 2.084132e+02
      vertex   -1.669830e+02 4.250002e+01 2.083184e+02
      vertex   -1.730980e+02 4.250002e+01 2.082273e+02
    endloop
  endfacet
  facet normal 5.843593e-08 1.000000e+00 1.443031e-15
    outer loop
      vertex   -1.730980e+02 4.250002e+01 2.082273e+02
      vertex   -1.669830e+02 4.250002e+01 2.083184e+02
      vertex   -1.668168e+02 4.250002e+01 2.081401e+02
    endloop
  endfacet
  facet normal 5.843593e-08 1.000000e+00 1.179599e-14
    outer loop
      vertex   -1.730980e+02 4.250002e+01 2.082273e+02
      vertex   -1.668168e+02 4.250002e+01 2.081401e+02
      vertex   -1.732724e+02 4.250002e+01 2.080570e+02
    endloop
  endfacet
  facet normal 5.843593e-08 1.000000e+00 1.407644e-14
    outer loop
      vertex   -1.732724e+02 4.250002e+01 2.080570e+02
      vertex   -1.668168e+02 4.250002e+01 2.081401e+02
      vertex   -1.666347e+02 4.250002e+01 2.079781e+02
    endloop
  endfacet
  facet normal 5.843593e-08 1.000000e+00 4.164168e-16
    outer loop
      vertex   -1.732724e+02 4.250002e+01 2.080570e+02
      vertex   -1.666347e+02 4.250002e+01 2.079781e+02
      vertex   -1.734619e+02 4.250002e+01 2.079037e+02
    endloop
  endfacet
  facet normal 5.843593e-08 1.000000e+00 5.718436e-15
    outer loop
      vertex   -1.734619e+02 4.250002e+01 2.079037e+02
      vertex   -1.666347e+02 4.250002e+01 2.079781e+02
      vertex   -1.664381e+02 4.250002e+01 2.078340e+02
    endloop
  endfacet
  facet normal 5.843593e-08 1.000000e+00 -8.348080e-14
    outer loop
      vertex   -1.734619e+02 4.250002e+01 2.079037e+02
      vertex   -1.664381e+02 4.250002e+01 2.078340e+02
      vertex   -1.736650e+02 4.250002e+01 2.077689e+02
    endloop
  endfacet
  facet normal 5.843593e-08 1.000000e+00 -4.783062e-14
    outer loop
      vertex   -1.736650e+02 4.250002e+01 2.077689e+02
      vertex   -1.664381e+02 4.250002e+01 2.078340e+02
      vertex   -1.662290e+02 4.250002e+01 2.077088e+02
    endloop
  endfacet
  facet normal 5.843593e-08 1.000000e+00 8.288057e-14
    outer loop
      vertex   -1.736650e+02 4.250002e+01 2.077689e+02
      vertex   -1.662290e+02 4.250002e+01 2.077088e+02
      vertex   -1.738798e+02 4.250002e+01 2.076537e+02
    endloop
  endfacet
  facet normal 5.843593e-08 1.000000e+00 8.728926e-15
    outer loop
      vertex   -1.738798e+02 4.250002e+01 2.076537e+02
      vertex   -1.662290e+02 4.250002e+01 2.077088e+02
      vertex   -1.660090e+02 4.250002e+01 2.076038e+02
    endloop
  endfacet
  facet normal 5.843593e-08 1.000000e+00 -1.580301e-14
    outer loop
      vertex   -1.738798e+02 4.250002e+01 2.076537e+02
      vertex   -1.660090e+02 4.250002e+01 2.076038e+02
      vertex   -1.741044e+02 4.250002e+01 2.075591e+02
    endloop
  endfacet
  facet normal 5.843593e-08 1.000000e+00 2.542618e-14
    outer loop
      vertex   -1.741044e+02 4.250002e+01 2.075591e+02
      vertex   -1.660090e+02 4.250002e+01 2.076038e+02
      vertex   -1.657802e+02 4.250002e+01 2.075198e+02
    endloop
  endfacet
  facet normal 5.843593e-08 1.000000e+00 -6.829495e-14
    outer loop
      vertex   -1.741044e+02 4.250002e+01 2.075591e+02
      vertex   -1.657802e+02 4.250002e+01 2.075198e+02
      vertex   -1.743369e+02 4.250002e+01 2.074860e+02
    endloop
  endfacet
  facet normal 5.843593e-08 1.000000e+00 -1.885215e-14
    outer loop
      vertex   -1.743369e+02 4.250002e+01 2.074860e+02
      vertex   -1.657802e+02 4.250002e+01 2.075198e+02
      vertex   -1.655445e+02 4.250002e+01 2.074577e+02
    endloop
  endfacet
  facet normal 5.843593e-08 1.000000e+00 -4.647630e-14
    outer loop
      vertex   -1.743369e+02 4.250002e+01 2.074860e+02
      vertex   -1.655445e+02 4.250002e+01 2.074577e+02
      vertex   -1.745752e+02 4.250002e+01 2.074349e+02
    endloop
  endfacet
  facet normal 5.853364e-08 1.000000e+00 -3.882226e-08
    outer loop
      vertex   -1.745752e+02 4.250002e+01 2.074349e+02
      vertex   -1.655445e+02 4.250002e+01 2.074577e+02
      vertex   -1.600000e+02 4.250002e+01 2.030000e+02
    endloop
  endfacet
  facet normal 6.175937e-08 1.000000e+00 -2.822105e-08
    outer loop
      vertex   -1.745752e+02 4.250002e+01 2.074349e+02
      vertex   -1.600000e+02 4.250002e+01 2.030000e+02
      vertex   -1.748173e+02 4.250002e+01 2.074064e+02
    endloop
  endfacet
  facet normal 6.746632e-08 1.000000e+00 -9.030569e-09
    outer loop
      vertex   -1.748173e+02 4.250002e+01 2.074064e+02
      vertex   -1.600000e+02 4.250002e+01 2.030000e+02
      vertex   -1.630000e+02 4.250002e+01 2.000000e+02
    endloop
  endfacet
  facet normal 5.896571e-08 1.000000e+00 -2.259367e-08
    outer loop
      vertex   -1.748173e+02 4.250002e+01 2.074064e+02
      vertex   -1.630000e+02 4.250002e+01 2.000000e+02
      vertex   -1.750610e+02 4.250002e+01 2.074007e+02
    endloop
  endfacet
  facet normal 5.656904e-08 1.000000e+00 -2.649952e-08
    outer loop
      vertex   -1.750610e+02 4.250002e+01 2.074007e+02
      vertex   -1.630000e+02 4.250002e+01 2.000000e+02
      vertex   -1.753041e+02 4.250002e+01 2.074178e+02
    endloop
  endfacet
  facet normal 5.309260e-08 1.000000e+00 -3.226593e-08
    outer loop
      vertex   -1.753041e+02 4.250002e+01 2.074178e+02
      vertex   -1.630000e+02 4.250002e+01 2.000000e+02
      vertex   -1.755445e+02 4.250002e+01 2.074577e+02
    endloop
  endfacet
  facet normal 6.011096e-08 1.000000e+00 -2.046035e-08
    outer loop
      vertex   -1.755445e+02 4.250002e+01 2.074577e+02
      vertex   -1.630000e+02 4.250002e+01 2.000000e+02
      vertex   -2.005080e+02 4.250002e+01 2.054139e+02
    endloop
  endfacet
  facet normal 5.843589e-08 1.000000e+00 1.152640e-13
    outer loop
      vertex   -1.755445e+02 4.250002e+01 2.074577e+02
      vertex   -2.005080e+02 4.250002e+01 2.054139e+02
      vertex   -2.001997e+02 4.250002e+01 2.055606e+02
    endloop
  endfacet
  facet normal 1.307686e-07 1.000000e+00 -0.000000e+00
    outer loop
      vertex   -1.600000e+02 4.250002e+01 2.030000e+02
      vertex   -1.624000e+02 4.250002e+01 2.100000e+02
      vertex   -1.600000e+02 4.250002e+01 2.170000e+02
    endloop
  endfacet
  facet normal 1.220606e-07 1.000000e+00 2.985577e-09
    outer loop
      vertex   -1.600000e+02 4.250002e+01 2.170000e+02
      vertex   -1.624000e+02 4.250002e+01 2.100000e+02
      vertex   -1.624114e+02 4.250002e+01 2.102435e+02
    endloop
  endfacet
  facet normal 1.099768e-07 1.000000e+00 7.298352e-09
    outer loop
      vertex   -1.600000e+02 4.250002e+01 2.170000e+02
      vertex   -1.624114e+02 4.250002e+01 2.102435e+02
      vertex   -1.624456e+02 4.250002e+01 2.104848e+02
    endloop
  endfacet
  facet normal -6.358156e-07 1.000000e+00 6.942514e-07
    outer loop
      vertex   -1.600000e+02 4.250002e+01 2.030000e+02
      vertex   -1.600114e+02 4.250002e+01 2.027385e+02
      vertex   -1.630000e+02 4.250002e+01 2.000000e+02
    endloop
  endfacet
  facet normal -7.620291e-09 1.000000e+00 8.696466e-09
    outer loop
      vertex   -1.630000e+02 4.250002e+01 2.000000e+02
      vertex   -1.600114e+02 4.250002e+01 2.027385e+02
      vertex   -1.600456e+02 4.250002e+01 2.024791e+02
    endloop
  endfacet
  facet normal -1.375172e-08 1.000000e+00 1.600362e-08
    outer loop
      vertex   -1.630000e+02 4.250002e+01 2.000000e+02
      vertex   -1.600456e+02 4.250002e+01 2.024791e+02
      vertex   -1.601022e+02 4.250002e+01 2.022235e+02
    endloop
  endfacet
  facet normal -2.059137e-08 1.000000e+00 2.491722e-08
    outer loop
      vertex   -1.601022e+02 4.250002e+01 2.022235e+02
      vertex   -1.601809e+02 4.250002e+01 2.019739e+02
      vertex   -1.630000e+02 4.250002e+01 2.000000e+02
    endloop
  endfacet
  facet normal -2.830092e-08 1.000000e+00 3.592760e-08
    outer loop
      vertex   -1.630000e+02 4.250002e+01 2.000000e+02
      vertex   -1.601809e+02 4.250002e+01 2.019739e+02
      vertex   -1.602811e+02 4.250002e+01 2.017321e+02
    endloop
  endfacet
  facet normal -3.709374e-08 1.000000e+00 4.972956e-08
    outer loop
      vertex   -1.630000e+02 4.250002e+01 2.000000e+02
      vertex   -1.602811e+02 4.250002e+01 2.017321e+02
      vertex   -1.604019e+02 4.250002e+01 2.015000e+02
    endloop
  endfacet
  facet normal -4.725788e-08 1.000000e+00 6.733438e-08
    outer loop
      vertex   -1.604019e+02 4.250002e+01 2.015000e+02
      vertex   -1.605425e+02 4.250002e+01 2.012793e+02
      vertex   -1.630000e+02 4.250002e+01 2.000000e+02
    endloop
  endfacet
  facet normal -5.919153e-08 1.000000e+00 9.025869e-08
    outer loop
      vertex   -1.630000e+02 4.250002e+01 2.000000e+02
      vertex   -1.605425e+02 4.250002e+01 2.012793e+02
      vertex   -1.607019e+02 4.250002e+01 2.010716e+02
    endloop
  endfacet
  facet normal -7.346232e-08 1.000000e+00 1.208625e-07
    outer loop
      vertex   -1.630000e+02 4.250002e+01 2.000000e+02
      vertex   -1.607019e+02 4.250002e+01 2.010716e+02
      vertex   -1.608787e+02 4.250002e+01 2.008787e+02
    endloop
  endfacet
  facet normal -9.090815e-08 1.000000e+00 1.629805e-07
    outer loop
      vertex   -1.608787e+02 4.250002e+01 2.008787e+02
      vertex   -1.610716e+02 4.250002e+01 2.007019e+02
      vertex   -1.630000e+02 4.250002e+01 2.000000e+02
    endloop
  endfacet
  facet normal -1.128216e-07 1.000000e+00 2.231873e-07
    outer loop
      vertex   -1.630000e+02 4.250002e+01 2.000000e+02
      vertex   -1.610716e+02 4.250002e+01 2.007019e+02
      vertex   -1.612793e+02 4.250002e+01 2.005425e+02
    endloop
  endfacet
  facet normal -1.413084e-07 1.000000e+00 3.135357e-07
    outer loop
      vertex   -1.630000e+02 4.250002e+01 2.000000e+02
      vertex   -1.612793e+02 4.250002e+01 2.005425e+02
      vertex   -1.615000e+02 4.250002e+01 2.004019e+02
    endloop
  endfacet
  facet normal -1.800532e-07 1.000000e+00 4.581334e-07
    outer loop
      vertex   -1.615000e+02 4.250002e+01 2.004019e+02
      vertex   -1.617321e+02 4.250002e+01 2.002811e+02
      vertex   -1.630000e+02 4.250002e+01 2.000000e+02
    endloop
  endfacet
  facet normal -2.361613e-07 1.000000e+00 7.112205e-07
    outer loop
      vertex   -1.630000e+02 4.250002e+01 2.000000e+02
      vertex   -1.617321e+02 4.250002e+01 2.002811e+02
      vertex   -1.619739e+02 4.250002e+01 2.001809e+02
    endloop
  endfacet
  facet normal -3.254214e-07 1.000000e+00 1.217440e-06
    outer loop
      vertex   -1.630000e+02 4.250002e+01 2.000000e+02
      vertex   -1.619739e+02 4.250002e+01 2.001809e+02
      vertex   -1.622235e+02 4.250002e+01 2.001022e+02
    endloop
  endfacet
  facet normal -4.920410e-07 1.000000e+00 2.483041e-06
    outer loop
      vertex   -1.622235e+02 4.250002e+01 2.001022e+02
      vertex   -1.624791e+02 4.250002e+01 2.000456e+02
      vertex   -1.630000e+02 4.250002e+01 2.000000e+02
    endloop
  endfacet
  facet normal -9.349502e-07 1.000000e+00 7.545516e-06
    outer loop
      vertex   -1.630000e+02 4.250002e+01 2.000000e+02
      vertex   -1.624791e+02 4.250002e+01 2.000456e+02
      vertex   -1.627385e+02 4.250002e+01 2.000114e+02
    endloop
  endfacet
  facet normal 5.843575e-08 1.000000e+00 -3.206624e-08
    outer loop
      vertex   -1.630000e+02 4.250002e+01 2.000000e+02
      vertex   -2.063730e+02 4.250002e+01 2.000000e+02
      vertex   -2.005080e+02 4.250002e+01 2.054139e+02
    endloop
  endfacet
  facet normal 8.051242e-08 1.000000e+00 -5.598214e-08
    outer loop
      vertex   -2.005080e+02 4.250002e+01 2.054139e+02
      vertex   -2.063730e+02 4.250002e+01 2.000000e+02
      vertex   -2.008256e+02 4.250002e+01 2.052887e+02
    endloop
  endfacet
  facet normal 7.405367e-08 1.000000e+00 -4.920749e-08
    outer loop
      vertex   -2.008256e+02 4.250002e+01 2.052887e+02
      vertex   -2.063730e+02 4.250002e+01 2.000000e+02
      vertex   -2.011510e+02 4.250002e+01 2.051854e+02
    endloop
  endfacet
  facet normal 6.924811e-08 1.000000e+00 -4.436805e-08
    outer loop
      vertex   -2.011510e+02 4.250002e+01 2.051854e+02
      vertex   -2.063730e+02 4.250002e+01 2.000000e+02
      vertex   -2.014827e+02 4.250002e+01 2.051046e+02
    endloop
  endfacet
  facet normal 6.546005e-08 1.000000e+00 -4.073903e-08
    outer loop
      vertex   -2.014827e+02 4.250002e+01 2.051046e+02
      vertex   -2.063730e+02 4.250002e+01 2.000000e+02
      vertex   -2.018192e+02 4.250002e+01 2.050466e+02
    endloop
  endfacet
  facet normal 6.233401e-08 1.000000e+00 -3.791823e-08
    outer loop
      vertex   -2.018192e+02 4.250002e+01 2.050466e+02
      vertex   -2.063730e+02 4.250002e+01 2.000000e+02
      vertex   -2.021588e+02 4.250002e+01 2.050117e+02
    endloop
  endfacet
  facet normal 5.965430e-08 1.000000e+00 -3.566491e-08
    outer loop
      vertex   -2.021588e+02 4.250002e+01 2.050117e+02
      vertex   -2.063730e+02 4.250002e+01 2.000000e+02
      vertex   -2.025000e+02 4.250002e+01 2.050000e+02
    endloop
  endfacet
  facet normal 4.804802e-08 1.000000e+00 -2.667473e-08
    outer loop
      vertex   -2.025000e+02 4.250002e+01 2.050000e+02
      vertex   -2.063730e+02 4.250002e+01 2.000000e+02
      vertex   -2.086750e+02 4.250002e+01 2.008968e+02
    endloop
  endfacet
  facet normal 4.389470e-08 1.000000e+00 -2.042436e-08
    outer loop
      vertex   -2.025000e+02 4.250002e+01 2.050000e+02
      vertex   -2.086750e+02 4.250002e+01 2.008968e+02
      vertex   -2.090813e+02 4.250002e+01 2.011860e+02
    endloop
  endfacet
  facet normal 1.087808e-06 1.000000e+00 8.104233e-06
    outer loop
      vertex   -2.066254e+02 4.250002e+01 2.000106e+02
      vertex   -2.068760e+02 4.250002e+01 2.000425e+02
      vertex   -2.063730e+02 4.250002e+01 2.000000e+02
    endloop
  endfacet
  facet normal 6.289540e-07 1.000000e+00 2.669277e-06
    outer loop
      vertex   -2.063730e+02 4.250002e+01 2.000000e+02
      vertex   -2.068760e+02 4.250002e+01 2.000425e+02
      vertex   -2.071230e+02 4.250002e+01 2.000953e+02
    endloop
  endfacet
  facet normal 4.563737e-07 1.000000e+00 1.310555e-06
    outer loop
      vertex   -2.063730e+02 4.250002e+01 2.000000e+02
      vertex   -2.071230e+02 4.250002e+01 2.000953e+02
      vertex   -2.073647e+02 4.250002e+01 2.001687e+02
    endloop
  endfacet
  facet normal 3.639486e-07 1.000000e+00 7.670858e-07
    outer loop
      vertex   -2.073647e+02 4.250002e+01 2.001687e+02
      vertex   -2.075994e+02 4.250002e+01 2.002621e+02
      vertex   -2.063730e+02 4.250002e+01 2.000000e+02
    endloop
  endfacet
  facet normal 8.804413e-07 1.000000e+00 3.183595e-06
    outer loop
      vertex   -2.063730e+02 4.250002e+01 2.000000e+02
      vertex   -2.075994e+02 4.250002e+01 2.002621e+02
      vertex   -2.078253e+02 4.250002e+01 2.003750e+02
    endloop
  endfacet
  facet normal 5.844499e-08 1.000000e+00 1.554433e-11
    outer loop
      vertex   -2.063730e+02 4.250002e+01 2.000000e+02
      vertex   -2.078253e+02 4.250002e+01 2.003750e+02
      vertex   -2.082561e+02 4.250002e+01 2.006262e+02
    endloop
  endfacet
  facet normal 5.844396e-08 1.000000e+00 1.245371e-11
    outer loop
      vertex   -2.082561e+02 4.250002e+01 2.006262e+02
      vertex   -2.086750e+02 4.250002e+01 2.008968e+02
      vertex   -2.063730e+02 4.250002e+01 2.000000e+02
    endloop
  endfacet
  facet normal 4.328081e-08 1.000000e+00 -1.936505e-08
    outer loop
      vertex   -2.090813e+02 4.250002e+01 2.011860e+02
      vertex   -2.094740e+02 4.250002e+01 2.014933e+02
      vertex   -2.025000e+02 4.250002e+01 2.050000e+02
    endloop
  endfacet
  facet normal 5.685237e-08 1.000000e+00 -4.635566e-08
    outer loop
      vertex   -2.025000e+02 4.250002e+01 2.050000e+02
      vertex   -2.094740e+02 4.250002e+01 2.014933e+02
      vertex   -2.028412e+02 4.250002e+01 2.050117e+02
    endloop
  endfacet
  facet normal 4.225899e-08 1.000000e+00 -1.884433e-08
    outer loop
      vertex   -2.028412e+02 4.250002e+01 2.050117e+02
      vertex   -2.094740e+02 4.250002e+01 2.014933e+02
      vertex   -2.098523e+02 4.250002e+01 2.018181e+02
    endloop
  endfacet
  facet normal 4.175480e-08 1.000000e+00 -1.773743e-08
    outer loop
      vertex   -2.028412e+02 4.250002e+01 2.050117e+02
      vertex   -2.098523e+02 4.250002e+01 2.018181e+02
      vertex   -2.102156e+02 4.250002e+01 2.021598e+02
    endloop
  endfacet
  facet normal 5.349230e-08 1.000000e+00 -4.808809e-08
    outer loop
      vertex   -2.028412e+02 4.250002e+01 2.050117e+02
      vertex   -2.102156e+02 4.250002e+01 2.021598e+02
      vertex   -2.031808e+02 4.250002e+01 2.050466e+02
    endloop
  endfacet
  facet normal 4.079053e-08 1.000000e+00 -1.713557e-08
    outer loop
      vertex   -2.031808e+02 4.250002e+01 2.050466e+02
      vertex   -2.102156e+02 4.250002e+01 2.021598e+02
      vertex   -2.105630e+02 4.250002e+01 2.025175e+02
    endloop
  endfacet
  facet normal 5.056314e-08 1.000000e+00 -4.566120e-08
    outer loop
      vertex   -2.031808e+02 4.250002e+01 2.050466e+02
      vertex   -2.105630e+02 4.250002e+01 2.025175e+02
      vertex   -2.035173e+02 4.250002e+01 2.051046e+02
    endloop
  endfacet
  facet normal 3.984862e-08 1.000000e+00 -1.648087e-08
    outer loop
      vertex   -2.035173e+02 4.250002e+01 2.051046e+02
      vertex   -2.105630e+02 4.250002e+01 2.025175e+02
      vertex   -2.108939e+02 4.250002e+01 2.028906e+02
    endloop
  endfacet
  facet normal 4.789024e-08 1.000000e+00 -4.327438e-08
    outer loop
      vertex   -2.035173e+02 4.250002e+01 2.051046e+02
      vertex   -2.108939e+02 4.250002e+01 2.028906e+02
      vertex   -2.038490e+02 4.250002e+01 2.051854e+02
    endloop
  endfacet
  facet normal 3.893228e-08 1.000000e+00 -1.577395e-08
    outer loop
      vertex   -2.038490e+02 4.250002e+01 2.051854e+02
      vertex   -2.108939e+02 4.250002e+01 2.028906e+02
      vertex   -2.112074e+02 4.250002e+01 2.032784e+02
    endloop
  endfacet
  facet normal 3.862502e-08 1.000000e+00 -1.458838e-08
    outer loop
      vertex   -2.038490e+02 4.250002e+01 2.051854e+02
      vertex   -2.112074e+02 4.250002e+01 2.032784e+02
      vertex   -2.115031e+02 4.250002e+01 2.036799e+02
    endloop
  endfacet
  facet normal 3.718928e-08 1.000000e+00 -1.420706e-08
    outer loop
      vertex   -2.117803e+02 4.250002e+01 2.040944e+02
      vertex   -2.044920e+02 4.250002e+01 2.054139e+02
      vertex   -2.115031e+02 4.250002e+01 2.036799e+02
    endloop
  endfacet
  facet normal 4.321912e-08 1.000000e+00 -3.858717e-08
    outer loop
      vertex   -2.115031e+02 4.250002e+01 2.036799e+02
      vertex   -2.044920e+02 4.250002e+01 2.054139e+02
      vertex   -2.041744e+02 4.250002e+01 2.052887e+02
    endloop
  endfacet
  facet normal 4.443334e-08 1.000000e+00 -4.411848e-08
    outer loop
      vertex   -2.115031e+02 4.250002e+01 2.036799e+02
      vertex   -2.041744e+02 4.250002e+01 2.052887e+02
      vertex   -2.038490e+02 4.250002e+01 2.051854e+02
    endloop
  endfacet
  facet normal 4.118447e-08 1.000000e+00 -3.627467e-08
    outer loop
      vertex   -2.044920e+02 4.250002e+01 2.054139e+02
      vertex   -2.117803e+02 4.250002e+01 2.040944e+02
      vertex   -2.048003e+02 4.250002e+01 2.055606e+02
    endloop
  endfacet
  facet normal 3.636907e-08 1.000000e+00 -1.334938e-08
    outer loop
      vertex   -2.048003e+02 4.250002e+01 2.055606e+02
      vertex   -2.117803e+02 4.250002e+01 2.040944e+02
      vertex   -2.120384e+02 4.250002e+01 2.045211e+02
    endloop
  endfacet
  facet normal 3.933143e-08 1.000000e+00 -3.397729e-08
    outer loop
      vertex   -2.048003e+02 4.250002e+01 2.055606e+02
      vertex   -2.120384e+02 4.250002e+01 2.045211e+02
      vertex   -2.050979e+02 4.250002e+01 2.057279e+02
    endloop
  endfacet
  facet normal 3.558733e-08 1.000000e+00 -1.244413e-08
    outer loop
      vertex   -2.050979e+02 4.250002e+01 2.057279e+02
      vertex   -2.120384e+02 4.250002e+01 2.045211e+02
      vertex   -2.122770e+02 4.250002e+01 2.049591e+02
    endloop
  endfacet
  facet normal 3.764878e-08 1.000000e+00 -3.169252e-08
    outer loop
      vertex   -2.050979e+02 4.250002e+01 2.057279e+02
      vertex   -2.122770e+02 4.250002e+01 2.049591e+02
      vertex   -2.053834e+02 4.250002e+01 2.059152e+02
    endloop
  endfacet
  facet normal 3.714689e-08 1.000000e+00 -2.807385e-08
    outer loop
      vertex   -2.053834e+02 4.250002e+01 2.059152e+02
      vertex   -2.122770e+02 4.250002e+01 2.049591e+02
      vertex   -2.056554e+02 4.250002e+01 2.061214e+02
    endloop
  endfacet
  facet normal 3.428431e-08 1.000000e+00 -1.176733e-08
    outer loop
      vertex   -2.056554e+02 4.250002e+01 2.061214e+02
      vertex   -2.122770e+02 4.250002e+01 2.049591e+02
      vertex   -2.124954e+02 4.250002e+01 2.054073e+02
    endloop
  endfacet
  facet normal 3.576968e-08 1.000000e+00 -2.599471e-08
    outer loop
      vertex   -2.056554e+02 4.250002e+01 2.061214e+02
      vertex   -2.124954e+02 4.250002e+01 2.054073e+02
      vertex   -2.059128e+02 4.250002e+01 2.063458e+02
    endloop
  endfacet
  facet normal 3.359467e-08 1.000000e+00 -1.073892e-08
    outer loop
      vertex   -2.059128e+02 4.250002e+01 2.063458e+02
      vertex   -2.124954e+02 4.250002e+01 2.054073e+02
      vertex   -2.126932e+02 4.250002e+01 2.058651e+02
    endloop
  endfacet
  facet normal 3.452834e-08 1.000000e+00 -2.390758e-08
    outer loop
      vertex   -2.059128e+02 4.250002e+01 2.063458e+02
      vertex   -2.126932e+02 4.250002e+01 2.058651e+02
      vertex   -2.061542e+02 4.250002e+01 2.065872e+02
    endloop
  endfacet
  facet normal 3.295591e-08 1.000000e+00 -9.669424e-09
    outer loop
      vertex   -2.061542e+02 4.250002e+01 2.065872e+02
      vertex   -2.126932e+02 4.250002e+01 2.058651e+02
      vertex   -2.128702e+02 4.250002e+01 2.063313e+02
    endloop
  endfacet
  facet normal 3.341871e-08 1.000000e+00 -2.181387e-08
    outer loop
      vertex   -2.061542e+02 4.250002e+01 2.065872e+02
      vertex   -2.128702e+02 4.250002e+01 2.063313e+02
      vertex   -2.063786e+02 4.250002e+01 2.068446e+02
    endloop
  endfacet
  facet normal 3.320667e-08 1.000000e+00 -1.913196e-08
    outer loop
      vertex   -2.063786e+02 4.250002e+01 2.068446e+02
      vertex   -2.128702e+02 4.250002e+01 2.063313e+02
      vertex   -2.065848e+02 4.250002e+01 2.071166e+02
    endloop
  endfacet
  facet normal 3.190509e-08 1.000000e+00 -8.714480e-09
    outer loop
      vertex   -2.065848e+02 4.250002e+01 2.071166e+02
      vertex   -2.128702e+02 4.250002e+01 2.063313e+02
      vertex   -2.130258e+02 4.250002e+01 2.068051e+02
    endloop
  endfacet
  facet normal 3.231234e-08 1.000000e+00 -1.713447e-08
    outer loop
      vertex   -2.065848e+02 4.250002e+01 2.071166e+02
      vertex   -2.130258e+02 4.250002e+01 2.068051e+02
      vertex   -2.067721e+02 4.250002e+01 2.074021e+02
    endloop
  endfacet
  facet normal 3.139663e-08 1.000000e+00 -7.542363e-09
    outer loop
      vertex   -2.067721e+02 4.250002e+01 2.074021e+02
      vertex   -2.130258e+02 4.250002e+01 2.068051e+02
      vertex   -2.131598e+02 4.250002e+01 2.072854e+02
    endloop
  endfacet
  facet normal 3.153514e-08 1.000000e+00 -1.512553e-08
    outer loop
      vertex   -2.067721e+02 4.250002e+01 2.074021e+02
      vertex   -2.131598e+02 4.250002e+01 2.072854e+02
      vertex   -2.069394e+02 4.250002e+01 2.076997e+02
    endloop
  endfacet
  facet normal 3.095002e-08 1.000000e+00 -6.339711e-09
    outer loop
      vertex   -2.069394e+02 4.250002e+01 2.076997e+02
      vertex   -2.131598e+02 4.250002e+01 2.072854e+02
      vertex   -2.132719e+02 4.250002e+01 2.077713e+02
    endloop
  endfacet
  facet normal 3.087344e-08 1.000000e+00 -1.310817e-08
    outer loop
      vertex   -2.069394e+02 4.250002e+01 2.076997e+02
      vertex   -2.132719e+02 4.250002e+01 2.077713e+02
      vertex   -2.070861e+02 4.250002e+01 2.080080e+02
    endloop
  endfacet
  facet normal 3.078905e-08 1.000000e+00 -1.090249e-08
    outer loop
      vertex   -2.070861e+02 4.250002e+01 2.080080e+02
      vertex   -2.132719e+02 4.250002e+01 2.077713e+02
      vertex   -2.072113e+02 4.250002e+01 2.083256e+02
    endloop
  endfacet
  facet normal 3.026437e-08 1.000000e+00 -5.165683e-09
    outer loop
      vertex   -2.072113e+02 4.250002e+01 2.083256e+02
      vertex   -2.132719e+02 4.250002e+01 2.077713e+02
      vertex   -2.133618e+02 4.250002e+01 2.082618e+02
    endloop
  endfacet
  facet normal 3.030340e-08 1.000000e+00 -8.928890e-09
    outer loop
      vertex   -2.072113e+02 4.250002e+01 2.083256e+02
      vertex   -2.133618e+02 4.250002e+01 2.082618e+02
      vertex   -2.073146e+02 4.250002e+01 2.086510e+02
    endloop
  endfacet
  facet normal 2.997939e-08 1.000000e+00 -3.894511e-09
    outer loop
      vertex   -2.073146e+02 4.250002e+01 2.086510e+02
      vertex   -2.133618e+02 4.250002e+01 2.082618e+02
      vertex   -2.134294e+02 4.250002e+01 2.087559e+02
    endloop
  endfacet
  facet normal 2.992703e-08 1.000000e+00 -6.947428e-09
    outer loop
      vertex   -2.073146e+02 4.250002e+01 2.086510e+02
      vertex   -2.134294e+02 4.250002e+01 2.087559e+02
      vertex   -2.073954e+02 4.250002e+01 2.089827e+02
    endloop
  endfacet
  facet normal 2.976386e-08 1.000000e+00 -2.607010e-09
    outer loop
      vertex   -2.073954e+02 4.250002e+01 2.089827e+02
      vertex   -2.134294e+02 4.250002e+01 2.087559e+02
      vertex   -2.134746e+02 4.250002e+01 2.092525e+02
    endloop
  endfacet
  facet normal 2.965937e-08 1.000000e+00 -4.961544e-09
    outer loop
      vertex   -2.073954e+02 4.250002e+01 2.089827e+02
      vertex   -2.134746e+02 4.250002e+01 2.092525e+02
      vertex   -2.074534e+02 4.250002e+01 2.093192e+02
    endloop
  endfacet
  facet normal 2.963722e-08 1.000000e+00 -2.960617e-09
    outer loop
      vertex   -2.074534e+02 4.250002e+01 2.093192e+02
      vertex   -2.134746e+02 4.250002e+01 2.092525e+02
      vertex   -2.074883e+02 4.250002e+01 2.096588e+02
    endloop
  endfacet
  facet normal 2.952530e-08 1.000000e+00 -1.311631e-09
    outer loop
      vertex   -2.074883e+02 4.250002e+01 2.096588e+02
      vertex   -2.134746e+02 4.250002e+01 2.092525e+02
      vertex   -2.134972e+02 4.250002e+01 2.097507e+02
    endloop
  endfacet
  facet normal 2.953026e-08 1.000000e+00 -9.874333e-10
    outer loop
      vertex   -2.074883e+02 4.250002e+01 2.096588e+02
      vertex   -2.134972e+02 4.250002e+01 2.097507e+02
      vertex   -2.075000e+02 4.250002e+01 2.100000e+02
    endloop
  endfacet
  facet normal 2.948920e-08 1.000000e+00 0.000000e+00
    outer loop
      vertex   -2.075000e+02 4.250002e+01 2.100000e+02
      vertex   -2.134972e+02 4.250002e+01 2.097507e+02
      vertex   -2.134972e+02 4.250002e+01 2.102493e+02
    endloop
  endfacet
  facet normal 2.953026e-08 1.000000e+00 9.874333e-10
    outer loop
      vertex   -2.075000e+02 4.250002e+01 2.100000e+02
      vertex   -2.134972e+02 4.250002e+01 2.102493e+02
      vertex   -2.074883e+02 4.250002e+01 2.103412e+02
    endloop
  endfacet
  facet normal 2.952530e-08 1.000000e+00 1.311631e-09
    outer loop
      vertex   -2.074883e+02 4.250002e+01 2.103412e+02
      vertex   -2.134972e+02 4.250002e+01 2.102493e+02
      vertex   -2.134746e+02 4.250002e+01 2.107475e+02
    endloop
  endfacet
  facet normal 2.963722e-08 1.000000e+00 2.960617e-09
    outer loop
      vertex   -2.074883e+02 4.250002e+01 2.103412e+02
      vertex   -2.134746e+02 4.250002e+01 2.107475e+02
      vertex   -2.074534e+02 4.250002e+01 2.106808e+02
    endloop
  endfacet
  facet normal 2.965937e-08 1.000000e+00 4.961544e-09
    outer loop
      vertex   -2.074534e+02 4.250002e+01 2.106808e+02
      vertex   -2.134746e+02 4.250002e+01 2.107475e+02
      vertex   -2.073954e+02 4.250002e+01 2.110173e+02
    endloop
  endfacet
  facet normal 2.976386e-08 1.000000e+00 2.607010e-09
    outer loop
      vertex   -2.073954e+02 4.250002e+01 2.110173e+02
      vertex   -2.134746e+02 4.250002e+01 2.107475e+02
      vertex   -2.134294e+02 4.250002e+01 2.112441e+02
    endloop
  endfacet
  facet normal 2.992703e-08 1.000000e+00 6.947428e-09
    outer loop
      vertex   -2.073954e+02 4.250002e+01 2.110173e+02
      vertex   -2.134294e+02 4.250002e+01 2.112441e+02
      vertex   -2.073146e+02 4.250002e+01 2.113490e+02
    endloop
  endfacet
  facet normal 2.997939e-08 1.000000e+00 3.894511e-09
    outer loop
      vertex   -2.073146e+02 4.250002e+01 2.113490e+02
      vertex   -2.134294e+02 4.250002e+01 2.112441e+02
      vertex   -2.133618e+02 4.250002e+01 2.117382e+02
    endloop
  endfacet
  facet normal 3.030340e-08 1.000000e+00 8.928890e-09
    outer loop
      vertex   -2.073146e+02 4.250002e+01 2.113490e+02
      vertex   -2.133618e+02 4.250002e+01 2.117382e+02
      vertex   -2.072113e+02 4.250002e+01 2.116744e+02
    endloop
  endfacet
  facet normal 3.026437e-08 1.000000e+00 5.165683e-09
    outer loop
      vertex   -2.072113e+02 4.250002e+01 2.116744e+02
      vertex   -2.133618e+02 4.250002e+01 2.117382e+02
      vertex   -2.132719e+02 4.250002e+01 2.122287e+02
    endloop
  endfacet
  facet normal 3.078905e-08 1.000000e+00 1.090249e-08
    outer loop
      vertex   -2.072113e+02 4.250002e+01 2.116744e+02
      vertex   -2.132719e+02 4.250002e+01 2.122287e+02
      vertex   -2.070861e+02 4.250002e+01 2.119920e+02
    endloop
  endfacet
  facet normal 3.087344e-08 1.000000e+00 1.310817e-08
    outer loop
      vertex   -2.070861e+02 4.250002e+01 2.119920e+02
      vertex   -2.132719e+02 4.250002e+01 2.122287e+02
      vertex   -2.069394e+02 4.250002e+01 2.123003e+02
    endloop
  endfacet
  facet normal 3.095002e-08 1.000000e+00 6.339711e-09
    outer loop
      vertex   -2.069394e+02 4.250002e+01 2.123003e+02
      vertex   -2.132719e+02 4.250002e+01 2.122287e+02
      vertex   -2.131598e+02 4.250002e+01 2.127146e+02
    endloop
  endfacet
  facet normal 3.153514e-08 1.000000e+00 1.512553e-08
    outer loop
      vertex   -2.069394e+02 4.250002e+01 2.123003e+02
      vertex   -2.131598e+02 4.250002e+01 2.127146e+02
      vertex   -2.067721e+02 4.250002e+01 2.125979e+02
    endloop
  endfacet
  facet normal 3.139663e-08 1.000000e+00 7.542363e-09
    outer loop
      vertex   -2.067721e+02 4.250002e+01 2.125979e+02
      vertex   -2.131598e+02 4.250002e+01 2.127146e+02
      vertex   -2.130258e+02 4.250002e+01 2.131949e+02
    endloop
  endfacet
  facet normal 3.231234e-08 1.000000e+00 1.713447e-08
    outer loop
      vertex   -2.067721e+02 4.250002e+01 2.125979e+02
      vertex   -2.130258e+02 4.250002e+01 2.131949e+02
      vertex   -2.065848e+02 4.250002e+01 2.128834e+02
    endloop
  endfacet
  facet normal 3.190509e-08 1.000000e+00 8.714480e-09
    outer loop
      vertex   -2.065848e+02 4.250002e+01 2.128834e+02
      vertex   -2.130258e+02 4.250002e+01 2.131949e+02
      vertex   -2.128702e+02 4.250002e+01 2.136687e+02
    endloop
  endfacet
  facet normal 3.320667e-08 1.000000e+00 1.913196e-08
    outer loop
      vertex   -2.065848e+02 4.250002e+01 2.128834e+02
      vertex   -2.128702e+02 4.250002e+01 2.136687e+02
      vertex   -2.063786e+02 4.250002e+01 2.131554e+02
    endloop
  endfacet
  facet normal 3.341871e-08 1.000000e+00 2.181387e-08
    outer loop
      vertex   -2.063786e+02 4.250002e+01 2.131554e+02
      vertex   -2.128702e+02 4.250002e+01 2.136687e+02
      vertex   -2.061542e+02 4.250002e+01 2.134128e+02
    endloop
  endfacet
  facet normal 3.295591e-08 1.000000e+00 9.669424e-09
    outer loop
      vertex   -2.061542e+02 4.250002e+01 2.134128e+02
      vertex   -2.128702e+02 4.250002e+01 2.136687e+02
      vertex   -2.126932e+02 4.250002e+01 2.141349e+02
    endloop
  endfacet
  facet normal 3.452834e-08 1.000000e+00 2.390758e-08
    outer loop
      vertex   -2.061542e+02 4.250002e+01 2.134128e+02
      vertex   -2.126932e+02 4.250002e+01 2.141349e+02
      vertex   -2.059128e+02 4.250002e+01 2.136542e+02
    endloop
  endfacet
  facet normal 3.359467e-08 1.000000e+00 1.073892e-08
    outer loop
      vertex   -2.059128e+02 4.250002e+01 2.136542e+02
      vertex   -2.126932e+02 4.250002e+01 2.141349e+02
      vertex   -2.124954e+02 4.250002e+01 2.145927e+02
    endloop
  endfacet
  facet normal 3.576968e-08 1.000000e+00 2.599471e-08
    outer loop
      vertex   -2.059128e+02 4.250002e+01 2.136542e+02
      vertex   -2.124954e+02 4.250002e+01 2.145927e+02
      vertex   -2.056554e+02 4.250002e+01 2.138786e+02
    endloop
  endfacet
  facet normal 3.428431e-08 1.000000e+00 1.176733e-08
    outer loop
      vertex   -2.056554e+02 4.250002e+01 2.138786e+02
      vertex   -2.124954e+02 4.250002e+01 2.145927e+02
      vertex   -2.122770e+02 4.250002e+01 2.150410e+02
    endloop
  endfacet
  facet normal 3.714689e-08 1.000000e+00 2.807385e-08
    outer loop
      vertex   -2.056554e+02 4.250002e+01 2.138786e+02
      vertex   -2.122770e+02 4.250002e+01 2.150410e+02
      vertex   -2.053834e+02 4.250002e+01 2.140849e+02
    endloop
  endfacet
  facet normal 3.764878e-08 1.000000e+00 3.169252e-08
    outer loop
      vertex   -2.053834e+02 4.250002e+01 2.140849e+02
      vertex   -2.122770e+02 4.250002e+01 2.150410e+02
      vertex   -2.050979e+02 4.250002e+01 2.142721e+02
    endloop
  endfacet
  facet normal 3.558733e-08 1.000000e+00 1.244413e-08
    outer loop
      vertex   -2.050979e+02 4.250002e+01 2.142721e+02
      vertex   -2.122770e+02 4.250002e+01 2.150410e+02
      vertex   -2.120384e+02 4.250002e+01 2.154789e+02
    endloop
  endfacet
  facet normal 3.933143e-08 1.000000e+00 3.397729e-08
    outer loop
      vertex   -2.050979e+02 4.250002e+01 2.142721e+02
      vertex   -2.120384e+02 4.250002e+01 2.154789e+02
      vertex   -2.048003e+02 4.250002e+01 2.144394e+02
    endloop
  endfacet
  facet normal 3.636907e-08 1.000000e+00 1.334938e-08
    outer loop
      vertex   -2.048003e+02 4.250002e+01 2.144394e+02
      vertex   -2.120384e+02 4.250002e+01 2.154789e+02
      vertex   -2.117803e+02 4.250002e+01 2.159056e+02
    endloop
  endfacet
  facet normal 4.118447e-08 1.000000e+00 3.627467e-08
    outer loop
      vertex   -2.048003e+02 4.250002e+01 2.144394e+02
      vertex   -2.117803e+02 4.250002e+01 2.159056e+02
      vertex   -2.044920e+02 4.250002e+01 2.145861e+02
    endloop
  endfacet
  facet normal 3.718928e-08 1.000000e+00 1.420706e-08
    outer loop
      vertex   -2.044920e+02 4.250002e+01 2.145861e+02
      vertex   -2.117803e+02 4.250002e+01 2.159056e+02
      vertex   -2.115031e+02 4.250002e+01 2.163201e+02
    endloop
  endfacet
  facet normal 4.321912e-08 1.000000e+00 3.858717e-08
    outer loop
      vertex   -2.044920e+02 4.250002e+01 2.145861e+02
      vertex   -2.115031e+02 4.250002e+01 2.163201e+02
      vertex   -2.041744e+02 4.250002e+01 2.147113e+02
    endloop
  endfacet
  facet normal 4.443334e-08 1.000000e+00 4.411848e-08
    outer loop
      vertex   -2.041744e+02 4.250002e+01 2.147113e+02
      vertex   -2.115031e+02 4.250002e+01 2.163201e+02
      vertex   -2.038490e+02 4.250002e+01 2.148146e+02
    endloop
  endfacet
  facet normal 3.862502e-08 1.000000e+00 1.458838e-08
    outer loop
      vertex   -2.038490e+02 4.250002e+01 2.148146e+02
      vertex   -2.115031e+02 4.250002e+01 2.163201e+02
      vertex   -2.112074e+02 4.250002e+01 2.167216e+02
    endloop
  endfacet
  facet normal 3.893228e-08 1.000000e+00 1.577395e-08
    outer loop
      vertex   -2.038490e+02 4.250002e+01 2.148146e+02
      vertex   -2.112074e+02 4.250002e+01 2.167216e+02
      vertex   -2.108939e+02 4.250002e+01 2.171094e+02
    endloop
  endfacet
  facet normal 4.789024e-08 1.000000e+00 4.327438e-08
    outer loop
      vertex   -2.038490e+02 4.250002e+01 2.148146e+02
      vertex   -2.108939e+02 4.250002e+01 2.171094e+02
      vertex   -2.035173e+02 4.250002e+01 2.148954e+02
    endloop
  endfacet
  facet normal 3.984862e-08 1.000000e+00 1.648087e-08
    outer loop
      vertex   -2.035173e+02 4.250002e+01 2.148954e+02
      vertex   -2.108939e+02 4.250002e+01 2.171094e+02
      vertex   -2.105630e+02 4.250002e+01 2.174825e+02
    endloop
  endfacet
  facet normal 5.056314e-08 1.000000e+00 4.566120e-08
    outer loop
      vertex   -2.035173e+02 4.250002e+01 2.148954e+02
      vertex   -2.105630e+02 4.250002e+01 2.174825e+02
      vertex   -2.031808e+02 4.250002e+01 2.149534e+02
    endloop
  endfacet
  facet normal 4.079053e-08 1.000000e+00 1.713557e-08
    outer loop
      vertex   -2.031808e+02 4.250002e+01 2.149534e+02
      vertex   -2.105630e+02 4.250002e+01 2.174825e+02
      vertex   -2.102156e+02 4.250002e+01 2.178402e+02
    endloop
  endfacet
  facet normal 5.349230e-08 1.000000e+00 4.808809e-08
    outer loop
      vertex   -2.031808e+02 4.250002e+01 2.149534e+02
      vertex   -2.102156e+02 4.250002e+01 2.178402e+02
      vertex   -2.028412e+02 4.250002e+01 2.149883e+02
    endloop
  endfacet
  facet normal 4.175480e-08 1.000000e+00 1.773743e-08
    outer loop
      vertex   -2.028412e+02 4.250002e+01 2.149883e+02
      vertex   -2.102156e+02 4.250002e+01 2.178402e+02
      vertex   -2.098523e+02 4.250002e+01 2.181819e+02
    endloop
  endfacet
  facet normal 4.225899e-08 1.000000e+00 1.884433e-08
    outer loop
      vertex   -2.028412e+02 4.250002e+01 2.149883e+02
      vertex   -2.098523e+02 4.250002e+01 2.181819e+02
      vertex   -2.094740e+02 4.250002e+01 2.185067e+02
    endloop
  endfacet
  facet normal 5.685237e-08 1.000000e+00 4.635566e-08
    outer loop
      vertex   -2.028412e+02 4.250002e+01 2.149883e+02
      vertex   -2.094740e+02 4.250002e+01 2.185067e+02
      vertex   -2.025000e+02 4.250002e+01 2.150000e+02
    endloop
  endfacet
  facet normal 4.328081e-08 1.000000e+00 1.936505e-08
    outer loop
      vertex   -2.025000e+02 4.250002e+01 2.150000e+02
      vertex   -2.094740e+02 4.250002e+01 2.185067e+02
      vertex   -2.090813e+02 4.250002e+01 2.188140e+02
    endloop
  endfacet
  facet normal 4.389470e-08 1.000000e+00 2.042436e-08
    outer loop
      vertex   -2.025000e+02 4.250002e+01 2.150000e+02
      vertex   -2.090813e+02 4.250002e+01 2.188140e+02
      vertex   -2.086750e+02 4.250002e+01 2.191032e+02
    endloop
  endfacet
  facet normal 4.804598e-08 1.000000e+00 2.667167e-08
    outer loop
      vertex   -2.025000e+02 4.250002e+01 2.150000e+02
      vertex   -2.086750e+02 4.250002e+01 2.191032e+02
      vertex   -2.063730e+02 4.250002e+01 2.200000e+02
    endloop
  endfacet
  facet normal 5.843582e-08 1.000000e+00 1.489311e-13
    outer loop
      vertex   -2.063730e+02 4.250002e+01 2.200000e+02
      vertex   -2.086750e+02 4.250002e+01 2.191032e+02
      vertex   -2.082561e+02 4.250002e+01 2.193738e+02
    endloop
  endfacet
  facet normal 5.283006e-08 1.000000e+00 -5.089618e-07
    outer loop
      vertex   -1.975117e+02 4.250002e+01 2.103412e+02
      vertex   -1.775971e+02 4.250002e+01 2.101219e+02
      vertex   -1.975000e+02 4.250002e+01 2.100000e+02
    endloop
  endfacet
  facet normal 4.971360e-08 1.000000e+00 0.000000e+00
    outer loop
      vertex   -1.975000e+02 4.250002e+01 2.100000e+02
      vertex   -1.775971e+02 4.250002e+01 2.101219e+02
      vertex   -1.775971e+02 4.250002e+01 2.098781e+02
    endloop
  endfacet
  facet normal 5.283002e-08 1.000000e+00 5.089618e-07
    outer loop
      vertex   -1.975000e+02 4.250002e+01 2.100000e+02
      vertex   -1.775971e+02 4.250002e+01 2.098781e+02
      vertex   -1.975117e+02 4.250002e+01 2.096588e+02
    endloop
  endfacet
  facet normal 5.843589e-08 1.000000e+00 1.527205e-14
    outer loop
      vertex   -1.975117e+02 4.250002e+01 2.096588e+02
      vertex   -1.775971e+02 4.250002e+01 2.098781e+02
      vertex   -1.775743e+02 4.250002e+01 2.096355e+02
    endloop
  endfacet
  facet normal 5.843589e-08 1.000000e+00 2.065455e-15
    outer loop
      vertex   -1.975117e+02 4.250002e+01 2.096588e+02
      vertex   -1.775743e+02 4.250002e+01 2.096355e+02
      vertex   -1.975466e+02 4.250002e+01 2.093192e+02
    endloop
  endfacet
  facet normal 5.843589e-08 1.000000e+00 1.421143e-14
    outer loop
      vertex   -1.975466e+02 4.250002e+01 2.093192e+02
      vertex   -1.775743e+02 4.250002e+01 2.096355e+02
      vertex   -1.775289e+02 4.250002e+01 2.093960e+02
    endloop
  endfacet
  facet normal 5.843589e-08 1.000000e+00 1.237293e-14
    outer loop
      vertex   -1.975466e+02 4.250002e+01 2.093192e+02
      vertex   -1.775289e+02 4.250002e+01 2.093960e+02
      vertex   -1.976046e+02 4.250002e+01 2.089827e+02
    endloop
  endfacet
  facet normal 5.843589e-08 1.000000e+00 -3.589249e-14
    outer loop
      vertex   -1.976046e+02 4.250002e+01 2.089827e+02
      vertex   -1.775289e+02 4.250002e+01 2.093960e+02
      vertex   -1.774612e+02 4.250002e+01 2.091619e+02
    endloop
  endfacet
  facet normal 5.843589e-08 1.000000e+00 -2.139838e-14
    outer loop
      vertex   -1.976046e+02 4.250002e+01 2.089827e+02
      vertex   -1.774612e+02 4.250002e+01 2.091619e+02
      vertex   -1.773719e+02 4.250002e+01 2.089351e+02
    endloop
  endfacet
  facet normal 5.843589e-08 1.000000e+00 -1.527205e-14
    outer loop
      vertex   -1.775971e+02 4.250002e+01 2.101219e+02
      vertex   -1.975117e+02 4.250002e+01 2.103412e+02
      vertex   -1.775743e+02 4.250002e+01 2.103645e+02
    endloop
  endfacet
  facet normal 5.843589e-08 1.000000e+00 -2.065455e-15
    outer loop
      vertex   -1.775743e+02 4.250002e+01 2.103645e+02
      vertex   -1.975117e+02 4.250002e+01 2.103412e+02
      vertex   -1.975466e+02 4.250002e+01 2.106808e+02
    endloop
  endfacet
  facet normal 5.843589e-08 1.000000e+00 -1.421143e-14
    outer loop
      vertex   -1.775743e+02 4.250002e+01 2.103645e+02
      vertex   -1.975466e+02 4.250002e+01 2.106808e+02
      vertex   -1.775289e+02 4.250002e+01 2.106040e+02
    endloop
  endfacet
  facet normal 5.843589e-08 1.000000e+00 -1.237293e-14
    outer loop
      vertex   -1.775289e+02 4.250002e+01 2.106040e+02
      vertex   -1.975466e+02 4.250002e+01 2.106808e+02
      vertex   -1.976046e+02 4.250002e+01 2.110173e+02
    endloop
  endfacet
  facet normal 5.843589e-08 1.000000e+00 3.589249e-14
    outer loop
      vertex   -1.775289e+02 4.250002e+01 2.106040e+02
      vertex   -1.976046e+02 4.250002e+01 2.110173e+02
      vertex   -1.774612e+02 4.250002e+01 2.108382e+02
    endloop
  endfacet
  facet normal 5.843589e-08 1.000000e+00 2.139839e-14
    outer loop
      vertex   -1.774612e+02 4.250002e+01 2.108382e+02
      vertex   -1.976046e+02 4.250002e+01 2.110173e+02
      vertex   -1.773719e+02 4.250002e+01 2.110649e+02
    endloop
  endfacet
  facet normal 5.843589e-08 1.000000e+00 1.268474e-14
    outer loop
      vertex   -1.773719e+02 4.250002e+01 2.110649e+02
      vertex   -1.976046e+02 4.250002e+01 2.110173e+02
      vertex   -1.976854e+02 4.250002e+01 2.113490e+02
    endloop
  endfacet
  facet normal 5.843589e-08 1.000000e+00 7.625653e-15
    outer loop
      vertex   -1.773719e+02 4.250002e+01 2.110649e+02
      vertex   -1.976854e+02 4.250002e+01 2.113490e+02
      vertex   -1.772618e+02 4.250002e+01 2.112824e+02
    endloop
  endfacet
  facet normal 5.843589e-08 1.000000e+00 -3.911905e-14
    outer loop
      vertex   -1.772618e+02 4.250002e+01 2.112824e+02
      vertex   -1.976854e+02 4.250002e+01 2.113490e+02
      vertex   -1.977887e+02 4.250002e+01 2.116744e+02
    endloop
  endfacet
  facet normal 5.843589e-08 1.000000e+00 1.105578e-14
    outer loop
      vertex   -1.772618e+02 4.250002e+01 2.112824e+02
      vertex   -1.977887e+02 4.250002e+01 2.116744e+02
      vertex   -1.771317e+02 4.250002e+01 2.114885e+02
    endloop
  endfacet
  facet normal 5.843589e-08 1.000000e+00 1.206024e-14
    outer loop
      vertex   -1.771317e+02 4.250002e+01 2.114885e+02
      vertex   -1.977887e+02 4.250002e+01 2.116744e+02
      vertex   -1.979139e+02 4.250002e+01 2.119920e+02
    endloop
  endfacet
  facet normal 5.843589e-08 1.000000e+00 1.890789e-14
    outer loop
      vertex   -1.771317e+02 4.250002e+01 2.114885e+02
      vertex   -1.979139e+02 4.250002e+01 2.119920e+02
      vertex   -1.769830e+02 4.250002e+01 2.116816e+02
    endloop
  endfacet
  facet normal 5.843589e-08 1.000000e+00 -1.720040e-14
    outer loop
      vertex   -1.769830e+02 4.250002e+01 2.116816e+02
      vertex   -1.979139e+02 4.250002e+01 2.119920e+02
      vertex   -1.980606e+02 4.250002e+01 2.123003e+02
    endloop
  endfacet
  facet normal 5.843590e-08 1.000000e+00 6.864577e-14
    outer loop
      vertex   -1.769830e+02 4.250002e+01 2.116816e+02
      vertex   -1.980606e+02 4.250002e+01 2.123003e+02
      vertex   -1.768168e+02 4.250002e+01 2.118599e+02
    endloop
  endfacet
  facet normal 5.843589e-08 1.000000e+00 -3.602141e-14
    outer loop
      vertex   -1.768168e+02 4.250002e+01 2.118599e+02
      vertex   -1.980606e+02 4.250002e+01 2.123003e+02
      vertex   -1.982279e+02 4.250002e+01 2.125979e+02
    endloop
  endfacet
  facet normal 5.843590e-08 1.000000e+00 2.270402e-14
    outer loop
      vertex   -1.768168e+02 4.250002e+01 2.118599e+02
      vertex   -1.982279e+02 4.250002e+01 2.125979e+02
      vertex   -1.766347e+02 4.250002e+01 2.120219e+02
    endloop
  endfacet
  facet normal 5.843589e-08 1.000000e+00 -1.051493e-14
    outer loop
      vertex   -1.766347e+02 4.250002e+01 2.120219e+02
      vertex   -1.982279e+02 4.250002e+01 2.125979e+02
      vertex   -1.984151e+02 4.250002e+01 2.128834e+02
    endloop
  endfacet
  facet normal 5.843590e-08 1.000000e+00 3.718891e-14
    outer loop
      vertex   -1.766347e+02 4.250002e+01 2.120219e+02
      vertex   -1.984151e+02 4.250002e+01 2.128834e+02
      vertex   -1.764381e+02 4.250002e+01 2.121660e+02
    endloop
  endfacet
  facet normal 5.843589e-08 1.000000e+00 -3.442404e-14
    outer loop
      vertex   -1.764381e+02 4.250002e+01 2.121660e+02
      vertex   -1.984151e+02 4.250002e+01 2.128834e+02
      vertex   -1.986214e+02 4.250002e+01 2.131554e+02
    endloop
  endfacet
  facet normal 5.843590e-08 1.000000e+00 4.001009e-14
    outer loop
      vertex   -1.764381e+02 4.250002e+01 2.121660e+02
      vertex   -1.986214e+02 4.250002e+01 2.131554e+02
      vertex   -1.762290e+02 4.250002e+01 2.122912e+02
    endloop
  endfacet
  facet normal 5.843590e-08 1.000000e+00 -1.081500e-14
    outer loop
      vertex   -1.762290e+02 4.250002e+01 2.122912e+02
      vertex   -1.986214e+02 4.250002e+01 2.131554e+02
      vertex   -1.988458e+02 4.250002e+01 2.134128e+02
    endloop
  endfacet
  facet normal 5.843589e-08 1.000000e+00 -3.498965e-14
    outer loop
      vertex   -1.762290e+02 4.250002e+01 2.122912e+02
      vertex   -1.988458e+02 4.250002e+01 2.134128e+02
      vertex   -1.990872e+02 4.250002e+01 2.136542e+02
    endloop
  endfacet
  facet normal 5.843590e-08 1.000000e+00 1.118911e-13
    outer loop
      vertex   -1.762290e+02 4.250002e+01 2.122912e+02
      vertex   -1.990872e+02 4.250002e+01 2.136542e+02
      vertex   -1.760090e+02 4.250002e+01 2.123962e+02
    endloop
  endfacet
  facet normal 5.843590e-08 1.000000e+00 7.066725e-15
    outer loop
      vertex   -1.760090e+02 4.250002e+01 2.123962e+02
      vertex   -1.990872e+02 4.250002e+01 2.136542e+02
      vertex   -1.993446e+02 4.250002e+01 2.138786e+02
    endloop
  endfacet
  facet normal 5.843590e-08 1.000000e+00 -2.164336e-14
    outer loop
      vertex   -1.760090e+02 4.250002e+01 2.123962e+02
      vertex   -1.993446e+02 4.250002e+01 2.138786e+02
      vertex   -1.757802e+02 4.250002e+01 2.124802e+02
    endloop
  endfacet
  facet normal 5.843589e-08 1.000000e+00 -5.845341e-14
    outer loop
      vertex   -1.757802e+02 4.250002e+01 2.124802e+02
      vertex   -1.993446e+02 4.250002e+01 2.138786e+02
      vertex   -1.996166e+02 4.250002e+01 2.140849e+02
    endloop
  endfacet
  facet normal 5.843589e-08 1.000000e+00 -6.426075e-14
    outer loop
      vertex   -1.757802e+02 4.250002e+01 2.124802e+02
      vertex   -1.996166e+02 4.250002e+01 2.140849e+02
      vertex   -1.999021e+02 4.250002e+01 2.142721e+02
    endloop
  endfacet
  facet normal 5.843591e-08 1.000000e+00 1.022828e-13
    outer loop
      vertex   -1.757802e+02 4.250002e+01 2.124802e+02
      vertex   -1.999021e+02 4.250002e+01 2.142721e+02
      vertex   -1.755445e+02 4.250002e+01 2.125423e+02
    endloop
  endfacet
  facet normal 5.843590e-08 1.000000e+00 -7.884332e-15
    outer loop
      vertex   -1.755445e+02 4.250002e+01 2.125423e+02
      vertex   -1.999021e+02 4.250002e+01 2.142721e+02
      vertex   -2.001997e+02 4.250002e+01 2.144394e+02
    endloop
  endfacet
  facet normal 5.843589e-08 1.000000e+00 -1.152640e-13
    outer loop
      vertex   -1.755445e+02 4.250002e+01 2.125423e+02
      vertex   -2.001997e+02 4.250002e+01 2.144394e+02
      vertex   -2.005080e+02 4.250002e+01 2.145861e+02
    endloop
  endfacet
  facet normal 6.924765e-08 1.000000e+00 4.436615e-08
    outer loop
      vertex   -2.011510e+02 4.250002e+01 2.148146e+02
      vertex   -2.014827e+02 4.250002e+01 2.148954e+02
      vertex   -2.063730e+02 4.250002e+01 2.200000e+02
    endloop
  endfacet
  facet normal 6.545975e-08 1.000000e+00 4.073729e-08
    outer loop
      vertex   -2.063730e+02 4.250002e+01 2.200000e+02
      vertex   -2.014827e+02 4.250002e+01 2.148954e+02
      vertex   -2.018192e+02 4.250002e+01 2.149534e+02
    endloop
  endfacet
  facet normal 6.233385e-08 1.000000e+00 3.791660e-08
    outer loop
      vertex   -2.063730e+02 4.250002e+01 2.200000e+02
      vertex   -2.018192e+02 4.250002e+01 2.149534e+02
      vertex   -2.021588e+02 4.250002e+01 2.149883e+02
    endloop
  endfacet
  facet normal 5.965425e-08 1.000000e+00 3.566339e-08
    outer loop
      vertex   -2.021588e+02 4.250002e+01 2.149883e+02
      vertex   -2.025000e+02 4.250002e+01 2.150000e+02
      vertex   -2.063730e+02 4.250002e+01 2.200000e+02
    endloop
  endfacet
  facet normal 5.843590e-08 1.000000e+00 7.884335e-15
    outer loop
      vertex   -2.001997e+02 4.250002e+01 2.055606e+02
      vertex   -1.999021e+02 4.250002e+01 2.057279e+02
      vertex   -1.755445e+02 4.250002e+01 2.074577e+02
    endloop
  endfacet
  facet normal 5.843591e-08 1.000000e+00 -1.022827e-13
    outer loop
      vertex   -1.755445e+02 4.250002e+01 2.074577e+02
      vertex   -1.999021e+02 4.250002e+01 2.057279e+02
      vertex   -1.757802e+02 4.250002e+01 2.075198e+02
    endloop
  endfacet
  facet normal 5.843589e-08 1.000000e+00 6.426075e-14
    outer loop
      vertex   -1.757802e+02 4.250002e+01 2.075198e+02
      vertex   -1.999021e+02 4.250002e+01 2.057279e+02
      vertex   -1.996166e+02 4.250002e+01 2.059152e+02
    endloop
  endfacet
  facet normal 5.843589e-08 1.000000e+00 5.845342e-14
    outer loop
      vertex   -1.757802e+02 4.250002e+01 2.075198e+02
      vertex   -1.996166e+02 4.250002e+01 2.059152e+02
      vertex   -1.993446e+02 4.250002e+01 2.061214e+02
    endloop
  endfacet
  facet normal 5.843590e-08 1.000000e+00 2.164335e-14
    outer loop
      vertex   -1.757802e+02 4.250002e+01 2.075198e+02
      vertex   -1.993446e+02 4.250002e+01 2.061214e+02
      vertex   -1.760090e+02 4.250002e+01 2.076038e+02
    endloop
  endfacet
  facet normal 5.843590e-08 1.000000e+00 -7.066725e-15
    outer loop
      vertex   -1.760090e+02 4.250002e+01 2.076038e+02
      vertex   -1.993446e+02 4.250002e+01 2.061214e+02
      vertex   -1.990872e+02 4.250002e+01 2.063458e+02
    endloop
  endfacet
  facet normal 5.843590e-08 1.000000e+00 -1.118911e-13
    outer loop
      vertex   -1.760090e+02 4.250002e+01 2.076038e+02
      vertex   -1.990872e+02 4.250002e+01 2.063458e+02
      vertex   -1.762290e+02 4.250002e+01 2.077088e+02
    endloop
  endfacet
  facet normal 5.843589e-08 1.000000e+00 3.498965e-14
    outer loop
      vertex   -1.762290e+02 4.250002e+01 2.077088e+02
      vertex   -1.990872e+02 4.250002e+01 2.063458e+02
      vertex   -1.988458e+02 4.250002e+01 2.065872e+02
    endloop
  endfacet
  facet normal 5.843590e-08 1.000000e+00 1.081500e-14
    outer loop
      vertex   -1.762290e+02 4.250002e+01 2.077088e+02
      vertex   -1.988458e+02 4.250002e+01 2.065872e+02
      vertex   -1.986214e+02 4.250002e+01 2.068446e+02
    endloop
  endfacet
  facet normal 5.843590e-08 1.000000e+00 -4.001009e-14
    outer loop
      vertex   -1.762290e+02 4.250002e+01 2.077088e+02
      vertex   -1.986214e+02 4.250002e+01 2.068446e+02
      vertex   -1.764381e+02 4.250002e+01 2.078340e+02
    endloop
  endfacet
  facet normal 5.843589e-08 1.000000e+00 3.442404e-14
    outer loop
      vertex   -1.764381e+02 4.250002e+01 2.078340e+02
      vertex   -1.986214e+02 4.250002e+01 2.068446e+02
      vertex   -1.984151e+02 4.250002e+01 2.071166e+02
    endloop
  endfacet
  facet normal 5.843590e-08 1.000000e+00 -3.718890e-14
    outer loop
      vertex   -1.764381e+02 4.250002e+01 2.078340e+02
      vertex   -1.984151e+02 4.250002e+01 2.071166e+02
      vertex   -1.766347e+02 4.250002e+01 2.079781e+02
    endloop
  endfacet
  facet normal 5.843589e-08 1.000000e+00 1.051493e-14
    outer loop
      vertex   -1.766347e+02 4.250002e+01 2.079781e+02
      vertex   -1.984151e+02 4.250002e+01 2.071166e+02
      vertex   -1.982279e+02 4.250002e+01 2.074021e+02
    endloop
  endfacet
  facet normal 5.843590e-08 1.000000e+00 -2.270402e-14
    outer loop
      vertex   -1.766347e+02 4.250002e+01 2.079781e+02
      vertex   -1.982279e+02 4.250002e+01 2.074021e+02
      vertex   -1.768168e+02 4.250002e+01 2.081401e+02
    endloop
  endfacet
  facet normal 5.843589e-08 1.000000e+00 3.602142e-14
    outer loop
      vertex   -1.768168e+02 4.250002e+01 2.081401e+02
      vertex   -1.982279e+02 4.250002e+01 2.074021e+02
      vertex   -1.980606e+02 4.250002e+01 2.076997e+02
    endloop
  endfacet
  facet normal 5.843590e-08 1.000000e+00 -6.864577e-14
    outer loop
      vertex   -1.768168e+02 4.250002e+01 2.081401e+02
      vertex   -1.980606e+02 4.250002e+01 2.076997e+02
      vertex   -1.769830e+02 4.250002e+01 2.083184e+02
    endloop
  endfacet
  facet normal 5.843589e-08 1.000000e+00 1.720040e-14
    outer loop
      vertex   -1.769830e+02 4.250002e+01 2.083184e+02
      vertex   -1.980606e+02 4.250002e+01 2.076997e+02
      vertex   -1.979139e+02 4.250002e+01 2.080080e+02
    endloop
  endfacet
  facet normal 5.843589e-08 1.000000e+00 -1.890789e-14
    outer loop
      vertex   -1.769830e+02 4.250002e+01 2.083184e+02
      vertex   -1.979139e+02 4.250002e+01 2.080080e+02
      vertex   -1.771317e+02 4.250002e+01 2.085115e+02
    endloop
  endfacet
  facet normal 5.843589e-08 1.000000e+00 -1.206024e-14
    outer loop
      vertex   -1.771317e+02 4.250002e+01 2.085115e+02
      vertex   -1.979139e+02 4.250002e+01 2.080080e+02
      vertex   -1.977887e+02 4.250002e+01 2.083256e+02
    endloop
  endfacet
  facet normal 5.843589e-08 1.000000e+00 -1.105578e-14
    outer loop
      vertex   -1.771317e+02 4.250002e+01 2.085115e+02
      vertex   -1.977887e+02 4.250002e+01 2.083256e+02
      vertex   -1.772618e+02 4.250002e+01 2.087176e+02
    endloop
  endfacet
  facet normal 5.843589e-08 1.000000e+00 3.911905e-14
    outer loop
      vertex   -1.772618e+02 4.250002e+01 2.087176e+02
      vertex   -1.977887e+02 4.250002e+01 2.083256e+02
      vertex   -1.976854e+02 4.250002e+01 2.086510e+02
    endloop
  endfacet
  facet normal 5.843589e-08 1.000000e+00 -7.625652e-15
    outer loop
      vertex   -1.772618e+02 4.250002e+01 2.087176e+02
      vertex   -1.976854e+02 4.250002e+01 2.086510e+02
      vertex   -1.773719e+02 4.250002e+01 2.089351e+02
    endloop
  endfacet
  facet normal 5.843589e-08 1.000000e+00 -1.268474e-14
    outer loop
      vertex   -1.773719e+02 4.250002e+01 2.089351e+02
      vertex   -1.976854e+02 4.250002e+01 2.086510e+02
      vertex   -1.976046e+02 4.250002e+01 2.089827e+02
    endloop
  endfacet
  facet normal 1.018172e-07 1.000000e+00 1.036117e-08
    outer loop
      vertex   -1.624456e+02 4.250002e+01 2.104848e+02
      vertex   -1.625022e+02 4.250002e+01 2.107219e+02
      vertex   -1.600000e+02 4.250002e+01 2.170000e+02
    endloop
  endfacet
  facet normal 9.584777e-08 1.000000e+00 1.274037e-08
    outer loop
      vertex   -1.600000e+02 4.250002e+01 2.170000e+02
      vertex   -1.625022e+02 4.250002e+01 2.107219e+02
      vertex   -1.625808e+02 4.250002e+01 2.109526e+02
    endloop
  endfacet
  facet normal 9.121538e-08 1.000000e+00 1.471729e-08
    outer loop
      vertex   -1.600000e+02 4.250002e+01 2.170000e+02
      vertex   -1.625808e+02 4.250002e+01 2.109526e+02
      vertex   -1.626806e+02 4.250002e+01 2.111749e+02
    endloop
  endfacet
  facet normal 8.744977e-08 1.000000e+00 1.645018e-08
    outer loop
      vertex   -1.626806e+02 4.250002e+01 2.111749e+02
      vertex   -1.628008e+02 4.250002e+01 2.113870e+02
      vertex   -1.600000e+02 4.250002e+01 2.170000e+02
    endloop
  endfacet
  facet normal 8.426808e-08 1.000000e+00 1.803781e-08
    outer loop
      vertex   -1.600000e+02 4.250002e+01 2.170000e+02
      vertex   -1.628008e+02 4.250002e+01 2.113870e+02
      vertex   -1.629404e+02 4.250002e+01 2.115868e+02
    endloop
  endfacet
  facet normal 8.148757e-08 1.000000e+00 1.954814e-08
    outer loop
      vertex   -1.600000e+02 4.250002e+01 2.170000e+02
      vertex   -1.629404e+02 4.250002e+01 2.115868e+02
      vertex   -1.630980e+02 4.250002e+01 2.117727e+02
    endloop
  endfacet
  facet normal 7.898173e-08 1.000000e+00 2.103326e-08
    outer loop
      vertex   -1.630980e+02 4.250002e+01 2.117727e+02
      vertex   -1.632724e+02 4.250002e+01 2.119430e+02
      vertex   -1.600000e+02 4.250002e+01 2.170000e+02
    endloop
  endfacet
  facet normal 7.665724e-08 1.000000e+00 2.253744e-08
    outer loop
      vertex   -1.600000e+02 4.250002e+01 2.170000e+02
      vertex   -1.632724e+02 4.250002e+01 2.119430e+02
      vertex   -1.634619e+02 4.250002e+01 2.120963e+02
    endloop
  endfacet
  facet normal 7.443924e-08 1.000000e+00 2.410329e-08
    outer loop
      vertex   -1.600000e+02 4.250002e+01 2.170000e+02
      vertex   -1.634619e+02 4.250002e+01 2.120963e+02
      vertex   -1.636650e+02 4.250002e+01 2.122311e+02
    endloop
  endfacet
  facet normal 7.226226e-08 1.000000e+00 2.577631e-08
    outer loop
      vertex   -1.636650e+02 4.250002e+01 2.122311e+02
      vertex   -1.638798e+02 4.250002e+01 2.123463e+02
      vertex   -1.600000e+02 4.250002e+01 2.170000e+02
    endloop
  endfacet
  facet normal 7.006251e-08 1.000000e+00 2.761023e-08
    outer loop
      vertex   -1.600000e+02 4.250002e+01 2.170000e+02
      vertex   -1.638798e+02 4.250002e+01 2.123463e+02
      vertex   -1.641044e+02 4.250002e+01 2.124409e+02
    endloop
  endfacet
  facet normal 6.777067e-08 1.000000e+00 2.967347e-08
    outer loop
      vertex   -1.600000e+02 4.250002e+01 2.170000e+02
      vertex   -1.641044e+02 4.250002e+01 2.124409e+02
      vertex   -1.643369e+02 4.250002e+01 2.125140e+02
    endloop
  endfacet
  facet normal 6.530276e-08 1.000000e+00 3.205936e-08
    outer loop
      vertex   -1.643369e+02 4.250002e+01 2.125140e+02
      vertex   -1.645752e+02 4.250002e+01 2.125651e+02
      vertex   -1.600000e+02 4.250002e+01 2.170000e+02
    endloop
  endfacet
  facet normal 6.254624e-08 1.000000e+00 3.490308e-08
    outer loop
      vertex   -1.600000e+02 4.250002e+01 2.170000e+02
      vertex   -1.645752e+02 4.250002e+01 2.125651e+02
      vertex   -1.648173e+02 4.250002e+01 2.125936e+02
    endloop
  endfacet
  facet normal 5.933666e-08 1.000000e+00 3.841192e-08
    outer loop
      vertex   -1.600000e+02 4.250002e+01 2.170000e+02
      vertex   -1.648173e+02 4.250002e+01 2.125936e+02
      vertex   -1.650610e+02 4.250002e+01 2.125993e+02
    endloop
  endfacet
  facet normal 5.541178e-08 1.000000e+00 4.292564e-08
    outer loop
      vertex   -1.650610e+02 4.250002e+01 2.125993e+02
      vertex   -1.653041e+02 4.250002e+01 2.125822e+02
      vertex   -1.600000e+02 4.250002e+01 2.170000e+02
    endloop
  endfacet
  facet normal 5.031372e-08 1.000000e+00 4.904641e-08
    outer loop
      vertex   -1.600000e+02 4.250002e+01 2.170000e+02
      vertex   -1.653041e+02 4.250002e+01 2.125822e+02
      vertex   -1.655445e+02 4.250002e+01 2.125423e+02
    endloop
  endfacet
  facet normal 5.031372e-08 1.000000e+00 -4.904638e-08
    outer loop
      vertex   -1.655445e+02 4.250002e+01 2.074577e+02
      vertex   -1.653041e+02 4.250002e+01 2.074178e+02
      vertex   -1.600000e+02 4.250002e+01 2.030000e+02
    endloop
  endfacet
  facet normal 5.541179e-08 1.000000e+00 -4.292562e-08
    outer loop
      vertex   -1.600000e+02 4.250002e+01 2.030000e+02
      vertex   -1.653041e+02 4.250002e+01 2.074178e+02
      vertex   -1.650610e+02 4.250002e+01 2.074007e+02
    endloop
  endfacet
  facet normal 5.933666e-08 1.000000e+00 -3.841190e-08
    outer loop
      vertex   -1.600000e+02 4.250002e+01 2.030000e+02
      vertex   -1.650610e+02 4.250002e+01 2.074007e+02
      vertex   -1.648173e+02 4.250002e+01 2.074064e+02
    endloop
  endfacet
  facet normal 6.254624e-08 1.000000e+00 -3.490307e-08
    outer loop
      vertex   -1.648173e+02 4.250002e+01 2.074064e+02
      vertex   -1.645752e+02 4.250002e+01 2.074349e+02
      vertex   -1.600000e+02 4.250002e+01 2.030000e+02
    endloop
  endfacet
  facet normal 6.530276e-08 1.000000e+00 -3.205935e-08
    outer loop
      vertex   -1.600000e+02 4.250002e+01 2.030000e+02
      vertex   -1.645752e+02 4.250002e+01 2.074349e+02
      vertex   -1.643369e+02 4.250002e+01 2.074860e+02
    endloop
  endfacet
  facet normal 6.777067e-08 1.000000e+00 -2.967346e-08
    outer loop
      vertex   -1.600000e+02 4.250002e+01 2.030000e+02
      vertex   -1.643369e+02 4.250002e+01 2.074860e+02
      vertex   -1.641044e+02 4.250002e+01 2.075591e+02
    endloop
  endfacet
  facet normal 7.006251e-08 1.000000e+00 -2.761022e-08
    outer loop
      vertex   -1.641044e+02 4.250002e+01 2.075591e+02
      vertex   -1.638798e+02 4.250002e+01 2.076537e+02
      vertex   -1.600000e+02 4.250002e+01 2.030000e+02
    endloop
  endfacet
  facet normal 7.226226e-08 1.000000e+00 -2.577631e-08
    outer loop
      vertex   -1.600000e+02 4.250002e+01 2.030000e+02
      vertex   -1.638798e+02 4.250002e+01 2.076537e+02
      vertex   -1.636650e+02 4.250002e+01 2.077689e+02
    endloop
  endfacet
  facet normal 7.443923e-08 1.000000e+00 -2.410328e-08
    outer loop
      vertex   -1.600000e+02 4.250002e+01 2.030000e+02
      vertex   -1.636650e+02 4.250002e+01 2.077689e+02
      vertex   -1.634619e+02 4.250002e+01 2.079037e+02
    endloop
  endfacet
  facet normal 7.665724e-08 1.000000e+00 -2.253743e-08
    outer loop
      vertex   -1.634619e+02 4.250002e+01 2.079037e+02
      vertex   -1.632724e+02 4.250002e+01 2.080570e+02
      vertex   -1.600000e+02 4.250002e+01 2.030000e+02
    endloop
  endfacet
  facet normal 7.898173e-08 1.000000e+00 -2.103325e-08
    outer loop
      vertex   -1.600000e+02 4.250002e+01 2.030000e+02
      vertex   -1.632724e+02 4.250002e+01 2.080570e+02
      vertex   -1.630980e+02 4.250002e+01 2.082273e+02
    endloop
  endfacet
  facet normal 8.148756e-08 1.000000e+00 -1.954814e-08
    outer loop
      vertex   -1.600000e+02 4.250002e+01 2.030000e+02
      vertex   -1.630980e+02 4.250002e+01 2.082273e+02
      vertex   -1.629404e+02 4.250002e+01 2.084132e+02
    endloop
  endfacet
  facet normal 8.426807e-08 1.000000e+00 -1.803780e-08
    outer loop
      vertex   -1.629404e+02 4.250002e+01 2.084132e+02
      vertex   -1.628008e+02 4.250002e+01 2.086130e+02
      vertex   -1.600000e+02 4.250002e+01 2.030000e+02
    endloop
  endfacet
  facet normal 8.744976e-08 1.000000e+00 -1.645018e-08
    outer loop
      vertex   -1.600000e+02 4.250002e+01 2.030000e+02
      vertex   -1.628008e+02 4.250002e+01 2.086130e+02
      vertex   -1.626806e+02 4.250002e+01 2.088251e+02
    endloop
  endfacet
  facet normal 9.121538e-08 1.000000e+00 -1.471728e-08
    outer loop
      vertex   -1.600000e+02 4.250002e+01 2.030000e+02
      vertex   -1.626806e+02 4.250002e+01 2.088251e+02
      vertex   -1.625808e+02 4.250002e+01 2.090474e+02
    endloop
  endfacet
  facet normal 9.584777e-08 1.000000e+00 -1.274037e-08
    outer loop
      vertex   -1.625808e+02 4.250002e+01 2.090474e+02
      vertex   -1.625022e+02 4.250002e+01 2.092781e+02
      vertex   -1.600000e+02 4.250002e+01 2.030000e+02
    endloop
  endfacet
  facet normal 1.018172e-07 1.000000e+00 -1.036117e-08
    outer loop
      vertex   -1.600000e+02 4.250002e+01 2.030000e+02
      vertex   -1.625022e+02 4.250002e+01 2.092781e+02
      vertex   -1.624456e+02 4.250002e+01 2.095152e+02
    endloop
  endfacet
  facet normal 1.099768e-07 1.000000e+00 -7.298351e-09
    outer loop
      vertex   -1.600000e+02 4.250002e+01 2.030000e+02
      vertex   -1.624456e+02 4.250002e+01 2.095152e+02
      vertex   -1.624114e+02 4.250002e+01 2.097565e+02
    endloop
  endfacet
  facet normal 1.220606e-07 1.000000e+00 -2.985577e-09
    outer loop
      vertex   -1.624114e+02 4.250002e+01 2.097565e+02
      vertex   -1.624000e+02 4.250002e+01 2.100000e+02
      vertex   -1.600000e+02 4.250002e+01 2.030000e+02
    endloop
  endfacet
  facet normal 5.896571e-08 1.000000e+00 2.259369e-08
    outer loop
      vertex   -1.748173e+02 4.250002e+01 2.125936e+02
      vertex   -1.750610e+02 4.250002e+01 2.125993e+02
      vertex   -1.630000e+02 4.250002e+01 2.200000e+02
    endloop
  endfacet
  facet normal 5.656904e-08 1.000000e+00 2.649955e-08
    outer loop
      vertex   -1.630000e+02 4.250002e+01 2.200000e+02
      vertex   -1.750610e+02 4.250002e+01 2.125993e+02
      vertex   -1.753041e+02 4.250002e+01 2.125822e+02
    endloop
  endfacet
  facet normal 5.309260e-08 1.000000e+00 3.226597e-08
    outer loop
      vertex   -1.630000e+02 4.250002e+01 2.200000e+02
      vertex   -1.753041e+02 4.250002e+01 2.125822e+02
      vertex   -1.755445e+02 4.250002e+01 2.125423e+02
    endloop
  endfacet
  facet normal 6.011096e-08 1.000000e+00 2.046037e-08
    outer loop
      vertex   -1.755445e+02 4.250002e+01 2.125423e+02
      vertex   -2.005080e+02 4.250002e+01 2.145861e+02
      vertex   -1.630000e+02 4.250002e+01 2.200000e+02
    endloop
  endfacet
endsolid
