solid ASCII
  facet normal -9.991458e-01 5.838601e-08 -4.132497e-02
    outer loop
      vertex   -1.580000e+02 3.250002e+01 2.040000e+02
      vertex   -1.580000e+02 3.750002e+01 2.040000e+02
      vertex   -1.579932e+02 3.500002e+01 2.038348e+02
    endloop
  endfacet
  facet normal -9.991458e-01 5.838601e-08 -4.132497e-02
    outer loop
      vertex   -1.579932e+02 3.500002e+01 2.038348e+02
      vertex   -1.580000e+02 3.750002e+01 2.040000e+02
      vertex   -1.579932e+02 3.750001e+01 2.038348e+02
    endloop
  endfacet
  facet normal -9.923206e-01 5.798718e-08 -1.236926e-01
    outer loop
      vertex   -1.579932e+02 3.500002e+01 2.038348e+02
      vertex   -1.579932e+02 3.750001e+01 2.038348e+02
      vertex   -1.579727e+02 3.500002e+01 2.036708e+02
    endloop
  endfacet
  facet normal -9.923206e-01 5.798719e-08 -1.236926e-01
    outer loop
      vertex   -1.579727e+02 3.500002e+01 2.036708e+02
      vertex   -1.579932e+02 3.750001e+01 2.038348e+02
      vertex   -1.579727e+02 3.750001e+01 2.036708e+02
    endloop
  endfacet
  facet normal -9.787168e-01 5.719224e-08 -2.052153e-01
    outer loop
      vertex   -1.579727e+02 3.500002e+01 2.036708e+02
      vertex   -1.579727e+02 3.750001e+01 2.036708e+02
      vertex   -1.579388e+02 3.500002e+01 2.035090e+02
    endloop
  endfacet
  facet normal -9.787168e-01 5.719223e-08 -2.052153e-01
    outer loop
      vertex   -1.579388e+02 3.500002e+01 2.035090e+02
      vertex   -1.579727e+02 3.750001e+01 2.036708e+02
      vertex   -1.579388e+02 3.750001e+01 2.035090e+02
    endloop
  endfacet
  facet normal -9.584275e-01 5.600660e-08 -2.853362e-01
    outer loop
      vertex   -1.579388e+02 3.500002e+01 2.035090e+02
      vertex   -1.579388e+02 3.750001e+01 2.035090e+02
      vertex   -1.578916e+02 3.500002e+01 2.033506e+02
    endloop
  endfacet
  facet normal -9.584275e-01 5.600661e-08 -2.853362e-01
    outer loop
      vertex   -1.578916e+02 3.500002e+01 2.033506e+02
      vertex   -1.579388e+02 3.750001e+01 2.035090e+02
      vertex   -1.578916e+02 3.750001e+01 2.033506e+02
    endloop
  endfacet
  facet normal -9.315911e-01 5.443840e-08 -3.635080e-01
    outer loop
      vertex   -1.578916e+02 3.500002e+01 2.033506e+02
      vertex   -1.578916e+02 3.750001e+01 2.033506e+02
      vertex   -1.578315e+02 3.500002e+01 2.031966e+02
    endloop
  endfacet
  facet normal -9.315911e-01 5.443839e-08 -3.635080e-01
    outer loop
      vertex   -1.578315e+02 3.500002e+01 2.031966e+02
      vertex   -1.578916e+02 3.750001e+01 2.033506e+02
      vertex   -1.578315e+02 3.750001e+01 2.031966e+02
    endloop
  endfacet
  facet normal -8.983910e-01 5.249831e-08 -4.391966e-01
    outer loop
      vertex   -1.578315e+02 3.500002e+01 2.031966e+02
      vertex   -1.578315e+02 3.750001e+01 2.031966e+02
      vertex   -1.577589e+02 3.500002e+01 2.030481e+02
    endloop
  endfacet
  facet normal -8.983910e-01 5.249831e-08 -4.391966e-01
    outer loop
      vertex   -1.577589e+02 3.500002e+01 2.030481e+02
      vertex   -1.578315e+02 3.750001e+01 2.031966e+02
      vertex   -1.577589e+02 3.750001e+01 2.030481e+02
    endloop
  endfacet
  facet normal -8.590540e-01 5.019962e-08 -5.118850e-01
    outer loop
      vertex   -1.577589e+02 3.500002e+01 2.030481e+02
      vertex   -1.577589e+02 3.750001e+01 2.030481e+02
      vertex   -1.576743e+02 3.500002e+01 2.029061e+02
    endloop
  endfacet
  facet normal -8.590540e-01 5.019962e-08 -5.118850e-01
    outer loop
      vertex   -1.576743e+02 3.500002e+01 2.029061e+02
      vertex   -1.577589e+02 3.750001e+01 2.030481e+02
      vertex   -1.576743e+02 3.750001e+01 2.029061e+02
    endloop
  endfacet
  facet normal -8.138487e-01 4.755801e-08 -5.810768e-01
    outer loop
      vertex   -1.576743e+02 3.500002e+01 2.029061e+02
      vertex   -1.576743e+02 3.750001e+01 2.029061e+02
      vertex   -1.575783e+02 3.500002e+01 2.027716e+02
    endloop
  endfacet
  facet normal -8.138487e-01 4.755801e-08 -5.810768e-01
    outer loop
      vertex   -1.575783e+02 3.500002e+01 2.027716e+02
      vertex   -1.576743e+02 3.750001e+01 2.029061e+02
      vertex   -1.575783e+02 3.750001e+01 2.027716e+02
    endloop
  endfacet
  facet normal -7.630841e-01 4.459153e-08 -6.462992e-01
    outer loop
      vertex   -1.575783e+02 3.500002e+01 2.027716e+02
      vertex   -1.575783e+02 3.750001e+01 2.027716e+02
      vertex   -1.574714e+02 3.500002e+01 2.026454e+02
    endloop
  endfacet
  facet normal -7.630841e-01 4.459153e-08 -6.462992e-01
    outer loop
      vertex   -1.574714e+02 3.500002e+01 2.026454e+02
      vertex   -1.575783e+02 3.750001e+01 2.027716e+02
      vertex   -1.574714e+02 3.750001e+01 2.026454e+02
    endloop
  endfacet
  facet normal -7.071068e-01 4.132044e-08 -7.071068e-01
    outer loop
      vertex   -1.574714e+02 3.500002e+01 2.026454e+02
      vertex   -1.574714e+02 3.750001e+01 2.026454e+02
      vertex   -1.573546e+02 3.500002e+01 2.025286e+02
    endloop
  endfacet
  facet normal -7.071068e-01 4.132044e-08 -7.071068e-01
    outer loop
      vertex   -1.573546e+02 3.500002e+01 2.025286e+02
      vertex   -1.574714e+02 3.750001e+01 2.026454e+02
      vertex   -1.573546e+02 3.750001e+01 2.025286e+02
    endloop
  endfacet
  facet normal -6.462992e-01 3.776710e-08 -7.630841e-01
    outer loop
      vertex   -1.573546e+02 3.500002e+01 2.025286e+02
      vertex   -1.573546e+02 3.750001e+01 2.025286e+02
      vertex   -1.572284e+02 3.500002e+01 2.024217e+02
    endloop
  endfacet
  facet normal -6.462992e-01 3.776710e-08 -7.630841e-01
    outer loop
      vertex   -1.572284e+02 3.500002e+01 2.024217e+02
      vertex   -1.573546e+02 3.750001e+01 2.025286e+02
      vertex   -1.572284e+02 3.750001e+01 2.024217e+02
    endloop
  endfacet
  facet normal -5.810768e-01 3.395576e-08 -8.138487e-01
    outer loop
      vertex   -1.572284e+02 3.500002e+01 2.024217e+02
      vertex   -1.572284e+02 3.750001e+01 2.024217e+02
      vertex   -1.570939e+02 3.500002e+01 2.023257e+02
    endloop
  endfacet
  facet normal -5.810768e-01 3.395576e-08 -8.138487e-01
    outer loop
      vertex   -1.570939e+02 3.500002e+01 2.023257e+02
      vertex   -1.572284e+02 3.750001e+01 2.024217e+02
      vertex   -1.570939e+02 3.750001e+01 2.023257e+02
    endloop
  endfacet
  facet normal -5.118850e-01 2.991248e-08 -8.590540e-01
    outer loop
      vertex   -1.570939e+02 3.500002e+01 2.023257e+02
      vertex   -1.570939e+02 3.750001e+01 2.023257e+02
      vertex   -1.569519e+02 3.500002e+01 2.022411e+02
    endloop
  endfacet
  facet normal -5.118850e-01 2.991248e-08 -8.590540e-01
    outer loop
      vertex   -1.569519e+02 3.500002e+01 2.022411e+02
      vertex   -1.570939e+02 3.750001e+01 2.023257e+02
      vertex   -1.569519e+02 3.750001e+01 2.022411e+02
    endloop
  endfacet
  facet normal -4.391966e-01 2.566487e-08 -8.983910e-01
    outer loop
      vertex   -1.569519e+02 3.500002e+01 2.022411e+02
      vertex   -1.569519e+02 3.750001e+01 2.022411e+02
      vertex   -1.568034e+02 3.500002e+01 2.021685e+02
    endloop
  endfacet
  facet normal -4.391966e-01 2.566487e-08 -8.983910e-01
    outer loop
      vertex   -1.568034e+02 3.500002e+01 2.021685e+02
      vertex   -1.569519e+02 3.750001e+01 2.022411e+02
      vertex   -1.568034e+02 3.750001e+01 2.021685e+02
    endloop
  endfacet
  facet normal -3.635080e-01 2.124193e-08 -9.315911e-01
    outer loop
      vertex   -1.568034e+02 3.500002e+01 2.021685e+02
      vertex   -1.568034e+02 3.750001e+01 2.021685e+02
      vertex   -1.566494e+02 3.500002e+01 2.021084e+02
    endloop
  endfacet
  facet normal -3.635080e-01 2.124193e-08 -9.315911e-01
    outer loop
      vertex   -1.566494e+02 3.500002e+01 2.021084e+02
      vertex   -1.568034e+02 3.750001e+01 2.021685e+02
      vertex   -1.566494e+02 3.750001e+01 2.021084e+02
    endloop
  endfacet
  facet normal -2.853362e-01 1.667389e-08 -9.584275e-01
    outer loop
      vertex   -1.566494e+02 3.500002e+01 2.021084e+02
      vertex   -1.566494e+02 3.750001e+01 2.021084e+02
      vertex   -1.564910e+02 3.500002e+01 2.020612e+02
    endloop
  endfacet
  facet normal -2.853362e-01 1.667389e-08 -9.584275e-01
    outer loop
      vertex   -1.564910e+02 3.500002e+01 2.020612e+02
      vertex   -1.566494e+02 3.750001e+01 2.021084e+02
      vertex   -1.564910e+02 3.750001e+01 2.020612e+02
    endloop
  endfacet
  facet normal -2.052153e-01 1.199195e-08 -9.787168e-01
    outer loop
      vertex   -1.564910e+02 3.500002e+01 2.020612e+02
      vertex   -1.564910e+02 3.750001e+01 2.020612e+02
      vertex   -1.563292e+02 3.500002e+01 2.020273e+02
    endloop
  endfacet
  facet normal -2.052153e-01 1.199195e-08 -9.787168e-01
    outer loop
      vertex   -1.563292e+02 3.500002e+01 2.020273e+02
      vertex   -1.564910e+02 3.750001e+01 2.020612e+02
      vertex   -1.563292e+02 3.750001e+01 2.020273e+02
    endloop
  endfacet
  facet normal -1.236926e-01 7.228095e-09 -9.923206e-01
    outer loop
      vertex   -1.563292e+02 3.500002e+01 2.020273e+02
      vertex   -1.563292e+02 3.750001e+01 2.020273e+02
      vertex   -1.561652e+02 3.500002e+01 2.020068e+02
    endloop
  endfacet
  facet normal -1.236926e-01 7.228106e-09 -9.923206e-01
    outer loop
      vertex   -1.561652e+02 3.500002e+01 2.020068e+02
      vertex   -1.563292e+02 3.750001e+01 2.020273e+02
      vertex   -1.561652e+02 3.750001e+01 2.020068e+02
    endloop
  endfacet
  facet normal -4.132497e-02 2.414875e-09 -9.991458e-01
    outer loop
      vertex   -1.561652e+02 3.500002e+01 2.020068e+02
      vertex   -1.561652e+02 3.750001e+01 2.020068e+02
      vertex   -1.560000e+02 3.750001e+01 2.020000e+02
    endloop
  endfacet
  facet normal -4.132497e-02 2.414869e-09 -9.991458e-01
    outer loop
      vertex   -1.560000e+02 3.750001e+01 2.020000e+02
      vertex   -1.560000e+02 3.250002e+01 2.020000e+02
      vertex   -1.561652e+02 3.500002e+01 2.020068e+02
    endloop
  endfacet
  facet normal -4.132497e-02 2.414863e-09 -9.991458e-01
    outer loop
      vertex   -1.561652e+02 3.500002e+01 2.020068e+02
      vertex   -1.560000e+02 3.250002e+01 2.020000e+02
      vertex   -1.561652e+02 3.250002e+01 2.020068e+02
    endloop
  endfacet
  facet normal -1.236926e-01 7.228093e-09 -9.923206e-01
    outer loop
      vertex   -1.561652e+02 3.500002e+01 2.020068e+02
      vertex   -1.561652e+02 3.250002e+01 2.020068e+02
      vertex   -1.563292e+02 3.500002e+01 2.020273e+02
    endloop
  endfacet
  facet normal -1.236926e-01 7.228093e-09 -9.923206e-01
    outer loop
      vertex   -1.563292e+02 3.500002e+01 2.020273e+02
      vertex   -1.561652e+02 3.250002e+01 2.020068e+02
      vertex   -1.563292e+02 3.250002e+01 2.020273e+02
    endloop
  endfacet
  facet normal -2.052153e-01 1.199195e-08 -9.787168e-01
    outer loop
      vertex   -1.563292e+02 3.500002e+01 2.020273e+02
      vertex   -1.563292e+02 3.250002e+01 2.020273e+02
      vertex   -1.564910e+02 3.500002e+01 2.020612e+02
    endloop
  endfacet
  facet normal -2.052153e-01 1.199195e-08 -9.787168e-01
    outer loop
      vertex   -1.564910e+02 3.500002e+01 2.020612e+02
      vertex   -1.563292e+02 3.250002e+01 2.020273e+02
      vertex   -1.564910e+02 3.250002e+01 2.020612e+02
    endloop
  endfacet
  facet normal -2.853362e-01 1.667389e-08 -9.584275e-01
    outer loop
      vertex   -1.564910e+02 3.500002e+01 2.020612e+02
      vertex   -1.564910e+02 3.250002e+01 2.020612e+02
      vertex   -1.566494e+02 3.500002e+01 2.021084e+02
    endloop
  endfacet
  facet normal -2.853362e-01 1.667389e-08 -9.584275e-01
    outer loop
      vertex   -1.566494e+02 3.500002e+01 2.021084e+02
      vertex   -1.564910e+02 3.250002e+01 2.020612e+02
      vertex   -1.566494e+02 3.250002e+01 2.021084e+02
    endloop
  endfacet
  facet normal -3.635080e-01 2.124192e-08 -9.315911e-01
    outer loop
      vertex   -1.566494e+02 3.500002e+01 2.021084e+02
      vertex   -1.566494e+02 3.250002e+01 2.021084e+02
      vertex   -1.568034e+02 3.500002e+01 2.021685e+02
    endloop
  endfacet
  facet normal -3.635080e-01 2.124190e-08 -9.315911e-01
    outer loop
      vertex   -1.568034e+02 3.500002e+01 2.021685e+02
      vertex   -1.566494e+02 3.250002e+01 2.021084e+02
      vertex   -1.568034e+02 3.250002e+01 2.021685e+02
    endloop
  endfacet
  facet normal -4.391966e-01 2.566484e-08 -8.983910e-01
    outer loop
      vertex   -1.568034e+02 3.500002e+01 2.021685e+02
      vertex   -1.568034e+02 3.250002e+01 2.021685e+02
      vertex   -1.569519e+02 3.500002e+01 2.022411e+02
    endloop
  endfacet
  facet normal -4.391966e-01 2.566486e-08 -8.983910e-01
    outer loop
      vertex   -1.569519e+02 3.500002e+01 2.022411e+02
      vertex   -1.568034e+02 3.250002e+01 2.021685e+02
      vertex   -1.569519e+02 3.250002e+01 2.022411e+02
    endloop
  endfacet
  facet normal -5.118850e-01 2.991248e-08 -8.590540e-01
    outer loop
      vertex   -1.569519e+02 3.500002e+01 2.022411e+02
      vertex   -1.569519e+02 3.250002e+01 2.022411e+02
      vertex   -1.570939e+02 3.500002e+01 2.023257e+02
    endloop
  endfacet
  facet normal -5.118850e-01 2.991246e-08 -8.590540e-01
    outer loop
      vertex   -1.570939e+02 3.500002e+01 2.023257e+02
      vertex   -1.569519e+02 3.250002e+01 2.022411e+02
      vertex   -1.570939e+02 3.250002e+01 2.023257e+02
    endloop
  endfacet
  facet normal -5.810768e-01 3.395575e-08 -8.138487e-01
    outer loop
      vertex   -1.570939e+02 3.500002e+01 2.023257e+02
      vertex   -1.570939e+02 3.250002e+01 2.023257e+02
      vertex   -1.572284e+02 3.500002e+01 2.024217e+02
    endloop
  endfacet
  facet normal -5.810768e-01 3.395576e-08 -8.138487e-01
    outer loop
      vertex   -1.572284e+02 3.500002e+01 2.024217e+02
      vertex   -1.570939e+02 3.250002e+01 2.023257e+02
      vertex   -1.572284e+02 3.250002e+01 2.024217e+02
    endloop
  endfacet
  facet normal -6.462992e-01 3.776709e-08 -7.630841e-01
    outer loop
      vertex   -1.572284e+02 3.500002e+01 2.024217e+02
      vertex   -1.572284e+02 3.250002e+01 2.024217e+02
      vertex   -1.573546e+02 3.500002e+01 2.025286e+02
    endloop
  endfacet
  facet normal -6.462992e-01 3.776709e-08 -7.630841e-01
    outer loop
      vertex   -1.573546e+02 3.500002e+01 2.025286e+02
      vertex   -1.572284e+02 3.250002e+01 2.024217e+02
      vertex   -1.573546e+02 3.250002e+01 2.025286e+02
    endloop
  endfacet
  facet normal -7.071068e-01 4.132044e-08 -7.071068e-01
    outer loop
      vertex   -1.573546e+02 3.500002e+01 2.025286e+02
      vertex   -1.573546e+02 3.250002e+01 2.025286e+02
      vertex   -1.574714e+02 3.500002e+01 2.026454e+02
    endloop
  endfacet
  facet normal -7.071068e-01 4.132042e-08 -7.071068e-01
    outer loop
      vertex   -1.574714e+02 3.500002e+01 2.026454e+02
      vertex   -1.573546e+02 3.250002e+01 2.025286e+02
      vertex   -1.574714e+02 3.250002e+01 2.026454e+02
    endloop
  endfacet
  facet normal -7.630841e-01 4.459151e-08 -6.462992e-01
    outer loop
      vertex   -1.574714e+02 3.500002e+01 2.026454e+02
      vertex   -1.574714e+02 3.250002e+01 2.026454e+02
      vertex   -1.575783e+02 3.500002e+01 2.027716e+02
    endloop
  endfacet
  facet normal -7.630841e-01 4.459152e-08 -6.462992e-01
    outer loop
      vertex   -1.575783e+02 3.500002e+01 2.027716e+02
      vertex   -1.574714e+02 3.250002e+01 2.026454e+02
      vertex   -1.575783e+02 3.250002e+01 2.027716e+02
    endloop
  endfacet
  facet normal -8.138487e-01 4.755800e-08 -5.810768e-01
    outer loop
      vertex   -1.575783e+02 3.500002e+01 2.027716e+02
      vertex   -1.575783e+02 3.250002e+01 2.027716e+02
      vertex   -1.576743e+02 3.500002e+01 2.029061e+02
    endloop
  endfacet
  facet normal -8.138487e-01 4.755801e-08 -5.810768e-01
    outer loop
      vertex   -1.576743e+02 3.500002e+01 2.029061e+02
      vertex   -1.575783e+02 3.250002e+01 2.027716e+02
      vertex   -1.576743e+02 3.250002e+01 2.029061e+02
    endloop
  endfacet
  facet normal -8.590540e-01 5.019962e-08 -5.118850e-01
    outer loop
      vertex   -1.576743e+02 3.500002e+01 2.029061e+02
      vertex   -1.576743e+02 3.250002e+01 2.029061e+02
      vertex   -1.577589e+02 3.500002e+01 2.030481e+02
    endloop
  endfacet
  facet normal -8.590540e-01 5.019960e-08 -5.118850e-01
    outer loop
      vertex   -1.577589e+02 3.500002e+01 2.030481e+02
      vertex   -1.576743e+02 3.250002e+01 2.029061e+02
      vertex   -1.577589e+02 3.250002e+01 2.030481e+02
    endloop
  endfacet
  facet normal -8.983910e-01 5.249830e-08 -4.391966e-01
    outer loop
      vertex   -1.577589e+02 3.500002e+01 2.030481e+02
      vertex   -1.577589e+02 3.250002e+01 2.030481e+02
      vertex   -1.578315e+02 3.500002e+01 2.031966e+02
    endloop
  endfacet
  facet normal -8.983910e-01 5.249831e-08 -4.391966e-01
    outer loop
      vertex   -1.578315e+02 3.500002e+01 2.031966e+02
      vertex   -1.577589e+02 3.250002e+01 2.030481e+02
      vertex   -1.578315e+02 3.250002e+01 2.031966e+02
    endloop
  endfacet
  facet normal -9.315911e-01 5.443839e-08 -3.635080e-01
    outer loop
      vertex   -1.578315e+02 3.500002e+01 2.031966e+02
      vertex   -1.578315e+02 3.250002e+01 2.031966e+02
      vertex   -1.578916e+02 3.500002e+01 2.033506e+02
    endloop
  endfacet
  facet normal -9.315911e-01 5.443837e-08 -3.635080e-01
    outer loop
      vertex   -1.578916e+02 3.500002e+01 2.033506e+02
      vertex   -1.578315e+02 3.250002e+01 2.031966e+02
      vertex   -1.578916e+02 3.250002e+01 2.033506e+02
    endloop
  endfacet
  facet normal -9.584275e-01 5.600658e-08 -2.853362e-01
    outer loop
      vertex   -1.578916e+02 3.500002e+01 2.033506e+02
      vertex   -1.578916e+02 3.250002e+01 2.033506e+02
      vertex   -1.579388e+02 3.500002e+01 2.035090e+02
    endloop
  endfacet
  facet normal -9.584275e-01 5.600659e-08 -2.853362e-01
    outer loop
      vertex   -1.579388e+02 3.500002e+01 2.035090e+02
      vertex   -1.578916e+02 3.250002e+01 2.033506e+02
      vertex   -1.579388e+02 3.250002e+01 2.035090e+02
    endloop
  endfacet
  facet normal -9.787168e-01 5.719221e-08 -2.052153e-01
    outer loop
      vertex   -1.579388e+02 3.500002e+01 2.035090e+02
      vertex   -1.579388e+02 3.250002e+01 2.035090e+02
      vertex   -1.579727e+02 3.500002e+01 2.036708e+02
    endloop
  endfacet
  facet normal -9.787168e-01 5.719221e-08 -2.052153e-01
    outer loop
      vertex   -1.579727e+02 3.500002e+01 2.036708e+02
      vertex   -1.579388e+02 3.250002e+01 2.035090e+02
      vertex   -1.579727e+02 3.250002e+01 2.036708e+02
    endloop
  endfacet
  facet normal -9.923206e-01 5.798716e-08 -1.236926e-01
    outer loop
      vertex   -1.579727e+02 3.500002e+01 2.036708e+02
      vertex   -1.579727e+02 3.250002e+01 2.036708e+02
      vertex   -1.579932e+02 3.500002e+01 2.038348e+02
    endloop
  endfacet
  facet normal -9.923206e-01 5.798717e-08 -1.236926e-01
    outer loop
      vertex   -1.579932e+02 3.500002e+01 2.038348e+02
      vertex   -1.579727e+02 3.250002e+01 2.036708e+02
      vertex   -1.579932e+02 3.250002e+01 2.038348e+02
    endloop
  endfacet
  facet normal -9.991458e-01 5.838601e-08 -4.132497e-02
    outer loop
      vertex   -1.579932e+02 3.500002e+01 2.038348e+02
      vertex   -1.579932e+02 3.250002e+01 2.038348e+02
      vertex   -1.580000e+02 3.250002e+01 2.040000e+02
    endloop
  endfacet
  facet normal -1.000000e+00 5.843593e-08 0.000000e+00
    outer loop
      vertex   -1.580000e+02 3.250002e+01 2.040000e+02
      vertex   -1.580000e+02 3.250002e+01 2.300000e+02
      vertex   -1.580000e+02 3.750002e+01 2.040000e+02
    endloop
  endfacet
  facet normal -1.000000e+00 5.843593e-08 0.000000e+00
    outer loop
      vertex   -1.580000e+02 3.750002e+01 2.040000e+02
      vertex   -1.580000e+02 3.250002e+01 2.300000e+02
      vertex   -1.580000e+02 3.750002e+01 2.300000e+02
    endloop
  endfacet
  facet normal -1.267834e-05 -1.000000e+00 -1.573069e-06
    outer loop
      vertex   -1.579932e+02 3.250002e+01 2.038348e+02
      vertex   -1.579727e+02 3.250002e+01 2.036708e+02
      vertex   -1.580000e+02 3.250002e+01 2.040000e+02
    endloop
  endfacet
  facet normal -4.216870e-06 -1.000000e+00 -8.719320e-07
    outer loop
      vertex   -1.580000e+02 3.250002e+01 2.040000e+02
      vertex   -1.579727e+02 3.250002e+01 2.036708e+02
      vertex   -1.579388e+02 3.250002e+01 2.035090e+02
    endloop
  endfacet
  facet normal -2.101528e-06 -1.000000e+00 -6.082549e-07
    outer loop
      vertex   -1.580000e+02 3.250002e+01 2.040000e+02
      vertex   -1.579388e+02 3.250002e+01 2.035090e+02
      vertex   -1.578916e+02 3.250002e+01 2.033506e+02
    endloop
  endfacet
  facet normal -1.255419e-06 -1.000000e+00 -4.670643e-07
    outer loop
      vertex   -1.578916e+02 3.250002e+01 2.033506e+02
      vertex   -1.578315e+02 3.250002e+01 2.031966e+02
      vertex   -1.580000e+02 3.250002e+01 2.040000e+02
    endloop
  endfacet
  facet normal -8.323948e-07 -1.000000e+00 -3.783654e-07
    outer loop
      vertex   -1.580000e+02 3.250002e+01 2.040000e+02
      vertex   -1.578315e+02 3.250002e+01 2.031966e+02
      vertex   -1.577589e+02 3.250002e+01 2.030481e+02
    endloop
  endfacet
  facet normal -5.906983e-07 -1.000000e+00 -3.171595e-07
    outer loop
      vertex   -1.580000e+02 3.250002e+01 2.040000e+02
      vertex   -1.577589e+02 3.250002e+01 2.030481e+02
      vertex   -1.576743e+02 3.250002e+01 2.029061e+02
    endloop
  endfacet
  facet normal -4.396714e-07 -1.000000e+00 -2.721969e-07
    outer loop
      vertex   -1.576743e+02 3.250002e+01 2.029061e+02
      vertex   -1.575783e+02 3.250002e+01 2.027716e+02
      vertex   -1.580000e+02 3.250002e+01 2.040000e+02
    endloop
  endfacet
  facet normal -3.390213e-07 -1.000000e+00 -2.376437e-07
    outer loop
      vertex   -1.580000e+02 3.250002e+01 2.040000e+02
      vertex   -1.575783e+02 3.250002e+01 2.027716e+02
      vertex   -1.574714e+02 3.250002e+01 2.026454e+02
    endloop
  endfacet
  facet normal -2.686018e-07 -1.000000e+00 -2.101659e-07
    outer loop
      vertex   -1.580000e+02 3.250002e+01 2.040000e+02
      vertex   -1.574714e+02 3.250002e+01 2.026454e+02
      vertex   -1.573546e+02 3.250002e+01 2.025286e+02
    endloop
  endfacet
  facet normal -2.174245e-07 -1.000000e+00 -1.877175e-07
    outer loop
      vertex   -1.573546e+02 3.250002e+01 2.025286e+02
      vertex   -1.572284e+02 3.250002e+01 2.024217e+02
      vertex   -1.580000e+02 3.250002e+01 2.040000e+02
    endloop
  endfacet
  facet normal -1.790793e-07 -1.000000e+00 -1.689716e-07
    outer loop
      vertex   -1.580000e+02 3.250002e+01 2.040000e+02
      vertex   -1.572284e+02 3.250002e+01 2.024217e+02
      vertex   -1.570939e+02 3.250002e+01 2.023257e+02
    endloop
  endfacet
  facet normal -1.496221e-07 -1.000000e+00 -1.530302e-07
    outer loop
      vertex   -1.580000e+02 3.250002e+01 2.040000e+02
      vertex   -1.570939e+02 3.250002e+01 2.023257e+02
      vertex   -1.569519e+02 3.250002e+01 2.022411e+02
    endloop
  endfacet
  facet normal -1.265173e-07 -1.000000e+00 -1.392627e-07
    outer loop
      vertex   -1.569519e+02 3.250002e+01 2.022411e+02
      vertex   -1.568034e+02 3.250002e+01 2.021685e+02
      vertex   -1.580000e+02 3.250002e+01 2.040000e+02
    endloop
  endfacet
  facet normal -1.080749e-07 -1.000000e+00 -1.272137e-07
    outer loop
      vertex   -1.580000e+02 3.250002e+01 2.040000e+02
      vertex   -1.568034e+02 3.250002e+01 2.021685e+02
      vertex   -1.566494e+02 3.250002e+01 2.021084e+02
    endloop
  endfacet
  facet normal -2.865017e-08 -1.000000e+00 -7.050552e-08
    outer loop
      vertex   -1.580000e+02 3.250002e+01 2.040000e+02
      vertex   -1.566494e+02 3.250002e+01 2.021084e+02
      vertex   -1.499508e+02 3.250001e+01 2.074005e+02
    endloop
  endfacet
  facet normal -5.642694e-08 -1.000000e+00 -3.534641e-08
    outer loop
      vertex   -1.499508e+02 3.250001e+01 2.074005e+02
      vertex   -1.566494e+02 3.250002e+01 2.021084e+02
      vertex   -1.497543e+02 3.250001e+01 2.074116e+02
    endloop
  endfacet
  facet normal -5.315970e-08 -1.000000e+00 -3.959433e-08
    outer loop
      vertex   -1.497543e+02 3.250001e+01 2.074116e+02
      vertex   -1.566494e+02 3.250002e+01 2.021084e+02
      vertex   -1.495593e+02 3.250001e+01 2.074376e+02
    endloop
  endfacet
  facet normal -5.852524e-08 -1.000000e+00 -3.245595e-08
    outer loop
      vertex   -1.495593e+02 3.250001e+01 2.074376e+02
      vertex   -1.566494e+02 3.250002e+01 2.021084e+02
      vertex   -1.395090e+02 3.250001e+01 2.020612e+02
    endloop
  endfacet
  facet normal -5.354610e-08 -1.000000e+00 -2.314835e-08
    outer loop
      vertex   -1.495593e+02 3.250001e+01 2.074376e+02
      vertex   -1.395090e+02 3.250001e+01 2.020612e+02
      vertex   -1.493668e+02 3.250001e+01 2.074783e+02
    endloop
  endfacet
  facet normal -5.232860e-08 -1.000000e+00 -2.093280e-08
    outer loop
      vertex   -1.493668e+02 3.250001e+01 2.074783e+02
      vertex   -1.395090e+02 3.250001e+01 2.020612e+02
      vertex   -1.491779e+02 3.250001e+01 2.075334e+02
    endloop
  endfacet
  facet normal -5.126997e-08 -1.000000e+00 -1.906232e-08
    outer loop
      vertex   -1.491779e+02 3.250001e+01 2.075334e+02
      vertex   -1.395090e+02 3.250001e+01 2.020612e+02
      vertex   -1.489937e+02 3.250001e+01 2.076026e+02
    endloop
  endfacet
  facet normal -5.032418e-08 -1.000000e+00 -1.744352e-08
    outer loop
      vertex   -1.489937e+02 3.250001e+01 2.076026e+02
      vertex   -1.395090e+02 3.250001e+01 2.020612e+02
      vertex   -1.488152e+02 3.250001e+01 2.076856e+02
    endloop
  endfacet
  facet normal -4.945891e-08 -1.000000e+00 -1.601184e-08
    outer loop
      vertex   -1.488152e+02 3.250001e+01 2.076856e+02
      vertex   -1.395090e+02 3.250001e+01 2.020612e+02
      vertex   -1.486436e+02 3.250001e+01 2.077819e+02
    endloop
  endfacet
  facet normal -4.865024e-08 -1.000000e+00 -1.472058e-08
    outer loop
      vertex   -1.486436e+02 3.250001e+01 2.077819e+02
      vertex   -1.395090e+02 3.250001e+01 2.020612e+02
      vertex   -1.484797e+02 3.250001e+01 2.078908e+02
    endloop
  endfacet
  facet normal -4.787969e-08 -1.000000e+00 -1.353484e-08
    outer loop
      vertex   -1.484797e+02 3.250001e+01 2.078908e+02
      vertex   -1.395090e+02 3.250001e+01 2.020612e+02
      vertex   -1.483246e+02 3.250001e+01 2.080118e+02
    endloop
  endfacet
  facet normal -4.713216e-08 -1.000000e+00 -1.242740e-08
    outer loop
      vertex   -1.483246e+02 3.250001e+01 2.080118e+02
      vertex   -1.395090e+02 3.250001e+01 2.020612e+02
      vertex   -1.481790e+02 3.250001e+01 2.081442e+02
    endloop
  endfacet
  facet normal -4.639468e-08 -1.000000e+00 -1.137629e-08
    outer loop
      vertex   -1.481790e+02 3.250001e+01 2.081442e+02
      vertex   -1.395090e+02 3.250001e+01 2.020612e+02
      vertex   -1.480439e+02 3.250001e+01 2.082872e+02
    endloop
  endfacet
  facet normal -4.565537e-08 -1.000000e+00 -1.036283e-08
    outer loop
      vertex   -1.480439e+02 3.250001e+01 2.082872e+02
      vertex   -1.395090e+02 3.250001e+01 2.020612e+02
      vertex   -1.479199e+02 3.250001e+01 2.084401e+02
    endloop
  endfacet
  facet normal -3.381186e-08 -1.000000e+00 5.253478e-09
    outer loop
      vertex   -1.479199e+02 3.250001e+01 2.084401e+02
      vertex   -1.395090e+02 3.250001e+01 2.020612e+02
      vertex   -1.408827e+02 3.250001e+01 2.085000e+02
    endloop
  endfacet
  facet normal -3.741080e-08 -1.000000e+00 4.279764e-07
    outer loop
      vertex   -1.479199e+02 3.250001e+01 2.084401e+02
      vertex   -1.408827e+02 3.250001e+01 2.085000e+02
      vertex   -1.410298e+02 3.250001e+01 2.085072e+02
    endloop
  endfacet
  facet normal -5.843593e-08 -1.000000e+00 -6.950672e-14
    outer loop
      vertex   -1.566494e+02 3.250002e+01 2.021084e+02
      vertex   -1.564910e+02 3.250002e+01 2.020612e+02
      vertex   -1.395090e+02 3.250001e+01 2.020612e+02
    endloop
  endfacet
  facet normal -5.843593e-08 -1.000000e+00 -4.673193e-14
    outer loop
      vertex   -1.395090e+02 3.250001e+01 2.020612e+02
      vertex   -1.564910e+02 3.250002e+01 2.020612e+02
      vertex   -1.396708e+02 3.250001e+01 2.020273e+02
    endloop
  endfacet
  facet normal -5.843593e-08 -1.000000e+00 -1.638578e-13
    outer loop
      vertex   -1.396708e+02 3.250001e+01 2.020273e+02
      vertex   -1.564910e+02 3.250002e+01 2.020612e+02
      vertex   -1.563292e+02 3.250002e+01 2.020273e+02
    endloop
  endfacet
  facet normal -5.843593e-08 -1.000000e+00 -2.294853e-13
    outer loop
      vertex   -1.396708e+02 3.250001e+01 2.020273e+02
      vertex   -1.563292e+02 3.250002e+01 2.020273e+02
      vertex   -1.398348e+02 3.250001e+01 2.020068e+02
    endloop
  endfacet
  facet normal -5.843593e-08 -1.000000e+00 2.340955e-13
    outer loop
      vertex   -1.398348e+02 3.250001e+01 2.020068e+02
      vertex   -1.563292e+02 3.250002e+01 2.020273e+02
      vertex   -1.561652e+02 3.250002e+01 2.020068e+02
    endloop
  endfacet
  facet normal -5.843593e-08 -1.000000e+00 1.867775e-12
    outer loop
      vertex   -1.398348e+02 3.250001e+01 2.020068e+02
      vertex   -1.561652e+02 3.250002e+01 2.020068e+02
      vertex   -1.400000e+02 3.250001e+01 2.020000e+02
    endloop
  endfacet
  facet normal -5.843593e-08 -1.000000e+00 2.297300e-12
    outer loop
      vertex   -1.400000e+02 3.250001e+01 2.020000e+02
      vertex   -1.561652e+02 3.250002e+01 2.020068e+02
      vertex   -1.560000e+02 3.250002e+01 2.020000e+02
    endloop
  endfacet
  facet normal -2.373884e-08 -1.000000e+00 -1.165454e-07
    outer loop
      vertex   -1.393506e+02 3.250001e+01 2.021084e+02
      vertex   -1.380000e+02 3.250001e+01 2.040000e+02
      vertex   -1.395090e+02 3.250001e+01 2.020612e+02
    endloop
  endfacet
  facet normal -1.554866e-07 -1.000000e+00 -1.400196e-08
    outer loop
      vertex   -1.395090e+02 3.250001e+01 2.020612e+02
      vertex   -1.380000e+02 3.250001e+01 2.040000e+02
      vertex   -1.404473e+02 3.250001e+01 2.085646e+02
    endloop
  endfacet
  facet normal -5.843595e-08 -1.000000e+00 -5.663947e-15
    outer loop
      vertex   -1.395090e+02 3.250001e+01 2.020612e+02
      vertex   -1.404473e+02 3.250001e+01 2.085646e+02
      vertex   -1.405901e+02 3.250001e+01 2.085288e+02
    endloop
  endfacet
  facet normal -8.797021e-09 -1.000000e+00 -1.272136e-07
    outer loop
      vertex   -1.393506e+02 3.250001e+01 2.021084e+02
      vertex   -1.391966e+02 3.250001e+01 2.021685e+02
      vertex   -1.380000e+02 3.250001e+01 2.040000e+02
    endloop
  endfacet
  facet normal 9.645467e-09 -1.000000e+00 -1.392627e-07
    outer loop
      vertex   -1.380000e+02 3.250001e+01 2.040000e+02
      vertex   -1.391966e+02 3.250001e+01 2.021685e+02
      vertex   -1.390481e+02 3.250001e+01 2.022411e+02
    endloop
  endfacet
  facet normal 3.275031e-08 -1.000000e+00 -1.530302e-07
    outer loop
      vertex   -1.380000e+02 3.250001e+01 2.040000e+02
      vertex   -1.390481e+02 3.250001e+01 2.022411e+02
      vertex   -1.389061e+02 3.250001e+01 2.023257e+02
    endloop
  endfacet
  facet normal 6.220745e-08 -1.000000e+00 -1.689716e-07
    outer loop
      vertex   -1.389061e+02 3.250001e+01 2.023257e+02
      vertex   -1.387716e+02 3.250001e+01 2.024217e+02
      vertex   -1.380000e+02 3.250001e+01 2.040000e+02
    endloop
  endfacet
  facet normal 1.005527e-07 -1.000000e+00 -1.877175e-07
    outer loop
      vertex   -1.380000e+02 3.250001e+01 2.040000e+02
      vertex   -1.387716e+02 3.250001e+01 2.024217e+02
      vertex   -1.386454e+02 3.250001e+01 2.025286e+02
    endloop
  endfacet
  facet normal 1.517300e-07 -1.000000e+00 -2.101659e-07
    outer loop
      vertex   -1.380000e+02 3.250001e+01 2.040000e+02
      vertex   -1.386454e+02 3.250001e+01 2.025286e+02
      vertex   -1.385286e+02 3.250001e+01 2.026454e+02
    endloop
  endfacet
  facet normal 2.221494e-07 -1.000000e+00 -2.376436e-07
    outer loop
      vertex   -1.385286e+02 3.250001e+01 2.026454e+02
      vertex   -1.384217e+02 3.250001e+01 2.027716e+02
      vertex   -1.380000e+02 3.250001e+01 2.040000e+02
    endloop
  endfacet
  facet normal 3.227995e-07 -1.000000e+00 -2.721969e-07
    outer loop
      vertex   -1.380000e+02 3.250001e+01 2.040000e+02
      vertex   -1.384217e+02 3.250001e+01 2.027716e+02
      vertex   -1.383257e+02 3.250001e+01 2.029061e+02
    endloop
  endfacet
  facet normal 4.738264e-07 -1.000000e+00 -3.171595e-07
    outer loop
      vertex   -1.380000e+02 3.250001e+01 2.040000e+02
      vertex   -1.383257e+02 3.250001e+01 2.029061e+02
      vertex   -1.382411e+02 3.250001e+01 2.030481e+02
    endloop
  endfacet
  facet normal 7.155227e-07 -1.000000e+00 -3.783654e-07
    outer loop
      vertex   -1.382411e+02 3.250001e+01 2.030481e+02
      vertex   -1.381685e+02 3.250001e+01 2.031966e+02
      vertex   -1.380000e+02 3.250001e+01 2.040000e+02
    endloop
  endfacet
  facet normal 1.138547e-06 -1.000000e+00 -4.670643e-07
    outer loop
      vertex   -1.380000e+02 3.250001e+01 2.040000e+02
      vertex   -1.381685e+02 3.250001e+01 2.031966e+02
      vertex   -1.381084e+02 3.250001e+01 2.033506e+02
    endloop
  endfacet
  facet normal 1.984656e-06 -1.000000e+00 -6.082549e-07
    outer loop
      vertex   -1.380000e+02 3.250001e+01 2.040000e+02
      vertex   -1.381084e+02 3.250001e+01 2.033506e+02
      vertex   -1.380612e+02 3.250001e+01 2.035090e+02
    endloop
  endfacet
  facet normal 4.099999e-06 -1.000000e+00 -8.719321e-07
    outer loop
      vertex   -1.380612e+02 3.250001e+01 2.035090e+02
      vertex   -1.380273e+02 3.250001e+01 2.036708e+02
      vertex   -1.380000e+02 3.250001e+01 2.040000e+02
    endloop
  endfacet
  facet normal 1.256147e-05 -1.000000e+00 -1.573069e-06
    outer loop
      vertex   -1.380000e+02 3.250001e+01 2.040000e+02
      vertex   -1.380273e+02 3.250001e+01 2.036708e+02
      vertex   -1.380068e+02 3.250001e+01 2.038348e+02
    endloop
  endfacet
  facet normal -1.814206e-07 -1.000000e+00 -0.000000e+00
    outer loop
      vertex   -1.380000e+02 3.250001e+01 2.300000e+02
      vertex   -1.394116e+02 3.250001e+01 2.102926e+02
      vertex   -1.380000e+02 3.250001e+01 2.040000e+02
    endloop
  endfacet
  facet normal -4.215168e-07 -1.000000e+00 -5.385793e-08
    outer loop
      vertex   -1.380000e+02 3.250001e+01 2.040000e+02
      vertex   -1.394116e+02 3.250001e+01 2.102926e+02
      vertex   -1.393900e+02 3.250001e+01 2.101470e+02
    endloop
  endfacet
  facet normal -2.179990e-07 -1.000000e+00 -7.838883e-09
    outer loop
      vertex   -1.380000e+02 3.250001e+01 2.040000e+02
      vertex   -1.393900e+02 3.250001e+01 2.101470e+02
      vertex   -1.393827e+02 3.250001e+01 2.100000e+02
    endloop
  endfacet
  facet normal -5.799851e-07 -1.000000e+00 1.029535e-06
    outer loop
      vertex   -1.380068e+02 3.250001e+01 2.301652e+02
      vertex   -1.394473e+02 3.250001e+01 2.294354e+02
      vertex   -1.380000e+02 3.250001e+01 2.300000e+02
    endloop
  endfacet
  facet normal -1.677046e-07 -1.000000e+00 -2.737041e-08
    outer loop
      vertex   -1.380000e+02 3.250001e+01 2.300000e+02
      vertex   -1.394473e+02 3.250001e+01 2.294354e+02
      vertex   -1.394116e+02 3.250001e+01 2.292926e+02
    endloop
  endfacet
  facet normal -1.729111e-07 -1.000000e+00 -1.698075e-08
    outer loop
      vertex   -1.380000e+02 3.250001e+01 2.300000e+02
      vertex   -1.394116e+02 3.250001e+01 2.292926e+02
      vertex   -1.393900e+02 3.250001e+01 2.291470e+02
    endloop
  endfacet
  facet normal -5.843592e-08 -1.000000e+00 1.807476e-14
    outer loop
      vertex   -1.380068e+02 3.250001e+01 2.301652e+02
      vertex   -1.380273e+02 3.250001e+01 2.303292e+02
      vertex   -1.394473e+02 3.250001e+01 2.294354e+02
    endloop
  endfacet
  facet normal -5.843593e-08 -1.000000e+00 3.353512e-14
    outer loop
      vertex   -1.394473e+02 3.250001e+01 2.294354e+02
      vertex   -1.380273e+02 3.250001e+01 2.303292e+02
      vertex   -1.394969e+02 3.250001e+01 2.295740e+02
    endloop
  endfacet
  facet normal -5.843591e-08 -1.000000e+00 -1.410838e-14
    outer loop
      vertex   -1.394969e+02 3.250001e+01 2.295740e+02
      vertex   -1.380273e+02 3.250001e+01 2.303292e+02
      vertex   -1.380612e+02 3.250001e+01 2.304910e+02
    endloop
  endfacet
  facet normal -5.843593e-08 -1.000000e+00 2.071375e-14
    outer loop
      vertex   -1.394969e+02 3.250001e+01 2.295740e+02
      vertex   -1.380612e+02 3.250001e+01 2.304910e+02
      vertex   -1.381084e+02 3.250001e+01 2.306494e+02
    endloop
  endfacet
  facet normal -5.843656e-08 -1.000000e+00 -2.849022e-13
    outer loop
      vertex   -1.381685e+02 3.250001e+01 2.308034e+02
      vertex   -1.382411e+02 3.250001e+01 2.309519e+02
      vertex   -1.381084e+02 3.250001e+01 2.306494e+02
    endloop
  endfacet
  facet normal -5.843610e-08 -1.000000e+00 -8.379656e-14
    outer loop
      vertex   -1.381084e+02 3.250001e+01 2.306494e+02
      vertex   -1.382411e+02 3.250001e+01 2.309519e+02
      vertex   -1.383257e+02 3.250001e+01 2.310939e+02
    endloop
  endfacet
  facet normal -5.843588e-08 -1.000000e+00 2.040361e-14
    outer loop
      vertex   -1.381084e+02 3.250001e+01 2.306494e+02
      vertex   -1.383257e+02 3.250001e+01 2.310939e+02
      vertex   -1.384217e+02 3.250001e+01 2.312284e+02
    endloop
  endfacet
  facet normal -5.843600e-08 -1.000000e+00 -4.498470e-14
    outer loop
      vertex   -1.384217e+02 3.250001e+01 2.312284e+02
      vertex   -1.385286e+02 3.250001e+01 2.313546e+02
      vertex   -1.381084e+02 3.250001e+01 2.306494e+02
    endloop
  endfacet
  facet normal -5.843592e-08 -1.000000e+00 4.357089e-15
    outer loop
      vertex   -1.381084e+02 3.250001e+01 2.306494e+02
      vertex   -1.385286e+02 3.250001e+01 2.313546e+02
      vertex   -1.408827e+02 3.250001e+01 2.305000e+02
    endloop
  endfacet
  facet normal -5.843593e-08 -1.000000e+00 9.672343e-14
    outer loop
      vertex   -1.381084e+02 3.250001e+01 2.306494e+02
      vertex   -1.408827e+02 3.250001e+01 2.305000e+02
      vertex   -1.407357e+02 3.250001e+01 2.304928e+02
    endloop
  endfacet
  facet normal -5.843592e-08 -1.000000e+00 -7.103972e-15
    outer loop
      vertex   -1.385286e+02 3.250001e+01 2.313546e+02
      vertex   -1.386454e+02 3.250001e+01 2.314715e+02
      vertex   -1.408827e+02 3.250001e+01 2.305000e+02
    endloop
  endfacet
  facet normal -5.843591e-08 -1.000000e+00 -1.409364e-14
    outer loop
      vertex   -1.408827e+02 3.250001e+01 2.305000e+02
      vertex   -1.386454e+02 3.250001e+01 2.314715e+02
      vertex   -1.387716e+02 3.250001e+01 2.315783e+02
    endloop
  endfacet
  facet normal -5.843594e-08 -1.000000e+00 3.497126e-14
    outer loop
      vertex   -1.408827e+02 3.250001e+01 2.305000e+02
      vertex   -1.387716e+02 3.250001e+01 2.315783e+02
      vertex   -1.389061e+02 3.250001e+01 2.316743e+02
    endloop
  endfacet
  facet normal -5.843591e-08 -1.000000e+00 -1.069423e-14
    outer loop
      vertex   -1.389061e+02 3.250001e+01 2.316743e+02
      vertex   -1.390481e+02 3.250001e+01 2.317590e+02
      vertex   -1.408827e+02 3.250001e+01 2.305000e+02
    endloop
  endfacet
  facet normal -5.843592e-08 -1.000000e+00 5.052660e-15
    outer loop
      vertex   -1.408827e+02 3.250001e+01 2.305000e+02
      vertex   -1.390481e+02 3.250001e+01 2.317590e+02
      vertex   -1.391966e+02 3.250001e+01 2.318316e+02
    endloop
  endfacet
  facet normal -5.843593e-08 -1.000000e+00 1.378585e-14
    outer loop
      vertex   -1.408827e+02 3.250001e+01 2.305000e+02
      vertex   -1.391966e+02 3.250001e+01 2.318316e+02
      vertex   -1.393506e+02 3.250001e+01 2.318916e+02
    endloop
  endfacet
  facet normal -5.843591e-08 -1.000000e+00 -9.858288e-15
    outer loop
      vertex   -1.393506e+02 3.250001e+01 2.318916e+02
      vertex   -1.395090e+02 3.250001e+01 2.319388e+02
      vertex   -1.408827e+02 3.250001e+01 2.305000e+02
    endloop
  endfacet
  facet normal -5.843593e-08 -1.000000e+00 1.370750e-14
    outer loop
      vertex   -1.408827e+02 3.250001e+01 2.305000e+02
      vertex   -1.395090e+02 3.250001e+01 2.319388e+02
      vertex   -1.396708e+02 3.250001e+01 2.319727e+02
    endloop
  endfacet
  facet normal -5.843595e-08 -1.000000e+00 2.879009e-14
    outer loop
      vertex   -1.408827e+02 3.250001e+01 2.305000e+02
      vertex   -1.396708e+02 3.250001e+01 2.319727e+02
      vertex   -1.398348e+02 3.250001e+01 2.319932e+02
    endloop
  endfacet
  facet normal 9.630214e-07 -1.000000e+00 -7.168464e-07
    outer loop
      vertex   -1.398348e+02 3.250001e+01 2.319932e+02
      vertex   -1.400000e+02 3.250001e+01 2.320000e+02
      vertex   -1.408827e+02 3.250001e+01 2.305000e+02
    endloop
  endfacet
  facet normal -5.258108e-08 -1.000000e+00 -1.191783e-07
    outer loop
      vertex   -1.408827e+02 3.250001e+01 2.305000e+02
      vertex   -1.400000e+02 3.250001e+01 2.320000e+02
      vertex   -1.410298e+02 3.250001e+01 2.304928e+02
    endloop
  endfacet
  facet normal -3.942410e-08 -1.000000e+00 -1.281673e-07
    outer loop
      vertex   -1.410298e+02 3.250001e+01 2.304928e+02
      vertex   -1.400000e+02 3.250001e+01 2.320000e+02
      vertex   -1.411754e+02 3.250001e+01 2.304712e+02
    endloop
  endfacet
  facet normal -2.320904e-08 -1.000000e+00 -1.406335e-07
    outer loop
      vertex   -1.411754e+02 3.250001e+01 2.304712e+02
      vertex   -1.400000e+02 3.250001e+01 2.320000e+02
      vertex   -1.413182e+02 3.250001e+01 2.304354e+02
    endloop
  endfacet
  facet normal -1.603525e-09 -1.000000e+00 -1.588360e-07
    outer loop
      vertex   -1.413182e+02 3.250001e+01 2.304354e+02
      vertex   -1.400000e+02 3.250001e+01 2.320000e+02
      vertex   -1.414568e+02 3.250001e+01 2.303858e+02
    endloop
  endfacet
  facet normal 3.030967e-08 -1.000000e+00 -1.876368e-07
    outer loop
      vertex   -1.414568e+02 3.250001e+01 2.303858e+02
      vertex   -1.400000e+02 3.250001e+01 2.320000e+02
      vertex   -1.415898e+02 3.250001e+01 2.303229e+02
    endloop
  endfacet
  facet normal 8.523889e-08 -1.000000e+00 -2.397069e-07
    outer loop
      vertex   -1.415898e+02 3.250001e+01 2.303229e+02
      vertex   -1.400000e+02 3.250001e+01 2.320000e+02
      vertex   -1.417161e+02 3.250001e+01 2.302472e+02
    endloop
  endfacet
  facet normal 2.097591e-07 -1.000000e+00 -3.616192e-07
    outer loop
      vertex   -1.417161e+02 3.250001e+01 2.302472e+02
      vertex   -1.400000e+02 3.250001e+01 2.320000e+02
      vertex   -1.418343e+02 3.250001e+01 2.301595e+02
    endloop
  endfacet
  facet normal -5.843593e-08 -1.000000e+00 -9.432256e-08
    outer loop
      vertex   -1.418343e+02 3.250001e+01 2.301595e+02
      vertex   -1.400000e+02 3.250001e+01 2.320000e+02
      vertex   -1.560000e+02 3.250002e+01 2.320000e+02
    endloop
  endfacet
  facet normal -4.771750e-08 -1.000000e+00 -1.182594e-08
    outer loop
      vertex   -1.418343e+02 3.250001e+01 2.301595e+02
      vertex   -1.560000e+02 3.250002e+01 2.320000e+02
      vertex   -1.419434e+02 3.250001e+01 2.300607e+02
    endloop
  endfacet
  facet normal -4.745858e-08 -1.000000e+00 -9.949281e-09
    outer loop
      vertex   -1.419434e+02 3.250001e+01 2.300607e+02
      vertex   -1.560000e+02 3.250002e+01 2.320000e+02
      vertex   -1.420422e+02 3.250001e+01 2.299516e+02
    endloop
  endfacet
  facet normal -4.721929e-08 -1.000000e+00 -8.318810e-09
    outer loop
      vertex   -1.420422e+02 3.250001e+01 2.299516e+02
      vertex   -1.560000e+02 3.250002e+01 2.320000e+02
      vertex   -1.421299e+02 3.250001e+01 2.298334e+02
    endloop
  endfacet
  facet normal -4.699136e-08 -1.000000e+00 -6.859661e-09
    outer loop
      vertex   -1.421299e+02 3.250001e+01 2.298334e+02
      vertex   -1.560000e+02 3.250002e+01 2.320000e+02
      vertex   -1.422056e+02 3.250001e+01 2.297071e+02
    endloop
  endfacet
  facet normal -4.676840e-08 -1.000000e+00 -5.518322e-09
    outer loop
      vertex   -1.422056e+02 3.250001e+01 2.297071e+02
      vertex   -1.560000e+02 3.250002e+01 2.320000e+02
      vertex   -1.422685e+02 3.250001e+01 2.295740e+02
    endloop
  endfacet
  facet normal -4.654513e-08 -1.000000e+00 -4.254579e-09
    outer loop
      vertex   -1.422685e+02 3.250001e+01 2.295740e+02
      vertex   -1.560000e+02 3.250002e+01 2.320000e+02
      vertex   -1.423181e+02 3.250001e+01 2.294354e+02
    endloop
  endfacet
  facet normal -4.631667e-08 -1.000000e+00 -3.035730e-09
    outer loop
      vertex   -1.423181e+02 3.250001e+01 2.294354e+02
      vertex   -1.560000e+02 3.250002e+01 2.320000e+02
      vertex   -1.423539e+02 3.250001e+01 2.292926e+02
    endloop
  endfacet
  facet normal -4.607807e-08 -1.000000e+00 -1.833101e-09
    outer loop
      vertex   -1.423539e+02 3.250001e+01 2.292926e+02
      vertex   -1.560000e+02 3.250002e+01 2.320000e+02
      vertex   -1.423755e+02 3.250001e+01 2.291470e+02
    endloop
  endfacet
  facet normal -4.582396e-08 -1.000000e+00 -6.195806e-10
    outer loop
      vertex   -1.423755e+02 3.250001e+01 2.291470e+02
      vertex   -1.560000e+02 3.250002e+01 2.320000e+02
      vertex   -1.423827e+02 3.250001e+01 2.290000e+02
    endloop
  endfacet
  facet normal -4.554797e-08 -1.000000e+00 6.331389e-10
    outer loop
      vertex   -1.423827e+02 3.250001e+01 2.290000e+02
      vertex   -1.560000e+02 3.250002e+01 2.320000e+02
      vertex   -1.423755e+02 3.250001e+01 2.288530e+02
    endloop
  endfacet
  facet normal -4.524216e-08 -1.000000e+00 1.957097e-09
    outer loop
      vertex   -1.423755e+02 3.250001e+01 2.288530e+02
      vertex   -1.560000e+02 3.250002e+01 2.320000e+02
      vertex   -1.423539e+02 3.250001e+01 2.287074e+02
    endloop
  endfacet
  facet normal -4.467941e-08 -1.000000e+00 4.289379e-09
    outer loop
      vertex   -1.423539e+02 3.250001e+01 2.287074e+02
      vertex   -1.560000e+02 3.250002e+01 2.320000e+02
      vertex   -1.499508e+02 3.250001e+01 2.125995e+02
    endloop
  endfacet
  facet normal -4.351126e-08 -1.000000e+00 3.738448e-09
    outer loop
      vertex   -1.423539e+02 3.250001e+01 2.287074e+02
      vertex   -1.499508e+02 3.250001e+01 2.125995e+02
      vertex   -1.423181e+02 3.250001e+01 2.285646e+02
    endloop
  endfacet
  facet normal -4.542738e-08 -1.000000e+00 4.654518e-09
    outer loop
      vertex   -1.423181e+02 3.250001e+01 2.285646e+02
      vertex   -1.499508e+02 3.250001e+01 2.125995e+02
      vertex   -1.422685e+02 3.250001e+01 2.284260e+02
    endloop
  endfacet
  facet normal -4.699051e-08 -1.000000e+00 5.413272e-09
    outer loop
      vertex   -1.422685e+02 3.250001e+01 2.284260e+02
      vertex   -1.499508e+02 3.250001e+01 2.125995e+02
      vertex   -1.422056e+02 3.250001e+01 2.282929e+02
    endloop
  endfacet
  facet normal -4.831441e-08 -1.000000e+00 6.066657e-09
    outer loop
      vertex   -1.422056e+02 3.250001e+01 2.282929e+02
      vertex   -1.499508e+02 3.250001e+01 2.125995e+02
      vertex   -1.421299e+02 3.250001e+01 2.281666e+02
    endloop
  endfacet
  facet normal -4.947189e-08 -1.000000e+00 6.648172e-09
    outer loop
      vertex   -1.421299e+02 3.250001e+01 2.281666e+02
      vertex   -1.499508e+02 3.250001e+01 2.125995e+02
      vertex   -1.420422e+02 3.250001e+01 2.280484e+02
    endloop
  endfacet
  facet normal -5.051285e-08 -1.000000e+00 7.181055e-09
    outer loop
      vertex   -1.420422e+02 3.250001e+01 2.280484e+02
      vertex   -1.499508e+02 3.250001e+01 2.125995e+02
      vertex   -1.419434e+02 3.250001e+01 2.279393e+02
    endloop
  endfacet
  facet normal -5.147307e-08 -1.000000e+00 7.682296e-09
    outer loop
      vertex   -1.419434e+02 3.250001e+01 2.279393e+02
      vertex   -1.499508e+02 3.250001e+01 2.125995e+02
      vertex   -1.418343e+02 3.250001e+01 2.278405e+02
    endloop
  endfacet
  facet normal -5.238010e-08 -1.000000e+00 8.165330e-09
    outer loop
      vertex   -1.418343e+02 3.250001e+01 2.278405e+02
      vertex   -1.499508e+02 3.250001e+01 2.125995e+02
      vertex   -1.417161e+02 3.250001e+01 2.277528e+02
    endloop
  endfacet
  facet normal -5.325639e-08 -1.000000e+00 8.641528e-09
    outer loop
      vertex   -1.417161e+02 3.250001e+01 2.277528e+02
      vertex   -1.499508e+02 3.250001e+01 2.125995e+02
      vertex   -1.415898e+02 3.250001e+01 2.276771e+02
    endloop
  endfacet
  facet normal -5.412181e-08 -1.000000e+00 9.121430e-09
    outer loop
      vertex   -1.415898e+02 3.250001e+01 2.276771e+02
      vertex   -1.499508e+02 3.250001e+01 2.125995e+02
      vertex   -1.414568e+02 3.250001e+01 2.276142e+02
    endloop
  endfacet
  facet normal -5.499542e-08 -1.000000e+00 9.615647e-09
    outer loop
      vertex   -1.414568e+02 3.250001e+01 2.276142e+02
      vertex   -1.499508e+02 3.250001e+01 2.125995e+02
      vertex   -1.413182e+02 3.250001e+01 2.275646e+02
    endloop
  endfacet
  facet normal -5.589703e-08 -1.000000e+00 1.013574e-08
    outer loop
      vertex   -1.413182e+02 3.250001e+01 2.275646e+02
      vertex   -1.499508e+02 3.250001e+01 2.125995e+02
      vertex   -1.411754e+02 3.250001e+01 2.275288e+02
    endloop
  endfacet
  facet normal -5.684939e-08 -1.000000e+00 1.069554e-08
    outer loop
      vertex   -1.411754e+02 3.250001e+01 2.275288e+02
      vertex   -1.499508e+02 3.250001e+01 2.125995e+02
      vertex   -1.410298e+02 3.250001e+01 2.275072e+02
    endloop
  endfacet
  facet normal -5.788019e-08 -1.000000e+00 1.131239e-08
    outer loop
      vertex   -1.410298e+02 3.250001e+01 2.275072e+02
      vertex   -1.499508e+02 3.250001e+01 2.125995e+02
      vertex   -1.408827e+02 3.250001e+01 2.275000e+02
    endloop
  endfacet
  facet normal -5.779587e-08 -1.000000e+00 1.126108e-08
    outer loop
      vertex   -1.408827e+02 3.250001e+01 2.275000e+02
      vertex   -1.499508e+02 3.250001e+01 2.125995e+02
      vertex   -1.497543e+02 3.250001e+01 2.125884e+02
    endloop
  endfacet
  facet normal -5.699852e-08 -1.000000e+00 1.078670e-08
    outer loop
      vertex   -1.408827e+02 3.250001e+01 2.275000e+02
      vertex   -1.497543e+02 3.250001e+01 2.125884e+02
      vertex   -1.495593e+02 3.250001e+01 2.125624e+02
    endloop
  endfacet
  facet normal -1.154892e-06 -1.000000e+00 1.096456e-06
    outer loop
      vertex   -1.561652e+02 3.250002e+01 2.319932e+02
      vertex   -1.580000e+02 3.250002e+01 2.300000e+02
      vertex   -1.560000e+02 3.250002e+01 2.320000e+02
    endloop
  endfacet
  facet normal -5.843593e-08 -1.000000e+00 -2.492884e-16
    outer loop
      vertex   -1.560000e+02 3.250002e+01 2.320000e+02
      vertex   -1.580000e+02 3.250002e+01 2.300000e+02
      vertex   -1.510963e+02 3.250001e+01 2.123576e+02
    endloop
  endfacet
  facet normal -5.843594e-08 -1.000000e+00 -2.918258e-15
    outer loop
      vertex   -1.560000e+02 3.250002e+01 2.320000e+02
      vertex   -1.510963e+02 3.250001e+01 2.123576e+02
      vertex   -1.509149e+02 3.250001e+01 2.124337e+02
    endloop
  endfacet
  facet normal -7.069987e-08 -1.000000e+00 9.838691e-08
    outer loop
      vertex   -1.561652e+02 3.250002e+01 2.319932e+02
      vertex   -1.563292e+02 3.250002e+01 2.319727e+02
      vertex   -1.580000e+02 3.250002e+01 2.300000e+02
    endloop
  endfacet
  facet normal -8.087189e-08 -1.000000e+00 1.070022e-07
    outer loop
      vertex   -1.580000e+02 3.250002e+01 2.300000e+02
      vertex   -1.563292e+02 3.250002e+01 2.319727e+02
      vertex   -1.564910e+02 3.250002e+01 2.319388e+02
    endloop
  endfacet
  facet normal -9.313296e-08 -1.000000e+00 1.165453e-07
    outer loop
      vertex   -1.580000e+02 3.250002e+01 2.300000e+02
      vertex   -1.564910e+02 3.250002e+01 2.319388e+02
      vertex   -1.566494e+02 3.250002e+01 2.318916e+02
    endloop
  endfacet
  facet normal -1.080749e-07 -1.000000e+00 1.272137e-07
    outer loop
      vertex   -1.566494e+02 3.250002e+01 2.318916e+02
      vertex   -1.568034e+02 3.250002e+01 2.318316e+02
      vertex   -1.580000e+02 3.250002e+01 2.300000e+02
    endloop
  endfacet
  facet normal -1.265173e-07 -1.000000e+00 1.392627e-07
    outer loop
      vertex   -1.580000e+02 3.250002e+01 2.300000e+02
      vertex   -1.568034e+02 3.250002e+01 2.318316e+02
      vertex   -1.569519e+02 3.250002e+01 2.317590e+02
    endloop
  endfacet
  facet normal -1.496221e-07 -1.000000e+00 1.530302e-07
    outer loop
      vertex   -1.580000e+02 3.250002e+01 2.300000e+02
      vertex   -1.569519e+02 3.250002e+01 2.317590e+02
      vertex   -1.570939e+02 3.250002e+01 2.316743e+02
    endloop
  endfacet
  facet normal -1.790793e-07 -1.000000e+00 1.689716e-07
    outer loop
      vertex   -1.570939e+02 3.250002e+01 2.316743e+02
      vertex   -1.572284e+02 3.250002e+01 2.315783e+02
      vertex   -1.580000e+02 3.250002e+01 2.300000e+02
    endloop
  endfacet
  facet normal -2.174245e-07 -1.000000e+00 1.877175e-07
    outer loop
      vertex   -1.580000e+02 3.250002e+01 2.300000e+02
      vertex   -1.572284e+02 3.250002e+01 2.315783e+02
      vertex   -1.573546e+02 3.250002e+01 2.314715e+02
    endloop
  endfacet
  facet normal -2.686018e-07 -1.000000e+00 2.101659e-07
    outer loop
      vertex   -1.580000e+02 3.250002e+01 2.300000e+02
      vertex   -1.573546e+02 3.250002e+01 2.314715e+02
      vertex   -1.574714e+02 3.250002e+01 2.313546e+02
    endloop
  endfacet
  facet normal -3.390213e-07 -1.000000e+00 2.376437e-07
    outer loop
      vertex   -1.574714e+02 3.250002e+01 2.313546e+02
      vertex   -1.575783e+02 3.250002e+01 2.312284e+02
      vertex   -1.580000e+02 3.250002e+01 2.300000e+02
    endloop
  endfacet
  facet normal -4.396714e-07 -1.000000e+00 2.721969e-07
    outer loop
      vertex   -1.580000e+02 3.250002e+01 2.300000e+02
      vertex   -1.575783e+02 3.250002e+01 2.312284e+02
      vertex   -1.576743e+02 3.250002e+01 2.310939e+02
    endloop
  endfacet
  facet normal -5.906983e-07 -1.000000e+00 3.171595e-07
    outer loop
      vertex   -1.580000e+02 3.250002e+01 2.300000e+02
      vertex   -1.576743e+02 3.250002e+01 2.310939e+02
      vertex   -1.577589e+02 3.250002e+01 2.309519e+02
    endloop
  endfacet
  facet normal -8.323948e-07 -1.000000e+00 3.783654e-07
    outer loop
      vertex   -1.577589e+02 3.250002e+01 2.309519e+02
      vertex   -1.578315e+02 3.250002e+01 2.308034e+02
      vertex   -1.580000e+02 3.250002e+01 2.300000e+02
    endloop
  endfacet
  facet normal -1.255419e-06 -1.000000e+00 4.670643e-07
    outer loop
      vertex   -1.580000e+02 3.250002e+01 2.300000e+02
      vertex   -1.578315e+02 3.250002e+01 2.308034e+02
      vertex   -1.578916e+02 3.250002e+01 2.306494e+02
    endloop
  endfacet
  facet normal -2.101528e-06 -1.000000e+00 6.082549e-07
    outer loop
      vertex   -1.580000e+02 3.250002e+01 2.300000e+02
      vertex   -1.578916e+02 3.250002e+01 2.306494e+02
      vertex   -1.579388e+02 3.250002e+01 2.304910e+02
    endloop
  endfacet
  facet normal -4.216870e-06 -1.000000e+00 8.719320e-07
    outer loop
      vertex   -1.579388e+02 3.250002e+01 2.304910e+02
      vertex   -1.579727e+02 3.250002e+01 2.303292e+02
      vertex   -1.580000e+02 3.250002e+01 2.300000e+02
    endloop
  endfacet
  facet normal -1.267834e-05 -1.000000e+00 1.573069e-06
    outer loop
      vertex   -1.580000e+02 3.250002e+01 2.300000e+02
      vertex   -1.579727e+02 3.250002e+01 2.303292e+02
      vertex   -1.579932e+02 3.250002e+01 2.301652e+02
    endloop
  endfacet
  facet normal -5.843593e-08 -1.000000e+00 0.000000e+00
    outer loop
      vertex   -1.580000e+02 3.250002e+01 2.040000e+02
      vertex   -1.524817e+02 3.250001e+01 2.107753e+02
      vertex   -1.580000e+02 3.250002e+01 2.300000e+02
    endloop
  endfacet
  facet normal -5.843596e-08 -1.000000e+00 -1.023893e-14
    outer loop
      vertex   -1.580000e+02 3.250002e+01 2.300000e+02
      vertex   -1.524817e+02 3.250001e+01 2.107753e+02
      vertex   -1.524160e+02 3.250001e+01 2.109608e+02
    endloop
  endfacet
  facet normal -5.843590e-08 -1.000000e+00 7.514376e-15
    outer loop
      vertex   -1.580000e+02 3.250002e+01 2.300000e+02
      vertex   -1.524160e+02 3.250001e+01 2.109608e+02
      vertex   -1.523364e+02 3.250001e+01 2.111407e+02
    endloop
  endfacet
  facet normal -1.619232e-07 -1.000000e+00 5.084058e-09
    outer loop
      vertex   -1.393827e+02 3.250001e+01 2.100000e+02
      vertex   -1.393900e+02 3.250001e+01 2.098530e+02
      vertex   -1.380000e+02 3.250001e+01 2.040000e+02
    endloop
  endfacet
  facet normal -1.353125e-07 -1.000000e+00 1.140352e-08
    outer loop
      vertex   -1.380000e+02 3.250001e+01 2.040000e+02
      vertex   -1.393900e+02 3.250001e+01 2.098530e+02
      vertex   -1.394116e+02 3.250001e+01 2.097074e+02
    endloop
  endfacet
  facet normal -1.195371e-07 -1.000000e+00 1.530509e-08
    outer loop
      vertex   -1.380000e+02 3.250001e+01 2.040000e+02
      vertex   -1.394116e+02 3.250001e+01 2.097074e+02
      vertex   -1.394473e+02 3.250001e+01 2.095646e+02
    endloop
  endfacet
  facet normal -1.089250e-07 -1.000000e+00 1.806525e-08
    outer loop
      vertex   -1.394473e+02 3.250001e+01 2.095646e+02
      vertex   -1.394969e+02 3.250001e+01 2.094260e+02
      vertex   -1.380000e+02 3.250001e+01 2.040000e+02
    endloop
  endfacet
  facet normal -1.011606e-07 -1.000000e+00 2.020729e-08
    outer loop
      vertex   -1.380000e+02 3.250001e+01 2.040000e+02
      vertex   -1.394969e+02 3.250001e+01 2.094260e+02
      vertex   -1.395598e+02 3.250001e+01 2.092929e+02
    endloop
  endfacet
  facet normal -9.511989e-08 -1.000000e+00 2.198753e-08
    outer loop
      vertex   -1.380000e+02 3.250001e+01 2.040000e+02
      vertex   -1.395598e+02 3.250001e+01 2.092929e+02
      vertex   -1.396355e+02 3.250001e+01 2.091666e+02
    endloop
  endfacet
  facet normal -9.018780e-08 -1.000000e+00 2.354880e-08
    outer loop
      vertex   -1.396355e+02 3.250001e+01 2.091666e+02
      vertex   -1.397232e+02 3.250001e+01 2.090484e+02
      vertex   -1.380000e+02 3.250001e+01 2.040000e+02
    endloop
  endfacet
  facet normal -8.599650e-08 -1.000000e+00 2.497945e-08
    outer loop
      vertex   -1.380000e+02 3.250001e+01 2.040000e+02
      vertex   -1.397232e+02 3.250001e+01 2.090484e+02
      vertex   -1.398221e+02 3.250001e+01 2.089393e+02
    endloop
  endfacet
  facet normal -8.230893e-08 -1.000000e+00 2.633976e-08
    outer loop
      vertex   -1.380000e+02 3.250001e+01 2.040000e+02
      vertex   -1.398221e+02 3.250001e+01 2.089393e+02
      vertex   -1.399311e+02 3.250001e+01 2.088405e+02
    endloop
  endfacet
  facet normal -7.896133e-08 -1.000000e+00 2.767530e-08
    outer loop
      vertex   -1.399311e+02 3.250001e+01 2.088405e+02
      vertex   -1.400494e+02 3.250001e+01 2.087528e+02
      vertex   -1.380000e+02 3.250001e+01 2.040000e+02
    endloop
  endfacet
  facet normal -7.583250e-08 -1.000000e+00 2.902444e-08
    outer loop
      vertex   -1.380000e+02 3.250001e+01 2.040000e+02
      vertex   -1.400494e+02 3.250001e+01 2.087528e+02
      vertex   -1.401756e+02 3.250001e+01 2.086771e+02
    endloop
  endfacet
  facet normal -7.282511e-08 -1.000000e+00 3.042337e-08
    outer loop
      vertex   -1.380000e+02 3.250001e+01 2.040000e+02
      vertex   -1.401756e+02 3.250001e+01 2.086771e+02
      vertex   -1.403087e+02 3.250001e+01 2.086142e+02
    endloop
  endfacet
  facet normal -6.985355e-08 -1.000000e+00 3.191019e-08
    outer loop
      vertex   -1.403087e+02 3.250001e+01 2.086142e+02
      vertex   -1.404473e+02 3.250001e+01 2.085646e+02
      vertex   -1.380000e+02 3.250001e+01 2.040000e+02
    endloop
  endfacet
  facet normal -5.843592e-08 -1.000000e+00 -1.246330e-15
    outer loop
      vertex   -1.405901e+02 3.250001e+01 2.085288e+02
      vertex   -1.407357e+02 3.250001e+01 2.085072e+02
      vertex   -1.395090e+02 3.250001e+01 2.020612e+02
    endloop
  endfacet
  facet normal -5.843593e-08 -1.000000e+00 -2.626365e-15
    outer loop
      vertex   -1.395090e+02 3.250001e+01 2.020612e+02
      vertex   -1.407357e+02 3.250001e+01 2.085072e+02
      vertex   -1.408827e+02 3.250001e+01 2.085000e+02
    endloop
  endfacet
  facet normal -3.479371e-08 -1.000000e+00 1.593829e-07
    outer loop
      vertex   -1.410298e+02 3.250001e+01 2.085072e+02
      vertex   -1.411754e+02 3.250001e+01 2.085288e+02
      vertex   -1.479199e+02 3.250001e+01 2.084401e+02
    endloop
  endfacet
  facet normal -3.398124e-08 -1.000000e+00 9.762848e-08
    outer loop
      vertex   -1.479199e+02 3.250001e+01 2.084401e+02
      vertex   -1.411754e+02 3.250001e+01 2.085288e+02
      vertex   -1.413182e+02 3.250001e+01 2.085646e+02
    endloop
  endfacet
  facet normal -3.345666e-08 -1.000000e+00 6.981245e-08
    outer loop
      vertex   -1.479199e+02 3.250001e+01 2.084401e+02
      vertex   -1.413182e+02 3.250001e+01 2.085646e+02
      vertex   -1.414568e+02 3.250001e+01 2.086142e+02
    endloop
  endfacet
  facet normal -3.302347e-08 -1.000000e+00 5.373013e-08
    outer loop
      vertex   -1.414568e+02 3.250001e+01 2.086142e+02
      vertex   -1.415898e+02 3.250001e+01 2.086771e+02
      vertex   -1.479199e+02 3.250001e+01 2.084401e+02
    endloop
  endfacet
  facet normal -3.262409e-08 -1.000000e+00 4.306444e-08
    outer loop
      vertex   -1.479199e+02 3.250001e+01 2.084401e+02
      vertex   -1.415898e+02 3.250001e+01 2.086771e+02
      vertex   -1.417161e+02 3.250001e+01 2.087528e+02
    endloop
  endfacet
  facet normal -3.223418e-08 -1.000000e+00 3.532897e-08
    outer loop
      vertex   -1.479199e+02 3.250001e+01 2.084401e+02
      vertex   -1.417161e+02 3.250001e+01 2.087528e+02
      vertex   -1.418343e+02 3.250001e+01 2.088405e+02
    endloop
  endfacet
  facet normal -3.184038e-08 -1.000000e+00 2.934364e-08
    outer loop
      vertex   -1.418343e+02 3.250001e+01 2.088405e+02
      vertex   -1.419434e+02 3.250001e+01 2.089393e+02
      vertex   -1.479199e+02 3.250001e+01 2.084401e+02
    endloop
  endfacet
  facet normal -3.143355e-08 -1.000000e+00 2.447352e-08
    outer loop
      vertex   -1.479199e+02 3.250001e+01 2.084401e+02
      vertex   -1.419434e+02 3.250001e+01 2.089393e+02
      vertex   -1.420422e+02 3.250001e+01 2.090484e+02
    endloop
  endfacet
  facet normal -2.662069e-08 -1.000000e+00 -2.202894e-08
    outer loop
      vertex   -1.479199e+02 3.250001e+01 2.084401e+02
      vertex   -1.420422e+02 3.250001e+01 2.090484e+02
      vertex   -1.478079e+02 3.250001e+01 2.086019e+02
    endloop
  endfacet
  facet normal -2.996231e-08 -1.000000e+00 2.111746e-08
    outer loop
      vertex   -1.478079e+02 3.250001e+01 2.086019e+02
      vertex   -1.420422e+02 3.250001e+01 2.090484e+02
      vertex   -1.421299e+02 3.250001e+01 2.091666e+02
    endloop
  endfacet
  facet normal -2.597010e-08 -1.000000e+00 -1.901819e-08
    outer loop
      vertex   -1.478079e+02 3.250001e+01 2.086019e+02
      vertex   -1.421299e+02 3.250001e+01 2.091666e+02
      vertex   -1.477085e+02 3.250001e+01 2.087717e+02
    endloop
  endfacet
  facet normal -2.858360e-08 -1.000000e+00 1.789285e-08
    outer loop
      vertex   -1.477085e+02 3.250001e+01 2.087717e+02
      vertex   -1.421299e+02 3.250001e+01 2.091666e+02
      vertex   -1.422056e+02 3.250001e+01 2.092929e+02
    endloop
  endfacet
  facet normal -2.535894e-08 -1.000000e+00 -1.614998e-08
    outer loop
      vertex   -1.477085e+02 3.250001e+01 2.087717e+02
      vertex   -1.422056e+02 3.250001e+01 2.092929e+02
      vertex   -1.476221e+02 3.250001e+01 2.089485e+02
    endloop
  endfacet
  facet normal -2.732164e-08 -1.000000e+00 1.471596e-08
    outer loop
      vertex   -1.476221e+02 3.250001e+01 2.089485e+02
      vertex   -1.422056e+02 3.250001e+01 2.092929e+02
      vertex   -1.422685e+02 3.250001e+01 2.094260e+02
    endloop
  endfacet
  facet normal -2.481663e-08 -1.000000e+00 -1.336973e-08
    outer loop
      vertex   -1.476221e+02 3.250001e+01 2.089485e+02
      vertex   -1.422685e+02 3.250001e+01 2.094260e+02
      vertex   -1.475494e+02 3.250001e+01 2.091313e+02
    endloop
  endfacet
  facet normal -2.497941e-08 -1.000000e+00 -1.045219e-08
    outer loop
      vertex   -1.475494e+02 3.250001e+01 2.091313e+02
      vertex   -1.422685e+02 3.250001e+01 2.094260e+02
      vertex   -1.474907e+02 3.250001e+01 2.093192e+02
    endloop
  endfacet
  facet normal -2.543476e-08 -1.000000e+00 1.180799e-08
    outer loop
      vertex   -1.474907e+02 3.250001e+01 2.093192e+02
      vertex   -1.422685e+02 3.250001e+01 2.094260e+02
      vertex   -1.423181e+02 3.250001e+01 2.095646e+02
    endloop
  endfacet
  facet normal -2.450245e-08 -1.000000e+00 -7.841652e-09
    outer loop
      vertex   -1.474907e+02 3.250001e+01 2.093192e+02
      vertex   -1.423181e+02 3.250001e+01 2.095646e+02
      vertex   -1.474464e+02 3.250001e+01 2.095109e+02
    endloop
  endfacet
  facet normal -2.467312e-08 -1.000000e+00 8.457156e-09
    outer loop
      vertex   -1.474464e+02 3.250001e+01 2.095109e+02
      vertex   -1.423181e+02 3.250001e+01 2.095646e+02
      vertex   -1.423539e+02 3.250001e+01 2.097074e+02
    endloop
  endfacet
  facet normal -2.414494e-08 -1.000000e+00 -5.231793e-09
    outer loop
      vertex   -1.474464e+02 3.250001e+01 2.095109e+02
      vertex   -1.423539e+02 3.250001e+01 2.097074e+02
      vertex   -1.474167e+02 3.250001e+01 2.097054e+02
    endloop
  endfacet
  facet normal -2.414895e-08 -1.000000e+00 5.085979e-09
    outer loop
      vertex   -1.474167e+02 3.250001e+01 2.097054e+02
      vertex   -1.423539e+02 3.250001e+01 2.097074e+02
      vertex   -1.423755e+02 3.250001e+01 2.098530e+02
    endloop
  endfacet
  facet normal -2.392344e-08 -1.000000e+00 -2.617648e-09
    outer loop
      vertex   -1.474167e+02 3.250001e+01 2.097054e+02
      vertex   -1.423755e+02 3.250001e+01 2.098530e+02
      vertex   -1.474019e+02 3.250001e+01 2.099016e+02
    endloop
  endfacet
  facet normal -2.388168e-08 -1.000000e+00 1.697535e-09
    outer loop
      vertex   -1.474019e+02 3.250001e+01 2.099016e+02
      vertex   -1.423755e+02 3.250001e+01 2.098530e+02
      vertex   -1.423827e+02 3.250001e+01 2.100000e+02
    endloop
  endfacet
  facet normal -2.384841e-08 -1.000000e+00 0.000000e+00
    outer loop
      vertex   -1.474019e+02 3.250001e+01 2.099016e+02
      vertex   -1.423827e+02 3.250001e+01 2.100000e+02
      vertex   -1.474019e+02 3.250001e+01 2.100984e+02
    endloop
  endfacet
  facet normal -2.388168e-08 -1.000000e+00 -1.697536e-09
    outer loop
      vertex   -1.474019e+02 3.250001e+01 2.100984e+02
      vertex   -1.423827e+02 3.250001e+01 2.100000e+02
      vertex   -1.423755e+02 3.250001e+01 2.101470e+02
    endloop
  endfacet
  facet normal -2.392344e-08 -1.000000e+00 2.617648e-09
    outer loop
      vertex   -1.474019e+02 3.250001e+01 2.100984e+02
      vertex   -1.423755e+02 3.250001e+01 2.101470e+02
      vertex   -1.474167e+02 3.250001e+01 2.102946e+02
    endloop
  endfacet
  facet normal -2.414895e-08 -1.000000e+00 -5.085979e-09
    outer loop
      vertex   -1.474167e+02 3.250001e+01 2.102946e+02
      vertex   -1.423755e+02 3.250001e+01 2.101470e+02
      vertex   -1.423539e+02 3.250001e+01 2.102926e+02
    endloop
  endfacet
  facet normal -2.414495e-08 -1.000000e+00 5.231792e-09
    outer loop
      vertex   -1.474167e+02 3.250001e+01 2.102946e+02
      vertex   -1.423539e+02 3.250001e+01 2.102926e+02
      vertex   -1.474464e+02 3.250001e+01 2.104891e+02
    endloop
  endfacet
  facet normal -2.467312e-08 -1.000000e+00 -8.457157e-09
    outer loop
      vertex   -1.474464e+02 3.250001e+01 2.104891e+02
      vertex   -1.423539e+02 3.250001e+01 2.102926e+02
      vertex   -1.423181e+02 3.250001e+01 2.104354e+02
    endloop
  endfacet
  facet normal -2.450246e-08 -1.000000e+00 7.841651e-09
    outer loop
      vertex   -1.474464e+02 3.250001e+01 2.104891e+02
      vertex   -1.423181e+02 3.250001e+01 2.104354e+02
      vertex   -1.474907e+02 3.250001e+01 2.106808e+02
    endloop
  endfacet
  facet normal -2.543476e-08 -1.000000e+00 -1.180799e-08
    outer loop
      vertex   -1.474907e+02 3.250001e+01 2.106808e+02
      vertex   -1.423181e+02 3.250001e+01 2.104354e+02
      vertex   -1.422685e+02 3.250001e+01 2.105740e+02
    endloop
  endfacet
  facet normal -2.497942e-08 -1.000000e+00 1.045219e-08
    outer loop
      vertex   -1.474907e+02 3.250001e+01 2.106808e+02
      vertex   -1.422685e+02 3.250001e+01 2.105740e+02
      vertex   -1.475494e+02 3.250001e+01 2.108687e+02
    endloop
  endfacet
  facet normal -2.481663e-08 -1.000000e+00 1.336972e-08
    outer loop
      vertex   -1.475494e+02 3.250001e+01 2.108687e+02
      vertex   -1.422685e+02 3.250001e+01 2.105740e+02
      vertex   -1.476221e+02 3.250001e+01 2.110515e+02
    endloop
  endfacet
  facet normal -2.732164e-08 -1.000000e+00 -1.471596e-08
    outer loop
      vertex   -1.476221e+02 3.250001e+01 2.110515e+02
      vertex   -1.422685e+02 3.250001e+01 2.105740e+02
      vertex   -1.422056e+02 3.250001e+01 2.107071e+02
    endloop
  endfacet
  facet normal -2.535895e-08 -1.000000e+00 1.614998e-08
    outer loop
      vertex   -1.476221e+02 3.250001e+01 2.110515e+02
      vertex   -1.422056e+02 3.250001e+01 2.107071e+02
      vertex   -1.477085e+02 3.250001e+01 2.112283e+02
    endloop
  endfacet
  facet normal -2.858359e-08 -1.000000e+00 -1.789285e-08
    outer loop
      vertex   -1.477085e+02 3.250001e+01 2.112283e+02
      vertex   -1.422056e+02 3.250001e+01 2.107071e+02
      vertex   -1.421299e+02 3.250001e+01 2.108334e+02
    endloop
  endfacet
  facet normal -2.597011e-08 -1.000000e+00 1.901819e-08
    outer loop
      vertex   -1.477085e+02 3.250001e+01 2.112283e+02
      vertex   -1.421299e+02 3.250001e+01 2.108334e+02
      vertex   -1.478079e+02 3.250001e+01 2.113981e+02
    endloop
  endfacet
  facet normal -2.996231e-08 -1.000000e+00 -2.111746e-08
    outer loop
      vertex   -1.478079e+02 3.250001e+01 2.113981e+02
      vertex   -1.421299e+02 3.250001e+01 2.108334e+02
      vertex   -1.420422e+02 3.250001e+01 2.109516e+02
    endloop
  endfacet
  facet normal -2.662070e-08 -1.000000e+00 2.202894e-08
    outer loop
      vertex   -1.478079e+02 3.250001e+01 2.113981e+02
      vertex   -1.420422e+02 3.250001e+01 2.109516e+02
      vertex   -1.479199e+02 3.250001e+01 2.115599e+02
    endloop
  endfacet
  facet normal -3.143355e-08 -1.000000e+00 -2.447352e-08
    outer loop
      vertex   -1.479199e+02 3.250001e+01 2.115599e+02
      vertex   -1.420422e+02 3.250001e+01 2.109516e+02
      vertex   -1.419434e+02 3.250001e+01 2.110607e+02
    endloop
  endfacet
  facet normal -3.184037e-08 -1.000000e+00 -2.934364e-08
    outer loop
      vertex   -1.479199e+02 3.250001e+01 2.115599e+02
      vertex   -1.419434e+02 3.250001e+01 2.110607e+02
      vertex   -1.418343e+02 3.250001e+01 2.111595e+02
    endloop
  endfacet
  facet normal -3.223417e-08 -1.000000e+00 -3.532898e-08
    outer loop
      vertex   -1.418343e+02 3.250001e+01 2.111595e+02
      vertex   -1.417161e+02 3.250001e+01 2.112472e+02
      vertex   -1.479199e+02 3.250001e+01 2.115599e+02
    endloop
  endfacet
  facet normal -3.262408e-08 -1.000000e+00 -4.306446e-08
    outer loop
      vertex   -1.479199e+02 3.250001e+01 2.115599e+02
      vertex   -1.417161e+02 3.250001e+01 2.112472e+02
      vertex   -1.415898e+02 3.250001e+01 2.113229e+02
    endloop
  endfacet
  facet normal -3.302345e-08 -1.000000e+00 -5.373016e-08
    outer loop
      vertex   -1.479199e+02 3.250001e+01 2.115599e+02
      vertex   -1.415898e+02 3.250001e+01 2.113229e+02
      vertex   -1.414568e+02 3.250001e+01 2.113858e+02
    endloop
  endfacet
  facet normal -3.345664e-08 -1.000000e+00 -6.981250e-08
    outer loop
      vertex   -1.414568e+02 3.250001e+01 2.113858e+02
      vertex   -1.413182e+02 3.250001e+01 2.114354e+02
      vertex   -1.479199e+02 3.250001e+01 2.115599e+02
    endloop
  endfacet
  facet normal -3.398122e-08 -1.000000e+00 -9.762857e-08
    outer loop
      vertex   -1.479199e+02 3.250001e+01 2.115599e+02
      vertex   -1.413182e+02 3.250001e+01 2.114354e+02
      vertex   -1.411754e+02 3.250001e+01 2.114712e+02
    endloop
  endfacet
  facet normal -3.479367e-08 -1.000000e+00 -1.593831e-07
    outer loop
      vertex   -1.479199e+02 3.250001e+01 2.115599e+02
      vertex   -1.411754e+02 3.250001e+01 2.114712e+02
      vertex   -1.410298e+02 3.250001e+01 2.114928e+02
    endloop
  endfacet
  facet normal -3.741071e-08 -1.000000e+00 -4.279782e-07
    outer loop
      vertex   -1.410298e+02 3.250001e+01 2.114928e+02
      vertex   -1.408827e+02 3.250001e+01 2.115000e+02
      vertex   -1.479199e+02 3.250001e+01 2.115599e+02
    endloop
  endfacet
  facet normal -3.359566e-08 -1.000000e+00 2.014119e-08
    outer loop
      vertex   -1.479199e+02 3.250001e+01 2.115599e+02
      vertex   -1.408827e+02 3.250001e+01 2.115000e+02
      vertex   -1.480439e+02 3.250001e+01 2.117128e+02
    endloop
  endfacet
  facet normal -3.419405e-08 -1.000000e+00 7.281732e-22
    outer loop
      vertex   -1.480439e+02 3.250001e+01 2.117128e+02
      vertex   -1.408827e+02 3.250001e+01 2.115000e+02
      vertex   -1.408827e+02 3.250001e+01 2.275000e+02
    endloop
  endfacet
  facet normal -5.057241e-08 -1.000000e+00 7.429266e-09
    outer loop
      vertex   -1.480439e+02 3.250001e+01 2.117128e+02
      vertex   -1.408827e+02 3.250001e+01 2.275000e+02
      vertex   -1.481790e+02 3.250001e+01 2.118558e+02
    endloop
  endfacet
  facet normal -5.134896e-08 -1.000000e+00 7.791440e-09
    outer loop
      vertex   -1.481790e+02 3.250001e+01 2.118558e+02
      vertex   -1.408827e+02 3.250001e+01 2.275000e+02
      vertex   -1.483246e+02 3.250001e+01 2.119882e+02
    endloop
  endfacet
  facet normal -5.208409e-08 -1.000000e+00 8.144119e-09
    outer loop
      vertex   -1.483246e+02 3.250001e+01 2.119882e+02
      vertex   -1.408827e+02 3.250001e+01 2.275000e+02
      vertex   -1.484797e+02 3.250001e+01 2.121092e+02
    endloop
  endfacet
  facet normal -5.279030e-08 -1.000000e+00 8.492709e-09
    outer loop
      vertex   -1.484797e+02 3.250001e+01 2.121092e+02
      vertex   -1.408827e+02 3.250001e+01 2.275000e+02
      vertex   -1.486436e+02 3.250001e+01 2.122182e+02
    endloop
  endfacet
  facet normal -5.347854e-08 -1.000000e+00 8.842235e-09
    outer loop
      vertex   -1.486436e+02 3.250001e+01 2.122182e+02
      vertex   -1.408827e+02 3.250001e+01 2.275000e+02
      vertex   -1.488152e+02 3.250001e+01 2.123144e+02
    endloop
  endfacet
  facet normal -5.415878e-08 -1.000000e+00 9.197571e-09
    outer loop
      vertex   -1.488152e+02 3.250001e+01 2.123144e+02
      vertex   -1.408827e+02 3.250001e+01 2.275000e+02
      vertex   -1.489937e+02 3.250001e+01 2.123974e+02
    endloop
  endfacet
  facet normal -5.484069e-08 -1.000000e+00 9.563792e-09
    outer loop
      vertex   -1.489937e+02 3.250001e+01 2.123974e+02
      vertex   -1.408827e+02 3.250001e+01 2.275000e+02
      vertex   -1.491779e+02 3.250001e+01 2.124666e+02
    endloop
  endfacet
  facet normal -5.553399e-08 -1.000000e+00 9.946341e-09
    outer loop
      vertex   -1.491779e+02 3.250001e+01 2.124666e+02
      vertex   -1.408827e+02 3.250001e+01 2.275000e+02
      vertex   -1.493668e+02 3.250001e+01 2.125217e+02
    endloop
  endfacet
  facet normal -5.624929e-08 -1.000000e+00 1.035150e-08
    outer loop
      vertex   -1.493668e+02 3.250001e+01 2.125217e+02
      vertex   -1.408827e+02 3.250001e+01 2.275000e+02
      vertex   -1.495593e+02 3.250001e+01 2.125624e+02
    endloop
  endfacet
  facet normal -5.843593e-08 -1.000000e+00 1.245637e-21
    outer loop
      vertex   -1.408827e+02 3.250001e+01 2.115000e+02
      vertex   -1.407357e+02 3.250001e+01 2.114928e+02
      vertex   -1.408827e+02 3.250001e+01 2.275000e+02
    endloop
  endfacet
  facet normal -5.843593e-08 -1.000000e+00 1.244441e-21
    outer loop
      vertex   -1.408827e+02 3.250001e+01 2.275000e+02
      vertex   -1.407357e+02 3.250001e+01 2.114928e+02
      vertex   -1.407357e+02 3.250001e+01 2.275072e+02
    endloop
  endfacet
  facet normal -5.843592e-08 -1.000000e+00 1.244513e-21
    outer loop
      vertex   -1.407357e+02 3.250001e+01 2.275072e+02
      vertex   -1.407357e+02 3.250001e+01 2.114928e+02
      vertex   -1.405901e+02 3.250001e+01 2.114712e+02
    endloop
  endfacet
  facet normal -5.843592e-08 -1.000000e+00 1.137743e-21
    outer loop
      vertex   -1.407357e+02 3.250001e+01 2.275072e+02
      vertex   -1.405901e+02 3.250001e+01 2.114712e+02
      vertex   -1.405901e+02 3.250001e+01 2.275288e+02
    endloop
  endfacet
  facet normal -5.843595e-08 -1.000000e+00 1.137735e-21
    outer loop
      vertex   -1.405901e+02 3.250001e+01 2.275288e+02
      vertex   -1.405901e+02 3.250001e+01 2.114712e+02
      vertex   -1.404473e+02 3.250001e+01 2.114354e+02
    endloop
  endfacet
  facet normal -5.843595e-08 -1.000000e+00 1.132695e-21
    outer loop
      vertex   -1.405901e+02 3.250001e+01 2.275288e+02
      vertex   -1.404473e+02 3.250001e+01 2.114354e+02
      vertex   -1.404473e+02 3.250001e+01 2.275646e+02
    endloop
  endfacet
  facet normal -5.843590e-08 -1.000000e+00 1.132688e-21
    outer loop
      vertex   -1.404473e+02 3.250001e+01 2.275646e+02
      vertex   -1.404473e+02 3.250001e+01 2.114354e+02
      vertex   -1.403087e+02 3.250001e+01 2.113858e+02
    endloop
  endfacet
  facet normal -5.843590e-08 -1.000000e+00 1.228145e-21
    outer loop
      vertex   -1.404473e+02 3.250001e+01 2.275646e+02
      vertex   -1.403087e+02 3.250001e+01 2.113858e+02
      vertex   -1.403087e+02 3.250001e+01 2.276142e+02
    endloop
  endfacet
  facet normal -5.843593e-08 -1.000000e+00 1.228108e-21
    outer loop
      vertex   -1.403087e+02 3.250001e+01 2.276142e+02
      vertex   -1.403087e+02 3.250001e+01 2.113858e+02
      vertex   -1.401756e+02 3.250001e+01 2.113229e+02
    endloop
  endfacet
  facet normal -5.843593e-08 -1.000000e+00 1.218674e-21
    outer loop
      vertex   -1.403087e+02 3.250001e+01 2.276142e+02
      vertex   -1.401756e+02 3.250001e+01 2.113229e+02
      vertex   -1.401756e+02 3.250001e+01 2.276771e+02
    endloop
  endfacet
  facet normal -5.843592e-08 -1.000000e+00 1.218656e-21
    outer loop
      vertex   -1.401756e+02 3.250001e+01 2.276771e+02
      vertex   -1.401756e+02 3.250001e+01 2.113229e+02
      vertex   -1.400494e+02 3.250001e+01 2.112472e+02
    endloop
  endfacet
  facet normal -5.843592e-08 -1.000000e+00 1.106811e-21
    outer loop
      vertex   -1.401756e+02 3.250001e+01 2.276771e+02
      vertex   -1.400494e+02 3.250001e+01 2.112472e+02
      vertex   -1.400494e+02 3.250001e+01 2.277528e+02
    endloop
  endfacet
  facet normal -5.843593e-08 -1.000000e+00 1.106858e-21
    outer loop
      vertex   -1.400494e+02 3.250001e+01 2.277528e+02
      vertex   -1.400494e+02 3.250001e+01 2.112472e+02
      vertex   -1.399311e+02 3.250001e+01 2.111595e+02
    endloop
  endfacet
  facet normal -5.843593e-08 -1.000000e+00 1.194783e-21
    outer loop
      vertex   -1.400494e+02 3.250001e+01 2.277528e+02
      vertex   -1.399311e+02 3.250001e+01 2.111595e+02
      vertex   -1.399311e+02 3.250001e+01 2.278405e+02
    endloop
  endfacet
  facet normal -5.843597e-08 -1.000000e+00 1.194787e-21
    outer loop
      vertex   -1.399311e+02 3.250001e+01 2.278405e+02
      vertex   -1.399311e+02 3.250001e+01 2.111595e+02
      vertex   -1.398221e+02 3.250001e+01 2.110607e+02
    endloop
  endfacet
  facet normal -5.843597e-08 -1.000000e+00 1.180813e-21
    outer loop
      vertex   -1.399311e+02 3.250001e+01 2.278405e+02
      vertex   -1.398221e+02 3.250001e+01 2.110607e+02
      vertex   -1.398221e+02 3.250001e+01 2.279393e+02
    endloop
  endfacet
  facet normal -5.843592e-08 -1.000000e+00 1.180790e-21
    outer loop
      vertex   -1.398221e+02 3.250001e+01 2.279393e+02
      vertex   -1.398221e+02 3.250001e+01 2.110607e+02
      vertex   -1.397232e+02 3.250001e+01 2.109516e+02
    endloop
  endfacet
  facet normal -5.843592e-08 -1.000000e+00 1.165744e-21
    outer loop
      vertex   -1.398221e+02 3.250001e+01 2.279393e+02
      vertex   -1.397232e+02 3.250001e+01 2.109516e+02
      vertex   -1.397232e+02 3.250001e+01 2.280484e+02
    endloop
  endfacet
  facet normal -5.843591e-08 -1.000000e+00 1.165724e-21
    outer loop
      vertex   -1.397232e+02 3.250001e+01 2.280484e+02
      vertex   -1.397232e+02 3.250001e+01 2.109516e+02
      vertex   -1.396355e+02 3.250001e+01 2.108334e+02
    endloop
  endfacet
  facet normal -5.843591e-08 -1.000000e+00 1.149804e-21
    outer loop
      vertex   -1.397232e+02 3.250001e+01 2.280484e+02
      vertex   -1.396355e+02 3.250001e+01 2.108334e+02
      vertex   -1.396355e+02 3.250001e+01 2.281666e+02
    endloop
  endfacet
  facet normal -1.645787e-07 -1.000000e+00 3.238353e-21
    outer loop
      vertex   -1.396355e+02 3.250001e+01 2.281666e+02
      vertex   -1.396355e+02 3.250001e+01 2.108334e+02
      vertex   -1.380000e+02 3.250001e+01 2.300000e+02
    endloop
  endfacet
  facet normal -3.819205e-07 -1.000000e+00 1.938892e-07
    outer loop
      vertex   -1.396355e+02 3.250001e+01 2.281666e+02
      vertex   -1.380000e+02 3.250001e+01 2.300000e+02
      vertex   -1.395598e+02 3.250001e+01 2.282929e+02
    endloop
  endfacet
  facet normal -2.891475e-07 -1.000000e+00 1.091184e-07
    outer loop
      vertex   -1.395598e+02 3.250001e+01 2.282929e+02
      vertex   -1.380000e+02 3.250001e+01 2.300000e+02
      vertex   -1.394969e+02 3.250001e+01 2.284260e+02
    endloop
  endfacet
  facet normal -2.443591e-07 -1.000000e+00 6.652433e-08
    outer loop
      vertex   -1.394969e+02 3.250001e+01 2.284260e+02
      vertex   -1.380000e+02 3.250001e+01 2.300000e+02
      vertex   -1.394473e+02 3.250001e+01 2.285646e+02
    endloop
  endfacet
  facet normal -2.180288e-07 -1.000000e+00 3.997598e-08
    outer loop
      vertex   -1.394473e+02 3.250001e+01 2.285646e+02
      vertex   -1.380000e+02 3.250001e+01 2.300000e+02
      vertex   -1.394116e+02 3.250001e+01 2.287074e+02
    endloop
  endfacet
  facet normal -2.007528e-07 -1.000000e+00 2.111069e-08
    outer loop
      vertex   -1.394116e+02 3.250001e+01 2.287074e+02
      vertex   -1.380000e+02 3.250001e+01 2.300000e+02
      vertex   -1.393900e+02 3.250001e+01 2.288530e+02
    endloop
  endfacet
  facet normal -1.886091e-07 -1.000000e+00 6.395052e-09
    outer loop
      vertex   -1.393900e+02 3.250001e+01 2.288530e+02
      vertex   -1.380000e+02 3.250001e+01 2.300000e+02
      vertex   -1.393827e+02 3.250001e+01 2.290000e+02
    endloop
  endfacet
  facet normal -1.796766e-07 -1.000000e+00 -5.956225e-09
    outer loop
      vertex   -1.393827e+02 3.250001e+01 2.290000e+02
      vertex   -1.380000e+02 3.250001e+01 2.300000e+02
      vertex   -1.393900e+02 3.250001e+01 2.291470e+02
    endloop
  endfacet
  facet normal -7.166398e-08 -1.000000e+00 -7.928592e-09
    outer loop
      vertex   -1.396355e+02 3.250001e+01 2.108334e+02
      vertex   -1.395598e+02 3.250001e+01 2.107071e+02
      vertex   -1.380000e+02 3.250001e+01 2.300000e+02
    endloop
  endfacet
  facet normal -7.468337e-08 -1.000000e+00 -7.684471e-09
    outer loop
      vertex   -1.380000e+02 3.250001e+01 2.300000e+02
      vertex   -1.395598e+02 3.250001e+01 2.107071e+02
      vertex   -1.394969e+02 3.250001e+01 2.105740e+02
    endloop
  endfacet
  facet normal -7.898606e-08 -1.000000e+00 -7.352918e-09
    outer loop
      vertex   -1.380000e+02 3.250001e+01 2.300000e+02
      vertex   -1.394969e+02 3.250001e+01 2.105740e+02
      vertex   -1.394473e+02 3.250001e+01 2.104354e+02
    endloop
  endfacet
  facet normal -8.578294e-08 -1.000000e+00 -6.850108e-09
    outer loop
      vertex   -1.394473e+02 3.250001e+01 2.104354e+02
      vertex   -1.394116e+02 3.250001e+01 2.102926e+02
      vertex   -1.380000e+02 3.250001e+01 2.300000e+02
    endloop
  endfacet
  facet normal -5.843592e-08 -1.000000e+00 1.597331e-14
    outer loop
      vertex   -1.407357e+02 3.250001e+01 2.304928e+02
      vertex   -1.405901e+02 3.250001e+01 2.304712e+02
      vertex   -1.381084e+02 3.250001e+01 2.306494e+02
    endloop
  endfacet
  facet normal -5.843593e-08 -1.000000e+00 9.674000e-14
    outer loop
      vertex   -1.381084e+02 3.250001e+01 2.306494e+02
      vertex   -1.405901e+02 3.250001e+01 2.304712e+02
      vertex   -1.404473e+02 3.250001e+01 2.304354e+02
    endloop
  endfacet
  facet normal -5.843592e-08 -1.000000e+00 -3.310856e-14
    outer loop
      vertex   -1.381084e+02 3.250001e+01 2.306494e+02
      vertex   -1.404473e+02 3.250001e+01 2.304354e+02
      vertex   -1.403087e+02 3.250001e+01 2.303858e+02
    endloop
  endfacet
  facet normal -5.843592e-08 -1.000000e+00 8.956777e-15
    outer loop
      vertex   -1.403087e+02 3.250001e+01 2.303858e+02
      vertex   -1.401756e+02 3.250001e+01 2.303229e+02
      vertex   -1.381084e+02 3.250001e+01 2.306494e+02
    endloop
  endfacet
  facet normal -5.843592e-08 -1.000000e+00 2.124151e-15
    outer loop
      vertex   -1.381084e+02 3.250001e+01 2.306494e+02
      vertex   -1.401756e+02 3.250001e+01 2.303229e+02
      vertex   -1.400494e+02 3.250001e+01 2.302472e+02
    endloop
  endfacet
  facet normal -5.843592e-08 -1.000000e+00 7.590197e-15
    outer loop
      vertex   -1.381084e+02 3.250001e+01 2.306494e+02
      vertex   -1.400494e+02 3.250001e+01 2.302472e+02
      vertex   -1.399311e+02 3.250001e+01 2.301595e+02
    endloop
  endfacet
  facet normal -5.843593e-08 -1.000000e+00 4.034174e-14
    outer loop
      vertex   -1.399311e+02 3.250001e+01 2.301595e+02
      vertex   -1.398221e+02 3.250001e+01 2.300607e+02
      vertex   -1.381084e+02 3.250001e+01 2.306494e+02
    endloop
  endfacet
  facet normal -5.843592e-08 -1.000000e+00 1.993585e-15
    outer loop
      vertex   -1.381084e+02 3.250001e+01 2.306494e+02
      vertex   -1.398221e+02 3.250001e+01 2.300607e+02
      vertex   -1.397232e+02 3.250001e+01 2.299516e+02
    endloop
  endfacet
  facet normal -5.843591e-08 -1.000000e+00 -2.617821e-15
    outer loop
      vertex   -1.381084e+02 3.250001e+01 2.306494e+02
      vertex   -1.397232e+02 3.250001e+01 2.299516e+02
      vertex   -1.396355e+02 3.250001e+01 2.298334e+02
    endloop
  endfacet
  facet normal -5.843592e-08 -1.000000e+00 1.448887e-15
    outer loop
      vertex   -1.396355e+02 3.250001e+01 2.298334e+02
      vertex   -1.395598e+02 3.250001e+01 2.297071e+02
      vertex   -1.381084e+02 3.250001e+01 2.306494e+02
    endloop
  endfacet
  facet normal -5.843592e-08 -1.000000e+00 -3.217165e-17
    outer loop
      vertex   -1.381084e+02 3.250001e+01 2.306494e+02
      vertex   -1.395598e+02 3.250001e+01 2.297071e+02
      vertex   -1.394969e+02 3.250001e+01 2.295740e+02
    endloop
  endfacet
  facet normal -5.843596e-08 -1.000000e+00 2.916415e-14
    outer loop
      vertex   -1.525926e+02 3.250001e+01 2.098034e+02
      vertex   -1.526000e+02 3.250001e+01 2.100000e+02
      vertex   -1.580000e+02 3.250002e+01 2.040000e+02
    endloop
  endfacet
  facet normal -5.843589e-08 -1.000000e+00 -3.172619e-14
    outer loop
      vertex   -1.580000e+02 3.250002e+01 2.040000e+02
      vertex   -1.526000e+02 3.250001e+01 2.100000e+02
      vertex   -1.525926e+02 3.250001e+01 2.101966e+02
    endloop
  endfacet
  facet normal -5.843596e-08 -1.000000e+00 2.959835e-14
    outer loop
      vertex   -1.580000e+02 3.250002e+01 2.040000e+02
      vertex   -1.525926e+02 3.250001e+01 2.101966e+02
      vertex   -1.525703e+02 3.250001e+01 2.103921e+02
    endloop
  endfacet
  facet normal -5.843592e-08 -1.000000e+00 -2.700234e-15
    outer loop
      vertex   -1.525703e+02 3.250001e+01 2.103921e+02
      vertex   -1.525332e+02 3.250001e+01 2.105854e+02
      vertex   -1.580000e+02 3.250002e+01 2.040000e+02
    endloop
  endfacet
  facet normal -5.843595e-08 -1.000000e+00 1.969633e-14
    outer loop
      vertex   -1.580000e+02 3.250002e+01 2.040000e+02
      vertex   -1.525332e+02 3.250001e+01 2.105854e+02
      vertex   -1.524817e+02 3.250001e+01 2.107753e+02
    endloop
  endfacet
  facet normal -5.843594e-08 -1.000000e+00 -4.952375e-15
    outer loop
      vertex   -1.523364e+02 3.250001e+01 2.111407e+02
      vertex   -1.522434e+02 3.250001e+01 2.113142e+02
      vertex   -1.580000e+02 3.250002e+01 2.300000e+02
    endloop
  endfacet
  facet normal -5.843595e-08 -1.000000e+00 -5.943534e-15
    outer loop
      vertex   -1.580000e+02 3.250002e+01 2.300000e+02
      vertex   -1.522434e+02 3.250001e+01 2.113142e+02
      vertex   -1.521376e+02 3.250001e+01 2.114801e+02
    endloop
  endfacet
  facet normal -5.843593e-08 -1.000000e+00 -1.761491e-15
    outer loop
      vertex   -1.580000e+02 3.250002e+01 2.300000e+02
      vertex   -1.521376e+02 3.250001e+01 2.114801e+02
      vertex   -1.520195e+02 3.250001e+01 2.116375e+02
    endloop
  endfacet
  facet normal -5.843590e-08 -1.000000e+00 9.888175e-15
    outer loop
      vertex   -1.520195e+02 3.250001e+01 2.116375e+02
      vertex   -1.518899e+02 3.250001e+01 2.117856e+02
      vertex   -1.580000e+02 3.250002e+01 2.300000e+02
    endloop
  endfacet
  facet normal -5.843595e-08 -1.000000e+00 -8.824603e-15
    outer loop
      vertex   -1.580000e+02 3.250002e+01 2.300000e+02
      vertex   -1.518899e+02 3.250001e+01 2.117856e+02
      vertex   -1.517495e+02 3.250001e+01 2.119234e+02
    endloop
  endfacet
  facet normal -5.843590e-08 -1.000000e+00 7.847470e-15
    outer loop
      vertex   -1.580000e+02 3.250002e+01 2.300000e+02
      vertex   -1.517495e+02 3.250001e+01 2.119234e+02
      vertex   -1.515990e+02 3.250001e+01 2.120502e+02
    endloop
  endfacet
  facet normal -5.843594e-08 -1.000000e+00 -5.286528e-15
    outer loop
      vertex   -1.515990e+02 3.250001e+01 2.120502e+02
      vertex   -1.514394e+02 3.250001e+01 2.121652e+02
      vertex   -1.580000e+02 3.250002e+01 2.300000e+02
    endloop
  endfacet
  facet normal -5.843590e-08 -1.000000e+00 1.014781e-14
    outer loop
      vertex   -1.580000e+02 3.250002e+01 2.300000e+02
      vertex   -1.514394e+02 3.250001e+01 2.121652e+02
      vertex   -1.512715e+02 3.250001e+01 2.122679e+02
    endloop
  endfacet
  facet normal -5.843593e-08 -1.000000e+00 -2.074183e-15
    outer loop
      vertex   -1.580000e+02 3.250002e+01 2.300000e+02
      vertex   -1.512715e+02 3.250001e+01 2.122679e+02
      vertex   -1.510963e+02 3.250001e+01 2.123576e+02
    endloop
  endfacet
  facet normal -5.843591e-08 -1.000000e+00 4.341694e-15
    outer loop
      vertex   -1.509149e+02 3.250001e+01 2.124337e+02
      vertex   -1.507282e+02 3.250001e+01 2.124959e+02
      vertex   -1.560000e+02 3.250002e+01 2.320000e+02
    endloop
  endfacet
  facet normal -5.843595e-08 -1.000000e+00 -6.098066e-15
    outer loop
      vertex   -1.560000e+02 3.250002e+01 2.320000e+02
      vertex   -1.507282e+02 3.250001e+01 2.124959e+02
      vertex   -1.505374e+02 3.250001e+01 2.125439e+02
    endloop
  endfacet
  facet normal -5.843593e-08 -1.000000e+00 -1.202200e-15
    outer loop
      vertex   -1.560000e+02 3.250002e+01 2.320000e+02
      vertex   -1.505374e+02 3.250001e+01 2.125439e+02
      vertex   -1.503434e+02 3.250001e+01 2.125772e+02
    endloop
  endfacet
  facet normal -5.843593e-08 -1.000000e+00 -1.080134e-17
    outer loop
      vertex   -1.503434e+02 3.250001e+01 2.125772e+02
      vertex   -1.501475e+02 3.250001e+01 2.125958e+02
      vertex   -1.560000e+02 3.250002e+01 2.320000e+02
    endloop
  endfacet
  facet normal -5.843592e-08 -1.000000e+00 7.001165e-16
    outer loop
      vertex   -1.560000e+02 3.250002e+01 2.320000e+02
      vertex   -1.501475e+02 3.250001e+01 2.125958e+02
      vertex   -1.499508e+02 3.250001e+01 2.125995e+02
    endloop
  endfacet
  facet normal -5.843592e-08 -1.000000e+00 -5.403536e-15
    outer loop
      vertex   -1.499508e+02 3.250001e+01 2.074005e+02
      vertex   -1.501475e+02 3.250001e+01 2.074042e+02
      vertex   -1.580000e+02 3.250002e+01 2.040000e+02
    endloop
  endfacet
  facet normal -5.843593e-08 -1.000000e+00 -1.389820e-16
    outer loop
      vertex   -1.580000e+02 3.250002e+01 2.040000e+02
      vertex   -1.501475e+02 3.250001e+01 2.074042e+02
      vertex   -1.503434e+02 3.250001e+01 2.074228e+02
    endloop
  endfacet
  facet normal -5.843593e-08 -1.000000e+00 6.819179e-15
    outer loop
      vertex   -1.580000e+02 3.250002e+01 2.040000e+02
      vertex   -1.503434e+02 3.250001e+01 2.074228e+02
      vertex   -1.505374e+02 3.250001e+01 2.074561e+02
    endloop
  endfacet
  facet normal -5.843594e-08 -1.000000e+00 3.233226e-14
    outer loop
      vertex   -1.505374e+02 3.250001e+01 2.074561e+02
      vertex   -1.507282e+02 3.250001e+01 2.075041e+02
      vertex   -1.580000e+02 3.250002e+01 2.040000e+02
    endloop
  endfacet
  facet normal -5.843591e-08 -1.000000e+00 -2.196248e-14
    outer loop
      vertex   -1.580000e+02 3.250002e+01 2.040000e+02
      vertex   -1.507282e+02 3.250001e+01 2.075041e+02
      vertex   -1.509149e+02 3.250001e+01 2.075663e+02
    endloop
  endfacet
  facet normal -5.843593e-08 -1.000000e+00 1.325031e-14
    outer loop
      vertex   -1.580000e+02 3.250002e+01 2.040000e+02
      vertex   -1.509149e+02 3.250001e+01 2.075663e+02
      vertex   -1.510963e+02 3.250001e+01 2.076424e+02
    endloop
  endfacet
  facet normal -5.843593e-08 -1.000000e+00 6.120516e-15
    outer loop
      vertex   -1.510963e+02 3.250001e+01 2.076424e+02
      vertex   -1.512715e+02 3.250001e+01 2.077321e+02
      vertex   -1.580000e+02 3.250002e+01 2.040000e+02
    endloop
  endfacet
  facet normal -5.843591e-08 -1.000000e+00 -2.825366e-14
    outer loop
      vertex   -1.580000e+02 3.250002e+01 2.040000e+02
      vertex   -1.512715e+02 3.250001e+01 2.077321e+02
      vertex   -1.514394e+02 3.250001e+01 2.078348e+02
    endloop
  endfacet
  facet normal -5.843593e-08 -1.000000e+00 1.392918e-14
    outer loop
      vertex   -1.580000e+02 3.250002e+01 2.040000e+02
      vertex   -1.514394e+02 3.250001e+01 2.078348e+02
      vertex   -1.515990e+02 3.250001e+01 2.079498e+02
    endloop
  endfacet
  facet normal -5.843591e-08 -1.000000e+00 -1.960539e-14
    outer loop
      vertex   -1.515990e+02 3.250001e+01 2.079498e+02
      vertex   -1.517495e+02 3.250001e+01 2.080766e+02
      vertex   -1.580000e+02 3.250002e+01 2.040000e+02
    endloop
  endfacet
  facet normal -5.843594e-08 -1.000000e+00 2.092497e-14
    outer loop
      vertex   -1.580000e+02 3.250002e+01 2.040000e+02
      vertex   -1.517495e+02 3.250001e+01 2.080766e+02
      vertex   -1.518899e+02 3.250001e+01 2.082144e+02
    endloop
  endfacet
  facet normal -5.843591e-08 -1.000000e+00 -2.225640e-14
    outer loop
      vertex   -1.580000e+02 3.250002e+01 2.040000e+02
      vertex   -1.518899e+02 3.250001e+01 2.082144e+02
      vertex   -1.520195e+02 3.250001e+01 2.083625e+02
    endloop
  endfacet
  facet normal -5.843593e-08 -1.000000e+00 3.760407e-15
    outer loop
      vertex   -1.520195e+02 3.250001e+01 2.083625e+02
      vertex   -1.521376e+02 3.250001e+01 2.085199e+02
      vertex   -1.580000e+02 3.250002e+01 2.040000e+02
    endloop
  endfacet
  facet normal -5.843594e-08 -1.000000e+00 1.201218e-14
    outer loop
      vertex   -1.580000e+02 3.250002e+01 2.040000e+02
      vertex   -1.521376e+02 3.250001e+01 2.085199e+02
      vertex   -1.522434e+02 3.250001e+01 2.086858e+02
    endloop
  endfacet
  facet normal -5.843593e-08 -1.000000e+00 9.447223e-15
    outer loop
      vertex   -1.580000e+02 3.250002e+01 2.040000e+02
      vertex   -1.522434e+02 3.250001e+01 2.086858e+02
      vertex   -1.523364e+02 3.250001e+01 2.088593e+02
    endloop
  endfacet
  facet normal -5.843591e-08 -1.000000e+00 -1.346912e-14
    outer loop
      vertex   -1.523364e+02 3.250001e+01 2.088593e+02
      vertex   -1.524160e+02 3.250001e+01 2.090392e+02
      vertex   -1.580000e+02 3.250002e+01 2.040000e+02
    endloop
  endfacet
  facet normal -5.843594e-08 -1.000000e+00 1.713310e-14
    outer loop
      vertex   -1.580000e+02 3.250002e+01 2.040000e+02
      vertex   -1.524160e+02 3.250001e+01 2.090392e+02
      vertex   -1.524817e+02 3.250001e+01 2.092247e+02
    endloop
  endfacet
  facet normal -5.843592e-08 -1.000000e+00 -1.045010e-14
    outer loop
      vertex   -1.580000e+02 3.250002e+01 2.040000e+02
      vertex   -1.524817e+02 3.250001e+01 2.092247e+02
      vertex   -1.525332e+02 3.250001e+01 2.094146e+02
    endloop
  endfacet
  facet normal -5.843593e-08 -1.000000e+00 1.745946e-15
    outer loop
      vertex   -1.525332e+02 3.250001e+01 2.094146e+02
      vertex   -1.525703e+02 3.250001e+01 2.096079e+02
      vertex   -1.580000e+02 3.250002e+01 2.040000e+02
    endloop
  endfacet
  facet normal -5.843590e-08 -1.000000e+00 -2.292449e-14
    outer loop
      vertex   -1.580000e+02 3.250002e+01 2.040000e+02
      vertex   -1.525703e+02 3.250001e+01 2.096079e+02
      vertex   -1.525926e+02 3.250001e+01 2.098034e+02
    endloop
  endfacet
  facet normal 4.132497e-02 -2.414857e-09 -9.991458e-01
    outer loop
      vertex   -1.400000e+02 3.250001e+01 2.020000e+02
      vertex   -1.400000e+02 3.750001e+01 2.020000e+02
      vertex   -1.398348e+02 3.500001e+01 2.020068e+02
    endloop
  endfacet
  facet normal 4.132497e-02 -2.414852e-09 -9.991458e-01
    outer loop
      vertex   -1.398348e+02 3.500001e+01 2.020068e+02
      vertex   -1.400000e+02 3.750001e+01 2.020000e+02
      vertex   -1.398348e+02 3.750001e+01 2.020068e+02
    endloop
  endfacet
  facet normal 1.236926e-01 -7.228083e-09 -9.923206e-01
    outer loop
      vertex   -1.398348e+02 3.500001e+01 2.020068e+02
      vertex   -1.398348e+02 3.750001e+01 2.020068e+02
      vertex   -1.396708e+02 3.500001e+01 2.020273e+02
    endloop
  endfacet
  facet normal 1.236926e-01 -7.228094e-09 -9.923206e-01
    outer loop
      vertex   -1.396708e+02 3.500001e+01 2.020273e+02
      vertex   -1.398348e+02 3.750001e+01 2.020068e+02
      vertex   -1.396708e+02 3.750001e+01 2.020273e+02
    endloop
  endfacet
  facet normal 2.052153e-01 -1.199195e-08 -9.787168e-01
    outer loop
      vertex   -1.396708e+02 3.500001e+01 2.020273e+02
      vertex   -1.396708e+02 3.750001e+01 2.020273e+02
      vertex   -1.395090e+02 3.500001e+01 2.020612e+02
    endloop
  endfacet
  facet normal 2.052153e-01 -1.199195e-08 -9.787168e-01
    outer loop
      vertex   -1.395090e+02 3.500001e+01 2.020612e+02
      vertex   -1.396708e+02 3.750001e+01 2.020273e+02
      vertex   -1.395090e+02 3.750001e+01 2.020612e+02
    endloop
  endfacet
  facet normal 2.853362e-01 -1.667388e-08 -9.584275e-01
    outer loop
      vertex   -1.395090e+02 3.500001e+01 2.020612e+02
      vertex   -1.395090e+02 3.750001e+01 2.020612e+02
      vertex   -1.393506e+02 3.500001e+01 2.021084e+02
    endloop
  endfacet
  facet normal 2.853362e-01 -1.667389e-08 -9.584275e-01
    outer loop
      vertex   -1.393506e+02 3.500001e+01 2.021084e+02
      vertex   -1.395090e+02 3.750001e+01 2.020612e+02
      vertex   -1.393506e+02 3.750001e+01 2.021084e+02
    endloop
  endfacet
  facet normal 3.635080e-01 -2.124193e-08 -9.315911e-01
    outer loop
      vertex   -1.393506e+02 3.500001e+01 2.021084e+02
      vertex   -1.393506e+02 3.750001e+01 2.021084e+02
      vertex   -1.391966e+02 3.500001e+01 2.021685e+02
    endloop
  endfacet
  facet normal 3.635080e-01 -2.124193e-08 -9.315911e-01
    outer loop
      vertex   -1.391966e+02 3.500001e+01 2.021685e+02
      vertex   -1.393506e+02 3.750001e+01 2.021084e+02
      vertex   -1.391966e+02 3.750001e+01 2.021685e+02
    endloop
  endfacet
  facet normal 4.391966e-01 -2.566486e-08 -8.983910e-01
    outer loop
      vertex   -1.391966e+02 3.500001e+01 2.021685e+02
      vertex   -1.391966e+02 3.750001e+01 2.021685e+02
      vertex   -1.390481e+02 3.500001e+01 2.022411e+02
    endloop
  endfacet
  facet normal 4.391966e-01 -2.566486e-08 -8.983910e-01
    outer loop
      vertex   -1.390481e+02 3.500001e+01 2.022411e+02
      vertex   -1.391966e+02 3.750001e+01 2.021685e+02
      vertex   -1.390481e+02 3.750001e+01 2.022411e+02
    endloop
  endfacet
  facet normal 5.118850e-01 -2.991247e-08 -8.590540e-01
    outer loop
      vertex   -1.390481e+02 3.500001e+01 2.022411e+02
      vertex   -1.390481e+02 3.750001e+01 2.022411e+02
      vertex   -1.389061e+02 3.500001e+01 2.023257e+02
    endloop
  endfacet
  facet normal 5.118850e-01 -2.991248e-08 -8.590540e-01
    outer loop
      vertex   -1.389061e+02 3.500001e+01 2.023257e+02
      vertex   -1.390481e+02 3.750001e+01 2.022411e+02
      vertex   -1.389061e+02 3.750001e+01 2.023257e+02
    endloop
  endfacet
  facet normal 5.810768e-01 -3.395576e-08 -8.138487e-01
    outer loop
      vertex   -1.389061e+02 3.500001e+01 2.023257e+02
      vertex   -1.389061e+02 3.750001e+01 2.023257e+02
      vertex   -1.387716e+02 3.500001e+01 2.024217e+02
    endloop
  endfacet
  facet normal 5.810768e-01 -3.395576e-08 -8.138487e-01
    outer loop
      vertex   -1.387716e+02 3.500001e+01 2.024217e+02
      vertex   -1.389061e+02 3.750001e+01 2.023257e+02
      vertex   -1.387716e+02 3.750001e+01 2.024217e+02
    endloop
  endfacet
  facet normal 6.462992e-01 -3.776710e-08 -7.630841e-01
    outer loop
      vertex   -1.387716e+02 3.500001e+01 2.024217e+02
      vertex   -1.387716e+02 3.750001e+01 2.024217e+02
      vertex   -1.386454e+02 3.500001e+01 2.025286e+02
    endloop
  endfacet
  facet normal 6.462992e-01 -3.776710e-08 -7.630841e-01
    outer loop
      vertex   -1.386454e+02 3.500001e+01 2.025286e+02
      vertex   -1.387716e+02 3.750001e+01 2.024217e+02
      vertex   -1.386454e+02 3.750001e+01 2.025286e+02
    endloop
  endfacet
  facet normal 7.071068e-01 -4.132045e-08 -7.071068e-01
    outer loop
      vertex   -1.386454e+02 3.500001e+01 2.025286e+02
      vertex   -1.386454e+02 3.750001e+01 2.025286e+02
      vertex   -1.385286e+02 3.500001e+01 2.026454e+02
    endloop
  endfacet
  facet normal 7.071068e-01 -4.132045e-08 -7.071068e-01
    outer loop
      vertex   -1.385286e+02 3.500001e+01 2.026454e+02
      vertex   -1.386454e+02 3.750001e+01 2.025286e+02
      vertex   -1.385286e+02 3.750001e+01 2.026454e+02
    endloop
  endfacet
  facet normal 7.630841e-01 -4.459154e-08 -6.462992e-01
    outer loop
      vertex   -1.385286e+02 3.500001e+01 2.026454e+02
      vertex   -1.385286e+02 3.750001e+01 2.026454e+02
      vertex   -1.384217e+02 3.500001e+01 2.027716e+02
    endloop
  endfacet
  facet normal 7.630841e-01 -4.459153e-08 -6.462992e-01
    outer loop
      vertex   -1.384217e+02 3.500001e+01 2.027716e+02
      vertex   -1.385286e+02 3.750001e+01 2.026454e+02
      vertex   -1.384217e+02 3.750001e+01 2.027716e+02
    endloop
  endfacet
  facet normal 8.138487e-01 -4.755801e-08 -5.810768e-01
    outer loop
      vertex   -1.384217e+02 3.500001e+01 2.027716e+02
      vertex   -1.384217e+02 3.750001e+01 2.027716e+02
      vertex   -1.383257e+02 3.500001e+01 2.029061e+02
    endloop
  endfacet
  facet normal 8.138487e-01 -4.755801e-08 -5.810768e-01
    outer loop
      vertex   -1.383257e+02 3.500001e+01 2.029061e+02
      vertex   -1.384217e+02 3.750001e+01 2.027716e+02
      vertex   -1.383257e+02 3.750001e+01 2.029061e+02
    endloop
  endfacet
  facet normal 8.590540e-01 -5.019962e-08 -5.118850e-01
    outer loop
      vertex   -1.383257e+02 3.500001e+01 2.029061e+02
      vertex   -1.383257e+02 3.750001e+01 2.029061e+02
      vertex   -1.382411e+02 3.500001e+01 2.030481e+02
    endloop
  endfacet
  facet normal 8.590540e-01 -5.019962e-08 -5.118850e-01
    outer loop
      vertex   -1.382411e+02 3.500001e+01 2.030481e+02
      vertex   -1.383257e+02 3.750001e+01 2.029061e+02
      vertex   -1.382411e+02 3.750001e+01 2.030481e+02
    endloop
  endfacet
  facet normal 8.983910e-01 -5.249831e-08 -4.391966e-01
    outer loop
      vertex   -1.382411e+02 3.500001e+01 2.030481e+02
      vertex   -1.382411e+02 3.750001e+01 2.030481e+02
      vertex   -1.381685e+02 3.500001e+01 2.031966e+02
    endloop
  endfacet
  facet normal 8.983910e-01 -5.249832e-08 -4.391966e-01
    outer loop
      vertex   -1.381685e+02 3.500001e+01 2.031966e+02
      vertex   -1.382411e+02 3.750001e+01 2.030481e+02
      vertex   -1.381685e+02 3.750001e+01 2.031966e+02
    endloop
  endfacet
  facet normal 9.315911e-01 -5.443840e-08 -3.635080e-01
    outer loop
      vertex   -1.381685e+02 3.500001e+01 2.031966e+02
      vertex   -1.381685e+02 3.750001e+01 2.031966e+02
      vertex   -1.381084e+02 3.500001e+01 2.033506e+02
    endloop
  endfacet
  facet normal 9.315911e-01 -5.443839e-08 -3.635080e-01
    outer loop
      vertex   -1.381084e+02 3.500001e+01 2.033506e+02
      vertex   -1.381685e+02 3.750001e+01 2.031966e+02
      vertex   -1.381084e+02 3.750001e+01 2.033506e+02
    endloop
  endfacet
  facet normal 9.584275e-01 -5.600660e-08 -2.853362e-01
    outer loop
      vertex   -1.381084e+02 3.500001e+01 2.033506e+02
      vertex   -1.381084e+02 3.750001e+01 2.033506e+02
      vertex   -1.380612e+02 3.500001e+01 2.035090e+02
    endloop
  endfacet
  facet normal 9.584275e-01 -5.600660e-08 -2.853362e-01
    outer loop
      vertex   -1.380612e+02 3.500001e+01 2.035090e+02
      vertex   -1.381084e+02 3.750001e+01 2.033506e+02
      vertex   -1.380612e+02 3.750001e+01 2.035090e+02
    endloop
  endfacet
  facet normal 9.787168e-01 -5.719223e-08 -2.052153e-01
    outer loop
      vertex   -1.380612e+02 3.500001e+01 2.035090e+02
      vertex   -1.380612e+02 3.750001e+01 2.035090e+02
      vertex   -1.380273e+02 3.500001e+01 2.036708e+02
    endloop
  endfacet
  facet normal 9.787168e-01 -5.719223e-08 -2.052153e-01
    outer loop
      vertex   -1.380273e+02 3.500001e+01 2.036708e+02
      vertex   -1.380612e+02 3.750001e+01 2.035090e+02
      vertex   -1.380273e+02 3.750001e+01 2.036708e+02
    endloop
  endfacet
  facet normal 9.923206e-01 -5.798717e-08 -1.236926e-01
    outer loop
      vertex   -1.380273e+02 3.500001e+01 2.036708e+02
      vertex   -1.380273e+02 3.750001e+01 2.036708e+02
      vertex   -1.380068e+02 3.500001e+01 2.038348e+02
    endloop
  endfacet
  facet normal 9.923206e-01 -5.798717e-08 -1.236926e-01
    outer loop
      vertex   -1.380068e+02 3.500001e+01 2.038348e+02
      vertex   -1.380273e+02 3.750001e+01 2.036708e+02
      vertex   -1.380068e+02 3.750001e+01 2.038348e+02
    endloop
  endfacet
  facet normal 9.991458e-01 -5.838601e-08 -4.132497e-02
    outer loop
      vertex   -1.380068e+02 3.500001e+01 2.038348e+02
      vertex   -1.380068e+02 3.750001e+01 2.038348e+02
      vertex   -1.380000e+02 3.750001e+01 2.040000e+02
    endloop
  endfacet
  facet normal 9.991458e-01 -5.838600e-08 -4.132497e-02
    outer loop
      vertex   -1.380000e+02 3.750001e+01 2.040000e+02
      vertex   -1.380000e+02 3.250001e+01 2.040000e+02
      vertex   -1.380068e+02 3.500001e+01 2.038348e+02
    endloop
  endfacet
  facet normal 9.991458e-01 -5.838600e-08 -4.132497e-02
    outer loop
      vertex   -1.380068e+02 3.500001e+01 2.038348e+02
      vertex   -1.380000e+02 3.250001e+01 2.040000e+02
      vertex   -1.380068e+02 3.250001e+01 2.038348e+02
    endloop
  endfacet
  facet normal 9.923206e-01 -5.798717e-08 -1.236926e-01
    outer loop
      vertex   -1.380068e+02 3.500001e+01 2.038348e+02
      vertex   -1.380068e+02 3.250001e+01 2.038348e+02
      vertex   -1.380273e+02 3.500001e+01 2.036708e+02
    endloop
  endfacet
  facet normal 9.923206e-01 -5.798716e-08 -1.236926e-01
    outer loop
      vertex   -1.380273e+02 3.500001e+01 2.036708e+02
      vertex   -1.380068e+02 3.250001e+01 2.038348e+02
      vertex   -1.380273e+02 3.250001e+01 2.036708e+02
    endloop
  endfacet
  facet normal 9.787168e-01 -5.719222e-08 -2.052153e-01
    outer loop
      vertex   -1.380273e+02 3.500001e+01 2.036708e+02
      vertex   -1.380273e+02 3.250001e+01 2.036708e+02
      vertex   -1.380612e+02 3.500001e+01 2.035090e+02
    endloop
  endfacet
  facet normal 9.787168e-01 -5.719222e-08 -2.052153e-01
    outer loop
      vertex   -1.380612e+02 3.500001e+01 2.035090e+02
      vertex   -1.380273e+02 3.250001e+01 2.036708e+02
      vertex   -1.380612e+02 3.250001e+01 2.035090e+02
    endloop
  endfacet
  facet normal 9.584275e-01 -5.600659e-08 -2.853362e-01
    outer loop
      vertex   -1.380612e+02 3.500001e+01 2.035090e+02
      vertex   -1.380612e+02 3.250001e+01 2.035090e+02
      vertex   -1.381084e+02 3.500001e+01 2.033506e+02
    endloop
  endfacet
  facet normal 9.584275e-01 -5.600659e-08 -2.853362e-01
    outer loop
      vertex   -1.381084e+02 3.500001e+01 2.033506e+02
      vertex   -1.380612e+02 3.250001e+01 2.035090e+02
      vertex   -1.381084e+02 3.250001e+01 2.033506e+02
    endloop
  endfacet
  facet normal 9.315911e-01 -5.443838e-08 -3.635080e-01
    outer loop
      vertex   -1.381084e+02 3.500001e+01 2.033506e+02
      vertex   -1.381084e+02 3.250001e+01 2.033506e+02
      vertex   -1.381685e+02 3.500001e+01 2.031966e+02
    endloop
  endfacet
  facet normal 9.315911e-01 -5.443837e-08 -3.635080e-01
    outer loop
      vertex   -1.381685e+02 3.500001e+01 2.031966e+02
      vertex   -1.381084e+02 3.250001e+01 2.033506e+02
      vertex   -1.381685e+02 3.250001e+01 2.031966e+02
    endloop
  endfacet
  facet normal 8.983910e-01 -5.249829e-08 -4.391966e-01
    outer loop
      vertex   -1.381685e+02 3.500001e+01 2.031966e+02
      vertex   -1.381685e+02 3.250001e+01 2.031966e+02
      vertex   -1.382411e+02 3.500001e+01 2.030481e+02
    endloop
  endfacet
  facet normal 8.983910e-01 -5.249829e-08 -4.391966e-01
    outer loop
      vertex   -1.382411e+02 3.500001e+01 2.030481e+02
      vertex   -1.381685e+02 3.250001e+01 2.031966e+02
      vertex   -1.382411e+02 3.250001e+01 2.030481e+02
    endloop
  endfacet
  facet normal 8.590540e-01 -5.019960e-08 -5.118850e-01
    outer loop
      vertex   -1.382411e+02 3.500001e+01 2.030481e+02
      vertex   -1.382411e+02 3.250001e+01 2.030481e+02
      vertex   -1.383257e+02 3.500001e+01 2.029061e+02
    endloop
  endfacet
  facet normal 8.590540e-01 -5.019960e-08 -5.118850e-01
    outer loop
      vertex   -1.383257e+02 3.500001e+01 2.029061e+02
      vertex   -1.382411e+02 3.250001e+01 2.030481e+02
      vertex   -1.383257e+02 3.250001e+01 2.029061e+02
    endloop
  endfacet
  facet normal 8.138487e-01 -4.755799e-08 -5.810768e-01
    outer loop
      vertex   -1.383257e+02 3.500001e+01 2.029061e+02
      vertex   -1.383257e+02 3.250001e+01 2.029061e+02
      vertex   -1.384217e+02 3.500001e+01 2.027716e+02
    endloop
  endfacet
  facet normal 8.138487e-01 -4.755799e-08 -5.810768e-01
    outer loop
      vertex   -1.384217e+02 3.500001e+01 2.027716e+02
      vertex   -1.383257e+02 3.250001e+01 2.029061e+02
      vertex   -1.384217e+02 3.250001e+01 2.027716e+02
    endloop
  endfacet
  facet normal 7.630841e-01 -4.459151e-08 -6.462992e-01
    outer loop
      vertex   -1.384217e+02 3.500001e+01 2.027716e+02
      vertex   -1.384217e+02 3.250001e+01 2.027716e+02
      vertex   -1.385286e+02 3.500001e+01 2.026454e+02
    endloop
  endfacet
  facet normal 7.630841e-01 -4.459152e-08 -6.462992e-01
    outer loop
      vertex   -1.385286e+02 3.500001e+01 2.026454e+02
      vertex   -1.384217e+02 3.250001e+01 2.027716e+02
      vertex   -1.385286e+02 3.250001e+01 2.026454e+02
    endloop
  endfacet
  facet normal 7.071068e-01 -4.132044e-08 -7.071068e-01
    outer loop
      vertex   -1.385286e+02 3.500001e+01 2.026454e+02
      vertex   -1.385286e+02 3.250001e+01 2.026454e+02
      vertex   -1.386454e+02 3.500001e+01 2.025286e+02
    endloop
  endfacet
  facet normal 7.071068e-01 -4.132044e-08 -7.071068e-01
    outer loop
      vertex   -1.386454e+02 3.500001e+01 2.025286e+02
      vertex   -1.385286e+02 3.250001e+01 2.026454e+02
      vertex   -1.386454e+02 3.250001e+01 2.025286e+02
    endloop
  endfacet
  facet normal 6.462992e-01 -3.776709e-08 -7.630841e-01
    outer loop
      vertex   -1.386454e+02 3.500001e+01 2.025286e+02
      vertex   -1.386454e+02 3.250001e+01 2.025286e+02
      vertex   -1.387716e+02 3.500001e+01 2.024217e+02
    endloop
  endfacet
  facet normal 6.462992e-01 -3.776709e-08 -7.630841e-01
    outer loop
      vertex   -1.387716e+02 3.500001e+01 2.024217e+02
      vertex   -1.386454e+02 3.250001e+01 2.025286e+02
      vertex   -1.387716e+02 3.250001e+01 2.024217e+02
    endloop
  endfacet
  facet normal 5.810768e-01 -3.395576e-08 -8.138487e-01
    outer loop
      vertex   -1.387716e+02 3.500001e+01 2.024217e+02
      vertex   -1.387716e+02 3.250001e+01 2.024217e+02
      vertex   -1.389061e+02 3.500001e+01 2.023257e+02
    endloop
  endfacet
  facet normal 5.810768e-01 -3.395576e-08 -8.138487e-01
    outer loop
      vertex   -1.389061e+02 3.500001e+01 2.023257e+02
      vertex   -1.387716e+02 3.250001e+01 2.024217e+02
      vertex   -1.389061e+02 3.250001e+01 2.023257e+02
    endloop
  endfacet
  facet normal 5.118850e-01 -2.991247e-08 -8.590540e-01
    outer loop
      vertex   -1.389061e+02 3.500001e+01 2.023257e+02
      vertex   -1.389061e+02 3.250001e+01 2.023257e+02
      vertex   -1.390481e+02 3.500001e+01 2.022411e+02
    endloop
  endfacet
  facet normal 5.118850e-01 -2.991247e-08 -8.590540e-01
    outer loop
      vertex   -1.390481e+02 3.500001e+01 2.022411e+02
      vertex   -1.389061e+02 3.250001e+01 2.023257e+02
      vertex   -1.390481e+02 3.250001e+01 2.022411e+02
    endloop
  endfacet
  facet normal 4.391966e-01 -2.566486e-08 -8.983910e-01
    outer loop
      vertex   -1.390481e+02 3.500001e+01 2.022411e+02
      vertex   -1.390481e+02 3.250001e+01 2.022411e+02
      vertex   -1.391966e+02 3.500001e+01 2.021685e+02
    endloop
  endfacet
  facet normal 4.391966e-01 -2.566486e-08 -8.983910e-01
    outer loop
      vertex   -1.391966e+02 3.500001e+01 2.021685e+02
      vertex   -1.390481e+02 3.250001e+01 2.022411e+02
      vertex   -1.391966e+02 3.250001e+01 2.021685e+02
    endloop
  endfacet
  facet normal 3.635080e-01 -2.124192e-08 -9.315911e-01
    outer loop
      vertex   -1.391966e+02 3.500001e+01 2.021685e+02
      vertex   -1.391966e+02 3.250001e+01 2.021685e+02
      vertex   -1.393506e+02 3.500001e+01 2.021084e+02
    endloop
  endfacet
  facet normal 3.635080e-01 -2.124193e-08 -9.315911e-01
    outer loop
      vertex   -1.393506e+02 3.500001e+01 2.021084e+02
      vertex   -1.391966e+02 3.250001e+01 2.021685e+02
      vertex   -1.393506e+02 3.250001e+01 2.021084e+02
    endloop
  endfacet
  facet normal 2.853362e-01 -1.667389e-08 -9.584275e-01
    outer loop
      vertex   -1.393506e+02 3.500001e+01 2.021084e+02
      vertex   -1.393506e+02 3.250001e+01 2.021084e+02
      vertex   -1.395090e+02 3.500001e+01 2.020612e+02
    endloop
  endfacet
  facet normal 2.853362e-01 -1.667389e-08 -9.584275e-01
    outer loop
      vertex   -1.395090e+02 3.500001e+01 2.020612e+02
      vertex   -1.393506e+02 3.250001e+01 2.021084e+02
      vertex   -1.395090e+02 3.250001e+01 2.020612e+02
    endloop
  endfacet
  facet normal 2.052153e-01 -1.199195e-08 -9.787168e-01
    outer loop
      vertex   -1.395090e+02 3.500001e+01 2.020612e+02
      vertex   -1.395090e+02 3.250001e+01 2.020612e+02
      vertex   -1.396708e+02 3.500001e+01 2.020273e+02
    endloop
  endfacet
  facet normal 2.052153e-01 -1.199195e-08 -9.787168e-01
    outer loop
      vertex   -1.396708e+02 3.500001e+01 2.020273e+02
      vertex   -1.395090e+02 3.250001e+01 2.020612e+02
      vertex   -1.396708e+02 3.250001e+01 2.020273e+02
    endloop
  endfacet
  facet normal 1.236926e-01 -7.228093e-09 -9.923206e-01
    outer loop
      vertex   -1.396708e+02 3.500001e+01 2.020273e+02
      vertex   -1.396708e+02 3.250001e+01 2.020273e+02
      vertex   -1.398348e+02 3.500001e+01 2.020068e+02
    endloop
  endfacet
  facet normal 1.236926e-01 -7.228094e-09 -9.923206e-01
    outer loop
      vertex   -1.398348e+02 3.500001e+01 2.020068e+02
      vertex   -1.396708e+02 3.250001e+01 2.020273e+02
      vertex   -1.398348e+02 3.250001e+01 2.020068e+02
    endloop
  endfacet
  facet normal 4.132497e-02 -2.414863e-09 -9.991458e-01
    outer loop
      vertex   -1.398348e+02 3.500001e+01 2.020068e+02
      vertex   -1.398348e+02 3.250001e+01 2.020068e+02
      vertex   -1.400000e+02 3.250001e+01 2.020000e+02
    endloop
  endfacet
  facet normal 1.000000e+00 -5.843592e-08 0.000000e+00
    outer loop
      vertex   -1.380000e+02 3.750001e+01 2.040000e+02
      vertex   -1.380000e+02 3.750001e+01 2.090000e+02
      vertex   -1.380000e+02 3.250001e+01 2.040000e+02
    endloop
  endfacet
  facet normal 1.000000e+00 -5.843592e-08 0.000000e+00
    outer loop
      vertex   -1.380000e+02 3.250001e+01 2.040000e+02
      vertex   -1.380000e+02 3.750001e+01 2.090000e+02
      vertex   -1.380000e+02 3.250001e+01 2.300000e+02
    endloop
  endfacet
  facet normal 1.000000e+00 -5.843593e-08 -1.276404e-15
    outer loop
      vertex   -1.380000e+02 3.250001e+01 2.300000e+02
      vertex   -1.380000e+02 3.750001e+01 2.090000e+02
      vertex   -1.380000e+02 4.150001e+01 2.300000e+02
    endloop
  endfacet
  facet normal 1.000000e+00 -5.843593e-08 0.000000e+00
    outer loop
      vertex   -1.380000e+02 4.150001e+01 2.300000e+02
      vertex   -1.380000e+02 3.750001e+01 2.090000e+02
      vertex   -1.380000e+02 4.150001e+01 2.090000e+02
    endloop
  endfacet
  facet normal 3.321698e-22 5.684343e-15 -1.000000e+00
    outer loop
      vertex   -1.560000e+02 3.250002e+01 2.020000e+02
      vertex   -1.560000e+02 3.750001e+01 2.020000e+02
      vertex   -1.400000e+02 3.250001e+01 2.020000e+02
    endloop
  endfacet
  facet normal 0.000000e+00 5.684342e-15 -1.000000e+00
    outer loop
      vertex   -1.400000e+02 3.250001e+01 2.020000e+02
      vertex   -1.560000e+02 3.750001e+01 2.020000e+02
      vertex   -1.400000e+02 3.750001e+01 2.020000e+02
    endloop
  endfacet
  facet normal -9.987955e-01 5.836554e-08 4.906767e-02
    outer loop
      vertex   -1.393900e+02 3.250001e+01 2.098530e+02
      vertex   -1.393827e+02 3.250001e+01 2.100000e+02
      vertex   -1.393827e+02 3.550001e+01 2.100000e+02
    endloop
  endfacet
  facet normal -9.987955e-01 5.836554e-08 -4.906767e-02
    outer loop
      vertex   -1.393827e+02 3.550001e+01 2.100000e+02
      vertex   -1.393827e+02 3.250001e+01 2.100000e+02
      vertex   -1.393900e+02 3.250001e+01 2.101470e+02
    endloop
  endfacet
  facet normal -9.987569e-01 -3.817344e-05 -4.984589e-02
    outer loop
      vertex   -1.393827e+02 3.550001e+01 2.100000e+02
      vertex   -1.393900e+02 3.250001e+01 2.101470e+02
      vertex   -1.393902e+02 3.550001e+01 2.101494e+02
    endloop
  endfacet
  facet normal -9.891765e-01 3.768323e-05 -1.467305e-01
    outer loop
      vertex   -1.393902e+02 3.550001e+01 2.101494e+02
      vertex   -1.393900e+02 3.250001e+01 2.101470e+02
      vertex   -1.394116e+02 3.250001e+01 2.102926e+02
    endloop
  endfacet
  facet normal -9.888308e-01 -7.519304e-05 -1.490423e-01
    outer loop
      vertex   -1.393902e+02 3.550001e+01 2.101494e+02
      vertex   -1.394116e+02 3.250001e+01 2.102926e+02
      vertex   -1.394125e+02 3.550001e+01 2.102972e+02
    endloop
  endfacet
  facet normal -9.700313e-01 7.409471e-05 -2.429802e-01
    outer loop
      vertex   -1.394125e+02 3.550001e+01 2.102972e+02
      vertex   -1.394116e+02 3.250001e+01 2.102926e+02
      vertex   -1.394473e+02 3.250001e+01 2.104354e+02
    endloop
  endfacet
  facet normal -9.690773e-01 -1.110004e-04 -2.467574e-01
    outer loop
      vertex   -1.394125e+02 3.550001e+01 2.102972e+02
      vertex   -1.394473e+02 3.250001e+01 2.104354e+02
      vertex   -1.394494e+02 3.550001e+01 2.104421e+02
    endloop
  endfacet
  facet normal -9.415441e-01 1.092927e-04 -3.368899e-01
    outer loop
      vertex   -1.394494e+02 3.550001e+01 2.104421e+02
      vertex   -1.394473e+02 3.250001e+01 2.104354e+02
      vertex   -1.394969e+02 3.250001e+01 2.105740e+02
    endloop
  endfacet
  facet normal -9.396926e-01 -1.455953e-04 -3.420201e-01
    outer loop
      vertex   -1.394494e+02 3.550001e+01 2.104421e+02
      vertex   -1.394969e+02 3.250001e+01 2.105740e+02
      vertex   -1.395005e+02 3.550001e+01 2.105827e+02
    endloop
  endfacet
  facet normal -9.039893e-01 1.432772e-04 -4.275551e-01
    outer loop
      vertex   -1.395005e+02 3.550001e+01 2.105827e+02
      vertex   -1.394969e+02 3.250001e+01 2.105740e+02
      vertex   -1.395598e+02 3.250001e+01 2.107071e+02
    endloop
  endfacet
  facet normal -9.009689e-01 -1.789777e-04 -4.338837e-01
    outer loop
      vertex   -1.395005e+02 3.550001e+01 2.105827e+02
      vertex   -1.395598e+02 3.250001e+01 2.107071e+02
      vertex   -1.395654e+02 3.550001e+01 2.107174e+02
    endloop
  endfacet
  facet normal -8.577286e-01 1.760481e-04 -5.141027e-01
    outer loop
      vertex   -1.395654e+02 3.550001e+01 2.107174e+02
      vertex   -1.395598e+02 3.250001e+01 2.107071e+02
      vertex   -1.396355e+02 3.250001e+01 2.108334e+02
    endloop
  endfacet
  facet normal -8.532909e-01 -2.111475e-04 -5.214352e-01
    outer loop
      vertex   -1.395654e+02 3.550001e+01 2.107174e+02
      vertex   -1.396355e+02 3.250001e+01 2.108334e+02
      vertex   -1.396434e+02 3.550001e+01 2.108450e+02
    endloop
  endfacet
  facet normal -8.032075e-01 2.076054e-04 -5.956993e-01
    outer loop
      vertex   -1.396434e+02 3.550001e+01 2.108450e+02
      vertex   -1.396355e+02 3.250001e+01 2.108334e+02
      vertex   -1.397232e+02 3.250001e+01 2.109516e+02
    endloop
  endfacet
  facet normal -7.971325e-01 -2.421046e-04 -6.038044e-01
    outer loop
      vertex   -1.396434e+02 3.550001e+01 2.108450e+02
      vertex   -1.397232e+02 3.250001e+01 2.109516e+02
      vertex   -1.397337e+02 3.550001e+01 2.109642e+02
    endloop
  endfacet
  facet normal -7.409511e-01 2.379490e-04 -6.715589e-01
    outer loop
      vertex   -1.397337e+02 3.550001e+01 2.109642e+02
      vertex   -1.397232e+02 3.250001e+01 2.109516e+02
      vertex   -1.398221e+02 3.250001e+01 2.110607e+02
    endloop
  endfacet
  facet normal -7.330518e-01 -2.718489e-04 -6.801727e-01
    outer loop
      vertex   -1.397337e+02 3.550001e+01 2.109642e+02
      vertex   -1.398221e+02 3.250001e+01 2.110607e+02
      vertex   -1.398354e+02 3.550001e+01 2.110738e+02
    endloop
  endfacet
  facet normal -6.715589e-01 2.670788e-04 -7.409511e-01
    outer loop
      vertex   -1.398354e+02 3.550001e+01 2.110738e+02
      vertex   -1.398221e+02 3.250001e+01 2.110607e+02
      vertex   -1.399311e+02 3.250001e+01 2.111595e+02
    endloop
  endfacet
  facet normal -6.616858e-01 -3.003803e-04 -7.497812e-01
    outer loop
      vertex   -1.398354e+02 3.550001e+01 2.110738e+02
      vertex   -1.399311e+02 3.250001e+01 2.111595e+02
      vertex   -1.399475e+02 3.550001e+01 2.111727e+02
    endloop
  endfacet
  facet normal -5.956993e-01 2.949949e-04 -8.032075e-01
    outer loop
      vertex   -1.399475e+02 3.550001e+01 2.111727e+02
      vertex   -1.399311e+02 3.250001e+01 2.111595e+02
      vertex   -1.400494e+02 3.250001e+01 2.112472e+02
    endloop
  endfacet
  facet normal -5.837436e-01 -3.276987e-04 -8.119380e-01
    outer loop
      vertex   -1.399475e+02 3.550001e+01 2.111727e+02
      vertex   -1.400494e+02 3.250001e+01 2.112472e+02
      vertex   -1.400689e+02 3.550001e+01 2.112600e+02
    endloop
  endfacet
  facet normal -5.141027e-01 3.216972e-04 -8.577286e-01
    outer loop
      vertex   -1.400689e+02 3.550001e+01 2.112600e+02
      vertex   -1.400494e+02 3.250001e+01 2.112472e+02
      vertex   -1.401756e+02 3.250001e+01 2.113229e+02
    endloop
  endfacet
  facet normal -5.000000e-01 -3.538039e-04 -8.660253e-01
    outer loop
      vertex   -1.400689e+02 3.550001e+01 2.112600e+02
      vertex   -1.401756e+02 3.250001e+01 2.113229e+02
      vertex   -1.401984e+02 3.550001e+01 2.113348e+02
    endloop
  endfacet
  facet normal -4.275551e-01 3.471857e-04 -9.039892e-01
    outer loop
      vertex   -1.401984e+02 3.550001e+01 2.113348e+02
      vertex   -1.401756e+02 3.250001e+01 2.113229e+02
      vertex   -1.403087e+02 3.250001e+01 2.113858e+02
    endloop
  endfacet
  facet normal -4.112871e-01 -3.786958e-04 -9.115058e-01
    outer loop
      vertex   -1.401984e+02 3.550001e+01 2.113348e+02
      vertex   -1.403087e+02 3.250001e+01 2.113858e+02
      vertex   -1.403347e+02 3.550001e+01 2.113963e+02
    endloop
  endfacet
  facet normal -3.368898e-01 3.714604e-04 -9.415440e-01
    outer loop
      vertex   -1.403347e+02 3.550001e+01 2.113963e+02
      vertex   -1.403087e+02 3.250001e+01 2.113858e+02
      vertex   -1.404473e+02 3.250001e+01 2.114354e+02
    endloop
  endfacet
  facet normal -3.184866e-01 -4.023744e-04 -9.479273e-01
    outer loop
      vertex   -1.403347e+02 3.550001e+01 2.113963e+02
      vertex   -1.404473e+02 3.250001e+01 2.114354e+02
      vertex   -1.404765e+02 3.550001e+01 2.114439e+02
    endloop
  endfacet
  facet normal -2.429802e-01 3.945212e-04 -9.700312e-01
    outer loop
      vertex   -1.404765e+02 3.550001e+01 2.114439e+02
      vertex   -1.404473e+02 3.250001e+01 2.114354e+02
      vertex   -1.405901e+02 3.250001e+01 2.114712e+02
    endloop
  endfacet
  facet normal -2.225209e-01 -4.248395e-04 -9.749278e-01
    outer loop
      vertex   -1.404765e+02 3.550001e+01 2.114439e+02
      vertex   -1.405901e+02 3.250001e+01 2.114712e+02
      vertex   -1.406223e+02 3.550001e+01 2.114772e+02
    endloop
  endfacet
  facet normal -1.467305e-01 4.163682e-04 -9.891764e-01
    outer loop
      vertex   -1.406223e+02 3.550001e+01 2.114772e+02
      vertex   -1.405901e+02 3.250001e+01 2.114712e+02
      vertex   -1.407357e+02 3.250001e+01 2.114928e+02
    endloop
  endfacet
  facet normal -1.243437e-01 -4.460911e-04 -9.922391e-01
    outer loop
      vertex   -1.406223e+02 3.550001e+01 2.114772e+02
      vertex   -1.407357e+02 3.250001e+01 2.114928e+02
      vertex   -1.407706e+02 3.550001e+01 2.114958e+02
    endloop
  endfacet
  facet normal -4.906767e-02 4.370014e-04 -9.987954e-01
    outer loop
      vertex   -1.407706e+02 3.550001e+01 2.114958e+02
      vertex   -1.407357e+02 3.250001e+01 2.114928e+02
      vertex   -1.408827e+02 3.250001e+01 2.115000e+02
    endloop
  endfacet
  facet normal -2.493069e-02 -4.661289e-04 -9.996891e-01
    outer loop
      vertex   -1.407706e+02 3.550001e+01 2.114958e+02
      vertex   -1.408827e+02 3.250001e+01 2.115000e+02
      vertex   -1.409201e+02 3.550001e+01 2.114995e+02
    endloop
  endfacet
  facet normal 4.906767e-02 4.564208e-04 -9.987954e-01
    outer loop
      vertex   -1.409201e+02 3.550001e+01 2.114995e+02
      vertex   -1.408827e+02 3.250001e+01 2.115000e+02
      vertex   -1.410298e+02 3.250001e+01 2.114928e+02
    endloop
  endfacet
  facet normal 7.473008e-02 -4.849529e-04 -9.972037e-01
    outer loop
      vertex   -1.409201e+02 3.550001e+01 2.114995e+02
      vertex   -1.410298e+02 3.250001e+01 2.114928e+02
      vertex   -1.410692e+02 3.550001e+01 2.114884e+02
    endloop
  endfacet
  facet normal 1.467305e-01 4.746264e-04 -9.891764e-01
    outer loop
      vertex   -1.410692e+02 3.550001e+01 2.114884e+02
      vertex   -1.410298e+02 3.250001e+01 2.114928e+02
      vertex   -1.411754e+02 3.250001e+01 2.114712e+02
    endloop
  endfacet
  facet normal 1.736482e-01 -5.025630e-04 -9.848076e-01
    outer loop
      vertex   -1.410692e+02 3.550001e+01 2.114884e+02
      vertex   -1.411754e+02 3.250001e+01 2.114712e+02
      vertex   -1.412165e+02 3.550001e+01 2.114624e+02
    endloop
  endfacet
  facet normal 2.429802e-01 4.916181e-04 -9.700311e-01
    outer loop
      vertex   -1.412165e+02 3.550001e+01 2.114624e+02
      vertex   -1.411754e+02 3.250001e+01 2.114712e+02
      vertex   -1.413182e+02 3.250001e+01 2.114354e+02
    endloop
  endfacet
  facet normal 2.708404e-01 -5.189591e-04 -9.626241e-01
    outer loop
      vertex   -1.412165e+02 3.550001e+01 2.114624e+02
      vertex   -1.413182e+02 3.250001e+01 2.114354e+02
      vertex   -1.413605e+02 3.550001e+01 2.114219e+02
    endloop
  endfacet
  facet normal 3.368898e-01 5.073961e-04 -9.415439e-01
    outer loop
      vertex   -1.413605e+02 3.550001e+01 2.114219e+02
      vertex   -1.413182e+02 3.250001e+01 2.114354e+02
      vertex   -1.414568e+02 3.250001e+01 2.113858e+02
    endloop
  endfacet
  facet normal 3.653410e-01 -5.341411e-04 -9.308736e-01
    outer loop
      vertex   -1.413605e+02 3.550001e+01 2.114219e+02
      vertex   -1.414568e+02 3.250001e+01 2.113858e+02
      vertex   -1.414997e+02 3.550001e+01 2.113673e+02
    endloop
  endfacet
  facet normal 4.275550e-01 5.219603e-04 -9.039892e-01
    outer loop
      vertex   -1.414997e+02 3.550001e+01 2.113673e+02
      vertex   -1.414568e+02 3.250001e+01 2.113858e+02
      vertex   -1.415898e+02 3.250001e+01 2.113229e+02
    endloop
  endfacet
  facet normal 4.562106e-01 -5.481089e-04 -8.898717e-01
    outer loop
      vertex   -1.414997e+02 3.550001e+01 2.113673e+02
      vertex   -1.415898e+02 3.250001e+01 2.113229e+02
      vertex   -1.416327e+02 3.550001e+01 2.112990e+02
    endloop
  endfacet
  facet normal 5.141027e-01 5.353107e-04 -8.577285e-01
    outer loop
      vertex   -1.416327e+02 3.550001e+01 2.112990e+02
      vertex   -1.415898e+02 3.250001e+01 2.113229e+02
      vertex   -1.417161e+02 3.250001e+01 2.112472e+02
    endloop
  endfacet
  facet normal 5.425462e-01 -5.608624e-04 -8.400258e-01
    outer loop
      vertex   -1.416327e+02 3.550001e+01 2.112990e+02
      vertex   -1.417161e+02 3.250001e+01 2.112472e+02
      vertex   -1.417583e+02 3.550001e+01 2.112179e+02
    endloop
  endfacet
  facet normal 5.956992e-01 5.474474e-04 -8.032074e-01
    outer loop
      vertex   -1.417583e+02 3.550001e+01 2.112179e+02
      vertex   -1.417161e+02 3.250001e+01 2.112472e+02
      vertex   -1.418343e+02 3.250001e+01 2.111595e+02
    endloop
  endfacet
  facet normal 6.234897e-01 -5.724016e-04 -7.818314e-01
    outer loop
      vertex   -1.417583e+02 3.550001e+01 2.112179e+02
      vertex   -1.418343e+02 3.250001e+01 2.111595e+02
      vertex   -1.418753e+02 3.550001e+01 2.111247e+02
    endloop
  endfacet
  facet normal 6.715589e-01 5.583704e-04 -7.409510e-01
    outer loop
      vertex   -1.418753e+02 3.550001e+01 2.111247e+02
      vertex   -1.418343e+02 3.250001e+01 2.111595e+02
      vertex   -1.419434e+02 3.250001e+01 2.110607e+02
    endloop
  endfacet
  facet normal 6.982367e-01 -5.827263e-04 -7.158667e-01
    outer loop
      vertex   -1.418753e+02 3.550001e+01 2.111247e+02
      vertex   -1.419434e+02 3.250001e+01 2.110607e+02
      vertex   -1.419823e+02 3.550001e+01 2.110203e+02
    endloop
  endfacet
  facet normal 7.409510e-01 5.680796e-04 -6.715588e-01
    outer loop
      vertex   -1.419823e+02 3.550001e+01 2.110203e+02
      vertex   -1.419434e+02 3.250001e+01 2.110607e+02
      vertex   -1.420422e+02 3.250001e+01 2.109516e+02
    endloop
  endfacet
  facet normal 7.660443e-01 -5.918366e-04 -6.427875e-01
    outer loop
      vertex   -1.419823e+02 3.550001e+01 2.110203e+02
      vertex   -1.420422e+02 3.250001e+01 2.109516e+02
      vertex   -1.420784e+02 3.550001e+01 2.109057e+02
    endloop
  endfacet
  facet normal 8.032074e-01 5.765752e-04 -5.956992e-01
    outer loop
      vertex   -1.420784e+02 3.550001e+01 2.109057e+02
      vertex   -1.420422e+02 3.250001e+01 2.109516e+02
      vertex   -1.421299e+02 3.250001e+01 2.108334e+02
    endloop
  endfacet
  facet normal 8.262386e-01 -5.997322e-04 -5.633200e-01
    outer loop
      vertex   -1.420784e+02 3.550001e+01 2.109057e+02
      vertex   -1.421299e+02 3.250001e+01 2.108334e+02
      vertex   -1.421627e+02 3.550001e+01 2.107822e+02
    endloop
  endfacet
  facet normal 8.577285e-01 5.838571e-04 -5.141027e-01
    outer loop
      vertex   -1.421627e+02 3.550001e+01 2.107822e+02
      vertex   -1.421299e+02 3.250001e+01 2.108334e+02
      vertex   -1.422056e+02 3.250001e+01 2.107071e+02
    endloop
  endfacet
  facet normal 8.782214e-01 -6.064132e-04 -4.782539e-01
    outer loop
      vertex   -1.421627e+02 3.550001e+01 2.107822e+02
      vertex   -1.422056e+02 3.250001e+01 2.107071e+02
      vertex   -1.422342e+02 3.550001e+01 2.106508e+02
    endloop
  endfacet
  facet normal 9.039891e-01 5.899253e-04 -4.275550e-01
    outer loop
      vertex   -1.422342e+02 3.550001e+01 2.106508e+02
      vertex   -1.422056e+02 3.250001e+01 2.107071e+02
      vertex   -1.422685e+02 3.250001e+01 2.105740e+02
    endloop
  endfacet
  facet normal 9.214760e-01 -6.118796e-04 -3.884347e-01
    outer loop
      vertex   -1.422342e+02 3.550001e+01 2.106508e+02
      vertex   -1.422685e+02 3.250001e+01 2.105740e+02
      vertex   -1.422923e+02 3.550001e+01 2.105130e+02
    endloop
  endfacet
  facet normal 9.415439e-01 5.947798e-04 -3.368898e-01
    outer loop
      vertex   -1.422923e+02 3.550001e+01 2.105130e+02
      vertex   -1.422685e+02 3.250001e+01 2.105740e+02
      vertex   -1.423181e+02 3.250001e+01 2.104354e+02
    endloop
  endfacet
  facet normal 9.555726e-01 -6.161312e-04 -2.947551e-01
    outer loop
      vertex   -1.422923e+02 3.550001e+01 2.105130e+02
      vertex   -1.423181e+02 3.250001e+01 2.104354e+02
      vertex   -1.423363e+02 3.550001e+01 2.103701e+02
    endloop
  endfacet
  facet normal 9.700311e-01 5.984207e-04 -2.429801e-01
    outer loop
      vertex   -1.423363e+02 3.550001e+01 2.103701e+02
      vertex   -1.423181e+02 3.250001e+01 2.104354e+02
      vertex   -1.423539e+02 3.250001e+01 2.102926e+02
    endloop
  endfacet
  facet normal 9.801723e-01 -6.191682e-04 -1.981461e-01
    outer loop
      vertex   -1.423363e+02 3.550001e+01 2.103701e+02
      vertex   -1.423539e+02 3.250001e+01 2.102926e+02
      vertex   -1.423660e+02 3.550001e+01 2.102236e+02
    endloop
  endfacet
  facet normal 9.891763e-01 6.008480e-04 -1.467304e-01
    outer loop
      vertex   -1.423660e+02 3.550001e+01 2.102236e+02
      vertex   -1.423539e+02 3.250001e+01 2.102926e+02
      vertex   -1.423755e+02 3.250001e+01 2.101470e+02
    endloop
  endfacet
  facet normal 9.950306e-01 -6.209903e-04 -9.956783e-02
    outer loop
      vertex   -1.423660e+02 3.550001e+01 2.102236e+02
      vertex   -1.423755e+02 3.250001e+01 2.101470e+02
      vertex   -1.423809e+02 3.550001e+01 2.100748e+02
    endloop
  endfacet
  facet normal 9.987953e-01 6.020616e-04 -4.906767e-02
    outer loop
      vertex   -1.423809e+02 3.550001e+01 2.100748e+02
      vertex   -1.423755e+02 3.250001e+01 2.101470e+02
      vertex   -1.423827e+02 3.250001e+01 2.100000e+02
    endloop
  endfacet
  facet normal 9.999998e-01 -6.215977e-04 0.000000e+00
    outer loop
      vertex   -1.423809e+02 3.550001e+01 2.100748e+02
      vertex   -1.423827e+02 3.250001e+01 2.100000e+02
      vertex   -1.423809e+02 3.550001e+01 2.099252e+02
    endloop
  endfacet
  facet normal 9.987953e-01 6.020616e-04 4.906767e-02
    outer loop
      vertex   -1.423809e+02 3.550001e+01 2.099252e+02
      vertex   -1.423827e+02 3.250001e+01 2.100000e+02
      vertex   -1.423755e+02 3.250001e+01 2.098530e+02
    endloop
  endfacet
  facet normal 9.950306e-01 -6.209903e-04 9.956783e-02
    outer loop
      vertex   -1.423809e+02 3.550001e+01 2.099252e+02
      vertex   -1.423755e+02 3.250001e+01 2.098530e+02
      vertex   -1.423660e+02 3.550001e+01 2.097764e+02
    endloop
  endfacet
  facet normal 9.891763e-01 6.008480e-04 1.467304e-01
    outer loop
      vertex   -1.423660e+02 3.550001e+01 2.097764e+02
      vertex   -1.423755e+02 3.250001e+01 2.098530e+02
      vertex   -1.423539e+02 3.250001e+01 2.097074e+02
    endloop
  endfacet
  facet normal 9.801723e-01 -6.191682e-04 1.981461e-01
    outer loop
      vertex   -1.423660e+02 3.550001e+01 2.097764e+02
      vertex   -1.423539e+02 3.250001e+01 2.097074e+02
      vertex   -1.423363e+02 3.550001e+01 2.096299e+02
    endloop
  endfacet
  facet normal 9.700311e-01 5.984207e-04 2.429801e-01
    outer loop
      vertex   -1.423363e+02 3.550001e+01 2.096299e+02
      vertex   -1.423539e+02 3.250001e+01 2.097074e+02
      vertex   -1.423181e+02 3.250001e+01 2.095646e+02
    endloop
  endfacet
  facet normal 9.555726e-01 -6.161312e-04 2.947551e-01
    outer loop
      vertex   -1.423363e+02 3.550001e+01 2.096299e+02
      vertex   -1.423181e+02 3.250001e+01 2.095646e+02
      vertex   -1.422923e+02 3.550001e+01 2.094870e+02
    endloop
  endfacet
  facet normal 9.415439e-01 5.947798e-04 3.368898e-01
    outer loop
      vertex   -1.422923e+02 3.550001e+01 2.094870e+02
      vertex   -1.423181e+02 3.250001e+01 2.095646e+02
      vertex   -1.422685e+02 3.250001e+01 2.094260e+02
    endloop
  endfacet
  facet normal 9.214760e-01 -6.118796e-04 3.884347e-01
    outer loop
      vertex   -1.422923e+02 3.550001e+01 2.094870e+02
      vertex   -1.422685e+02 3.250001e+01 2.094260e+02
      vertex   -1.422342e+02 3.550001e+01 2.093492e+02
    endloop
  endfacet
  facet normal 9.039891e-01 5.899253e-04 4.275550e-01
    outer loop
      vertex   -1.422342e+02 3.550001e+01 2.093492e+02
      vertex   -1.422685e+02 3.250001e+01 2.094260e+02
      vertex   -1.422056e+02 3.250001e+01 2.092929e+02
    endloop
  endfacet
  facet normal 8.782214e-01 -6.064132e-04 4.782539e-01
    outer loop
      vertex   -1.422342e+02 3.550001e+01 2.093492e+02
      vertex   -1.422056e+02 3.250001e+01 2.092929e+02
      vertex   -1.421627e+02 3.550001e+01 2.092178e+02
    endloop
  endfacet
  facet normal 8.577285e-01 5.838571e-04 5.141027e-01
    outer loop
      vertex   -1.421627e+02 3.550001e+01 2.092178e+02
      vertex   -1.422056e+02 3.250001e+01 2.092929e+02
      vertex   -1.421299e+02 3.250001e+01 2.091666e+02
    endloop
  endfacet
  facet normal 8.262386e-01 -5.997322e-04 5.633200e-01
    outer loop
      vertex   -1.421627e+02 3.550001e+01 2.092178e+02
      vertex   -1.421299e+02 3.250001e+01 2.091666e+02
      vertex   -1.420784e+02 3.550001e+01 2.090943e+02
    endloop
  endfacet
  facet normal 8.032074e-01 5.765752e-04 5.956992e-01
    outer loop
      vertex   -1.420784e+02 3.550001e+01 2.090943e+02
      vertex   -1.421299e+02 3.250001e+01 2.091666e+02
      vertex   -1.420422e+02 3.250001e+01 2.090484e+02
    endloop
  endfacet
  facet normal 7.660443e-01 -5.918366e-04 6.427875e-01
    outer loop
      vertex   -1.420784e+02 3.550001e+01 2.090943e+02
      vertex   -1.420422e+02 3.250001e+01 2.090484e+02
      vertex   -1.419823e+02 3.550001e+01 2.089797e+02
    endloop
  endfacet
  facet normal 7.409510e-01 5.680796e-04 6.715588e-01
    outer loop
      vertex   -1.419823e+02 3.550001e+01 2.089797e+02
      vertex   -1.420422e+02 3.250001e+01 2.090484e+02
      vertex   -1.419434e+02 3.250001e+01 2.089393e+02
    endloop
  endfacet
  facet normal 6.982367e-01 -5.827263e-04 7.158667e-01
    outer loop
      vertex   -1.419823e+02 3.550001e+01 2.089797e+02
      vertex   -1.419434e+02 3.250001e+01 2.089393e+02
      vertex   -1.418753e+02 3.550001e+01 2.088753e+02
    endloop
  endfacet
  facet normal 6.715589e-01 5.583704e-04 7.409510e-01
    outer loop
      vertex   -1.418753e+02 3.550001e+01 2.088753e+02
      vertex   -1.419434e+02 3.250001e+01 2.089393e+02
      vertex   -1.418343e+02 3.250001e+01 2.088405e+02
    endloop
  endfacet
  facet normal 6.234897e-01 -5.724016e-04 7.818314e-01
    outer loop
      vertex   -1.418753e+02 3.550001e+01 2.088753e+02
      vertex   -1.418343e+02 3.250001e+01 2.088405e+02
      vertex   -1.417583e+02 3.550001e+01 2.087821e+02
    endloop
  endfacet
  facet normal 5.956992e-01 5.474474e-04 8.032074e-01
    outer loop
      vertex   -1.417583e+02 3.550001e+01 2.087821e+02
      vertex   -1.418343e+02 3.250001e+01 2.088405e+02
      vertex   -1.417161e+02 3.250001e+01 2.087528e+02
    endloop
  endfacet
  facet normal 5.425462e-01 -5.608624e-04 8.400258e-01
    outer loop
      vertex   -1.417583e+02 3.550001e+01 2.087821e+02
      vertex   -1.417161e+02 3.250001e+01 2.087528e+02
      vertex   -1.416327e+02 3.550001e+01 2.087010e+02
    endloop
  endfacet
  facet normal 5.141027e-01 5.353107e-04 8.577285e-01
    outer loop
      vertex   -1.416327e+02 3.550001e+01 2.087010e+02
      vertex   -1.417161e+02 3.250001e+01 2.087528e+02
      vertex   -1.415898e+02 3.250001e+01 2.086771e+02
    endloop
  endfacet
  facet normal 4.562106e-01 -5.481089e-04 8.898717e-01
    outer loop
      vertex   -1.416327e+02 3.550001e+01 2.087010e+02
      vertex   -1.415898e+02 3.250001e+01 2.086771e+02
      vertex   -1.414997e+02 3.550001e+01 2.086327e+02
    endloop
  endfacet
  facet normal 4.275550e-01 5.219603e-04 9.039892e-01
    outer loop
      vertex   -1.414997e+02 3.550001e+01 2.086327e+02
      vertex   -1.415898e+02 3.250001e+01 2.086771e+02
      vertex   -1.414568e+02 3.250001e+01 2.086142e+02
    endloop
  endfacet
  facet normal 3.653410e-01 -5.341411e-04 9.308736e-01
    outer loop
      vertex   -1.414997e+02 3.550001e+01 2.086327e+02
      vertex   -1.414568e+02 3.250001e+01 2.086142e+02
      vertex   -1.413605e+02 3.550001e+01 2.085781e+02
    endloop
  endfacet
  facet normal 3.368898e-01 5.073961e-04 9.415439e-01
    outer loop
      vertex   -1.413605e+02 3.550001e+01 2.085781e+02
      vertex   -1.414568e+02 3.250001e+01 2.086142e+02
      vertex   -1.413182e+02 3.250001e+01 2.085646e+02
    endloop
  endfacet
  facet normal 2.708404e-01 -5.189591e-04 9.626241e-01
    outer loop
      vertex   -1.413605e+02 3.550001e+01 2.085781e+02
      vertex   -1.413182e+02 3.250001e+01 2.085646e+02
      vertex   -1.412165e+02 3.550001e+01 2.085376e+02
    endloop
  endfacet
  facet normal 2.429802e-01 4.916181e-04 9.700311e-01
    outer loop
      vertex   -1.412165e+02 3.550001e+01 2.085376e+02
      vertex   -1.413182e+02 3.250001e+01 2.085646e+02
      vertex   -1.411754e+02 3.250001e+01 2.085288e+02
    endloop
  endfacet
  facet normal 1.736482e-01 -5.025630e-04 9.848076e-01
    outer loop
      vertex   -1.412165e+02 3.550001e+01 2.085376e+02
      vertex   -1.411754e+02 3.250001e+01 2.085288e+02
      vertex   -1.410692e+02 3.550001e+01 2.085116e+02
    endloop
  endfacet
  facet normal 1.467305e-01 4.746264e-04 9.891764e-01
    outer loop
      vertex   -1.410692e+02 3.550001e+01 2.085116e+02
      vertex   -1.411754e+02 3.250001e+01 2.085288e+02
      vertex   -1.410298e+02 3.250001e+01 2.085072e+02
    endloop
  endfacet
  facet normal 7.473008e-02 -4.849529e-04 9.972037e-01
    outer loop
      vertex   -1.410692e+02 3.550001e+01 2.085116e+02
      vertex   -1.410298e+02 3.250001e+01 2.085072e+02
      vertex   -1.409201e+02 3.550001e+01 2.085005e+02
    endloop
  endfacet
  facet normal 4.906767e-02 4.564208e-04 9.987954e-01
    outer loop
      vertex   -1.409201e+02 3.550001e+01 2.085005e+02
      vertex   -1.410298e+02 3.250001e+01 2.085072e+02
      vertex   -1.408827e+02 3.250001e+01 2.085000e+02
    endloop
  endfacet
  facet normal -2.493069e-02 -4.661289e-04 9.996891e-01
    outer loop
      vertex   -1.409201e+02 3.550001e+01 2.085005e+02
      vertex   -1.408827e+02 3.250001e+01 2.085000e+02
      vertex   -1.407706e+02 3.550001e+01 2.085042e+02
    endloop
  endfacet
  facet normal -4.906767e-02 4.370014e-04 9.987954e-01
    outer loop
      vertex   -1.407706e+02 3.550001e+01 2.085042e+02
      vertex   -1.408827e+02 3.250001e+01 2.085000e+02
      vertex   -1.407357e+02 3.250001e+01 2.085072e+02
    endloop
  endfacet
  facet normal -1.243437e-01 -4.460911e-04 9.922391e-01
    outer loop
      vertex   -1.407706e+02 3.550001e+01 2.085042e+02
      vertex   -1.407357e+02 3.250001e+01 2.085072e+02
      vertex   -1.406223e+02 3.550001e+01 2.085228e+02
    endloop
  endfacet
  facet normal -1.467305e-01 4.163682e-04 9.891764e-01
    outer loop
      vertex   -1.406223e+02 3.550001e+01 2.085228e+02
      vertex   -1.407357e+02 3.250001e+01 2.085072e+02
      vertex   -1.405901e+02 3.250001e+01 2.085288e+02
    endloop
  endfacet
  facet normal -2.225209e-01 -4.248395e-04 9.749278e-01
    outer loop
      vertex   -1.406223e+02 3.550001e+01 2.085228e+02
      vertex   -1.405901e+02 3.250001e+01 2.085288e+02
      vertex   -1.404765e+02 3.550001e+01 2.085561e+02
    endloop
  endfacet
  facet normal -2.429802e-01 3.945212e-04 9.700312e-01
    outer loop
      vertex   -1.404765e+02 3.550001e+01 2.085561e+02
      vertex   -1.405901e+02 3.250001e+01 2.085288e+02
      vertex   -1.404473e+02 3.250001e+01 2.085646e+02
    endloop
  endfacet
  facet normal -3.184866e-01 -4.023744e-04 9.479273e-01
    outer loop
      vertex   -1.404765e+02 3.550001e+01 2.085561e+02
      vertex   -1.404473e+02 3.250001e+01 2.085646e+02
      vertex   -1.403347e+02 3.550001e+01 2.086037e+02
    endloop
  endfacet
  facet normal -3.368898e-01 3.714604e-04 9.415440e-01
    outer loop
      vertex   -1.403347e+02 3.550001e+01 2.086037e+02
      vertex   -1.404473e+02 3.250001e+01 2.085646e+02
      vertex   -1.403087e+02 3.250001e+01 2.086142e+02
    endloop
  endfacet
  facet normal -4.112871e-01 -3.786958e-04 9.115058e-01
    outer loop
      vertex   -1.403347e+02 3.550001e+01 2.086037e+02
      vertex   -1.403087e+02 3.250001e+01 2.086142e+02
      vertex   -1.401984e+02 3.550001e+01 2.086652e+02
    endloop
  endfacet
  facet normal -4.275551e-01 3.471857e-04 9.039892e-01
    outer loop
      vertex   -1.401984e+02 3.550001e+01 2.086652e+02
      vertex   -1.403087e+02 3.250001e+01 2.086142e+02
      vertex   -1.401756e+02 3.250001e+01 2.086771e+02
    endloop
  endfacet
  facet normal -5.000000e-01 -3.538039e-04 8.660253e-01
    outer loop
      vertex   -1.401984e+02 3.550001e+01 2.086652e+02
      vertex   -1.401756e+02 3.250001e+01 2.086771e+02
      vertex   -1.400689e+02 3.550001e+01 2.087400e+02
    endloop
  endfacet
  facet normal -5.141027e-01 3.216972e-04 8.577286e-01
    outer loop
      vertex   -1.400689e+02 3.550001e+01 2.087400e+02
      vertex   -1.401756e+02 3.250001e+01 2.086771e+02
      vertex   -1.400494e+02 3.250001e+01 2.087528e+02
    endloop
  endfacet
  facet normal -5.837436e-01 -3.276987e-04 8.119380e-01
    outer loop
      vertex   -1.400689e+02 3.550001e+01 2.087400e+02
      vertex   -1.400494e+02 3.250001e+01 2.087528e+02
      vertex   -1.399475e+02 3.550001e+01 2.088273e+02
    endloop
  endfacet
  facet normal -5.956993e-01 2.949949e-04 8.032075e-01
    outer loop
      vertex   -1.399475e+02 3.550001e+01 2.088273e+02
      vertex   -1.400494e+02 3.250001e+01 2.087528e+02
      vertex   -1.399311e+02 3.250001e+01 2.088405e+02
    endloop
  endfacet
  facet normal -6.616858e-01 -3.003803e-04 7.497812e-01
    outer loop
      vertex   -1.399475e+02 3.550001e+01 2.088273e+02
      vertex   -1.399311e+02 3.250001e+01 2.088405e+02
      vertex   -1.398354e+02 3.550001e+01 2.089262e+02
    endloop
  endfacet
  facet normal -6.715589e-01 2.670788e-04 7.409511e-01
    outer loop
      vertex   -1.398354e+02 3.550001e+01 2.089262e+02
      vertex   -1.399311e+02 3.250001e+01 2.088405e+02
      vertex   -1.398221e+02 3.250001e+01 2.089393e+02
    endloop
  endfacet
  facet normal -7.330518e-01 -2.718489e-04 6.801727e-01
    outer loop
      vertex   -1.398354e+02 3.550001e+01 2.089262e+02
      vertex   -1.398221e+02 3.250001e+01 2.089393e+02
      vertex   -1.397337e+02 3.550001e+01 2.090358e+02
    endloop
  endfacet
  facet normal -7.409511e-01 2.379490e-04 6.715589e-01
    outer loop
      vertex   -1.397337e+02 3.550001e+01 2.090358e+02
      vertex   -1.398221e+02 3.250001e+01 2.089393e+02
      vertex   -1.397232e+02 3.250001e+01 2.090484e+02
    endloop
  endfacet
  facet normal -7.971325e-01 -2.421046e-04 6.038044e-01
    outer loop
      vertex   -1.397337e+02 3.550001e+01 2.090358e+02
      vertex   -1.397232e+02 3.250001e+01 2.090484e+02
      vertex   -1.396434e+02 3.550001e+01 2.091550e+02
    endloop
  endfacet
  facet normal -8.032075e-01 2.076054e-04 5.956993e-01
    outer loop
      vertex   -1.396434e+02 3.550001e+01 2.091550e+02
      vertex   -1.397232e+02 3.250001e+01 2.090484e+02
      vertex   -1.396355e+02 3.250001e+01 2.091666e+02
    endloop
  endfacet
  facet normal -8.532909e-01 -2.111475e-04 5.214352e-01
    outer loop
      vertex   -1.396434e+02 3.550001e+01 2.091550e+02
      vertex   -1.396355e+02 3.250001e+01 2.091666e+02
      vertex   -1.395654e+02 3.550001e+01 2.092826e+02
    endloop
  endfacet
  facet normal -8.577286e-01 1.760481e-04 5.141027e-01
    outer loop
      vertex   -1.395654e+02 3.550001e+01 2.092826e+02
      vertex   -1.396355e+02 3.250001e+01 2.091666e+02
      vertex   -1.395598e+02 3.250001e+01 2.092929e+02
    endloop
  endfacet
  facet normal -9.009689e-01 -1.789777e-04 4.338837e-01
    outer loop
      vertex   -1.395654e+02 3.550001e+01 2.092826e+02
      vertex   -1.395598e+02 3.250001e+01 2.092929e+02
      vertex   -1.395005e+02 3.550001e+01 2.094173e+02
    endloop
  endfacet
  facet normal -9.039893e-01 1.432772e-04 4.275551e-01
    outer loop
      vertex   -1.395005e+02 3.550001e+01 2.094173e+02
      vertex   -1.395598e+02 3.250001e+01 2.092929e+02
      vertex   -1.394969e+02 3.250001e+01 2.094260e+02
    endloop
  endfacet
  facet normal -9.396926e-01 -1.455953e-04 3.420201e-01
    outer loop
      vertex   -1.395005e+02 3.550001e+01 2.094173e+02
      vertex   -1.394969e+02 3.250001e+01 2.094260e+02
      vertex   -1.394494e+02 3.550001e+01 2.095579e+02
    endloop
  endfacet
  facet normal -9.415441e-01 1.092927e-04 3.368899e-01
    outer loop
      vertex   -1.394494e+02 3.550001e+01 2.095579e+02
      vertex   -1.394969e+02 3.250001e+01 2.094260e+02
      vertex   -1.394473e+02 3.250001e+01 2.095646e+02
    endloop
  endfacet
  facet normal -9.690773e-01 -1.110004e-04 2.467574e-01
    outer loop
      vertex   -1.394494e+02 3.550001e+01 2.095579e+02
      vertex   -1.394473e+02 3.250001e+01 2.095646e+02
      vertex   -1.394125e+02 3.550001e+01 2.097028e+02
    endloop
  endfacet
  facet normal -9.700313e-01 7.409471e-05 2.429802e-01
    outer loop
      vertex   -1.394125e+02 3.550001e+01 2.097028e+02
      vertex   -1.394473e+02 3.250001e+01 2.095646e+02
      vertex   -1.394116e+02 3.250001e+01 2.097074e+02
    endloop
  endfacet
  facet normal -9.888308e-01 -7.519304e-05 1.490423e-01
    outer loop
      vertex   -1.394125e+02 3.550001e+01 2.097028e+02
      vertex   -1.394116e+02 3.250001e+01 2.097074e+02
      vertex   -1.393902e+02 3.550001e+01 2.098507e+02
    endloop
  endfacet
  facet normal -9.891765e-01 3.768323e-05 1.467305e-01
    outer loop
      vertex   -1.393902e+02 3.550001e+01 2.098507e+02
      vertex   -1.394116e+02 3.250001e+01 2.097074e+02
      vertex   -1.393900e+02 3.250001e+01 2.098530e+02
    endloop
  endfacet
  facet normal -9.987569e-01 -3.817344e-05 4.984589e-02
    outer loop
      vertex   -1.393902e+02 3.550001e+01 2.098507e+02
      vertex   -1.393900e+02 3.250001e+01 2.098530e+02
      vertex   -1.393827e+02 3.550001e+01 2.100000e+02
    endloop
  endfacet
  facet normal -9.987955e-01 5.836554e-08 -4.906767e-02
    outer loop
      vertex   -1.393900e+02 4.150001e+01 2.101470e+02
      vertex   -1.393827e+02 4.150001e+01 2.100000e+02
      vertex   -1.393827e+02 3.850001e+01 2.100000e+02
    endloop
  endfacet
  facet normal -9.987955e-01 5.836554e-08 4.906767e-02
    outer loop
      vertex   -1.393827e+02 3.850001e+01 2.100000e+02
      vertex   -1.393827e+02 4.150001e+01 2.100000e+02
      vertex   -1.393900e+02 4.150001e+01 2.098530e+02
    endloop
  endfacet
  facet normal -9.987569e-01 3.829017e-05 4.984589e-02
    outer loop
      vertex   -1.393827e+02 3.850001e+01 2.100000e+02
      vertex   -1.393900e+02 4.150001e+01 2.098530e+02
      vertex   -1.393902e+02 3.850001e+01 2.098507e+02
    endloop
  endfacet
  facet normal -9.891765e-01 -3.756762e-05 1.467305e-01
    outer loop
      vertex   -1.393902e+02 3.850001e+01 2.098507e+02
      vertex   -1.393900e+02 4.150001e+01 2.098530e+02
      vertex   -1.394116e+02 4.150001e+01 2.097074e+02
    endloop
  endfacet
  facet normal -9.888308e-01 7.530861e-05 1.490423e-01
    outer loop
      vertex   -1.393902e+02 3.850001e+01 2.098507e+02
      vertex   -1.394116e+02 4.150001e+01 2.097074e+02
      vertex   -1.394125e+02 3.850001e+01 2.097028e+02
    endloop
  endfacet
  facet normal -9.700313e-01 -7.398134e-05 2.429802e-01
    outer loop
      vertex   -1.394125e+02 3.850001e+01 2.097028e+02
      vertex   -1.394116e+02 4.150001e+01 2.097074e+02
      vertex   -1.394473e+02 4.150001e+01 2.095646e+02
    endloop
  endfacet
  facet normal -9.690773e-01 1.111136e-04 2.467574e-01
    outer loop
      vertex   -1.394125e+02 3.850001e+01 2.097028e+02
      vertex   -1.394473e+02 4.150001e+01 2.095646e+02
      vertex   -1.394494e+02 3.850001e+01 2.095579e+02
    endloop
  endfacet
  facet normal -9.415441e-01 -1.091827e-04 3.368899e-01
    outer loop
      vertex   -1.394494e+02 3.850001e+01 2.095579e+02
      vertex   -1.394473e+02 4.150001e+01 2.095646e+02
      vertex   -1.394969e+02 4.150001e+01 2.094260e+02
    endloop
  endfacet
  facet normal -9.396926e-01 1.457051e-04 3.420201e-01
    outer loop
      vertex   -1.394494e+02 3.850001e+01 2.095579e+02
      vertex   -1.394969e+02 4.150001e+01 2.094260e+02
      vertex   -1.395005e+02 3.850001e+01 2.094173e+02
    endloop
  endfacet
  facet normal -9.039893e-01 -1.431716e-04 4.275551e-01
    outer loop
      vertex   -1.395005e+02 3.850001e+01 2.094173e+02
      vertex   -1.394969e+02 4.150001e+01 2.094260e+02
      vertex   -1.395598e+02 4.150001e+01 2.092929e+02
    endloop
  endfacet
  facet normal -9.009689e-01 1.790830e-04 4.338837e-01
    outer loop
      vertex   -1.395005e+02 3.850001e+01 2.094173e+02
      vertex   -1.395598e+02 4.150001e+01 2.092929e+02
      vertex   -1.395654e+02 3.850001e+01 2.092826e+02
    endloop
  endfacet
  facet normal -8.577286e-01 -1.759479e-04 5.141027e-01
    outer loop
      vertex   -1.395654e+02 3.850001e+01 2.092826e+02
      vertex   -1.395598e+02 4.150001e+01 2.092929e+02
      vertex   -1.396355e+02 4.150001e+01 2.091666e+02
    endloop
  endfacet
  facet normal -8.532909e-01 2.112472e-04 5.214352e-01
    outer loop
      vertex   -1.395654e+02 3.850001e+01 2.092826e+02
      vertex   -1.396355e+02 4.150001e+01 2.091666e+02
      vertex   -1.396434e+02 3.850001e+01 2.091550e+02
    endloop
  endfacet
  facet normal -8.032075e-01 -2.075115e-04 5.956993e-01
    outer loop
      vertex   -1.396434e+02 3.850001e+01 2.091550e+02
      vertex   -1.396355e+02 4.150001e+01 2.091666e+02
      vertex   -1.397232e+02 4.150001e+01 2.090484e+02
    endloop
  endfacet
  facet normal -7.971325e-01 2.421978e-04 6.038044e-01
    outer loop
      vertex   -1.396434e+02 3.850001e+01 2.091550e+02
      vertex   -1.397232e+02 4.150001e+01 2.090484e+02
      vertex   -1.397337e+02 3.850001e+01 2.090358e+02
    endloop
  endfacet
  facet normal -7.409511e-01 -2.378624e-04 6.715589e-01
    outer loop
      vertex   -1.397337e+02 3.850001e+01 2.090358e+02
      vertex   -1.397232e+02 4.150001e+01 2.090484e+02
      vertex   -1.398221e+02 4.150001e+01 2.089393e+02
    endloop
  endfacet
  facet normal -7.330518e-01 2.719346e-04 6.801727e-01
    outer loop
      vertex   -1.397337e+02 3.850001e+01 2.090358e+02
      vertex   -1.398221e+02 4.150001e+01 2.089393e+02
      vertex   -1.398354e+02 3.850001e+01 2.089262e+02
    endloop
  endfacet
  facet normal -6.715589e-01 -2.670003e-04 7.409511e-01
    outer loop
      vertex   -1.398354e+02 3.850001e+01 2.089262e+02
      vertex   -1.398221e+02 4.150001e+01 2.089393e+02
      vertex   -1.399311e+02 4.150001e+01 2.088405e+02
    endloop
  endfacet
  facet normal -6.616858e-01 3.004577e-04 7.497812e-01
    outer loop
      vertex   -1.398354e+02 3.850001e+01 2.089262e+02
      vertex   -1.399311e+02 4.150001e+01 2.088405e+02
      vertex   -1.399475e+02 3.850001e+01 2.088273e+02
    endloop
  endfacet
  facet normal -5.956993e-01 -2.949253e-04 8.032075e-01
    outer loop
      vertex   -1.399475e+02 3.850001e+01 2.088273e+02
      vertex   -1.399311e+02 4.150001e+01 2.088405e+02
      vertex   -1.400494e+02 4.150001e+01 2.087528e+02
    endloop
  endfacet
  facet normal -5.837436e-01 3.277669e-04 8.119380e-01
    outer loop
      vertex   -1.399475e+02 3.850001e+01 2.088273e+02
      vertex   -1.400494e+02 4.150001e+01 2.087528e+02
      vertex   -1.400689e+02 3.850001e+01 2.087400e+02
    endloop
  endfacet
  facet normal -5.141027e-01 -3.216371e-04 8.577286e-01
    outer loop
      vertex   -1.400689e+02 3.850001e+01 2.087400e+02
      vertex   -1.400494e+02 4.150001e+01 2.087528e+02
      vertex   -1.401756e+02 4.150001e+01 2.086771e+02
    endloop
  endfacet
  facet normal -5.000000e-01 3.538623e-04 8.660253e-01
    outer loop
      vertex   -1.400689e+02 3.850001e+01 2.087400e+02
      vertex   -1.401756e+02 4.150001e+01 2.086771e+02
      vertex   -1.401984e+02 3.850001e+01 2.086652e+02
    endloop
  endfacet
  facet normal -4.275551e-01 -3.471357e-04 9.039892e-01
    outer loop
      vertex   -1.401984e+02 3.850001e+01 2.086652e+02
      vertex   -1.401756e+02 4.150001e+01 2.086771e+02
      vertex   -1.403087e+02 4.150001e+01 2.086142e+02
    endloop
  endfacet
  facet normal -4.112871e-01 3.787439e-04 9.115058e-01
    outer loop
      vertex   -1.401984e+02 3.850001e+01 2.086652e+02
      vertex   -1.403087e+02 4.150001e+01 2.086142e+02
      vertex   -1.403347e+02 3.850001e+01 2.086037e+02
    endloop
  endfacet
  facet normal -3.368898e-01 -3.714210e-04 9.415440e-01
    outer loop
      vertex   -1.403347e+02 3.850001e+01 2.086037e+02
      vertex   -1.403087e+02 4.150001e+01 2.086142e+02
      vertex   -1.404473e+02 4.150001e+01 2.085646e+02
    endloop
  endfacet
  facet normal -3.184866e-01 4.024117e-04 9.479273e-01
    outer loop
      vertex   -1.403347e+02 3.850001e+01 2.086037e+02
      vertex   -1.404473e+02 4.150001e+01 2.085646e+02
      vertex   -1.404765e+02 3.850001e+01 2.085561e+02
    endloop
  endfacet
  facet normal -2.429802e-01 -3.944928e-04 9.700312e-01
    outer loop
      vertex   -1.404765e+02 3.850001e+01 2.085561e+02
      vertex   -1.404473e+02 4.150001e+01 2.085646e+02
      vertex   -1.405901e+02 4.150001e+01 2.085288e+02
    endloop
  endfacet
  facet normal -2.225209e-01 4.248655e-04 9.749278e-01
    outer loop
      vertex   -1.404765e+02 3.850001e+01 2.085561e+02
      vertex   -1.405901e+02 4.150001e+01 2.085288e+02
      vertex   -1.406223e+02 3.850001e+01 2.085228e+02
    endloop
  endfacet
  facet normal -1.467305e-01 -4.163511e-04 9.891764e-01
    outer loop
      vertex   -1.406223e+02 3.850001e+01 2.085228e+02
      vertex   -1.405901e+02 4.150001e+01 2.085288e+02
      vertex   -1.407357e+02 4.150001e+01 2.085072e+02
    endloop
  endfacet
  facet normal -1.243437e-01 4.461056e-04 9.922391e-01
    outer loop
      vertex   -1.406223e+02 3.850001e+01 2.085228e+02
      vertex   -1.407357e+02 4.150001e+01 2.085072e+02
      vertex   -1.407706e+02 3.850001e+01 2.085042e+02
    endloop
  endfacet
  facet normal -4.906767e-02 -4.369957e-04 9.987954e-01
    outer loop
      vertex   -1.407706e+02 3.850001e+01 2.085042e+02
      vertex   -1.407357e+02 4.150001e+01 2.085072e+02
      vertex   -1.408827e+02 4.150001e+01 2.085000e+02
    endloop
  endfacet
  facet normal -2.493069e-02 4.661318e-04 9.996891e-01
    outer loop
      vertex   -1.407706e+02 3.850001e+01 2.085042e+02
      vertex   -1.408827e+02 4.150001e+01 2.085000e+02
      vertex   -1.409201e+02 3.850001e+01 2.085005e+02
    endloop
  endfacet
  facet normal 4.906767e-02 -4.564265e-04 9.987954e-01
    outer loop
      vertex   -1.409201e+02 3.850001e+01 2.085005e+02
      vertex   -1.408827e+02 4.150001e+01 2.085000e+02
      vertex   -1.410298e+02 4.150001e+01 2.085072e+02
    endloop
  endfacet
  facet normal 7.473008e-02 4.849442e-04 9.972037e-01
    outer loop
      vertex   -1.409201e+02 3.850001e+01 2.085005e+02
      vertex   -1.410298e+02 4.150001e+01 2.085072e+02
      vertex   -1.410692e+02 3.850001e+01 2.085116e+02
    endloop
  endfacet
  facet normal 1.467305e-01 -4.746435e-04 9.891764e-01
    outer loop
      vertex   -1.410692e+02 3.850001e+01 2.085116e+02
      vertex   -1.410298e+02 4.150001e+01 2.085072e+02
      vertex   -1.411754e+02 4.150001e+01 2.085288e+02
    endloop
  endfacet
  facet normal 1.736482e-01 5.025427e-04 9.848076e-01
    outer loop
      vertex   -1.410692e+02 3.850001e+01 2.085116e+02
      vertex   -1.411754e+02 4.150001e+01 2.085288e+02
      vertex   -1.412165e+02 3.850001e+01 2.085376e+02
    endloop
  endfacet
  facet normal 2.429802e-01 -4.916465e-04 9.700311e-01
    outer loop
      vertex   -1.412165e+02 3.850001e+01 2.085376e+02
      vertex   -1.411754e+02 4.150001e+01 2.085288e+02
      vertex   -1.413182e+02 4.150001e+01 2.085646e+02
    endloop
  endfacet
  facet normal 2.708404e-01 5.189275e-04 9.626241e-01
    outer loop
      vertex   -1.412165e+02 3.850001e+01 2.085376e+02
      vertex   -1.413182e+02 4.150001e+01 2.085646e+02
      vertex   -1.413605e+02 3.850001e+01 2.085781e+02
    endloop
  endfacet
  facet normal 3.368898e-01 -5.074355e-04 9.415439e-01
    outer loop
      vertex   -1.413605e+02 3.850001e+01 2.085781e+02
      vertex   -1.413182e+02 4.150001e+01 2.085646e+02
      vertex   -1.414568e+02 4.150001e+01 2.086142e+02
    endloop
  endfacet
  facet normal 3.653410e-01 5.340984e-04 9.308736e-01
    outer loop
      vertex   -1.413605e+02 3.850001e+01 2.085781e+02
      vertex   -1.414568e+02 4.150001e+01 2.086142e+02
      vertex   -1.414997e+02 3.850001e+01 2.086327e+02
    endloop
  endfacet
  facet normal 4.275550e-01 -5.220103e-04 9.039892e-01
    outer loop
      vertex   -1.414997e+02 3.850001e+01 2.086327e+02
      vertex   -1.414568e+02 4.150001e+01 2.086142e+02
      vertex   -1.415898e+02 4.150001e+01 2.086771e+02
    endloop
  endfacet
  facet normal 4.562106e-01 5.480556e-04 8.898717e-01
    outer loop
      vertex   -1.414997e+02 3.850001e+01 2.086327e+02
      vertex   -1.415898e+02 4.150001e+01 2.086771e+02
      vertex   -1.416327e+02 3.850001e+01 2.087010e+02
    endloop
  endfacet
  facet normal 5.141027e-01 -5.353708e-04 8.577285e-01
    outer loop
      vertex   -1.416327e+02 3.850001e+01 2.087010e+02
      vertex   -1.415898e+02 4.150001e+01 2.086771e+02
      vertex   -1.417161e+02 4.150001e+01 2.087528e+02
    endloop
  endfacet
  facet normal 5.425462e-01 5.607990e-04 8.400258e-01
    outer loop
      vertex   -1.416327e+02 3.850001e+01 2.087010e+02
      vertex   -1.417161e+02 4.150001e+01 2.087528e+02
      vertex   -1.417583e+02 3.850001e+01 2.087821e+02
    endloop
  endfacet
  facet normal 5.956992e-01 -5.475170e-04 8.032074e-01
    outer loop
      vertex   -1.417583e+02 3.850001e+01 2.087821e+02
      vertex   -1.417161e+02 4.150001e+01 2.087528e+02
      vertex   -1.418343e+02 4.150001e+01 2.088405e+02
    endloop
  endfacet
  facet normal 6.234897e-01 5.723287e-04 7.818314e-01
    outer loop
      vertex   -1.417583e+02 3.850001e+01 2.087821e+02
      vertex   -1.418343e+02 4.150001e+01 2.088405e+02
      vertex   -1.418753e+02 3.850001e+01 2.088753e+02
    endloop
  endfacet
  facet normal 6.715589e-01 -5.584489e-04 7.409510e-01
    outer loop
      vertex   -1.418753e+02 3.850001e+01 2.088753e+02
      vertex   -1.418343e+02 4.150001e+01 2.088405e+02
      vertex   -1.419434e+02 4.150001e+01 2.089393e+02
    endloop
  endfacet
  facet normal 6.982367e-01 5.826447e-04 7.158667e-01
    outer loop
      vertex   -1.418753e+02 3.850001e+01 2.088753e+02
      vertex   -1.419434e+02 4.150001e+01 2.089393e+02
      vertex   -1.419823e+02 3.850001e+01 2.089797e+02
    endloop
  endfacet
  facet normal 7.409510e-01 -5.681662e-04 6.715588e-01
    outer loop
      vertex   -1.419823e+02 3.850001e+01 2.089797e+02
      vertex   -1.419434e+02 4.150001e+01 2.089393e+02
      vertex   -1.420422e+02 4.150001e+01 2.090484e+02
    endloop
  endfacet
  facet normal 7.660443e-01 5.917470e-04 6.427875e-01
    outer loop
      vertex   -1.419823e+02 3.850001e+01 2.089797e+02
      vertex   -1.420422e+02 4.150001e+01 2.090484e+02
      vertex   -1.420784e+02 3.850001e+01 2.090943e+02
    endloop
  endfacet
  facet normal 8.032074e-01 -5.766691e-04 5.956992e-01
    outer loop
      vertex   -1.420784e+02 3.850001e+01 2.090943e+02
      vertex   -1.420422e+02 4.150001e+01 2.090484e+02
      vertex   -1.421299e+02 4.150001e+01 2.091666e+02
    endloop
  endfacet
  facet normal 8.262386e-01 5.996356e-04 5.633200e-01
    outer loop
      vertex   -1.420784e+02 3.850001e+01 2.090943e+02
      vertex   -1.421299e+02 4.150001e+01 2.091666e+02
      vertex   -1.421627e+02 3.850001e+01 2.092178e+02
    endloop
  endfacet
  facet normal 8.577285e-01 -5.839573e-04 5.141027e-01
    outer loop
      vertex   -1.421627e+02 3.850001e+01 2.092178e+02
      vertex   -1.421299e+02 4.150001e+01 2.091666e+02
      vertex   -1.422056e+02 4.150001e+01 2.092929e+02
    endloop
  endfacet
  facet normal 8.782214e-01 6.063106e-04 4.782539e-01
    outer loop
      vertex   -1.421627e+02 3.850001e+01 2.092178e+02
      vertex   -1.422056e+02 4.150001e+01 2.092929e+02
      vertex   -1.422342e+02 3.850001e+01 2.093492e+02
    endloop
  endfacet
  facet normal 9.039891e-01 -5.900309e-04 4.275550e-01
    outer loop
      vertex   -1.422342e+02 3.850001e+01 2.093492e+02
      vertex   -1.422056e+02 4.150001e+01 2.092929e+02
      vertex   -1.422685e+02 4.150001e+01 2.094260e+02
    endloop
  endfacet
  facet normal 9.214760e-01 6.117719e-04 3.884347e-01
    outer loop
      vertex   -1.422342e+02 3.850001e+01 2.093492e+02
      vertex   -1.422685e+02 4.150001e+01 2.094260e+02
      vertex   -1.422923e+02 3.850001e+01 2.094870e+02
    endloop
  endfacet
  facet normal 9.415439e-01 -5.948899e-04 3.368898e-01
    outer loop
      vertex   -1.422923e+02 3.850001e+01 2.094870e+02
      vertex   -1.422685e+02 4.150001e+01 2.094260e+02
      vertex   -1.423181e+02 4.150001e+01 2.095646e+02
    endloop
  endfacet
  facet normal 9.555726e-01 6.160196e-04 2.947551e-01
    outer loop
      vertex   -1.422923e+02 3.850001e+01 2.094870e+02
      vertex   -1.423181e+02 4.150001e+01 2.095646e+02
      vertex   -1.423363e+02 3.850001e+01 2.096299e+02
    endloop
  endfacet
  facet normal 9.700311e-01 -5.985341e-04 2.429801e-01
    outer loop
      vertex   -1.423363e+02 3.850001e+01 2.096299e+02
      vertex   -1.423181e+02 4.150001e+01 2.095646e+02
      vertex   -1.423539e+02 4.150001e+01 2.097074e+02
    endloop
  endfacet
  facet normal 9.801723e-01 6.190536e-04 1.981461e-01
    outer loop
      vertex   -1.423363e+02 3.850001e+01 2.096299e+02
      vertex   -1.423539e+02 4.150001e+01 2.097074e+02
      vertex   -1.423660e+02 3.850001e+01 2.097764e+02
    endloop
  endfacet
  facet normal 9.891763e-01 -6.009636e-04 1.467304e-01
    outer loop
      vertex   -1.423660e+02 3.850001e+01 2.097764e+02
      vertex   -1.423539e+02 4.150001e+01 2.097074e+02
      vertex   -1.423755e+02 4.150001e+01 2.098530e+02
    endloop
  endfacet
  facet normal 9.950306e-01 6.208740e-04 9.956783e-02
    outer loop
      vertex   -1.423660e+02 3.850001e+01 2.097764e+02
      vertex   -1.423755e+02 4.150001e+01 2.098530e+02
      vertex   -1.423809e+02 3.850001e+01 2.099252e+02
    endloop
  endfacet
  facet normal 9.987953e-01 -6.021784e-04 4.906767e-02
    outer loop
      vertex   -1.423809e+02 3.850001e+01 2.099252e+02
      vertex   -1.423755e+02 4.150001e+01 2.098530e+02
      vertex   -1.423827e+02 4.150001e+01 2.100000e+02
    endloop
  endfacet
  facet normal 9.999998e-01 6.214808e-04 -0.000000e+00
    outer loop
      vertex   -1.423809e+02 3.850001e+01 2.099252e+02
      vertex   -1.423827e+02 4.150001e+01 2.100000e+02
      vertex   -1.423809e+02 3.850001e+01 2.100748e+02
    endloop
  endfacet
  facet normal 9.987953e-01 -6.021784e-04 -4.906767e-02
    outer loop
      vertex   -1.423809e+02 3.850001e+01 2.100748e+02
      vertex   -1.423827e+02 4.150001e+01 2.100000e+02
      vertex   -1.423755e+02 4.150001e+01 2.101470e+02
    endloop
  endfacet
  facet normal 9.950306e-01 6.208740e-04 -9.956783e-02
    outer loop
      vertex   -1.423809e+02 3.850001e+01 2.100748e+02
      vertex   -1.423755e+02 4.150001e+01 2.101470e+02
      vertex   -1.423660e+02 3.850001e+01 2.102236e+02
    endloop
  endfacet
  facet normal 9.891763e-01 -6.009636e-04 -1.467304e-01
    outer loop
      vertex   -1.423660e+02 3.850001e+01 2.102236e+02
      vertex   -1.423755e+02 4.150001e+01 2.101470e+02
      vertex   -1.423539e+02 4.150001e+01 2.102926e+02
    endloop
  endfacet
  facet normal 9.801723e-01 6.190536e-04 -1.981461e-01
    outer loop
      vertex   -1.423660e+02 3.850001e+01 2.102236e+02
      vertex   -1.423539e+02 4.150001e+01 2.102926e+02
      vertex   -1.423363e+02 3.850001e+01 2.103701e+02
    endloop
  endfacet
  facet normal 9.700311e-01 -5.985341e-04 -2.429801e-01
    outer loop
      vertex   -1.423363e+02 3.850001e+01 2.103701e+02
      vertex   -1.423539e+02 4.150001e+01 2.102926e+02
      vertex   -1.423181e+02 4.150001e+01 2.104354e+02
    endloop
  endfacet
  facet normal 9.555726e-01 6.160196e-04 -2.947551e-01
    outer loop
      vertex   -1.423363e+02 3.850001e+01 2.103701e+02
      vertex   -1.423181e+02 4.150001e+01 2.104354e+02
      vertex   -1.422923e+02 3.850001e+01 2.105130e+02
    endloop
  endfacet
  facet normal 9.415439e-01 -5.948899e-04 -3.368898e-01
    outer loop
      vertex   -1.422923e+02 3.850001e+01 2.105130e+02
      vertex   -1.423181e+02 4.150001e+01 2.104354e+02
      vertex   -1.422685e+02 4.150001e+01 2.105740e+02
    endloop
  endfacet
  facet normal 9.214760e-01 6.117719e-04 -3.884347e-01
    outer loop
      vertex   -1.422923e+02 3.850001e+01 2.105130e+02
      vertex   -1.422685e+02 4.150001e+01 2.105740e+02
      vertex   -1.422342e+02 3.850001e+01 2.106508e+02
    endloop
  endfacet
  facet normal 9.039891e-01 -5.900309e-04 -4.275550e-01
    outer loop
      vertex   -1.422342e+02 3.850001e+01 2.106508e+02
      vertex   -1.422685e+02 4.150001e+01 2.105740e+02
      vertex   -1.422056e+02 4.150001e+01 2.107071e+02
    endloop
  endfacet
  facet normal 8.782214e-01 6.063106e-04 -4.782539e-01
    outer loop
      vertex   -1.422342e+02 3.850001e+01 2.106508e+02
      vertex   -1.422056e+02 4.150001e+01 2.107071e+02
      vertex   -1.421627e+02 3.850001e+01 2.107822e+02
    endloop
  endfacet
  facet normal 8.577285e-01 -5.839573e-04 -5.141027e-01
    outer loop
      vertex   -1.421627e+02 3.850001e+01 2.107822e+02
      vertex   -1.422056e+02 4.150001e+01 2.107071e+02
      vertex   -1.421299e+02 4.150001e+01 2.108334e+02
    endloop
  endfacet
  facet normal 8.262386e-01 5.996356e-04 -5.633200e-01
    outer loop
      vertex   -1.421627e+02 3.850001e+01 2.107822e+02
      vertex   -1.421299e+02 4.150001e+01 2.108334e+02
      vertex   -1.420784e+02 3.850001e+01 2.109057e+02
    endloop
  endfacet
  facet normal 8.032074e-01 -5.766691e-04 -5.956992e-01
    outer loop
      vertex   -1.420784e+02 3.850001e+01 2.109057e+02
      vertex   -1.421299e+02 4.150001e+01 2.108334e+02
      vertex   -1.420422e+02 4.150001e+01 2.109516e+02
    endloop
  endfacet
  facet normal 7.660443e-01 5.917470e-04 -6.427875e-01
    outer loop
      vertex   -1.420784e+02 3.850001e+01 2.109057e+02
      vertex   -1.420422e+02 4.150001e+01 2.109516e+02
      vertex   -1.419823e+02 3.850001e+01 2.110203e+02
    endloop
  endfacet
  facet normal 7.409510e-01 -5.681662e-04 -6.715588e-01
    outer loop
      vertex   -1.419823e+02 3.850001e+01 2.110203e+02
      vertex   -1.420422e+02 4.150001e+01 2.109516e+02
      vertex   -1.419434e+02 4.150001e+01 2.110607e+02
    endloop
  endfacet
  facet normal 6.982367e-01 5.826447e-04 -7.158667e-01
    outer loop
      vertex   -1.419823e+02 3.850001e+01 2.110203e+02
      vertex   -1.419434e+02 4.150001e+01 2.110607e+02
      vertex   -1.418753e+02 3.850001e+01 2.111247e+02
    endloop
  endfacet
  facet normal 6.715589e-01 -5.584489e-04 -7.409510e-01
    outer loop
      vertex   -1.418753e+02 3.850001e+01 2.111247e+02
      vertex   -1.419434e+02 4.150001e+01 2.110607e+02
      vertex   -1.418343e+02 4.150001e+01 2.111595e+02
    endloop
  endfacet
  facet normal 6.234897e-01 5.723287e-04 -7.818314e-01
    outer loop
      vertex   -1.418753e+02 3.850001e+01 2.111247e+02
      vertex   -1.418343e+02 4.150001e+01 2.111595e+02
      vertex   -1.417583e+02 3.850001e+01 2.112179e+02
    endloop
  endfacet
  facet normal 5.956992e-01 -5.475170e-04 -8.032074e-01
    outer loop
      vertex   -1.417583e+02 3.850001e+01 2.112179e+02
      vertex   -1.418343e+02 4.150001e+01 2.111595e+02
      vertex   -1.417161e+02 4.150001e+01 2.112472e+02
    endloop
  endfacet
  facet normal 5.425462e-01 5.607990e-04 -8.400258e-01
    outer loop
      vertex   -1.417583e+02 3.850001e+01 2.112179e+02
      vertex   -1.417161e+02 4.150001e+01 2.112472e+02
      vertex   -1.416327e+02 3.850001e+01 2.112990e+02
    endloop
  endfacet
  facet normal 5.141027e-01 -5.353708e-04 -8.577285e-01
    outer loop
      vertex   -1.416327e+02 3.850001e+01 2.112990e+02
      vertex   -1.417161e+02 4.150001e+01 2.112472e+02
      vertex   -1.415898e+02 4.150001e+01 2.113229e+02
    endloop
  endfacet
  facet normal 4.562106e-01 5.480556e-04 -8.898717e-01
    outer loop
      vertex   -1.416327e+02 3.850001e+01 2.112990e+02
      vertex   -1.415898e+02 4.150001e+01 2.113229e+02
      vertex   -1.414997e+02 3.850001e+01 2.113673e+02
    endloop
  endfacet
  facet normal 4.275550e-01 -5.220103e-04 -9.039892e-01
    outer loop
      vertex   -1.414997e+02 3.850001e+01 2.113673e+02
      vertex   -1.415898e+02 4.150001e+01 2.113229e+02
      vertex   -1.414568e+02 4.150001e+01 2.113858e+02
    endloop
  endfacet
  facet normal 3.653410e-01 5.340984e-04 -9.308736e-01
    outer loop
      vertex   -1.414997e+02 3.850001e+01 2.113673e+02
      vertex   -1.414568e+02 4.150001e+01 2.113858e+02
      vertex   -1.413605e+02 3.850001e+01 2.114219e+02
    endloop
  endfacet
  facet normal 3.368898e-01 -5.074355e-04 -9.415439e-01
    outer loop
      vertex   -1.413605e+02 3.850001e+01 2.114219e+02
      vertex   -1.414568e+02 4.150001e+01 2.113858e+02
      vertex   -1.413182e+02 4.150001e+01 2.114354e+02
    endloop
  endfacet
  facet normal 2.708404e-01 5.189275e-04 -9.626241e-01
    outer loop
      vertex   -1.413605e+02 3.850001e+01 2.114219e+02
      vertex   -1.413182e+02 4.150001e+01 2.114354e+02
      vertex   -1.412165e+02 3.850001e+01 2.114624e+02
    endloop
  endfacet
  facet normal 2.429802e-01 -4.916465e-04 -9.700311e-01
    outer loop
      vertex   -1.412165e+02 3.850001e+01 2.114624e+02
      vertex   -1.413182e+02 4.150001e+01 2.114354e+02
      vertex   -1.411754e+02 4.150001e+01 2.114712e+02
    endloop
  endfacet
  facet normal 1.736482e-01 5.025427e-04 -9.848076e-01
    outer loop
      vertex   -1.412165e+02 3.850001e+01 2.114624e+02
      vertex   -1.411754e+02 4.150001e+01 2.114712e+02
      vertex   -1.410692e+02 3.850001e+01 2.114884e+02
    endloop
  endfacet
  facet normal 1.467305e-01 -4.746435e-04 -9.891764e-01
    outer loop
      vertex   -1.410692e+02 3.850001e+01 2.114884e+02
      vertex   -1.411754e+02 4.150001e+01 2.114712e+02
      vertex   -1.410298e+02 4.150001e+01 2.114928e+02
    endloop
  endfacet
  facet normal 7.473008e-02 4.849442e-04 -9.972037e-01
    outer loop
      vertex   -1.410692e+02 3.850001e+01 2.114884e+02
      vertex   -1.410298e+02 4.150001e+01 2.114928e+02
      vertex   -1.409201e+02 3.850001e+01 2.114995e+02
    endloop
  endfacet
  facet normal 4.906767e-02 -4.564265e-04 -9.987954e-01
    outer loop
      vertex   -1.409201e+02 3.850001e+01 2.114995e+02
      vertex   -1.410298e+02 4.150001e+01 2.114928e+02
      vertex   -1.408827e+02 4.150001e+01 2.115000e+02
    endloop
  endfacet
  facet normal -2.493069e-02 4.661318e-04 -9.996891e-01
    outer loop
      vertex   -1.409201e+02 3.850001e+01 2.114995e+02
      vertex   -1.408827e+02 4.150001e+01 2.115000e+02
      vertex   -1.407706e+02 3.850001e+01 2.114958e+02
    endloop
  endfacet
  facet normal -4.906767e-02 -4.369957e-04 -9.987954e-01
    outer loop
      vertex   -1.407706e+02 3.850001e+01 2.114958e+02
      vertex   -1.408827e+02 4.150001e+01 2.115000e+02
      vertex   -1.407357e+02 4.150001e+01 2.114928e+02
    endloop
  endfacet
  facet normal -1.243437e-01 4.461056e-04 -9.922391e-01
    outer loop
      vertex   -1.407706e+02 3.850001e+01 2.114958e+02
      vertex   -1.407357e+02 4.150001e+01 2.114928e+02
      vertex   -1.406223e+02 3.850001e+01 2.114772e+02
    endloop
  endfacet
  facet normal -1.467305e-01 -4.163511e-04 -9.891764e-01
    outer loop
      vertex   -1.406223e+02 3.850001e+01 2.114772e+02
      vertex   -1.407357e+02 4.150001e+01 2.114928e+02
      vertex   -1.405901e+02 4.150001e+01 2.114712e+02
    endloop
  endfacet
  facet normal -2.225209e-01 4.248655e-04 -9.749278e-01
    outer loop
      vertex   -1.406223e+02 3.850001e+01 2.114772e+02
      vertex   -1.405901e+02 4.150001e+01 2.114712e+02
      vertex   -1.404765e+02 3.850001e+01 2.114439e+02
    endloop
  endfacet
  facet normal -2.429802e-01 -3.944928e-04 -9.700312e-01
    outer loop
      vertex   -1.404765e+02 3.850001e+01 2.114439e+02
      vertex   -1.405901e+02 4.150001e+01 2.114712e+02
      vertex   -1.404473e+02 4.150001e+01 2.114354e+02
    endloop
  endfacet
  facet normal -3.184866e-01 4.024117e-04 -9.479273e-01
    outer loop
      vertex   -1.404765e+02 3.850001e+01 2.114439e+02
      vertex   -1.404473e+02 4.150001e+01 2.114354e+02
      vertex   -1.403347e+02 3.850001e+01 2.113963e+02
    endloop
  endfacet
  facet normal -3.368898e-01 -3.714210e-04 -9.415440e-01
    outer loop
      vertex   -1.403347e+02 3.850001e+01 2.113963e+02
      vertex   -1.404473e+02 4.150001e+01 2.114354e+02
      vertex   -1.403087e+02 4.150001e+01 2.113858e+02
    endloop
  endfacet
  facet normal -4.112871e-01 3.787439e-04 -9.115058e-01
    outer loop
      vertex   -1.403347e+02 3.850001e+01 2.113963e+02
      vertex   -1.403087e+02 4.150001e+01 2.113858e+02
      vertex   -1.401984e+02 3.850001e+01 2.113348e+02
    endloop
  endfacet
  facet normal -4.275551e-01 -3.471357e-04 -9.039892e-01
    outer loop
      vertex   -1.401984e+02 3.850001e+01 2.113348e+02
      vertex   -1.403087e+02 4.150001e+01 2.113858e+02
      vertex   -1.401756e+02 4.150001e+01 2.113229e+02
    endloop
  endfacet
  facet normal -5.000000e-01 3.538623e-04 -8.660253e-01
    outer loop
      vertex   -1.401984e+02 3.850001e+01 2.113348e+02
      vertex   -1.401756e+02 4.150001e+01 2.113229e+02
      vertex   -1.400689e+02 3.850001e+01 2.112600e+02
    endloop
  endfacet
  facet normal -5.141027e-01 -3.216371e-04 -8.577286e-01
    outer loop
      vertex   -1.400689e+02 3.850001e+01 2.112600e+02
      vertex   -1.401756e+02 4.150001e+01 2.113229e+02
      vertex   -1.400494e+02 4.150001e+01 2.112472e+02
    endloop
  endfacet
  facet normal -5.837436e-01 3.277669e-04 -8.119380e-01
    outer loop
      vertex   -1.400689e+02 3.850001e+01 2.112600e+02
      vertex   -1.400494e+02 4.150001e+01 2.112472e+02
      vertex   -1.399475e+02 3.850001e+01 2.111727e+02
    endloop
  endfacet
  facet normal -5.956993e-01 -2.949253e-04 -8.032075e-01
    outer loop
      vertex   -1.399475e+02 3.850001e+01 2.111727e+02
      vertex   -1.400494e+02 4.150001e+01 2.112472e+02
      vertex   -1.399311e+02 4.150001e+01 2.111595e+02
    endloop
  endfacet
  facet normal -6.616858e-01 3.004577e-04 -7.497812e-01
    outer loop
      vertex   -1.399475e+02 3.850001e+01 2.111727e+02
      vertex   -1.399311e+02 4.150001e+01 2.111595e+02
      vertex   -1.398354e+02 3.850001e+01 2.110738e+02
    endloop
  endfacet
  facet normal -6.715589e-01 -2.670003e-04 -7.409511e-01
    outer loop
      vertex   -1.398354e+02 3.850001e+01 2.110738e+02
      vertex   -1.399311e+02 4.150001e+01 2.111595e+02
      vertex   -1.398221e+02 4.150001e+01 2.110607e+02
    endloop
  endfacet
  facet normal -7.330518e-01 2.719346e-04 -6.801727e-01
    outer loop
      vertex   -1.398354e+02 3.850001e+01 2.110738e+02
      vertex   -1.398221e+02 4.150001e+01 2.110607e+02
      vertex   -1.397337e+02 3.850001e+01 2.109642e+02
    endloop
  endfacet
  facet normal -7.409511e-01 -2.378624e-04 -6.715589e-01
    outer loop
      vertex   -1.397337e+02 3.850001e+01 2.109642e+02
      vertex   -1.398221e+02 4.150001e+01 2.110607e+02
      vertex   -1.397232e+02 4.150001e+01 2.109516e+02
    endloop
  endfacet
  facet normal -7.971325e-01 2.421978e-04 -6.038044e-01
    outer loop
      vertex   -1.397337e+02 3.850001e+01 2.109642e+02
      vertex   -1.397232e+02 4.150001e+01 2.109516e+02
      vertex   -1.396434e+02 3.850001e+01 2.108450e+02
    endloop
  endfacet
  facet normal -8.032075e-01 -2.075115e-04 -5.956993e-01
    outer loop
      vertex   -1.396434e+02 3.850001e+01 2.108450e+02
      vertex   -1.397232e+02 4.150001e+01 2.109516e+02
      vertex   -1.396355e+02 4.150001e+01 2.108334e+02
    endloop
  endfacet
  facet normal -8.532909e-01 2.112472e-04 -5.214352e-01
    outer loop
      vertex   -1.396434e+02 3.850001e+01 2.108450e+02
      vertex   -1.396355e+02 4.150001e+01 2.108334e+02
      vertex   -1.395654e+02 3.850001e+01 2.107174e+02
    endloop
  endfacet
  facet normal -8.577286e-01 -1.759479e-04 -5.141027e-01
    outer loop
      vertex   -1.395654e+02 3.850001e+01 2.107174e+02
      vertex   -1.396355e+02 4.150001e+01 2.108334e+02
      vertex   -1.395598e+02 4.150001e+01 2.107071e+02
    endloop
  endfacet
  facet normal -9.009689e-01 1.790830e-04 -4.338837e-01
    outer loop
      vertex   -1.395654e+02 3.850001e+01 2.107174e+02
      vertex   -1.395598e+02 4.150001e+01 2.107071e+02
      vertex   -1.395005e+02 3.850001e+01 2.105827e+02
    endloop
  endfacet
  facet normal -9.039893e-01 -1.431716e-04 -4.275551e-01
    outer loop
      vertex   -1.395005e+02 3.850001e+01 2.105827e+02
      vertex   -1.395598e+02 4.150001e+01 2.107071e+02
      vertex   -1.394969e+02 4.150001e+01 2.105740e+02
    endloop
  endfacet
  facet normal -9.396926e-01 1.457051e-04 -3.420201e-01
    outer loop
      vertex   -1.395005e+02 3.850001e+01 2.105827e+02
      vertex   -1.394969e+02 4.150001e+01 2.105740e+02
      vertex   -1.394494e+02 3.850001e+01 2.104421e+02
    endloop
  endfacet
  facet normal -9.415441e-01 -1.091827e-04 -3.368899e-01
    outer loop
      vertex   -1.394494e+02 3.850001e+01 2.104421e+02
      vertex   -1.394969e+02 4.150001e+01 2.105740e+02
      vertex   -1.394473e+02 4.150001e+01 2.104354e+02
    endloop
  endfacet
  facet normal -9.690773e-01 1.111136e-04 -2.467574e-01
    outer loop
      vertex   -1.394494e+02 3.850001e+01 2.104421e+02
      vertex   -1.394473e+02 4.150001e+01 2.104354e+02
      vertex   -1.394125e+02 3.850001e+01 2.102972e+02
    endloop
  endfacet
  facet normal -9.700313e-01 -7.398134e-05 -2.429802e-01
    outer loop
      vertex   -1.394125e+02 3.850001e+01 2.102972e+02
      vertex   -1.394473e+02 4.150001e+01 2.104354e+02
      vertex   -1.394116e+02 4.150001e+01 2.102926e+02
    endloop
  endfacet
  facet normal -9.888308e-01 7.530861e-05 -1.490423e-01
    outer loop
      vertex   -1.394125e+02 3.850001e+01 2.102972e+02
      vertex   -1.394116e+02 4.150001e+01 2.102926e+02
      vertex   -1.393902e+02 3.850001e+01 2.101494e+02
    endloop
  endfacet
  facet normal -9.891765e-01 -3.756762e-05 -1.467305e-01
    outer loop
      vertex   -1.393902e+02 3.850001e+01 2.101494e+02
      vertex   -1.394116e+02 4.150001e+01 2.102926e+02
      vertex   -1.393900e+02 4.150001e+01 2.101470e+02
    endloop
  endfacet
  facet normal -9.987569e-01 3.829017e-05 -4.984589e-02
    outer loop
      vertex   -1.393902e+02 3.850001e+01 2.101494e+02
      vertex   -1.393900e+02 4.150001e+01 2.101470e+02
      vertex   -1.393827e+02 3.850001e+01 2.100000e+02
    endloop
  endfacet
  facet normal -9.987569e-01 5.836328e-08 4.984589e-02
    outer loop
      vertex   -1.393827e+02 3.550001e+01 2.100000e+02
      vertex   -1.393827e+02 3.850001e+01 2.100000e+02
      vertex   -1.393902e+02 3.550001e+01 2.098507e+02
    endloop
  endfacet
  facet normal -9.987569e-01 5.836328e-08 4.984589e-02
    outer loop
      vertex   -1.393902e+02 3.550001e+01 2.098507e+02
      vertex   -1.393827e+02 3.850001e+01 2.100000e+02
      vertex   -1.393902e+02 3.850001e+01 2.098507e+02
    endloop
  endfacet
  facet normal -9.888308e-01 5.778324e-08 1.490423e-01
    outer loop
      vertex   -1.393902e+02 3.550001e+01 2.098507e+02
      vertex   -1.393902e+02 3.850001e+01 2.098507e+02
      vertex   -1.394125e+02 3.550001e+01 2.097028e+02
    endloop
  endfacet
  facet normal -9.888308e-01 5.778324e-08 1.490423e-01
    outer loop
      vertex   -1.394125e+02 3.550001e+01 2.097028e+02
      vertex   -1.393902e+02 3.850001e+01 2.098507e+02
      vertex   -1.394125e+02 3.850001e+01 2.097028e+02
    endloop
  endfacet
  facet normal -9.690773e-01 5.662893e-08 2.467574e-01
    outer loop
      vertex   -1.394125e+02 3.550001e+01 2.097028e+02
      vertex   -1.394125e+02 3.850001e+01 2.097028e+02
      vertex   -1.394494e+02 3.550001e+01 2.095579e+02
    endloop
  endfacet
  facet normal -9.690773e-01 5.662893e-08 2.467574e-01
    outer loop
      vertex   -1.394494e+02 3.550001e+01 2.095579e+02
      vertex   -1.394125e+02 3.850001e+01 2.097028e+02
      vertex   -1.394494e+02 3.850001e+01 2.095579e+02
    endloop
  endfacet
  facet normal -9.396926e-01 5.491181e-08 3.420201e-01
    outer loop
      vertex   -1.394494e+02 3.550001e+01 2.095579e+02
      vertex   -1.394494e+02 3.850001e+01 2.095579e+02
      vertex   -1.395005e+02 3.550001e+01 2.094173e+02
    endloop
  endfacet
  facet normal -9.396926e-01 5.491180e-08 3.420201e-01
    outer loop
      vertex   -1.395005e+02 3.550001e+01 2.094173e+02
      vertex   -1.394494e+02 3.850001e+01 2.095579e+02
      vertex   -1.395005e+02 3.850001e+01 2.094173e+02
    endloop
  endfacet
  facet normal -9.009689e-01 5.264894e-08 4.338837e-01
    outer loop
      vertex   -1.395005e+02 3.550001e+01 2.094173e+02
      vertex   -1.395005e+02 3.850001e+01 2.094173e+02
      vertex   -1.395654e+02 3.550001e+01 2.092826e+02
    endloop
  endfacet
  facet normal -9.009689e-01 5.264895e-08 4.338837e-01
    outer loop
      vertex   -1.395654e+02 3.550001e+01 2.092826e+02
      vertex   -1.395005e+02 3.850001e+01 2.094173e+02
      vertex   -1.395654e+02 3.850001e+01 2.092826e+02
    endloop
  endfacet
  facet normal -8.532909e-01 4.986284e-08 5.214352e-01
    outer loop
      vertex   -1.395654e+02 3.550001e+01 2.092826e+02
      vertex   -1.395654e+02 3.850001e+01 2.092826e+02
      vertex   -1.396434e+02 3.550001e+01 2.091550e+02
    endloop
  endfacet
  facet normal -8.532909e-01 4.986283e-08 5.214352e-01
    outer loop
      vertex   -1.396434e+02 3.550001e+01 2.091550e+02
      vertex   -1.395654e+02 3.850001e+01 2.092826e+02
      vertex   -1.396434e+02 3.850001e+01 2.091550e+02
    endloop
  endfacet
  facet normal -7.971325e-01 4.658117e-08 6.038044e-01
    outer loop
      vertex   -1.396434e+02 3.550001e+01 2.091550e+02
      vertex   -1.396434e+02 3.850001e+01 2.091550e+02
      vertex   -1.397337e+02 3.550001e+01 2.090358e+02
    endloop
  endfacet
  facet normal -7.971325e-01 4.658118e-08 6.038044e-01
    outer loop
      vertex   -1.397337e+02 3.550001e+01 2.090358e+02
      vertex   -1.396434e+02 3.850001e+01 2.091550e+02
      vertex   -1.397337e+02 3.850001e+01 2.090358e+02
    endloop
  endfacet
  facet normal -7.330519e-01 4.283656e-08 6.801727e-01
    outer loop
      vertex   -1.397337e+02 3.550001e+01 2.090358e+02
      vertex   -1.397337e+02 3.850001e+01 2.090358e+02
      vertex   -1.398354e+02 3.550001e+01 2.089262e+02
    endloop
  endfacet
  facet normal -7.330519e-01 4.283656e-08 6.801727e-01
    outer loop
      vertex   -1.398354e+02 3.550001e+01 2.089262e+02
      vertex   -1.397337e+02 3.850001e+01 2.090358e+02
      vertex   -1.398354e+02 3.850001e+01 2.089262e+02
    endloop
  endfacet
  facet normal -6.616858e-01 3.866622e-08 7.497812e-01
    outer loop
      vertex   -1.398354e+02 3.550001e+01 2.089262e+02
      vertex   -1.398354e+02 3.850001e+01 2.089262e+02
      vertex   -1.399475e+02 3.550001e+01 2.088273e+02
    endloop
  endfacet
  facet normal -6.616858e-01 3.866622e-08 7.497812e-01
    outer loop
      vertex   -1.399475e+02 3.550001e+01 2.088273e+02
      vertex   -1.398354e+02 3.850001e+01 2.089262e+02
      vertex   -1.399475e+02 3.850001e+01 2.088273e+02
    endloop
  endfacet
  facet normal -5.837437e-01 3.411160e-08 8.119380e-01
    outer loop
      vertex   -1.399475e+02 3.550001e+01 2.088273e+02
      vertex   -1.399475e+02 3.850001e+01 2.088273e+02
      vertex   -1.400689e+02 3.550001e+01 2.087400e+02
    endloop
  endfacet
  facet normal -5.837437e-01 3.411160e-08 8.119380e-01
    outer loop
      vertex   -1.400689e+02 3.550001e+01 2.087400e+02
      vertex   -1.399475e+02 3.850001e+01 2.088273e+02
      vertex   -1.400689e+02 3.850001e+01 2.087400e+02
    endloop
  endfacet
  facet normal -5.000000e-01 2.921796e-08 8.660254e-01
    outer loop
      vertex   -1.400689e+02 3.550001e+01 2.087400e+02
      vertex   -1.400689e+02 3.850001e+01 2.087400e+02
      vertex   -1.401984e+02 3.550001e+01 2.086652e+02
    endloop
  endfacet
  facet normal -5.000000e-01 2.921796e-08 8.660254e-01
    outer loop
      vertex   -1.401984e+02 3.550001e+01 2.086652e+02
      vertex   -1.400689e+02 3.850001e+01 2.087400e+02
      vertex   -1.401984e+02 3.850001e+01 2.086652e+02
    endloop
  endfacet
  facet normal -4.112871e-01 2.403394e-08 9.115059e-01
    outer loop
      vertex   -1.401984e+02 3.550001e+01 2.086652e+02
      vertex   -1.401984e+02 3.850001e+01 2.086652e+02
      vertex   -1.403347e+02 3.550001e+01 2.086037e+02
    endloop
  endfacet
  facet normal -4.112871e-01 2.403394e-08 9.115059e-01
    outer loop
      vertex   -1.403347e+02 3.550001e+01 2.086037e+02
      vertex   -1.401984e+02 3.850001e+01 2.086652e+02
      vertex   -1.403347e+02 3.850001e+01 2.086037e+02
    endloop
  endfacet
  facet normal -3.184867e-01 1.861106e-08 9.479273e-01
    outer loop
      vertex   -1.403347e+02 3.550001e+01 2.086037e+02
      vertex   -1.403347e+02 3.850001e+01 2.086037e+02
      vertex   -1.404765e+02 3.550001e+01 2.085561e+02
    endloop
  endfacet
  facet normal -3.184867e-01 1.861106e-08 9.479273e-01
    outer loop
      vertex   -1.404765e+02 3.550001e+01 2.085561e+02
      vertex   -1.403347e+02 3.850001e+01 2.086037e+02
      vertex   -1.404765e+02 3.850001e+01 2.085561e+02
    endloop
  endfacet
  facet normal -2.225209e-01 1.300322e-08 9.749279e-01
    outer loop
      vertex   -1.404765e+02 3.550001e+01 2.085561e+02
      vertex   -1.404765e+02 3.850001e+01 2.085561e+02
      vertex   -1.406223e+02 3.550001e+01 2.085228e+02
    endloop
  endfacet
  facet normal -2.225209e-01 1.300322e-08 9.749279e-01
    outer loop
      vertex   -1.406223e+02 3.550001e+01 2.085228e+02
      vertex   -1.404765e+02 3.850001e+01 2.085561e+02
      vertex   -1.406223e+02 3.850001e+01 2.085228e+02
    endloop
  endfacet
  facet normal -1.243437e-01 7.266139e-09 9.922392e-01
    outer loop
      vertex   -1.406223e+02 3.550001e+01 2.085228e+02
      vertex   -1.406223e+02 3.850001e+01 2.085228e+02
      vertex   -1.407706e+02 3.550001e+01 2.085042e+02
    endloop
  endfacet
  facet normal -1.243437e-01 7.266138e-09 9.922392e-01
    outer loop
      vertex   -1.407706e+02 3.550001e+01 2.085042e+02
      vertex   -1.406223e+02 3.850001e+01 2.085228e+02
      vertex   -1.407706e+02 3.850001e+01 2.085042e+02
    endloop
  endfacet
  facet normal -2.493069e-02 1.456848e-09 9.996892e-01
    outer loop
      vertex   -1.407706e+02 3.550001e+01 2.085042e+02
      vertex   -1.407706e+02 3.850001e+01 2.085042e+02
      vertex   -1.409201e+02 3.550001e+01 2.085005e+02
    endloop
  endfacet
  facet normal -2.493069e-02 1.456848e-09 9.996892e-01
    outer loop
      vertex   -1.409201e+02 3.550001e+01 2.085005e+02
      vertex   -1.407706e+02 3.850001e+01 2.085042e+02
      vertex   -1.409201e+02 3.850001e+01 2.085005e+02
    endloop
  endfacet
  facet normal 7.473009e-02 -4.366921e-09 9.972038e-01
    outer loop
      vertex   -1.409201e+02 3.550001e+01 2.085005e+02
      vertex   -1.409201e+02 3.850001e+01 2.085005e+02
      vertex   -1.410692e+02 3.550001e+01 2.085116e+02
    endloop
  endfacet
  facet normal 7.473009e-02 -4.366922e-09 9.972038e-01
    outer loop
      vertex   -1.410692e+02 3.550001e+01 2.085116e+02
      vertex   -1.409201e+02 3.850001e+01 2.085005e+02
      vertex   -1.410692e+02 3.850001e+01 2.085116e+02
    endloop
  endfacet
  facet normal 1.736482e-01 -1.014729e-08 9.848078e-01
    outer loop
      vertex   -1.410692e+02 3.550001e+01 2.085116e+02
      vertex   -1.410692e+02 3.850001e+01 2.085116e+02
      vertex   -1.412165e+02 3.550001e+01 2.085376e+02
    endloop
  endfacet
  facet normal 1.736482e-01 -1.014729e-08 9.848078e-01
    outer loop
      vertex   -1.412165e+02 3.550001e+01 2.085376e+02
      vertex   -1.410692e+02 3.850001e+01 2.085116e+02
      vertex   -1.412165e+02 3.850001e+01 2.085376e+02
    endloop
  endfacet
  facet normal 2.708405e-01 -1.582681e-08 9.626242e-01
    outer loop
      vertex   -1.412165e+02 3.550001e+01 2.085376e+02
      vertex   -1.412165e+02 3.850001e+01 2.085376e+02
      vertex   -1.413605e+02 3.550001e+01 2.085781e+02
    endloop
  endfacet
  facet normal 2.708405e-01 -1.582681e-08 9.626242e-01
    outer loop
      vertex   -1.413605e+02 3.550001e+01 2.085781e+02
      vertex   -1.412165e+02 3.850001e+01 2.085376e+02
      vertex   -1.413605e+02 3.850001e+01 2.085781e+02
    endloop
  endfacet
  facet normal 3.653410e-01 -2.134904e-08 9.308737e-01
    outer loop
      vertex   -1.413605e+02 3.550001e+01 2.085781e+02
      vertex   -1.413605e+02 3.850001e+01 2.085781e+02
      vertex   -1.414997e+02 3.550001e+01 2.086327e+02
    endloop
  endfacet
  facet normal 3.653410e-01 -2.134904e-08 9.308737e-01
    outer loop
      vertex   -1.414997e+02 3.550001e+01 2.086327e+02
      vertex   -1.413605e+02 3.850001e+01 2.085781e+02
      vertex   -1.414997e+02 3.850001e+01 2.086327e+02
    endloop
  endfacet
  facet normal 4.562107e-01 -2.665909e-08 8.898718e-01
    outer loop
      vertex   -1.414997e+02 3.550001e+01 2.086327e+02
      vertex   -1.414997e+02 3.850001e+01 2.086327e+02
      vertex   -1.416327e+02 3.550001e+01 2.087010e+02
    endloop
  endfacet
  facet normal 4.562107e-01 -2.665909e-08 8.898718e-01
    outer loop
      vertex   -1.416327e+02 3.550001e+01 2.087010e+02
      vertex   -1.414997e+02 3.850001e+01 2.086327e+02
      vertex   -1.416327e+02 3.850001e+01 2.087010e+02
    endloop
  endfacet
  facet normal 5.425463e-01 -3.170419e-08 8.400259e-01
    outer loop
      vertex   -1.416327e+02 3.550001e+01 2.087010e+02
      vertex   -1.416327e+02 3.850001e+01 2.087010e+02
      vertex   -1.417583e+02 3.550001e+01 2.087821e+02
    endloop
  endfacet
  facet normal 5.425463e-01 -3.170419e-08 8.400259e-01
    outer loop
      vertex   -1.417583e+02 3.550001e+01 2.087821e+02
      vertex   -1.416327e+02 3.850001e+01 2.087010e+02
      vertex   -1.417583e+02 3.850001e+01 2.087821e+02
    endloop
  endfacet
  facet normal 6.234898e-01 -3.643420e-08 7.818315e-01
    outer loop
      vertex   -1.417583e+02 3.550001e+01 2.087821e+02
      vertex   -1.417583e+02 3.850001e+01 2.087821e+02
      vertex   -1.418753e+02 3.550001e+01 2.088753e+02
    endloop
  endfacet
  facet normal 6.234898e-01 -3.643420e-08 7.818315e-01
    outer loop
      vertex   -1.418753e+02 3.550001e+01 2.088753e+02
      vertex   -1.417583e+02 3.850001e+01 2.087821e+02
      vertex   -1.418753e+02 3.850001e+01 2.088753e+02
    endloop
  endfacet
  facet normal 6.982368e-01 -4.080211e-08 7.158668e-01
    outer loop
      vertex   -1.418753e+02 3.550001e+01 2.088753e+02
      vertex   -1.418753e+02 3.850001e+01 2.088753e+02
      vertex   -1.419823e+02 3.550001e+01 2.089797e+02
    endloop
  endfacet
  facet normal 6.982368e-01 -4.080211e-08 7.158668e-01
    outer loop
      vertex   -1.419823e+02 3.550001e+01 2.089797e+02
      vertex   -1.418753e+02 3.850001e+01 2.088753e+02
      vertex   -1.419823e+02 3.850001e+01 2.089797e+02
    endloop
  endfacet
  facet normal 7.660444e-01 -4.476451e-08 6.427876e-01
    outer loop
      vertex   -1.419823e+02 3.550001e+01 2.089797e+02
      vertex   -1.419823e+02 3.850001e+01 2.089797e+02
      vertex   -1.420784e+02 3.550001e+01 2.090943e+02
    endloop
  endfacet
  facet normal 7.660444e-01 -4.476452e-08 6.427876e-01
    outer loop
      vertex   -1.420784e+02 3.550001e+01 2.090943e+02
      vertex   -1.419823e+02 3.850001e+01 2.089797e+02
      vertex   -1.420784e+02 3.850001e+01 2.090943e+02
    endloop
  endfacet
  facet normal 8.262388e-01 -4.828203e-08 5.633201e-01
    outer loop
      vertex   -1.420784e+02 3.550001e+01 2.090943e+02
      vertex   -1.420784e+02 3.850001e+01 2.090943e+02
      vertex   -1.421627e+02 3.550001e+01 2.092178e+02
    endloop
  endfacet
  facet normal 8.262388e-01 -4.828203e-08 5.633201e-01
    outer loop
      vertex   -1.421627e+02 3.550001e+01 2.092178e+02
      vertex   -1.420784e+02 3.850001e+01 2.090943e+02
      vertex   -1.421627e+02 3.850001e+01 2.092178e+02
    endloop
  endfacet
  facet normal 8.782216e-01 -5.131969e-08 4.782540e-01
    outer loop
      vertex   -1.421627e+02 3.550001e+01 2.092178e+02
      vertex   -1.421627e+02 3.850001e+01 2.092178e+02
      vertex   -1.422342e+02 3.550001e+01 2.093492e+02
    endloop
  endfacet
  facet normal 8.782216e-01 -5.131969e-08 4.782540e-01
    outer loop
      vertex   -1.422342e+02 3.550001e+01 2.093492e+02
      vertex   -1.421627e+02 3.850001e+01 2.092178e+02
      vertex   -1.422342e+02 3.850001e+01 2.093492e+02
    endloop
  endfacet
  facet normal 9.214762e-01 -5.384731e-08 3.884348e-01
    outer loop
      vertex   -1.422342e+02 3.550001e+01 2.093492e+02
      vertex   -1.422342e+02 3.850001e+01 2.093492e+02
      vertex   -1.422923e+02 3.550001e+01 2.094870e+02
    endloop
  endfacet
  facet normal 9.214762e-01 -5.384731e-08 3.884348e-01
    outer loop
      vertex   -1.422923e+02 3.550001e+01 2.094870e+02
      vertex   -1.422342e+02 3.850001e+01 2.093492e+02
      vertex   -1.422923e+02 3.850001e+01 2.094870e+02
    endloop
  endfacet
  facet normal 9.555728e-01 -5.583978e-08 2.947552e-01
    outer loop
      vertex   -1.422923e+02 3.550001e+01 2.094870e+02
      vertex   -1.422923e+02 3.850001e+01 2.094870e+02
      vertex   -1.423363e+02 3.550001e+01 2.096299e+02
    endloop
  endfacet
  facet normal 9.555728e-01 -5.583978e-08 2.947552e-01
    outer loop
      vertex   -1.423363e+02 3.550001e+01 2.096299e+02
      vertex   -1.422923e+02 3.850001e+01 2.094870e+02
      vertex   -1.423363e+02 3.850001e+01 2.096299e+02
    endloop
  endfacet
  facet normal 9.801725e-01 -5.727729e-08 1.981461e-01
    outer loop
      vertex   -1.423363e+02 3.550001e+01 2.096299e+02
      vertex   -1.423363e+02 3.850001e+01 2.096299e+02
      vertex   -1.423660e+02 3.550001e+01 2.097764e+02
    endloop
  endfacet
  facet normal 9.801725e-01 -5.727728e-08 1.981461e-01
    outer loop
      vertex   -1.423660e+02 3.550001e+01 2.097764e+02
      vertex   -1.423363e+02 3.850001e+01 2.096299e+02
      vertex   -1.423660e+02 3.850001e+01 2.097764e+02
    endloop
  endfacet
  facet normal 9.950308e-01 -5.814553e-08 9.956785e-02
    outer loop
      vertex   -1.423660e+02 3.550001e+01 2.097764e+02
      vertex   -1.423660e+02 3.850001e+01 2.097764e+02
      vertex   -1.423809e+02 3.550001e+01 2.099252e+02
    endloop
  endfacet
  facet normal 9.950308e-01 -5.814554e-08 9.956785e-02
    outer loop
      vertex   -1.423809e+02 3.550001e+01 2.099252e+02
      vertex   -1.423660e+02 3.850001e+01 2.097764e+02
      vertex   -1.423809e+02 3.850001e+01 2.099252e+02
    endloop
  endfacet
  facet normal 1.000000e+00 -5.843593e-08 0.000000e+00
    outer loop
      vertex   -1.423809e+02 3.550001e+01 2.099252e+02
      vertex   -1.423809e+02 3.850001e+01 2.099252e+02
      vertex   -1.423809e+02 3.550001e+01 2.100748e+02
    endloop
  endfacet
  facet normal 1.000000e+00 -5.843593e-08 0.000000e+00
    outer loop
      vertex   -1.423809e+02 3.550001e+01 2.100748e+02
      vertex   -1.423809e+02 3.850001e+01 2.099252e+02
      vertex   -1.423809e+02 3.850001e+01 2.100748e+02
    endloop
  endfacet
  facet normal 9.950308e-01 -5.814554e-08 -9.956785e-02
    outer loop
      vertex   -1.423809e+02 3.550001e+01 2.100748e+02
      vertex   -1.423809e+02 3.850001e+01 2.100748e+02
      vertex   -1.423660e+02 3.550001e+01 2.102236e+02
    endloop
  endfacet
  facet normal 9.950308e-01 -5.814553e-08 -9.956785e-02
    outer loop
      vertex   -1.423660e+02 3.550001e+01 2.102236e+02
      vertex   -1.423809e+02 3.850001e+01 2.100748e+02
      vertex   -1.423660e+02 3.850001e+01 2.102236e+02
    endloop
  endfacet
  facet normal 9.801725e-01 -5.727728e-08 -1.981461e-01
    outer loop
      vertex   -1.423660e+02 3.550001e+01 2.102236e+02
      vertex   -1.423660e+02 3.850001e+01 2.102236e+02
      vertex   -1.423363e+02 3.550001e+01 2.103701e+02
    endloop
  endfacet
  facet normal 9.801725e-01 -5.727729e-08 -1.981461e-01
    outer loop
      vertex   -1.423363e+02 3.550001e+01 2.103701e+02
      vertex   -1.423660e+02 3.850001e+01 2.102236e+02
      vertex   -1.423363e+02 3.850001e+01 2.103701e+02
    endloop
  endfacet
  facet normal 9.555728e-01 -5.583978e-08 -2.947552e-01
    outer loop
      vertex   -1.423363e+02 3.550001e+01 2.103701e+02
      vertex   -1.423363e+02 3.850001e+01 2.103701e+02
      vertex   -1.422923e+02 3.550001e+01 2.105130e+02
    endloop
  endfacet
  facet normal 9.555728e-01 -5.583978e-08 -2.947552e-01
    outer loop
      vertex   -1.422923e+02 3.550001e+01 2.105130e+02
      vertex   -1.423363e+02 3.850001e+01 2.103701e+02
      vertex   -1.422923e+02 3.850001e+01 2.105130e+02
    endloop
  endfacet
  facet normal 9.214762e-01 -5.384731e-08 -3.884348e-01
    outer loop
      vertex   -1.422923e+02 3.550001e+01 2.105130e+02
      vertex   -1.422923e+02 3.850001e+01 2.105130e+02
      vertex   -1.422342e+02 3.550001e+01 2.106508e+02
    endloop
  endfacet
  facet normal 9.214762e-01 -5.384731e-08 -3.884348e-01
    outer loop
      vertex   -1.422342e+02 3.550001e+01 2.106508e+02
      vertex   -1.422923e+02 3.850001e+01 2.105130e+02
      vertex   -1.422342e+02 3.850001e+01 2.106508e+02
    endloop
  endfacet
  facet normal 8.782216e-01 -5.131969e-08 -4.782540e-01
    outer loop
      vertex   -1.422342e+02 3.550001e+01 2.106508e+02
      vertex   -1.422342e+02 3.850001e+01 2.106508e+02
      vertex   -1.421627e+02 3.550001e+01 2.107822e+02
    endloop
  endfacet
  facet normal 8.782216e-01 -5.131969e-08 -4.782540e-01
    outer loop
      vertex   -1.421627e+02 3.550001e+01 2.107822e+02
      vertex   -1.422342e+02 3.850001e+01 2.106508e+02
      vertex   -1.421627e+02 3.850001e+01 2.107822e+02
    endloop
  endfacet
  facet normal 8.262388e-01 -4.828203e-08 -5.633201e-01
    outer loop
      vertex   -1.421627e+02 3.550001e+01 2.107822e+02
      vertex   -1.421627e+02 3.850001e+01 2.107822e+02
      vertex   -1.420784e+02 3.550001e+01 2.109057e+02
    endloop
  endfacet
  facet normal 8.262388e-01 -4.828203e-08 -5.633201e-01
    outer loop
      vertex   -1.420784e+02 3.550001e+01 2.109057e+02
      vertex   -1.421627e+02 3.850001e+01 2.107822e+02
      vertex   -1.420784e+02 3.850001e+01 2.109057e+02
    endloop
  endfacet
  facet normal 7.660444e-01 -4.476452e-08 -6.427876e-01
    outer loop
      vertex   -1.420784e+02 3.550001e+01 2.109057e+02
      vertex   -1.420784e+02 3.850001e+01 2.109057e+02
      vertex   -1.419823e+02 3.550001e+01 2.110203e+02
    endloop
  endfacet
  facet normal 7.660444e-01 -4.476451e-08 -6.427876e-01
    outer loop
      vertex   -1.419823e+02 3.550001e+01 2.110203e+02
      vertex   -1.420784e+02 3.850001e+01 2.109057e+02
      vertex   -1.419823e+02 3.850001e+01 2.110203e+02
    endloop
  endfacet
  facet normal 6.982368e-01 -4.080211e-08 -7.158668e-01
    outer loop
      vertex   -1.419823e+02 3.550001e+01 2.110203e+02
      vertex   -1.419823e+02 3.850001e+01 2.110203e+02
      vertex   -1.418753e+02 3.550001e+01 2.111247e+02
    endloop
  endfacet
  facet normal 6.982368e-01 -4.080211e-08 -7.158668e-01
    outer loop
      vertex   -1.418753e+02 3.550001e+01 2.111247e+02
      vertex   -1.419823e+02 3.850001e+01 2.110203e+02
      vertex   -1.418753e+02 3.850001e+01 2.111247e+02
    endloop
  endfacet
  facet normal 6.234898e-01 -3.643420e-08 -7.818315e-01
    outer loop
      vertex   -1.418753e+02 3.550001e+01 2.111247e+02
      vertex   -1.418753e+02 3.850001e+01 2.111247e+02
      vertex   -1.417583e+02 3.550001e+01 2.112179e+02
    endloop
  endfacet
  facet normal 6.234898e-01 -3.643420e-08 -7.818315e-01
    outer loop
      vertex   -1.417583e+02 3.550001e+01 2.112179e+02
      vertex   -1.418753e+02 3.850001e+01 2.111247e+02
      vertex   -1.417583e+02 3.850001e+01 2.112179e+02
    endloop
  endfacet
  facet normal 5.425463e-01 -3.170419e-08 -8.400259e-01
    outer loop
      vertex   -1.417583e+02 3.550001e+01 2.112179e+02
      vertex   -1.417583e+02 3.850001e+01 2.112179e+02
      vertex   -1.416327e+02 3.550001e+01 2.112990e+02
    endloop
  endfacet
  facet normal 5.425463e-01 -3.170419e-08 -8.400259e-01
    outer loop
      vertex   -1.416327e+02 3.550001e+01 2.112990e+02
      vertex   -1.417583e+02 3.850001e+01 2.112179e+02
      vertex   -1.416327e+02 3.850001e+01 2.112990e+02
    endloop
  endfacet
  facet normal 4.562107e-01 -2.665909e-08 -8.898718e-01
    outer loop
      vertex   -1.416327e+02 3.550001e+01 2.112990e+02
      vertex   -1.416327e+02 3.850001e+01 2.112990e+02
      vertex   -1.414997e+02 3.550001e+01 2.113673e+02
    endloop
  endfacet
  facet normal 4.562107e-01 -2.665909e-08 -8.898718e-01
    outer loop
      vertex   -1.414997e+02 3.550001e+01 2.113673e+02
      vertex   -1.416327e+02 3.850001e+01 2.112990e+02
      vertex   -1.414997e+02 3.850001e+01 2.113673e+02
    endloop
  endfacet
  facet normal 3.653410e-01 -2.134904e-08 -9.308737e-01
    outer loop
      vertex   -1.414997e+02 3.550001e+01 2.113673e+02
      vertex   -1.414997e+02 3.850001e+01 2.113673e+02
      vertex   -1.413605e+02 3.550001e+01 2.114219e+02
    endloop
  endfacet
  facet normal 3.653410e-01 -2.134904e-08 -9.308737e-01
    outer loop
      vertex   -1.413605e+02 3.550001e+01 2.114219e+02
      vertex   -1.414997e+02 3.850001e+01 2.113673e+02
      vertex   -1.413605e+02 3.850001e+01 2.114219e+02
    endloop
  endfacet
  facet normal 2.708405e-01 -1.582681e-08 -9.626242e-01
    outer loop
      vertex   -1.413605e+02 3.550001e+01 2.114219e+02
      vertex   -1.413605e+02 3.850001e+01 2.114219e+02
      vertex   -1.412165e+02 3.550001e+01 2.114624e+02
    endloop
  endfacet
  facet normal 2.708405e-01 -1.582681e-08 -9.626242e-01
    outer loop
      vertex   -1.412165e+02 3.550001e+01 2.114624e+02
      vertex   -1.413605e+02 3.850001e+01 2.114219e+02
      vertex   -1.412165e+02 3.850001e+01 2.114624e+02
    endloop
  endfacet
  facet normal 1.736482e-01 -1.014729e-08 -9.848078e-01
    outer loop
      vertex   -1.412165e+02 3.550001e+01 2.114624e+02
      vertex   -1.412165e+02 3.850001e+01 2.114624e+02
      vertex   -1.410692e+02 3.550001e+01 2.114884e+02
    endloop
  endfacet
  facet normal 1.736482e-01 -1.014729e-08 -9.848078e-01
    outer loop
      vertex   -1.410692e+02 3.550001e+01 2.114884e+02
      vertex   -1.412165e+02 3.850001e+01 2.114624e+02
      vertex   -1.410692e+02 3.850001e+01 2.114884e+02
    endloop
  endfacet
  facet normal 7.473009e-02 -4.366922e-09 -9.972038e-01
    outer loop
      vertex   -1.410692e+02 3.550001e+01 2.114884e+02
      vertex   -1.410692e+02 3.850001e+01 2.114884e+02
      vertex   -1.409201e+02 3.550001e+01 2.114995e+02
    endloop
  endfacet
  facet normal 7.473009e-02 -4.366921e-09 -9.972038e-01
    outer loop
      vertex   -1.409201e+02 3.550001e+01 2.114995e+02
      vertex   -1.410692e+02 3.850001e+01 2.114884e+02
      vertex   -1.409201e+02 3.850001e+01 2.114995e+02
    endloop
  endfacet
  facet normal -2.493069e-02 1.456848e-09 -9.996892e-01
    outer loop
      vertex   -1.409201e+02 3.550001e+01 2.114995e+02
      vertex   -1.409201e+02 3.850001e+01 2.114995e+02
      vertex   -1.407706e+02 3.550001e+01 2.114958e+02
    endloop
  endfacet
  facet normal -2.493069e-02 1.456848e-09 -9.996892e-01
    outer loop
      vertex   -1.407706e+02 3.550001e+01 2.114958e+02
      vertex   -1.409201e+02 3.850001e+01 2.114995e+02
      vertex   -1.407706e+02 3.850001e+01 2.114958e+02
    endloop
  endfacet
  facet normal -1.243437e-01 7.266138e-09 -9.922392e-01
    outer loop
      vertex   -1.407706e+02 3.550001e+01 2.114958e+02
      vertex   -1.407706e+02 3.850001e+01 2.114958e+02
      vertex   -1.406223e+02 3.550001e+01 2.114772e+02
    endloop
  endfacet
  facet normal -1.243437e-01 7.266139e-09 -9.922392e-01
    outer loop
      vertex   -1.406223e+02 3.550001e+01 2.114772e+02
      vertex   -1.407706e+02 3.850001e+01 2.114958e+02
      vertex   -1.406223e+02 3.850001e+01 2.114772e+02
    endloop
  endfacet
  facet normal -2.225209e-01 1.300322e-08 -9.749279e-01
    outer loop
      vertex   -1.406223e+02 3.550001e+01 2.114772e+02
      vertex   -1.406223e+02 3.850001e+01 2.114772e+02
      vertex   -1.404765e+02 3.550001e+01 2.114439e+02
    endloop
  endfacet
  facet normal -2.225209e-01 1.300322e-08 -9.749279e-01
    outer loop
      vertex   -1.404765e+02 3.550001e+01 2.114439e+02
      vertex   -1.406223e+02 3.850001e+01 2.114772e+02
      vertex   -1.404765e+02 3.850001e+01 2.114439e+02
    endloop
  endfacet
  facet normal -3.184867e-01 1.861106e-08 -9.479273e-01
    outer loop
      vertex   -1.404765e+02 3.550001e+01 2.114439e+02
      vertex   -1.404765e+02 3.850001e+01 2.114439e+02
      vertex   -1.403347e+02 3.550001e+01 2.113963e+02
    endloop
  endfacet
  facet normal -3.184867e-01 1.861106e-08 -9.479273e-01
    outer loop
      vertex   -1.403347e+02 3.550001e+01 2.113963e+02
      vertex   -1.404765e+02 3.850001e+01 2.114439e+02
      vertex   -1.403347e+02 3.850001e+01 2.113963e+02
    endloop
  endfacet
  facet normal -4.112871e-01 2.403394e-08 -9.115059e-01
    outer loop
      vertex   -1.403347e+02 3.550001e+01 2.113963e+02
      vertex   -1.403347e+02 3.850001e+01 2.113963e+02
      vertex   -1.401984e+02 3.550001e+01 2.113348e+02
    endloop
  endfacet
  facet normal -4.112871e-01 2.403394e-08 -9.115059e-01
    outer loop
      vertex   -1.401984e+02 3.550001e+01 2.113348e+02
      vertex   -1.403347e+02 3.850001e+01 2.113963e+02
      vertex   -1.401984e+02 3.850001e+01 2.113348e+02
    endloop
  endfacet
  facet normal -5.000000e-01 2.921796e-08 -8.660254e-01
    outer loop
      vertex   -1.401984e+02 3.550001e+01 2.113348e+02
      vertex   -1.401984e+02 3.850001e+01 2.113348e+02
      vertex   -1.400689e+02 3.550001e+01 2.112600e+02
    endloop
  endfacet
  facet normal -5.000000e-01 2.921796e-08 -8.660254e-01
    outer loop
      vertex   -1.400689e+02 3.550001e+01 2.112600e+02
      vertex   -1.401984e+02 3.850001e+01 2.113348e+02
      vertex   -1.400689e+02 3.850001e+01 2.112600e+02
    endloop
  endfacet
  facet normal -5.837437e-01 3.411160e-08 -8.119380e-01
    outer loop
      vertex   -1.400689e+02 3.550001e+01 2.112600e+02
      vertex   -1.400689e+02 3.850001e+01 2.112600e+02
      vertex   -1.399475e+02 3.550001e+01 2.111727e+02
    endloop
  endfacet
  facet normal -5.837437e-01 3.411160e-08 -8.119380e-01
    outer loop
      vertex   -1.399475e+02 3.550001e+01 2.111727e+02
      vertex   -1.400689e+02 3.850001e+01 2.112600e+02
      vertex   -1.399475e+02 3.850001e+01 2.111727e+02
    endloop
  endfacet
  facet normal -6.616858e-01 3.866622e-08 -7.497812e-01
    outer loop
      vertex   -1.399475e+02 3.550001e+01 2.111727e+02
      vertex   -1.399475e+02 3.850001e+01 2.111727e+02
      vertex   -1.398354e+02 3.550001e+01 2.110738e+02
    endloop
  endfacet
  facet normal -6.616858e-01 3.866622e-08 -7.497812e-01
    outer loop
      vertex   -1.398354e+02 3.550001e+01 2.110738e+02
      vertex   -1.399475e+02 3.850001e+01 2.111727e+02
      vertex   -1.398354e+02 3.850001e+01 2.110738e+02
    endloop
  endfacet
  facet normal -7.330519e-01 4.283656e-08 -6.801727e-01
    outer loop
      vertex   -1.398354e+02 3.550001e+01 2.110738e+02
      vertex   -1.398354e+02 3.850001e+01 2.110738e+02
      vertex   -1.397337e+02 3.550001e+01 2.109642e+02
    endloop
  endfacet
  facet normal -7.330519e-01 4.283656e-08 -6.801727e-01
    outer loop
      vertex   -1.397337e+02 3.550001e+01 2.109642e+02
      vertex   -1.398354e+02 3.850001e+01 2.110738e+02
      vertex   -1.397337e+02 3.850001e+01 2.109642e+02
    endloop
  endfacet
  facet normal -7.971325e-01 4.658118e-08 -6.038044e-01
    outer loop
      vertex   -1.397337e+02 3.550001e+01 2.109642e+02
      vertex   -1.397337e+02 3.850001e+01 2.109642e+02
      vertex   -1.396434e+02 3.550001e+01 2.108450e+02
    endloop
  endfacet
  facet normal -7.971325e-01 4.658117e-08 -6.038044e-01
    outer loop
      vertex   -1.396434e+02 3.550001e+01 2.108450e+02
      vertex   -1.397337e+02 3.850001e+01 2.109642e+02
      vertex   -1.396434e+02 3.850001e+01 2.108450e+02
    endloop
  endfacet
  facet normal -8.532909e-01 4.986283e-08 -5.214352e-01
    outer loop
      vertex   -1.396434e+02 3.550001e+01 2.108450e+02
      vertex   -1.396434e+02 3.850001e+01 2.108450e+02
      vertex   -1.395654e+02 3.550001e+01 2.107174e+02
    endloop
  endfacet
  facet normal -8.532909e-01 4.986284e-08 -5.214352e-01
    outer loop
      vertex   -1.395654e+02 3.550001e+01 2.107174e+02
      vertex   -1.396434e+02 3.850001e+01 2.108450e+02
      vertex   -1.395654e+02 3.850001e+01 2.107174e+02
    endloop
  endfacet
  facet normal -9.009689e-01 5.264895e-08 -4.338837e-01
    outer loop
      vertex   -1.395654e+02 3.550001e+01 2.107174e+02
      vertex   -1.395654e+02 3.850001e+01 2.107174e+02
      vertex   -1.395005e+02 3.550001e+01 2.105827e+02
    endloop
  endfacet
  facet normal -9.009689e-01 5.264894e-08 -4.338837e-01
    outer loop
      vertex   -1.395005e+02 3.550001e+01 2.105827e+02
      vertex   -1.395654e+02 3.850001e+01 2.107174e+02
      vertex   -1.395005e+02 3.850001e+01 2.105827e+02
    endloop
  endfacet
  facet normal -9.396926e-01 5.491180e-08 -3.420201e-01
    outer loop
      vertex   -1.395005e+02 3.550001e+01 2.105827e+02
      vertex   -1.395005e+02 3.850001e+01 2.105827e+02
      vertex   -1.394494e+02 3.550001e+01 2.104421e+02
    endloop
  endfacet
  facet normal -9.396926e-01 5.491181e-08 -3.420201e-01
    outer loop
      vertex   -1.394494e+02 3.550001e+01 2.104421e+02
      vertex   -1.395005e+02 3.850001e+01 2.105827e+02
      vertex   -1.394494e+02 3.850001e+01 2.104421e+02
    endloop
  endfacet
  facet normal -9.690773e-01 5.662893e-08 -2.467574e-01
    outer loop
      vertex   -1.394494e+02 3.550001e+01 2.104421e+02
      vertex   -1.394494e+02 3.850001e+01 2.104421e+02
      vertex   -1.394125e+02 3.550001e+01 2.102972e+02
    endloop
  endfacet
  facet normal -9.690773e-01 5.662893e-08 -2.467574e-01
    outer loop
      vertex   -1.394125e+02 3.550001e+01 2.102972e+02
      vertex   -1.394494e+02 3.850001e+01 2.104421e+02
      vertex   -1.394125e+02 3.850001e+01 2.102972e+02
    endloop
  endfacet
  facet normal -9.888308e-01 5.778324e-08 -1.490423e-01
    outer loop
      vertex   -1.394125e+02 3.550001e+01 2.102972e+02
      vertex   -1.394125e+02 3.850001e+01 2.102972e+02
      vertex   -1.393902e+02 3.550001e+01 2.101494e+02
    endloop
  endfacet
  facet normal -9.888308e-01 5.778324e-08 -1.490423e-01
    outer loop
      vertex   -1.393902e+02 3.550001e+01 2.101494e+02
      vertex   -1.394125e+02 3.850001e+01 2.102972e+02
      vertex   -1.393902e+02 3.850001e+01 2.101494e+02
    endloop
  endfacet
  facet normal -9.987569e-01 5.836328e-08 -4.984589e-02
    outer loop
      vertex   -1.393902e+02 3.550001e+01 2.101494e+02
      vertex   -1.393902e+02 3.850001e+01 2.101494e+02
      vertex   -1.393827e+02 3.550001e+01 2.100000e+02
    endloop
  endfacet
  facet normal -9.987569e-01 5.836328e-08 -4.984589e-02
    outer loop
      vertex   -1.393827e+02 3.550001e+01 2.100000e+02
      vertex   -1.393902e+02 3.850001e+01 2.101494e+02
      vertex   -1.393827e+02 3.850001e+01 2.100000e+02
    endloop
  endfacet
  facet normal -9.987955e-01 5.836555e-08 4.906767e-02
    outer loop
      vertex   -1.393900e+02 3.250001e+01 2.288530e+02
      vertex   -1.393827e+02 3.250001e+01 2.290000e+02
      vertex   -1.393827e+02 3.550001e+01 2.290000e+02
    endloop
  endfacet
  facet normal -9.987955e-01 5.836555e-08 -4.906767e-02
    outer loop
      vertex   -1.393827e+02 3.550001e+01 2.290000e+02
      vertex   -1.393827e+02 3.250001e+01 2.290000e+02
      vertex   -1.393900e+02 3.250001e+01 2.291470e+02
    endloop
  endfacet
  facet normal -9.987569e-01 -3.817344e-05 -4.984589e-02
    outer loop
      vertex   -1.393827e+02 3.550001e+01 2.290000e+02
      vertex   -1.393900e+02 3.250001e+01 2.291470e+02
      vertex   -1.393902e+02 3.550001e+01 2.291494e+02
    endloop
  endfacet
  facet normal -9.891765e-01 3.768323e-05 -1.467305e-01
    outer loop
      vertex   -1.393902e+02 3.550001e+01 2.291494e+02
      vertex   -1.393900e+02 3.250001e+01 2.291470e+02
      vertex   -1.394116e+02 3.250001e+01 2.292926e+02
    endloop
  endfacet
  facet normal -9.888308e-01 -7.519304e-05 -1.490423e-01
    outer loop
      vertex   -1.393902e+02 3.550001e+01 2.291494e+02
      vertex   -1.394116e+02 3.250001e+01 2.292926e+02
      vertex   -1.394125e+02 3.550001e+01 2.292972e+02
    endloop
  endfacet
  facet normal -9.700313e-01 7.409471e-05 -2.429802e-01
    outer loop
      vertex   -1.394125e+02 3.550001e+01 2.292972e+02
      vertex   -1.394116e+02 3.250001e+01 2.292926e+02
      vertex   -1.394473e+02 3.250001e+01 2.294354e+02
    endloop
  endfacet
  facet normal -9.690773e-01 -1.110004e-04 -2.467574e-01
    outer loop
      vertex   -1.394125e+02 3.550001e+01 2.292972e+02
      vertex   -1.394473e+02 3.250001e+01 2.294354e+02
      vertex   -1.394494e+02 3.550001e+01 2.294421e+02
    endloop
  endfacet
  facet normal -9.415441e-01 1.092927e-04 -3.368899e-01
    outer loop
      vertex   -1.394494e+02 3.550001e+01 2.294421e+02
      vertex   -1.394473e+02 3.250001e+01 2.294354e+02
      vertex   -1.394969e+02 3.250001e+01 2.295740e+02
    endloop
  endfacet
  facet normal -9.396926e-01 -1.455953e-04 -3.420201e-01
    outer loop
      vertex   -1.394494e+02 3.550001e+01 2.294421e+02
      vertex   -1.394969e+02 3.250001e+01 2.295740e+02
      vertex   -1.395005e+02 3.550001e+01 2.295827e+02
    endloop
  endfacet
  facet normal -9.039893e-01 1.432772e-04 -4.275551e-01
    outer loop
      vertex   -1.395005e+02 3.550001e+01 2.295827e+02
      vertex   -1.394969e+02 3.250001e+01 2.295740e+02
      vertex   -1.395598e+02 3.250001e+01 2.297071e+02
    endloop
  endfacet
  facet normal -9.009689e-01 -1.789777e-04 -4.338837e-01
    outer loop
      vertex   -1.395005e+02 3.550001e+01 2.295827e+02
      vertex   -1.395598e+02 3.250001e+01 2.297071e+02
      vertex   -1.395654e+02 3.550001e+01 2.297174e+02
    endloop
  endfacet
  facet normal -8.577286e-01 1.760481e-04 -5.141027e-01
    outer loop
      vertex   -1.395654e+02 3.550001e+01 2.297174e+02
      vertex   -1.395598e+02 3.250001e+01 2.297071e+02
      vertex   -1.396355e+02 3.250001e+01 2.298334e+02
    endloop
  endfacet
  facet normal -8.532909e-01 -2.111475e-04 -5.214352e-01
    outer loop
      vertex   -1.395654e+02 3.550001e+01 2.297174e+02
      vertex   -1.396355e+02 3.250001e+01 2.298334e+02
      vertex   -1.396434e+02 3.550001e+01 2.298450e+02
    endloop
  endfacet
  facet normal -8.032075e-01 2.076054e-04 -5.956993e-01
    outer loop
      vertex   -1.396434e+02 3.550001e+01 2.298450e+02
      vertex   -1.396355e+02 3.250001e+01 2.298334e+02
      vertex   -1.397232e+02 3.250001e+01 2.299516e+02
    endloop
  endfacet
  facet normal -7.971325e-01 -2.421046e-04 -6.038044e-01
    outer loop
      vertex   -1.396434e+02 3.550001e+01 2.298450e+02
      vertex   -1.397232e+02 3.250001e+01 2.299516e+02
      vertex   -1.397337e+02 3.550001e+01 2.299642e+02
    endloop
  endfacet
  facet normal -7.409511e-01 2.379490e-04 -6.715589e-01
    outer loop
      vertex   -1.397337e+02 3.550001e+01 2.299642e+02
      vertex   -1.397232e+02 3.250001e+01 2.299516e+02
      vertex   -1.398221e+02 3.250001e+01 2.300607e+02
    endloop
  endfacet
  facet normal -7.330518e-01 -2.718489e-04 -6.801727e-01
    outer loop
      vertex   -1.397337e+02 3.550001e+01 2.299642e+02
      vertex   -1.398221e+02 3.250001e+01 2.300607e+02
      vertex   -1.398354e+02 3.550001e+01 2.300738e+02
    endloop
  endfacet
  facet normal -6.715589e-01 2.670788e-04 -7.409511e-01
    outer loop
      vertex   -1.398354e+02 3.550001e+01 2.300738e+02
      vertex   -1.398221e+02 3.250001e+01 2.300607e+02
      vertex   -1.399311e+02 3.250001e+01 2.301595e+02
    endloop
  endfacet
  facet normal -6.616858e-01 -3.003803e-04 -7.497812e-01
    outer loop
      vertex   -1.398354e+02 3.550001e+01 2.300738e+02
      vertex   -1.399311e+02 3.250001e+01 2.301595e+02
      vertex   -1.399475e+02 3.550001e+01 2.301727e+02
    endloop
  endfacet
  facet normal -5.956993e-01 2.949949e-04 -8.032075e-01
    outer loop
      vertex   -1.399475e+02 3.550001e+01 2.301727e+02
      vertex   -1.399311e+02 3.250001e+01 2.301595e+02
      vertex   -1.400494e+02 3.250001e+01 2.302472e+02
    endloop
  endfacet
  facet normal -5.837436e-01 -3.276987e-04 -8.119380e-01
    outer loop
      vertex   -1.399475e+02 3.550001e+01 2.301727e+02
      vertex   -1.400494e+02 3.250001e+01 2.302472e+02
      vertex   -1.400689e+02 3.550001e+01 2.302600e+02
    endloop
  endfacet
  facet normal -5.141027e-01 3.216972e-04 -8.577286e-01
    outer loop
      vertex   -1.400689e+02 3.550001e+01 2.302600e+02
      vertex   -1.400494e+02 3.250001e+01 2.302472e+02
      vertex   -1.401756e+02 3.250001e+01 2.303229e+02
    endloop
  endfacet
  facet normal -5.000000e-01 -3.538039e-04 -8.660253e-01
    outer loop
      vertex   -1.400689e+02 3.550001e+01 2.302600e+02
      vertex   -1.401756e+02 3.250001e+01 2.303229e+02
      vertex   -1.401984e+02 3.550001e+01 2.303348e+02
    endloop
  endfacet
  facet normal -4.275551e-01 3.471857e-04 -9.039892e-01
    outer loop
      vertex   -1.401984e+02 3.550001e+01 2.303348e+02
      vertex   -1.401756e+02 3.250001e+01 2.303229e+02
      vertex   -1.403087e+02 3.250001e+01 2.303858e+02
    endloop
  endfacet
  facet normal -4.112871e-01 -3.786958e-04 -9.115058e-01
    outer loop
      vertex   -1.401984e+02 3.550001e+01 2.303348e+02
      vertex   -1.403087e+02 3.250001e+01 2.303858e+02
      vertex   -1.403347e+02 3.550001e+01 2.303963e+02
    endloop
  endfacet
  facet normal -3.368898e-01 3.714604e-04 -9.415440e-01
    outer loop
      vertex   -1.403347e+02 3.550001e+01 2.303963e+02
      vertex   -1.403087e+02 3.250001e+01 2.303858e+02
      vertex   -1.404473e+02 3.250001e+01 2.304354e+02
    endloop
  endfacet
  facet normal -3.184866e-01 -4.023744e-04 -9.479273e-01
    outer loop
      vertex   -1.403347e+02 3.550001e+01 2.303963e+02
      vertex   -1.404473e+02 3.250001e+01 2.304354e+02
      vertex   -1.404765e+02 3.550001e+01 2.304439e+02
    endloop
  endfacet
  facet normal -2.429802e-01 3.945212e-04 -9.700312e-01
    outer loop
      vertex   -1.404765e+02 3.550001e+01 2.304439e+02
      vertex   -1.404473e+02 3.250001e+01 2.304354e+02
      vertex   -1.405901e+02 3.250001e+01 2.304712e+02
    endloop
  endfacet
  facet normal -2.225209e-01 -4.248395e-04 -9.749278e-01
    outer loop
      vertex   -1.404765e+02 3.550001e+01 2.304439e+02
      vertex   -1.405901e+02 3.250001e+01 2.304712e+02
      vertex   -1.406223e+02 3.550001e+01 2.304772e+02
    endloop
  endfacet
  facet normal -1.467305e-01 4.163682e-04 -9.891764e-01
    outer loop
      vertex   -1.406223e+02 3.550001e+01 2.304772e+02
      vertex   -1.405901e+02 3.250001e+01 2.304712e+02
      vertex   -1.407357e+02 3.250001e+01 2.304928e+02
    endloop
  endfacet
  facet normal -1.243437e-01 -4.460911e-04 -9.922391e-01
    outer loop
      vertex   -1.406223e+02 3.550001e+01 2.304772e+02
      vertex   -1.407357e+02 3.250001e+01 2.304928e+02
      vertex   -1.407706e+02 3.550001e+01 2.304958e+02
    endloop
  endfacet
  facet normal -4.906767e-02 4.370014e-04 -9.987954e-01
    outer loop
      vertex   -1.407706e+02 3.550001e+01 2.304958e+02
      vertex   -1.407357e+02 3.250001e+01 2.304928e+02
      vertex   -1.408827e+02 3.250001e+01 2.305000e+02
    endloop
  endfacet
  facet normal -2.493069e-02 -4.661289e-04 -9.996891e-01
    outer loop
      vertex   -1.407706e+02 3.550001e+01 2.304958e+02
      vertex   -1.408827e+02 3.250001e+01 2.305000e+02
      vertex   -1.409201e+02 3.550001e+01 2.304995e+02
    endloop
  endfacet
  facet normal 4.906767e-02 4.564208e-04 -9.987954e-01
    outer loop
      vertex   -1.409201e+02 3.550001e+01 2.304995e+02
      vertex   -1.408827e+02 3.250001e+01 2.305000e+02
      vertex   -1.410298e+02 3.250001e+01 2.304928e+02
    endloop
  endfacet
  facet normal 7.473008e-02 -4.849529e-04 -9.972037e-01
    outer loop
      vertex   -1.409201e+02 3.550001e+01 2.304995e+02
      vertex   -1.410298e+02 3.250001e+01 2.304928e+02
      vertex   -1.410692e+02 3.550001e+01 2.304884e+02
    endloop
  endfacet
  facet normal 1.467305e-01 4.746264e-04 -9.891764e-01
    outer loop
      vertex   -1.410692e+02 3.550001e+01 2.304884e+02
      vertex   -1.410298e+02 3.250001e+01 2.304928e+02
      vertex   -1.411754e+02 3.250001e+01 2.304712e+02
    endloop
  endfacet
  facet normal 1.736482e-01 -5.025630e-04 -9.848076e-01
    outer loop
      vertex   -1.410692e+02 3.550001e+01 2.304884e+02
      vertex   -1.411754e+02 3.250001e+01 2.304712e+02
      vertex   -1.412165e+02 3.550001e+01 2.304624e+02
    endloop
  endfacet
  facet normal 2.429802e-01 4.916181e-04 -9.700311e-01
    outer loop
      vertex   -1.412165e+02 3.550001e+01 2.304624e+02
      vertex   -1.411754e+02 3.250001e+01 2.304712e+02
      vertex   -1.413182e+02 3.250001e+01 2.304354e+02
    endloop
  endfacet
  facet normal 2.708404e-01 -5.189591e-04 -9.626241e-01
    outer loop
      vertex   -1.412165e+02 3.550001e+01 2.304624e+02
      vertex   -1.413182e+02 3.250001e+01 2.304354e+02
      vertex   -1.413605e+02 3.550001e+01 2.304219e+02
    endloop
  endfacet
  facet normal 3.368898e-01 5.073961e-04 -9.415439e-01
    outer loop
      vertex   -1.413605e+02 3.550001e+01 2.304219e+02
      vertex   -1.413182e+02 3.250001e+01 2.304354e+02
      vertex   -1.414568e+02 3.250001e+01 2.303858e+02
    endloop
  endfacet
  facet normal 3.653410e-01 -5.341411e-04 -9.308736e-01
    outer loop
      vertex   -1.413605e+02 3.550001e+01 2.304219e+02
      vertex   -1.414568e+02 3.250001e+01 2.303858e+02
      vertex   -1.414997e+02 3.550001e+01 2.303673e+02
    endloop
  endfacet
  facet normal 4.275550e-01 5.219603e-04 -9.039892e-01
    outer loop
      vertex   -1.414997e+02 3.550001e+01 2.303673e+02
      vertex   -1.414568e+02 3.250001e+01 2.303858e+02
      vertex   -1.415898e+02 3.250001e+01 2.303229e+02
    endloop
  endfacet
  facet normal 4.562106e-01 -5.481089e-04 -8.898717e-01
    outer loop
      vertex   -1.414997e+02 3.550001e+01 2.303673e+02
      vertex   -1.415898e+02 3.250001e+01 2.303229e+02
      vertex   -1.416327e+02 3.550001e+01 2.302990e+02
    endloop
  endfacet
  facet normal 5.141027e-01 5.353107e-04 -8.577285e-01
    outer loop
      vertex   -1.416327e+02 3.550001e+01 2.302990e+02
      vertex   -1.415898e+02 3.250001e+01 2.303229e+02
      vertex   -1.417161e+02 3.250001e+01 2.302472e+02
    endloop
  endfacet
  facet normal 5.425462e-01 -5.608624e-04 -8.400258e-01
    outer loop
      vertex   -1.416327e+02 3.550001e+01 2.302990e+02
      vertex   -1.417161e+02 3.250001e+01 2.302472e+02
      vertex   -1.417583e+02 3.550001e+01 2.302179e+02
    endloop
  endfacet
  facet normal 5.956992e-01 5.474474e-04 -8.032074e-01
    outer loop
      vertex   -1.417583e+02 3.550001e+01 2.302179e+02
      vertex   -1.417161e+02 3.250001e+01 2.302472e+02
      vertex   -1.418343e+02 3.250001e+01 2.301595e+02
    endloop
  endfacet
  facet normal 6.234897e-01 -5.724016e-04 -7.818314e-01
    outer loop
      vertex   -1.417583e+02 3.550001e+01 2.302179e+02
      vertex   -1.418343e+02 3.250001e+01 2.301595e+02
      vertex   -1.418753e+02 3.550001e+01 2.301247e+02
    endloop
  endfacet
  facet normal 6.715589e-01 5.583704e-04 -7.409510e-01
    outer loop
      vertex   -1.418753e+02 3.550001e+01 2.301247e+02
      vertex   -1.418343e+02 3.250001e+01 2.301595e+02
      vertex   -1.419434e+02 3.250001e+01 2.300607e+02
    endloop
  endfacet
  facet normal 6.982367e-01 -5.827263e-04 -7.158667e-01
    outer loop
      vertex   -1.418753e+02 3.550001e+01 2.301247e+02
      vertex   -1.419434e+02 3.250001e+01 2.300607e+02
      vertex   -1.419823e+02 3.550001e+01 2.300203e+02
    endloop
  endfacet
  facet normal 7.409510e-01 5.680796e-04 -6.715588e-01
    outer loop
      vertex   -1.419823e+02 3.550001e+01 2.300203e+02
      vertex   -1.419434e+02 3.250001e+01 2.300607e+02
      vertex   -1.420422e+02 3.250001e+01 2.299516e+02
    endloop
  endfacet
  facet normal 7.660443e-01 -5.918366e-04 -6.427875e-01
    outer loop
      vertex   -1.419823e+02 3.550001e+01 2.300203e+02
      vertex   -1.420422e+02 3.250001e+01 2.299516e+02
      vertex   -1.420784e+02 3.550001e+01 2.299057e+02
    endloop
  endfacet
  facet normal 8.032074e-01 5.765752e-04 -5.956992e-01
    outer loop
      vertex   -1.420784e+02 3.550001e+01 2.299057e+02
      vertex   -1.420422e+02 3.250001e+01 2.299516e+02
      vertex   -1.421299e+02 3.250001e+01 2.298334e+02
    endloop
  endfacet
  facet normal 8.262386e-01 -5.997322e-04 -5.633200e-01
    outer loop
      vertex   -1.420784e+02 3.550001e+01 2.299057e+02
      vertex   -1.421299e+02 3.250001e+01 2.298334e+02
      vertex   -1.421627e+02 3.550001e+01 2.297822e+02
    endloop
  endfacet
  facet normal 8.577285e-01 5.838571e-04 -5.141027e-01
    outer loop
      vertex   -1.421627e+02 3.550001e+01 2.297822e+02
      vertex   -1.421299e+02 3.250001e+01 2.298334e+02
      vertex   -1.422056e+02 3.250001e+01 2.297071e+02
    endloop
  endfacet
  facet normal 8.782214e-01 -6.064132e-04 -4.782539e-01
    outer loop
      vertex   -1.421627e+02 3.550001e+01 2.297822e+02
      vertex   -1.422056e+02 3.250001e+01 2.297071e+02
      vertex   -1.422342e+02 3.550001e+01 2.296508e+02
    endloop
  endfacet
  facet normal 9.039891e-01 5.899253e-04 -4.275550e-01
    outer loop
      vertex   -1.422342e+02 3.550001e+01 2.296508e+02
      vertex   -1.422056e+02 3.250001e+01 2.297071e+02
      vertex   -1.422685e+02 3.250001e+01 2.295740e+02
    endloop
  endfacet
  facet normal 9.214760e-01 -6.118796e-04 -3.884347e-01
    outer loop
      vertex   -1.422342e+02 3.550001e+01 2.296508e+02
      vertex   -1.422685e+02 3.250001e+01 2.295740e+02
      vertex   -1.422923e+02 3.550001e+01 2.295130e+02
    endloop
  endfacet
  facet normal 9.415439e-01 5.947798e-04 -3.368898e-01
    outer loop
      vertex   -1.422923e+02 3.550001e+01 2.295130e+02
      vertex   -1.422685e+02 3.250001e+01 2.295740e+02
      vertex   -1.423181e+02 3.250001e+01 2.294354e+02
    endloop
  endfacet
  facet normal 9.555726e-01 -6.161312e-04 -2.947551e-01
    outer loop
      vertex   -1.422923e+02 3.550001e+01 2.295130e+02
      vertex   -1.423181e+02 3.250001e+01 2.294354e+02
      vertex   -1.423363e+02 3.550001e+01 2.293701e+02
    endloop
  endfacet
  facet normal 9.700311e-01 5.984207e-04 -2.429801e-01
    outer loop
      vertex   -1.423363e+02 3.550001e+01 2.293701e+02
      vertex   -1.423181e+02 3.250001e+01 2.294354e+02
      vertex   -1.423539e+02 3.250001e+01 2.292926e+02
    endloop
  endfacet
  facet normal 9.801723e-01 -6.191682e-04 -1.981461e-01
    outer loop
      vertex   -1.423363e+02 3.550001e+01 2.293701e+02
      vertex   -1.423539e+02 3.250001e+01 2.292926e+02
      vertex   -1.423660e+02 3.550001e+01 2.292236e+02
    endloop
  endfacet
  facet normal 9.891763e-01 6.008480e-04 -1.467304e-01
    outer loop
      vertex   -1.423660e+02 3.550001e+01 2.292236e+02
      vertex   -1.423539e+02 3.250001e+01 2.292926e+02
      vertex   -1.423755e+02 3.250001e+01 2.291470e+02
    endloop
  endfacet
  facet normal 9.950306e-01 -6.209903e-04 -9.956783e-02
    outer loop
      vertex   -1.423660e+02 3.550001e+01 2.292236e+02
      vertex   -1.423755e+02 3.250001e+01 2.291470e+02
      vertex   -1.423809e+02 3.550001e+01 2.290748e+02
    endloop
  endfacet
  facet normal 9.987953e-01 6.020616e-04 -4.906767e-02
    outer loop
      vertex   -1.423809e+02 3.550001e+01 2.290748e+02
      vertex   -1.423755e+02 3.250001e+01 2.291470e+02
      vertex   -1.423827e+02 3.250001e+01 2.290000e+02
    endloop
  endfacet
  facet normal 9.999998e-01 -6.215977e-04 0.000000e+00
    outer loop
      vertex   -1.423809e+02 3.550001e+01 2.290748e+02
      vertex   -1.423827e+02 3.250001e+01 2.290000e+02
      vertex   -1.423809e+02 3.550001e+01 2.289252e+02
    endloop
  endfacet
  facet normal 9.987953e-01 6.020616e-04 4.906767e-02
    outer loop
      vertex   -1.423809e+02 3.550001e+01 2.289252e+02
      vertex   -1.423827e+02 3.250001e+01 2.290000e+02
      vertex   -1.423755e+02 3.250001e+01 2.288530e+02
    endloop
  endfacet
  facet normal 9.950306e-01 -6.209903e-04 9.956783e-02
    outer loop
      vertex   -1.423809e+02 3.550001e+01 2.289252e+02
      vertex   -1.423755e+02 3.250001e+01 2.288530e+02
      vertex   -1.423660e+02 3.550001e+01 2.287764e+02
    endloop
  endfacet
  facet normal 9.891763e-01 6.008480e-04 1.467304e-01
    outer loop
      vertex   -1.423660e+02 3.550001e+01 2.287764e+02
      vertex   -1.423755e+02 3.250001e+01 2.288530e+02
      vertex   -1.423539e+02 3.250001e+01 2.287074e+02
    endloop
  endfacet
  facet normal 9.801723e-01 -6.191682e-04 1.981461e-01
    outer loop
      vertex   -1.423660e+02 3.550001e+01 2.287764e+02
      vertex   -1.423539e+02 3.250001e+01 2.287074e+02
      vertex   -1.423363e+02 3.550001e+01 2.286299e+02
    endloop
  endfacet
  facet normal 9.700311e-01 5.984207e-04 2.429801e-01
    outer loop
      vertex   -1.423363e+02 3.550001e+01 2.286299e+02
      vertex   -1.423539e+02 3.250001e+01 2.287074e+02
      vertex   -1.423181e+02 3.250001e+01 2.285646e+02
    endloop
  endfacet
  facet normal 9.555726e-01 -6.161312e-04 2.947551e-01
    outer loop
      vertex   -1.423363e+02 3.550001e+01 2.286299e+02
      vertex   -1.423181e+02 3.250001e+01 2.285646e+02
      vertex   -1.422923e+02 3.550001e+01 2.284870e+02
    endloop
  endfacet
  facet normal 9.415439e-01 5.947798e-04 3.368898e-01
    outer loop
      vertex   -1.422923e+02 3.550001e+01 2.284870e+02
      vertex   -1.423181e+02 3.250001e+01 2.285646e+02
      vertex   -1.422685e+02 3.250001e+01 2.284260e+02
    endloop
  endfacet
  facet normal 9.214760e-01 -6.118796e-04 3.884347e-01
    outer loop
      vertex   -1.422923e+02 3.550001e+01 2.284870e+02
      vertex   -1.422685e+02 3.250001e+01 2.284260e+02
      vertex   -1.422342e+02 3.550001e+01 2.283492e+02
    endloop
  endfacet
  facet normal 9.039891e-01 5.899253e-04 4.275550e-01
    outer loop
      vertex   -1.422342e+02 3.550001e+01 2.283492e+02
      vertex   -1.422685e+02 3.250001e+01 2.284260e+02
      vertex   -1.422056e+02 3.250001e+01 2.282929e+02
    endloop
  endfacet
  facet normal 8.782214e-01 -6.064132e-04 4.782539e-01
    outer loop
      vertex   -1.422342e+02 3.550001e+01 2.283492e+02
      vertex   -1.422056e+02 3.250001e+01 2.282929e+02
      vertex   -1.421627e+02 3.550001e+01 2.282178e+02
    endloop
  endfacet
  facet normal 8.577285e-01 5.838571e-04 5.141027e-01
    outer loop
      vertex   -1.421627e+02 3.550001e+01 2.282178e+02
      vertex   -1.422056e+02 3.250001e+01 2.282929e+02
      vertex   -1.421299e+02 3.250001e+01 2.281666e+02
    endloop
  endfacet
  facet normal 8.262386e-01 -5.997322e-04 5.633200e-01
    outer loop
      vertex   -1.421627e+02 3.550001e+01 2.282178e+02
      vertex   -1.421299e+02 3.250001e+01 2.281666e+02
      vertex   -1.420784e+02 3.550001e+01 2.280943e+02
    endloop
  endfacet
  facet normal 8.032074e-01 5.765752e-04 5.956992e-01
    outer loop
      vertex   -1.420784e+02 3.550001e+01 2.280943e+02
      vertex   -1.421299e+02 3.250001e+01 2.281666e+02
      vertex   -1.420422e+02 3.250001e+01 2.280484e+02
    endloop
  endfacet
  facet normal 7.660443e-01 -5.918366e-04 6.427875e-01
    outer loop
      vertex   -1.420784e+02 3.550001e+01 2.280943e+02
      vertex   -1.420422e+02 3.250001e+01 2.280484e+02
      vertex   -1.419823e+02 3.550001e+01 2.279797e+02
    endloop
  endfacet
  facet normal 7.409510e-01 5.680796e-04 6.715588e-01
    outer loop
      vertex   -1.419823e+02 3.550001e+01 2.279797e+02
      vertex   -1.420422e+02 3.250001e+01 2.280484e+02
      vertex   -1.419434e+02 3.250001e+01 2.279393e+02
    endloop
  endfacet
  facet normal 6.982367e-01 -5.827263e-04 7.158667e-01
    outer loop
      vertex   -1.419823e+02 3.550001e+01 2.279797e+02
      vertex   -1.419434e+02 3.250001e+01 2.279393e+02
      vertex   -1.418753e+02 3.550001e+01 2.278753e+02
    endloop
  endfacet
  facet normal 6.715589e-01 5.583704e-04 7.409510e-01
    outer loop
      vertex   -1.418753e+02 3.550001e+01 2.278753e+02
      vertex   -1.419434e+02 3.250001e+01 2.279393e+02
      vertex   -1.418343e+02 3.250001e+01 2.278405e+02
    endloop
  endfacet
  facet normal 6.234897e-01 -5.724016e-04 7.818314e-01
    outer loop
      vertex   -1.418753e+02 3.550001e+01 2.278753e+02
      vertex   -1.418343e+02 3.250001e+01 2.278405e+02
      vertex   -1.417583e+02 3.550001e+01 2.277821e+02
    endloop
  endfacet
  facet normal 5.956992e-01 5.474474e-04 8.032074e-01
    outer loop
      vertex   -1.417583e+02 3.550001e+01 2.277821e+02
      vertex   -1.418343e+02 3.250001e+01 2.278405e+02
      vertex   -1.417161e+02 3.250001e+01 2.277528e+02
    endloop
  endfacet
  facet normal 5.425462e-01 -5.608624e-04 8.400258e-01
    outer loop
      vertex   -1.417583e+02 3.550001e+01 2.277821e+02
      vertex   -1.417161e+02 3.250001e+01 2.277528e+02
      vertex   -1.416327e+02 3.550001e+01 2.277010e+02
    endloop
  endfacet
  facet normal 5.141027e-01 5.353107e-04 8.577285e-01
    outer loop
      vertex   -1.416327e+02 3.550001e+01 2.277010e+02
      vertex   -1.417161e+02 3.250001e+01 2.277528e+02
      vertex   -1.415898e+02 3.250001e+01 2.276771e+02
    endloop
  endfacet
  facet normal 4.562106e-01 -5.481089e-04 8.898717e-01
    outer loop
      vertex   -1.416327e+02 3.550001e+01 2.277010e+02
      vertex   -1.415898e+02 3.250001e+01 2.276771e+02
      vertex   -1.414997e+02 3.550001e+01 2.276327e+02
    endloop
  endfacet
  facet normal 4.275550e-01 5.219603e-04 9.039892e-01
    outer loop
      vertex   -1.414997e+02 3.550001e+01 2.276327e+02
      vertex   -1.415898e+02 3.250001e+01 2.276771e+02
      vertex   -1.414568e+02 3.250001e+01 2.276142e+02
    endloop
  endfacet
  facet normal 3.653410e-01 -5.341411e-04 9.308736e-01
    outer loop
      vertex   -1.414997e+02 3.550001e+01 2.276327e+02
      vertex   -1.414568e+02 3.250001e+01 2.276142e+02
      vertex   -1.413605e+02 3.550001e+01 2.275781e+02
    endloop
  endfacet
  facet normal 3.368898e-01 5.073961e-04 9.415439e-01
    outer loop
      vertex   -1.413605e+02 3.550001e+01 2.275781e+02
      vertex   -1.414568e+02 3.250001e+01 2.276142e+02
      vertex   -1.413182e+02 3.250001e+01 2.275646e+02
    endloop
  endfacet
  facet normal 2.708404e-01 -5.189591e-04 9.626241e-01
    outer loop
      vertex   -1.413605e+02 3.550001e+01 2.275781e+02
      vertex   -1.413182e+02 3.250001e+01 2.275646e+02
      vertex   -1.412165e+02 3.550001e+01 2.275376e+02
    endloop
  endfacet
  facet normal 2.429802e-01 4.916181e-04 9.700311e-01
    outer loop
      vertex   -1.412165e+02 3.550001e+01 2.275376e+02
      vertex   -1.413182e+02 3.250001e+01 2.275646e+02
      vertex   -1.411754e+02 3.250001e+01 2.275288e+02
    endloop
  endfacet
  facet normal 1.736482e-01 -5.025630e-04 9.848076e-01
    outer loop
      vertex   -1.412165e+02 3.550001e+01 2.275376e+02
      vertex   -1.411754e+02 3.250001e+01 2.275288e+02
      vertex   -1.410692e+02 3.550001e+01 2.275116e+02
    endloop
  endfacet
  facet normal 1.467305e-01 4.746264e-04 9.891764e-01
    outer loop
      vertex   -1.410692e+02 3.550001e+01 2.275116e+02
      vertex   -1.411754e+02 3.250001e+01 2.275288e+02
      vertex   -1.410298e+02 3.250001e+01 2.275072e+02
    endloop
  endfacet
  facet normal 7.473008e-02 -4.849529e-04 9.972037e-01
    outer loop
      vertex   -1.410692e+02 3.550001e+01 2.275116e+02
      vertex   -1.410298e+02 3.250001e+01 2.275072e+02
      vertex   -1.409201e+02 3.550001e+01 2.275005e+02
    endloop
  endfacet
  facet normal 4.906767e-02 4.564208e-04 9.987954e-01
    outer loop
      vertex   -1.409201e+02 3.550001e+01 2.275005e+02
      vertex   -1.410298e+02 3.250001e+01 2.275072e+02
      vertex   -1.408827e+02 3.250001e+01 2.275000e+02
    endloop
  endfacet
  facet normal -2.493069e-02 -4.661289e-04 9.996891e-01
    outer loop
      vertex   -1.409201e+02 3.550001e+01 2.275005e+02
      vertex   -1.408827e+02 3.250001e+01 2.275000e+02
      vertex   -1.407706e+02 3.550001e+01 2.275042e+02
    endloop
  endfacet
  facet normal -4.906767e-02 4.370014e-04 9.987954e-01
    outer loop
      vertex   -1.407706e+02 3.550001e+01 2.275042e+02
      vertex   -1.408827e+02 3.250001e+01 2.275000e+02
      vertex   -1.407357e+02 3.250001e+01 2.275072e+02
    endloop
  endfacet
  facet normal -1.243437e-01 -4.460911e-04 9.922391e-01
    outer loop
      vertex   -1.407706e+02 3.550001e+01 2.275042e+02
      vertex   -1.407357e+02 3.250001e+01 2.275072e+02
      vertex   -1.406223e+02 3.550001e+01 2.275228e+02
    endloop
  endfacet
  facet normal -1.467305e-01 4.163682e-04 9.891764e-01
    outer loop
      vertex   -1.406223e+02 3.550001e+01 2.275228e+02
      vertex   -1.407357e+02 3.250001e+01 2.275072e+02
      vertex   -1.405901e+02 3.250001e+01 2.275288e+02
    endloop
  endfacet
  facet normal -2.225209e-01 -4.248395e-04 9.749278e-01
    outer loop
      vertex   -1.406223e+02 3.550001e+01 2.275228e+02
      vertex   -1.405901e+02 3.250001e+01 2.275288e+02
      vertex   -1.404765e+02 3.550001e+01 2.275561e+02
    endloop
  endfacet
  facet normal -2.429802e-01 3.945212e-04 9.700312e-01
    outer loop
      vertex   -1.404765e+02 3.550001e+01 2.275561e+02
      vertex   -1.405901e+02 3.250001e+01 2.275288e+02
      vertex   -1.404473e+02 3.250001e+01 2.275646e+02
    endloop
  endfacet
  facet normal -3.184866e-01 -4.023744e-04 9.479273e-01
    outer loop
      vertex   -1.404765e+02 3.550001e+01 2.275561e+02
      vertex   -1.404473e+02 3.250001e+01 2.275646e+02
      vertex   -1.403347e+02 3.550001e+01 2.276037e+02
    endloop
  endfacet
  facet normal -3.368898e-01 3.714604e-04 9.415440e-01
    outer loop
      vertex   -1.403347e+02 3.550001e+01 2.276037e+02
      vertex   -1.404473e+02 3.250001e+01 2.275646e+02
      vertex   -1.403087e+02 3.250001e+01 2.276142e+02
    endloop
  endfacet
  facet normal -4.112871e-01 -3.786958e-04 9.115058e-01
    outer loop
      vertex   -1.403347e+02 3.550001e+01 2.276037e+02
      vertex   -1.403087e+02 3.250001e+01 2.276142e+02
      vertex   -1.401984e+02 3.550001e+01 2.276652e+02
    endloop
  endfacet
  facet normal -4.275551e-01 3.471857e-04 9.039892e-01
    outer loop
      vertex   -1.401984e+02 3.550001e+01 2.276652e+02
      vertex   -1.403087e+02 3.250001e+01 2.276142e+02
      vertex   -1.401756e+02 3.250001e+01 2.276771e+02
    endloop
  endfacet
  facet normal -5.000000e-01 -3.538039e-04 8.660253e-01
    outer loop
      vertex   -1.401984e+02 3.550001e+01 2.276652e+02
      vertex   -1.401756e+02 3.250001e+01 2.276771e+02
      vertex   -1.400689e+02 3.550001e+01 2.277400e+02
    endloop
  endfacet
  facet normal -5.141027e-01 3.216972e-04 8.577286e-01
    outer loop
      vertex   -1.400689e+02 3.550001e+01 2.277400e+02
      vertex   -1.401756e+02 3.250001e+01 2.276771e+02
      vertex   -1.400494e+02 3.250001e+01 2.277528e+02
    endloop
  endfacet
  facet normal -5.837436e-01 -3.276987e-04 8.119380e-01
    outer loop
      vertex   -1.400689e+02 3.550001e+01 2.277400e+02
      vertex   -1.400494e+02 3.250001e+01 2.277528e+02
      vertex   -1.399475e+02 3.550001e+01 2.278273e+02
    endloop
  endfacet
  facet normal -5.956993e-01 2.949949e-04 8.032075e-01
    outer loop
      vertex   -1.399475e+02 3.550001e+01 2.278273e+02
      vertex   -1.400494e+02 3.250001e+01 2.277528e+02
      vertex   -1.399311e+02 3.250001e+01 2.278405e+02
    endloop
  endfacet
  facet normal -6.616858e-01 -3.003803e-04 7.497812e-01
    outer loop
      vertex   -1.399475e+02 3.550001e+01 2.278273e+02
      vertex   -1.399311e+02 3.250001e+01 2.278405e+02
      vertex   -1.398354e+02 3.550001e+01 2.279262e+02
    endloop
  endfacet
  facet normal -6.715589e-01 2.670788e-04 7.409511e-01
    outer loop
      vertex   -1.398354e+02 3.550001e+01 2.279262e+02
      vertex   -1.399311e+02 3.250001e+01 2.278405e+02
      vertex   -1.398221e+02 3.250001e+01 2.279393e+02
    endloop
  endfacet
  facet normal -7.330518e-01 -2.718489e-04 6.801727e-01
    outer loop
      vertex   -1.398354e+02 3.550001e+01 2.279262e+02
      vertex   -1.398221e+02 3.250001e+01 2.279393e+02
      vertex   -1.397337e+02 3.550001e+01 2.280358e+02
    endloop
  endfacet
  facet normal -7.409511e-01 2.379490e-04 6.715589e-01
    outer loop
      vertex   -1.397337e+02 3.550001e+01 2.280358e+02
      vertex   -1.398221e+02 3.250001e+01 2.279393e+02
      vertex   -1.397232e+02 3.250001e+01 2.280484e+02
    endloop
  endfacet
  facet normal -7.971325e-01 -2.421046e-04 6.038044e-01
    outer loop
      vertex   -1.397337e+02 3.550001e+01 2.280358e+02
      vertex   -1.397232e+02 3.250001e+01 2.280484e+02
      vertex   -1.396434e+02 3.550001e+01 2.281550e+02
    endloop
  endfacet
  facet normal -8.032075e-01 2.076054e-04 5.956993e-01
    outer loop
      vertex   -1.396434e+02 3.550001e+01 2.281550e+02
      vertex   -1.397232e+02 3.250001e+01 2.280484e+02
      vertex   -1.396355e+02 3.250001e+01 2.281666e+02
    endloop
  endfacet
  facet normal -8.532909e-01 -2.111475e-04 5.214352e-01
    outer loop
      vertex   -1.396434e+02 3.550001e+01 2.281550e+02
      vertex   -1.396355e+02 3.250001e+01 2.281666e+02
      vertex   -1.395654e+02 3.550001e+01 2.282826e+02
    endloop
  endfacet
  facet normal -8.577286e-01 1.760481e-04 5.141027e-01
    outer loop
      vertex   -1.395654e+02 3.550001e+01 2.282826e+02
      vertex   -1.396355e+02 3.250001e+01 2.281666e+02
      vertex   -1.395598e+02 3.250001e+01 2.282929e+02
    endloop
  endfacet
  facet normal -9.009689e-01 -1.789777e-04 4.338837e-01
    outer loop
      vertex   -1.395654e+02 3.550001e+01 2.282826e+02
      vertex   -1.395598e+02 3.250001e+01 2.282929e+02
      vertex   -1.395005e+02 3.550001e+01 2.284173e+02
    endloop
  endfacet
  facet normal -9.039893e-01 1.432772e-04 4.275551e-01
    outer loop
      vertex   -1.395005e+02 3.550001e+01 2.284173e+02
      vertex   -1.395598e+02 3.250001e+01 2.282929e+02
      vertex   -1.394969e+02 3.250001e+01 2.284260e+02
    endloop
  endfacet
  facet normal -9.396926e-01 -1.455953e-04 3.420201e-01
    outer loop
      vertex   -1.395005e+02 3.550001e+01 2.284173e+02
      vertex   -1.394969e+02 3.250001e+01 2.284260e+02
      vertex   -1.394494e+02 3.550001e+01 2.285579e+02
    endloop
  endfacet
  facet normal -9.415441e-01 1.092927e-04 3.368899e-01
    outer loop
      vertex   -1.394494e+02 3.550001e+01 2.285579e+02
      vertex   -1.394969e+02 3.250001e+01 2.284260e+02
      vertex   -1.394473e+02 3.250001e+01 2.285646e+02
    endloop
  endfacet
  facet normal -9.690773e-01 -1.110004e-04 2.467574e-01
    outer loop
      vertex   -1.394494e+02 3.550001e+01 2.285579e+02
      vertex   -1.394473e+02 3.250001e+01 2.285646e+02
      vertex   -1.394125e+02 3.550001e+01 2.287028e+02
    endloop
  endfacet
  facet normal -9.700313e-01 7.409471e-05 2.429802e-01
    outer loop
      vertex   -1.394125e+02 3.550001e+01 2.287028e+02
      vertex   -1.394473e+02 3.250001e+01 2.285646e+02
      vertex   -1.394116e+02 3.250001e+01 2.287074e+02
    endloop
  endfacet
  facet normal -9.888308e-01 -7.519304e-05 1.490423e-01
    outer loop
      vertex   -1.394125e+02 3.550001e+01 2.287028e+02
      vertex   -1.394116e+02 3.250001e+01 2.287074e+02
      vertex   -1.393902e+02 3.550001e+01 2.288507e+02
    endloop
  endfacet
  facet normal -9.891765e-01 3.768323e-05 1.467305e-01
    outer loop
      vertex   -1.393902e+02 3.550001e+01 2.288507e+02
      vertex   -1.394116e+02 3.250001e+01 2.287074e+02
      vertex   -1.393900e+02 3.250001e+01 2.288530e+02
    endloop
  endfacet
  facet normal -9.987569e-01 -3.817344e-05 4.984589e-02
    outer loop
      vertex   -1.393902e+02 3.550001e+01 2.288507e+02
      vertex   -1.393900e+02 3.250001e+01 2.288530e+02
      vertex   -1.393827e+02 3.550001e+01 2.290000e+02
    endloop
  endfacet
  facet normal -9.987955e-01 5.836554e-08 -4.906767e-02
    outer loop
      vertex   -1.393900e+02 4.150001e+01 2.291470e+02
      vertex   -1.393827e+02 4.150001e+01 2.290000e+02
      vertex   -1.393827e+02 3.850001e+01 2.290000e+02
    endloop
  endfacet
  facet normal -9.987955e-01 5.836554e-08 4.906767e-02
    outer loop
      vertex   -1.393827e+02 3.850001e+01 2.290000e+02
      vertex   -1.393827e+02 4.150001e+01 2.290000e+02
      vertex   -1.393900e+02 4.150001e+01 2.288530e+02
    endloop
  endfacet
  facet normal -9.987569e-01 3.829017e-05 4.984589e-02
    outer loop
      vertex   -1.393827e+02 3.850001e+01 2.290000e+02
      vertex   -1.393900e+02 4.150001e+01 2.288530e+02
      vertex   -1.393902e+02 3.850001e+01 2.288507e+02
    endloop
  endfacet
  facet normal -9.891765e-01 -3.756762e-05 1.467305e-01
    outer loop
      vertex   -1.393902e+02 3.850001e+01 2.288507e+02
      vertex   -1.393900e+02 4.150001e+01 2.288530e+02
      vertex   -1.394116e+02 4.150001e+01 2.287074e+02
    endloop
  endfacet
  facet normal -9.888308e-01 7.530861e-05 1.490423e-01
    outer loop
      vertex   -1.393902e+02 3.850001e+01 2.288507e+02
      vertex   -1.394116e+02 4.150001e+01 2.287074e+02
      vertex   -1.394125e+02 3.850001e+01 2.287028e+02
    endloop
  endfacet
  facet normal -9.700313e-01 -7.398134e-05 2.429802e-01
    outer loop
      vertex   -1.394125e+02 3.850001e+01 2.287028e+02
      vertex   -1.394116e+02 4.150001e+01 2.287074e+02
      vertex   -1.394473e+02 4.150001e+01 2.285646e+02
    endloop
  endfacet
  facet normal -9.690773e-01 1.111136e-04 2.467574e-01
    outer loop
      vertex   -1.394125e+02 3.850001e+01 2.287028e+02
      vertex   -1.394473e+02 4.150001e+01 2.285646e+02
      vertex   -1.394494e+02 3.850001e+01 2.285579e+02
    endloop
  endfacet
  facet normal -9.415441e-01 -1.091827e-04 3.368899e-01
    outer loop
      vertex   -1.394494e+02 3.850001e+01 2.285579e+02
      vertex   -1.394473e+02 4.150001e+01 2.285646e+02
      vertex   -1.394969e+02 4.150001e+01 2.284260e+02
    endloop
  endfacet
  facet normal -9.396926e-01 1.457051e-04 3.420201e-01
    outer loop
      vertex   -1.394494e+02 3.850001e+01 2.285579e+02
      vertex   -1.394969e+02 4.150001e+01 2.284260e+02
      vertex   -1.395005e+02 3.850001e+01 2.284173e+02
    endloop
  endfacet
  facet normal -9.039893e-01 -1.431716e-04 4.275551e-01
    outer loop
      vertex   -1.395005e+02 3.850001e+01 2.284173e+02
      vertex   -1.394969e+02 4.150001e+01 2.284260e+02
      vertex   -1.395598e+02 4.150001e+01 2.282929e+02
    endloop
  endfacet
  facet normal -9.009689e-01 1.790830e-04 4.338837e-01
    outer loop
      vertex   -1.395005e+02 3.850001e+01 2.284173e+02
      vertex   -1.395598e+02 4.150001e+01 2.282929e+02
      vertex   -1.395654e+02 3.850001e+01 2.282826e+02
    endloop
  endfacet
  facet normal -8.577286e-01 -1.759479e-04 5.141027e-01
    outer loop
      vertex   -1.395654e+02 3.850001e+01 2.282826e+02
      vertex   -1.395598e+02 4.150001e+01 2.282929e+02
      vertex   -1.396355e+02 4.150001e+01 2.281666e+02
    endloop
  endfacet
  facet normal -8.532909e-01 2.112472e-04 5.214352e-01
    outer loop
      vertex   -1.395654e+02 3.850001e+01 2.282826e+02
      vertex   -1.396355e+02 4.150001e+01 2.281666e+02
      vertex   -1.396434e+02 3.850001e+01 2.281550e+02
    endloop
  endfacet
  facet normal -8.032075e-01 -2.075115e-04 5.956993e-01
    outer loop
      vertex   -1.396434e+02 3.850001e+01 2.281550e+02
      vertex   -1.396355e+02 4.150001e+01 2.281666e+02
      vertex   -1.397232e+02 4.150001e+01 2.280484e+02
    endloop
  endfacet
  facet normal -7.971325e-01 2.421978e-04 6.038044e-01
    outer loop
      vertex   -1.396434e+02 3.850001e+01 2.281550e+02
      vertex   -1.397232e+02 4.150001e+01 2.280484e+02
      vertex   -1.397337e+02 3.850001e+01 2.280358e+02
    endloop
  endfacet
  facet normal -7.409511e-01 -2.378624e-04 6.715589e-01
    outer loop
      vertex   -1.397337e+02 3.850001e+01 2.280358e+02
      vertex   -1.397232e+02 4.150001e+01 2.280484e+02
      vertex   -1.398221e+02 4.150001e+01 2.279393e+02
    endloop
  endfacet
  facet normal -7.330518e-01 2.719346e-04 6.801727e-01
    outer loop
      vertex   -1.397337e+02 3.850001e+01 2.280358e+02
      vertex   -1.398221e+02 4.150001e+01 2.279393e+02
      vertex   -1.398354e+02 3.850001e+01 2.279262e+02
    endloop
  endfacet
  facet normal -6.715589e-01 -2.670003e-04 7.409511e-01
    outer loop
      vertex   -1.398354e+02 3.850001e+01 2.279262e+02
      vertex   -1.398221e+02 4.150001e+01 2.279393e+02
      vertex   -1.399311e+02 4.150001e+01 2.278405e+02
    endloop
  endfacet
  facet normal -6.616858e-01 3.004577e-04 7.497812e-01
    outer loop
      vertex   -1.398354e+02 3.850001e+01 2.279262e+02
      vertex   -1.399311e+02 4.150001e+01 2.278405e+02
      vertex   -1.399475e+02 3.850001e+01 2.278273e+02
    endloop
  endfacet
  facet normal -5.956993e-01 -2.949253e-04 8.032075e-01
    outer loop
      vertex   -1.399475e+02 3.850001e+01 2.278273e+02
      vertex   -1.399311e+02 4.150001e+01 2.278405e+02
      vertex   -1.400494e+02 4.150001e+01 2.277528e+02
    endloop
  endfacet
  facet normal -5.837436e-01 3.277669e-04 8.119380e-01
    outer loop
      vertex   -1.399475e+02 3.850001e+01 2.278273e+02
      vertex   -1.400494e+02 4.150001e+01 2.277528e+02
      vertex   -1.400689e+02 3.850001e+01 2.277400e+02
    endloop
  endfacet
  facet normal -5.141027e-01 -3.216371e-04 8.577286e-01
    outer loop
      vertex   -1.400689e+02 3.850001e+01 2.277400e+02
      vertex   -1.400494e+02 4.150001e+01 2.277528e+02
      vertex   -1.401756e+02 4.150001e+01 2.276771e+02
    endloop
  endfacet
  facet normal -5.000000e-01 3.538623e-04 8.660253e-01
    outer loop
      vertex   -1.400689e+02 3.850001e+01 2.277400e+02
      vertex   -1.401756e+02 4.150001e+01 2.276771e+02
      vertex   -1.401984e+02 3.850001e+01 2.276652e+02
    endloop
  endfacet
  facet normal -4.275551e-01 -3.471357e-04 9.039892e-01
    outer loop
      vertex   -1.401984e+02 3.850001e+01 2.276652e+02
      vertex   -1.401756e+02 4.150001e+01 2.276771e+02
      vertex   -1.403087e+02 4.150001e+01 2.276142e+02
    endloop
  endfacet
  facet normal -4.112871e-01 3.787439e-04 9.115058e-01
    outer loop
      vertex   -1.401984e+02 3.850001e+01 2.276652e+02
      vertex   -1.403087e+02 4.150001e+01 2.276142e+02
      vertex   -1.403347e+02 3.850001e+01 2.276037e+02
    endloop
  endfacet
  facet normal -3.368898e-01 -3.714210e-04 9.415440e-01
    outer loop
      vertex   -1.403347e+02 3.850001e+01 2.276037e+02
      vertex   -1.403087e+02 4.150001e+01 2.276142e+02
      vertex   -1.404473e+02 4.150001e+01 2.275646e+02
    endloop
  endfacet
  facet normal -3.184866e-01 4.024117e-04 9.479273e-01
    outer loop
      vertex   -1.403347e+02 3.850001e+01 2.276037e+02
      vertex   -1.404473e+02 4.150001e+01 2.275646e+02
      vertex   -1.404765e+02 3.850001e+01 2.275561e+02
    endloop
  endfacet
  facet normal -2.429802e-01 -3.944928e-04 9.700312e-01
    outer loop
      vertex   -1.404765e+02 3.850001e+01 2.275561e+02
      vertex   -1.404473e+02 4.150001e+01 2.275646e+02
      vertex   -1.405901e+02 4.150001e+01 2.275288e+02
    endloop
  endfacet
  facet normal -2.225209e-01 4.248655e-04 9.749278e-01
    outer loop
      vertex   -1.404765e+02 3.850001e+01 2.275561e+02
      vertex   -1.405901e+02 4.150001e+01 2.275288e+02
      vertex   -1.406223e+02 3.850001e+01 2.275228e+02
    endloop
  endfacet
  facet normal -1.467305e-01 -4.163511e-04 9.891764e-01
    outer loop
      vertex   -1.406223e+02 3.850001e+01 2.275228e+02
      vertex   -1.405901e+02 4.150001e+01 2.275288e+02
      vertex   -1.407357e+02 4.150001e+01 2.275072e+02
    endloop
  endfacet
  facet normal -1.243437e-01 4.461056e-04 9.922391e-01
    outer loop
      vertex   -1.406223e+02 3.850001e+01 2.275228e+02
      vertex   -1.407357e+02 4.150001e+01 2.275072e+02
      vertex   -1.407706e+02 3.850001e+01 2.275042e+02
    endloop
  endfacet
  facet normal -4.906767e-02 -4.369957e-04 9.987954e-01
    outer loop
      vertex   -1.407706e+02 3.850001e+01 2.275042e+02
      vertex   -1.407357e+02 4.150001e+01 2.275072e+02
      vertex   -1.408827e+02 4.150001e+01 2.275000e+02
    endloop
  endfacet
  facet normal -2.493069e-02 4.661318e-04 9.996891e-01
    outer loop
      vertex   -1.407706e+02 3.850001e+01 2.275042e+02
      vertex   -1.408827e+02 4.150001e+01 2.275000e+02
      vertex   -1.409201e+02 3.850001e+01 2.275005e+02
    endloop
  endfacet
  facet normal 4.906767e-02 -4.564265e-04 9.987954e-01
    outer loop
      vertex   -1.409201e+02 3.850001e+01 2.275005e+02
      vertex   -1.408827e+02 4.150001e+01 2.275000e+02
      vertex   -1.410298e+02 4.150001e+01 2.275072e+02
    endloop
  endfacet
  facet normal 7.473008e-02 4.849442e-04 9.972037e-01
    outer loop
      vertex   -1.409201e+02 3.850001e+01 2.275005e+02
      vertex   -1.410298e+02 4.150001e+01 2.275072e+02
      vertex   -1.410692e+02 3.850001e+01 2.275116e+02
    endloop
  endfacet
  facet normal 1.467305e-01 -4.746435e-04 9.891764e-01
    outer loop
      vertex   -1.410692e+02 3.850001e+01 2.275116e+02
      vertex   -1.410298e+02 4.150001e+01 2.275072e+02
      vertex   -1.411754e+02 4.150001e+01 2.275288e+02
    endloop
  endfacet
  facet normal 1.736482e-01 5.025427e-04 9.848076e-01
    outer loop
      vertex   -1.410692e+02 3.850001e+01 2.275116e+02
      vertex   -1.411754e+02 4.150001e+01 2.275288e+02
      vertex   -1.412165e+02 3.850001e+01 2.275376e+02
    endloop
  endfacet
  facet normal 2.429802e-01 -4.916465e-04 9.700311e-01
    outer loop
      vertex   -1.412165e+02 3.850001e+01 2.275376e+02
      vertex   -1.411754e+02 4.150001e+01 2.275288e+02
      vertex   -1.413182e+02 4.150001e+01 2.275646e+02
    endloop
  endfacet
  facet normal 2.708404e-01 5.189275e-04 9.626241e-01
    outer loop
      vertex   -1.412165e+02 3.850001e+01 2.275376e+02
      vertex   -1.413182e+02 4.150001e+01 2.275646e+02
      vertex   -1.413605e+02 3.850001e+01 2.275781e+02
    endloop
  endfacet
  facet normal 3.368898e-01 -5.074355e-04 9.415439e-01
    outer loop
      vertex   -1.413605e+02 3.850001e+01 2.275781e+02
      vertex   -1.413182e+02 4.150001e+01 2.275646e+02
      vertex   -1.414568e+02 4.150001e+01 2.276142e+02
    endloop
  endfacet
  facet normal 3.653410e-01 5.340984e-04 9.308736e-01
    outer loop
      vertex   -1.413605e+02 3.850001e+01 2.275781e+02
      vertex   -1.414568e+02 4.150001e+01 2.276142e+02
      vertex   -1.414997e+02 3.850001e+01 2.276327e+02
    endloop
  endfacet
  facet normal 4.275550e-01 -5.220103e-04 9.039892e-01
    outer loop
      vertex   -1.414997e+02 3.850001e+01 2.276327e+02
      vertex   -1.414568e+02 4.150001e+01 2.276142e+02
      vertex   -1.415898e+02 4.150001e+01 2.276771e+02
    endloop
  endfacet
  facet normal 4.562106e-01 5.480556e-04 8.898717e-01
    outer loop
      vertex   -1.414997e+02 3.850001e+01 2.276327e+02
      vertex   -1.415898e+02 4.150001e+01 2.276771e+02
      vertex   -1.416327e+02 3.850001e+01 2.277010e+02
    endloop
  endfacet
  facet normal 5.141027e-01 -5.353708e-04 8.577285e-01
    outer loop
      vertex   -1.416327e+02 3.850001e+01 2.277010e+02
      vertex   -1.415898e+02 4.150001e+01 2.276771e+02
      vertex   -1.417161e+02 4.150001e+01 2.277528e+02
    endloop
  endfacet
  facet normal 5.425462e-01 5.607990e-04 8.400258e-01
    outer loop
      vertex   -1.416327e+02 3.850001e+01 2.277010e+02
      vertex   -1.417161e+02 4.150001e+01 2.277528e+02
      vertex   -1.417583e+02 3.850001e+01 2.277821e+02
    endloop
  endfacet
  facet normal 5.956992e-01 -5.475170e-04 8.032074e-01
    outer loop
      vertex   -1.417583e+02 3.850001e+01 2.277821e+02
      vertex   -1.417161e+02 4.150001e+01 2.277528e+02
      vertex   -1.418343e+02 4.150001e+01 2.278405e+02
    endloop
  endfacet
  facet normal 6.234897e-01 5.723287e-04 7.818314e-01
    outer loop
      vertex   -1.417583e+02 3.850001e+01 2.277821e+02
      vertex   -1.418343e+02 4.150001e+01 2.278405e+02
      vertex   -1.418753e+02 3.850001e+01 2.278753e+02
    endloop
  endfacet
  facet normal 6.715589e-01 -5.584489e-04 7.409510e-01
    outer loop
      vertex   -1.418753e+02 3.850001e+01 2.278753e+02
      vertex   -1.418343e+02 4.150001e+01 2.278405e+02
      vertex   -1.419434e+02 4.150001e+01 2.279393e+02
    endloop
  endfacet
  facet normal 6.982367e-01 5.826447e-04 7.158667e-01
    outer loop
      vertex   -1.418753e+02 3.850001e+01 2.278753e+02
      vertex   -1.419434e+02 4.150001e+01 2.279393e+02
      vertex   -1.419823e+02 3.850001e+01 2.279797e+02
    endloop
  endfacet
  facet normal 7.409510e-01 -5.681662e-04 6.715588e-01
    outer loop
      vertex   -1.419823e+02 3.850001e+01 2.279797e+02
      vertex   -1.419434e+02 4.150001e+01 2.279393e+02
      vertex   -1.420422e+02 4.150001e+01 2.280484e+02
    endloop
  endfacet
  facet normal 7.660443e-01 5.917470e-04 6.427875e-01
    outer loop
      vertex   -1.419823e+02 3.850001e+01 2.279797e+02
      vertex   -1.420422e+02 4.150001e+01 2.280484e+02
      vertex   -1.420784e+02 3.850001e+01 2.280943e+02
    endloop
  endfacet
  facet normal 8.032074e-01 -5.766691e-04 5.956992e-01
    outer loop
      vertex   -1.420784e+02 3.850001e+01 2.280943e+02
      vertex   -1.420422e+02 4.150001e+01 2.280484e+02
      vertex   -1.421299e+02 4.150001e+01 2.281666e+02
    endloop
  endfacet
  facet normal 8.262386e-01 5.996356e-04 5.633200e-01
    outer loop
      vertex   -1.420784e+02 3.850001e+01 2.280943e+02
      vertex   -1.421299e+02 4.150001e+01 2.281666e+02
      vertex   -1.421627e+02 3.850001e+01 2.282178e+02
    endloop
  endfacet
  facet normal 8.577285e-01 -5.839573e-04 5.141027e-01
    outer loop
      vertex   -1.421627e+02 3.850001e+01 2.282178e+02
      vertex   -1.421299e+02 4.150001e+01 2.281666e+02
      vertex   -1.422056e+02 4.150001e+01 2.282929e+02
    endloop
  endfacet
  facet normal 8.782214e-01 6.063106e-04 4.782539e-01
    outer loop
      vertex   -1.421627e+02 3.850001e+01 2.282178e+02
      vertex   -1.422056e+02 4.150001e+01 2.282929e+02
      vertex   -1.422342e+02 3.850001e+01 2.283492e+02
    endloop
  endfacet
  facet normal 9.039891e-01 -5.900309e-04 4.275550e-01
    outer loop
      vertex   -1.422342e+02 3.850001e+01 2.283492e+02
      vertex   -1.422056e+02 4.150001e+01 2.282929e+02
      vertex   -1.422685e+02 4.150001e+01 2.284260e+02
    endloop
  endfacet
  facet normal 9.214760e-01 6.117719e-04 3.884347e-01
    outer loop
      vertex   -1.422342e+02 3.850001e+01 2.283492e+02
      vertex   -1.422685e+02 4.150001e+01 2.284260e+02
      vertex   -1.422923e+02 3.850001e+01 2.284870e+02
    endloop
  endfacet
  facet normal 9.415439e-01 -5.948899e-04 3.368898e-01
    outer loop
      vertex   -1.422923e+02 3.850001e+01 2.284870e+02
      vertex   -1.422685e+02 4.150001e+01 2.284260e+02
      vertex   -1.423181e+02 4.150001e+01 2.285646e+02
    endloop
  endfacet
  facet normal 9.555726e-01 6.160196e-04 2.947551e-01
    outer loop
      vertex   -1.422923e+02 3.850001e+01 2.284870e+02
      vertex   -1.423181e+02 4.150001e+01 2.285646e+02
      vertex   -1.423363e+02 3.850001e+01 2.286299e+02
    endloop
  endfacet
  facet normal 9.700311e-01 -5.985341e-04 2.429801e-01
    outer loop
      vertex   -1.423363e+02 3.850001e+01 2.286299e+02
      vertex   -1.423181e+02 4.150001e+01 2.285646e+02
      vertex   -1.423539e+02 4.150001e+01 2.287074e+02
    endloop
  endfacet
  facet normal 9.801723e-01 6.190536e-04 1.981461e-01
    outer loop
      vertex   -1.423363e+02 3.850001e+01 2.286299e+02
      vertex   -1.423539e+02 4.150001e+01 2.287074e+02
      vertex   -1.423660e+02 3.850001e+01 2.287764e+02
    endloop
  endfacet
  facet normal 9.891763e-01 -6.009636e-04 1.467304e-01
    outer loop
      vertex   -1.423660e+02 3.850001e+01 2.287764e+02
      vertex   -1.423539e+02 4.150001e+01 2.287074e+02
      vertex   -1.423755e+02 4.150001e+01 2.288530e+02
    endloop
  endfacet
  facet normal 9.950306e-01 6.208740e-04 9.956783e-02
    outer loop
      vertex   -1.423660e+02 3.850001e+01 2.287764e+02
      vertex   -1.423755e+02 4.150001e+01 2.288530e+02
      vertex   -1.423809e+02 3.850001e+01 2.289252e+02
    endloop
  endfacet
  facet normal 9.987953e-01 -6.021784e-04 4.906767e-02
    outer loop
      vertex   -1.423809e+02 3.850001e+01 2.289252e+02
      vertex   -1.423755e+02 4.150001e+01 2.288530e+02
      vertex   -1.423827e+02 4.150001e+01 2.290000e+02
    endloop
  endfacet
  facet normal 9.999998e-01 6.214808e-04 -0.000000e+00
    outer loop
      vertex   -1.423809e+02 3.850001e+01 2.289252e+02
      vertex   -1.423827e+02 4.150001e+01 2.290000e+02
      vertex   -1.423809e+02 3.850001e+01 2.290748e+02
    endloop
  endfacet
  facet normal 9.987953e-01 -6.021784e-04 -4.906767e-02
    outer loop
      vertex   -1.423809e+02 3.850001e+01 2.290748e+02
      vertex   -1.423827e+02 4.150001e+01 2.290000e+02
      vertex   -1.423755e+02 4.150001e+01 2.291470e+02
    endloop
  endfacet
  facet normal 9.950306e-01 6.208740e-04 -9.956783e-02
    outer loop
      vertex   -1.423809e+02 3.850001e+01 2.290748e+02
      vertex   -1.423755e+02 4.150001e+01 2.291470e+02
      vertex   -1.423660e+02 3.850001e+01 2.292236e+02
    endloop
  endfacet
  facet normal 9.891763e-01 -6.009636e-04 -1.467304e-01
    outer loop
      vertex   -1.423660e+02 3.850001e+01 2.292236e+02
      vertex   -1.423755e+02 4.150001e+01 2.291470e+02
      vertex   -1.423539e+02 4.150001e+01 2.292926e+02
    endloop
  endfacet
  facet normal 9.801723e-01 6.190536e-04 -1.981461e-01
    outer loop
      vertex   -1.423660e+02 3.850001e+01 2.292236e+02
      vertex   -1.423539e+02 4.150001e+01 2.292926e+02
      vertex   -1.423363e+02 3.850001e+01 2.293701e+02
    endloop
  endfacet
  facet normal 9.700311e-01 -5.985341e-04 -2.429801e-01
    outer loop
      vertex   -1.423363e+02 3.850001e+01 2.293701e+02
      vertex   -1.423539e+02 4.150001e+01 2.292926e+02
      vertex   -1.423181e+02 4.150001e+01 2.294354e+02
    endloop
  endfacet
  facet normal 9.555726e-01 6.160196e-04 -2.947551e-01
    outer loop
      vertex   -1.423363e+02 3.850001e+01 2.293701e+02
      vertex   -1.423181e+02 4.150001e+01 2.294354e+02
      vertex   -1.422923e+02 3.850001e+01 2.295130e+02
    endloop
  endfacet
  facet normal 9.415439e-01 -5.948899e-04 -3.368898e-01
    outer loop
      vertex   -1.422923e+02 3.850001e+01 2.295130e+02
      vertex   -1.423181e+02 4.150001e+01 2.294354e+02
      vertex   -1.422685e+02 4.150001e+01 2.295740e+02
    endloop
  endfacet
  facet normal 9.214760e-01 6.117719e-04 -3.884347e-01
    outer loop
      vertex   -1.422923e+02 3.850001e+01 2.295130e+02
      vertex   -1.422685e+02 4.150001e+01 2.295740e+02
      vertex   -1.422342e+02 3.850001e+01 2.296508e+02
    endloop
  endfacet
  facet normal 9.039891e-01 -5.900309e-04 -4.275550e-01
    outer loop
      vertex   -1.422342e+02 3.850001e+01 2.296508e+02
      vertex   -1.422685e+02 4.150001e+01 2.295740e+02
      vertex   -1.422056e+02 4.150001e+01 2.297071e+02
    endloop
  endfacet
  facet normal 8.782214e-01 6.063106e-04 -4.782539e-01
    outer loop
      vertex   -1.422342e+02 3.850001e+01 2.296508e+02
      vertex   -1.422056e+02 4.150001e+01 2.297071e+02
      vertex   -1.421627e+02 3.850001e+01 2.297822e+02
    endloop
  endfacet
  facet normal 8.577285e-01 -5.839573e-04 -5.141027e-01
    outer loop
      vertex   -1.421627e+02 3.850001e+01 2.297822e+02
      vertex   -1.422056e+02 4.150001e+01 2.297071e+02
      vertex   -1.421299e+02 4.150001e+01 2.298334e+02
    endloop
  endfacet
  facet normal 8.262386e-01 5.996356e-04 -5.633200e-01
    outer loop
      vertex   -1.421627e+02 3.850001e+01 2.297822e+02
      vertex   -1.421299e+02 4.150001e+01 2.298334e+02
      vertex   -1.420784e+02 3.850001e+01 2.299057e+02
    endloop
  endfacet
  facet normal 8.032074e-01 -5.766691e-04 -5.956992e-01
    outer loop
      vertex   -1.420784e+02 3.850001e+01 2.299057e+02
      vertex   -1.421299e+02 4.150001e+01 2.298334e+02
      vertex   -1.420422e+02 4.150001e+01 2.299516e+02
    endloop
  endfacet
  facet normal 7.660443e-01 5.917470e-04 -6.427875e-01
    outer loop
      vertex   -1.420784e+02 3.850001e+01 2.299057e+02
      vertex   -1.420422e+02 4.150001e+01 2.299516e+02
      vertex   -1.419823e+02 3.850001e+01 2.300203e+02
    endloop
  endfacet
  facet normal 7.409510e-01 -5.681662e-04 -6.715588e-01
    outer loop
      vertex   -1.419823e+02 3.850001e+01 2.300203e+02
      vertex   -1.420422e+02 4.150001e+01 2.299516e+02
      vertex   -1.419434e+02 4.150001e+01 2.300607e+02
    endloop
  endfacet
  facet normal 6.982367e-01 5.826447e-04 -7.158667e-01
    outer loop
      vertex   -1.419823e+02 3.850001e+01 2.300203e+02
      vertex   -1.419434e+02 4.150001e+01 2.300607e+02
      vertex   -1.418753e+02 3.850001e+01 2.301247e+02
    endloop
  endfacet
  facet normal 6.715589e-01 -5.584489e-04 -7.409510e-01
    outer loop
      vertex   -1.418753e+02 3.850001e+01 2.301247e+02
      vertex   -1.419434e+02 4.150001e+01 2.300607e+02
      vertex   -1.418343e+02 4.150001e+01 2.301595e+02
    endloop
  endfacet
  facet normal 6.234897e-01 5.723287e-04 -7.818314e-01
    outer loop
      vertex   -1.418753e+02 3.850001e+01 2.301247e+02
      vertex   -1.418343e+02 4.150001e+01 2.301595e+02
      vertex   -1.417583e+02 3.850001e+01 2.302179e+02
    endloop
  endfacet
  facet normal 5.956992e-01 -5.475170e-04 -8.032074e-01
    outer loop
      vertex   -1.417583e+02 3.850001e+01 2.302179e+02
      vertex   -1.418343e+02 4.150001e+01 2.301595e+02
      vertex   -1.417161e+02 4.150001e+01 2.302472e+02
    endloop
  endfacet
  facet normal 5.425462e-01 5.607990e-04 -8.400258e-01
    outer loop
      vertex   -1.417583e+02 3.850001e+01 2.302179e+02
      vertex   -1.417161e+02 4.150001e+01 2.302472e+02
      vertex   -1.416327e+02 3.850001e+01 2.302990e+02
    endloop
  endfacet
  facet normal 5.141027e-01 -5.353708e-04 -8.577285e-01
    outer loop
      vertex   -1.416327e+02 3.850001e+01 2.302990e+02
      vertex   -1.417161e+02 4.150001e+01 2.302472e+02
      vertex   -1.415898e+02 4.150001e+01 2.303229e+02
    endloop
  endfacet
  facet normal 4.562106e-01 5.480556e-04 -8.898717e-01
    outer loop
      vertex   -1.416327e+02 3.850001e+01 2.302990e+02
      vertex   -1.415898e+02 4.150001e+01 2.303229e+02
      vertex   -1.414997e+02 3.850001e+01 2.303673e+02
    endloop
  endfacet
  facet normal 4.275550e-01 -5.220103e-04 -9.039892e-01
    outer loop
      vertex   -1.414997e+02 3.850001e+01 2.303673e+02
      vertex   -1.415898e+02 4.150001e+01 2.303229e+02
      vertex   -1.414568e+02 4.150001e+01 2.303858e+02
    endloop
  endfacet
  facet normal 3.653410e-01 5.340984e-04 -9.308736e-01
    outer loop
      vertex   -1.414997e+02 3.850001e+01 2.303673e+02
      vertex   -1.414568e+02 4.150001e+01 2.303858e+02
      vertex   -1.413605e+02 3.850001e+01 2.304219e+02
    endloop
  endfacet
  facet normal 3.368898e-01 -5.074355e-04 -9.415439e-01
    outer loop
      vertex   -1.413605e+02 3.850001e+01 2.304219e+02
      vertex   -1.414568e+02 4.150001e+01 2.303858e+02
      vertex   -1.413182e+02 4.150001e+01 2.304354e+02
    endloop
  endfacet
  facet normal 2.708404e-01 5.189275e-04 -9.626241e-01
    outer loop
      vertex   -1.413605e+02 3.850001e+01 2.304219e+02
      vertex   -1.413182e+02 4.150001e+01 2.304354e+02
      vertex   -1.412165e+02 3.850001e+01 2.304624e+02
    endloop
  endfacet
  facet normal 2.429802e-01 -4.916465e-04 -9.700311e-01
    outer loop
      vertex   -1.412165e+02 3.850001e+01 2.304624e+02
      vertex   -1.413182e+02 4.150001e+01 2.304354e+02
      vertex   -1.411754e+02 4.150001e+01 2.304712e+02
    endloop
  endfacet
  facet normal 1.736482e-01 5.025427e-04 -9.848076e-01
    outer loop
      vertex   -1.412165e+02 3.850001e+01 2.304624e+02
      vertex   -1.411754e+02 4.150001e+01 2.304712e+02
      vertex   -1.410692e+02 3.850001e+01 2.304884e+02
    endloop
  endfacet
  facet normal 1.467305e-01 -4.746435e-04 -9.891764e-01
    outer loop
      vertex   -1.410692e+02 3.850001e+01 2.304884e+02
      vertex   -1.411754e+02 4.150001e+01 2.304712e+02
      vertex   -1.410298e+02 4.150001e+01 2.304928e+02
    endloop
  endfacet
  facet normal 7.473008e-02 4.849442e-04 -9.972037e-01
    outer loop
      vertex   -1.410692e+02 3.850001e+01 2.304884e+02
      vertex   -1.410298e+02 4.150001e+01 2.304928e+02
      vertex   -1.409201e+02 3.850001e+01 2.304995e+02
    endloop
  endfacet
  facet normal 4.906767e-02 -4.564265e-04 -9.987954e-01
    outer loop
      vertex   -1.409201e+02 3.850001e+01 2.304995e+02
      vertex   -1.410298e+02 4.150001e+01 2.304928e+02
      vertex   -1.408827e+02 4.150001e+01 2.305000e+02
    endloop
  endfacet
  facet normal -2.493069e-02 4.661318e-04 -9.996891e-01
    outer loop
      vertex   -1.409201e+02 3.850001e+01 2.304995e+02
      vertex   -1.408827e+02 4.150001e+01 2.305000e+02
      vertex   -1.407706e+02 3.850001e+01 2.304958e+02
    endloop
  endfacet
  facet normal -4.906767e-02 -4.369957e-04 -9.987954e-01
    outer loop
      vertex   -1.407706e+02 3.850001e+01 2.304958e+02
      vertex   -1.408827e+02 4.150001e+01 2.305000e+02
      vertex   -1.407357e+02 4.150001e+01 2.304928e+02
    endloop
  endfacet
  facet normal -1.243437e-01 4.461056e-04 -9.922391e-01
    outer loop
      vertex   -1.407706e+02 3.850001e+01 2.304958e+02
      vertex   -1.407357e+02 4.150001e+01 2.304928e+02
      vertex   -1.406223e+02 3.850001e+01 2.304772e+02
    endloop
  endfacet
  facet normal -1.467305e-01 -4.163511e-04 -9.891764e-01
    outer loop
      vertex   -1.406223e+02 3.850001e+01 2.304772e+02
      vertex   -1.407357e+02 4.150001e+01 2.304928e+02
      vertex   -1.405901e+02 4.150001e+01 2.304712e+02
    endloop
  endfacet
  facet normal -2.225209e-01 4.248655e-04 -9.749278e-01
    outer loop
      vertex   -1.406223e+02 3.850001e+01 2.304772e+02
      vertex   -1.405901e+02 4.150001e+01 2.304712e+02
      vertex   -1.404765e+02 3.850001e+01 2.304439e+02
    endloop
  endfacet
  facet normal -2.429802e-01 -3.944928e-04 -9.700312e-01
    outer loop
      vertex   -1.404765e+02 3.850001e+01 2.304439e+02
      vertex   -1.405901e+02 4.150001e+01 2.304712e+02
      vertex   -1.404473e+02 4.150001e+01 2.304354e+02
    endloop
  endfacet
  facet normal -3.184866e-01 4.024117e-04 -9.479273e-01
    outer loop
      vertex   -1.404765e+02 3.850001e+01 2.304439e+02
      vertex   -1.404473e+02 4.150001e+01 2.304354e+02
      vertex   -1.403347e+02 3.850001e+01 2.303963e+02
    endloop
  endfacet
  facet normal -3.368898e-01 -3.714210e-04 -9.415440e-01
    outer loop
      vertex   -1.403347e+02 3.850001e+01 2.303963e+02
      vertex   -1.404473e+02 4.150001e+01 2.304354e+02
      vertex   -1.403087e+02 4.150001e+01 2.303858e+02
    endloop
  endfacet
  facet normal -4.112871e-01 3.787439e-04 -9.115058e-01
    outer loop
      vertex   -1.403347e+02 3.850001e+01 2.303963e+02
      vertex   -1.403087e+02 4.150001e+01 2.303858e+02
      vertex   -1.401984e+02 3.850001e+01 2.303348e+02
    endloop
  endfacet
  facet normal -4.275551e-01 -3.471357e-04 -9.039892e-01
    outer loop
      vertex   -1.401984e+02 3.850001e+01 2.303348e+02
      vertex   -1.403087e+02 4.150001e+01 2.303858e+02
      vertex   -1.401756e+02 4.150001e+01 2.303229e+02
    endloop
  endfacet
  facet normal -5.000000e-01 3.538623e-04 -8.660253e-01
    outer loop
      vertex   -1.401984e+02 3.850001e+01 2.303348e+02
      vertex   -1.401756e+02 4.150001e+01 2.303229e+02
      vertex   -1.400689e+02 3.850001e+01 2.302600e+02
    endloop
  endfacet
  facet normal -5.141027e-01 -3.216371e-04 -8.577286e-01
    outer loop
      vertex   -1.400689e+02 3.850001e+01 2.302600e+02
      vertex   -1.401756e+02 4.150001e+01 2.303229e+02
      vertex   -1.400494e+02 4.150001e+01 2.302472e+02
    endloop
  endfacet
  facet normal -5.837436e-01 3.277669e-04 -8.119380e-01
    outer loop
      vertex   -1.400689e+02 3.850001e+01 2.302600e+02
      vertex   -1.400494e+02 4.150001e+01 2.302472e+02
      vertex   -1.399475e+02 3.850001e+01 2.301727e+02
    endloop
  endfacet
  facet normal -5.956993e-01 -2.949253e-04 -8.032075e-01
    outer loop
      vertex   -1.399475e+02 3.850001e+01 2.301727e+02
      vertex   -1.400494e+02 4.150001e+01 2.302472e+02
      vertex   -1.399311e+02 4.150001e+01 2.301595e+02
    endloop
  endfacet
  facet normal -6.616858e-01 3.004577e-04 -7.497812e-01
    outer loop
      vertex   -1.399475e+02 3.850001e+01 2.301727e+02
      vertex   -1.399311e+02 4.150001e+01 2.301595e+02
      vertex   -1.398354e+02 3.850001e+01 2.300738e+02
    endloop
  endfacet
  facet normal -6.715589e-01 -2.670003e-04 -7.409511e-01
    outer loop
      vertex   -1.398354e+02 3.850001e+01 2.300738e+02
      vertex   -1.399311e+02 4.150001e+01 2.301595e+02
      vertex   -1.398221e+02 4.150001e+01 2.300607e+02
    endloop
  endfacet
  facet normal -7.330518e-01 2.719346e-04 -6.801727e-01
    outer loop
      vertex   -1.398354e+02 3.850001e+01 2.300738e+02
      vertex   -1.398221e+02 4.150001e+01 2.300607e+02
      vertex   -1.397337e+02 3.850001e+01 2.299642e+02
    endloop
  endfacet
  facet normal -7.409511e-01 -2.378624e-04 -6.715589e-01
    outer loop
      vertex   -1.397337e+02 3.850001e+01 2.299642e+02
      vertex   -1.398221e+02 4.150001e+01 2.300607e+02
      vertex   -1.397232e+02 4.150001e+01 2.299516e+02
    endloop
  endfacet
  facet normal -7.971325e-01 2.421978e-04 -6.038044e-01
    outer loop
      vertex   -1.397337e+02 3.850001e+01 2.299642e+02
      vertex   -1.397232e+02 4.150001e+01 2.299516e+02
      vertex   -1.396434e+02 3.850001e+01 2.298450e+02
    endloop
  endfacet
  facet normal -8.032075e-01 -2.075115e-04 -5.956993e-01
    outer loop
      vertex   -1.396434e+02 3.850001e+01 2.298450e+02
      vertex   -1.397232e+02 4.150001e+01 2.299516e+02
      vertex   -1.396355e+02 4.150001e+01 2.298334e+02
    endloop
  endfacet
  facet normal -8.532909e-01 2.112472e-04 -5.214352e-01
    outer loop
      vertex   -1.396434e+02 3.850001e+01 2.298450e+02
      vertex   -1.396355e+02 4.150001e+01 2.298334e+02
      vertex   -1.395654e+02 3.850001e+01 2.297174e+02
    endloop
  endfacet
  facet normal -8.577286e-01 -1.759479e-04 -5.141027e-01
    outer loop
      vertex   -1.395654e+02 3.850001e+01 2.297174e+02
      vertex   -1.396355e+02 4.150001e+01 2.298334e+02
      vertex   -1.395598e+02 4.150001e+01 2.297071e+02
    endloop
  endfacet
  facet normal -9.009689e-01 1.790830e-04 -4.338837e-01
    outer loop
      vertex   -1.395654e+02 3.850001e+01 2.297174e+02
      vertex   -1.395598e+02 4.150001e+01 2.297071e+02
      vertex   -1.395005e+02 3.850001e+01 2.295827e+02
    endloop
  endfacet
  facet normal -9.039893e-01 -1.431716e-04 -4.275551e-01
    outer loop
      vertex   -1.395005e+02 3.850001e+01 2.295827e+02
      vertex   -1.395598e+02 4.150001e+01 2.297071e+02
      vertex   -1.394969e+02 4.150001e+01 2.295740e+02
    endloop
  endfacet
  facet normal -9.396926e-01 1.457051e-04 -3.420201e-01
    outer loop
      vertex   -1.395005e+02 3.850001e+01 2.295827e+02
      vertex   -1.394969e+02 4.150001e+01 2.295740e+02
      vertex   -1.394494e+02 3.850001e+01 2.294421e+02
    endloop
  endfacet
  facet normal -9.415441e-01 -1.091827e-04 -3.368899e-01
    outer loop
      vertex   -1.394494e+02 3.850001e+01 2.294421e+02
      vertex   -1.394969e+02 4.150001e+01 2.295740e+02
      vertex   -1.394473e+02 4.150001e+01 2.294354e+02
    endloop
  endfacet
  facet normal -9.690773e-01 1.111136e-04 -2.467574e-01
    outer loop
      vertex   -1.394494e+02 3.850001e+01 2.294421e+02
      vertex   -1.394473e+02 4.150001e+01 2.294354e+02
      vertex   -1.394125e+02 3.850001e+01 2.292972e+02
    endloop
  endfacet
  facet normal -9.700313e-01 -7.398134e-05 -2.429802e-01
    outer loop
      vertex   -1.394125e+02 3.850001e+01 2.292972e+02
      vertex   -1.394473e+02 4.150001e+01 2.294354e+02
      vertex   -1.394116e+02 4.150001e+01 2.292926e+02
    endloop
  endfacet
  facet normal -9.888308e-01 7.530861e-05 -1.490423e-01
    outer loop
      vertex   -1.394125e+02 3.850001e+01 2.292972e+02
      vertex   -1.394116e+02 4.150001e+01 2.292926e+02
      vertex   -1.393902e+02 3.850001e+01 2.291494e+02
    endloop
  endfacet
  facet normal -9.891765e-01 -3.756762e-05 -1.467305e-01
    outer loop
      vertex   -1.393902e+02 3.850001e+01 2.291494e+02
      vertex   -1.394116e+02 4.150001e+01 2.292926e+02
      vertex   -1.393900e+02 4.150001e+01 2.291470e+02
    endloop
  endfacet
  facet normal -9.987569e-01 3.829017e-05 -4.984589e-02
    outer loop
      vertex   -1.393902e+02 3.850001e+01 2.291494e+02
      vertex   -1.393900e+02 4.150001e+01 2.291470e+02
      vertex   -1.393827e+02 3.850001e+01 2.290000e+02
    endloop
  endfacet
  facet normal -9.987569e-01 5.836328e-08 4.984589e-02
    outer loop
      vertex   -1.393827e+02 3.550001e+01 2.290000e+02
      vertex   -1.393827e+02 3.850001e+01 2.290000e+02
      vertex   -1.393902e+02 3.550001e+01 2.288507e+02
    endloop
  endfacet
  facet normal -9.987569e-01 5.836328e-08 4.984589e-02
    outer loop
      vertex   -1.393902e+02 3.550001e+01 2.288507e+02
      vertex   -1.393827e+02 3.850001e+01 2.290000e+02
      vertex   -1.393902e+02 3.850001e+01 2.288507e+02
    endloop
  endfacet
  facet normal -9.888308e-01 5.778323e-08 1.490423e-01
    outer loop
      vertex   -1.393902e+02 3.550001e+01 2.288507e+02
      vertex   -1.393902e+02 3.850001e+01 2.288507e+02
      vertex   -1.394125e+02 3.550001e+01 2.287028e+02
    endloop
  endfacet
  facet normal -9.888308e-01 5.778324e-08 1.490423e-01
    outer loop
      vertex   -1.394125e+02 3.550001e+01 2.287028e+02
      vertex   -1.393902e+02 3.850001e+01 2.288507e+02
      vertex   -1.394125e+02 3.850001e+01 2.287028e+02
    endloop
  endfacet
  facet normal -9.690773e-01 5.662893e-08 2.467574e-01
    outer loop
      vertex   -1.394125e+02 3.550001e+01 2.287028e+02
      vertex   -1.394125e+02 3.850001e+01 2.287028e+02
      vertex   -1.394494e+02 3.550001e+01 2.285579e+02
    endloop
  endfacet
  facet normal -9.690773e-01 5.662892e-08 2.467574e-01
    outer loop
      vertex   -1.394494e+02 3.550001e+01 2.285579e+02
      vertex   -1.394125e+02 3.850001e+01 2.287028e+02
      vertex   -1.394494e+02 3.850001e+01 2.285579e+02
    endloop
  endfacet
  facet normal -9.396926e-01 5.491180e-08 3.420201e-01
    outer loop
      vertex   -1.394494e+02 3.550001e+01 2.285579e+02
      vertex   -1.394494e+02 3.850001e+01 2.285579e+02
      vertex   -1.395005e+02 3.550001e+01 2.284173e+02
    endloop
  endfacet
  facet normal -9.396926e-01 5.491181e-08 3.420201e-01
    outer loop
      vertex   -1.395005e+02 3.550001e+01 2.284173e+02
      vertex   -1.394494e+02 3.850001e+01 2.285579e+02
      vertex   -1.395005e+02 3.850001e+01 2.284173e+02
    endloop
  endfacet
  facet normal -9.009689e-01 5.264895e-08 4.338837e-01
    outer loop
      vertex   -1.395005e+02 3.550001e+01 2.284173e+02
      vertex   -1.395005e+02 3.850001e+01 2.284173e+02
      vertex   -1.395654e+02 3.550001e+01 2.282826e+02
    endloop
  endfacet
  facet normal -9.009689e-01 5.264895e-08 4.338837e-01
    outer loop
      vertex   -1.395654e+02 3.550001e+01 2.282826e+02
      vertex   -1.395005e+02 3.850001e+01 2.284173e+02
      vertex   -1.395654e+02 3.850001e+01 2.282826e+02
    endloop
  endfacet
  facet normal -8.532909e-01 4.986284e-08 5.214352e-01
    outer loop
      vertex   -1.395654e+02 3.550001e+01 2.282826e+02
      vertex   -1.395654e+02 3.850001e+01 2.282826e+02
      vertex   -1.396434e+02 3.550001e+01 2.281550e+02
    endloop
  endfacet
  facet normal -8.532909e-01 4.986283e-08 5.214352e-01
    outer loop
      vertex   -1.396434e+02 3.550001e+01 2.281550e+02
      vertex   -1.395654e+02 3.850001e+01 2.282826e+02
      vertex   -1.396434e+02 3.850001e+01 2.281550e+02
    endloop
  endfacet
  facet normal -7.971325e-01 4.658117e-08 6.038044e-01
    outer loop
      vertex   -1.396434e+02 3.550001e+01 2.281550e+02
      vertex   -1.396434e+02 3.850001e+01 2.281550e+02
      vertex   -1.397337e+02 3.550001e+01 2.280358e+02
    endloop
  endfacet
  facet normal -7.971325e-01 4.658118e-08 6.038044e-01
    outer loop
      vertex   -1.397337e+02 3.550001e+01 2.280358e+02
      vertex   -1.396434e+02 3.850001e+01 2.281550e+02
      vertex   -1.397337e+02 3.850001e+01 2.280358e+02
    endloop
  endfacet
  facet normal -7.330519e-01 4.283656e-08 6.801727e-01
    outer loop
      vertex   -1.397337e+02 3.550001e+01 2.280358e+02
      vertex   -1.397337e+02 3.850001e+01 2.280358e+02
      vertex   -1.398354e+02 3.550001e+01 2.279262e+02
    endloop
  endfacet
  facet normal -7.330519e-01 4.283656e-08 6.801727e-01
    outer loop
      vertex   -1.398354e+02 3.550001e+01 2.279262e+02
      vertex   -1.397337e+02 3.850001e+01 2.280358e+02
      vertex   -1.398354e+02 3.850001e+01 2.279262e+02
    endloop
  endfacet
  facet normal -6.616858e-01 3.866622e-08 7.497812e-01
    outer loop
      vertex   -1.398354e+02 3.550001e+01 2.279262e+02
      vertex   -1.398354e+02 3.850001e+01 2.279262e+02
      vertex   -1.399475e+02 3.550001e+01 2.278273e+02
    endloop
  endfacet
  facet normal -6.616858e-01 3.866622e-08 7.497812e-01
    outer loop
      vertex   -1.399475e+02 3.550001e+01 2.278273e+02
      vertex   -1.398354e+02 3.850001e+01 2.279262e+02
      vertex   -1.399475e+02 3.850001e+01 2.278273e+02
    endloop
  endfacet
  facet normal -5.837437e-01 3.411160e-08 8.119380e-01
    outer loop
      vertex   -1.399475e+02 3.550001e+01 2.278273e+02
      vertex   -1.399475e+02 3.850001e+01 2.278273e+02
      vertex   -1.400689e+02 3.550001e+01 2.277400e+02
    endloop
  endfacet
  facet normal -5.837437e-01 3.411160e-08 8.119380e-01
    outer loop
      vertex   -1.400689e+02 3.550001e+01 2.277400e+02
      vertex   -1.399475e+02 3.850001e+01 2.278273e+02
      vertex   -1.400689e+02 3.850001e+01 2.277400e+02
    endloop
  endfacet
  facet normal -5.000000e-01 2.921796e-08 8.660254e-01
    outer loop
      vertex   -1.400689e+02 3.550001e+01 2.277400e+02
      vertex   -1.400689e+02 3.850001e+01 2.277400e+02
      vertex   -1.401984e+02 3.550001e+01 2.276652e+02
    endloop
  endfacet
  facet normal -5.000000e-01 2.921796e-08 8.660254e-01
    outer loop
      vertex   -1.401984e+02 3.550001e+01 2.276652e+02
      vertex   -1.400689e+02 3.850001e+01 2.277400e+02
      vertex   -1.401984e+02 3.850001e+01 2.276652e+02
    endloop
  endfacet
  facet normal -4.112871e-01 2.403394e-08 9.115059e-01
    outer loop
      vertex   -1.401984e+02 3.550001e+01 2.276652e+02
      vertex   -1.401984e+02 3.850001e+01 2.276652e+02
      vertex   -1.403347e+02 3.550001e+01 2.276037e+02
    endloop
  endfacet
  facet normal -4.112871e-01 2.403394e-08 9.115059e-01
    outer loop
      vertex   -1.403347e+02 3.550001e+01 2.276037e+02
      vertex   -1.401984e+02 3.850001e+01 2.276652e+02
      vertex   -1.403347e+02 3.850001e+01 2.276037e+02
    endloop
  endfacet
  facet normal -3.184867e-01 1.861106e-08 9.479273e-01
    outer loop
      vertex   -1.403347e+02 3.550001e+01 2.276037e+02
      vertex   -1.403347e+02 3.850001e+01 2.276037e+02
      vertex   -1.404765e+02 3.550001e+01 2.275561e+02
    endloop
  endfacet
  facet normal -3.184867e-01 1.861106e-08 9.479273e-01
    outer loop
      vertex   -1.404765e+02 3.550001e+01 2.275561e+02
      vertex   -1.403347e+02 3.850001e+01 2.276037e+02
      vertex   -1.404765e+02 3.850001e+01 2.275561e+02
    endloop
  endfacet
  facet normal -2.225209e-01 1.300322e-08 9.749279e-01
    outer loop
      vertex   -1.404765e+02 3.550001e+01 2.275561e+02
      vertex   -1.404765e+02 3.850001e+01 2.275561e+02
      vertex   -1.406223e+02 3.550001e+01 2.275228e+02
    endloop
  endfacet
  facet normal -2.225209e-01 1.300322e-08 9.749279e-01
    outer loop
      vertex   -1.406223e+02 3.550001e+01 2.275228e+02
      vertex   -1.404765e+02 3.850001e+01 2.275561e+02
      vertex   -1.406223e+02 3.850001e+01 2.275228e+02
    endloop
  endfacet
  facet normal -1.243437e-01 7.266139e-09 9.922392e-01
    outer loop
      vertex   -1.406223e+02 3.550001e+01 2.275228e+02
      vertex   -1.406223e+02 3.850001e+01 2.275228e+02
      vertex   -1.407706e+02 3.550001e+01 2.275042e+02
    endloop
  endfacet
  facet normal -1.243437e-01 7.266139e-09 9.922392e-01
    outer loop
      vertex   -1.407706e+02 3.550001e+01 2.275042e+02
      vertex   -1.406223e+02 3.850001e+01 2.275228e+02
      vertex   -1.407706e+02 3.850001e+01 2.275042e+02
    endloop
  endfacet
  facet normal -2.493069e-02 1.456848e-09 9.996892e-01
    outer loop
      vertex   -1.407706e+02 3.550001e+01 2.275042e+02
      vertex   -1.407706e+02 3.850001e+01 2.275042e+02
      vertex   -1.409201e+02 3.550001e+01 2.275005e+02
    endloop
  endfacet
  facet normal -2.493069e-02 1.456848e-09 9.996892e-01
    outer loop
      vertex   -1.409201e+02 3.550001e+01 2.275005e+02
      vertex   -1.407706e+02 3.850001e+01 2.275042e+02
      vertex   -1.409201e+02 3.850001e+01 2.275005e+02
    endloop
  endfacet
  facet normal 7.473009e-02 -4.366922e-09 9.972038e-01
    outer loop
      vertex   -1.409201e+02 3.550001e+01 2.275005e+02
      vertex   -1.409201e+02 3.850001e+01 2.275005e+02
      vertex   -1.410692e+02 3.550001e+01 2.275116e+02
    endloop
  endfacet
  facet normal 7.473009e-02 -4.366922e-09 9.972038e-01
    outer loop
      vertex   -1.410692e+02 3.550001e+01 2.275116e+02
      vertex   -1.409201e+02 3.850001e+01 2.275005e+02
      vertex   -1.410692e+02 3.850001e+01 2.275116e+02
    endloop
  endfacet
  facet normal 1.736482e-01 -1.014729e-08 9.848078e-01
    outer loop
      vertex   -1.410692e+02 3.550001e+01 2.275116e+02
      vertex   -1.410692e+02 3.850001e+01 2.275116e+02
      vertex   -1.412165e+02 3.550001e+01 2.275376e+02
    endloop
  endfacet
  facet normal 1.736482e-01 -1.014729e-08 9.848078e-01
    outer loop
      vertex   -1.412165e+02 3.550001e+01 2.275376e+02
      vertex   -1.410692e+02 3.850001e+01 2.275116e+02
      vertex   -1.412165e+02 3.850001e+01 2.275376e+02
    endloop
  endfacet
  facet normal 2.708405e-01 -1.582681e-08 9.626242e-01
    outer loop
      vertex   -1.412165e+02 3.550001e+01 2.275376e+02
      vertex   -1.412165e+02 3.850001e+01 2.275376e+02
      vertex   -1.413605e+02 3.550001e+01 2.275781e+02
    endloop
  endfacet
  facet normal 2.708405e-01 -1.582681e-08 9.626242e-01
    outer loop
      vertex   -1.413605e+02 3.550001e+01 2.275781e+02
      vertex   -1.412165e+02 3.850001e+01 2.275376e+02
      vertex   -1.413605e+02 3.850001e+01 2.275781e+02
    endloop
  endfacet
  facet normal 3.653410e-01 -2.134904e-08 9.308737e-01
    outer loop
      vertex   -1.413605e+02 3.550001e+01 2.275781e+02
      vertex   -1.413605e+02 3.850001e+01 2.275781e+02
      vertex   -1.414997e+02 3.550001e+01 2.276327e+02
    endloop
  endfacet
  facet normal 3.653410e-01 -2.134904e-08 9.308737e-01
    outer loop
      vertex   -1.414997e+02 3.550001e+01 2.276327e+02
      vertex   -1.413605e+02 3.850001e+01 2.275781e+02
      vertex   -1.414997e+02 3.850001e+01 2.276327e+02
    endloop
  endfacet
  facet normal 4.562107e-01 -2.665909e-08 8.898718e-01
    outer loop
      vertex   -1.414997e+02 3.550001e+01 2.276327e+02
      vertex   -1.414997e+02 3.850001e+01 2.276327e+02
      vertex   -1.416327e+02 3.550001e+01 2.277010e+02
    endloop
  endfacet
  facet normal 4.562107e-01 -2.665909e-08 8.898718e-01
    outer loop
      vertex   -1.416327e+02 3.550001e+01 2.277010e+02
      vertex   -1.414997e+02 3.850001e+01 2.276327e+02
      vertex   -1.416327e+02 3.850001e+01 2.277010e+02
    endloop
  endfacet
  facet normal 5.425463e-01 -3.170419e-08 8.400259e-01
    outer loop
      vertex   -1.416327e+02 3.550001e+01 2.277010e+02
      vertex   -1.416327e+02 3.850001e+01 2.277010e+02
      vertex   -1.417583e+02 3.550001e+01 2.277821e+02
    endloop
  endfacet
  facet normal 5.425463e-01 -3.170419e-08 8.400259e-01
    outer loop
      vertex   -1.417583e+02 3.550001e+01 2.277821e+02
      vertex   -1.416327e+02 3.850001e+01 2.277010e+02
      vertex   -1.417583e+02 3.850001e+01 2.277821e+02
    endloop
  endfacet
  facet normal 6.234898e-01 -3.643420e-08 7.818315e-01
    outer loop
      vertex   -1.417583e+02 3.550001e+01 2.277821e+02
      vertex   -1.417583e+02 3.850001e+01 2.277821e+02
      vertex   -1.418753e+02 3.550001e+01 2.278753e+02
    endloop
  endfacet
  facet normal 6.234898e-01 -3.643420e-08 7.818315e-01
    outer loop
      vertex   -1.418753e+02 3.550001e+01 2.278753e+02
      vertex   -1.417583e+02 3.850001e+01 2.277821e+02
      vertex   -1.418753e+02 3.850001e+01 2.278753e+02
    endloop
  endfacet
  facet normal 6.982368e-01 -4.080211e-08 7.158668e-01
    outer loop
      vertex   -1.418753e+02 3.550001e+01 2.278753e+02
      vertex   -1.418753e+02 3.850001e+01 2.278753e+02
      vertex   -1.419823e+02 3.550001e+01 2.279797e+02
    endloop
  endfacet
  facet normal 6.982368e-01 -4.080211e-08 7.158668e-01
    outer loop
      vertex   -1.419823e+02 3.550001e+01 2.279797e+02
      vertex   -1.418753e+02 3.850001e+01 2.278753e+02
      vertex   -1.419823e+02 3.850001e+01 2.279797e+02
    endloop
  endfacet
  facet normal 7.660444e-01 -4.476452e-08 6.427876e-01
    outer loop
      vertex   -1.419823e+02 3.550001e+01 2.279797e+02
      vertex   -1.419823e+02 3.850001e+01 2.279797e+02
      vertex   -1.420784e+02 3.550001e+01 2.280943e+02
    endloop
  endfacet
  facet normal 7.660444e-01 -4.476452e-08 6.427876e-01
    outer loop
      vertex   -1.420784e+02 3.550001e+01 2.280943e+02
      vertex   -1.419823e+02 3.850001e+01 2.279797e+02
      vertex   -1.420784e+02 3.850001e+01 2.280943e+02
    endloop
  endfacet
  facet normal 8.262388e-01 -4.828203e-08 5.633201e-01
    outer loop
      vertex   -1.420784e+02 3.550001e+01 2.280943e+02
      vertex   -1.420784e+02 3.850001e+01 2.280943e+02
      vertex   -1.421627e+02 3.550001e+01 2.282178e+02
    endloop
  endfacet
  facet normal 8.262388e-01 -4.828202e-08 5.633201e-01
    outer loop
      vertex   -1.421627e+02 3.550001e+01 2.282178e+02
      vertex   -1.420784e+02 3.850001e+01 2.280943e+02
      vertex   -1.421627e+02 3.850001e+01 2.282178e+02
    endloop
  endfacet
  facet normal 8.782216e-01 -5.131968e-08 4.782540e-01
    outer loop
      vertex   -1.421627e+02 3.550001e+01 2.282178e+02
      vertex   -1.421627e+02 3.850001e+01 2.282178e+02
      vertex   -1.422342e+02 3.550001e+01 2.283492e+02
    endloop
  endfacet
  facet normal 8.782216e-01 -5.131969e-08 4.782540e-01
    outer loop
      vertex   -1.422342e+02 3.550001e+01 2.283492e+02
      vertex   -1.421627e+02 3.850001e+01 2.282178e+02
      vertex   -1.422342e+02 3.850001e+01 2.283492e+02
    endloop
  endfacet
  facet normal 9.214762e-01 -5.384731e-08 3.884348e-01
    outer loop
      vertex   -1.422342e+02 3.550001e+01 2.283492e+02
      vertex   -1.422342e+02 3.850001e+01 2.283492e+02
      vertex   -1.422923e+02 3.550001e+01 2.284870e+02
    endloop
  endfacet
  facet normal 9.214762e-01 -5.384731e-08 3.884348e-01
    outer loop
      vertex   -1.422923e+02 3.550001e+01 2.284870e+02
      vertex   -1.422342e+02 3.850001e+01 2.283492e+02
      vertex   -1.422923e+02 3.850001e+01 2.284870e+02
    endloop
  endfacet
  facet normal 9.555728e-01 -5.583978e-08 2.947552e-01
    outer loop
      vertex   -1.422923e+02 3.550001e+01 2.284870e+02
      vertex   -1.422923e+02 3.850001e+01 2.284870e+02
      vertex   -1.423363e+02 3.550001e+01 2.286299e+02
    endloop
  endfacet
  facet normal 9.555728e-01 -5.583978e-08 2.947552e-01
    outer loop
      vertex   -1.423363e+02 3.550001e+01 2.286299e+02
      vertex   -1.422923e+02 3.850001e+01 2.284870e+02
      vertex   -1.423363e+02 3.850001e+01 2.286299e+02
    endloop
  endfacet
  facet normal 9.801725e-01 -5.727729e-08 1.981461e-01
    outer loop
      vertex   -1.423363e+02 3.550001e+01 2.286299e+02
      vertex   -1.423363e+02 3.850001e+01 2.286299e+02
      vertex   -1.423660e+02 3.550001e+01 2.287764e+02
    endloop
  endfacet
  facet normal 9.801725e-01 -5.727728e-08 1.981461e-01
    outer loop
      vertex   -1.423660e+02 3.550001e+01 2.287764e+02
      vertex   -1.423363e+02 3.850001e+01 2.286299e+02
      vertex   -1.423660e+02 3.850001e+01 2.287764e+02
    endloop
  endfacet
  facet normal 9.950308e-01 -5.814553e-08 9.956785e-02
    outer loop
      vertex   -1.423660e+02 3.550001e+01 2.287764e+02
      vertex   -1.423660e+02 3.850001e+01 2.287764e+02
      vertex   -1.423809e+02 3.550001e+01 2.289252e+02
    endloop
  endfacet
  facet normal 9.950308e-01 -5.814554e-08 9.956785e-02
    outer loop
      vertex   -1.423809e+02 3.550001e+01 2.289252e+02
      vertex   -1.423660e+02 3.850001e+01 2.287764e+02
      vertex   -1.423809e+02 3.850001e+01 2.289252e+02
    endloop
  endfacet
  facet normal 1.000000e+00 -5.843593e-08 0.000000e+00
    outer loop
      vertex   -1.423809e+02 3.550001e+01 2.289252e+02
      vertex   -1.423809e+02 3.850001e+01 2.289252e+02
      vertex   -1.423809e+02 3.550001e+01 2.290748e+02
    endloop
  endfacet
  facet normal 1.000000e+00 -5.843593e-08 0.000000e+00
    outer loop
      vertex   -1.423809e+02 3.550001e+01 2.290748e+02
      vertex   -1.423809e+02 3.850001e+01 2.289252e+02
      vertex   -1.423809e+02 3.850001e+01 2.290748e+02
    endloop
  endfacet
  facet normal 9.950308e-01 -5.814554e-08 -9.956785e-02
    outer loop
      vertex   -1.423809e+02 3.550001e+01 2.290748e+02
      vertex   -1.423809e+02 3.850001e+01 2.290748e+02
      vertex   -1.423660e+02 3.550001e+01 2.292236e+02
    endloop
  endfacet
  facet normal 9.950308e-01 -5.814553e-08 -9.956785e-02
    outer loop
      vertex   -1.423660e+02 3.550001e+01 2.292236e+02
      vertex   -1.423809e+02 3.850001e+01 2.290748e+02
      vertex   -1.423660e+02 3.850001e+01 2.292236e+02
    endloop
  endfacet
  facet normal 9.801725e-01 -5.727728e-08 -1.981461e-01
    outer loop
      vertex   -1.423660e+02 3.550001e+01 2.292236e+02
      vertex   -1.423660e+02 3.850001e+01 2.292236e+02
      vertex   -1.423363e+02 3.550001e+01 2.293701e+02
    endloop
  endfacet
  facet normal 9.801725e-01 -5.727729e-08 -1.981461e-01
    outer loop
      vertex   -1.423363e+02 3.550001e+01 2.293701e+02
      vertex   -1.423660e+02 3.850001e+01 2.292236e+02
      vertex   -1.423363e+02 3.850001e+01 2.293701e+02
    endloop
  endfacet
  facet normal 9.555728e-01 -5.583978e-08 -2.947552e-01
    outer loop
      vertex   -1.423363e+02 3.550001e+01 2.293701e+02
      vertex   -1.423363e+02 3.850001e+01 2.293701e+02
      vertex   -1.422923e+02 3.550001e+01 2.295130e+02
    endloop
  endfacet
  facet normal 9.555728e-01 -5.583978e-08 -2.947552e-01
    outer loop
      vertex   -1.422923e+02 3.550001e+01 2.295130e+02
      vertex   -1.423363e+02 3.850001e+01 2.293701e+02
      vertex   -1.422923e+02 3.850001e+01 2.295130e+02
    endloop
  endfacet
  facet normal 9.214762e-01 -5.384731e-08 -3.884348e-01
    outer loop
      vertex   -1.422923e+02 3.550001e+01 2.295130e+02
      vertex   -1.422923e+02 3.850001e+01 2.295130e+02
      vertex   -1.422342e+02 3.550001e+01 2.296508e+02
    endloop
  endfacet
  facet normal 9.214762e-01 -5.384731e-08 -3.884348e-01
    outer loop
      vertex   -1.422342e+02 3.550001e+01 2.296508e+02
      vertex   -1.422923e+02 3.850001e+01 2.295130e+02
      vertex   -1.422342e+02 3.850001e+01 2.296508e+02
    endloop
  endfacet
  facet normal 8.782216e-01 -5.131969e-08 -4.782540e-01
    outer loop
      vertex   -1.422342e+02 3.550001e+01 2.296508e+02
      vertex   -1.422342e+02 3.850001e+01 2.296508e+02
      vertex   -1.421627e+02 3.550001e+01 2.297822e+02
    endloop
  endfacet
  facet normal 8.782216e-01 -5.131968e-08 -4.782540e-01
    outer loop
      vertex   -1.421627e+02 3.550001e+01 2.297822e+02
      vertex   -1.422342e+02 3.850001e+01 2.296508e+02
      vertex   -1.421627e+02 3.850001e+01 2.297822e+02
    endloop
  endfacet
  facet normal 8.262388e-01 -4.828202e-08 -5.633201e-01
    outer loop
      vertex   -1.421627e+02 3.550001e+01 2.297822e+02
      vertex   -1.421627e+02 3.850001e+01 2.297822e+02
      vertex   -1.420784e+02 3.550001e+01 2.299057e+02
    endloop
  endfacet
  facet normal 8.262388e-01 -4.828203e-08 -5.633201e-01
    outer loop
      vertex   -1.420784e+02 3.550001e+01 2.299057e+02
      vertex   -1.421627e+02 3.850001e+01 2.297822e+02
      vertex   -1.420784e+02 3.850001e+01 2.299057e+02
    endloop
  endfacet
  facet normal 7.660444e-01 -4.476452e-08 -6.427876e-01
    outer loop
      vertex   -1.420784e+02 3.550001e+01 2.299057e+02
      vertex   -1.420784e+02 3.850001e+01 2.299057e+02
      vertex   -1.419823e+02 3.550001e+01 2.300203e+02
    endloop
  endfacet
  facet normal 7.660444e-01 -4.476452e-08 -6.427876e-01
    outer loop
      vertex   -1.419823e+02 3.550001e+01 2.300203e+02
      vertex   -1.420784e+02 3.850001e+01 2.299057e+02
      vertex   -1.419823e+02 3.850001e+01 2.300203e+02
    endloop
  endfacet
  facet normal 6.982368e-01 -4.080211e-08 -7.158668e-01
    outer loop
      vertex   -1.419823e+02 3.550001e+01 2.300203e+02
      vertex   -1.419823e+02 3.850001e+01 2.300203e+02
      vertex   -1.418753e+02 3.550001e+01 2.301247e+02
    endloop
  endfacet
  facet normal 6.982368e-01 -4.080211e-08 -7.158668e-01
    outer loop
      vertex   -1.418753e+02 3.550001e+01 2.301247e+02
      vertex   -1.419823e+02 3.850001e+01 2.300203e+02
      vertex   -1.418753e+02 3.850001e+01 2.301247e+02
    endloop
  endfacet
  facet normal 6.234898e-01 -3.643420e-08 -7.818315e-01
    outer loop
      vertex   -1.418753e+02 3.550001e+01 2.301247e+02
      vertex   -1.418753e+02 3.850001e+01 2.301247e+02
      vertex   -1.417583e+02 3.550001e+01 2.302179e+02
    endloop
  endfacet
  facet normal 6.234898e-01 -3.643420e-08 -7.818315e-01
    outer loop
      vertex   -1.417583e+02 3.550001e+01 2.302179e+02
      vertex   -1.418753e+02 3.850001e+01 2.301247e+02
      vertex   -1.417583e+02 3.850001e+01 2.302179e+02
    endloop
  endfacet
  facet normal 5.425463e-01 -3.170419e-08 -8.400259e-01
    outer loop
      vertex   -1.417583e+02 3.550001e+01 2.302179e+02
      vertex   -1.417583e+02 3.850001e+01 2.302179e+02
      vertex   -1.416327e+02 3.550001e+01 2.302990e+02
    endloop
  endfacet
  facet normal 5.425463e-01 -3.170419e-08 -8.400259e-01
    outer loop
      vertex   -1.416327e+02 3.550001e+01 2.302990e+02
      vertex   -1.417583e+02 3.850001e+01 2.302179e+02
      vertex   -1.416327e+02 3.850001e+01 2.302990e+02
    endloop
  endfacet
  facet normal 4.562107e-01 -2.665909e-08 -8.898718e-01
    outer loop
      vertex   -1.416327e+02 3.550001e+01 2.302990e+02
      vertex   -1.416327e+02 3.850001e+01 2.302990e+02
      vertex   -1.414997e+02 3.550001e+01 2.303673e+02
    endloop
  endfacet
  facet normal 4.562107e-01 -2.665909e-08 -8.898718e-01
    outer loop
      vertex   -1.414997e+02 3.550001e+01 2.303673e+02
      vertex   -1.416327e+02 3.850001e+01 2.302990e+02
      vertex   -1.414997e+02 3.850001e+01 2.303673e+02
    endloop
  endfacet
  facet normal 3.653410e-01 -2.134904e-08 -9.308737e-01
    outer loop
      vertex   -1.414997e+02 3.550001e+01 2.303673e+02
      vertex   -1.414997e+02 3.850001e+01 2.303673e+02
      vertex   -1.413605e+02 3.550001e+01 2.304219e+02
    endloop
  endfacet
  facet normal 3.653410e-01 -2.134904e-08 -9.308737e-01
    outer loop
      vertex   -1.413605e+02 3.550001e+01 2.304219e+02
      vertex   -1.414997e+02 3.850001e+01 2.303673e+02
      vertex   -1.413605e+02 3.850001e+01 2.304219e+02
    endloop
  endfacet
  facet normal 2.708405e-01 -1.582681e-08 -9.626242e-01
    outer loop
      vertex   -1.413605e+02 3.550001e+01 2.304219e+02
      vertex   -1.413605e+02 3.850001e+01 2.304219e+02
      vertex   -1.412165e+02 3.550001e+01 2.304624e+02
    endloop
  endfacet
  facet normal 2.708405e-01 -1.582681e-08 -9.626242e-01
    outer loop
      vertex   -1.412165e+02 3.550001e+01 2.304624e+02
      vertex   -1.413605e+02 3.850001e+01 2.304219e+02
      vertex   -1.412165e+02 3.850001e+01 2.304624e+02
    endloop
  endfacet
  facet normal 1.736482e-01 -1.014729e-08 -9.848078e-01
    outer loop
      vertex   -1.412165e+02 3.550001e+01 2.304624e+02
      vertex   -1.412165e+02 3.850001e+01 2.304624e+02
      vertex   -1.410692e+02 3.550001e+01 2.304884e+02
    endloop
  endfacet
  facet normal 1.736482e-01 -1.014729e-08 -9.848078e-01
    outer loop
      vertex   -1.410692e+02 3.550001e+01 2.304884e+02
      vertex   -1.412165e+02 3.850001e+01 2.304624e+02
      vertex   -1.410692e+02 3.850001e+01 2.304884e+02
    endloop
  endfacet
  facet normal 7.473009e-02 -4.366922e-09 -9.972038e-01
    outer loop
      vertex   -1.410692e+02 3.550001e+01 2.304884e+02
      vertex   -1.410692e+02 3.850001e+01 2.304884e+02
      vertex   -1.409201e+02 3.550001e+01 2.304995e+02
    endloop
  endfacet
  facet normal 7.473009e-02 -4.366922e-09 -9.972038e-01
    outer loop
      vertex   -1.409201e+02 3.550001e+01 2.304995e+02
      vertex   -1.410692e+02 3.850001e+01 2.304884e+02
      vertex   -1.409201e+02 3.850001e+01 2.304995e+02
    endloop
  endfacet
  facet normal -2.493069e-02 1.456848e-09 -9.996892e-01
    outer loop
      vertex   -1.409201e+02 3.550001e+01 2.304995e+02
      vertex   -1.409201e+02 3.850001e+01 2.304995e+02
      vertex   -1.407706e+02 3.550001e+01 2.304958e+02
    endloop
  endfacet
  facet normal -2.493069e-02 1.456848e-09 -9.996892e-01
    outer loop
      vertex   -1.407706e+02 3.550001e+01 2.304958e+02
      vertex   -1.409201e+02 3.850001e+01 2.304995e+02
      vertex   -1.407706e+02 3.850001e+01 2.304958e+02
    endloop
  endfacet
  facet normal -1.243437e-01 7.266139e-09 -9.922392e-01
    outer loop
      vertex   -1.407706e+02 3.550001e+01 2.304958e+02
      vertex   -1.407706e+02 3.850001e+01 2.304958e+02
      vertex   -1.406223e+02 3.550001e+01 2.304772e+02
    endloop
  endfacet
  facet normal -1.243437e-01 7.266139e-09 -9.922392e-01
    outer loop
      vertex   -1.406223e+02 3.550001e+01 2.304772e+02
      vertex   -1.407706e+02 3.850001e+01 2.304958e+02
      vertex   -1.406223e+02 3.850001e+01 2.304772e+02
    endloop
  endfacet
  facet normal -2.225209e-01 1.300322e-08 -9.749279e-01
    outer loop
      vertex   -1.406223e+02 3.550001e+01 2.304772e+02
      vertex   -1.406223e+02 3.850001e+01 2.304772e+02
      vertex   -1.404765e+02 3.550001e+01 2.304439e+02
    endloop
  endfacet
  facet normal -2.225209e-01 1.300322e-08 -9.749279e-01
    outer loop
      vertex   -1.404765e+02 3.550001e+01 2.304439e+02
      vertex   -1.406223e+02 3.850001e+01 2.304772e+02
      vertex   -1.404765e+02 3.850001e+01 2.304439e+02
    endloop
  endfacet
  facet normal -3.184867e-01 1.861106e-08 -9.479273e-01
    outer loop
      vertex   -1.404765e+02 3.550001e+01 2.304439e+02
      vertex   -1.404765e+02 3.850001e+01 2.304439e+02
      vertex   -1.403347e+02 3.550001e+01 2.303963e+02
    endloop
  endfacet
  facet normal -3.184867e-01 1.861106e-08 -9.479273e-01
    outer loop
      vertex   -1.403347e+02 3.550001e+01 2.303963e+02
      vertex   -1.404765e+02 3.850001e+01 2.304439e+02
      vertex   -1.403347e+02 3.850001e+01 2.303963e+02
    endloop
  endfacet
  facet normal -4.112871e-01 2.403394e-08 -9.115059e-01
    outer loop
      vertex   -1.403347e+02 3.550001e+01 2.303963e+02
      vertex   -1.403347e+02 3.850001e+01 2.303963e+02
      vertex   -1.401984e+02 3.550001e+01 2.303348e+02
    endloop
  endfacet
  facet normal -4.112871e-01 2.403394e-08 -9.115059e-01
    outer loop
      vertex   -1.401984e+02 3.550001e+01 2.303348e+02
      vertex   -1.403347e+02 3.850001e+01 2.303963e+02
      vertex   -1.401984e+02 3.850001e+01 2.303348e+02
    endloop
  endfacet
  facet normal -5.000000e-01 2.921796e-08 -8.660254e-01
    outer loop
      vertex   -1.401984e+02 3.550001e+01 2.303348e+02
      vertex   -1.401984e+02 3.850001e+01 2.303348e+02
      vertex   -1.400689e+02 3.550001e+01 2.302600e+02
    endloop
  endfacet
  facet normal -5.000000e-01 2.921796e-08 -8.660254e-01
    outer loop
      vertex   -1.400689e+02 3.550001e+01 2.302600e+02
      vertex   -1.401984e+02 3.850001e+01 2.303348e+02
      vertex   -1.400689e+02 3.850001e+01 2.302600e+02
    endloop
  endfacet
  facet normal -5.837437e-01 3.411160e-08 -8.119380e-01
    outer loop
      vertex   -1.400689e+02 3.550001e+01 2.302600e+02
      vertex   -1.400689e+02 3.850001e+01 2.302600e+02
      vertex   -1.399475e+02 3.550001e+01 2.301727e+02
    endloop
  endfacet
  facet normal -5.837437e-01 3.411160e-08 -8.119380e-01
    outer loop
      vertex   -1.399475e+02 3.550001e+01 2.301727e+02
      vertex   -1.400689e+02 3.850001e+01 2.302600e+02
      vertex   -1.399475e+02 3.850001e+01 2.301727e+02
    endloop
  endfacet
  facet normal -6.616858e-01 3.866622e-08 -7.497812e-01
    outer loop
      vertex   -1.399475e+02 3.550001e+01 2.301727e+02
      vertex   -1.399475e+02 3.850001e+01 2.301727e+02
      vertex   -1.398354e+02 3.550001e+01 2.300738e+02
    endloop
  endfacet
  facet normal -6.616858e-01 3.866622e-08 -7.497812e-01
    outer loop
      vertex   -1.398354e+02 3.550001e+01 2.300738e+02
      vertex   -1.399475e+02 3.850001e+01 2.301727e+02
      vertex   -1.398354e+02 3.850001e+01 2.300738e+02
    endloop
  endfacet
  facet normal -7.330519e-01 4.283656e-08 -6.801727e-01
    outer loop
      vertex   -1.398354e+02 3.550001e+01 2.300738e+02
      vertex   -1.398354e+02 3.850001e+01 2.300738e+02
      vertex   -1.397337e+02 3.550001e+01 2.299642e+02
    endloop
  endfacet
  facet normal -7.330519e-01 4.283656e-08 -6.801727e-01
    outer loop
      vertex   -1.397337e+02 3.550001e+01 2.299642e+02
      vertex   -1.398354e+02 3.850001e+01 2.300738e+02
      vertex   -1.397337e+02 3.850001e+01 2.299642e+02
    endloop
  endfacet
  facet normal -7.971325e-01 4.658118e-08 -6.038044e-01
    outer loop
      vertex   -1.397337e+02 3.550001e+01 2.299642e+02
      vertex   -1.397337e+02 3.850001e+01 2.299642e+02
      vertex   -1.396434e+02 3.550001e+01 2.298450e+02
    endloop
  endfacet
  facet normal -7.971325e-01 4.658117e-08 -6.038044e-01
    outer loop
      vertex   -1.396434e+02 3.550001e+01 2.298450e+02
      vertex   -1.397337e+02 3.850001e+01 2.299642e+02
      vertex   -1.396434e+02 3.850001e+01 2.298450e+02
    endloop
  endfacet
  facet normal -8.532909e-01 4.986283e-08 -5.214352e-01
    outer loop
      vertex   -1.396434e+02 3.550001e+01 2.298450e+02
      vertex   -1.396434e+02 3.850001e+01 2.298450e+02
      vertex   -1.395654e+02 3.550001e+01 2.297174e+02
    endloop
  endfacet
  facet normal -8.532909e-01 4.986284e-08 -5.214352e-01
    outer loop
      vertex   -1.395654e+02 3.550001e+01 2.297174e+02
      vertex   -1.396434e+02 3.850001e+01 2.298450e+02
      vertex   -1.395654e+02 3.850001e+01 2.297174e+02
    endloop
  endfacet
  facet normal -9.009689e-01 5.264895e-08 -4.338837e-01
    outer loop
      vertex   -1.395654e+02 3.550001e+01 2.297174e+02
      vertex   -1.395654e+02 3.850001e+01 2.297174e+02
      vertex   -1.395005e+02 3.550001e+01 2.295827e+02
    endloop
  endfacet
  facet normal -9.009689e-01 5.264895e-08 -4.338837e-01
    outer loop
      vertex   -1.395005e+02 3.550001e+01 2.295827e+02
      vertex   -1.395654e+02 3.850001e+01 2.297174e+02
      vertex   -1.395005e+02 3.850001e+01 2.295827e+02
    endloop
  endfacet
  facet normal -9.396926e-01 5.491181e-08 -3.420201e-01
    outer loop
      vertex   -1.395005e+02 3.550001e+01 2.295827e+02
      vertex   -1.395005e+02 3.850001e+01 2.295827e+02
      vertex   -1.394494e+02 3.550001e+01 2.294421e+02
    endloop
  endfacet
  facet normal -9.396926e-01 5.491180e-08 -3.420201e-01
    outer loop
      vertex   -1.394494e+02 3.550001e+01 2.294421e+02
      vertex   -1.395005e+02 3.850001e+01 2.295827e+02
      vertex   -1.394494e+02 3.850001e+01 2.294421e+02
    endloop
  endfacet
  facet normal -9.690773e-01 5.662892e-08 -2.467574e-01
    outer loop
      vertex   -1.394494e+02 3.550001e+01 2.294421e+02
      vertex   -1.394494e+02 3.850001e+01 2.294421e+02
      vertex   -1.394125e+02 3.550001e+01 2.292972e+02
    endloop
  endfacet
  facet normal -9.690773e-01 5.662893e-08 -2.467574e-01
    outer loop
      vertex   -1.394125e+02 3.550001e+01 2.292972e+02
      vertex   -1.394494e+02 3.850001e+01 2.294421e+02
      vertex   -1.394125e+02 3.850001e+01 2.292972e+02
    endloop
  endfacet
  facet normal -9.888308e-01 5.778324e-08 -1.490423e-01
    outer loop
      vertex   -1.394125e+02 3.550001e+01 2.292972e+02
      vertex   -1.394125e+02 3.850001e+01 2.292972e+02
      vertex   -1.393902e+02 3.550001e+01 2.291494e+02
    endloop
  endfacet
  facet normal -9.888308e-01 5.778323e-08 -1.490423e-01
    outer loop
      vertex   -1.393902e+02 3.550001e+01 2.291494e+02
      vertex   -1.394125e+02 3.850001e+01 2.292972e+02
      vertex   -1.393902e+02 3.850001e+01 2.291494e+02
    endloop
  endfacet
  facet normal -9.987569e-01 5.836328e-08 -4.984589e-02
    outer loop
      vertex   -1.393902e+02 3.550001e+01 2.291494e+02
      vertex   -1.393902e+02 3.850001e+01 2.291494e+02
      vertex   -1.393827e+02 3.550001e+01 2.290000e+02
    endloop
  endfacet
  facet normal -9.987569e-01 5.836328e-08 -4.984589e-02
    outer loop
      vertex   -1.393827e+02 3.550001e+01 2.290000e+02
      vertex   -1.393902e+02 3.850001e+01 2.291494e+02
      vertex   -1.393827e+02 3.850001e+01 2.290000e+02
    endloop
  endfacet
  facet normal -4.132497e-02 2.414863e-09 9.991458e-01
    outer loop
      vertex   -1.420000e+02 3.750001e+01 2.320000e+02
      vertex   -1.420000e+02 4.150001e+01 2.320000e+02
      vertex   -1.421652e+02 3.950001e+01 2.319932e+02
    endloop
  endfacet
  facet normal -4.132497e-02 2.414877e-09 9.991458e-01
    outer loop
      vertex   -1.421652e+02 3.950001e+01 2.319932e+02
      vertex   -1.420000e+02 4.150001e+01 2.320000e+02
      vertex   -1.421652e+02 4.150001e+01 2.319932e+02
    endloop
  endfacet
  facet normal -1.236926e-01 7.228108e-09 9.923206e-01
    outer loop
      vertex   -1.421652e+02 3.950001e+01 2.319932e+02
      vertex   -1.421652e+02 4.150001e+01 2.319932e+02
      vertex   -1.423292e+02 3.950001e+01 2.319727e+02
    endloop
  endfacet
  facet normal -1.236926e-01 7.228094e-09 9.923206e-01
    outer loop
      vertex   -1.423292e+02 3.950001e+01 2.319727e+02
      vertex   -1.421652e+02 4.150001e+01 2.319932e+02
      vertex   -1.423292e+02 4.150001e+01 2.319727e+02
    endloop
  endfacet
  facet normal -2.052153e-01 1.199195e-08 9.787168e-01
    outer loop
      vertex   -1.423292e+02 3.950001e+01 2.319727e+02
      vertex   -1.423292e+02 4.150001e+01 2.319727e+02
      vertex   -1.424910e+02 3.950001e+01 2.319388e+02
    endloop
  endfacet
  facet normal -2.052153e-01 1.199195e-08 9.787168e-01
    outer loop
      vertex   -1.424910e+02 3.950001e+01 2.319388e+02
      vertex   -1.423292e+02 4.150001e+01 2.319727e+02
      vertex   -1.424910e+02 4.150001e+01 2.319388e+02
    endloop
  endfacet
  facet normal -2.853362e-01 1.667389e-08 9.584275e-01
    outer loop
      vertex   -1.424910e+02 3.950001e+01 2.319388e+02
      vertex   -1.424910e+02 4.150001e+01 2.319388e+02
      vertex   -1.426494e+02 3.950001e+01 2.318916e+02
    endloop
  endfacet
  facet normal -2.853362e-01 1.667389e-08 9.584275e-01
    outer loop
      vertex   -1.426494e+02 3.950001e+01 2.318916e+02
      vertex   -1.424910e+02 4.150001e+01 2.319388e+02
      vertex   -1.426494e+02 4.150001e+01 2.318916e+02
    endloop
  endfacet
  facet normal -3.635080e-01 2.124193e-08 9.315911e-01
    outer loop
      vertex   -1.426494e+02 3.950001e+01 2.318916e+02
      vertex   -1.426494e+02 4.150001e+01 2.318916e+02
      vertex   -1.428034e+02 3.950001e+01 2.318316e+02
    endloop
  endfacet
  facet normal -3.635080e-01 2.124193e-08 9.315911e-01
    outer loop
      vertex   -1.428034e+02 3.950001e+01 2.318316e+02
      vertex   -1.426494e+02 4.150001e+01 2.318916e+02
      vertex   -1.428034e+02 4.150001e+01 2.318316e+02
    endloop
  endfacet
  facet normal -4.391966e-01 2.566487e-08 8.983910e-01
    outer loop
      vertex   -1.428034e+02 3.950001e+01 2.318316e+02
      vertex   -1.428034e+02 4.150001e+01 2.318316e+02
      vertex   -1.429519e+02 3.950001e+01 2.317590e+02
    endloop
  endfacet
  facet normal -4.391966e-01 2.566486e-08 8.983910e-01
    outer loop
      vertex   -1.429519e+02 3.950001e+01 2.317590e+02
      vertex   -1.428034e+02 4.150001e+01 2.318316e+02
      vertex   -1.429519e+02 4.150001e+01 2.317590e+02
    endloop
  endfacet
  facet normal -5.118850e-01 2.991248e-08 8.590540e-01
    outer loop
      vertex   -1.429519e+02 3.950001e+01 2.317590e+02
      vertex   -1.429519e+02 4.150001e+01 2.317590e+02
      vertex   -1.430939e+02 3.950001e+01 2.316743e+02
    endloop
  endfacet
  facet normal -5.118850e-01 2.991249e-08 8.590540e-01
    outer loop
      vertex   -1.430939e+02 3.950001e+01 2.316743e+02
      vertex   -1.429519e+02 4.150001e+01 2.317590e+02
      vertex   -1.430939e+02 4.150001e+01 2.316743e+02
    endloop
  endfacet
  facet normal -5.810768e-01 3.395578e-08 8.138487e-01
    outer loop
      vertex   -1.430939e+02 3.950001e+01 2.316743e+02
      vertex   -1.430939e+02 4.150001e+01 2.316743e+02
      vertex   -1.432284e+02 3.950001e+01 2.315783e+02
    endloop
  endfacet
  facet normal -5.810768e-01 3.395577e-08 8.138487e-01
    outer loop
      vertex   -1.432284e+02 3.950001e+01 2.315783e+02
      vertex   -1.430939e+02 4.150001e+01 2.316743e+02
      vertex   -1.432284e+02 4.150001e+01 2.315783e+02
    endloop
  endfacet
  facet normal -6.462992e-01 3.776711e-08 7.630841e-01
    outer loop
      vertex   -1.432284e+02 3.950001e+01 2.315783e+02
      vertex   -1.432284e+02 4.150001e+01 2.315783e+02
      vertex   -1.433546e+02 3.950001e+01 2.314715e+02
    endloop
  endfacet
  facet normal -6.462992e-01 3.776712e-08 7.630841e-01
    outer loop
      vertex   -1.433546e+02 3.950001e+01 2.314715e+02
      vertex   -1.432284e+02 4.150001e+01 2.315783e+02
      vertex   -1.433546e+02 4.150001e+01 2.314715e+02
    endloop
  endfacet
  facet normal -7.071068e-01 4.132046e-08 7.071068e-01
    outer loop
      vertex   -1.433546e+02 3.950001e+01 2.314715e+02
      vertex   -1.433546e+02 4.150001e+01 2.314715e+02
      vertex   -1.434714e+02 3.950001e+01 2.313546e+02
    endloop
  endfacet
  facet normal -7.071068e-01 4.132045e-08 7.071068e-01
    outer loop
      vertex   -1.434714e+02 3.950001e+01 2.313546e+02
      vertex   -1.433546e+02 4.150001e+01 2.314715e+02
      vertex   -1.434714e+02 4.150001e+01 2.313546e+02
    endloop
  endfacet
  facet normal -7.630841e-01 4.459154e-08 6.462992e-01
    outer loop
      vertex   -1.434714e+02 3.950001e+01 2.313546e+02
      vertex   -1.434714e+02 4.150001e+01 2.313546e+02
      vertex   -1.435783e+02 3.950001e+01 2.312284e+02
    endloop
  endfacet
  facet normal -7.630841e-01 4.459153e-08 6.462992e-01
    outer loop
      vertex   -1.435783e+02 3.950001e+01 2.312284e+02
      vertex   -1.434714e+02 4.150001e+01 2.313546e+02
      vertex   -1.435783e+02 4.150001e+01 2.312284e+02
    endloop
  endfacet
  facet normal -8.138487e-01 4.755801e-08 5.810768e-01
    outer loop
      vertex   -1.435783e+02 3.950001e+01 2.312284e+02
      vertex   -1.435783e+02 4.150001e+01 2.312284e+02
      vertex   -1.436743e+02 3.950001e+01 2.310939e+02
    endloop
  endfacet
  facet normal -8.138487e-01 4.755801e-08 5.810768e-01
    outer loop
      vertex   -1.436743e+02 3.950001e+01 2.310939e+02
      vertex   -1.435783e+02 4.150001e+01 2.312284e+02
      vertex   -1.436743e+02 4.150001e+01 2.310939e+02
    endloop
  endfacet
  facet normal -8.590540e-01 5.019962e-08 5.118850e-01
    outer loop
      vertex   -1.436743e+02 3.950001e+01 2.310939e+02
      vertex   -1.436743e+02 4.150001e+01 2.310939e+02
      vertex   -1.437589e+02 3.950001e+01 2.309519e+02
    endloop
  endfacet
  facet normal -8.590540e-01 5.019963e-08 5.118850e-01
    outer loop
      vertex   -1.437589e+02 3.950001e+01 2.309519e+02
      vertex   -1.436743e+02 4.150001e+01 2.310939e+02
      vertex   -1.437589e+02 4.150001e+01 2.309519e+02
    endloop
  endfacet
  facet normal -8.983910e-01 5.249833e-08 4.391966e-01
    outer loop
      vertex   -1.437589e+02 3.950001e+01 2.309519e+02
      vertex   -1.437589e+02 4.150001e+01 2.309519e+02
      vertex   -1.438315e+02 3.950001e+01 2.308034e+02
    endloop
  endfacet
  facet normal -8.983910e-01 5.249833e-08 4.391966e-01
    outer loop
      vertex   -1.438315e+02 3.950001e+01 2.308034e+02
      vertex   -1.437589e+02 4.150001e+01 2.309519e+02
      vertex   -1.438315e+02 4.150001e+01 2.308034e+02
    endloop
  endfacet
  facet normal -9.315911e-01 5.443840e-08 3.635080e-01
    outer loop
      vertex   -1.438315e+02 3.950001e+01 2.308034e+02
      vertex   -1.438315e+02 4.150001e+01 2.308034e+02
      vertex   -1.438916e+02 3.950001e+01 2.306494e+02
    endloop
  endfacet
  facet normal -9.315911e-01 5.443839e-08 3.635080e-01
    outer loop
      vertex   -1.438916e+02 3.950001e+01 2.306494e+02
      vertex   -1.438315e+02 4.150001e+01 2.308034e+02
      vertex   -1.438916e+02 4.150001e+01 2.306494e+02
    endloop
  endfacet
  facet normal -9.584275e-01 5.600660e-08 2.853362e-01
    outer loop
      vertex   -1.438916e+02 3.950001e+01 2.306494e+02
      vertex   -1.438916e+02 4.150001e+01 2.306494e+02
      vertex   -1.439388e+02 3.950001e+01 2.304910e+02
    endloop
  endfacet
  facet normal -9.584275e-01 5.600661e-08 2.853362e-01
    outer loop
      vertex   -1.439388e+02 3.950001e+01 2.304910e+02
      vertex   -1.438916e+02 4.150001e+01 2.306494e+02
      vertex   -1.439388e+02 4.150001e+01 2.304910e+02
    endloop
  endfacet
  facet normal -9.787168e-01 5.719223e-08 2.052153e-01
    outer loop
      vertex   -1.439388e+02 3.950001e+01 2.304910e+02
      vertex   -1.439388e+02 4.150001e+01 2.304910e+02
      vertex   -1.439727e+02 3.950001e+01 2.303292e+02
    endloop
  endfacet
  facet normal -9.787168e-01 5.719223e-08 2.052153e-01
    outer loop
      vertex   -1.439727e+02 3.950001e+01 2.303292e+02
      vertex   -1.439388e+02 4.150001e+01 2.304910e+02
      vertex   -1.439727e+02 4.150001e+01 2.303292e+02
    endloop
  endfacet
  facet normal -9.923206e-01 5.798718e-08 1.236926e-01
    outer loop
      vertex   -1.439727e+02 3.950001e+01 2.303292e+02
      vertex   -1.439727e+02 4.150001e+01 2.303292e+02
      vertex   -1.439932e+02 3.950001e+01 2.301652e+02
    endloop
  endfacet
  facet normal -9.923206e-01 5.798718e-08 1.236926e-01
    outer loop
      vertex   -1.439932e+02 3.950001e+01 2.301652e+02
      vertex   -1.439727e+02 4.150001e+01 2.303292e+02
      vertex   -1.439932e+02 4.150001e+01 2.301652e+02
    endloop
  endfacet
  facet normal -9.991458e-01 5.838601e-08 4.132497e-02
    outer loop
      vertex   -1.439932e+02 3.950001e+01 2.301652e+02
      vertex   -1.439932e+02 4.150001e+01 2.301652e+02
      vertex   -1.440000e+02 4.150001e+01 2.300000e+02
    endloop
  endfacet
  facet normal -9.991458e-01 5.838601e-08 4.132497e-02
    outer loop
      vertex   -1.440000e+02 4.150001e+01 2.300000e+02
      vertex   -1.440000e+02 3.750001e+01 2.300000e+02
      vertex   -1.439932e+02 3.950001e+01 2.301652e+02
    endloop
  endfacet
  facet normal -9.991458e-01 5.838600e-08 4.132497e-02
    outer loop
      vertex   -1.439932e+02 3.950001e+01 2.301652e+02
      vertex   -1.440000e+02 3.750001e+01 2.300000e+02
      vertex   -1.439932e+02 3.750001e+01 2.301652e+02
    endloop
  endfacet
  facet normal -9.923206e-01 5.798716e-08 1.236926e-01
    outer loop
      vertex   -1.439932e+02 3.950001e+01 2.301652e+02
      vertex   -1.439932e+02 3.750001e+01 2.301652e+02
      vertex   -1.439727e+02 3.950001e+01 2.303292e+02
    endloop
  endfacet
  facet normal -9.923206e-01 5.798718e-08 1.236926e-01
    outer loop
      vertex   -1.439727e+02 3.950001e+01 2.303292e+02
      vertex   -1.439932e+02 3.750001e+01 2.301652e+02
      vertex   -1.439727e+02 3.750001e+01 2.303292e+02
    endloop
  endfacet
  facet normal -9.787168e-01 5.719223e-08 2.052153e-01
    outer loop
      vertex   -1.439727e+02 3.950001e+01 2.303292e+02
      vertex   -1.439727e+02 3.750001e+01 2.303292e+02
      vertex   -1.439388e+02 3.950001e+01 2.304910e+02
    endloop
  endfacet
  facet normal -9.787168e-01 5.719223e-08 2.052153e-01
    outer loop
      vertex   -1.439388e+02 3.950001e+01 2.304910e+02
      vertex   -1.439727e+02 3.750001e+01 2.303292e+02
      vertex   -1.439388e+02 3.750001e+01 2.304910e+02
    endloop
  endfacet
  facet normal -9.584275e-01 5.600660e-08 2.853362e-01
    outer loop
      vertex   -1.439388e+02 3.950001e+01 2.304910e+02
      vertex   -1.439388e+02 3.750001e+01 2.304910e+02
      vertex   -1.438916e+02 3.950001e+01 2.306494e+02
    endloop
  endfacet
  facet normal -9.584275e-01 5.600660e-08 2.853362e-01
    outer loop
      vertex   -1.438916e+02 3.950001e+01 2.306494e+02
      vertex   -1.439388e+02 3.750001e+01 2.304910e+02
      vertex   -1.438916e+02 3.750001e+01 2.306494e+02
    endloop
  endfacet
  facet normal -9.315911e-01 5.443839e-08 3.635080e-01
    outer loop
      vertex   -1.438916e+02 3.950001e+01 2.306494e+02
      vertex   -1.438916e+02 3.750001e+01 2.306494e+02
      vertex   -1.438315e+02 3.950001e+01 2.308034e+02
    endloop
  endfacet
  facet normal -9.315911e-01 5.443838e-08 3.635080e-01
    outer loop
      vertex   -1.438315e+02 3.950001e+01 2.308034e+02
      vertex   -1.438916e+02 3.750001e+01 2.306494e+02
      vertex   -1.438315e+02 3.750001e+01 2.308034e+02
    endloop
  endfacet
  facet normal -8.983910e-01 5.249830e-08 4.391966e-01
    outer loop
      vertex   -1.438315e+02 3.950001e+01 2.308034e+02
      vertex   -1.438315e+02 3.750001e+01 2.308034e+02
      vertex   -1.437589e+02 3.950001e+01 2.309519e+02
    endloop
  endfacet
  facet normal -8.983910e-01 5.249829e-08 4.391966e-01
    outer loop
      vertex   -1.437589e+02 3.950001e+01 2.309519e+02
      vertex   -1.438315e+02 3.750001e+01 2.308034e+02
      vertex   -1.437589e+02 3.750001e+01 2.309519e+02
    endloop
  endfacet
  facet normal -8.590540e-01 5.019959e-08 5.118850e-01
    outer loop
      vertex   -1.437589e+02 3.950001e+01 2.309519e+02
      vertex   -1.437589e+02 3.750001e+01 2.309519e+02
      vertex   -1.436743e+02 3.950001e+01 2.310939e+02
    endloop
  endfacet
  facet normal -8.590540e-01 5.019960e-08 5.118850e-01
    outer loop
      vertex   -1.436743e+02 3.950001e+01 2.310939e+02
      vertex   -1.437589e+02 3.750001e+01 2.309519e+02
      vertex   -1.436743e+02 3.750001e+01 2.310939e+02
    endloop
  endfacet
  facet normal -8.138487e-01 4.755800e-08 5.810768e-01
    outer loop
      vertex   -1.436743e+02 3.950001e+01 2.310939e+02
      vertex   -1.436743e+02 3.750001e+01 2.310939e+02
      vertex   -1.435783e+02 3.950001e+01 2.312284e+02
    endloop
  endfacet
  facet normal -8.138487e-01 4.755800e-08 5.810768e-01
    outer loop
      vertex   -1.435783e+02 3.950001e+01 2.312284e+02
      vertex   -1.436743e+02 3.750001e+01 2.310939e+02
      vertex   -1.435783e+02 3.750001e+01 2.312284e+02
    endloop
  endfacet
  facet normal -7.630841e-01 4.459152e-08 6.462992e-01
    outer loop
      vertex   -1.435783e+02 3.950001e+01 2.312284e+02
      vertex   -1.435783e+02 3.750001e+01 2.312284e+02
      vertex   -1.434714e+02 3.950001e+01 2.313546e+02
    endloop
  endfacet
  facet normal -7.630841e-01 4.459152e-08 6.462992e-01
    outer loop
      vertex   -1.434714e+02 3.950001e+01 2.313546e+02
      vertex   -1.435783e+02 3.750001e+01 2.312284e+02
      vertex   -1.434714e+02 3.750001e+01 2.313546e+02
    endloop
  endfacet
  facet normal -7.071068e-01 4.132043e-08 7.071068e-01
    outer loop
      vertex   -1.434714e+02 3.950001e+01 2.313546e+02
      vertex   -1.434714e+02 3.750001e+01 2.313546e+02
      vertex   -1.433546e+02 3.950001e+01 2.314715e+02
    endloop
  endfacet
  facet normal -7.071068e-01 4.132042e-08 7.071068e-01
    outer loop
      vertex   -1.433546e+02 3.950001e+01 2.314715e+02
      vertex   -1.434714e+02 3.750001e+01 2.313546e+02
      vertex   -1.433546e+02 3.750001e+01 2.314715e+02
    endloop
  endfacet
  facet normal -6.462992e-01 3.776708e-08 7.630841e-01
    outer loop
      vertex   -1.433546e+02 3.950001e+01 2.314715e+02
      vertex   -1.433546e+02 3.750001e+01 2.314715e+02
      vertex   -1.432284e+02 3.950001e+01 2.315783e+02
    endloop
  endfacet
  facet normal -6.462992e-01 3.776709e-08 7.630841e-01
    outer loop
      vertex   -1.432284e+02 3.950001e+01 2.315783e+02
      vertex   -1.433546e+02 3.750001e+01 2.314715e+02
      vertex   -1.432284e+02 3.750001e+01 2.315783e+02
    endloop
  endfacet
  facet normal -5.810768e-01 3.395576e-08 8.138487e-01
    outer loop
      vertex   -1.432284e+02 3.950001e+01 2.315783e+02
      vertex   -1.432284e+02 3.750001e+01 2.315783e+02
      vertex   -1.430939e+02 3.950001e+01 2.316743e+02
    endloop
  endfacet
  facet normal -5.810768e-01 3.395576e-08 8.138487e-01
    outer loop
      vertex   -1.430939e+02 3.950001e+01 2.316743e+02
      vertex   -1.432284e+02 3.750001e+01 2.315783e+02
      vertex   -1.430939e+02 3.750001e+01 2.316743e+02
    endloop
  endfacet
  facet normal -5.118850e-01 2.991247e-08 8.590540e-01
    outer loop
      vertex   -1.430939e+02 3.950001e+01 2.316743e+02
      vertex   -1.430939e+02 3.750001e+01 2.316743e+02
      vertex   -1.429519e+02 3.950001e+01 2.317590e+02
    endloop
  endfacet
  facet normal -5.118850e-01 2.991248e-08 8.590540e-01
    outer loop
      vertex   -1.429519e+02 3.950001e+01 2.317590e+02
      vertex   -1.430939e+02 3.750001e+01 2.316743e+02
      vertex   -1.429519e+02 3.750001e+01 2.317590e+02
    endloop
  endfacet
  facet normal -4.391966e-01 2.566486e-08 8.983910e-01
    outer loop
      vertex   -1.429519e+02 3.950001e+01 2.317590e+02
      vertex   -1.429519e+02 3.750001e+01 2.317590e+02
      vertex   -1.428034e+02 3.950001e+01 2.318316e+02
    endloop
  endfacet
  facet normal -4.391966e-01 2.566485e-08 8.983910e-01
    outer loop
      vertex   -1.428034e+02 3.950001e+01 2.318316e+02
      vertex   -1.429519e+02 3.750001e+01 2.317590e+02
      vertex   -1.428034e+02 3.750001e+01 2.318316e+02
    endloop
  endfacet
  facet normal -3.635080e-01 2.124192e-08 9.315911e-01
    outer loop
      vertex   -1.428034e+02 3.950001e+01 2.318316e+02
      vertex   -1.428034e+02 3.750001e+01 2.318316e+02
      vertex   -1.426494e+02 3.950001e+01 2.318916e+02
    endloop
  endfacet
  facet normal -3.635080e-01 2.124193e-08 9.315911e-01
    outer loop
      vertex   -1.426494e+02 3.950001e+01 2.318916e+02
      vertex   -1.428034e+02 3.750001e+01 2.318316e+02
      vertex   -1.426494e+02 3.750001e+01 2.318916e+02
    endloop
  endfacet
  facet normal -2.853362e-01 1.667389e-08 9.584275e-01
    outer loop
      vertex   -1.426494e+02 3.950001e+01 2.318916e+02
      vertex   -1.426494e+02 3.750001e+01 2.318916e+02
      vertex   -1.424910e+02 3.950001e+01 2.319388e+02
    endloop
  endfacet
  facet normal -2.853362e-01 1.667389e-08 9.584275e-01
    outer loop
      vertex   -1.424910e+02 3.950001e+01 2.319388e+02
      vertex   -1.426494e+02 3.750001e+01 2.318916e+02
      vertex   -1.424910e+02 3.750001e+01 2.319388e+02
    endloop
  endfacet
  facet normal -2.052153e-01 1.199195e-08 9.787168e-01
    outer loop
      vertex   -1.424910e+02 3.950001e+01 2.319388e+02
      vertex   -1.424910e+02 3.750001e+01 2.319388e+02
      vertex   -1.423292e+02 3.950001e+01 2.319727e+02
    endloop
  endfacet
  facet normal -2.052153e-01 1.199195e-08 9.787168e-01
    outer loop
      vertex   -1.423292e+02 3.950001e+01 2.319727e+02
      vertex   -1.424910e+02 3.750001e+01 2.319388e+02
      vertex   -1.423292e+02 3.750001e+01 2.319727e+02
    endloop
  endfacet
  facet normal -1.236926e-01 7.228092e-09 9.923206e-01
    outer loop
      vertex   -1.423292e+02 3.950001e+01 2.319727e+02
      vertex   -1.423292e+02 3.750001e+01 2.319727e+02
      vertex   -1.421652e+02 3.950001e+01 2.319932e+02
    endloop
  endfacet
  facet normal -1.236926e-01 7.228080e-09 9.923206e-01
    outer loop
      vertex   -1.421652e+02 3.950001e+01 2.319932e+02
      vertex   -1.423292e+02 3.750001e+01 2.319727e+02
      vertex   -1.421652e+02 3.750001e+01 2.319932e+02
    endloop
  endfacet
  facet normal -4.132497e-02 2.414849e-09 9.991458e-01
    outer loop
      vertex   -1.421652e+02 3.950001e+01 2.319932e+02
      vertex   -1.421652e+02 3.750001e+01 2.319932e+02
      vertex   -1.420000e+02 3.750001e+01 2.320000e+02
    endloop
  endfacet
  facet normal -1.000000e+00 5.843593e-08 0.000000e+00
    outer loop
      vertex   -1.440000e+02 4.150001e+01 2.300000e+02
      vertex   -1.440000e+02 4.150001e+01 2.090000e+02
      vertex   -1.440000e+02 3.750001e+01 2.300000e+02
    endloop
  endfacet
  facet normal -1.000000e+00 5.843593e-08 0.000000e+00
    outer loop
      vertex   -1.440000e+02 3.750001e+01 2.300000e+02
      vertex   -1.440000e+02 4.150001e+01 2.090000e+02
      vertex   -1.440000e+02 3.750001e+01 2.090000e+02
    endloop
  endfacet
  facet normal 1.796766e-07 1.000000e+00 -5.956225e-09
    outer loop
      vertex   -1.393900e+02 4.150001e+01 2.098530e+02
      vertex   -1.393827e+02 4.150001e+01 2.100000e+02
      vertex   -1.380000e+02 4.150001e+01 2.090000e+02
    endloop
  endfacet
  facet normal 1.886091e-07 1.000000e+00 6.395052e-09
    outer loop
      vertex   -1.380000e+02 4.150001e+01 2.090000e+02
      vertex   -1.393827e+02 4.150001e+01 2.100000e+02
      vertex   -1.393900e+02 4.150001e+01 2.101470e+02
    endloop
  endfacet
  facet normal 2.007528e-07 1.000000e+00 2.111068e-08
    outer loop
      vertex   -1.380000e+02 4.150001e+01 2.090000e+02
      vertex   -1.393900e+02 4.150001e+01 2.101470e+02
      vertex   -1.394116e+02 4.150001e+01 2.102926e+02
    endloop
  endfacet
  facet normal 2.180288e-07 1.000000e+00 3.997598e-08
    outer loop
      vertex   -1.394116e+02 4.150001e+01 2.102926e+02
      vertex   -1.394473e+02 4.150001e+01 2.104354e+02
      vertex   -1.380000e+02 4.150001e+01 2.090000e+02
    endloop
  endfacet
  facet normal 2.443590e-07 1.000000e+00 6.652431e-08
    outer loop
      vertex   -1.380000e+02 4.150001e+01 2.090000e+02
      vertex   -1.394473e+02 4.150001e+01 2.104354e+02
      vertex   -1.394969e+02 4.150001e+01 2.105740e+02
    endloop
  endfacet
  facet normal 2.891474e-07 1.000000e+00 1.091184e-07
    outer loop
      vertex   -1.380000e+02 4.150001e+01 2.090000e+02
      vertex   -1.394969e+02 4.150001e+01 2.105740e+02
      vertex   -1.395598e+02 4.150001e+01 2.107071e+02
    endloop
  endfacet
  facet normal 3.819205e-07 1.000000e+00 1.938893e-07
    outer loop
      vertex   -1.395598e+02 4.150001e+01 2.107071e+02
      vertex   -1.396355e+02 4.150001e+01 2.108334e+02
      vertex   -1.380000e+02 4.150001e+01 2.090000e+02
    endloop
  endfacet
  facet normal 6.878377e-07 1.000000e+00 4.667961e-07
    outer loop
      vertex   -1.380000e+02 4.150001e+01 2.090000e+02
      vertex   -1.396355e+02 4.150001e+01 2.108334e+02
      vertex   -1.397232e+02 4.150001e+01 2.109516e+02
    endloop
  endfacet
  facet normal 1.678608e-07 1.000000e+00 7.667193e-09
    outer loop
      vertex   -1.380000e+02 4.150001e+01 2.090000e+02
      vertex   -1.397232e+02 4.150001e+01 2.109516e+02
      vertex   -1.408827e+02 4.150001e+01 2.275000e+02
    endloop
  endfacet
  facet normal 5.843592e-08 1.000000e+00 -8.261356e-16
    outer loop
      vertex   -1.408827e+02 4.150001e+01 2.275000e+02
      vertex   -1.397232e+02 4.150001e+01 2.109516e+02
      vertex   -1.398221e+02 4.150001e+01 2.110607e+02
    endloop
  endfacet
  facet normal 5.843590e-08 1.000000e+00 -2.021533e-15
    outer loop
      vertex   -1.408827e+02 4.150001e+01 2.275000e+02
      vertex   -1.398221e+02 4.150001e+01 2.110607e+02
      vertex   -1.399311e+02 4.150001e+01 2.111595e+02
    endloop
  endfacet
  facet normal 5.843599e-08 1.000000e+00 3.202884e-15
    outer loop
      vertex   -1.399311e+02 4.150001e+01 2.111595e+02
      vertex   -1.400494e+02 4.150001e+01 2.112472e+02
      vertex   -1.408827e+02 4.150001e+01 2.275000e+02
    endloop
  endfacet
  facet normal 5.843592e-08 1.000000e+00 -2.906789e-16
    outer loop
      vertex   -1.408827e+02 4.150001e+01 2.275000e+02
      vertex   -1.400494e+02 4.150001e+01 2.112472e+02
      vertex   -1.401756e+02 4.150001e+01 2.113229e+02
    endloop
  endfacet
  facet normal 5.843587e-08 1.000000e+00 -2.491815e-15
    outer loop
      vertex   -1.408827e+02 4.150001e+01 2.275000e+02
      vertex   -1.401756e+02 4.150001e+01 2.113229e+02
      vertex   -1.403087e+02 4.150001e+01 2.113858e+02
    endloop
  endfacet
  facet normal 5.843596e-08 1.000000e+00 5.328812e-16
    outer loop
      vertex   -1.403087e+02 4.150001e+01 2.113858e+02
      vertex   -1.404473e+02 4.150001e+01 2.114354e+02
      vertex   -1.408827e+02 4.150001e+01 2.275000e+02
    endloop
  endfacet
  facet normal 5.843590e-08 1.000000e+00 -9.169308e-16
    outer loop
      vertex   -1.408827e+02 4.150001e+01 2.275000e+02
      vertex   -1.404473e+02 4.150001e+01 2.114354e+02
      vertex   -1.405901e+02 4.150001e+01 2.114712e+02
    endloop
  endfacet
  facet normal 5.843597e-08 1.000000e+00 3.826297e-16
    outer loop
      vertex   -1.408827e+02 4.150001e+01 2.275000e+02
      vertex   -1.405901e+02 4.150001e+01 2.114712e+02
      vertex   -1.407357e+02 4.150001e+01 2.114928e+02
    endloop
  endfacet
  facet normal 5.843593e-08 1.000000e+00 -1.245653e-21
    outer loop
      vertex   -1.407357e+02 4.150001e+01 2.114928e+02
      vertex   -1.408827e+02 4.150001e+01 2.115000e+02
      vertex   -1.408827e+02 4.150001e+01 2.275000e+02
    endloop
  endfacet
  facet normal 5.843588e-08 1.000000e+00 -1.245636e-21
    outer loop
      vertex   -1.408827e+02 4.150001e+01 2.275000e+02
      vertex   -1.408827e+02 4.150001e+01 2.115000e+02
      vertex   -1.410298e+02 4.150001e+01 2.114928e+02
    endloop
  endfacet
  facet normal 5.843588e-08 1.000000e+00 -1.244529e-21
    outer loop
      vertex   -1.408827e+02 4.150001e+01 2.275000e+02
      vertex   -1.410298e+02 4.150001e+01 2.114928e+02
      vertex   -1.410298e+02 4.150001e+01 2.275072e+02
    endloop
  endfacet
  facet normal 5.843597e-08 1.000000e+00 -1.244514e-21
    outer loop
      vertex   -1.410298e+02 4.150001e+01 2.275072e+02
      vertex   -1.410298e+02 4.150001e+01 2.114928e+02
      vertex   -1.411754e+02 4.150001e+01 2.114712e+02
    endloop
  endfacet
  facet normal 5.843597e-08 1.000000e+00 -1.241134e-21
    outer loop
      vertex   -1.410298e+02 4.150001e+01 2.275072e+02
      vertex   -1.411754e+02 4.150001e+01 2.114712e+02
      vertex   -1.411754e+02 4.150001e+01 2.275288e+02
    endloop
  endfacet
  facet normal 5.843590e-08 1.000000e+00 -1.241165e-21
    outer loop
      vertex   -1.411754e+02 4.150001e+01 2.275288e+02
      vertex   -1.411754e+02 4.150001e+01 2.114712e+02
      vertex   -1.413182e+02 4.150001e+01 2.114354e+02
    endloop
  endfacet
  facet normal 5.843590e-08 1.000000e+00 -1.132695e-21
    outer loop
      vertex   -1.411754e+02 4.150001e+01 2.275288e+02
      vertex   -1.413182e+02 4.150001e+01 2.114354e+02
      vertex   -1.413182e+02 4.150001e+01 2.275646e+02
    endloop
  endfacet
  facet normal 5.843590e-08 1.000000e+00 -1.132688e-21
    outer loop
      vertex   -1.413182e+02 4.150001e+01 2.275646e+02
      vertex   -1.413182e+02 4.150001e+01 2.114354e+02
      vertex   -1.414568e+02 4.150001e+01 2.113858e+02
    endloop
  endfacet
  facet normal 5.843590e-08 1.000000e+00 -1.228145e-21
    outer loop
      vertex   -1.413182e+02 4.150001e+01 2.275646e+02
      vertex   -1.414568e+02 4.150001e+01 2.113858e+02
      vertex   -1.414568e+02 4.150001e+01 2.276142e+02
    endloop
  endfacet
  facet normal 5.843593e-08 1.000000e+00 -1.228108e-21
    outer loop
      vertex   -1.414568e+02 4.150001e+01 2.276142e+02
      vertex   -1.414568e+02 4.150001e+01 2.113858e+02
      vertex   -1.415898e+02 4.150001e+01 2.113229e+02
    endloop
  endfacet
  facet normal 5.843593e-08 1.000000e+00 -1.218579e-21
    outer loop
      vertex   -1.414568e+02 4.150001e+01 2.276142e+02
      vertex   -1.415898e+02 4.150001e+01 2.113229e+02
      vertex   -1.415898e+02 4.150001e+01 2.276771e+02
    endloop
  endfacet
  facet normal 5.843592e-08 1.000000e+00 -1.218656e-21
    outer loop
      vertex   -1.415898e+02 4.150001e+01 2.276771e+02
      vertex   -1.415898e+02 4.150001e+01 2.113229e+02
      vertex   -1.417161e+02 4.150001e+01 2.112472e+02
    endloop
  endfacet
  facet normal 5.843592e-08 1.000000e+00 -1.106910e-21
    outer loop
      vertex   -1.415898e+02 4.150001e+01 2.276771e+02
      vertex   -1.417161e+02 4.150001e+01 2.112472e+02
      vertex   -1.417161e+02 4.150001e+01 2.277528e+02
    endloop
  endfacet
  facet normal 5.843593e-08 1.000000e+00 -1.106858e-21
    outer loop
      vertex   -1.417161e+02 4.150001e+01 2.277528e+02
      vertex   -1.417161e+02 4.150001e+01 2.112472e+02
      vertex   -1.418343e+02 4.150001e+01 2.111595e+02
    endloop
  endfacet
  facet normal 5.843593e-08 1.000000e+00 -1.194783e-21
    outer loop
      vertex   -1.417161e+02 4.150001e+01 2.277528e+02
      vertex   -1.418343e+02 4.150001e+01 2.111595e+02
      vertex   -1.418343e+02 4.150001e+01 2.278405e+02
    endloop
  endfacet
  facet normal 5.843597e-08 1.000000e+00 -1.194787e-21
    outer loop
      vertex   -1.418343e+02 4.150001e+01 2.278405e+02
      vertex   -1.418343e+02 4.150001e+01 2.111595e+02
      vertex   -1.419434e+02 4.150001e+01 2.110607e+02
    endloop
  endfacet
  facet normal 5.843597e-08 1.000000e+00 -1.180756e-21
    outer loop
      vertex   -1.418343e+02 4.150001e+01 2.278405e+02
      vertex   -1.419434e+02 4.150001e+01 2.110607e+02
      vertex   -1.419434e+02 4.150001e+01 2.279393e+02
    endloop
  endfacet
  facet normal 5.843592e-08 1.000000e+00 -1.180790e-21
    outer loop
      vertex   -1.419434e+02 4.150001e+01 2.279393e+02
      vertex   -1.419434e+02 4.150001e+01 2.110607e+02
      vertex   -1.420422e+02 4.150001e+01 2.280484e+02
    endloop
  endfacet
  facet normal 5.843592e-08 1.000000e+00 -1.165725e-21
    outer loop
      vertex   -1.420422e+02 4.150001e+01 2.280484e+02
      vertex   -1.419434e+02 4.150001e+01 2.110607e+02
      vertex   -1.420422e+02 4.150001e+01 2.109516e+02
    endloop
  endfacet
  facet normal 5.843599e-08 1.000000e+00 -1.165726e-21
    outer loop
      vertex   -1.420422e+02 4.150001e+01 2.280484e+02
      vertex   -1.420422e+02 4.150001e+01 2.109516e+02
      vertex   -1.421299e+02 4.150001e+01 2.281666e+02
    endloop
  endfacet
  facet normal 5.843599e-08 1.000000e+00 -1.054004e-21
    outer loop
      vertex   -1.421299e+02 4.150001e+01 2.281666e+02
      vertex   -1.420422e+02 4.150001e+01 2.109516e+02
      vertex   -1.421299e+02 4.150001e+01 2.108334e+02
    endloop
  endfacet
  facet normal 5.843583e-08 1.000000e+00 -1.054001e-21
    outer loop
      vertex   -1.421299e+02 4.150001e+01 2.281666e+02
      vertex   -1.421299e+02 4.150001e+01 2.108334e+02
      vertex   -1.422056e+02 4.150001e+01 2.282929e+02
    endloop
  endfacet
  facet normal 5.843583e-08 1.000000e+00 -1.133309e-21
    outer loop
      vertex   -1.422056e+02 4.150001e+01 2.282929e+02
      vertex   -1.421299e+02 4.150001e+01 2.108334e+02
      vertex   -1.422056e+02 4.150001e+01 2.107071e+02
    endloop
  endfacet
  facet normal 5.843592e-08 1.000000e+00 -1.133311e-21
    outer loop
      vertex   -1.422056e+02 4.150001e+01 2.282929e+02
      vertex   -1.422056e+02 4.150001e+01 2.107071e+02
      vertex   -1.422685e+02 4.150001e+01 2.284260e+02
    endloop
  endfacet
  facet normal 5.843592e-08 1.000000e+00 -1.116415e-21
    outer loop
      vertex   -1.422685e+02 4.150001e+01 2.284260e+02
      vertex   -1.422056e+02 4.150001e+01 2.107071e+02
      vertex   -1.422685e+02 4.150001e+01 2.105740e+02
    endloop
  endfacet
  facet normal -4.182645e-08 1.000000e+00 7.990920e-22
    outer loop
      vertex   -1.422685e+02 4.150001e+01 2.284260e+02
      vertex   -1.422685e+02 4.150001e+01 2.105740e+02
      vertex   -1.440000e+02 4.150001e+01 2.090000e+02
    endloop
  endfacet
  facet normal -9.016125e-08 1.000000e+00 5.316896e-08
    outer loop
      vertex   -1.440000e+02 4.150001e+01 2.090000e+02
      vertex   -1.422685e+02 4.150001e+01 2.105740e+02
      vertex   -1.423181e+02 4.150001e+01 2.104354e+02
    endloop
  endfacet
  facet normal -7.284960e-08 1.000000e+00 3.288528e-08
    outer loop
      vertex   -1.440000e+02 4.150001e+01 2.090000e+02
      vertex   -1.423181e+02 4.150001e+01 2.104354e+02
      vertex   -1.423539e+02 4.150001e+01 2.102926e+02
    endloop
  endfacet
  facet normal -6.092990e-08 1.000000e+00 1.770628e-08
    outer loop
      vertex   -1.423539e+02 4.150001e+01 2.102926e+02
      vertex   -1.423755e+02 4.150001e+01 2.101470e+02
      vertex   -1.440000e+02 4.150001e+01 2.090000e+02
    endloop
  endfacet
  facet normal -1.078927e-07 1.000000e+00 8.421797e-08
    outer loop
      vertex   -1.440000e+02 4.150001e+01 2.090000e+02
      vertex   -1.423755e+02 4.150001e+01 2.101470e+02
      vertex   -1.435783e+02 4.150001e+01 2.077716e+02
    endloop
  endfacet
  facet normal 4.396714e-07 1.000000e+00 2.721969e-07
    outer loop
      vertex   -1.440000e+02 4.150001e+01 2.090000e+02
      vertex   -1.435783e+02 4.150001e+01 2.077716e+02
      vertex   -1.436743e+02 4.150001e+01 2.079061e+02
    endloop
  endfacet
  facet normal 5.843603e-08 1.000000e+00 -1.083018e-14
    outer loop
      vertex   -1.423827e+02 4.150001e+01 2.100000e+02
      vertex   -1.433546e+02 4.150001e+01 2.075286e+02
      vertex   -1.423755e+02 4.150001e+01 2.101470e+02
    endloop
  endfacet
  facet normal 5.843602e-08 1.000000e+00 -8.302662e-15
    outer loop
      vertex   -1.423755e+02 4.150001e+01 2.101470e+02
      vertex   -1.433546e+02 4.150001e+01 2.075286e+02
      vertex   -1.434714e+02 4.150001e+01 2.076454e+02
    endloop
  endfacet
  facet normal 5.843597e-08 1.000000e+00 1.540980e-14
    outer loop
      vertex   -1.423755e+02 4.150001e+01 2.101470e+02
      vertex   -1.434714e+02 4.150001e+01 2.076454e+02
      vertex   -1.435783e+02 4.150001e+01 2.077716e+02
    endloop
  endfacet
  facet normal 5.843602e-08 1.000000e+00 1.035127e-14
    outer loop
      vertex   -1.423755e+02 4.150001e+01 2.098530e+02
      vertex   -1.429519e+02 4.150001e+01 2.072411e+02
      vertex   -1.423827e+02 4.150001e+01 2.100000e+02
    endloop
  endfacet
  facet normal 5.843588e-08 1.000000e+00 3.947587e-14
    outer loop
      vertex   -1.423827e+02 4.150001e+01 2.100000e+02
      vertex   -1.429519e+02 4.150001e+01 2.072411e+02
      vertex   -1.430939e+02 4.150001e+01 2.073257e+02
    endloop
  endfacet
  facet normal 5.843597e-08 1.000000e+00 1.418305e-14
    outer loop
      vertex   -1.423827e+02 4.150001e+01 2.100000e+02
      vertex   -1.430939e+02 4.150001e+01 2.073257e+02
      vertex   -1.432284e+02 4.150001e+01 2.074217e+02
    endloop
  endfacet
  facet normal 5.843598e-08 1.000000e+00 1.873843e-14
    outer loop
      vertex   -1.429519e+02 4.150001e+01 2.072411e+02
      vertex   -1.423755e+02 4.150001e+01 2.098530e+02
      vertex   -1.428034e+02 4.150001e+01 2.071685e+02
    endloop
  endfacet
  facet normal 5.843613e-08 1.000000e+00 -4.837410e-15
    outer loop
      vertex   -1.428034e+02 4.150001e+01 2.071685e+02
      vertex   -1.423755e+02 4.150001e+01 2.098530e+02
      vertex   -1.423539e+02 4.150001e+01 2.097074e+02
    endloop
  endfacet
  facet normal 5.843590e-08 1.000000e+00 3.542682e-14
    outer loop
      vertex   -1.428034e+02 4.150001e+01 2.071685e+02
      vertex   -1.423539e+02 4.150001e+01 2.097074e+02
      vertex   -1.426494e+02 4.150001e+01 2.071084e+02
    endloop
  endfacet
  facet normal 5.843592e-08 1.000000e+00 3.383951e-14
    outer loop
      vertex   -1.426494e+02 4.150001e+01 2.071084e+02
      vertex   -1.423539e+02 4.150001e+01 2.097074e+02
      vertex   -1.423181e+02 4.150001e+01 2.095646e+02
    endloop
  endfacet
  facet normal 5.843600e-08 1.000000e+00 2.238535e-14
    outer loop
      vertex   -1.426494e+02 4.150001e+01 2.071084e+02
      vertex   -1.423181e+02 4.150001e+01 2.095646e+02
      vertex   -1.424910e+02 4.150001e+01 2.070612e+02
    endloop
  endfacet
  facet normal 5.843608e-08 1.000000e+00 1.727951e-14
    outer loop
      vertex   -1.424910e+02 4.150001e+01 2.070612e+02
      vertex   -1.423181e+02 4.150001e+01 2.095646e+02
      vertex   -1.422685e+02 4.150001e+01 2.094260e+02
    endloop
  endfacet
  facet normal 5.843586e-08 1.000000e+00 3.794468e-14
    outer loop
      vertex   -1.424910e+02 4.150001e+01 2.070612e+02
      vertex   -1.422685e+02 4.150001e+01 2.094260e+02
      vertex   -1.423292e+02 4.150001e+01 2.070273e+02
    endloop
  endfacet
  facet normal 5.843599e-08 1.000000e+00 3.459595e-14
    outer loop
      vertex   -1.423292e+02 4.150001e+01 2.070273e+02
      vertex   -1.422685e+02 4.150001e+01 2.094260e+02
      vertex   -1.422056e+02 4.150001e+01 2.092929e+02
    endloop
  endfacet
  facet normal 5.843589e-08 1.000000e+00 3.988895e-14
    outer loop
      vertex   -1.423292e+02 4.150001e+01 2.070273e+02
      vertex   -1.422056e+02 4.150001e+01 2.092929e+02
      vertex   -1.421299e+02 4.150001e+01 2.091666e+02
    endloop
  endfacet
  facet normal 5.843596e-08 1.000000e+00 3.358462e-14
    outer loop
      vertex   -1.423292e+02 4.150001e+01 2.070273e+02
      vertex   -1.421299e+02 4.150001e+01 2.091666e+02
      vertex   -1.421652e+02 4.150001e+01 2.070068e+02
    endloop
  endfacet
  facet normal 5.843604e-08 1.000000e+00 3.234238e-14
    outer loop
      vertex   -1.421652e+02 4.150001e+01 2.070068e+02
      vertex   -1.421299e+02 4.150001e+01 2.091666e+02
      vertex   -1.420422e+02 4.150001e+01 2.090484e+02
    endloop
  endfacet
  facet normal 5.843596e-08 1.000000e+00 3.692833e-14
    outer loop
      vertex   -1.421652e+02 4.150001e+01 2.070068e+02
      vertex   -1.420422e+02 4.150001e+01 2.090484e+02
      vertex   -1.419434e+02 4.150001e+01 2.089393e+02
    endloop
  endfacet
  facet normal 5.843600e-08 1.000000e+00 3.274305e-14
    outer loop
      vertex   -1.419434e+02 4.150001e+01 2.089393e+02
      vertex   -1.418343e+02 4.150001e+01 2.088405e+02
      vertex   -1.421652e+02 4.150001e+01 2.070068e+02
    endloop
  endfacet
  facet normal 5.843596e-08 1.000000e+00 3.992455e-14
    outer loop
      vertex   -1.421652e+02 4.150001e+01 2.070068e+02
      vertex   -1.418343e+02 4.150001e+01 2.088405e+02
      vertex   -1.417161e+02 4.150001e+01 2.087528e+02
    endloop
  endfacet
  facet normal 5.843595e-08 1.000000e+00 4.241356e-14
    outer loop
      vertex   -1.421652e+02 4.150001e+01 2.070068e+02
      vertex   -1.417161e+02 4.150001e+01 2.087528e+02
      vertex   -1.415898e+02 4.150001e+01 2.086771e+02
    endloop
  endfacet
  facet normal 5.843595e-08 1.000000e+00 4.280434e-14
    outer loop
      vertex   -1.415898e+02 4.150001e+01 2.086771e+02
      vertex   -1.414568e+02 4.150001e+01 2.086142e+02
      vertex   -1.421652e+02 4.150001e+01 2.070068e+02
    endloop
  endfacet
  facet normal 5.843592e-08 1.000000e+00 5.272181e-14
    outer loop
      vertex   -1.421652e+02 4.150001e+01 2.070068e+02
      vertex   -1.414568e+02 4.150001e+01 2.086142e+02
      vertex   -1.413182e+02 4.150001e+01 2.085646e+02
    endloop
  endfacet
  facet normal 5.843592e-08 1.000000e+00 5.629204e-14
    outer loop
      vertex   -1.421652e+02 4.150001e+01 2.070068e+02
      vertex   -1.413182e+02 4.150001e+01 2.085646e+02
      vertex   -1.411754e+02 4.150001e+01 2.085288e+02
    endloop
  endfacet
  facet normal 5.843598e-08 1.000000e+00 1.765352e-14
    outer loop
      vertex   -1.411754e+02 4.150001e+01 2.085288e+02
      vertex   -1.410298e+02 4.150001e+01 2.085072e+02
      vertex   -1.421652e+02 4.150001e+01 2.070068e+02
    endloop
  endfacet
  facet normal 5.843595e-08 1.000000e+00 3.328145e-14
    outer loop
      vertex   -1.421652e+02 4.150001e+01 2.070068e+02
      vertex   -1.410298e+02 4.150001e+01 2.085072e+02
      vertex   -1.398348e+02 4.150001e+01 2.070068e+02
    endloop
  endfacet
  facet normal 5.843595e-08 1.000000e+00 -1.095539e-11
    outer loop
      vertex   -1.421652e+02 4.150001e+01 2.070068e+02
      vertex   -1.398348e+02 4.150001e+01 2.070068e+02
      vertex   -1.420000e+02 4.150001e+01 2.070000e+02
    endloop
  endfacet
  facet normal 5.843593e-08 1.000000e+00 -3.000192e-12
    outer loop
      vertex   -1.420000e+02 4.150001e+01 2.070000e+02
      vertex   -1.398348e+02 4.150001e+01 2.070068e+02
      vertex   -1.400000e+02 4.150001e+01 2.070000e+02
    endloop
  endfacet
  facet normal 5.843588e-08 1.000000e+00 -2.495321e-14
    outer loop
      vertex   -1.410298e+02 4.150001e+01 2.085072e+02
      vertex   -1.408827e+02 4.150001e+01 2.085000e+02
      vertex   -1.398348e+02 4.150001e+01 2.070068e+02
    endloop
  endfacet
  facet normal 5.843595e-08 1.000000e+00 2.441429e-14
    outer loop
      vertex   -1.398348e+02 4.150001e+01 2.070068e+02
      vertex   -1.408827e+02 4.150001e+01 2.085000e+02
      vertex   -1.396708e+02 4.150001e+01 2.070273e+02
    endloop
  endfacet
  facet normal 5.843586e-08 1.000000e+00 -5.205436e-14
    outer loop
      vertex   -1.396708e+02 4.150001e+01 2.070273e+02
      vertex   -1.408827e+02 4.150001e+01 2.085000e+02
      vertex   -1.395090e+02 4.150001e+01 2.070612e+02
    endloop
  endfacet
  facet normal 5.843598e-08 1.000000e+00 6.067282e-14
    outer loop
      vertex   -1.395090e+02 4.150001e+01 2.070612e+02
      vertex   -1.408827e+02 4.150001e+01 2.085000e+02
      vertex   -1.393506e+02 4.150001e+01 2.071084e+02
    endloop
  endfacet
  facet normal 5.843590e-08 1.000000e+00 -2.532009e-14
    outer loop
      vertex   -1.393506e+02 4.150001e+01 2.071084e+02
      vertex   -1.408827e+02 4.150001e+01 2.085000e+02
      vertex   -1.391966e+02 4.150001e+01 2.071685e+02
    endloop
  endfacet
  facet normal 5.843595e-08 1.000000e+00 4.247443e-14
    outer loop
      vertex   -1.391966e+02 4.150001e+01 2.071685e+02
      vertex   -1.408827e+02 4.150001e+01 2.085000e+02
      vertex   -1.390481e+02 4.150001e+01 2.072411e+02
    endloop
  endfacet
  facet normal 5.843592e-08 1.000000e+00 -3.448318e-15
    outer loop
      vertex   -1.390481e+02 4.150001e+01 2.072411e+02
      vertex   -1.408827e+02 4.150001e+01 2.085000e+02
      vertex   -1.381084e+02 4.150001e+01 2.083506e+02
    endloop
  endfacet
  facet normal 5.843579e-08 1.000000e+00 1.046187e-13
    outer loop
      vertex   -1.390481e+02 4.150001e+01 2.072411e+02
      vertex   -1.381084e+02 4.150001e+01 2.083506e+02
      vertex   -1.389061e+02 4.150001e+01 2.073257e+02
    endloop
  endfacet
  facet normal 5.843601e-08 1.000000e+00 -6.382907e-14
    outer loop
      vertex   -1.389061e+02 4.150001e+01 2.073257e+02
      vertex   -1.381084e+02 4.150001e+01 2.083506e+02
      vertex   -1.387716e+02 4.150001e+01 2.074217e+02
    endloop
  endfacet
  facet normal 5.843587e-08 1.000000e+00 3.276688e-14
    outer loop
      vertex   -1.387716e+02 4.150001e+01 2.074217e+02
      vertex   -1.381084e+02 4.150001e+01 2.083506e+02
      vertex   -1.386454e+02 4.150001e+01 2.075286e+02
    endloop
  endfacet
  facet normal 5.843623e-08 1.000000e+00 -2.017409e-13
    outer loop
      vertex   -1.386454e+02 4.150001e+01 2.075286e+02
      vertex   -1.381084e+02 4.150001e+01 2.083506e+02
      vertex   -1.385286e+02 4.150001e+01 2.076454e+02
    endloop
  endfacet
  facet normal 5.843608e-08 1.000000e+00 -1.129627e-13
    outer loop
      vertex   -1.385286e+02 4.150001e+01 2.076454e+02
      vertex   -1.381084e+02 4.150001e+01 2.083506e+02
      vertex   -1.384217e+02 4.150001e+01 2.077716e+02
    endloop
  endfacet
  facet normal 5.843572e-08 1.000000e+00 8.440338e-14
    outer loop
      vertex   -1.384217e+02 4.150001e+01 2.077716e+02
      vertex   -1.381084e+02 4.150001e+01 2.083506e+02
      vertex   -1.383257e+02 4.150001e+01 2.079061e+02
    endloop
  endfacet
  facet normal 5.843578e-08 1.000000e+00 5.579868e-14
    outer loop
      vertex   -1.383257e+02 4.150001e+01 2.079061e+02
      vertex   -1.381084e+02 4.150001e+01 2.083506e+02
      vertex   -1.382411e+02 4.150001e+01 2.080481e+02
    endloop
  endfacet
  facet normal 5.843656e-08 1.000000e+00 -2.849023e-13
    outer loop
      vertex   -1.382411e+02 4.150001e+01 2.080481e+02
      vertex   -1.381084e+02 4.150001e+01 2.083506e+02
      vertex   -1.381685e+02 4.150001e+01 2.081966e+02
    endloop
  endfacet
  facet normal 5.843593e-08 1.000000e+00 9.672380e-14
    outer loop
      vertex   -1.408827e+02 4.150001e+01 2.085000e+02
      vertex   -1.407357e+02 4.150001e+01 2.085072e+02
      vertex   -1.381084e+02 4.150001e+01 2.083506e+02
    endloop
  endfacet
  facet normal 5.843592e-08 1.000000e+00 2.353476e-14
    outer loop
      vertex   -1.381084e+02 4.150001e+01 2.083506e+02
      vertex   -1.407357e+02 4.150001e+01 2.085072e+02
      vertex   -1.380612e+02 4.150001e+01 2.085090e+02
    endloop
  endfacet
  facet normal 5.843592e-08 1.000000e+00 3.433575e-13
    outer loop
      vertex   -1.380612e+02 4.150001e+01 2.085090e+02
      vertex   -1.407357e+02 4.150001e+01 2.085072e+02
      vertex   -1.405901e+02 4.150001e+01 2.085288e+02
    endloop
  endfacet
  facet normal 5.843592e-08 1.000000e+00 -6.687964e-14
    outer loop
      vertex   -1.380612e+02 4.150001e+01 2.085090e+02
      vertex   -1.405901e+02 4.150001e+01 2.085288e+02
      vertex   -1.404473e+02 4.150001e+01 2.085646e+02
    endloop
  endfacet
  facet normal 5.843592e-08 1.000000e+00 9.120927e-14
    outer loop
      vertex   -1.404473e+02 4.150001e+01 2.085646e+02
      vertex   -1.403087e+02 4.150001e+01 2.086142e+02
      vertex   -1.380612e+02 4.150001e+01 2.085090e+02
    endloop
  endfacet
  facet normal 5.843592e-08 1.000000e+00 2.770471e-14
    outer loop
      vertex   -1.380612e+02 4.150001e+01 2.085090e+02
      vertex   -1.403087e+02 4.150001e+01 2.086142e+02
      vertex   -1.380273e+02 4.150001e+01 2.086708e+02
    endloop
  endfacet
  facet normal 5.843592e-08 1.000000e+00 -1.084970e-13
    outer loop
      vertex   -1.380273e+02 4.150001e+01 2.086708e+02
      vertex   -1.403087e+02 4.150001e+01 2.086142e+02
      vertex   -1.401756e+02 4.150001e+01 2.086771e+02
    endloop
  endfacet
  facet normal 5.843592e-08 1.000000e+00 -3.785348e-15
    outer loop
      vertex   -1.380273e+02 4.150001e+01 2.086708e+02
      vertex   -1.401756e+02 4.150001e+01 2.086771e+02
      vertex   -1.400494e+02 4.150001e+01 2.087528e+02
    endloop
  endfacet
  facet normal 5.843592e-08 1.000000e+00 -6.810905e-14
    outer loop
      vertex   -1.380273e+02 4.150001e+01 2.086708e+02
      vertex   -1.400494e+02 4.150001e+01 2.087528e+02
      vertex   -1.380068e+02 4.150001e+01 2.088348e+02
    endloop
  endfacet
  facet normal 5.843591e-08 1.000000e+00 9.787799e-14
    outer loop
      vertex   -1.380068e+02 4.150001e+01 2.088348e+02
      vertex   -1.400494e+02 4.150001e+01 2.087528e+02
      vertex   -1.399311e+02 4.150001e+01 2.088405e+02
    endloop
  endfacet
  facet normal 5.843591e-08 1.000000e+00 -1.388629e-14
    outer loop
      vertex   -1.380068e+02 4.150001e+01 2.088348e+02
      vertex   -1.399311e+02 4.150001e+01 2.088405e+02
      vertex   -1.398221e+02 4.150001e+01 2.089393e+02
    endloop
  endfacet
  facet normal 1.188021e-07 1.000000e+00 1.048610e-06
    outer loop
      vertex   -1.380068e+02 4.150001e+01 2.088348e+02
      vertex   -1.398221e+02 4.150001e+01 2.089393e+02
      vertex   -1.380000e+02 4.150001e+01 2.090000e+02
    endloop
  endfacet
  facet normal 1.566761e-07 1.000000e+00 -8.903967e-08
    outer loop
      vertex   -1.380000e+02 4.150001e+01 2.090000e+02
      vertex   -1.398221e+02 4.150001e+01 2.089393e+02
      vertex   -1.397232e+02 4.150001e+01 2.090484e+02
    endloop
  endfacet
  facet normal 1.571213e-07 1.000000e+00 -7.319004e-08
    outer loop
      vertex   -1.380000e+02 4.150001e+01 2.090000e+02
      vertex   -1.397232e+02 4.150001e+01 2.090484e+02
      vertex   -1.396355e+02 4.150001e+01 2.091666e+02
    endloop
  endfacet
  facet normal 1.584696e-07 1.000000e+00 -5.995792e-08
    outer loop
      vertex   -1.396355e+02 4.150001e+01 2.091666e+02
      vertex   -1.395598e+02 4.150001e+01 2.092929e+02
      vertex   -1.380000e+02 4.150001e+01 2.090000e+02
    endloop
  endfacet
  facet normal 1.606504e-07 1.000000e+00 -4.834387e-08
    outer loop
      vertex   -1.380000e+02 4.150001e+01 2.090000e+02
      vertex   -1.395598e+02 4.150001e+01 2.092929e+02
      vertex   -1.394969e+02 4.150001e+01 2.094260e+02
    endloop
  endfacet
  facet normal 1.636905e-07 1.000000e+00 -3.766067e-08
    outer loop
      vertex   -1.380000e+02 4.150001e+01 2.090000e+02
      vertex   -1.394969e+02 4.150001e+01 2.094260e+02
      vertex   -1.394473e+02 4.150001e+01 2.095646e+02
    endloop
  endfacet
  facet normal 1.677046e-07 1.000000e+00 -2.737041e-08
    outer loop
      vertex   -1.394473e+02 4.150001e+01 2.095646e+02
      vertex   -1.394116e+02 4.150001e+01 2.097074e+02
      vertex   -1.380000e+02 4.150001e+01 2.090000e+02
    endloop
  endfacet
  facet normal 1.729111e-07 1.000000e+00 -1.698076e-08
    outer loop
      vertex   -1.380000e+02 4.150001e+01 2.090000e+02
      vertex   -1.394116e+02 4.150001e+01 2.097074e+02
      vertex   -1.393900e+02 4.150001e+01 2.098530e+02
    endloop
  endfacet
  facet normal 1.318307e-07 1.000000e+00 -3.605708e-09
    outer loop
      vertex   -1.393900e+02 4.150001e+01 2.288530e+02
      vertex   -1.393827e+02 4.150001e+01 2.290000e+02
      vertex   -1.380000e+02 4.150001e+01 2.090000e+02
    endloop
  endfacet
  facet normal 4.922274e-07 1.000000e+00 2.131086e-08
    outer loop
      vertex   -1.380000e+02 4.150001e+01 2.090000e+02
      vertex   -1.393827e+02 4.150001e+01 2.290000e+02
      vertex   -1.393900e+02 4.150001e+01 2.291470e+02
    endloop
  endfacet
  facet normal 1.833317e-07 1.000000e+00 -0.000000e+00
    outer loop
      vertex   -1.380000e+02 4.150001e+01 2.090000e+02
      vertex   -1.393900e+02 4.150001e+01 2.291470e+02
      vertex   -1.380000e+02 4.150001e+01 2.300000e+02
    endloop
  endfacet
  facet normal 1.729111e-07 1.000000e+00 1.698075e-08
    outer loop
      vertex   -1.380000e+02 4.150001e+01 2.300000e+02
      vertex   -1.393900e+02 4.150001e+01 2.291470e+02
      vertex   -1.394116e+02 4.150001e+01 2.292926e+02
    endloop
  endfacet
  facet normal 1.677046e-07 1.000000e+00 2.737041e-08
    outer loop
      vertex   -1.380000e+02 4.150001e+01 2.300000e+02
      vertex   -1.394116e+02 4.150001e+01 2.292926e+02
      vertex   -1.394473e+02 4.150001e+01 2.294354e+02
    endloop
  endfacet
  facet normal 1.636905e-07 1.000000e+00 3.766066e-08
    outer loop
      vertex   -1.394473e+02 4.150001e+01 2.294354e+02
      vertex   -1.394969e+02 4.150001e+01 2.295740e+02
      vertex   -1.380000e+02 4.150001e+01 2.300000e+02
    endloop
  endfacet
  facet normal 1.606504e-07 1.000000e+00 4.834386e-08
    outer loop
      vertex   -1.380000e+02 4.150001e+01 2.300000e+02
      vertex   -1.394969e+02 4.150001e+01 2.295740e+02
      vertex   -1.395598e+02 4.150001e+01 2.297071e+02
    endloop
  endfacet
  facet normal 1.584695e-07 1.000000e+00 5.995790e-08
    outer loop
      vertex   -1.380000e+02 4.150001e+01 2.300000e+02
      vertex   -1.395598e+02 4.150001e+01 2.297071e+02
      vertex   -1.396355e+02 4.150001e+01 2.298334e+02
    endloop
  endfacet
  facet normal 1.571213e-07 1.000000e+00 7.319002e-08
    outer loop
      vertex   -1.396355e+02 4.150001e+01 2.298334e+02
      vertex   -1.397232e+02 4.150001e+01 2.299516e+02
      vertex   -1.380000e+02 4.150001e+01 2.300000e+02
    endloop
  endfacet
  facet normal 1.566760e-07 1.000000e+00 8.903965e-08
    outer loop
      vertex   -1.380000e+02 4.150001e+01 2.300000e+02
      vertex   -1.397232e+02 4.150001e+01 2.299516e+02
      vertex   -1.398221e+02 4.150001e+01 2.300607e+02
    endloop
  endfacet
  facet normal 1.573448e-07 1.000000e+00 1.091292e-07
    outer loop
      vertex   -1.380000e+02 4.150001e+01 2.300000e+02
      vertex   -1.398221e+02 4.150001e+01 2.300607e+02
      vertex   -1.399311e+02 4.150001e+01 2.301595e+02
    endloop
  endfacet
  facet normal 6.151868e-08 1.000000e+00 -1.050979e-06
    outer loop
      vertex   -1.380000e+02 4.150001e+01 2.300000e+02
      vertex   -1.399311e+02 4.150001e+01 2.301595e+02
      vertex   -1.380068e+02 4.150001e+01 2.301652e+02
    endloop
  endfacet
  facet normal 5.843591e-08 1.000000e+00 -9.787794e-14
    outer loop
      vertex   -1.380068e+02 4.150001e+01 2.301652e+02
      vertex   -1.399311e+02 4.150001e+01 2.301595e+02
      vertex   -1.400494e+02 4.150001e+01 2.302472e+02
    endloop
  endfacet
  facet normal 5.843592e-08 1.000000e+00 -5.498725e-15
    outer loop
      vertex   -1.380068e+02 4.150001e+01 2.301652e+02
      vertex   -1.400494e+02 4.150001e+01 2.302472e+02
      vertex   -1.401756e+02 4.150001e+01 2.303229e+02
    endloop
  endfacet
  facet normal 5.843592e-08 1.000000e+00 6.841050e-14
    outer loop
      vertex   -1.380068e+02 4.150001e+01 2.301652e+02
      vertex   -1.401756e+02 4.150001e+01 2.303229e+02
      vertex   -1.380273e+02 4.150001e+01 2.303292e+02
    endloop
  endfacet
  facet normal 5.843592e-08 1.000000e+00 1.084970e-13
    outer loop
      vertex   -1.380273e+02 4.150001e+01 2.303292e+02
      vertex   -1.401756e+02 4.150001e+01 2.303229e+02
      vertex   -1.403087e+02 4.150001e+01 2.303858e+02
    endloop
  endfacet
  facet normal 5.843592e-08 1.000000e+00 -1.048658e-13
    outer loop
      vertex   -1.380273e+02 4.150001e+01 2.303292e+02
      vertex   -1.403087e+02 4.150001e+01 2.303858e+02
      vertex   -1.404473e+02 4.150001e+01 2.304354e+02
    endloop
  endfacet
  facet normal 5.843593e-08 1.000000e+00 9.753397e-14
    outer loop
      vertex   -1.404473e+02 4.150001e+01 2.304354e+02
      vertex   -1.405901e+02 4.150001e+01 2.304712e+02
      vertex   -1.380273e+02 4.150001e+01 2.303292e+02
    endloop
  endfacet
  facet normal 5.843592e-08 1.000000e+00 -2.769837e-14
    outer loop
      vertex   -1.380273e+02 4.150001e+01 2.303292e+02
      vertex   -1.405901e+02 4.150001e+01 2.304712e+02
      vertex   -1.380612e+02 4.150001e+01 2.304910e+02
    endloop
  endfacet
  facet normal 5.843592e-08 1.000000e+00 -3.433569e-13
    outer loop
      vertex   -1.380612e+02 4.150001e+01 2.304910e+02
      vertex   -1.405901e+02 4.150001e+01 2.304712e+02
      vertex   -1.407357e+02 4.150001e+01 2.304928e+02
    endloop
  endfacet
  facet normal 5.843592e-08 1.000000e+00 -1.877904e-13
    outer loop
      vertex   -1.380612e+02 4.150001e+01 2.304910e+02
      vertex   -1.407357e+02 4.150001e+01 2.304928e+02
      vertex   -1.408827e+02 4.150001e+01 2.305000e+02
    endloop
  endfacet
  facet normal 5.258103e-08 1.000000e+00 1.191783e-07
    outer loop
      vertex   -1.410298e+02 4.150001e+01 2.304928e+02
      vertex   -1.400000e+02 4.150001e+01 2.320000e+02
      vertex   -1.408827e+02 4.150001e+01 2.305000e+02
    endloop
  endfacet
  facet normal -9.630214e-07 1.000000e+00 7.168464e-07
    outer loop
      vertex   -1.408827e+02 4.150001e+01 2.305000e+02
      vertex   -1.400000e+02 4.150001e+01 2.320000e+02
      vertex   -1.398348e+02 4.150001e+01 2.319932e+02
    endloop
  endfacet
  facet normal 5.843595e-08 1.000000e+00 -2.441426e-14
    outer loop
      vertex   -1.408827e+02 4.150001e+01 2.305000e+02
      vertex   -1.398348e+02 4.150001e+01 2.319932e+02
      vertex   -1.396708e+02 4.150001e+01 2.319727e+02
    endloop
  endfacet
  facet normal 5.843593e-08 1.000000e+00 1.151782e-07
    outer loop
      vertex   -1.400000e+02 4.150001e+01 2.320000e+02
      vertex   -1.410298e+02 4.150001e+01 2.304928e+02
      vertex   -1.420000e+02 4.150001e+01 2.320000e+02
    endloop
  endfacet
  facet normal 4.284012e-08 1.000000e+00 1.051387e-07
    outer loop
      vertex   -1.420000e+02 4.150001e+01 2.320000e+02
      vertex   -1.410298e+02 4.150001e+01 2.304928e+02
      vertex   -1.411754e+02 4.150001e+01 2.304712e+02
    endloop
  endfacet
  facet normal 3.337841e-08 1.000000e+00 1.000351e-07
    outer loop
      vertex   -1.420000e+02 4.150001e+01 2.320000e+02
      vertex   -1.411754e+02 4.150001e+01 2.304712e+02
      vertex   -1.413182e+02 4.150001e+01 2.304354e+02
    endloop
  endfacet
  facet normal 2.409096e-08 1.000000e+00 9.598769e-08
    outer loop
      vertex   -1.413182e+02 4.150001e+01 2.304354e+02
      vertex   -1.414568e+02 4.150001e+01 2.303858e+02
      vertex   -1.420000e+02 4.150001e+01 2.320000e+02
    endloop
  endfacet
  facet normal 1.455500e-08 1.000000e+00 9.277841e-08
    outer loop
      vertex   -1.420000e+02 4.150001e+01 2.320000e+02
      vertex   -1.414568e+02 4.150001e+01 2.303858e+02
      vertex   -1.415898e+02 4.150001e+01 2.303229e+02
    endloop
  endfacet
  facet normal 4.326133e-09 1.000000e+00 9.027673e-08
    outer loop
      vertex   -1.420000e+02 4.150001e+01 2.320000e+02
      vertex   -1.415898e+02 4.150001e+01 2.303229e+02
      vertex   -1.417161e+02 4.150001e+01 2.302472e+02
    endloop
  endfacet
  facet normal -7.140375e-09 1.000000e+00 8.841941e-08
    outer loop
      vertex   -1.417161e+02 4.150001e+01 2.302472e+02
      vertex   -1.418343e+02 4.150001e+01 2.301595e+02
      vertex   -1.420000e+02 4.150001e+01 2.320000e+02
    endloop
  endfacet
  facet normal -2.060421e-08 1.000000e+00 8.720740e-08
    outer loop
      vertex   -1.420000e+02 4.150001e+01 2.320000e+02
      vertex   -1.418343e+02 4.150001e+01 2.301595e+02
      vertex   -1.419434e+02 4.150001e+01 2.300607e+02
    endloop
  endfacet
  facet normal -3.724663e-08 1.000000e+00 8.672160e-08
    outer loop
      vertex   -1.420000e+02 4.150001e+01 2.320000e+02
      vertex   -1.419434e+02 4.150001e+01 2.300607e+02
      vertex   -1.420422e+02 4.150001e+01 2.299516e+02
    endloop
  endfacet
  facet normal 1.106932e-06 1.000000e+00 6.312434e-08
    outer loop
      vertex   -1.420000e+02 4.150001e+01 2.320000e+02
      vertex   -1.420422e+02 4.150001e+01 2.299516e+02
      vertex   -1.421652e+02 4.150001e+01 2.319932e+02
    endloop
  endfacet
  facet normal 5.843604e-08 1.000000e+00 -3.234236e-14
    outer loop
      vertex   -1.421652e+02 4.150001e+01 2.319932e+02
      vertex   -1.420422e+02 4.150001e+01 2.299516e+02
      vertex   -1.421299e+02 4.150001e+01 2.298334e+02
    endloop
  endfacet
  facet normal 5.843596e-08 1.000000e+00 -3.358461e-14
    outer loop
      vertex   -1.421652e+02 4.150001e+01 2.319932e+02
      vertex   -1.421299e+02 4.150001e+01 2.298334e+02
      vertex   -1.423292e+02 4.150001e+01 2.319727e+02
    endloop
  endfacet
  facet normal 5.843589e-08 1.000000e+00 -3.988893e-14
    outer loop
      vertex   -1.423292e+02 4.150001e+01 2.319727e+02
      vertex   -1.421299e+02 4.150001e+01 2.298334e+02
      vertex   -1.422056e+02 4.150001e+01 2.297071e+02
    endloop
  endfacet
  facet normal 5.843599e-08 1.000000e+00 -3.459593e-14
    outer loop
      vertex   -1.423292e+02 4.150001e+01 2.319727e+02
      vertex   -1.422056e+02 4.150001e+01 2.297071e+02
      vertex   -1.422685e+02 4.150001e+01 2.295740e+02
    endloop
  endfacet
  facet normal 5.843586e-08 1.000000e+00 -3.794466e-14
    outer loop
      vertex   -1.423292e+02 4.150001e+01 2.319727e+02
      vertex   -1.422685e+02 4.150001e+01 2.295740e+02
      vertex   -1.424910e+02 4.150001e+01 2.319388e+02
    endloop
  endfacet
  facet normal 5.843608e-08 1.000000e+00 -1.727950e-14
    outer loop
      vertex   -1.424910e+02 4.150001e+01 2.319388e+02
      vertex   -1.422685e+02 4.150001e+01 2.295740e+02
      vertex   -1.423181e+02 4.150001e+01 2.294354e+02
    endloop
  endfacet
  facet normal 5.843600e-08 1.000000e+00 -2.238534e-14
    outer loop
      vertex   -1.424910e+02 4.150001e+01 2.319388e+02
      vertex   -1.423181e+02 4.150001e+01 2.294354e+02
      vertex   -1.426494e+02 4.150001e+01 2.318916e+02
    endloop
  endfacet
  facet normal 5.843592e-08 1.000000e+00 -3.383950e-14
    outer loop
      vertex   -1.426494e+02 4.150001e+01 2.318916e+02
      vertex   -1.423181e+02 4.150001e+01 2.294354e+02
      vertex   -1.423539e+02 4.150001e+01 2.292926e+02
    endloop
  endfacet
  facet normal 5.843590e-08 1.000000e+00 -3.542680e-14
    outer loop
      vertex   -1.426494e+02 4.150001e+01 2.318916e+02
      vertex   -1.423539e+02 4.150001e+01 2.292926e+02
      vertex   -1.428034e+02 4.150001e+01 2.318316e+02
    endloop
  endfacet
  facet normal 5.843613e-08 1.000000e+00 4.837414e-15
    outer loop
      vertex   -1.428034e+02 4.150001e+01 2.318316e+02
      vertex   -1.423539e+02 4.150001e+01 2.292926e+02
      vertex   -1.423755e+02 4.150001e+01 2.291470e+02
    endloop
  endfacet
  facet normal 5.843598e-08 1.000000e+00 -1.873842e-14
    outer loop
      vertex   -1.428034e+02 4.150001e+01 2.318316e+02
      vertex   -1.423755e+02 4.150001e+01 2.291470e+02
      vertex   -1.429519e+02 4.150001e+01 2.317590e+02
    endloop
  endfacet
  facet normal 5.843602e-08 1.000000e+00 -1.035127e-14
    outer loop
      vertex   -1.429519e+02 4.150001e+01 2.317590e+02
      vertex   -1.423755e+02 4.150001e+01 2.291470e+02
      vertex   -1.423827e+02 4.150001e+01 2.290000e+02
    endloop
  endfacet
  facet normal 5.843588e-08 1.000000e+00 -3.947586e-14
    outer loop
      vertex   -1.429519e+02 4.150001e+01 2.317590e+02
      vertex   -1.423827e+02 4.150001e+01 2.290000e+02
      vertex   -1.430939e+02 4.150001e+01 2.316743e+02
    endloop
  endfacet
  facet normal 5.843597e-08 1.000000e+00 -1.418304e-14
    outer loop
      vertex   -1.430939e+02 4.150001e+01 2.316743e+02
      vertex   -1.423827e+02 4.150001e+01 2.290000e+02
      vertex   -1.432284e+02 4.150001e+01 2.315783e+02
    endloop
  endfacet
  facet normal 5.843593e-08 1.000000e+00 -2.960527e-14
    outer loop
      vertex   -1.432284e+02 4.150001e+01 2.315783e+02
      vertex   -1.423827e+02 4.150001e+01 2.290000e+02
      vertex   -1.433546e+02 4.150001e+01 2.314715e+02
    endloop
  endfacet
  facet normal 5.843603e-08 1.000000e+00 1.083018e-14
    outer loop
      vertex   -1.433546e+02 4.150001e+01 2.314715e+02
      vertex   -1.423827e+02 4.150001e+01 2.290000e+02
      vertex   -1.423755e+02 4.150001e+01 2.288530e+02
    endloop
  endfacet
  facet normal 5.843602e-08 1.000000e+00 8.302666e-15
    outer loop
      vertex   -1.433546e+02 4.150001e+01 2.314715e+02
      vertex   -1.423755e+02 4.150001e+01 2.288530e+02
      vertex   -1.434714e+02 4.150001e+01 2.313546e+02
    endloop
  endfacet
  facet normal 5.843597e-08 1.000000e+00 -1.540980e-14
    outer loop
      vertex   -1.434714e+02 4.150001e+01 2.313546e+02
      vertex   -1.423755e+02 4.150001e+01 2.288530e+02
      vertex   -1.435783e+02 4.150001e+01 2.312284e+02
    endloop
  endfacet
  facet normal -1.078927e-07 1.000000e+00 -8.421796e-08
    outer loop
      vertex   -1.435783e+02 4.150001e+01 2.312284e+02
      vertex   -1.423755e+02 4.150001e+01 2.288530e+02
      vertex   -1.440000e+02 4.150001e+01 2.300000e+02
    endloop
  endfacet
  facet normal 4.396714e-07 1.000000e+00 -2.721969e-07
    outer loop
      vertex   -1.435783e+02 4.150001e+01 2.312284e+02
      vertex   -1.440000e+02 4.150001e+01 2.300000e+02
      vertex   -1.436743e+02 4.150001e+01 2.310939e+02
    endloop
  endfacet
  facet normal 5.906984e-07 1.000000e+00 -3.171597e-07
    outer loop
      vertex   -1.436743e+02 4.150001e+01 2.310939e+02
      vertex   -1.440000e+02 4.150001e+01 2.300000e+02
      vertex   -1.437589e+02 4.150001e+01 2.309519e+02
    endloop
  endfacet
  facet normal 8.323951e-07 1.000000e+00 -3.783656e-07
    outer loop
      vertex   -1.437589e+02 4.150001e+01 2.309519e+02
      vertex   -1.440000e+02 4.150001e+01 2.300000e+02
      vertex   -1.438315e+02 4.150001e+01 2.308034e+02
    endloop
  endfacet
  facet normal 1.255419e-06 1.000000e+00 -4.670644e-07
    outer loop
      vertex   -1.438315e+02 4.150001e+01 2.308034e+02
      vertex   -1.440000e+02 4.150001e+01 2.300000e+02
      vertex   -1.438916e+02 4.150001e+01 2.306494e+02
    endloop
  endfacet
  facet normal 2.101529e-06 1.000000e+00 -6.082551e-07
    outer loop
      vertex   -1.438916e+02 4.150001e+01 2.306494e+02
      vertex   -1.440000e+02 4.150001e+01 2.300000e+02
      vertex   -1.439388e+02 4.150001e+01 2.304910e+02
    endloop
  endfacet
  facet normal 4.216873e-06 1.000000e+00 -8.719324e-07
    outer loop
      vertex   -1.439388e+02 4.150001e+01 2.304910e+02
      vertex   -1.440000e+02 4.150001e+01 2.300000e+02
      vertex   -1.439727e+02 4.150001e+01 2.303292e+02
    endloop
  endfacet
  facet normal 1.267834e-05 1.000000e+00 -1.573070e-06
    outer loop
      vertex   -1.439727e+02 4.150001e+01 2.303292e+02
      vertex   -1.440000e+02 4.150001e+01 2.300000e+02
      vertex   -1.439932e+02 4.150001e+01 2.301652e+02
    endloop
  endfacet
  facet normal -6.092991e-08 1.000000e+00 -1.770628e-08
    outer loop
      vertex   -1.423755e+02 4.150001e+01 2.288530e+02
      vertex   -1.423539e+02 4.150001e+01 2.287074e+02
      vertex   -1.440000e+02 4.150001e+01 2.300000e+02
    endloop
  endfacet
  facet normal -7.284962e-08 1.000000e+00 -3.288528e-08
    outer loop
      vertex   -1.440000e+02 4.150001e+01 2.300000e+02
      vertex   -1.423539e+02 4.150001e+01 2.287074e+02
      vertex   -1.423181e+02 4.150001e+01 2.285646e+02
    endloop
  endfacet
  facet normal -9.016128e-08 1.000000e+00 -5.316897e-08
    outer loop
      vertex   -1.440000e+02 4.150001e+01 2.300000e+02
      vertex   -1.423181e+02 4.150001e+01 2.285646e+02
      vertex   -1.422685e+02 4.150001e+01 2.284260e+02
    endloop
  endfacet
  facet normal 5.889342e-08 1.000000e+00 -9.312458e-09
    outer loop
      vertex   -1.408827e+02 4.150001e+01 2.275000e+02
      vertex   -1.407357e+02 4.150001e+01 2.275072e+02
      vertex   -1.380000e+02 4.150001e+01 2.090000e+02
    endloop
  endfacet
  facet normal 5.979752e-08 1.000000e+00 -9.178816e-09
    outer loop
      vertex   -1.380000e+02 4.150001e+01 2.090000e+02
      vertex   -1.407357e+02 4.150001e+01 2.275072e+02
      vertex   -1.405901e+02 4.150001e+01 2.275288e+02
    endloop
  endfacet
  facet normal 6.070336e-08 1.000000e+00 -9.052192e-09
    outer loop
      vertex   -1.380000e+02 4.150001e+01 2.090000e+02
      vertex   -1.405901e+02 4.150001e+01 2.275288e+02
      vertex   -1.404473e+02 4.150001e+01 2.275646e+02
    endloop
  endfacet
  facet normal 6.163112e-08 1.000000e+00 -8.929888e-09
    outer loop
      vertex   -1.404473e+02 4.150001e+01 2.275646e+02
      vertex   -1.403087e+02 4.150001e+01 2.276142e+02
      vertex   -1.380000e+02 4.150001e+01 2.090000e+02
    endloop
  endfacet
  facet normal 6.260242e-08 1.000000e+00 -8.809419e-09
    outer loop
      vertex   -1.380000e+02 4.150001e+01 2.090000e+02
      vertex   -1.403087e+02 4.150001e+01 2.276142e+02
      vertex   -1.401756e+02 4.150001e+01 2.276771e+02
    endloop
  endfacet
  facet normal 6.364340e-08 1.000000e+00 -8.688158e-09
    outer loop
      vertex   -1.380000e+02 4.150001e+01 2.090000e+02
      vertex   -1.401756e+02 4.150001e+01 2.276771e+02
      vertex   -1.400494e+02 4.150001e+01 2.277528e+02
    endloop
  endfacet
  facet normal 6.478688e-08 1.000000e+00 -8.563194e-09
    outer loop
      vertex   -1.400494e+02 4.150001e+01 2.277528e+02
      vertex   -1.399311e+02 4.150001e+01 2.278405e+02
      vertex   -1.380000e+02 4.150001e+01 2.090000e+02
    endloop
  endfacet
  facet normal 6.607725e-08 1.000000e+00 -8.430932e-09
    outer loop
      vertex   -1.380000e+02 4.150001e+01 2.090000e+02
      vertex   -1.399311e+02 4.150001e+01 2.278405e+02
      vertex   -1.398221e+02 4.150001e+01 2.279393e+02
    endloop
  endfacet
  facet normal 6.757865e-08 1.000000e+00 -8.286489e-09
    outer loop
      vertex   -1.380000e+02 4.150001e+01 2.090000e+02
      vertex   -1.398221e+02 4.150001e+01 2.279393e+02
      vertex   -1.397232e+02 4.150001e+01 2.280484e+02
    endloop
  endfacet
  facet normal 6.938829e-08 1.000000e+00 -8.122780e-09
    outer loop
      vertex   -1.397232e+02 4.150001e+01 2.280484e+02
      vertex   -1.396355e+02 4.150001e+01 2.281666e+02
      vertex   -1.380000e+02 4.150001e+01 2.090000e+02
    endloop
  endfacet
  facet normal 7.166389e-08 1.000000e+00 -7.928599e-09
    outer loop
      vertex   -1.380000e+02 4.150001e+01 2.090000e+02
      vertex   -1.396355e+02 4.150001e+01 2.281666e+02
      vertex   -1.395598e+02 4.150001e+01 2.282929e+02
    endloop
  endfacet
  facet normal 7.468337e-08 1.000000e+00 -7.684472e-09
    outer loop
      vertex   -1.380000e+02 4.150001e+01 2.090000e+02
      vertex   -1.395598e+02 4.150001e+01 2.282929e+02
      vertex   -1.394969e+02 4.150001e+01 2.284260e+02
    endloop
  endfacet
  facet normal 7.898606e-08 1.000000e+00 -7.352918e-09
    outer loop
      vertex   -1.394969e+02 4.150001e+01 2.284260e+02
      vertex   -1.394473e+02 4.150001e+01 2.285646e+02
      vertex   -1.380000e+02 4.150001e+01 2.090000e+02
    endloop
  endfacet
  facet normal 8.578295e-08 1.000000e+00 -6.850108e-09
    outer loop
      vertex   -1.380000e+02 4.150001e+01 2.090000e+02
      vertex   -1.394473e+02 4.150001e+01 2.285646e+02
      vertex   -1.394116e+02 4.150001e+01 2.287074e+02
    endloop
  endfacet
  facet normal 9.848332e-08 1.000000e+00 -5.940435e-09
    outer loop
      vertex   -1.380000e+02 4.150001e+01 2.090000e+02
      vertex   -1.394116e+02 4.150001e+01 2.287074e+02
      vertex   -1.393900e+02 4.150001e+01 2.288530e+02
    endloop
  endfacet
  facet normal 5.843586e-08 1.000000e+00 5.205435e-14
    outer loop
      vertex   -1.396708e+02 4.150001e+01 2.319727e+02
      vertex   -1.395090e+02 4.150001e+01 2.319388e+02
      vertex   -1.408827e+02 4.150001e+01 2.305000e+02
    endloop
  endfacet
  facet normal 5.843598e-08 1.000000e+00 -6.067280e-14
    outer loop
      vertex   -1.408827e+02 4.150001e+01 2.305000e+02
      vertex   -1.395090e+02 4.150001e+01 2.319388e+02
      vertex   -1.393506e+02 4.150001e+01 2.318916e+02
    endloop
  endfacet
  facet normal 5.843590e-08 1.000000e+00 2.532010e-14
    outer loop
      vertex   -1.408827e+02 4.150001e+01 2.305000e+02
      vertex   -1.393506e+02 4.150001e+01 2.318916e+02
      vertex   -1.391966e+02 4.150001e+01 2.318316e+02
    endloop
  endfacet
  facet normal 5.843595e-08 1.000000e+00 -4.247442e-14
    outer loop
      vertex   -1.391966e+02 4.150001e+01 2.318316e+02
      vertex   -1.390481e+02 4.150001e+01 2.317590e+02
      vertex   -1.408827e+02 4.150001e+01 2.305000e+02
    endloop
  endfacet
  facet normal 5.843592e-08 1.000000e+00 3.448324e-15
    outer loop
      vertex   -1.408827e+02 4.150001e+01 2.305000e+02
      vertex   -1.390481e+02 4.150001e+01 2.317590e+02
      vertex   -1.381084e+02 4.150001e+01 2.306494e+02
    endloop
  endfacet
  facet normal 5.843592e-08 1.000000e+00 -2.341118e-14
    outer loop
      vertex   -1.408827e+02 4.150001e+01 2.305000e+02
      vertex   -1.381084e+02 4.150001e+01 2.306494e+02
      vertex   -1.380612e+02 4.150001e+01 2.304910e+02
    endloop
  endfacet
  facet normal 5.843579e-08 1.000000e+00 -1.046187e-13
    outer loop
      vertex   -1.390481e+02 4.150001e+01 2.317590e+02
      vertex   -1.389061e+02 4.150001e+01 2.316743e+02
      vertex   -1.381084e+02 4.150001e+01 2.306494e+02
    endloop
  endfacet
  facet normal 5.843601e-08 1.000000e+00 6.382907e-14
    outer loop
      vertex   -1.381084e+02 4.150001e+01 2.306494e+02
      vertex   -1.389061e+02 4.150001e+01 2.316743e+02
      vertex   -1.387716e+02 4.150001e+01 2.315783e+02
    endloop
  endfacet
  facet normal 5.843587e-08 1.000000e+00 -3.276688e-14
    outer loop
      vertex   -1.381084e+02 4.150001e+01 2.306494e+02
      vertex   -1.387716e+02 4.150001e+01 2.315783e+02
      vertex   -1.386454e+02 4.150001e+01 2.314715e+02
    endloop
  endfacet
  facet normal 5.843623e-08 1.000000e+00 2.017409e-13
    outer loop
      vertex   -1.386454e+02 4.150001e+01 2.314715e+02
      vertex   -1.385286e+02 4.150001e+01 2.313546e+02
      vertex   -1.381084e+02 4.150001e+01 2.306494e+02
    endloop
  endfacet
  facet normal 5.843608e-08 1.000000e+00 1.129627e-13
    outer loop
      vertex   -1.381084e+02 4.150001e+01 2.306494e+02
      vertex   -1.385286e+02 4.150001e+01 2.313546e+02
      vertex   -1.384217e+02 4.150001e+01 2.312284e+02
    endloop
  endfacet
  facet normal 5.843572e-08 1.000000e+00 -8.440336e-14
    outer loop
      vertex   -1.381084e+02 4.150001e+01 2.306494e+02
      vertex   -1.384217e+02 4.150001e+01 2.312284e+02
      vertex   -1.383257e+02 4.150001e+01 2.310939e+02
    endloop
  endfacet
  facet normal 5.843578e-08 1.000000e+00 -5.579873e-14
    outer loop
      vertex   -1.383257e+02 4.150001e+01 2.310939e+02
      vertex   -1.382411e+02 4.150001e+01 2.309519e+02
      vertex   -1.381084e+02 4.150001e+01 2.306494e+02
    endloop
  endfacet
  facet normal 5.843656e-08 1.000000e+00 2.849022e-13
    outer loop
      vertex   -1.381084e+02 4.150001e+01 2.306494e+02
      vertex   -1.382411e+02 4.150001e+01 2.309519e+02
      vertex   -1.381685e+02 4.150001e+01 2.308034e+02
    endloop
  endfacet
  facet normal 5.843593e-08 1.000000e+00 2.960528e-14
    outer loop
      vertex   -1.432284e+02 4.150001e+01 2.074217e+02
      vertex   -1.433546e+02 4.150001e+01 2.075286e+02
      vertex   -1.423827e+02 4.150001e+01 2.100000e+02
    endloop
  endfacet
  facet normal 5.906984e-07 1.000000e+00 3.171597e-07
    outer loop
      vertex   -1.436743e+02 4.150001e+01 2.079061e+02
      vertex   -1.437589e+02 4.150001e+01 2.080481e+02
      vertex   -1.440000e+02 4.150001e+01 2.090000e+02
    endloop
  endfacet
  facet normal 8.323951e-07 1.000000e+00 3.783656e-07
    outer loop
      vertex   -1.440000e+02 4.150001e+01 2.090000e+02
      vertex   -1.437589e+02 4.150001e+01 2.080481e+02
      vertex   -1.438315e+02 4.150001e+01 2.081966e+02
    endloop
  endfacet
  facet normal 1.255419e-06 1.000000e+00 4.670644e-07
    outer loop
      vertex   -1.440000e+02 4.150001e+01 2.090000e+02
      vertex   -1.438315e+02 4.150001e+01 2.081966e+02
      vertex   -1.438916e+02 4.150001e+01 2.083506e+02
    endloop
  endfacet
  facet normal 2.101529e-06 1.000000e+00 6.082551e-07
    outer loop
      vertex   -1.438916e+02 4.150001e+01 2.083506e+02
      vertex   -1.439388e+02 4.150001e+01 2.085090e+02
      vertex   -1.440000e+02 4.150001e+01 2.090000e+02
    endloop
  endfacet
  facet normal 4.216873e-06 1.000000e+00 8.719324e-07
    outer loop
      vertex   -1.440000e+02 4.150001e+01 2.090000e+02
      vertex   -1.439388e+02 4.150001e+01 2.085090e+02
      vertex   -1.439727e+02 4.150001e+01 2.086708e+02
    endloop
  endfacet
  facet normal 1.267834e-05 1.000000e+00 1.573070e-06
    outer loop
      vertex   -1.440000e+02 4.150001e+01 2.090000e+02
      vertex   -1.439727e+02 4.150001e+01 2.086708e+02
      vertex   -1.439932e+02 4.150001e+01 2.088348e+02
    endloop
  endfacet
  facet normal -4.182645e-08 1.000000e+00 0.000000e+00
    outer loop
      vertex   -1.440000e+02 4.150001e+01 2.090000e+02
      vertex   -1.440000e+02 4.150001e+01 2.300000e+02
      vertex   -1.422685e+02 4.150001e+01 2.284260e+02
    endloop
  endfacet
  facet normal -4.132497e-02 2.414863e-09 -9.991458e-01
    outer loop
      vertex   -1.420000e+02 4.150001e+01 2.070000e+02
      vertex   -1.420000e+02 3.750001e+01 2.070000e+02
      vertex   -1.421652e+02 3.950001e+01 2.070068e+02
    endloop
  endfacet
  facet normal -4.132497e-02 2.414849e-09 -9.991458e-01
    outer loop
      vertex   -1.421652e+02 3.950001e+01 2.070068e+02
      vertex   -1.420000e+02 3.750001e+01 2.070000e+02
      vertex   -1.421652e+02 3.750001e+01 2.070068e+02
    endloop
  endfacet
  facet normal -1.236926e-01 7.228080e-09 -9.923206e-01
    outer loop
      vertex   -1.421652e+02 3.950001e+01 2.070068e+02
      vertex   -1.421652e+02 3.750001e+01 2.070068e+02
      vertex   -1.423292e+02 3.950001e+01 2.070273e+02
    endloop
  endfacet
  facet normal -1.236926e-01 7.228094e-09 -9.923206e-01
    outer loop
      vertex   -1.423292e+02 3.950001e+01 2.070273e+02
      vertex   -1.421652e+02 3.750001e+01 2.070068e+02
      vertex   -1.423292e+02 3.750001e+01 2.070273e+02
    endloop
  endfacet
  facet normal -2.052153e-01 1.199195e-08 -9.787168e-01
    outer loop
      vertex   -1.423292e+02 3.950001e+01 2.070273e+02
      vertex   -1.423292e+02 3.750001e+01 2.070273e+02
      vertex   -1.424910e+02 3.950001e+01 2.070612e+02
    endloop
  endfacet
  facet normal -2.052153e-01 1.199195e-08 -9.787168e-01
    outer loop
      vertex   -1.424910e+02 3.950001e+01 2.070612e+02
      vertex   -1.423292e+02 3.750001e+01 2.070273e+02
      vertex   -1.424910e+02 3.750001e+01 2.070612e+02
    endloop
  endfacet
  facet normal -2.853362e-01 1.667388e-08 -9.584275e-01
    outer loop
      vertex   -1.424910e+02 3.950001e+01 2.070612e+02
      vertex   -1.424910e+02 3.750001e+01 2.070612e+02
      vertex   -1.426494e+02 3.950001e+01 2.071084e+02
    endloop
  endfacet
  facet normal -2.853362e-01 1.667389e-08 -9.584275e-01
    outer loop
      vertex   -1.426494e+02 3.950001e+01 2.071084e+02
      vertex   -1.424910e+02 3.750001e+01 2.070612e+02
      vertex   -1.426494e+02 3.750001e+01 2.071084e+02
    endloop
  endfacet
  facet normal -3.635080e-01 2.124193e-08 -9.315911e-01
    outer loop
      vertex   -1.426494e+02 3.950001e+01 2.071084e+02
      vertex   -1.426494e+02 3.750001e+01 2.071084e+02
      vertex   -1.428034e+02 3.950001e+01 2.071685e+02
    endloop
  endfacet
  facet normal -3.635080e-01 2.124192e-08 -9.315911e-01
    outer loop
      vertex   -1.428034e+02 3.950001e+01 2.071685e+02
      vertex   -1.426494e+02 3.750001e+01 2.071084e+02
      vertex   -1.428034e+02 3.750001e+01 2.071685e+02
    endloop
  endfacet
  facet normal -4.391966e-01 2.566485e-08 -8.983910e-01
    outer loop
      vertex   -1.428034e+02 3.950001e+01 2.071685e+02
      vertex   -1.428034e+02 3.750001e+01 2.071685e+02
      vertex   -1.429519e+02 3.950001e+01 2.072411e+02
    endloop
  endfacet
  facet normal -4.391966e-01 2.566486e-08 -8.983910e-01
    outer loop
      vertex   -1.429519e+02 3.950001e+01 2.072411e+02
      vertex   -1.428034e+02 3.750001e+01 2.071685e+02
      vertex   -1.429519e+02 3.750001e+01 2.072411e+02
    endloop
  endfacet
  facet normal -5.118850e-01 2.991248e-08 -8.590540e-01
    outer loop
      vertex   -1.429519e+02 3.950001e+01 2.072411e+02
      vertex   -1.429519e+02 3.750001e+01 2.072411e+02
      vertex   -1.430939e+02 3.950001e+01 2.073257e+02
    endloop
  endfacet
  facet normal -5.118850e-01 2.991247e-08 -8.590540e-01
    outer loop
      vertex   -1.430939e+02 3.950001e+01 2.073257e+02
      vertex   -1.429519e+02 3.750001e+01 2.072411e+02
      vertex   -1.430939e+02 3.750001e+01 2.073257e+02
    endloop
  endfacet
  facet normal -5.810768e-01 3.395576e-08 -8.138487e-01
    outer loop
      vertex   -1.430939e+02 3.950001e+01 2.073257e+02
      vertex   -1.430939e+02 3.750001e+01 2.073257e+02
      vertex   -1.432284e+02 3.950001e+01 2.074217e+02
    endloop
  endfacet
  facet normal -5.810768e-01 3.395576e-08 -8.138487e-01
    outer loop
      vertex   -1.432284e+02 3.950001e+01 2.074217e+02
      vertex   -1.430939e+02 3.750001e+01 2.073257e+02
      vertex   -1.432284e+02 3.750001e+01 2.074217e+02
    endloop
  endfacet
  facet normal -6.462992e-01 3.776709e-08 -7.630841e-01
    outer loop
      vertex   -1.432284e+02 3.950001e+01 2.074217e+02
      vertex   -1.432284e+02 3.750001e+01 2.074217e+02
      vertex   -1.433546e+02 3.950001e+01 2.075286e+02
    endloop
  endfacet
  facet normal -6.462992e-01 3.776710e-08 -7.630841e-01
    outer loop
      vertex   -1.433546e+02 3.950001e+01 2.075286e+02
      vertex   -1.432284e+02 3.750001e+01 2.074217e+02
      vertex   -1.433546e+02 3.750001e+01 2.075286e+02
    endloop
  endfacet
  facet normal -7.071068e-01 4.132044e-08 -7.071068e-01
    outer loop
      vertex   -1.433546e+02 3.950001e+01 2.075286e+02
      vertex   -1.433546e+02 3.750001e+01 2.075286e+02
      vertex   -1.434714e+02 3.950001e+01 2.076454e+02
    endloop
  endfacet
  facet normal -7.071068e-01 4.132044e-08 -7.071068e-01
    outer loop
      vertex   -1.434714e+02 3.950001e+01 2.076454e+02
      vertex   -1.433546e+02 3.750001e+01 2.075286e+02
      vertex   -1.434714e+02 3.750001e+01 2.076454e+02
    endloop
  endfacet
  facet normal -7.630841e-01 4.459153e-08 -6.462992e-01
    outer loop
      vertex   -1.434714e+02 3.950001e+01 2.076454e+02
      vertex   -1.434714e+02 3.750001e+01 2.076454e+02
      vertex   -1.435783e+02 3.950001e+01 2.077716e+02
    endloop
  endfacet
  facet normal -7.630841e-01 4.459150e-08 -6.462992e-01
    outer loop
      vertex   -1.435783e+02 3.950001e+01 2.077716e+02
      vertex   -1.434714e+02 3.750001e+01 2.076454e+02
      vertex   -1.435783e+02 3.750001e+01 2.077716e+02
    endloop
  endfacet
  facet normal -8.138487e-01 4.755798e-08 -5.810768e-01
    outer loop
      vertex   -1.435783e+02 3.950001e+01 2.077716e+02
      vertex   -1.435783e+02 3.750001e+01 2.077716e+02
      vertex   -1.436743e+02 3.950001e+01 2.079061e+02
    endloop
  endfacet
  facet normal -8.138487e-01 4.755800e-08 -5.810768e-01
    outer loop
      vertex   -1.436743e+02 3.950001e+01 2.079061e+02
      vertex   -1.435783e+02 3.750001e+01 2.077716e+02
      vertex   -1.436743e+02 3.750001e+01 2.079061e+02
    endloop
  endfacet
  facet normal -8.590540e-01 5.019961e-08 -5.118850e-01
    outer loop
      vertex   -1.436743e+02 3.950001e+01 2.079061e+02
      vertex   -1.436743e+02 3.750001e+01 2.079061e+02
      vertex   -1.437589e+02 3.950001e+01 2.080481e+02
    endloop
  endfacet
  facet normal -8.590540e-01 5.019961e-08 -5.118850e-01
    outer loop
      vertex   -1.437589e+02 3.950001e+01 2.080481e+02
      vertex   -1.436743e+02 3.750001e+01 2.079061e+02
      vertex   -1.437589e+02 3.750001e+01 2.080481e+02
    endloop
  endfacet
  facet normal -8.983910e-01 5.249831e-08 -4.391966e-01
    outer loop
      vertex   -1.437589e+02 3.950001e+01 2.080481e+02
      vertex   -1.437589e+02 3.750001e+01 2.080481e+02
      vertex   -1.438315e+02 3.950001e+01 2.081966e+02
    endloop
  endfacet
  facet normal -8.983910e-01 5.249831e-08 -4.391966e-01
    outer loop
      vertex   -1.438315e+02 3.950001e+01 2.081966e+02
      vertex   -1.437589e+02 3.750001e+01 2.080481e+02
      vertex   -1.438315e+02 3.750001e+01 2.081966e+02
    endloop
  endfacet
  facet normal -9.315911e-01 5.443839e-08 -3.635080e-01
    outer loop
      vertex   -1.438315e+02 3.950001e+01 2.081966e+02
      vertex   -1.438315e+02 3.750001e+01 2.081966e+02
      vertex   -1.438916e+02 3.950001e+01 2.083506e+02
    endloop
  endfacet
  facet normal -9.315911e-01 5.443840e-08 -3.635080e-01
    outer loop
      vertex   -1.438916e+02 3.950001e+01 2.083506e+02
      vertex   -1.438315e+02 3.750001e+01 2.081966e+02
      vertex   -1.438916e+02 3.750001e+01 2.083506e+02
    endloop
  endfacet
  facet normal -9.584275e-01 5.600661e-08 -2.853362e-01
    outer loop
      vertex   -1.438916e+02 3.950001e+01 2.083506e+02
      vertex   -1.438916e+02 3.750001e+01 2.083506e+02
      vertex   -1.439388e+02 3.950001e+01 2.085090e+02
    endloop
  endfacet
  facet normal -9.584275e-01 5.600659e-08 -2.853362e-01
    outer loop
      vertex   -1.439388e+02 3.950001e+01 2.085090e+02
      vertex   -1.438916e+02 3.750001e+01 2.083506e+02
      vertex   -1.439388e+02 3.750001e+01 2.085090e+02
    endloop
  endfacet
  facet normal -9.787168e-01 5.719221e-08 -2.052153e-01
    outer loop
      vertex   -1.439388e+02 3.950001e+01 2.085090e+02
      vertex   -1.439388e+02 3.750001e+01 2.085090e+02
      vertex   -1.439727e+02 3.950001e+01 2.086708e+02
    endloop
  endfacet
  facet normal -9.787168e-01 5.719223e-08 -2.052153e-01
    outer loop
      vertex   -1.439727e+02 3.950001e+01 2.086708e+02
      vertex   -1.439388e+02 3.750001e+01 2.085090e+02
      vertex   -1.439727e+02 3.750001e+01 2.086708e+02
    endloop
  endfacet
  facet normal -9.923206e-01 5.798717e-08 -1.236926e-01
    outer loop
      vertex   -1.439727e+02 3.950001e+01 2.086708e+02
      vertex   -1.439727e+02 3.750001e+01 2.086708e+02
      vertex   -1.439932e+02 3.950001e+01 2.088348e+02
    endloop
  endfacet
  facet normal -9.923206e-01 5.798717e-08 -1.236926e-01
    outer loop
      vertex   -1.439932e+02 3.950001e+01 2.088348e+02
      vertex   -1.439727e+02 3.750001e+01 2.086708e+02
      vertex   -1.439932e+02 3.750001e+01 2.088348e+02
    endloop
  endfacet
  facet normal -9.991458e-01 5.838601e-08 -4.132497e-02
    outer loop
      vertex   -1.439932e+02 3.950001e+01 2.088348e+02
      vertex   -1.439932e+02 3.750001e+01 2.088348e+02
      vertex   -1.440000e+02 3.750001e+01 2.090000e+02
    endloop
  endfacet
  facet normal -9.991458e-01 5.838601e-08 -4.132497e-02
    outer loop
      vertex   -1.440000e+02 3.750001e+01 2.090000e+02
      vertex   -1.440000e+02 4.150001e+01 2.090000e+02
      vertex   -1.439932e+02 3.950001e+01 2.088348e+02
    endloop
  endfacet
  facet normal -9.991458e-01 5.838601e-08 -4.132497e-02
    outer loop
      vertex   -1.439932e+02 3.950001e+01 2.088348e+02
      vertex   -1.440000e+02 4.150001e+01 2.090000e+02
      vertex   -1.439932e+02 4.150001e+01 2.088348e+02
    endloop
  endfacet
  facet normal -9.923206e-01 5.798717e-08 -1.236926e-01
    outer loop
      vertex   -1.439932e+02 3.950001e+01 2.088348e+02
      vertex   -1.439932e+02 4.150001e+01 2.088348e+02
      vertex   -1.439727e+02 3.950001e+01 2.086708e+02
    endloop
  endfacet
  facet normal -9.923206e-01 5.798717e-08 -1.236926e-01
    outer loop
      vertex   -1.439727e+02 3.950001e+01 2.086708e+02
      vertex   -1.439932e+02 4.150001e+01 2.088348e+02
      vertex   -1.439727e+02 4.150001e+01 2.086708e+02
    endloop
  endfacet
  facet normal -9.787168e-01 5.719222e-08 -2.052153e-01
    outer loop
      vertex   -1.439727e+02 3.950001e+01 2.086708e+02
      vertex   -1.439727e+02 4.150001e+01 2.086708e+02
      vertex   -1.439388e+02 3.950001e+01 2.085090e+02
    endloop
  endfacet
  facet normal -9.787168e-01 5.719223e-08 -2.052153e-01
    outer loop
      vertex   -1.439388e+02 3.950001e+01 2.085090e+02
      vertex   -1.439727e+02 4.150001e+01 2.086708e+02
      vertex   -1.439388e+02 4.150001e+01 2.085090e+02
    endloop
  endfacet
  facet normal -9.584275e-01 5.600660e-08 -2.853362e-01
    outer loop
      vertex   -1.439388e+02 3.950001e+01 2.085090e+02
      vertex   -1.439388e+02 4.150001e+01 2.085090e+02
      vertex   -1.438916e+02 3.950001e+01 2.083506e+02
    endloop
  endfacet
  facet normal -9.584275e-01 5.600659e-08 -2.853362e-01
    outer loop
      vertex   -1.438916e+02 3.950001e+01 2.083506e+02
      vertex   -1.439388e+02 4.150001e+01 2.085090e+02
      vertex   -1.438916e+02 4.150001e+01 2.083506e+02
    endloop
  endfacet
  facet normal -9.315911e-01 5.443838e-08 -3.635080e-01
    outer loop
      vertex   -1.438916e+02 3.950001e+01 2.083506e+02
      vertex   -1.438916e+02 4.150001e+01 2.083506e+02
      vertex   -1.438315e+02 3.950001e+01 2.081966e+02
    endloop
  endfacet
  facet normal -9.315911e-01 5.443839e-08 -3.635080e-01
    outer loop
      vertex   -1.438315e+02 3.950001e+01 2.081966e+02
      vertex   -1.438916e+02 4.150001e+01 2.083506e+02
      vertex   -1.438315e+02 4.150001e+01 2.081966e+02
    endloop
  endfacet
  facet normal -8.983910e-01 5.249831e-08 -4.391966e-01
    outer loop
      vertex   -1.438315e+02 3.950001e+01 2.081966e+02
      vertex   -1.438315e+02 4.150001e+01 2.081966e+02
      vertex   -1.437589e+02 3.950001e+01 2.080481e+02
    endloop
  endfacet
  facet normal -8.983910e-01 5.249831e-08 -4.391966e-01
    outer loop
      vertex   -1.437589e+02 3.950001e+01 2.080481e+02
      vertex   -1.438315e+02 4.150001e+01 2.081966e+02
      vertex   -1.437589e+02 4.150001e+01 2.080481e+02
    endloop
  endfacet
  facet normal -8.590540e-01 5.019961e-08 -5.118850e-01
    outer loop
      vertex   -1.437589e+02 3.950001e+01 2.080481e+02
      vertex   -1.437589e+02 4.150001e+01 2.080481e+02
      vertex   -1.436743e+02 3.950001e+01 2.079061e+02
    endloop
  endfacet
  facet normal -8.590540e-01 5.019961e-08 -5.118850e-01
    outer loop
      vertex   -1.436743e+02 3.950001e+01 2.079061e+02
      vertex   -1.437589e+02 4.150001e+01 2.080481e+02
      vertex   -1.436743e+02 4.150001e+01 2.079061e+02
    endloop
  endfacet
  facet normal -8.138487e-01 4.755800e-08 -5.810768e-01
    outer loop
      vertex   -1.436743e+02 3.950001e+01 2.079061e+02
      vertex   -1.436743e+02 4.150001e+01 2.079061e+02
      vertex   -1.435783e+02 3.950001e+01 2.077716e+02
    endloop
  endfacet
  facet normal -8.138487e-01 4.755800e-08 -5.810768e-01
    outer loop
      vertex   -1.435783e+02 3.950001e+01 2.077716e+02
      vertex   -1.436743e+02 4.150001e+01 2.079061e+02
      vertex   -1.435783e+02 4.150001e+01 2.077716e+02
    endloop
  endfacet
  facet normal -7.630841e-01 4.459153e-08 -6.462992e-01
    outer loop
      vertex   -1.435783e+02 3.950001e+01 2.077716e+02
      vertex   -1.435783e+02 4.150001e+01 2.077716e+02
      vertex   -1.434714e+02 3.950001e+01 2.076454e+02
    endloop
  endfacet
  facet normal -7.630841e-01 4.459153e-08 -6.462992e-01
    outer loop
      vertex   -1.434714e+02 3.950001e+01 2.076454e+02
      vertex   -1.435783e+02 4.150001e+01 2.077716e+02
      vertex   -1.434714e+02 4.150001e+01 2.076454e+02
    endloop
  endfacet
  facet normal -7.071068e-01 4.132044e-08 -7.071068e-01
    outer loop
      vertex   -1.434714e+02 3.950001e+01 2.076454e+02
      vertex   -1.434714e+02 4.150001e+01 2.076454e+02
      vertex   -1.433546e+02 3.950001e+01 2.075286e+02
    endloop
  endfacet
  facet normal -7.071068e-01 4.132044e-08 -7.071068e-01
    outer loop
      vertex   -1.433546e+02 3.950001e+01 2.075286e+02
      vertex   -1.434714e+02 4.150001e+01 2.076454e+02
      vertex   -1.433546e+02 4.150001e+01 2.075286e+02
    endloop
  endfacet
  facet normal -6.462992e-01 3.776710e-08 -7.630841e-01
    outer loop
      vertex   -1.433546e+02 3.950001e+01 2.075286e+02
      vertex   -1.433546e+02 4.150001e+01 2.075286e+02
      vertex   -1.432284e+02 3.950001e+01 2.074217e+02
    endloop
  endfacet
  facet normal -6.462992e-01 3.776710e-08 -7.630841e-01
    outer loop
      vertex   -1.432284e+02 3.950001e+01 2.074217e+02
      vertex   -1.433546e+02 4.150001e+01 2.075286e+02
      vertex   -1.432284e+02 4.150001e+01 2.074217e+02
    endloop
  endfacet
  facet normal -5.810768e-01 3.395577e-08 -8.138487e-01
    outer loop
      vertex   -1.432284e+02 3.950001e+01 2.074217e+02
      vertex   -1.432284e+02 4.150001e+01 2.074217e+02
      vertex   -1.430939e+02 3.950001e+01 2.073257e+02
    endloop
  endfacet
  facet normal -5.810768e-01 3.395576e-08 -8.138487e-01
    outer loop
      vertex   -1.430939e+02 3.950001e+01 2.073257e+02
      vertex   -1.432284e+02 4.150001e+01 2.074217e+02
      vertex   -1.430939e+02 4.150001e+01 2.073257e+02
    endloop
  endfacet
  facet normal -5.118850e-01 2.991248e-08 -8.590540e-01
    outer loop
      vertex   -1.430939e+02 3.950001e+01 2.073257e+02
      vertex   -1.430939e+02 4.150001e+01 2.073257e+02
      vertex   -1.429519e+02 3.950001e+01 2.072411e+02
    endloop
  endfacet
  facet normal -5.118850e-01 2.991248e-08 -8.590540e-01
    outer loop
      vertex   -1.429519e+02 3.950001e+01 2.072411e+02
      vertex   -1.430939e+02 4.150001e+01 2.073257e+02
      vertex   -1.429519e+02 4.150001e+01 2.072411e+02
    endloop
  endfacet
  facet normal -4.391966e-01 2.566486e-08 -8.983910e-01
    outer loop
      vertex   -1.429519e+02 3.950001e+01 2.072411e+02
      vertex   -1.429519e+02 4.150001e+01 2.072411e+02
      vertex   -1.428034e+02 3.950001e+01 2.071685e+02
    endloop
  endfacet
  facet normal -4.391966e-01 2.566486e-08 -8.983910e-01
    outer loop
      vertex   -1.428034e+02 3.950001e+01 2.071685e+02
      vertex   -1.429519e+02 4.150001e+01 2.072411e+02
      vertex   -1.428034e+02 4.150001e+01 2.071685e+02
    endloop
  endfacet
  facet normal -3.635080e-01 2.124193e-08 -9.315911e-01
    outer loop
      vertex   -1.428034e+02 3.950001e+01 2.071685e+02
      vertex   -1.428034e+02 4.150001e+01 2.071685e+02
      vertex   -1.426494e+02 3.950001e+01 2.071084e+02
    endloop
  endfacet
  facet normal -3.635080e-01 2.124193e-08 -9.315911e-01
    outer loop
      vertex   -1.426494e+02 3.950001e+01 2.071084e+02
      vertex   -1.428034e+02 4.150001e+01 2.071685e+02
      vertex   -1.426494e+02 4.150001e+01 2.071084e+02
    endloop
  endfacet
  facet normal -2.853362e-01 1.667389e-08 -9.584275e-01
    outer loop
      vertex   -1.426494e+02 3.950001e+01 2.071084e+02
      vertex   -1.426494e+02 4.150001e+01 2.071084e+02
      vertex   -1.424910e+02 3.950001e+01 2.070612e+02
    endloop
  endfacet
  facet normal -2.853362e-01 1.667389e-08 -9.584275e-01
    outer loop
      vertex   -1.424910e+02 3.950001e+01 2.070612e+02
      vertex   -1.426494e+02 4.150001e+01 2.071084e+02
      vertex   -1.424910e+02 4.150001e+01 2.070612e+02
    endloop
  endfacet
  facet normal -2.052153e-01 1.199195e-08 -9.787168e-01
    outer loop
      vertex   -1.424910e+02 3.950001e+01 2.070612e+02
      vertex   -1.424910e+02 4.150001e+01 2.070612e+02
      vertex   -1.423292e+02 3.950001e+01 2.070273e+02
    endloop
  endfacet
  facet normal -2.052153e-01 1.199195e-08 -9.787168e-01
    outer loop
      vertex   -1.423292e+02 3.950001e+01 2.070273e+02
      vertex   -1.424910e+02 4.150001e+01 2.070612e+02
      vertex   -1.423292e+02 4.150001e+01 2.070273e+02
    endloop
  endfacet
  facet normal -1.236926e-01 7.228094e-09 -9.923206e-01
    outer loop
      vertex   -1.423292e+02 3.950001e+01 2.070273e+02
      vertex   -1.423292e+02 4.150001e+01 2.070273e+02
      vertex   -1.421652e+02 3.950001e+01 2.070068e+02
    endloop
  endfacet
  facet normal -1.236926e-01 7.228095e-09 -9.923206e-01
    outer loop
      vertex   -1.421652e+02 3.950001e+01 2.070068e+02
      vertex   -1.423292e+02 4.150001e+01 2.070273e+02
      vertex   -1.421652e+02 4.150001e+01 2.070068e+02
    endloop
  endfacet
  facet normal -4.132497e-02 2.414864e-09 -9.991458e-01
    outer loop
      vertex   -1.421652e+02 3.950001e+01 2.070068e+02
      vertex   -1.421652e+02 4.150001e+01 2.070068e+02
      vertex   -1.420000e+02 4.150001e+01 2.070000e+02
    endloop
  endfacet
  facet normal 0.000000e+00 0.000000e+00 -1.000000e+00
    outer loop
      vertex   -1.420000e+02 3.750001e+01 2.070000e+02
      vertex   -1.420000e+02 4.150001e+01 2.070000e+02
      vertex   -1.400000e+02 3.750001e+01 2.070000e+02
    endloop
  endfacet
  facet normal 0.000000e+00 0.000000e+00 -1.000000e+00
    outer loop
      vertex   -1.400000e+02 3.750001e+01 2.070000e+02
      vertex   -1.420000e+02 4.150001e+01 2.070000e+02
      vertex   -1.400000e+02 4.150001e+01 2.070000e+02
    endloop
  endfacet
  facet normal 4.132497e-02 -2.414863e-09 -9.991458e-01
    outer loop
      vertex   -1.400000e+02 3.750001e+01 2.070000e+02
      vertex   -1.400000e+02 4.150001e+01 2.070000e+02
      vertex   -1.398348e+02 3.950001e+01 2.070068e+02
    endloop
  endfacet
  facet normal 4.132497e-02 -2.414849e-09 -9.991458e-01
    outer loop
      vertex   -1.398348e+02 3.950001e+01 2.070068e+02
      vertex   -1.400000e+02 4.150001e+01 2.070000e+02
      vertex   -1.398348e+02 4.150001e+01 2.070068e+02
    endloop
  endfacet
  facet normal 1.236926e-01 -7.228078e-09 -9.923206e-01
    outer loop
      vertex   -1.398348e+02 3.950001e+01 2.070068e+02
      vertex   -1.398348e+02 4.150001e+01 2.070068e+02
      vertex   -1.396708e+02 3.950001e+01 2.070273e+02
    endloop
  endfacet
  facet normal 1.236926e-01 -7.228092e-09 -9.923206e-01
    outer loop
      vertex   -1.396708e+02 3.950001e+01 2.070273e+02
      vertex   -1.398348e+02 4.150001e+01 2.070068e+02
      vertex   -1.396708e+02 4.150001e+01 2.070273e+02
    endloop
  endfacet
  facet normal 2.052153e-01 -1.199195e-08 -9.787168e-01
    outer loop
      vertex   -1.396708e+02 3.950001e+01 2.070273e+02
      vertex   -1.396708e+02 4.150001e+01 2.070273e+02
      vertex   -1.395090e+02 3.950001e+01 2.070612e+02
    endloop
  endfacet
  facet normal 2.052153e-01 -1.199195e-08 -9.787168e-01
    outer loop
      vertex   -1.395090e+02 3.950001e+01 2.070612e+02
      vertex   -1.396708e+02 4.150001e+01 2.070273e+02
      vertex   -1.395090e+02 4.150001e+01 2.070612e+02
    endloop
  endfacet
  facet normal 2.853362e-01 -1.667388e-08 -9.584275e-01
    outer loop
      vertex   -1.395090e+02 3.950001e+01 2.070612e+02
      vertex   -1.395090e+02 4.150001e+01 2.070612e+02
      vertex   -1.393506e+02 3.950001e+01 2.071084e+02
    endloop
  endfacet
  facet normal 2.853362e-01 -1.667389e-08 -9.584275e-01
    outer loop
      vertex   -1.393506e+02 3.950001e+01 2.071084e+02
      vertex   -1.395090e+02 4.150001e+01 2.070612e+02
      vertex   -1.393506e+02 4.150001e+01 2.071084e+02
    endloop
  endfacet
  facet normal 3.635080e-01 -2.124193e-08 -9.315911e-01
    outer loop
      vertex   -1.393506e+02 3.950001e+01 2.071084e+02
      vertex   -1.393506e+02 4.150001e+01 2.071084e+02
      vertex   -1.391966e+02 3.950001e+01 2.071685e+02
    endloop
  endfacet
  facet normal 3.635080e-01 -2.124193e-08 -9.315911e-01
    outer loop
      vertex   -1.391966e+02 3.950001e+01 2.071685e+02
      vertex   -1.393506e+02 4.150001e+01 2.071084e+02
      vertex   -1.391966e+02 4.150001e+01 2.071685e+02
    endloop
  endfacet
  facet normal 4.391966e-01 -2.566486e-08 -8.983910e-01
    outer loop
      vertex   -1.391966e+02 3.950001e+01 2.071685e+02
      vertex   -1.391966e+02 4.150001e+01 2.071685e+02
      vertex   -1.390481e+02 3.950001e+01 2.072411e+02
    endloop
  endfacet
  facet normal 4.391966e-01 -2.566486e-08 -8.983910e-01
    outer loop
      vertex   -1.390481e+02 3.950001e+01 2.072411e+02
      vertex   -1.391966e+02 4.150001e+01 2.071685e+02
      vertex   -1.390481e+02 4.150001e+01 2.072411e+02
    endloop
  endfacet
  facet normal 5.118850e-01 -2.991247e-08 -8.590540e-01
    outer loop
      vertex   -1.390481e+02 3.950001e+01 2.072411e+02
      vertex   -1.390481e+02 4.150001e+01 2.072411e+02
      vertex   -1.389061e+02 3.950001e+01 2.073257e+02
    endloop
  endfacet
  facet normal 5.118850e-01 -2.991248e-08 -8.590540e-01
    outer loop
      vertex   -1.389061e+02 3.950001e+01 2.073257e+02
      vertex   -1.390481e+02 4.150001e+01 2.072411e+02
      vertex   -1.389061e+02 4.150001e+01 2.073257e+02
    endloop
  endfacet
  facet normal 5.810768e-01 -3.395576e-08 -8.138487e-01
    outer loop
      vertex   -1.389061e+02 3.950001e+01 2.073257e+02
      vertex   -1.389061e+02 4.150001e+01 2.073257e+02
      vertex   -1.387716e+02 3.950001e+01 2.074217e+02
    endloop
  endfacet
  facet normal 5.810768e-01 -3.395576e-08 -8.138487e-01
    outer loop
      vertex   -1.387716e+02 3.950001e+01 2.074217e+02
      vertex   -1.389061e+02 4.150001e+01 2.073257e+02
      vertex   -1.387716e+02 4.150001e+01 2.074217e+02
    endloop
  endfacet
  facet normal 6.462992e-01 -3.776709e-08 -7.630841e-01
    outer loop
      vertex   -1.387716e+02 3.950001e+01 2.074217e+02
      vertex   -1.387716e+02 4.150001e+01 2.074217e+02
      vertex   -1.386454e+02 3.950001e+01 2.075286e+02
    endloop
  endfacet
  facet normal 6.462992e-01 -3.776710e-08 -7.630841e-01
    outer loop
      vertex   -1.386454e+02 3.950001e+01 2.075286e+02
      vertex   -1.387716e+02 4.150001e+01 2.074217e+02
      vertex   -1.386454e+02 4.150001e+01 2.075286e+02
    endloop
  endfacet
  facet normal 7.071068e-01 -4.132044e-08 -7.071068e-01
    outer loop
      vertex   -1.386454e+02 3.950001e+01 2.075286e+02
      vertex   -1.386454e+02 4.150001e+01 2.075286e+02
      vertex   -1.385286e+02 3.950001e+01 2.076454e+02
    endloop
  endfacet
  facet normal 7.071068e-01 -4.132044e-08 -7.071068e-01
    outer loop
      vertex   -1.385286e+02 3.950001e+01 2.076454e+02
      vertex   -1.386454e+02 4.150001e+01 2.075286e+02
      vertex   -1.385286e+02 4.150001e+01 2.076454e+02
    endloop
  endfacet
  facet normal 7.630841e-01 -4.459153e-08 -6.462992e-01
    outer loop
      vertex   -1.385286e+02 3.950001e+01 2.076454e+02
      vertex   -1.385286e+02 4.150001e+01 2.076454e+02
      vertex   -1.384217e+02 3.950001e+01 2.077716e+02
    endloop
  endfacet
  facet normal 7.630841e-01 -4.459152e-08 -6.462992e-01
    outer loop
      vertex   -1.384217e+02 3.950001e+01 2.077716e+02
      vertex   -1.385286e+02 4.150001e+01 2.076454e+02
      vertex   -1.384217e+02 4.150001e+01 2.077716e+02
    endloop
  endfacet
  facet normal 8.138487e-01 -4.755800e-08 -5.810768e-01
    outer loop
      vertex   -1.384217e+02 3.950001e+01 2.077716e+02
      vertex   -1.384217e+02 4.150001e+01 2.077716e+02
      vertex   -1.383257e+02 3.950001e+01 2.079061e+02
    endloop
  endfacet
  facet normal 8.138487e-01 -4.755801e-08 -5.810768e-01
    outer loop
      vertex   -1.383257e+02 3.950001e+01 2.079061e+02
      vertex   -1.384217e+02 4.150001e+01 2.077716e+02
      vertex   -1.383257e+02 4.150001e+01 2.079061e+02
    endloop
  endfacet
  facet normal 8.590540e-01 -5.019962e-08 -5.118850e-01
    outer loop
      vertex   -1.383257e+02 3.950001e+01 2.079061e+02
      vertex   -1.383257e+02 4.150001e+01 2.079061e+02
      vertex   -1.382411e+02 3.950001e+01 2.080481e+02
    endloop
  endfacet
  facet normal 8.590540e-01 -5.019962e-08 -5.118850e-01
    outer loop
      vertex   -1.382411e+02 3.950001e+01 2.080481e+02
      vertex   -1.383257e+02 4.150001e+01 2.079061e+02
      vertex   -1.382411e+02 4.150001e+01 2.080481e+02
    endloop
  endfacet
  facet normal 8.983910e-01 -5.249831e-08 -4.391966e-01
    outer loop
      vertex   -1.382411e+02 3.950001e+01 2.080481e+02
      vertex   -1.382411e+02 4.150001e+01 2.080481e+02
      vertex   -1.381685e+02 3.950001e+01 2.081966e+02
    endloop
  endfacet
  facet normal 8.983910e-01 -5.249831e-08 -4.391966e-01
    outer loop
      vertex   -1.381685e+02 3.950001e+01 2.081966e+02
      vertex   -1.382411e+02 4.150001e+01 2.080481e+02
      vertex   -1.381685e+02 4.150001e+01 2.081966e+02
    endloop
  endfacet
  facet normal 9.315911e-01 -5.443839e-08 -3.635080e-01
    outer loop
      vertex   -1.381685e+02 3.950001e+01 2.081966e+02
      vertex   -1.381685e+02 4.150001e+01 2.081966e+02
      vertex   -1.381084e+02 3.950001e+01 2.083506e+02
    endloop
  endfacet
  facet normal 9.315911e-01 -5.443839e-08 -3.635080e-01
    outer loop
      vertex   -1.381084e+02 3.950001e+01 2.083506e+02
      vertex   -1.381685e+02 4.150001e+01 2.081966e+02
      vertex   -1.381084e+02 4.150001e+01 2.083506e+02
    endloop
  endfacet
  facet normal 9.584275e-01 -5.600660e-08 -2.853362e-01
    outer loop
      vertex   -1.381084e+02 3.950001e+01 2.083506e+02
      vertex   -1.381084e+02 4.150001e+01 2.083506e+02
      vertex   -1.380612e+02 3.950001e+01 2.085090e+02
    endloop
  endfacet
  facet normal 9.584275e-01 -5.600659e-08 -2.853362e-01
    outer loop
      vertex   -1.380612e+02 3.950001e+01 2.085090e+02
      vertex   -1.381084e+02 4.150001e+01 2.083506e+02
      vertex   -1.380612e+02 4.150001e+01 2.085090e+02
    endloop
  endfacet
  facet normal 9.787168e-01 -5.719222e-08 -2.052153e-01
    outer loop
      vertex   -1.380612e+02 3.950001e+01 2.085090e+02
      vertex   -1.380612e+02 4.150001e+01 2.085090e+02
      vertex   -1.380273e+02 3.950001e+01 2.086708e+02
    endloop
  endfacet
  facet normal 9.787168e-01 -5.719224e-08 -2.052153e-01
    outer loop
      vertex   -1.380273e+02 3.950001e+01 2.086708e+02
      vertex   -1.380612e+02 4.150001e+01 2.085090e+02
      vertex   -1.380273e+02 4.150001e+01 2.086708e+02
    endloop
  endfacet
  facet normal 9.923206e-01 -5.798718e-08 -1.236926e-01
    outer loop
      vertex   -1.380273e+02 3.950001e+01 2.086708e+02
      vertex   -1.380273e+02 4.150001e+01 2.086708e+02
      vertex   -1.380068e+02 3.950001e+01 2.088348e+02
    endloop
  endfacet
  facet normal 9.923206e-01 -5.798716e-08 -1.236926e-01
    outer loop
      vertex   -1.380068e+02 3.950001e+01 2.088348e+02
      vertex   -1.380273e+02 4.150001e+01 2.086708e+02
      vertex   -1.380068e+02 4.150001e+01 2.088348e+02
    endloop
  endfacet
  facet normal 9.991458e-01 -5.838600e-08 -4.132497e-02
    outer loop
      vertex   -1.380068e+02 3.950001e+01 2.088348e+02
      vertex   -1.380068e+02 4.150001e+01 2.088348e+02
      vertex   -1.380000e+02 4.150001e+01 2.090000e+02
    endloop
  endfacet
  facet normal 9.991458e-01 -5.838602e-08 -4.132497e-02
    outer loop
      vertex   -1.380000e+02 4.150001e+01 2.090000e+02
      vertex   -1.380000e+02 3.750001e+01 2.090000e+02
      vertex   -1.380068e+02 3.950001e+01 2.088348e+02
    endloop
  endfacet
  facet normal 9.991458e-01 -5.838602e-08 -4.132497e-02
    outer loop
      vertex   -1.380068e+02 3.950001e+01 2.088348e+02
      vertex   -1.380000e+02 3.750001e+01 2.090000e+02
      vertex   -1.380068e+02 3.750001e+01 2.088348e+02
    endloop
  endfacet
  facet normal 9.923206e-01 -5.798718e-08 -1.236926e-01
    outer loop
      vertex   -1.380068e+02 3.950001e+01 2.088348e+02
      vertex   -1.380068e+02 3.750001e+01 2.088348e+02
      vertex   -1.380273e+02 3.950001e+01 2.086708e+02
    endloop
  endfacet
  facet normal 9.923206e-01 -5.798718e-08 -1.236926e-01
    outer loop
      vertex   -1.380273e+02 3.950001e+01 2.086708e+02
      vertex   -1.380068e+02 3.750001e+01 2.088348e+02
      vertex   -1.380273e+02 3.750001e+01 2.086708e+02
    endloop
  endfacet
  facet normal 9.787168e-01 -5.719223e-08 -2.052153e-01
    outer loop
      vertex   -1.380273e+02 3.950001e+01 2.086708e+02
      vertex   -1.380273e+02 3.750001e+01 2.086708e+02
      vertex   -1.380612e+02 3.950001e+01 2.085090e+02
    endloop
  endfacet
  facet normal 9.787168e-01 -5.719223e-08 -2.052153e-01
    outer loop
      vertex   -1.380612e+02 3.950001e+01 2.085090e+02
      vertex   -1.380273e+02 3.750001e+01 2.086708e+02
      vertex   -1.380612e+02 3.750001e+01 2.085090e+02
    endloop
  endfacet
  facet normal 9.584275e-01 -5.600661e-08 -2.853362e-01
    outer loop
      vertex   -1.380612e+02 3.950001e+01 2.085090e+02
      vertex   -1.380612e+02 3.750001e+01 2.085090e+02
      vertex   -1.381084e+02 3.950001e+01 2.083506e+02
    endloop
  endfacet
  facet normal 9.584275e-01 -5.600661e-08 -2.853362e-01
    outer loop
      vertex   -1.381084e+02 3.950001e+01 2.083506e+02
      vertex   -1.380612e+02 3.750001e+01 2.085090e+02
      vertex   -1.381084e+02 3.750001e+01 2.083506e+02
    endloop
  endfacet
  facet normal 9.315911e-01 -5.443840e-08 -3.635080e-01
    outer loop
      vertex   -1.381084e+02 3.950001e+01 2.083506e+02
      vertex   -1.381084e+02 3.750001e+01 2.083506e+02
      vertex   -1.381685e+02 3.950001e+01 2.081966e+02
    endloop
  endfacet
  facet normal 9.315911e-01 -5.443838e-08 -3.635080e-01
    outer loop
      vertex   -1.381685e+02 3.950001e+01 2.081966e+02
      vertex   -1.381084e+02 3.750001e+01 2.083506e+02
      vertex   -1.381685e+02 3.750001e+01 2.081966e+02
    endloop
  endfacet
  facet normal 8.983910e-01 -5.249830e-08 -4.391966e-01
    outer loop
      vertex   -1.381685e+02 3.950001e+01 2.081966e+02
      vertex   -1.381685e+02 3.750001e+01 2.081966e+02
      vertex   -1.382411e+02 3.950001e+01 2.080481e+02
    endloop
  endfacet
  facet normal 8.983910e-01 -5.249832e-08 -4.391966e-01
    outer loop
      vertex   -1.382411e+02 3.950001e+01 2.080481e+02
      vertex   -1.381685e+02 3.750001e+01 2.081966e+02
      vertex   -1.382411e+02 3.750001e+01 2.080481e+02
    endloop
  endfacet
  facet normal 8.590540e-01 -5.019962e-08 -5.118850e-01
    outer loop
      vertex   -1.382411e+02 3.950001e+01 2.080481e+02
      vertex   -1.382411e+02 3.750001e+01 2.080481e+02
      vertex   -1.383257e+02 3.950001e+01 2.079061e+02
    endloop
  endfacet
  facet normal 8.590540e-01 -5.019962e-08 -5.118850e-01
    outer loop
      vertex   -1.383257e+02 3.950001e+01 2.079061e+02
      vertex   -1.382411e+02 3.750001e+01 2.080481e+02
      vertex   -1.383257e+02 3.750001e+01 2.079061e+02
    endloop
  endfacet
  facet normal 8.138487e-01 -4.755801e-08 -5.810768e-01
    outer loop
      vertex   -1.383257e+02 3.950001e+01 2.079061e+02
      vertex   -1.383257e+02 3.750001e+01 2.079061e+02
      vertex   -1.384217e+02 3.950001e+01 2.077716e+02
    endloop
  endfacet
  facet normal 8.138487e-01 -4.755803e-08 -5.810768e-01
    outer loop
      vertex   -1.384217e+02 3.950001e+01 2.077716e+02
      vertex   -1.383257e+02 3.750001e+01 2.079061e+02
      vertex   -1.384217e+02 3.750001e+01 2.077716e+02
    endloop
  endfacet
  facet normal 7.630841e-01 -4.459155e-08 -6.462992e-01
    outer loop
      vertex   -1.384217e+02 3.950001e+01 2.077716e+02
      vertex   -1.384217e+02 3.750001e+01 2.077716e+02
      vertex   -1.385286e+02 3.950001e+01 2.076454e+02
    endloop
  endfacet
  facet normal 7.630841e-01 -4.459152e-08 -6.462992e-01
    outer loop
      vertex   -1.385286e+02 3.950001e+01 2.076454e+02
      vertex   -1.384217e+02 3.750001e+01 2.077716e+02
      vertex   -1.385286e+02 3.750001e+01 2.076454e+02
    endloop
  endfacet
  facet normal 7.071068e-01 -4.132043e-08 -7.071068e-01
    outer loop
      vertex   -1.385286e+02 3.950001e+01 2.076454e+02
      vertex   -1.385286e+02 3.750001e+01 2.076454e+02
      vertex   -1.386454e+02 3.950001e+01 2.075286e+02
    endloop
  endfacet
  facet normal 7.071068e-01 -4.132043e-08 -7.071068e-01
    outer loop
      vertex   -1.386454e+02 3.950001e+01 2.075286e+02
      vertex   -1.385286e+02 3.750001e+01 2.076454e+02
      vertex   -1.386454e+02 3.750001e+01 2.075286e+02
    endloop
  endfacet
  facet normal 6.462992e-01 -3.776709e-08 -7.630841e-01
    outer loop
      vertex   -1.386454e+02 3.950001e+01 2.075286e+02
      vertex   -1.386454e+02 3.750001e+01 2.075286e+02
      vertex   -1.387716e+02 3.950001e+01 2.074217e+02
    endloop
  endfacet
  facet normal 6.462992e-01 -3.776710e-08 -7.630841e-01
    outer loop
      vertex   -1.387716e+02 3.950001e+01 2.074217e+02
      vertex   -1.386454e+02 3.750001e+01 2.075286e+02
      vertex   -1.387716e+02 3.750001e+01 2.074217e+02
    endloop
  endfacet
  facet normal 5.810768e-01 -3.395577e-08 -8.138487e-01
    outer loop
      vertex   -1.387716e+02 3.950001e+01 2.074217e+02
      vertex   -1.387716e+02 3.750001e+01 2.074217e+02
      vertex   -1.389061e+02 3.950001e+01 2.073257e+02
    endloop
  endfacet
  facet normal 5.810768e-01 -3.395576e-08 -8.138487e-01
    outer loop
      vertex   -1.389061e+02 3.950001e+01 2.073257e+02
      vertex   -1.387716e+02 3.750001e+01 2.074217e+02
      vertex   -1.389061e+02 3.750001e+01 2.073257e+02
    endloop
  endfacet
  facet normal 5.118850e-01 -2.991247e-08 -8.590540e-01
    outer loop
      vertex   -1.389061e+02 3.950001e+01 2.073257e+02
      vertex   -1.389061e+02 3.750001e+01 2.073257e+02
      vertex   -1.390481e+02 3.950001e+01 2.072411e+02
    endloop
  endfacet
  facet normal 5.118850e-01 -2.991249e-08 -8.590540e-01
    outer loop
      vertex   -1.390481e+02 3.950001e+01 2.072411e+02
      vertex   -1.389061e+02 3.750001e+01 2.073257e+02
      vertex   -1.390481e+02 3.750001e+01 2.072411e+02
    endloop
  endfacet
  facet normal 4.391966e-01 -2.566487e-08 -8.983910e-01
    outer loop
      vertex   -1.390481e+02 3.950001e+01 2.072411e+02
      vertex   -1.390481e+02 3.750001e+01 2.072411e+02
      vertex   -1.391966e+02 3.950001e+01 2.071685e+02
    endloop
  endfacet
  facet normal 4.391966e-01 -2.566486e-08 -8.983910e-01
    outer loop
      vertex   -1.391966e+02 3.950001e+01 2.071685e+02
      vertex   -1.390481e+02 3.750001e+01 2.072411e+02
      vertex   -1.391966e+02 3.750001e+01 2.071685e+02
    endloop
  endfacet
  facet normal 3.635080e-01 -2.124193e-08 -9.315911e-01
    outer loop
      vertex   -1.391966e+02 3.950001e+01 2.071685e+02
      vertex   -1.391966e+02 3.750001e+01 2.071685e+02
      vertex   -1.393506e+02 3.950001e+01 2.071084e+02
    endloop
  endfacet
  facet normal 3.635080e-01 -2.124193e-08 -9.315911e-01
    outer loop
      vertex   -1.393506e+02 3.950001e+01 2.071084e+02
      vertex   -1.391966e+02 3.750001e+01 2.071685e+02
      vertex   -1.393506e+02 3.750001e+01 2.071084e+02
    endloop
  endfacet
  facet normal 2.853362e-01 -1.667389e-08 -9.584275e-01
    outer loop
      vertex   -1.393506e+02 3.950001e+01 2.071084e+02
      vertex   -1.393506e+02 3.750001e+01 2.071084e+02
      vertex   -1.395090e+02 3.950001e+01 2.070612e+02
    endloop
  endfacet
  facet normal 2.853362e-01 -1.667389e-08 -9.584275e-01
    outer loop
      vertex   -1.395090e+02 3.950001e+01 2.070612e+02
      vertex   -1.393506e+02 3.750001e+01 2.071084e+02
      vertex   -1.395090e+02 3.750001e+01 2.070612e+02
    endloop
  endfacet
  facet normal 2.052153e-01 -1.199195e-08 -9.787168e-01
    outer loop
      vertex   -1.395090e+02 3.950001e+01 2.070612e+02
      vertex   -1.395090e+02 3.750001e+01 2.070612e+02
      vertex   -1.396708e+02 3.950001e+01 2.070273e+02
    endloop
  endfacet
  facet normal 2.052153e-01 -1.199195e-08 -9.787168e-01
    outer loop
      vertex   -1.396708e+02 3.950001e+01 2.070273e+02
      vertex   -1.395090e+02 3.750001e+01 2.070612e+02
      vertex   -1.396708e+02 3.750001e+01 2.070273e+02
    endloop
  endfacet
  facet normal 1.236926e-01 -7.228094e-09 -9.923206e-01
    outer loop
      vertex   -1.396708e+02 3.950001e+01 2.070273e+02
      vertex   -1.396708e+02 3.750001e+01 2.070273e+02
      vertex   -1.398348e+02 3.950001e+01 2.070068e+02
    endloop
  endfacet
  facet normal 1.236926e-01 -7.228110e-09 -9.923206e-01
    outer loop
      vertex   -1.398348e+02 3.950001e+01 2.070068e+02
      vertex   -1.396708e+02 3.750001e+01 2.070273e+02
      vertex   -1.398348e+02 3.750001e+01 2.070068e+02
    endloop
  endfacet
  facet normal 4.132497e-02 -2.414878e-09 -9.991458e-01
    outer loop
      vertex   -1.398348e+02 3.950001e+01 2.070068e+02
      vertex   -1.398348e+02 3.750001e+01 2.070068e+02
      vertex   -1.400000e+02 3.750001e+01 2.070000e+02
    endloop
  endfacet
  facet normal 0.000000e+00 1.000000e+00 -0.000000e+00
    outer loop
      vertex   -1.400000e+02 3.750001e+01 2.020000e+02
      vertex   -1.560000e+02 3.750001e+01 2.020000e+02
      vertex   -1.398348e+02 3.750001e+01 2.020068e+02
    endloop
  endfacet
  facet normal 0.000000e+00 1.000000e+00 0.000000e+00
    outer loop
      vertex   -1.398348e+02 3.750001e+01 2.020068e+02
      vertex   -1.560000e+02 3.750001e+01 2.020000e+02
      vertex   -1.561652e+02 3.750001e+01 2.020068e+02
    endloop
  endfacet
  facet normal 0.000000e+00 1.000000e+00 -0.000000e+00
    outer loop
      vertex   -1.398348e+02 3.750001e+01 2.020068e+02
      vertex   -1.561652e+02 3.750001e+01 2.020068e+02
      vertex   -1.396708e+02 3.750001e+01 2.020273e+02
    endloop
  endfacet
  facet normal 0.000000e+00 1.000000e+00 0.000000e+00
    outer loop
      vertex   -1.396708e+02 3.750001e+01 2.020273e+02
      vertex   -1.561652e+02 3.750001e+01 2.020068e+02
      vertex   -1.563292e+02 3.750001e+01 2.020273e+02
    endloop
  endfacet
  facet normal 0.000000e+00 1.000000e+00 -0.000000e+00
    outer loop
      vertex   -1.396708e+02 3.750001e+01 2.020273e+02
      vertex   -1.563292e+02 3.750001e+01 2.020273e+02
      vertex   -1.395090e+02 3.750001e+01 2.020612e+02
    endloop
  endfacet
  facet normal 0.000000e+00 1.000000e+00 0.000000e+00
    outer loop
      vertex   -1.395090e+02 3.750001e+01 2.020612e+02
      vertex   -1.563292e+02 3.750001e+01 2.020273e+02
      vertex   -1.564910e+02 3.750001e+01 2.020612e+02
    endloop
  endfacet
  facet normal 0.000000e+00 1.000000e+00 -0.000000e+00
    outer loop
      vertex   -1.395090e+02 3.750001e+01 2.020612e+02
      vertex   -1.564910e+02 3.750001e+01 2.020612e+02
      vertex   -1.393506e+02 3.750001e+01 2.021084e+02
    endloop
  endfacet
  facet normal 0.000000e+00 1.000000e+00 0.000000e+00
    outer loop
      vertex   -1.393506e+02 3.750001e+01 2.021084e+02
      vertex   -1.564910e+02 3.750001e+01 2.020612e+02
      vertex   -1.566494e+02 3.750001e+01 2.021084e+02
    endloop
  endfacet
  facet normal 0.000000e+00 1.000000e+00 -0.000000e+00
    outer loop
      vertex   -1.393506e+02 3.750001e+01 2.021084e+02
      vertex   -1.566494e+02 3.750001e+01 2.021084e+02
      vertex   -1.391966e+02 3.750001e+01 2.021685e+02
    endloop
  endfacet
  facet normal 2.272194e-10 1.000000e+00 -6.599694e-08
    outer loop
      vertex   -1.391966e+02 3.750001e+01 2.021685e+02
      vertex   -1.566494e+02 3.750001e+01 2.021084e+02
      vertex   -1.499508e+02 3.750001e+01 2.074005e+02
    endloop
  endfacet
  facet normal 5.113546e-08 1.000000e+00 3.864288e-08
    outer loop
      vertex   -1.391966e+02 3.750001e+01 2.021685e+02
      vertex   -1.499508e+02 3.750001e+01 2.074005e+02
      vertex   -1.430939e+02 3.750001e+01 2.073257e+02
    endloop
  endfacet
  facet normal 5.195734e-08 1.000000e+00 1.139856e-07
    outer loop
      vertex   -1.430939e+02 3.750001e+01 2.073257e+02
      vertex   -1.499508e+02 3.750001e+01 2.074005e+02
      vertex   -1.497543e+02 3.750001e+01 2.074116e+02
    endloop
  endfacet
  facet normal 5.118814e-08 1.000000e+00 5.438943e-08
    outer loop
      vertex   -1.430939e+02 3.750001e+01 2.073257e+02
      vertex   -1.497543e+02 3.750001e+01 2.074116e+02
      vertex   -1.495593e+02 3.750001e+01 2.074376e+02
    endloop
  endfacet
  facet normal -2.253832e-08 1.000000e+00 -5.776075e-08
    outer loop
      vertex   -1.568034e+02 3.750001e+01 2.021685e+02
      vertex   -1.523364e+02 3.750001e+01 2.088593e+02
      vertex   -1.566494e+02 3.750001e+01 2.021084e+02
    endloop
  endfacet
  facet normal -3.475698e-08 1.000000e+00 -4.995448e-08
    outer loop
      vertex   -1.566494e+02 3.750001e+01 2.021084e+02
      vertex   -1.523364e+02 3.750001e+01 2.088593e+02
      vertex   -1.522434e+02 3.750001e+01 2.086858e+02
    endloop
  endfacet
  facet normal -2.750376e-08 1.000000e+00 -5.481313e-08
    outer loop
      vertex   -1.566494e+02 3.750001e+01 2.021084e+02
      vertex   -1.522434e+02 3.750001e+01 2.086858e+02
      vertex   -1.521376e+02 3.750001e+01 2.085199e+02
    endloop
  endfacet
  facet normal -3.208399e-07 1.000000e+00 -6.562884e-07
    outer loop
      vertex   -1.569519e+02 3.750001e+01 2.022411e+02
      vertex   -1.580000e+02 3.750002e+01 2.040000e+02
      vertex   -1.568034e+02 3.750001e+01 2.021685e+02
    endloop
  endfacet
  facet normal 2.903447e-07 1.000000e+00 -2.569816e-07
    outer loop
      vertex   -1.568034e+02 3.750001e+01 2.021685e+02
      vertex   -1.580000e+02 3.750002e+01 2.040000e+02
      vertex   -1.524160e+02 3.750001e+01 2.090392e+02
    endloop
  endfacet
  facet normal -4.231884e-08 1.000000e+00 -4.455460e-08
    outer loop
      vertex   -1.568034e+02 3.750001e+01 2.021685e+02
      vertex   -1.524160e+02 3.750001e+01 2.090392e+02
      vertex   -1.523364e+02 3.750001e+01 2.088593e+02
    endloop
  endfacet
  facet normal -4.297234e-07 1.000000e+00 -7.211690e-07
    outer loop
      vertex   -1.569519e+02 3.750001e+01 2.022411e+02
      vertex   -1.570939e+02 3.750001e+01 2.023257e+02
      vertex   -1.580000e+02 3.750002e+01 2.040000e+02
    endloop
  endfacet
  facet normal -5.685434e-07 1.000000e+00 -7.962946e-07
    outer loop
      vertex   -1.580000e+02 3.750002e+01 2.040000e+02
      vertex   -1.570939e+02 3.750001e+01 2.023257e+02
      vertex   -1.572284e+02 3.750001e+01 2.024217e+02
    endloop
  endfacet
  facet normal -7.492483e-07 1.000000e+00 -8.846358e-07
    outer loop
      vertex   -1.580000e+02 3.750002e+01 2.040000e+02
      vertex   -1.572284e+02 3.750001e+01 2.024217e+02
      vertex   -1.573546e+02 3.750001e+01 2.025286e+02
    endloop
  endfacet
  facet normal -9.904263e-07 1.000000e+00 -9.904263e-07
    outer loop
      vertex   -1.573546e+02 3.750001e+01 2.025286e+02
      vertex   -1.574714e+02 3.750001e+01 2.026454e+02
      vertex   -1.580000e+02 3.750002e+01 2.040000e+02
    endloop
  endfacet
  facet normal -1.322284e-06 1.000000e+00 -1.119918e-06
    outer loop
      vertex   -1.580000e+02 3.750002e+01 2.040000e+02
      vertex   -1.574714e+02 3.750001e+01 2.026454e+02
      vertex   -1.575783e+02 3.750001e+01 2.027716e+02
    endloop
  endfacet
  facet normal -1.796607e-06 1.000000e+00 -1.282753e-06
    outer loop
      vertex   -1.580000e+02 3.750002e+01 2.040000e+02
      vertex   -1.575783e+02 3.750001e+01 2.027716e+02
      vertex   -1.576743e+02 3.750001e+01 2.029061e+02
    endloop
  endfacet
  facet normal -2.508336e-06 1.000000e+00 -1.494644e-06
    outer loop
      vertex   -1.576743e+02 3.750001e+01 2.029061e+02
      vertex   -1.577589e+02 3.750001e+01 2.030481e+02
      vertex   -1.580000e+02 3.750002e+01 2.040000e+02
    endloop
  endfacet
  facet normal -3.647352e-06 1.000000e+00 -1.783082e-06
    outer loop
      vertex   -1.580000e+02 3.750002e+01 2.040000e+02
      vertex   -1.577589e+02 3.750001e+01 2.030481e+02
      vertex   -1.578315e+02 3.750001e+01 2.031966e+02
    endloop
  endfacet
  facet normal -5.640894e-06 1.000000e+00 -2.201084e-06
    outer loop
      vertex   -1.580000e+02 3.750002e+01 2.040000e+02
      vertex   -1.578315e+02 3.750001e+01 2.031966e+02
      vertex   -1.578916e+02 3.750001e+01 2.033506e+02
    endloop
  endfacet
  facet normal -9.628261e-06 1.000000e+00 -2.866457e-06
    outer loop
      vertex   -1.578916e+02 3.750001e+01 2.033506e+02
      vertex   -1.579388e+02 3.750001e+01 2.035090e+02
      vertex   -1.580000e+02 3.750002e+01 2.040000e+02
    endloop
  endfacet
  facet normal -1.959701e-05 1.000000e+00 -4.109061e-06
    outer loop
      vertex   -1.580000e+02 3.750002e+01 2.040000e+02
      vertex   -1.579388e+02 3.750001e+01 2.035090e+02
      vertex   -1.579727e+02 3.750001e+01 2.036708e+02
    endloop
  endfacet
  facet normal -5.947247e-05 1.000000e+00 -7.413235e-06
    outer loop
      vertex   -1.580000e+02 3.750002e+01 2.040000e+02
      vertex   -1.579727e+02 3.750001e+01 2.036708e+02
      vertex   -1.579932e+02 3.750001e+01 2.038348e+02
    endloop
  endfacet
  facet normal 5.843593e-08 1.000000e+00 0.000000e+00
    outer loop
      vertex   -1.580000e+02 3.750002e+01 2.300000e+02
      vertex   -1.524817e+02 3.750001e+01 2.107753e+02
      vertex   -1.580000e+02 3.750002e+01 2.040000e+02
    endloop
  endfacet
  facet normal 5.843595e-08 1.000000e+00 -2.022023e-14
    outer loop
      vertex   -1.580000e+02 3.750002e+01 2.040000e+02
      vertex   -1.524817e+02 3.750001e+01 2.107753e+02
      vertex   -1.525332e+02 3.750001e+01 2.105854e+02
    endloop
  endfacet
  facet normal 5.843592e-08 1.000000e+00 2.376586e-15
    outer loop
      vertex   -1.580000e+02 3.750002e+01 2.040000e+02
      vertex   -1.525332e+02 3.750001e+01 2.105854e+02
      vertex   -1.525703e+02 3.750001e+01 2.103921e+02
    endloop
  endfacet
  facet normal 1.267834e-05 1.000000e+00 -1.573069e-06
    outer loop
      vertex   -1.579932e+02 3.750002e+01 2.301652e+02
      vertex   -1.579727e+02 3.750002e+01 2.303292e+02
      vertex   -1.580000e+02 3.750002e+01 2.300000e+02
    endloop
  endfacet
  facet normal 4.216871e-06 1.000000e+00 -8.719321e-07
    outer loop
      vertex   -1.580000e+02 3.750002e+01 2.300000e+02
      vertex   -1.579727e+02 3.750002e+01 2.303292e+02
      vertex   -1.579388e+02 3.750002e+01 2.304910e+02
    endloop
  endfacet
  facet normal 2.101528e-06 1.000000e+00 -6.082549e-07
    outer loop
      vertex   -1.580000e+02 3.750002e+01 2.300000e+02
      vertex   -1.579388e+02 3.750002e+01 2.304910e+02
      vertex   -1.578916e+02 3.750002e+01 2.306494e+02
    endloop
  endfacet
  facet normal 1.255419e-06 1.000000e+00 -4.670643e-07
    outer loop
      vertex   -1.578916e+02 3.750002e+01 2.306494e+02
      vertex   -1.578315e+02 3.750002e+01 2.308034e+02
      vertex   -1.580000e+02 3.750002e+01 2.300000e+02
    endloop
  endfacet
  facet normal 8.323946e-07 1.000000e+00 -3.783654e-07
    outer loop
      vertex   -1.580000e+02 3.750002e+01 2.300000e+02
      vertex   -1.578315e+02 3.750002e+01 2.308034e+02
      vertex   -1.577589e+02 3.750002e+01 2.309519e+02
    endloop
  endfacet
  facet normal 5.906984e-07 1.000000e+00 -3.171596e-07
    outer loop
      vertex   -1.580000e+02 3.750002e+01 2.300000e+02
      vertex   -1.577589e+02 3.750002e+01 2.309519e+02
      vertex   -1.576743e+02 3.750002e+01 2.310939e+02
    endloop
  endfacet
  facet normal 4.396714e-07 1.000000e+00 -2.721969e-07
    outer loop
      vertex   -1.576743e+02 3.750002e+01 2.310939e+02
      vertex   -1.575783e+02 3.750002e+01 2.312284e+02
      vertex   -1.580000e+02 3.750002e+01 2.300000e+02
    endloop
  endfacet
  facet normal 3.390213e-07 1.000000e+00 -2.376437e-07
    outer loop
      vertex   -1.580000e+02 3.750002e+01 2.300000e+02
      vertex   -1.575783e+02 3.750002e+01 2.312284e+02
      vertex   -1.574714e+02 3.750002e+01 2.313546e+02
    endloop
  endfacet
  facet normal 2.686018e-07 1.000000e+00 -2.101659e-07
    outer loop
      vertex   -1.580000e+02 3.750002e+01 2.300000e+02
      vertex   -1.574714e+02 3.750002e+01 2.313546e+02
      vertex   -1.573546e+02 3.750002e+01 2.314715e+02
    endloop
  endfacet
  facet normal 2.174245e-07 1.000000e+00 -1.877174e-07
    outer loop
      vertex   -1.573546e+02 3.750002e+01 2.314715e+02
      vertex   -1.572284e+02 3.750002e+01 2.315783e+02
      vertex   -1.580000e+02 3.750002e+01 2.300000e+02
    endloop
  endfacet
  facet normal 1.790794e-07 1.000000e+00 -1.689717e-07
    outer loop
      vertex   -1.580000e+02 3.750002e+01 2.300000e+02
      vertex   -1.572284e+02 3.750002e+01 2.315783e+02
      vertex   -1.570939e+02 3.750002e+01 2.316743e+02
    endloop
  endfacet
  facet normal 1.496221e-07 1.000000e+00 -1.530302e-07
    outer loop
      vertex   -1.580000e+02 3.750002e+01 2.300000e+02
      vertex   -1.570939e+02 3.750002e+01 2.316743e+02
      vertex   -1.569519e+02 3.750002e+01 2.317590e+02
    endloop
  endfacet
  facet normal 1.265173e-07 1.000000e+00 -1.392627e-07
    outer loop
      vertex   -1.569519e+02 3.750002e+01 2.317590e+02
      vertex   -1.568034e+02 3.750002e+01 2.318316e+02
      vertex   -1.580000e+02 3.750002e+01 2.300000e+02
    endloop
  endfacet
  facet normal 1.080749e-07 1.000000e+00 -1.272137e-07
    outer loop
      vertex   -1.580000e+02 3.750002e+01 2.300000e+02
      vertex   -1.568034e+02 3.750002e+01 2.318316e+02
      vertex   -1.566494e+02 3.750002e+01 2.318916e+02
    endloop
  endfacet
  facet normal 9.313301e-08 1.000000e+00 -1.165454e-07
    outer loop
      vertex   -1.580000e+02 3.750002e+01 2.300000e+02
      vertex   -1.566494e+02 3.750002e+01 2.318916e+02
      vertex   -1.564910e+02 3.750002e+01 2.319388e+02
    endloop
  endfacet
  facet normal 8.087189e-08 1.000000e+00 -1.070022e-07
    outer loop
      vertex   -1.564910e+02 3.750002e+01 2.319388e+02
      vertex   -1.563292e+02 3.750002e+01 2.319727e+02
      vertex   -1.580000e+02 3.750002e+01 2.300000e+02
    endloop
  endfacet
  facet normal 7.069987e-08 1.000000e+00 -9.838691e-08
    outer loop
      vertex   -1.580000e+02 3.750002e+01 2.300000e+02
      vertex   -1.563292e+02 3.750002e+01 2.319727e+02
      vertex   -1.561652e+02 3.750002e+01 2.319932e+02
    endloop
  endfacet
  facet normal 1.154892e-06 1.000000e+00 -1.096456e-06
    outer loop
      vertex   -1.580000e+02 3.750002e+01 2.300000e+02
      vertex   -1.561652e+02 3.750002e+01 2.319932e+02
      vertex   -1.560000e+02 3.750002e+01 2.320000e+02
    endloop
  endfacet
  facet normal 4.603597e-08 1.000000e+00 2.998128e-07
    outer loop
      vertex   -1.420000e+02 3.750001e+01 2.320000e+02
      vertex   -1.421652e+02 3.750001e+01 2.319932e+02
      vertex   -1.560000e+02 3.750002e+01 2.320000e+02
    endloop
  endfacet
  facet normal 4.593745e-08 1.000000e+00 1.002689e-07
    outer loop
      vertex   -1.560000e+02 3.750002e+01 2.320000e+02
      vertex   -1.421652e+02 3.750001e+01 2.319932e+02
      vertex   -1.423292e+02 3.750001e+01 2.319727e+02
    endloop
  endfacet
  facet normal 4.585708e-08 1.000000e+00 5.999131e-08
    outer loop
      vertex   -1.560000e+02 3.750002e+01 2.320000e+02
      vertex   -1.423292e+02 3.750001e+01 2.319727e+02
      vertex   -1.424910e+02 3.750001e+01 2.319388e+02
    endloop
  endfacet
  facet normal 4.577792e-08 1.000000e+00 4.251742e-08
    outer loop
      vertex   -1.424910e+02 3.750001e+01 2.319388e+02
      vertex   -1.426494e+02 3.750001e+01 2.318916e+02
      vertex   -1.560000e+02 3.750002e+01 2.320000e+02
    endloop
  endfacet
  facet normal 4.569779e-08 1.000000e+00 3.264508e-08
    outer loop
      vertex   -1.560000e+02 3.750002e+01 2.320000e+02
      vertex   -1.426494e+02 3.750001e+01 2.318916e+02
      vertex   -1.428034e+02 3.750001e+01 2.318316e+02
    endloop
  endfacet
  facet normal 4.561582e-08 1.000000e+00 2.622394e-08
    outer loop
      vertex   -1.560000e+02 3.750002e+01 2.320000e+02
      vertex   -1.428034e+02 3.750001e+01 2.318316e+02
      vertex   -1.429519e+02 3.750001e+01 2.317590e+02
    endloop
  endfacet
  facet normal 4.553144e-08 1.000000e+00 2.165648e-08
    outer loop
      vertex   -1.429519e+02 3.750001e+01 2.317590e+02
      vertex   -1.430939e+02 3.750001e+01 2.316743e+02
      vertex   -1.560000e+02 3.750002e+01 2.320000e+02
    endloop
  endfacet
  facet normal 4.544413e-08 1.000000e+00 1.819620e-08
    outer loop
      vertex   -1.560000e+02 3.750002e+01 2.320000e+02
      vertex   -1.430939e+02 3.750001e+01 2.316743e+02
      vertex   -1.432284e+02 3.750001e+01 2.315783e+02
    endloop
  endfacet
  facet normal 4.535333e-08 1.000000e+00 1.544656e-08
    outer loop
      vertex   -1.560000e+02 3.750002e+01 2.320000e+02
      vertex   -1.432284e+02 3.750001e+01 2.315783e+02
      vertex   -1.433546e+02 3.750001e+01 2.314715e+02
    endloop
  endfacet
  facet normal 4.525849e-08 1.000000e+00 1.317742e-08
    outer loop
      vertex   -1.433546e+02 3.750001e+01 2.314715e+02
      vertex   -1.434714e+02 3.750001e+01 2.313546e+02
      vertex   -1.560000e+02 3.750002e+01 2.320000e+02
    endloop
  endfacet
  facet normal 4.515894e-08 1.000000e+00 1.124506e-08
    outer loop
      vertex   -1.560000e+02 3.750002e+01 2.320000e+02
      vertex   -1.434714e+02 3.750001e+01 2.313546e+02
      vertex   -1.435783e+02 3.750001e+01 2.312284e+02
    endloop
  endfacet
  facet normal 4.505393e-08 1.000000e+00 9.554550e-09
    outer loop
      vertex   -1.560000e+02 3.750002e+01 2.320000e+02
      vertex   -1.435783e+02 3.750001e+01 2.312284e+02
      vertex   -1.436743e+02 3.750001e+01 2.310939e+02
    endloop
  endfacet
  facet normal 4.494261e-08 1.000000e+00 8.040287e-09
    outer loop
      vertex   -1.436743e+02 3.750001e+01 2.310939e+02
      vertex   -1.437589e+02 3.750001e+01 2.309519e+02
      vertex   -1.560000e+02 3.750002e+01 2.320000e+02
    endloop
  endfacet
  facet normal 4.482396e-08 1.000000e+00 6.654507e-09
    outer loop
      vertex   -1.560000e+02 3.750002e+01 2.320000e+02
      vertex   -1.437589e+02 3.750001e+01 2.309519e+02
      vertex   -1.438315e+02 3.750001e+01 2.308034e+02
    endloop
  endfacet
  facet normal 4.469676e-08 1.000000e+00 5.360999e-09
    outer loop
      vertex   -1.560000e+02 3.750002e+01 2.320000e+02
      vertex   -1.438315e+02 3.750001e+01 2.308034e+02
      vertex   -1.438916e+02 3.750001e+01 2.306494e+02
    endloop
  endfacet
  facet normal 4.455958e-08 1.000000e+00 4.131188e-09
    outer loop
      vertex   -1.438916e+02 3.750001e+01 2.306494e+02
      vertex   -1.439388e+02 3.750001e+01 2.304910e+02
      vertex   -1.560000e+02 3.750002e+01 2.320000e+02
    endloop
  endfacet
  facet normal 4.441065e-08 1.000000e+00 2.940774e-09
    outer loop
      vertex   -1.560000e+02 3.750002e+01 2.320000e+02
      vertex   -1.439388e+02 3.750001e+01 2.304910e+02
      vertex   -1.439727e+02 3.750001e+01 2.303292e+02
    endloop
  endfacet
  facet normal 4.424781e-08 1.000000e+00 1.768565e-09
    outer loop
      vertex   -1.560000e+02 3.750002e+01 2.320000e+02
      vertex   -1.439727e+02 3.750001e+01 2.303292e+02
      vertex   -1.439932e+02 3.750001e+01 2.301652e+02
    endloop
  endfacet
  facet normal 4.406828e-08 1.000000e+00 5.938149e-10
    outer loop
      vertex   -1.439932e+02 3.750001e+01 2.301652e+02
      vertex   -1.440000e+02 3.750001e+01 2.300000e+02
      vertex   -1.560000e+02 3.750002e+01 2.320000e+02
    endloop
  endfacet
  facet normal 4.320362e-08 1.000000e+00 -4.594189e-09
    outer loop
      vertex   -1.560000e+02 3.750002e+01 2.320000e+02
      vertex   -1.440000e+02 3.750001e+01 2.300000e+02
      vertex   -1.501475e+02 3.750001e+01 2.125958e+02
    endloop
  endfacet
  facet normal 5.843596e-08 1.000000e+00 1.064615e-14
    outer loop
      vertex   -1.560000e+02 3.750002e+01 2.320000e+02
      vertex   -1.501475e+02 3.750001e+01 2.125958e+02
      vertex   -1.503434e+02 3.750001e+01 2.125772e+02
    endloop
  endfacet
  facet normal 1.414963e-08 1.000000e+00 -0.000000e+00
    outer loop
      vertex   -1.440000e+02 3.750001e+01 2.090000e+02
      vertex   -1.479199e+02 3.750001e+01 2.115599e+02
      vertex   -1.440000e+02 3.750001e+01 2.300000e+02
    endloop
  endfacet
  facet normal 4.923699e-08 1.000000e+00 -7.458754e-09
    outer loop
      vertex   -1.440000e+02 3.750001e+01 2.300000e+02
      vertex   -1.479199e+02 3.750001e+01 2.115599e+02
      vertex   -1.480439e+02 3.750001e+01 2.117128e+02
    endloop
  endfacet
  facet normal 5.029384e-08 1.000000e+00 -7.692456e-09
    outer loop
      vertex   -1.440000e+02 3.750001e+01 2.300000e+02
      vertex   -1.480439e+02 3.750001e+01 2.117128e+02
      vertex   -1.481790e+02 3.750001e+01 2.118558e+02
    endloop
  endfacet
  facet normal -1.486555e-07 1.000000e+00 -1.057255e-06
    outer loop
      vertex   -1.439932e+02 3.750001e+01 2.088348e+02
      vertex   -1.474464e+02 3.750001e+01 2.095109e+02
      vertex   -1.440000e+02 3.750001e+01 2.090000e+02
    endloop
  endfacet
  facet normal 9.179045e-09 1.000000e+00 7.515134e-09
    outer loop
      vertex   -1.440000e+02 3.750001e+01 2.090000e+02
      vertex   -1.474464e+02 3.750001e+01 2.095109e+02
      vertex   -1.474167e+02 3.750001e+01 2.097054e+02
    endloop
  endfacet
  facet normal 8.410847e-09 1.000000e+00 3.794215e-09
    outer loop
      vertex   -1.440000e+02 3.750001e+01 2.090000e+02
      vertex   -1.474167e+02 3.750001e+01 2.097054e+02
      vertex   -1.474019e+02 3.750001e+01 2.099016e+02
    endloop
  endfacet
  facet normal 5.832533e-08 1.000000e+00 2.553394e-11
    outer loop
      vertex   -1.474464e+02 3.750001e+01 2.095109e+02
      vertex   -1.439932e+02 3.750001e+01 2.088348e+02
      vertex   -1.474907e+02 3.750001e+01 2.093192e+02
    endloop
  endfacet
  facet normal 5.934613e-08 1.000000e+00 7.397488e-09
    outer loop
      vertex   -1.474907e+02 3.750001e+01 2.093192e+02
      vertex   -1.439932e+02 3.750001e+01 2.088348e+02
      vertex   -1.439727e+02 3.750001e+01 2.086708e+02
    endloop
  endfacet
  facet normal 5.800750e-08 1.000000e+00 1.338441e-10
    outer loop
      vertex   -1.474907e+02 3.750001e+01 2.093192e+02
      vertex   -1.439727e+02 3.750001e+01 2.086708e+02
      vertex   -1.475494e+02 3.750001e+01 2.091313e+02
    endloop
  endfacet
  facet normal 5.959928e-08 1.000000e+00 1.249666e-08
    outer loop
      vertex   -1.475494e+02 3.750001e+01 2.091313e+02
      vertex   -1.439727e+02 3.750001e+01 2.086708e+02
      vertex   -1.439388e+02 3.750001e+01 2.085090e+02
    endloop
  endfacet
  facet normal 5.750898e-08 1.000000e+00 3.686564e-10
    outer loop
      vertex   -1.475494e+02 3.750001e+01 2.091313e+02
      vertex   -1.439388e+02 3.750001e+01 2.085090e+02
      vertex   -1.476221e+02 3.750001e+01 2.089485e+02
    endloop
  endfacet
  facet normal 5.958131e-08 1.000000e+00 1.773812e-08
    outer loop
      vertex   -1.476221e+02 3.750001e+01 2.089485e+02
      vertex   -1.439388e+02 3.750001e+01 2.085090e+02
      vertex   -1.438916e+02 3.750001e+01 2.083506e+02
    endloop
  endfacet
  facet normal 5.686163e-08 1.000000e+00 7.686481e-10
    outer loop
      vertex   -1.476221e+02 3.750001e+01 2.089485e+02
      vertex   -1.438916e+02 3.750001e+01 2.083506e+02
      vertex   -1.477085e+02 3.750001e+01 2.087717e+02
    endloop
  endfacet
  facet normal 5.933076e-08 1.000000e+00 2.315093e-08
    outer loop
      vertex   -1.477085e+02 3.750001e+01 2.087717e+02
      vertex   -1.438916e+02 3.750001e+01 2.083506e+02
      vertex   -1.438315e+02 3.750001e+01 2.081966e+02
    endloop
  endfacet
  facet normal 5.609984e-08 1.000000e+00 1.368461e-09
    outer loop
      vertex   -1.477085e+02 3.750001e+01 2.087717e+02
      vertex   -1.438315e+02 3.750001e+01 2.081966e+02
      vertex   -1.478079e+02 3.750001e+01 2.086019e+02
    endloop
  endfacet
  facet normal 5.889475e-08 1.000000e+00 2.879189e-08
    outer loop
      vertex   -1.478079e+02 3.750001e+01 2.086019e+02
      vertex   -1.438315e+02 3.750001e+01 2.081966e+02
      vertex   -1.437589e+02 3.750001e+01 2.080481e+02
    endloop
  endfacet
  facet normal 5.525793e-08 1.000000e+00 2.200425e-09
    outer loop
      vertex   -1.478079e+02 3.750001e+01 2.086019e+02
      vertex   -1.437589e+02 3.750001e+01 2.080481e+02
      vertex   -1.479199e+02 3.750001e+01 2.084401e+02
    endloop
  endfacet
  facet normal 5.832461e-08 1.000000e+00 3.475392e-08
    outer loop
      vertex   -1.479199e+02 3.750001e+01 2.084401e+02
      vertex   -1.437589e+02 3.750001e+01 2.080481e+02
      vertex   -1.436743e+02 3.750001e+01 2.079061e+02
    endloop
  endfacet
  facet normal 5.436830e-08 1.000000e+00 3.298132e-09
    outer loop
      vertex   -1.479199e+02 3.750001e+01 2.084401e+02
      vertex   -1.436743e+02 3.750001e+01 2.079061e+02
      vertex   -1.480439e+02 3.750001e+01 2.082872e+02
    endloop
  endfacet
  facet normal 5.767237e-08 1.000000e+00 4.117728e-08
    outer loop
      vertex   -1.480439e+02 3.750001e+01 2.082872e+02
      vertex   -1.436743e+02 3.750001e+01 2.079061e+02
      vertex   -1.435783e+02 3.750001e+01 2.077716e+02
    endloop
  endfacet
  facet normal 5.346022e-08 1.000000e+00 4.700928e-09
    outer loop
      vertex   -1.480439e+02 3.750001e+01 2.082872e+02
      vertex   -1.435783e+02 3.750001e+01 2.077716e+02
      vertex   -1.481790e+02 3.750001e+01 2.081442e+02
    endloop
  endfacet
  facet normal 5.698885e-08 1.000000e+00 4.826709e-08
    outer loop
      vertex   -1.481790e+02 3.750001e+01 2.081442e+02
      vertex   -1.435783e+02 3.750001e+01 2.077716e+02
      vertex   -1.434714e+02 3.750001e+01 2.076454e+02
    endloop
  endfacet
  facet normal 5.255940e-08 1.000000e+00 6.460673e-09
    outer loop
      vertex   -1.481790e+02 3.750001e+01 2.081442e+02
      vertex   -1.434714e+02 3.750001e+01 2.076454e+02
      vertex   -1.483246e+02 3.750001e+01 2.080118e+02
    endloop
  endfacet
  facet normal 5.632360e-08 1.000000e+00 5.632360e-08
    outer loop
      vertex   -1.483246e+02 3.750001e+01 2.080118e+02
      vertex   -1.434714e+02 3.750001e+01 2.076454e+02
      vertex   -1.433546e+02 3.750001e+01 2.075286e+02
    endloop
  endfacet
  facet normal 5.168828e-08 1.000000e+00 8.651601e-09
    outer loop
      vertex   -1.483246e+02 3.750001e+01 2.080118e+02
      vertex   -1.433546e+02 3.750001e+01 2.075286e+02
      vertex   -1.484797e+02 3.750001e+01 2.078908e+02
    endloop
  endfacet
  facet normal 5.572718e-08 1.000000e+00 6.579695e-08
    outer loop
      vertex   -1.484797e+02 3.750001e+01 2.078908e+02
      vertex   -1.433546e+02 3.750001e+01 2.075286e+02
      vertex   -1.432284e+02 3.750001e+01 2.074217e+02
    endloop
  endfacet
  facet normal 5.086697e-08 1.000000e+00 1.138596e-08
    outer loop
      vertex   -1.484797e+02 3.750001e+01 2.078908e+02
      vertex   -1.432284e+02 3.750001e+01 2.074217e+02
      vertex   -1.486436e+02 3.750001e+01 2.077819e+02
    endloop
  endfacet
  facet normal 5.099268e-08 1.000000e+00 1.327615e-08
    outer loop
      vertex   -1.486436e+02 3.750001e+01 2.077819e+02
      vertex   -1.432284e+02 3.750001e+01 2.074217e+02
      vertex   -1.488152e+02 3.750001e+01 2.076856e+02
    endloop
  endfacet
  facet normal 5.393376e-08 1.000000e+00 7.553893e-08
    outer loop
      vertex   -1.488152e+02 3.750001e+01 2.076856e+02
      vertex   -1.432284e+02 3.750001e+01 2.074217e+02
      vertex   -1.430939e+02 3.750001e+01 2.073257e+02
    endloop
  endfacet
  facet normal 5.028415e-08 1.000000e+00 1.752962e-08
    outer loop
      vertex   -1.488152e+02 3.750001e+01 2.076856e+02
      vertex   -1.430939e+02 3.750001e+01 2.073257e+02
      vertex   -1.489937e+02 3.750001e+01 2.076026e+02
    endloop
  endfacet
  facet normal 5.045756e-08 1.000000e+00 2.122343e-08
    outer loop
      vertex   -1.489937e+02 3.750001e+01 2.076026e+02
      vertex   -1.430939e+02 3.750001e+01 2.073257e+02
      vertex   -1.491779e+02 3.750001e+01 2.075334e+02
    endloop
  endfacet
  facet normal 5.064471e-08 1.000000e+00 2.670431e-08
    outer loop
      vertex   -1.491779e+02 3.750001e+01 2.075334e+02
      vertex   -1.430939e+02 3.750001e+01 2.073257e+02
      vertex   -1.493668e+02 3.750001e+01 2.074783e+02
    endloop
  endfacet
  facet normal 5.086680e-08 1.000000e+00 3.583214e-08
    outer loop
      vertex   -1.493668e+02 3.750001e+01 2.074783e+02
      vertex   -1.430939e+02 3.750001e+01 2.073257e+02
      vertex   -1.495593e+02 3.750001e+01 2.074376e+02
    endloop
  endfacet
  facet normal 0.000000e+00 1.000000e+00 0.000000e+00
    outer loop
      vertex   -1.430939e+02 3.750001e+01 2.073257e+02
      vertex   -1.429519e+02 3.750001e+01 2.072411e+02
      vertex   -1.391966e+02 3.750001e+01 2.021685e+02
    endloop
  endfacet
  facet normal 0.000000e+00 1.000000e+00 0.000000e+00
    outer loop
      vertex   -1.391966e+02 3.750001e+01 2.021685e+02
      vertex   -1.429519e+02 3.750001e+01 2.072411e+02
      vertex   -1.428034e+02 3.750001e+01 2.071685e+02
    endloop
  endfacet
  facet normal 0.000000e+00 1.000000e+00 0.000000e+00
    outer loop
      vertex   -1.391966e+02 3.750001e+01 2.021685e+02
      vertex   -1.428034e+02 3.750001e+01 2.071685e+02
      vertex   -1.426494e+02 3.750001e+01 2.071084e+02
    endloop
  endfacet
  facet normal 0.000000e+00 1.000000e+00 0.000000e+00
    outer loop
      vertex   -1.426494e+02 3.750001e+01 2.071084e+02
      vertex   -1.424910e+02 3.750001e+01 2.070612e+02
      vertex   -1.391966e+02 3.750001e+01 2.021685e+02
    endloop
  endfacet
  facet normal 0.000000e+00 1.000000e+00 0.000000e+00
    outer loop
      vertex   -1.391966e+02 3.750001e+01 2.021685e+02
      vertex   -1.424910e+02 3.750001e+01 2.070612e+02
      vertex   -1.423292e+02 3.750001e+01 2.070273e+02
    endloop
  endfacet
  facet normal 0.000000e+00 1.000000e+00 0.000000e+00
    outer loop
      vertex   -1.391966e+02 3.750001e+01 2.021685e+02
      vertex   -1.423292e+02 3.750001e+01 2.070273e+02
      vertex   -1.421652e+02 3.750001e+01 2.070068e+02
    endloop
  endfacet
  facet normal 0.000000e+00 1.000000e+00 0.000000e+00
    outer loop
      vertex   -1.421652e+02 3.750001e+01 2.070068e+02
      vertex   -1.420000e+02 3.750001e+01 2.070000e+02
      vertex   -1.391966e+02 3.750001e+01 2.021685e+02
    endloop
  endfacet
  facet normal 0.000000e+00 1.000000e+00 0.000000e+00
    outer loop
      vertex   -1.391966e+02 3.750001e+01 2.021685e+02
      vertex   -1.420000e+02 3.750001e+01 2.070000e+02
      vertex   -1.400000e+02 3.750001e+01 2.070000e+02
    endloop
  endfacet
  facet normal 0.000000e+00 1.000000e+00 -0.000000e+00
    outer loop
      vertex   -1.391966e+02 3.750001e+01 2.021685e+02
      vertex   -1.400000e+02 3.750001e+01 2.070000e+02
      vertex   -1.390481e+02 3.750001e+01 2.022411e+02
    endloop
  endfacet
  facet normal 0.000000e+00 1.000000e+00 -0.000000e+00
    outer loop
      vertex   -1.390481e+02 3.750001e+01 2.022411e+02
      vertex   -1.400000e+02 3.750001e+01 2.070000e+02
      vertex   -1.380000e+02 3.750001e+01 2.040000e+02
    endloop
  endfacet
  facet normal 0.000000e+00 1.000000e+00 0.000000e+00
    outer loop
      vertex   -1.390481e+02 3.750001e+01 2.022411e+02
      vertex   -1.380000e+02 3.750001e+01 2.040000e+02
      vertex   -1.389061e+02 3.750001e+01 2.023257e+02
    endloop
  endfacet
  facet normal 0.000000e+00 1.000000e+00 0.000000e+00
    outer loop
      vertex   -1.389061e+02 3.750001e+01 2.023257e+02
      vertex   -1.380000e+02 3.750001e+01 2.040000e+02
      vertex   -1.387716e+02 3.750001e+01 2.024217e+02
    endloop
  endfacet
  facet normal 0.000000e+00 1.000000e+00 0.000000e+00
    outer loop
      vertex   -1.387716e+02 3.750001e+01 2.024217e+02
      vertex   -1.380000e+02 3.750001e+01 2.040000e+02
      vertex   -1.386454e+02 3.750001e+01 2.025286e+02
    endloop
  endfacet
  facet normal 0.000000e+00 1.000000e+00 0.000000e+00
    outer loop
      vertex   -1.386454e+02 3.750001e+01 2.025286e+02
      vertex   -1.380000e+02 3.750001e+01 2.040000e+02
      vertex   -1.385286e+02 3.750001e+01 2.026454e+02
    endloop
  endfacet
  facet normal 0.000000e+00 1.000000e+00 0.000000e+00
    outer loop
      vertex   -1.385286e+02 3.750001e+01 2.026454e+02
      vertex   -1.380000e+02 3.750001e+01 2.040000e+02
      vertex   -1.384217e+02 3.750001e+01 2.027716e+02
    endloop
  endfacet
  facet normal 0.000000e+00 1.000000e+00 0.000000e+00
    outer loop
      vertex   -1.384217e+02 3.750001e+01 2.027716e+02
      vertex   -1.380000e+02 3.750001e+01 2.040000e+02
      vertex   -1.383257e+02 3.750001e+01 2.029061e+02
    endloop
  endfacet
  facet normal 0.000000e+00 1.000000e+00 0.000000e+00
    outer loop
      vertex   -1.383257e+02 3.750001e+01 2.029061e+02
      vertex   -1.380000e+02 3.750001e+01 2.040000e+02
      vertex   -1.382411e+02 3.750001e+01 2.030481e+02
    endloop
  endfacet
  facet normal 0.000000e+00 1.000000e+00 0.000000e+00
    outer loop
      vertex   -1.382411e+02 3.750001e+01 2.030481e+02
      vertex   -1.380000e+02 3.750001e+01 2.040000e+02
      vertex   -1.381685e+02 3.750001e+01 2.031966e+02
    endloop
  endfacet
  facet normal 0.000000e+00 1.000000e+00 0.000000e+00
    outer loop
      vertex   -1.381685e+02 3.750001e+01 2.031966e+02
      vertex   -1.380000e+02 3.750001e+01 2.040000e+02
      vertex   -1.381084e+02 3.750001e+01 2.033506e+02
    endloop
  endfacet
  facet normal 0.000000e+00 1.000000e+00 0.000000e+00
    outer loop
      vertex   -1.381084e+02 3.750001e+01 2.033506e+02
      vertex   -1.380000e+02 3.750001e+01 2.040000e+02
      vertex   -1.380612e+02 3.750001e+01 2.035090e+02
    endloop
  endfacet
  facet normal 0.000000e+00 1.000000e+00 0.000000e+00
    outer loop
      vertex   -1.380612e+02 3.750001e+01 2.035090e+02
      vertex   -1.380000e+02 3.750001e+01 2.040000e+02
      vertex   -1.380273e+02 3.750001e+01 2.036708e+02
    endloop
  endfacet
  facet normal 0.000000e+00 1.000000e+00 0.000000e+00
    outer loop
      vertex   -1.380273e+02 3.750001e+01 2.036708e+02
      vertex   -1.380000e+02 3.750001e+01 2.040000e+02
      vertex   -1.380068e+02 3.750001e+01 2.038348e+02
    endloop
  endfacet
  facet normal -0.000000e+00 1.000000e+00 0.000000e+00
    outer loop
      vertex   -1.400000e+02 3.750001e+01 2.070000e+02
      vertex   -1.398348e+02 3.750001e+01 2.070068e+02
      vertex   -1.380000e+02 3.750001e+01 2.040000e+02
    endloop
  endfacet
  facet normal 0.000000e+00 1.000000e+00 0.000000e+00
    outer loop
      vertex   -1.380000e+02 3.750001e+01 2.040000e+02
      vertex   -1.398348e+02 3.750001e+01 2.070068e+02
      vertex   -1.396708e+02 3.750001e+01 2.070273e+02
    endloop
  endfacet
  facet normal 0.000000e+00 1.000000e+00 0.000000e+00
    outer loop
      vertex   -1.380000e+02 3.750001e+01 2.040000e+02
      vertex   -1.396708e+02 3.750001e+01 2.070273e+02
      vertex   -1.395090e+02 3.750001e+01 2.070612e+02
    endloop
  endfacet
  facet normal -0.000000e+00 1.000000e+00 0.000000e+00
    outer loop
      vertex   -1.395090e+02 3.750001e+01 2.070612e+02
      vertex   -1.393506e+02 3.750001e+01 2.071084e+02
      vertex   -1.380000e+02 3.750001e+01 2.040000e+02
    endloop
  endfacet
  facet normal 0.000000e+00 1.000000e+00 0.000000e+00
    outer loop
      vertex   -1.380000e+02 3.750001e+01 2.040000e+02
      vertex   -1.393506e+02 3.750001e+01 2.071084e+02
      vertex   -1.391966e+02 3.750001e+01 2.071685e+02
    endloop
  endfacet
  facet normal 0.000000e+00 1.000000e+00 0.000000e+00
    outer loop
      vertex   -1.380000e+02 3.750001e+01 2.040000e+02
      vertex   -1.391966e+02 3.750001e+01 2.071685e+02
      vertex   -1.390481e+02 3.750001e+01 2.072411e+02
    endloop
  endfacet
  facet normal -0.000000e+00 1.000000e+00 0.000000e+00
    outer loop
      vertex   -1.390481e+02 3.750001e+01 2.072411e+02
      vertex   -1.389061e+02 3.750001e+01 2.073257e+02
      vertex   -1.380000e+02 3.750001e+01 2.040000e+02
    endloop
  endfacet
  facet normal 0.000000e+00 1.000000e+00 0.000000e+00
    outer loop
      vertex   -1.380000e+02 3.750001e+01 2.040000e+02
      vertex   -1.389061e+02 3.750001e+01 2.073257e+02
      vertex   -1.387716e+02 3.750001e+01 2.074217e+02
    endloop
  endfacet
  facet normal 0.000000e+00 1.000000e+00 0.000000e+00
    outer loop
      vertex   -1.380000e+02 3.750001e+01 2.040000e+02
      vertex   -1.387716e+02 3.750001e+01 2.074217e+02
      vertex   -1.386454e+02 3.750001e+01 2.075286e+02
    endloop
  endfacet
  facet normal -0.000000e+00 1.000000e+00 0.000000e+00
    outer loop
      vertex   -1.386454e+02 3.750001e+01 2.075286e+02
      vertex   -1.385286e+02 3.750001e+01 2.076454e+02
      vertex   -1.380000e+02 3.750001e+01 2.040000e+02
    endloop
  endfacet
  facet normal 0.000000e+00 1.000000e+00 0.000000e+00
    outer loop
      vertex   -1.380000e+02 3.750001e+01 2.040000e+02
      vertex   -1.385286e+02 3.750001e+01 2.076454e+02
      vertex   -1.384217e+02 3.750001e+01 2.077716e+02
    endloop
  endfacet
  facet normal 0.000000e+00 1.000000e+00 0.000000e+00
    outer loop
      vertex   -1.380000e+02 3.750001e+01 2.040000e+02
      vertex   -1.384217e+02 3.750001e+01 2.077716e+02
      vertex   -1.383257e+02 3.750001e+01 2.079061e+02
    endloop
  endfacet
  facet normal -0.000000e+00 1.000000e+00 0.000000e+00
    outer loop
      vertex   -1.383257e+02 3.750001e+01 2.079061e+02
      vertex   -1.382411e+02 3.750001e+01 2.080481e+02
      vertex   -1.380000e+02 3.750001e+01 2.040000e+02
    endloop
  endfacet
  facet normal 0.000000e+00 1.000000e+00 0.000000e+00
    outer loop
      vertex   -1.380000e+02 3.750001e+01 2.040000e+02
      vertex   -1.382411e+02 3.750001e+01 2.080481e+02
      vertex   -1.381685e+02 3.750001e+01 2.081966e+02
    endloop
  endfacet
  facet normal 0.000000e+00 1.000000e+00 0.000000e+00
    outer loop
      vertex   -1.380000e+02 3.750001e+01 2.040000e+02
      vertex   -1.381685e+02 3.750001e+01 2.081966e+02
      vertex   -1.381084e+02 3.750001e+01 2.083506e+02
    endloop
  endfacet
  facet normal -0.000000e+00 1.000000e+00 0.000000e+00
    outer loop
      vertex   -1.381084e+02 3.750001e+01 2.083506e+02
      vertex   -1.380612e+02 3.750001e+01 2.085090e+02
      vertex   -1.380000e+02 3.750001e+01 2.040000e+02
    endloop
  endfacet
  facet normal 0.000000e+00 1.000000e+00 0.000000e+00
    outer loop
      vertex   -1.380000e+02 3.750001e+01 2.040000e+02
      vertex   -1.380612e+02 3.750001e+01 2.085090e+02
      vertex   -1.380273e+02 3.750001e+01 2.086708e+02
    endloop
  endfacet
  facet normal 0.000000e+00 1.000000e+00 0.000000e+00
    outer loop
      vertex   -1.380000e+02 3.750001e+01 2.040000e+02
      vertex   -1.380273e+02 3.750001e+01 2.086708e+02
      vertex   -1.380068e+02 3.750001e+01 2.088348e+02
    endloop
  endfacet
  facet normal -0.000000e+00 1.000000e+00 0.000000e+00
    outer loop
      vertex   -1.380068e+02 3.750001e+01 2.088348e+02
      vertex   -1.380000e+02 3.750001e+01 2.090000e+02
      vertex   -1.380000e+02 3.750001e+01 2.040000e+02
    endloop
  endfacet
  facet normal 5.843589e-08 1.000000e+00 3.172619e-14
    outer loop
      vertex   -1.525926e+02 3.750001e+01 2.101966e+02
      vertex   -1.526000e+02 3.750001e+01 2.100000e+02
      vertex   -1.580000e+02 3.750002e+01 2.040000e+02
    endloop
  endfacet
  facet normal 5.843596e-08 1.000000e+00 -2.916415e-14
    outer loop
      vertex   -1.580000e+02 3.750002e+01 2.040000e+02
      vertex   -1.526000e+02 3.750001e+01 2.100000e+02
      vertex   -1.525926e+02 3.750001e+01 2.098034e+02
    endloop
  endfacet
  facet normal 5.843594e-08 1.000000e+00 -9.455756e-15
    outer loop
      vertex   -1.580000e+02 3.750002e+01 2.040000e+02
      vertex   -1.525926e+02 3.750001e+01 2.098034e+02
      vertex   -1.525703e+02 3.750001e+01 2.096079e+02
    endloop
  endfacet
  facet normal 5.843593e-08 1.000000e+00 -1.536679e-15
    outer loop
      vertex   -1.525703e+02 3.750001e+01 2.096079e+02
      vertex   -1.525332e+02 3.750001e+01 2.094146e+02
      vertex   -1.580000e+02 3.750002e+01 2.040000e+02
    endloop
  endfacet
  facet normal 5.843592e-08 1.000000e+00 1.072806e-14
    outer loop
      vertex   -1.580000e+02 3.750002e+01 2.040000e+02
      vertex   -1.525332e+02 3.750001e+01 2.094146e+02
      vertex   -1.524817e+02 3.750001e+01 2.092247e+02
    endloop
  endfacet
  facet normal 5.843594e-08 1.000000e+00 -1.679136e-14
    outer loop
      vertex   -1.580000e+02 3.750002e+01 2.040000e+02
      vertex   -1.524817e+02 3.750001e+01 2.092247e+02
      vertex   -1.524160e+02 3.750001e+01 2.090392e+02
    endloop
  endfacet
  facet normal -2.087487e-08 1.000000e+00 -5.947786e-08
    outer loop
      vertex   -1.521376e+02 3.750001e+01 2.085199e+02
      vertex   -1.520195e+02 3.750001e+01 2.083625e+02
      vertex   -1.566494e+02 3.750001e+01 2.021084e+02
    endloop
  endfacet
  facet normal -1.470773e-08 1.000000e+00 -6.404331e-08
    outer loop
      vertex   -1.566494e+02 3.750001e+01 2.021084e+02
      vertex   -1.520195e+02 3.750001e+01 2.083625e+02
      vertex   -1.518899e+02 3.750001e+01 2.082144e+02
    endloop
  endfacet
  facet normal -8.870930e-09 1.000000e+00 -6.859290e-08
    outer loop
      vertex   -1.566494e+02 3.750001e+01 2.021084e+02
      vertex   -1.518899e+02 3.750001e+01 2.082144e+02
      vertex   -1.517495e+02 3.750001e+01 2.080766e+02
    endloop
  endfacet
  facet normal -3.253207e-09 1.000000e+00 -7.320504e-08
    outer loop
      vertex   -1.517495e+02 3.750001e+01 2.080766e+02
      vertex   -1.515990e+02 3.750001e+01 2.079498e+02
      vertex   -1.566494e+02 3.750001e+01 2.021084e+02
    endloop
  endfacet
  facet normal 2.245132e-09 1.000000e+00 -7.795878e-08
    outer loop
      vertex   -1.566494e+02 3.750001e+01 2.021084e+02
      vertex   -1.515990e+02 3.750001e+01 2.079498e+02
      vertex   -1.514394e+02 3.750001e+01 2.078348e+02
    endloop
  endfacet
  facet normal 7.718812e-09 1.000000e+00 -8.293889e-08
    outer loop
      vertex   -1.566494e+02 3.750001e+01 2.021084e+02
      vertex   -1.514394e+02 3.750001e+01 2.078348e+02
      vertex   -1.512715e+02 3.750001e+01 2.077321e+02
    endloop
  endfacet
  facet normal 1.326400e-08 1.000000e+00 -8.824167e-08
    outer loop
      vertex   -1.512715e+02 3.750001e+01 2.077321e+02
      vertex   -1.510963e+02 3.750001e+01 2.076424e+02
      vertex   -1.566494e+02 3.750001e+01 2.021084e+02
    endloop
  endfacet
  facet normal 1.898515e-08 1.000000e+00 -9.398245e-08
    outer loop
      vertex   -1.566494e+02 3.750001e+01 2.021084e+02
      vertex   -1.510963e+02 3.750001e+01 2.076424e+02
      vertex   -1.509149e+02 3.750001e+01 2.075663e+02
    endloop
  endfacet
  facet normal 2.500313e-08 1.000000e+00 -1.003054e-07
    outer loop
      vertex   -1.566494e+02 3.750001e+01 2.021084e+02
      vertex   -1.509149e+02 3.750001e+01 2.075663e+02
      vertex   -1.507282e+02 3.750001e+01 2.075041e+02
    endloop
  endfacet
  facet normal 3.146656e-08 1.000000e+00 -1.073983e-07
    outer loop
      vertex   -1.507282e+02 3.750001e+01 2.075041e+02
      vertex   -1.505374e+02 3.750001e+01 2.074561e+02
      vertex   -1.566494e+02 3.750001e+01 2.021084e+02
    endloop
  endfacet
  facet normal 3.856808e-08 1.000000e+00 -1.155147e-07
    outer loop
      vertex   -1.566494e+02 3.750001e+01 2.021084e+02
      vertex   -1.505374e+02 3.750001e+01 2.074561e+02
      vertex   -1.503434e+02 3.750001e+01 2.074228e+02
    endloop
  endfacet
  facet normal 4.657120e-08 1.000000e+00 -1.250111e-07
    outer loop
      vertex   -1.566494e+02 3.750001e+01 2.021084e+02
      vertex   -1.503434e+02 3.750001e+01 2.074228e+02
      vertex   -1.501475e+02 3.750001e+01 2.074042e+02
    endloop
  endfacet
  facet normal 5.585406e-08 1.000000e+00 -1.364079e-07
    outer loop
      vertex   -1.501475e+02 3.750001e+01 2.074042e+02
      vertex   -1.499508e+02 3.750001e+01 2.074005e+02
      vertex   -1.566494e+02 3.750001e+01 2.021084e+02
    endloop
  endfacet
  facet normal 7.405248e-09 1.000000e+00 -0.000000e+00
    outer loop
      vertex   -1.474019e+02 3.750001e+01 2.099016e+02
      vertex   -1.474019e+02 3.750001e+01 2.100984e+02
      vertex   -1.440000e+02 3.750001e+01 2.090000e+02
    endloop
  endfacet
  facet normal 6.124179e-09 1.000000e+00 -3.967650e-09
    outer loop
      vertex   -1.440000e+02 3.750001e+01 2.090000e+02
      vertex   -1.474019e+02 3.750001e+01 2.100984e+02
      vertex   -1.474167e+02 3.750001e+01 2.102946e+02
    endloop
  endfacet
  facet normal 4.510140e-09 1.000000e+00 -8.227467e-09
    outer loop
      vertex   -1.440000e+02 3.750001e+01 2.090000e+02
      vertex   -1.474167e+02 3.750001e+01 2.102946e+02
      vertex   -1.474464e+02 3.750001e+01 2.104891e+02
    endloop
  endfacet
  facet normal 2.477695e-09 1.000000e+00 -1.293135e-08
    outer loop
      vertex   -1.474464e+02 3.750001e+01 2.104891e+02
      vertex   -1.474907e+02 3.750001e+01 2.106808e+02
      vertex   -1.440000e+02 3.750001e+01 2.090000e+02
    endloop
  endfacet
  facet normal -1.015131e-10 1.000000e+00 -1.828776e-08
    outer loop
      vertex   -1.440000e+02 3.750001e+01 2.090000e+02
      vertex   -1.474907e+02 3.750001e+01 2.106808e+02
      vertex   -1.475494e+02 3.750001e+01 2.108687e+02
    endloop
  endfacet
  facet normal -3.425282e-09 1.000000e+00 -2.460102e-08
    outer loop
      vertex   -1.440000e+02 3.750001e+01 2.090000e+02
      vertex   -1.475494e+02 3.750001e+01 2.108687e+02
      vertex   -1.476221e+02 3.750001e+01 2.110515e+02
    endloop
  endfacet
  facet normal -7.811718e-09 1.000000e+00 -3.234563e-08
    outer loop
      vertex   -1.476221e+02 3.750001e+01 2.110515e+02
      vertex   -1.477085e+02 3.750001e+01 2.112283e+02
      vertex   -1.440000e+02 3.750001e+01 2.090000e+02
    endloop
  endfacet
  facet normal -1.380352e-08 1.000000e+00 -4.231732e-08
    outer loop
      vertex   -1.440000e+02 3.750001e+01 2.090000e+02
      vertex   -1.477085e+02 3.750001e+01 2.112283e+02
      vertex   -1.478079e+02 3.750001e+01 2.113981e+02
    endloop
  endfacet
  facet normal -2.240393e-08 1.000000e+00 -5.597363e-08
    outer loop
      vertex   -1.440000e+02 3.750001e+01 2.090000e+02
      vertex   -1.478079e+02 3.750001e+01 2.113981e+02
      vertex   -1.479199e+02 3.750001e+01 2.115599e+02
    endloop
  endfacet
  facet normal 5.124064e-08 1.000000e+00 -7.910525e-09
    outer loop
      vertex   -1.481790e+02 3.750001e+01 2.118558e+02
      vertex   -1.483246e+02 3.750001e+01 2.119882e+02
      vertex   -1.440000e+02 3.750001e+01 2.300000e+02
    endloop
  endfacet
  facet normal 5.210451e-08 1.000000e+00 -8.117936e-09
    outer loop
      vertex   -1.440000e+02 3.750001e+01 2.300000e+02
      vertex   -1.483246e+02 3.750001e+01 2.119882e+02
      vertex   -1.484797e+02 3.750001e+01 2.121092e+02
    endloop
  endfacet
  facet normal 5.290602e-08 1.000000e+00 -8.318629e-09
    outer loop
      vertex   -1.440000e+02 3.750001e+01 2.300000e+02
      vertex   -1.484797e+02 3.750001e+01 2.121092e+02
      vertex   -1.486436e+02 3.750001e+01 2.122182e+02
    endloop
  endfacet
  facet normal 5.366149e-08 1.000000e+00 -8.515916e-09
    outer loop
      vertex   -1.486436e+02 3.750001e+01 2.122182e+02
      vertex   -1.488152e+02 3.750001e+01 2.123144e+02
      vertex   -1.440000e+02 3.750001e+01 2.300000e+02
    endloop
  endfacet
  facet normal 5.438426e-08 1.000000e+00 -8.712703e-09
    outer loop
      vertex   -1.440000e+02 3.750001e+01 2.300000e+02
      vertex   -1.488152e+02 3.750001e+01 2.123144e+02
      vertex   -1.489937e+02 3.750001e+01 2.123974e+02
    endloop
  endfacet
  facet normal 5.508582e-08 1.000000e+00 -8.911726e-09
    outer loop
      vertex   -1.440000e+02 3.750001e+01 2.300000e+02
      vertex   -1.489937e+02 3.750001e+01 2.123974e+02
      vertex   -1.491779e+02 3.750001e+01 2.124666e+02
    endloop
  endfacet
  facet normal 5.577635e-08 1.000000e+00 -9.115650e-09
    outer loop
      vertex   -1.491779e+02 3.750001e+01 2.124666e+02
      vertex   -1.493668e+02 3.750001e+01 2.125217e+02
      vertex   -1.440000e+02 3.750001e+01 2.300000e+02
    endloop
  endfacet
  facet normal 5.646564e-08 1.000000e+00 -9.327298e-09
    outer loop
      vertex   -1.440000e+02 3.750001e+01 2.300000e+02
      vertex   -1.493668e+02 3.750001e+01 2.125217e+02
      vertex   -1.495593e+02 3.750001e+01 2.125624e+02
    endloop
  endfacet
  facet normal 5.716336e-08 1.000000e+00 -9.549738e-09
    outer loop
      vertex   -1.440000e+02 3.750001e+01 2.300000e+02
      vertex   -1.495593e+02 3.750001e+01 2.125624e+02
      vertex   -1.497543e+02 3.750001e+01 2.125884e+02
    endloop
  endfacet
  facet normal 5.787968e-08 1.000000e+00 -9.786475e-09
    outer loop
      vertex   -1.497543e+02 3.750001e+01 2.125884e+02
      vertex   -1.499508e+02 3.750001e+01 2.125995e+02
      vertex   -1.440000e+02 3.750001e+01 2.300000e+02
    endloop
  endfacet
  facet normal 5.862599e-08 1.000000e+00 -1.004170e-08
    outer loop
      vertex   -1.440000e+02 3.750001e+01 2.300000e+02
      vertex   -1.499508e+02 3.750001e+01 2.125995e+02
      vertex   -1.501475e+02 3.750001e+01 2.125958e+02
    endloop
  endfacet
  facet normal 5.843590e-08 1.000000e+00 -8.611068e-15
    outer loop
      vertex   -1.503434e+02 3.750001e+01 2.125772e+02
      vertex   -1.505374e+02 3.750001e+01 2.125439e+02
      vertex   -1.560000e+02 3.750002e+01 2.320000e+02
    endloop
  endfacet
  facet normal 5.843595e-08 1.000000e+00 6.098069e-15
    outer loop
      vertex   -1.560000e+02 3.750002e+01 2.320000e+02
      vertex   -1.505374e+02 3.750001e+01 2.125439e+02
      vertex   -1.507282e+02 3.750001e+01 2.124959e+02
    endloop
  endfacet
  facet normal 5.843591e-08 1.000000e+00 -4.341694e-15
    outer loop
      vertex   -1.560000e+02 3.750002e+01 2.320000e+02
      vertex   -1.507282e+02 3.750001e+01 2.124959e+02
      vertex   -1.509149e+02 3.750001e+01 2.124337e+02
    endloop
  endfacet
  facet normal 5.843594e-08 1.000000e+00 2.918259e-15
    outer loop
      vertex   -1.509149e+02 3.750001e+01 2.124337e+02
      vertex   -1.510963e+02 3.750001e+01 2.123576e+02
      vertex   -1.560000e+02 3.750002e+01 2.320000e+02
    endloop
  endfacet
  facet normal 5.843593e-08 1.000000e+00 9.590276e-16
    outer loop
      vertex   -1.560000e+02 3.750002e+01 2.320000e+02
      vertex   -1.510963e+02 3.750001e+01 2.123576e+02
      vertex   -1.580000e+02 3.750002e+01 2.300000e+02
    endloop
  endfacet
  facet normal 5.843593e-08 1.000000e+00 1.738650e-15
    outer loop
      vertex   -1.510963e+02 3.750001e+01 2.123576e+02
      vertex   -1.512715e+02 3.750001e+01 2.122679e+02
      vertex   -1.580000e+02 3.750002e+01 2.300000e+02
    endloop
  endfacet
  facet normal 5.843593e-08 1.000000e+00 2.562716e-15
    outer loop
      vertex   -1.580000e+02 3.750002e+01 2.300000e+02
      vertex   -1.512715e+02 3.750001e+01 2.122679e+02
      vertex   -1.514394e+02 3.750001e+01 2.121652e+02
    endloop
  endfacet
  facet normal 5.843591e-08 1.000000e+00 -7.655747e-15
    outer loop
      vertex   -1.580000e+02 3.750002e+01 2.300000e+02
      vertex   -1.514394e+02 3.750001e+01 2.121652e+02
      vertex   -1.515990e+02 3.750001e+01 2.120502e+02
    endloop
  endfacet
  facet normal 5.843590e-08 1.000000e+00 -8.151854e-15
    outer loop
      vertex   -1.515990e+02 3.750001e+01 2.120502e+02
      vertex   -1.517495e+02 3.750001e+01 2.119234e+02
      vertex   -1.580000e+02 3.750002e+01 2.300000e+02
    endloop
  endfacet
  facet normal 5.843595e-08 1.000000e+00 8.531114e-15
    outer loop
      vertex   -1.580000e+02 3.750002e+01 2.300000e+02
      vertex   -1.517495e+02 3.750001e+01 2.119234e+02
      vertex   -1.518899e+02 3.750001e+01 2.117856e+02
    endloop
  endfacet
  facet normal 5.843594e-08 1.000000e+00 3.124144e-15
    outer loop
      vertex   -1.580000e+02 3.750002e+01 2.300000e+02
      vertex   -1.518899e+02 3.750001e+01 2.117856e+02
      vertex   -1.520195e+02 3.750001e+01 2.116375e+02
    endloop
  endfacet
  facet normal 5.843593e-08 1.000000e+00 1.761491e-15
    outer loop
      vertex   -1.520195e+02 3.750001e+01 2.116375e+02
      vertex   -1.521376e+02 3.750001e+01 2.114801e+02
      vertex   -1.580000e+02 3.750002e+01 2.300000e+02
    endloop
  endfacet
  facet normal 5.843590e-08 1.000000e+00 -8.262117e-15
    outer loop
      vertex   -1.580000e+02 3.750002e+01 2.300000e+02
      vertex   -1.521376e+02 3.750001e+01 2.114801e+02
      vertex   -1.522434e+02 3.750001e+01 2.113142e+02
    endloop
  endfacet
  facet normal 5.843594e-08 1.000000e+00 4.710899e-15
    outer loop
      vertex   -1.580000e+02 3.750002e+01 2.300000e+02
      vertex   -1.522434e+02 3.750001e+01 2.113142e+02
      vertex   -1.523364e+02 3.750001e+01 2.111407e+02
    endloop
  endfacet
  facet normal 5.843590e-08 1.000000e+00 -7.738761e-15
    outer loop
      vertex   -1.523364e+02 3.750001e+01 2.111407e+02
      vertex   -1.524160e+02 3.750001e+01 2.109608e+02
      vertex   -1.580000e+02 3.750002e+01 2.300000e+02
    endloop
  endfacet
  facet normal 5.843596e-08 1.000000e+00 1.003471e-14
    outer loop
      vertex   -1.580000e+02 3.750002e+01 2.300000e+02
      vertex   -1.524160e+02 3.750001e+01 2.109608e+02
      vertex   -1.524817e+02 3.750001e+01 2.107753e+02
    endloop
  endfacet
  facet normal 5.843591e-08 1.000000e+00 1.220855e-14
    outer loop
      vertex   -1.525703e+02 3.750001e+01 2.103921e+02
      vertex   -1.525926e+02 3.750001e+01 2.101966e+02
      vertex   -1.580000e+02 3.750002e+01 2.040000e+02
    endloop
  endfacet
  facet normal 9.991458e-01 -5.838601e-08 4.132497e-02
    outer loop
      vertex   -1.380068e+02 4.150001e+01 2.301652e+02
      vertex   -1.380068e+02 3.850001e+01 2.301652e+02
      vertex   -1.380000e+02 4.150001e+01 2.300000e+02
    endloop
  endfacet
  facet normal 9.991458e-01 -5.838602e-08 4.132497e-02
    outer loop
      vertex   -1.380000e+02 4.150001e+01 2.300000e+02
      vertex   -1.380068e+02 3.850001e+01 2.301652e+02
      vertex   -1.380068e+02 3.550001e+01 2.301652e+02
    endloop
  endfacet
  facet normal 9.991458e-01 -5.838601e-08 4.132497e-02
    outer loop
      vertex   -1.380000e+02 4.150001e+01 2.300000e+02
      vertex   -1.380068e+02 3.550001e+01 2.301652e+02
      vertex   -1.380000e+02 3.250001e+01 2.300000e+02
    endloop
  endfacet
  facet normal 9.991458e-01 -5.838600e-08 4.132497e-02
    outer loop
      vertex   -1.380000e+02 3.250001e+01 2.300000e+02
      vertex   -1.380068e+02 3.550001e+01 2.301652e+02
      vertex   -1.380068e+02 3.250001e+01 2.301652e+02
    endloop
  endfacet
  facet normal 9.923206e-01 -5.798716e-08 1.236926e-01
    outer loop
      vertex   -1.380068e+02 3.250001e+01 2.301652e+02
      vertex   -1.380068e+02 3.550001e+01 2.301652e+02
      vertex   -1.380273e+02 3.250001e+01 2.303292e+02
    endloop
  endfacet
  facet normal 9.923206e-01 -5.798716e-08 1.236926e-01
    outer loop
      vertex   -1.380273e+02 3.250001e+01 2.303292e+02
      vertex   -1.380068e+02 3.550001e+01 2.301652e+02
      vertex   -1.380273e+02 3.550001e+01 2.303292e+02
    endloop
  endfacet
  facet normal 9.787168e-01 -5.719222e-08 2.052153e-01
    outer loop
      vertex   -1.380273e+02 3.250001e+01 2.303292e+02
      vertex   -1.380273e+02 3.550001e+01 2.303292e+02
      vertex   -1.380612e+02 3.250001e+01 2.304910e+02
    endloop
  endfacet
  facet normal 9.787168e-01 -5.719224e-08 2.052153e-01
    outer loop
      vertex   -1.380612e+02 3.250001e+01 2.304910e+02
      vertex   -1.380273e+02 3.550001e+01 2.303292e+02
      vertex   -1.380612e+02 3.550001e+01 2.304910e+02
    endloop
  endfacet
  facet normal 9.584275e-01 -5.600661e-08 2.853362e-01
    outer loop
      vertex   -1.380612e+02 3.250001e+01 2.304910e+02
      vertex   -1.380612e+02 3.550001e+01 2.304910e+02
      vertex   -1.381084e+02 3.250001e+01 2.306494e+02
    endloop
  endfacet
  facet normal 9.584275e-01 -5.600660e-08 2.853362e-01
    outer loop
      vertex   -1.381084e+02 3.250001e+01 2.306494e+02
      vertex   -1.380612e+02 3.550001e+01 2.304910e+02
      vertex   -1.381084e+02 3.550001e+01 2.306494e+02
    endloop
  endfacet
  facet normal 9.315911e-01 -5.443839e-08 3.635080e-01
    outer loop
      vertex   -1.381084e+02 3.250001e+01 2.306494e+02
      vertex   -1.381084e+02 3.550001e+01 2.306494e+02
      vertex   -1.381685e+02 3.250001e+01 2.308034e+02
    endloop
  endfacet
  facet normal 9.315911e-01 -5.443838e-08 3.635080e-01
    outer loop
      vertex   -1.381685e+02 3.250001e+01 2.308034e+02
      vertex   -1.381084e+02 3.550001e+01 2.306494e+02
      vertex   -1.381685e+02 3.550001e+01 2.308034e+02
    endloop
  endfacet
  facet normal 8.983910e-01 -5.249830e-08 4.391966e-01
    outer loop
      vertex   -1.381685e+02 3.250001e+01 2.308034e+02
      vertex   -1.381685e+02 3.550001e+01 2.308034e+02
      vertex   -1.382411e+02 3.250001e+01 2.309519e+02
    endloop
  endfacet
  facet normal 8.983910e-01 -5.249830e-08 4.391966e-01
    outer loop
      vertex   -1.382411e+02 3.250001e+01 2.309519e+02
      vertex   -1.381685e+02 3.550001e+01 2.308034e+02
      vertex   -1.382411e+02 3.550001e+01 2.309519e+02
    endloop
  endfacet
  facet normal 8.590540e-01 -5.019961e-08 5.118850e-01
    outer loop
      vertex   -1.382411e+02 3.250001e+01 2.309519e+02
      vertex   -1.382411e+02 3.550001e+01 2.309519e+02
      vertex   -1.383257e+02 3.250001e+01 2.310939e+02
    endloop
  endfacet
  facet normal 8.590540e-01 -5.019961e-08 5.118850e-01
    outer loop
      vertex   -1.383257e+02 3.250001e+01 2.310939e+02
      vertex   -1.382411e+02 3.550001e+01 2.309519e+02
      vertex   -1.383257e+02 3.550001e+01 2.310939e+02
    endloop
  endfacet
  facet normal 8.138487e-01 -4.755800e-08 5.810768e-01
    outer loop
      vertex   -1.383257e+02 3.250001e+01 2.310939e+02
      vertex   -1.383257e+02 3.550001e+01 2.310939e+02
      vertex   -1.384217e+02 3.250001e+01 2.312284e+02
    endloop
  endfacet
  facet normal 8.138487e-01 -4.755800e-08 5.810768e-01
    outer loop
      vertex   -1.384217e+02 3.250001e+01 2.312284e+02
      vertex   -1.383257e+02 3.550001e+01 2.310939e+02
      vertex   -1.384217e+02 3.550001e+01 2.312284e+02
    endloop
  endfacet
  facet normal 7.630841e-01 -4.459153e-08 6.462992e-01
    outer loop
      vertex   -1.384217e+02 3.250001e+01 2.312284e+02
      vertex   -1.384217e+02 3.550001e+01 2.312284e+02
      vertex   -1.385286e+02 3.250001e+01 2.313546e+02
    endloop
  endfacet
  facet normal 7.630841e-01 -4.459152e-08 6.462992e-01
    outer loop
      vertex   -1.385286e+02 3.250001e+01 2.313546e+02
      vertex   -1.384217e+02 3.550001e+01 2.312284e+02
      vertex   -1.385286e+02 3.550001e+01 2.313546e+02
    endloop
  endfacet
  facet normal 7.071068e-01 -4.132043e-08 7.071068e-01
    outer loop
      vertex   -1.385286e+02 3.250001e+01 2.313546e+02
      vertex   -1.385286e+02 3.550001e+01 2.313546e+02
      vertex   -1.386454e+02 3.250001e+01 2.314715e+02
    endloop
  endfacet
  facet normal 7.071068e-01 -4.132044e-08 7.071068e-01
    outer loop
      vertex   -1.386454e+02 3.250001e+01 2.314715e+02
      vertex   -1.385286e+02 3.550001e+01 2.313546e+02
      vertex   -1.386454e+02 3.550001e+01 2.314715e+02
    endloop
  endfacet
  facet normal 6.462992e-01 -3.776710e-08 7.630841e-01
    outer loop
      vertex   -1.386454e+02 3.250001e+01 2.314715e+02
      vertex   -1.386454e+02 3.550001e+01 2.314715e+02
      vertex   -1.387716e+02 3.250001e+01 2.315783e+02
    endloop
  endfacet
  facet normal 6.462992e-01 -3.776710e-08 7.630841e-01
    outer loop
      vertex   -1.387716e+02 3.250001e+01 2.315783e+02
      vertex   -1.386454e+02 3.550001e+01 2.314715e+02
      vertex   -1.387716e+02 3.550001e+01 2.315783e+02
    endloop
  endfacet
  facet normal 5.810768e-01 -3.395576e-08 8.138487e-01
    outer loop
      vertex   -1.387716e+02 3.250001e+01 2.315783e+02
      vertex   -1.387716e+02 3.550001e+01 2.315783e+02
      vertex   -1.389061e+02 3.250001e+01 2.316743e+02
    endloop
  endfacet
  facet normal 5.810768e-01 -3.395576e-08 8.138487e-01
    outer loop
      vertex   -1.389061e+02 3.250001e+01 2.316743e+02
      vertex   -1.387716e+02 3.550001e+01 2.315783e+02
      vertex   -1.389061e+02 3.550001e+01 2.316743e+02
    endloop
  endfacet
  facet normal 5.118850e-01 -2.991248e-08 8.590540e-01
    outer loop
      vertex   -1.389061e+02 3.250001e+01 2.316743e+02
      vertex   -1.389061e+02 3.550001e+01 2.316743e+02
      vertex   -1.390481e+02 3.250001e+01 2.317590e+02
    endloop
  endfacet
  facet normal 5.118850e-01 -2.991247e-08 8.590540e-01
    outer loop
      vertex   -1.390481e+02 3.250001e+01 2.317590e+02
      vertex   -1.389061e+02 3.550001e+01 2.316743e+02
      vertex   -1.390481e+02 3.550001e+01 2.317590e+02
    endloop
  endfacet
  facet normal 4.391966e-01 -2.566486e-08 8.983910e-01
    outer loop
      vertex   -1.390481e+02 3.250001e+01 2.317590e+02
      vertex   -1.390481e+02 3.550001e+01 2.317590e+02
      vertex   -1.391966e+02 3.250001e+01 2.318316e+02
    endloop
  endfacet
  facet normal 4.391966e-01 -2.566486e-08 8.983910e-01
    outer loop
      vertex   -1.391966e+02 3.250001e+01 2.318316e+02
      vertex   -1.390481e+02 3.550001e+01 2.317590e+02
      vertex   -1.391966e+02 3.550001e+01 2.318316e+02
    endloop
  endfacet
  facet normal 3.635080e-01 -2.124193e-08 9.315911e-01
    outer loop
      vertex   -1.391966e+02 3.250001e+01 2.318316e+02
      vertex   -1.391966e+02 3.550001e+01 2.318316e+02
      vertex   -1.393506e+02 3.250001e+01 2.318916e+02
    endloop
  endfacet
  facet normal 3.635080e-01 -2.124193e-08 9.315911e-01
    outer loop
      vertex   -1.393506e+02 3.250001e+01 2.318916e+02
      vertex   -1.391966e+02 3.550001e+01 2.318316e+02
      vertex   -1.393506e+02 3.550001e+01 2.318916e+02
    endloop
  endfacet
  facet normal 2.853362e-01 -1.667389e-08 9.584275e-01
    outer loop
      vertex   -1.393506e+02 3.250001e+01 2.318916e+02
      vertex   -1.393506e+02 3.550001e+01 2.318916e+02
      vertex   -1.395090e+02 3.250001e+01 2.319388e+02
    endloop
  endfacet
  facet normal 2.853362e-01 -1.667388e-08 9.584275e-01
    outer loop
      vertex   -1.395090e+02 3.250001e+01 2.319388e+02
      vertex   -1.393506e+02 3.550001e+01 2.318916e+02
      vertex   -1.395090e+02 3.550001e+01 2.319388e+02
    endloop
  endfacet
  facet normal 2.052153e-01 -1.199195e-08 9.787168e-01
    outer loop
      vertex   -1.395090e+02 3.250001e+01 2.319388e+02
      vertex   -1.395090e+02 3.550001e+01 2.319388e+02
      vertex   -1.396708e+02 3.250001e+01 2.319727e+02
    endloop
  endfacet
  facet normal 2.052153e-01 -1.199195e-08 9.787168e-01
    outer loop
      vertex   -1.396708e+02 3.250001e+01 2.319727e+02
      vertex   -1.395090e+02 3.550001e+01 2.319388e+02
      vertex   -1.396708e+02 3.550001e+01 2.319727e+02
    endloop
  endfacet
  facet normal 1.236926e-01 -7.228094e-09 9.923206e-01
    outer loop
      vertex   -1.396708e+02 3.250001e+01 2.319727e+02
      vertex   -1.396708e+02 3.550001e+01 2.319727e+02
      vertex   -1.398348e+02 3.250001e+01 2.319932e+02
    endloop
  endfacet
  facet normal 1.236926e-01 -7.228104e-09 9.923206e-01
    outer loop
      vertex   -1.398348e+02 3.250001e+01 2.319932e+02
      vertex   -1.396708e+02 3.550001e+01 2.319727e+02
      vertex   -1.398348e+02 3.550001e+01 2.319932e+02
    endloop
  endfacet
  facet normal 4.132497e-02 -2.414873e-09 9.991458e-01
    outer loop
      vertex   -1.398348e+02 3.250001e+01 2.319932e+02
      vertex   -1.398348e+02 3.550001e+01 2.319932e+02
      vertex   -1.400000e+02 3.250001e+01 2.320000e+02
    endloop
  endfacet
  facet normal 4.132497e-02 -2.414863e-09 9.991458e-01
    outer loop
      vertex   -1.400000e+02 3.250001e+01 2.320000e+02
      vertex   -1.398348e+02 3.550001e+01 2.319932e+02
      vertex   -1.400000e+02 4.150001e+01 2.320000e+02
    endloop
  endfacet
  facet normal 4.132497e-02 -2.414863e-09 9.991458e-01
    outer loop
      vertex   -1.400000e+02 4.150001e+01 2.320000e+02
      vertex   -1.398348e+02 3.550001e+01 2.319932e+02
      vertex   -1.398348e+02 3.850001e+01 2.319932e+02
    endloop
  endfacet
  facet normal 4.132497e-02 -2.414854e-09 9.991458e-01
    outer loop
      vertex   -1.400000e+02 4.150001e+01 2.320000e+02
      vertex   -1.398348e+02 3.850001e+01 2.319932e+02
      vertex   -1.398348e+02 4.150001e+01 2.319932e+02
    endloop
  endfacet
  facet normal 1.236926e-01 -7.228084e-09 9.923206e-01
    outer loop
      vertex   -1.398348e+02 4.150001e+01 2.319932e+02
      vertex   -1.398348e+02 3.850001e+01 2.319932e+02
      vertex   -1.396708e+02 4.150001e+01 2.319727e+02
    endloop
  endfacet
  facet normal 1.236926e-01 -7.228094e-09 9.923206e-01
    outer loop
      vertex   -1.396708e+02 4.150001e+01 2.319727e+02
      vertex   -1.398348e+02 3.850001e+01 2.319932e+02
      vertex   -1.396708e+02 3.850001e+01 2.319727e+02
    endloop
  endfacet
  facet normal 2.052153e-01 -1.199195e-08 9.787168e-01
    outer loop
      vertex   -1.396708e+02 4.150001e+01 2.319727e+02
      vertex   -1.396708e+02 3.850001e+01 2.319727e+02
      vertex   -1.395090e+02 4.150001e+01 2.319388e+02
    endloop
  endfacet
  facet normal 2.052153e-01 -1.199195e-08 9.787168e-01
    outer loop
      vertex   -1.395090e+02 4.150001e+01 2.319388e+02
      vertex   -1.396708e+02 3.850001e+01 2.319727e+02
      vertex   -1.395090e+02 3.850001e+01 2.319388e+02
    endloop
  endfacet
  facet normal 2.853362e-01 -1.667389e-08 9.584275e-01
    outer loop
      vertex   -1.395090e+02 4.150001e+01 2.319388e+02
      vertex   -1.395090e+02 3.850001e+01 2.319388e+02
      vertex   -1.393506e+02 4.150001e+01 2.318916e+02
    endloop
  endfacet
  facet normal 2.853362e-01 -1.667389e-08 9.584275e-01
    outer loop
      vertex   -1.393506e+02 4.150001e+01 2.318916e+02
      vertex   -1.395090e+02 3.850001e+01 2.319388e+02
      vertex   -1.393506e+02 3.850001e+01 2.318916e+02
    endloop
  endfacet
  facet normal 3.635080e-01 -2.124192e-08 9.315911e-01
    outer loop
      vertex   -1.393506e+02 4.150001e+01 2.318916e+02
      vertex   -1.393506e+02 3.850001e+01 2.318916e+02
      vertex   -1.391966e+02 4.150001e+01 2.318316e+02
    endloop
  endfacet
  facet normal 3.635080e-01 -2.124193e-08 9.315911e-01
    outer loop
      vertex   -1.391966e+02 4.150001e+01 2.318316e+02
      vertex   -1.393506e+02 3.850001e+01 2.318916e+02
      vertex   -1.391966e+02 3.850001e+01 2.318316e+02
    endloop
  endfacet
  facet normal 4.391966e-01 -2.566486e-08 8.983910e-01
    outer loop
      vertex   -1.391966e+02 4.150001e+01 2.318316e+02
      vertex   -1.391966e+02 3.850001e+01 2.318316e+02
      vertex   -1.390481e+02 4.150001e+01 2.317590e+02
    endloop
  endfacet
  facet normal 4.391966e-01 -2.566485e-08 8.983910e-01
    outer loop
      vertex   -1.390481e+02 4.150001e+01 2.317590e+02
      vertex   -1.391966e+02 3.850001e+01 2.318316e+02
      vertex   -1.390481e+02 3.850001e+01 2.317590e+02
    endloop
  endfacet
  facet normal 5.118850e-01 -2.991247e-08 8.590540e-01
    outer loop
      vertex   -1.390481e+02 4.150001e+01 2.317590e+02
      vertex   -1.390481e+02 3.850001e+01 2.317590e+02
      vertex   -1.389061e+02 4.150001e+01 2.316743e+02
    endloop
  endfacet
  facet normal 5.118850e-01 -2.991248e-08 8.590540e-01
    outer loop
      vertex   -1.389061e+02 4.150001e+01 2.316743e+02
      vertex   -1.390481e+02 3.850001e+01 2.317590e+02
      vertex   -1.389061e+02 3.850001e+01 2.316743e+02
    endloop
  endfacet
  facet normal 5.810768e-01 -3.395576e-08 8.138487e-01
    outer loop
      vertex   -1.389061e+02 4.150001e+01 2.316743e+02
      vertex   -1.389061e+02 3.850001e+01 2.316743e+02
      vertex   -1.387716e+02 4.150001e+01 2.315783e+02
    endloop
  endfacet
  facet normal 5.810768e-01 -3.395576e-08 8.138487e-01
    outer loop
      vertex   -1.387716e+02 4.150001e+01 2.315783e+02
      vertex   -1.389061e+02 3.850001e+01 2.316743e+02
      vertex   -1.387716e+02 3.850001e+01 2.315783e+02
    endloop
  endfacet
  facet normal 6.462992e-01 -3.776709e-08 7.630841e-01
    outer loop
      vertex   -1.387716e+02 4.150001e+01 2.315783e+02
      vertex   -1.387716e+02 3.850001e+01 2.315783e+02
      vertex   -1.386454e+02 4.150001e+01 2.314715e+02
    endloop
  endfacet
  facet normal 6.462992e-01 -3.776710e-08 7.630841e-01
    outer loop
      vertex   -1.386454e+02 4.150001e+01 2.314715e+02
      vertex   -1.387716e+02 3.850001e+01 2.315783e+02
      vertex   -1.386454e+02 3.850001e+01 2.314715e+02
    endloop
  endfacet
  facet normal 7.071068e-01 -4.132044e-08 7.071068e-01
    outer loop
      vertex   -1.386454e+02 4.150001e+01 2.314715e+02
      vertex   -1.386454e+02 3.850001e+01 2.314715e+02
      vertex   -1.385286e+02 4.150001e+01 2.313546e+02
    endloop
  endfacet
  facet normal 7.071068e-01 -4.132044e-08 7.071068e-01
    outer loop
      vertex   -1.385286e+02 4.150001e+01 2.313546e+02
      vertex   -1.386454e+02 3.850001e+01 2.314715e+02
      vertex   -1.385286e+02 3.850001e+01 2.313546e+02
    endloop
  endfacet
  facet normal 7.630841e-01 -4.459153e-08 6.462992e-01
    outer loop
      vertex   -1.385286e+02 4.150001e+01 2.313546e+02
      vertex   -1.385286e+02 3.850001e+01 2.313546e+02
      vertex   -1.384217e+02 4.150001e+01 2.312284e+02
    endloop
  endfacet
  facet normal 7.630841e-01 -4.459152e-08 6.462992e-01
    outer loop
      vertex   -1.384217e+02 4.150001e+01 2.312284e+02
      vertex   -1.385286e+02 3.850001e+01 2.313546e+02
      vertex   -1.384217e+02 3.850001e+01 2.312284e+02
    endloop
  endfacet
  facet normal 8.138487e-01 -4.755800e-08 5.810768e-01
    outer loop
      vertex   -1.384217e+02 4.150001e+01 2.312284e+02
      vertex   -1.384217e+02 3.850001e+01 2.312284e+02
      vertex   -1.383257e+02 4.150001e+01 2.310939e+02
    endloop
  endfacet
  facet normal 8.138487e-01 -4.755800e-08 5.810768e-01
    outer loop
      vertex   -1.383257e+02 4.150001e+01 2.310939e+02
      vertex   -1.384217e+02 3.850001e+01 2.312284e+02
      vertex   -1.383257e+02 3.850001e+01 2.310939e+02
    endloop
  endfacet
  facet normal 8.590540e-01 -5.019961e-08 5.118850e-01
    outer loop
      vertex   -1.383257e+02 4.150001e+01 2.310939e+02
      vertex   -1.383257e+02 3.850001e+01 2.310939e+02
      vertex   -1.382411e+02 4.150001e+01 2.309519e+02
    endloop
  endfacet
  facet normal 8.590540e-01 -5.019962e-08 5.118850e-01
    outer loop
      vertex   -1.382411e+02 4.150001e+01 2.309519e+02
      vertex   -1.383257e+02 3.850001e+01 2.310939e+02
      vertex   -1.382411e+02 3.850001e+01 2.309519e+02
    endloop
  endfacet
  facet normal 8.983910e-01 -5.249832e-08 4.391966e-01
    outer loop
      vertex   -1.382411e+02 4.150001e+01 2.309519e+02
      vertex   -1.382411e+02 3.850001e+01 2.309519e+02
      vertex   -1.381685e+02 4.150001e+01 2.308034e+02
    endloop
  endfacet
  facet normal 8.983910e-01 -5.249832e-08 4.391966e-01
    outer loop
      vertex   -1.381685e+02 4.150001e+01 2.308034e+02
      vertex   -1.382411e+02 3.850001e+01 2.309519e+02
      vertex   -1.381685e+02 3.850001e+01 2.308034e+02
    endloop
  endfacet
  facet normal 9.315911e-01 -5.443839e-08 3.635080e-01
    outer loop
      vertex   -1.381685e+02 4.150001e+01 2.308034e+02
      vertex   -1.381685e+02 3.850001e+01 2.308034e+02
      vertex   -1.381084e+02 4.150001e+01 2.306494e+02
    endloop
  endfacet
  facet normal 9.315911e-01 -5.443839e-08 3.635080e-01
    outer loop
      vertex   -1.381084e+02 4.150001e+01 2.306494e+02
      vertex   -1.381685e+02 3.850001e+01 2.308034e+02
      vertex   -1.381084e+02 3.850001e+01 2.306494e+02
    endloop
  endfacet
  facet normal 9.584275e-01 -5.600660e-08 2.853362e-01
    outer loop
      vertex   -1.381084e+02 4.150001e+01 2.306494e+02
      vertex   -1.381084e+02 3.850001e+01 2.306494e+02
      vertex   -1.380612e+02 4.150001e+01 2.304910e+02
    endloop
  endfacet
  facet normal 9.584275e-01 -5.600659e-08 2.853362e-01
    outer loop
      vertex   -1.380612e+02 4.150001e+01 2.304910e+02
      vertex   -1.381084e+02 3.850001e+01 2.306494e+02
      vertex   -1.380612e+02 3.850001e+01 2.304910e+02
    endloop
  endfacet
  facet normal 9.787168e-01 -5.719221e-08 2.052153e-01
    outer loop
      vertex   -1.380612e+02 4.150001e+01 2.304910e+02
      vertex   -1.380612e+02 3.850001e+01 2.304910e+02
      vertex   -1.380273e+02 4.150001e+01 2.303292e+02
    endloop
  endfacet
  facet normal 9.787168e-01 -5.719222e-08 2.052153e-01
    outer loop
      vertex   -1.380273e+02 4.150001e+01 2.303292e+02
      vertex   -1.380612e+02 3.850001e+01 2.304910e+02
      vertex   -1.380273e+02 3.850001e+01 2.303292e+02
    endloop
  endfacet
  facet normal 9.923206e-01 -5.798717e-08 1.236926e-01
    outer loop
      vertex   -1.380273e+02 4.150001e+01 2.303292e+02
      vertex   -1.380273e+02 3.850001e+01 2.303292e+02
      vertex   -1.380068e+02 4.150001e+01 2.301652e+02
    endloop
  endfacet
  facet normal 9.923206e-01 -5.798717e-08 1.236926e-01
    outer loop
      vertex   -1.380068e+02 4.150001e+01 2.301652e+02
      vertex   -1.380273e+02 3.850001e+01 2.303292e+02
      vertex   -1.380068e+02 3.850001e+01 2.301652e+02
    endloop
  endfacet
  facet normal 9.923206e-01 -5.798718e-08 1.236926e-01
    outer loop
      vertex   -1.380273e+02 3.550001e+01 2.303292e+02
      vertex   -1.380068e+02 3.550001e+01 2.301652e+02
      vertex   -1.380068e+02 3.850001e+01 2.301652e+02
    endloop
  endfacet
  facet normal 9.923206e-01 -5.798718e-08 1.236926e-01
    outer loop
      vertex   -1.380273e+02 3.550001e+01 2.303292e+02
      vertex   -1.380068e+02 3.850001e+01 2.301652e+02
      vertex   -1.380273e+02 3.850001e+01 2.303292e+02
    endloop
  endfacet
  facet normal 9.787168e-01 -5.719223e-08 2.052153e-01
    outer loop
      vertex   -1.380612e+02 3.550001e+01 2.304910e+02
      vertex   -1.380273e+02 3.550001e+01 2.303292e+02
      vertex   -1.380273e+02 3.850001e+01 2.303292e+02
    endloop
  endfacet
  facet normal 9.787168e-01 -5.719222e-08 2.052153e-01
    outer loop
      vertex   -1.380612e+02 3.550001e+01 2.304910e+02
      vertex   -1.380273e+02 3.850001e+01 2.303292e+02
      vertex   -1.380612e+02 3.850001e+01 2.304910e+02
    endloop
  endfacet
  facet normal 9.584275e-01 -5.600660e-08 2.853362e-01
    outer loop
      vertex   -1.381084e+02 3.550001e+01 2.306494e+02
      vertex   -1.380612e+02 3.550001e+01 2.304910e+02
      vertex   -1.380612e+02 3.850001e+01 2.304910e+02
    endloop
  endfacet
  facet normal 9.584275e-01 -5.600660e-08 2.853362e-01
    outer loop
      vertex   -1.381084e+02 3.550001e+01 2.306494e+02
      vertex   -1.380612e+02 3.850001e+01 2.304910e+02
      vertex   -1.381084e+02 3.850001e+01 2.306494e+02
    endloop
  endfacet
  facet normal 9.315911e-01 -5.443839e-08 3.635080e-01
    outer loop
      vertex   -1.381685e+02 3.550001e+01 2.308034e+02
      vertex   -1.381084e+02 3.550001e+01 2.306494e+02
      vertex   -1.381084e+02 3.850001e+01 2.306494e+02
    endloop
  endfacet
  facet normal 9.315911e-01 -5.443839e-08 3.635080e-01
    outer loop
      vertex   -1.381685e+02 3.550001e+01 2.308034e+02
      vertex   -1.381084e+02 3.850001e+01 2.306494e+02
      vertex   -1.381685e+02 3.850001e+01 2.308034e+02
    endloop
  endfacet
  facet normal 8.983910e-01 -5.249831e-08 4.391966e-01
    outer loop
      vertex   -1.382411e+02 3.550001e+01 2.309519e+02
      vertex   -1.381685e+02 3.550001e+01 2.308034e+02
      vertex   -1.381685e+02 3.850001e+01 2.308034e+02
    endloop
  endfacet
  facet normal 8.983910e-01 -5.249831e-08 4.391966e-01
    outer loop
      vertex   -1.382411e+02 3.550001e+01 2.309519e+02
      vertex   -1.381685e+02 3.850001e+01 2.308034e+02
      vertex   -1.382411e+02 3.850001e+01 2.309519e+02
    endloop
  endfacet
  facet normal 8.590540e-01 -5.019961e-08 5.118850e-01
    outer loop
      vertex   -1.383257e+02 3.550001e+01 2.310939e+02
      vertex   -1.382411e+02 3.550001e+01 2.309519e+02
      vertex   -1.382411e+02 3.850001e+01 2.309519e+02
    endloop
  endfacet
  facet normal 8.590540e-01 -5.019961e-08 5.118850e-01
    outer loop
      vertex   -1.383257e+02 3.550001e+01 2.310939e+02
      vertex   -1.382411e+02 3.850001e+01 2.309519e+02
      vertex   -1.383257e+02 3.850001e+01 2.310939e+02
    endloop
  endfacet
  facet normal 8.138487e-01 -4.755800e-08 5.810768e-01
    outer loop
      vertex   -1.384217e+02 3.550001e+01 2.312284e+02
      vertex   -1.383257e+02 3.550001e+01 2.310939e+02
      vertex   -1.383257e+02 3.850001e+01 2.310939e+02
    endloop
  endfacet
  facet normal 8.138487e-01 -4.755799e-08 5.810768e-01
    outer loop
      vertex   -1.384217e+02 3.550001e+01 2.312284e+02
      vertex   -1.383257e+02 3.850001e+01 2.310939e+02
      vertex   -1.384217e+02 3.850001e+01 2.312284e+02
    endloop
  endfacet
  facet normal 7.630841e-01 -4.459151e-08 6.462992e-01
    outer loop
      vertex   -1.385286e+02 3.550001e+01 2.313546e+02
      vertex   -1.384217e+02 3.550001e+01 2.312284e+02
      vertex   -1.384217e+02 3.850001e+01 2.312284e+02
    endloop
  endfacet
  facet normal 7.630841e-01 -4.459152e-08 6.462992e-01
    outer loop
      vertex   -1.385286e+02 3.550001e+01 2.313546e+02
      vertex   -1.384217e+02 3.850001e+01 2.312284e+02
      vertex   -1.385286e+02 3.850001e+01 2.313546e+02
    endloop
  endfacet
  facet normal 7.071068e-01 -4.132044e-08 7.071068e-01
    outer loop
      vertex   -1.386454e+02 3.550001e+01 2.314715e+02
      vertex   -1.385286e+02 3.550001e+01 2.313546e+02
      vertex   -1.385286e+02 3.850001e+01 2.313546e+02
    endloop
  endfacet
  facet normal 7.071068e-01 -4.132044e-08 7.071068e-01
    outer loop
      vertex   -1.386454e+02 3.550001e+01 2.314715e+02
      vertex   -1.385286e+02 3.850001e+01 2.313546e+02
      vertex   -1.386454e+02 3.850001e+01 2.314715e+02
    endloop
  endfacet
  facet normal 6.462992e-01 -3.776709e-08 7.630841e-01
    outer loop
      vertex   -1.387716e+02 3.550001e+01 2.315783e+02
      vertex   -1.386454e+02 3.550001e+01 2.314715e+02
      vertex   -1.386454e+02 3.850001e+01 2.314715e+02
    endloop
  endfacet
  facet normal 6.462992e-01 -3.776709e-08 7.630841e-01
    outer loop
      vertex   -1.387716e+02 3.550001e+01 2.315783e+02
      vertex   -1.386454e+02 3.850001e+01 2.314715e+02
      vertex   -1.387716e+02 3.850001e+01 2.315783e+02
    endloop
  endfacet
  facet normal 5.810768e-01 -3.395576e-08 8.138487e-01
    outer loop
      vertex   -1.389061e+02 3.550001e+01 2.316743e+02
      vertex   -1.387716e+02 3.550001e+01 2.315783e+02
      vertex   -1.387716e+02 3.850001e+01 2.315783e+02
    endloop
  endfacet
  facet normal 5.810768e-01 -3.395576e-08 8.138487e-01
    outer loop
      vertex   -1.389061e+02 3.550001e+01 2.316743e+02
      vertex   -1.387716e+02 3.850001e+01 2.315783e+02
      vertex   -1.389061e+02 3.850001e+01 2.316743e+02
    endloop
  endfacet
  facet normal 5.118850e-01 -2.991248e-08 8.590540e-01
    outer loop
      vertex   -1.390481e+02 3.550001e+01 2.317590e+02
      vertex   -1.389061e+02 3.550001e+01 2.316743e+02
      vertex   -1.389061e+02 3.850001e+01 2.316743e+02
    endloop
  endfacet
  facet normal 5.118850e-01 -2.991248e-08 8.590540e-01
    outer loop
      vertex   -1.390481e+02 3.550001e+01 2.317590e+02
      vertex   -1.389061e+02 3.850001e+01 2.316743e+02
      vertex   -1.390481e+02 3.850001e+01 2.317590e+02
    endloop
  endfacet
  facet normal 4.391966e-01 -2.566486e-08 8.983910e-01
    outer loop
      vertex   -1.391966e+02 3.550001e+01 2.318316e+02
      vertex   -1.390481e+02 3.550001e+01 2.317590e+02
      vertex   -1.390481e+02 3.850001e+01 2.317590e+02
    endloop
  endfacet
  facet normal 4.391966e-01 -2.566486e-08 8.983910e-01
    outer loop
      vertex   -1.391966e+02 3.550001e+01 2.318316e+02
      vertex   -1.390481e+02 3.850001e+01 2.317590e+02
      vertex   -1.391966e+02 3.850001e+01 2.318316e+02
    endloop
  endfacet
  facet normal 3.635080e-01 -2.124192e-08 9.315911e-01
    outer loop
      vertex   -1.393506e+02 3.550001e+01 2.318916e+02
      vertex   -1.391966e+02 3.550001e+01 2.318316e+02
      vertex   -1.391966e+02 3.850001e+01 2.318316e+02
    endloop
  endfacet
  facet normal 3.635080e-01 -2.124192e-08 9.315911e-01
    outer loop
      vertex   -1.393506e+02 3.550001e+01 2.318916e+02
      vertex   -1.391966e+02 3.850001e+01 2.318316e+02
      vertex   -1.393506e+02 3.850001e+01 2.318916e+02
    endloop
  endfacet
  facet normal 2.853362e-01 -1.667389e-08 9.584275e-01
    outer loop
      vertex   -1.395090e+02 3.550001e+01 2.319388e+02
      vertex   -1.393506e+02 3.550001e+01 2.318916e+02
      vertex   -1.393506e+02 3.850001e+01 2.318916e+02
    endloop
  endfacet
  facet normal 2.853362e-01 -1.667389e-08 9.584275e-01
    outer loop
      vertex   -1.395090e+02 3.550001e+01 2.319388e+02
      vertex   -1.393506e+02 3.850001e+01 2.318916e+02
      vertex   -1.395090e+02 3.850001e+01 2.319388e+02
    endloop
  endfacet
  facet normal 2.052153e-01 -1.199195e-08 9.787168e-01
    outer loop
      vertex   -1.396708e+02 3.550001e+01 2.319727e+02
      vertex   -1.395090e+02 3.550001e+01 2.319388e+02
      vertex   -1.395090e+02 3.850001e+01 2.319388e+02
    endloop
  endfacet
  facet normal 2.052153e-01 -1.199195e-08 9.787168e-01
    outer loop
      vertex   -1.396708e+02 3.550001e+01 2.319727e+02
      vertex   -1.395090e+02 3.850001e+01 2.319388e+02
      vertex   -1.396708e+02 3.850001e+01 2.319727e+02
    endloop
  endfacet
  facet normal 1.236926e-01 -7.228093e-09 9.923206e-01
    outer loop
      vertex   -1.398348e+02 3.550001e+01 2.319932e+02
      vertex   -1.396708e+02 3.550001e+01 2.319727e+02
      vertex   -1.396708e+02 3.850001e+01 2.319727e+02
    endloop
  endfacet
  facet normal 1.236926e-01 -7.228093e-09 9.923206e-01
    outer loop
      vertex   -1.398348e+02 3.550001e+01 2.319932e+02
      vertex   -1.396708e+02 3.850001e+01 2.319727e+02
      vertex   -1.398348e+02 3.850001e+01 2.319932e+02
    endloop
  endfacet
  facet normal 0.000000e+00 0.000000e+00 1.000000e+00
    outer loop
      vertex   -1.560000e+02 3.750002e+01 2.320000e+02
      vertex   -1.560000e+02 3.250002e+01 2.320000e+02
      vertex   -1.420000e+02 3.750001e+01 2.320000e+02
    endloop
  endfacet
  facet normal 0.000000e+00 0.000000e+00 1.000000e+00
    outer loop
      vertex   -1.420000e+02 3.750001e+01 2.320000e+02
      vertex   -1.560000e+02 3.250002e+01 2.320000e+02
      vertex   -1.400000e+02 3.250001e+01 2.320000e+02
    endloop
  endfacet
  facet normal -0.000000e+00 0.000000e+00 1.000000e+00
    outer loop
      vertex   -1.420000e+02 3.750001e+01 2.320000e+02
      vertex   -1.400000e+02 3.250001e+01 2.320000e+02
      vertex   -1.400000e+02 4.150001e+01 2.320000e+02
    endloop
  endfacet
  facet normal 0.000000e+00 0.000000e+00 1.000000e+00
    outer loop
      vertex   -1.400000e+02 4.150001e+01 2.320000e+02
      vertex   -1.420000e+02 4.150001e+01 2.320000e+02
      vertex   -1.420000e+02 3.750001e+01 2.320000e+02
    endloop
  endfacet
  facet normal -4.132497e-02 2.414863e-09 9.991458e-01
    outer loop
      vertex   -1.560000e+02 3.250002e+01 2.320000e+02
      vertex   -1.560000e+02 3.750002e+01 2.320000e+02
      vertex   -1.561652e+02 3.500002e+01 2.319932e+02
    endloop
  endfacet
  facet normal -4.132497e-02 2.414874e-09 9.991458e-01
    outer loop
      vertex   -1.561652e+02 3.500002e+01 2.319932e+02
      vertex   -1.560000e+02 3.750002e+01 2.320000e+02
      vertex   -1.561652e+02 3.750002e+01 2.319932e+02
    endloop
  endfacet
  facet normal -1.236926e-01 7.228104e-09 9.923206e-01
    outer loop
      vertex   -1.561652e+02 3.500002e+01 2.319932e+02
      vertex   -1.561652e+02 3.750002e+01 2.319932e+02
      vertex   -1.563292e+02 3.500002e+01 2.319727e+02
    endloop
  endfacet
  facet normal -1.236926e-01 7.228094e-09 9.923206e-01
    outer loop
      vertex   -1.563292e+02 3.500002e+01 2.319727e+02
      vertex   -1.561652e+02 3.750002e+01 2.319932e+02
      vertex   -1.563292e+02 3.750002e+01 2.319727e+02
    endloop
  endfacet
  facet normal -2.052153e-01 1.199195e-08 9.787168e-01
    outer loop
      vertex   -1.563292e+02 3.500002e+01 2.319727e+02
      vertex   -1.563292e+02 3.750002e+01 2.319727e+02
      vertex   -1.564910e+02 3.500002e+01 2.319388e+02
    endloop
  endfacet
  facet normal -2.052153e-01 1.199195e-08 9.787168e-01
    outer loop
      vertex   -1.564910e+02 3.500002e+01 2.319388e+02
      vertex   -1.563292e+02 3.750002e+01 2.319727e+02
      vertex   -1.564910e+02 3.750002e+01 2.319388e+02
    endloop
  endfacet
  facet normal -2.853362e-01 1.667389e-08 9.584275e-01
    outer loop
      vertex   -1.564910e+02 3.500002e+01 2.319388e+02
      vertex   -1.564910e+02 3.750002e+01 2.319388e+02
      vertex   -1.566494e+02 3.500002e+01 2.318916e+02
    endloop
  endfacet
  facet normal -2.853362e-01 1.667388e-08 9.584275e-01
    outer loop
      vertex   -1.566494e+02 3.500002e+01 2.318916e+02
      vertex   -1.564910e+02 3.750002e+01 2.319388e+02
      vertex   -1.566494e+02 3.750002e+01 2.318916e+02
    endloop
  endfacet
  facet normal -3.635080e-01 2.124192e-08 9.315911e-01
    outer loop
      vertex   -1.566494e+02 3.500002e+01 2.318916e+02
      vertex   -1.566494e+02 3.750002e+01 2.318916e+02
      vertex   -1.568034e+02 3.500002e+01 2.318316e+02
    endloop
  endfacet
  facet normal -3.635080e-01 2.124193e-08 9.315911e-01
    outer loop
      vertex   -1.568034e+02 3.500002e+01 2.318316e+02
      vertex   -1.566494e+02 3.750002e+01 2.318916e+02
      vertex   -1.568034e+02 3.750002e+01 2.318316e+02
    endloop
  endfacet
  facet normal -4.391966e-01 2.566486e-08 8.983910e-01
    outer loop
      vertex   -1.568034e+02 3.500002e+01 2.318316e+02
      vertex   -1.568034e+02 3.750002e+01 2.318316e+02
      vertex   -1.569519e+02 3.500002e+01 2.317590e+02
    endloop
  endfacet
  facet normal -4.391966e-01 2.566486e-08 8.983910e-01
    outer loop
      vertex   -1.569519e+02 3.500002e+01 2.317590e+02
      vertex   -1.568034e+02 3.750002e+01 2.318316e+02
      vertex   -1.569519e+02 3.750002e+01 2.317590e+02
    endloop
  endfacet
  facet normal -5.118850e-01 2.991247e-08 8.590540e-01
    outer loop
      vertex   -1.569519e+02 3.500002e+01 2.317590e+02
      vertex   -1.569519e+02 3.750002e+01 2.317590e+02
      vertex   -1.570939e+02 3.500002e+01 2.316743e+02
    endloop
  endfacet
  facet normal -5.118850e-01 2.991248e-08 8.590540e-01
    outer loop
      vertex   -1.570939e+02 3.500002e+01 2.316743e+02
      vertex   -1.569519e+02 3.750002e+01 2.317590e+02
      vertex   -1.570939e+02 3.750002e+01 2.316743e+02
    endloop
  endfacet
  facet normal -5.810768e-01 3.395576e-08 8.138487e-01
    outer loop
      vertex   -1.570939e+02 3.500002e+01 2.316743e+02
      vertex   -1.570939e+02 3.750002e+01 2.316743e+02
      vertex   -1.572284e+02 3.500002e+01 2.315783e+02
    endloop
  endfacet
  facet normal -5.810768e-01 3.395576e-08 8.138487e-01
    outer loop
      vertex   -1.572284e+02 3.500002e+01 2.315783e+02
      vertex   -1.570939e+02 3.750002e+01 2.316743e+02
      vertex   -1.572284e+02 3.750002e+01 2.315783e+02
    endloop
  endfacet
  facet normal -6.462992e-01 3.776710e-08 7.630841e-01
    outer loop
      vertex   -1.572284e+02 3.500002e+01 2.315783e+02
      vertex   -1.572284e+02 3.750002e+01 2.315783e+02
      vertex   -1.573546e+02 3.500002e+01 2.314715e+02
    endloop
  endfacet
  facet normal -6.462992e-01 3.776710e-08 7.630841e-01
    outer loop
      vertex   -1.573546e+02 3.500002e+01 2.314715e+02
      vertex   -1.572284e+02 3.750002e+01 2.315783e+02
      vertex   -1.573546e+02 3.750002e+01 2.314715e+02
    endloop
  endfacet
  facet normal -7.071068e-01 4.132044e-08 7.071068e-01
    outer loop
      vertex   -1.573546e+02 3.500002e+01 2.314715e+02
      vertex   -1.573546e+02 3.750002e+01 2.314715e+02
      vertex   -1.574714e+02 3.500002e+01 2.313546e+02
    endloop
  endfacet
  facet normal -7.071068e-01 4.132044e-08 7.071068e-01
    outer loop
      vertex   -1.574714e+02 3.500002e+01 2.313546e+02
      vertex   -1.573546e+02 3.750002e+01 2.314715e+02
      vertex   -1.574714e+02 3.750002e+01 2.313546e+02
    endloop
  endfacet
  facet normal -7.630841e-01 4.459153e-08 6.462992e-01
    outer loop
      vertex   -1.574714e+02 3.500002e+01 2.313546e+02
      vertex   -1.574714e+02 3.750002e+01 2.313546e+02
      vertex   -1.575783e+02 3.500002e+01 2.312284e+02
    endloop
  endfacet
  facet normal -7.630841e-01 4.459153e-08 6.462992e-01
    outer loop
      vertex   -1.575783e+02 3.500002e+01 2.312284e+02
      vertex   -1.574714e+02 3.750002e+01 2.313546e+02
      vertex   -1.575783e+02 3.750002e+01 2.312284e+02
    endloop
  endfacet
  facet normal -8.138487e-01 4.755801e-08 5.810768e-01
    outer loop
      vertex   -1.575783e+02 3.500002e+01 2.312284e+02
      vertex   -1.575783e+02 3.750002e+01 2.312284e+02
      vertex   -1.576743e+02 3.500002e+01 2.310939e+02
    endloop
  endfacet
  facet normal -8.138487e-01 4.755801e-08 5.810768e-01
    outer loop
      vertex   -1.576743e+02 3.500002e+01 2.310939e+02
      vertex   -1.575783e+02 3.750002e+01 2.312284e+02
      vertex   -1.576743e+02 3.750002e+01 2.310939e+02
    endloop
  endfacet
  facet normal -8.590540e-01 5.019962e-08 5.118850e-01
    outer loop
      vertex   -1.576743e+02 3.500002e+01 2.310939e+02
      vertex   -1.576743e+02 3.750002e+01 2.310939e+02
      vertex   -1.577589e+02 3.500002e+01 2.309519e+02
    endloop
  endfacet
  facet normal -8.590540e-01 5.019962e-08 5.118850e-01
    outer loop
      vertex   -1.577589e+02 3.500002e+01 2.309519e+02
      vertex   -1.576743e+02 3.750002e+01 2.310939e+02
      vertex   -1.577589e+02 3.750002e+01 2.309519e+02
    endloop
  endfacet
  facet normal -8.983910e-01 5.249831e-08 4.391966e-01
    outer loop
      vertex   -1.577589e+02 3.500002e+01 2.309519e+02
      vertex   -1.577589e+02 3.750002e+01 2.309519e+02
      vertex   -1.578315e+02 3.500002e+01 2.308034e+02
    endloop
  endfacet
  facet normal -8.983910e-01 5.249831e-08 4.391966e-01
    outer loop
      vertex   -1.578315e+02 3.500002e+01 2.308034e+02
      vertex   -1.577589e+02 3.750002e+01 2.309519e+02
      vertex   -1.578315e+02 3.750002e+01 2.308034e+02
    endloop
  endfacet
  facet normal -9.315911e-01 5.443839e-08 3.635080e-01
    outer loop
      vertex   -1.578315e+02 3.500002e+01 2.308034e+02
      vertex   -1.578315e+02 3.750002e+01 2.308034e+02
      vertex   -1.578916e+02 3.500002e+01 2.306494e+02
    endloop
  endfacet
  facet normal -9.315911e-01 5.443839e-08 3.635080e-01
    outer loop
      vertex   -1.578916e+02 3.500002e+01 2.306494e+02
      vertex   -1.578315e+02 3.750002e+01 2.308034e+02
      vertex   -1.578916e+02 3.750002e+01 2.306494e+02
    endloop
  endfacet
  facet normal -9.584275e-01 5.600660e-08 2.853362e-01
    outer loop
      vertex   -1.578916e+02 3.500002e+01 2.306494e+02
      vertex   -1.578916e+02 3.750002e+01 2.306494e+02
      vertex   -1.579388e+02 3.500002e+01 2.304910e+02
    endloop
  endfacet
  facet normal -9.584275e-01 5.600660e-08 2.853362e-01
    outer loop
      vertex   -1.579388e+02 3.500002e+01 2.304910e+02
      vertex   -1.578916e+02 3.750002e+01 2.306494e+02
      vertex   -1.579388e+02 3.750002e+01 2.304910e+02
    endloop
  endfacet
  facet normal -9.787168e-01 5.719223e-08 2.052153e-01
    outer loop
      vertex   -1.579388e+02 3.500002e+01 2.304910e+02
      vertex   -1.579388e+02 3.750002e+01 2.304910e+02
      vertex   -1.579727e+02 3.500002e+01 2.303292e+02
    endloop
  endfacet
  facet normal -9.787168e-01 5.719223e-08 2.052153e-01
    outer loop
      vertex   -1.579727e+02 3.500002e+01 2.303292e+02
      vertex   -1.579388e+02 3.750002e+01 2.304910e+02
      vertex   -1.579727e+02 3.750002e+01 2.303292e+02
    endloop
  endfacet
  facet normal -9.923206e-01 5.798718e-08 1.236926e-01
    outer loop
      vertex   -1.579727e+02 3.500002e+01 2.303292e+02
      vertex   -1.579727e+02 3.750002e+01 2.303292e+02
      vertex   -1.579932e+02 3.500002e+01 2.301652e+02
    endloop
  endfacet
  facet normal -9.923206e-01 5.798718e-08 1.236926e-01
    outer loop
      vertex   -1.579932e+02 3.500002e+01 2.301652e+02
      vertex   -1.579727e+02 3.750002e+01 2.303292e+02
      vertex   -1.579932e+02 3.750002e+01 2.301652e+02
    endloop
  endfacet
  facet normal -9.991458e-01 5.838601e-08 4.132497e-02
    outer loop
      vertex   -1.579932e+02 3.500002e+01 2.301652e+02
      vertex   -1.579932e+02 3.750002e+01 2.301652e+02
      vertex   -1.580000e+02 3.750002e+01 2.300000e+02
    endloop
  endfacet
  facet normal -9.991458e-01 5.838601e-08 4.132497e-02
    outer loop
      vertex   -1.580000e+02 3.750002e+01 2.300000e+02
      vertex   -1.580000e+02 3.250002e+01 2.300000e+02
      vertex   -1.579932e+02 3.500002e+01 2.301652e+02
    endloop
  endfacet
  facet normal -9.991458e-01 5.838600e-08 4.132497e-02
    outer loop
      vertex   -1.579932e+02 3.500002e+01 2.301652e+02
      vertex   -1.580000e+02 3.250002e+01 2.300000e+02
      vertex   -1.579932e+02 3.250002e+01 2.301652e+02
    endloop
  endfacet
  facet normal -9.923206e-01 5.798717e-08 1.236926e-01
    outer loop
      vertex   -1.579932e+02 3.500002e+01 2.301652e+02
      vertex   -1.579932e+02 3.250002e+01 2.301652e+02
      vertex   -1.579727e+02 3.500002e+01 2.303292e+02
    endloop
  endfacet
  facet normal -9.923206e-01 5.798717e-08 1.236926e-01
    outer loop
      vertex   -1.579727e+02 3.500002e+01 2.303292e+02
      vertex   -1.579932e+02 3.250002e+01 2.301652e+02
      vertex   -1.579727e+02 3.250002e+01 2.303292e+02
    endloop
  endfacet
  facet normal -9.787168e-01 5.719222e-08 2.052153e-01
    outer loop
      vertex   -1.579727e+02 3.500002e+01 2.303292e+02
      vertex   -1.579727e+02 3.250002e+01 2.303292e+02
      vertex   -1.579388e+02 3.500002e+01 2.304910e+02
    endloop
  endfacet
  facet normal -9.787168e-01 5.719222e-08 2.052153e-01
    outer loop
      vertex   -1.579388e+02 3.500002e+01 2.304910e+02
      vertex   -1.579727e+02 3.250002e+01 2.303292e+02
      vertex   -1.579388e+02 3.250002e+01 2.304910e+02
    endloop
  endfacet
  facet normal -9.584275e-01 5.600659e-08 2.853362e-01
    outer loop
      vertex   -1.579388e+02 3.500002e+01 2.304910e+02
      vertex   -1.579388e+02 3.250002e+01 2.304910e+02
      vertex   -1.578916e+02 3.500002e+01 2.306494e+02
    endloop
  endfacet
  facet normal -9.584275e-01 5.600659e-08 2.853362e-01
    outer loop
      vertex   -1.578916e+02 3.500002e+01 2.306494e+02
      vertex   -1.579388e+02 3.250002e+01 2.304910e+02
      vertex   -1.578916e+02 3.250002e+01 2.306494e+02
    endloop
  endfacet
  facet normal -9.315911e-01 5.443839e-08 3.635080e-01
    outer loop
      vertex   -1.578916e+02 3.500002e+01 2.306494e+02
      vertex   -1.578916e+02 3.250002e+01 2.306494e+02
      vertex   -1.578315e+02 3.500002e+01 2.308034e+02
    endloop
  endfacet
  facet normal -9.315911e-01 5.443839e-08 3.635080e-01
    outer loop
      vertex   -1.578315e+02 3.500002e+01 2.308034e+02
      vertex   -1.578916e+02 3.250002e+01 2.306494e+02
      vertex   -1.578315e+02 3.250002e+01 2.308034e+02
    endloop
  endfacet
  facet normal -8.983910e-01 5.249831e-08 4.391966e-01
    outer loop
      vertex   -1.578315e+02 3.500002e+01 2.308034e+02
      vertex   -1.578315e+02 3.250002e+01 2.308034e+02
      vertex   -1.577589e+02 3.500002e+01 2.309519e+02
    endloop
  endfacet
  facet normal -8.983910e-01 5.249831e-08 4.391966e-01
    outer loop
      vertex   -1.577589e+02 3.500002e+01 2.309519e+02
      vertex   -1.578315e+02 3.250002e+01 2.308034e+02
      vertex   -1.577589e+02 3.250002e+01 2.309519e+02
    endloop
  endfacet
  facet normal -8.590540e-01 5.019961e-08 5.118850e-01
    outer loop
      vertex   -1.577589e+02 3.500002e+01 2.309519e+02
      vertex   -1.577589e+02 3.250002e+01 2.309519e+02
      vertex   -1.576743e+02 3.500002e+01 2.310939e+02
    endloop
  endfacet
  facet normal -8.590540e-01 5.019961e-08 5.118850e-01
    outer loop
      vertex   -1.576743e+02 3.500002e+01 2.310939e+02
      vertex   -1.577589e+02 3.250002e+01 2.309519e+02
      vertex   -1.576743e+02 3.250002e+01 2.310939e+02
    endloop
  endfacet
  facet normal -8.138487e-01 4.755800e-08 5.810768e-01
    outer loop
      vertex   -1.576743e+02 3.500002e+01 2.310939e+02
      vertex   -1.576743e+02 3.250002e+01 2.310939e+02
      vertex   -1.575783e+02 3.500002e+01 2.312284e+02
    endloop
  endfacet
  facet normal -8.138487e-01 4.755800e-08 5.810768e-01
    outer loop
      vertex   -1.575783e+02 3.500002e+01 2.312284e+02
      vertex   -1.576743e+02 3.250002e+01 2.310939e+02
      vertex   -1.575783e+02 3.250002e+01 2.312284e+02
    endloop
  endfacet
  facet normal -7.630841e-01 4.459152e-08 6.462992e-01
    outer loop
      vertex   -1.575783e+02 3.500002e+01 2.312284e+02
      vertex   -1.575783e+02 3.250002e+01 2.312284e+02
      vertex   -1.574714e+02 3.500002e+01 2.313546e+02
    endloop
  endfacet
  facet normal -7.630841e-01 4.459152e-08 6.462992e-01
    outer loop
      vertex   -1.574714e+02 3.500002e+01 2.313546e+02
      vertex   -1.575783e+02 3.250002e+01 2.312284e+02
      vertex   -1.574714e+02 3.250002e+01 2.313546e+02
    endloop
  endfacet
  facet normal -7.071068e-01 4.132044e-08 7.071068e-01
    outer loop
      vertex   -1.574714e+02 3.500002e+01 2.313546e+02
      vertex   -1.574714e+02 3.250002e+01 2.313546e+02
      vertex   -1.573546e+02 3.500002e+01 2.314715e+02
    endloop
  endfacet
  facet normal -7.071068e-01 4.132043e-08 7.071068e-01
    outer loop
      vertex   -1.573546e+02 3.500002e+01 2.314715e+02
      vertex   -1.574714e+02 3.250002e+01 2.313546e+02
      vertex   -1.573546e+02 3.250002e+01 2.314715e+02
    endloop
  endfacet
  facet normal -6.462992e-01 3.776709e-08 7.630841e-01
    outer loop
      vertex   -1.573546e+02 3.500002e+01 2.314715e+02
      vertex   -1.573546e+02 3.250002e+01 2.314715e+02
      vertex   -1.572284e+02 3.500002e+01 2.315783e+02
    endloop
  endfacet
  facet normal -6.462992e-01 3.776709e-08 7.630841e-01
    outer loop
      vertex   -1.572284e+02 3.500002e+01 2.315783e+02
      vertex   -1.573546e+02 3.250002e+01 2.314715e+02
      vertex   -1.572284e+02 3.250002e+01 2.315783e+02
    endloop
  endfacet
  facet normal -5.810768e-01 3.395576e-08 8.138487e-01
    outer loop
      vertex   -1.572284e+02 3.500002e+01 2.315783e+02
      vertex   -1.572284e+02 3.250002e+01 2.315783e+02
      vertex   -1.570939e+02 3.500002e+01 2.316743e+02
    endloop
  endfacet
  facet normal -5.810768e-01 3.395576e-08 8.138487e-01
    outer loop
      vertex   -1.570939e+02 3.500002e+01 2.316743e+02
      vertex   -1.572284e+02 3.250002e+01 2.315783e+02
      vertex   -1.570939e+02 3.250002e+01 2.316743e+02
    endloop
  endfacet
  facet normal -5.118850e-01 2.991248e-08 8.590540e-01
    outer loop
      vertex   -1.570939e+02 3.500002e+01 2.316743e+02
      vertex   -1.570939e+02 3.250002e+01 2.316743e+02
      vertex   -1.569519e+02 3.500002e+01 2.317590e+02
    endloop
  endfacet
  facet normal -5.118850e-01 2.991248e-08 8.590540e-01
    outer loop
      vertex   -1.569519e+02 3.500002e+01 2.317590e+02
      vertex   -1.570939e+02 3.250002e+01 2.316743e+02
      vertex   -1.569519e+02 3.250002e+01 2.317590e+02
    endloop
  endfacet
  facet normal -4.391966e-01 2.566486e-08 8.983910e-01
    outer loop
      vertex   -1.569519e+02 3.500002e+01 2.317590e+02
      vertex   -1.569519e+02 3.250002e+01 2.317590e+02
      vertex   -1.568034e+02 3.500002e+01 2.318316e+02
    endloop
  endfacet
  facet normal -4.391966e-01 2.566486e-08 8.983910e-01
    outer loop
      vertex   -1.568034e+02 3.500002e+01 2.318316e+02
      vertex   -1.569519e+02 3.250002e+01 2.317590e+02
      vertex   -1.568034e+02 3.250002e+01 2.318316e+02
    endloop
  endfacet
  facet normal -3.635080e-01 2.124192e-08 9.315911e-01
    outer loop
      vertex   -1.568034e+02 3.500002e+01 2.318316e+02
      vertex   -1.568034e+02 3.250002e+01 2.318316e+02
      vertex   -1.566494e+02 3.500002e+01 2.318916e+02
    endloop
  endfacet
  facet normal -3.635080e-01 2.124193e-08 9.315911e-01
    outer loop
      vertex   -1.566494e+02 3.500002e+01 2.318916e+02
      vertex   -1.568034e+02 3.250002e+01 2.318316e+02
      vertex   -1.566494e+02 3.250002e+01 2.318916e+02
    endloop
  endfacet
  facet normal -2.853362e-01 1.667389e-08 9.584275e-01
    outer loop
      vertex   -1.566494e+02 3.500002e+01 2.318916e+02
      vertex   -1.566494e+02 3.250002e+01 2.318916e+02
      vertex   -1.564910e+02 3.500002e+01 2.319388e+02
    endloop
  endfacet
  facet normal -2.853362e-01 1.667389e-08 9.584275e-01
    outer loop
      vertex   -1.564910e+02 3.500002e+01 2.319388e+02
      vertex   -1.566494e+02 3.250002e+01 2.318916e+02
      vertex   -1.564910e+02 3.250002e+01 2.319388e+02
    endloop
  endfacet
  facet normal -2.052153e-01 1.199195e-08 9.787168e-01
    outer loop
      vertex   -1.564910e+02 3.500002e+01 2.319388e+02
      vertex   -1.564910e+02 3.250002e+01 2.319388e+02
      vertex   -1.563292e+02 3.500002e+01 2.319727e+02
    endloop
  endfacet
  facet normal -2.052153e-01 1.199195e-08 9.787168e-01
    outer loop
      vertex   -1.563292e+02 3.500002e+01 2.319727e+02
      vertex   -1.564910e+02 3.250002e+01 2.319388e+02
      vertex   -1.563292e+02 3.250002e+01 2.319727e+02
    endloop
  endfacet
  facet normal -1.236926e-01 7.228093e-09 9.923206e-01
    outer loop
      vertex   -1.563292e+02 3.500002e+01 2.319727e+02
      vertex   -1.563292e+02 3.250002e+01 2.319727e+02
      vertex   -1.561652e+02 3.500002e+01 2.319932e+02
    endloop
  endfacet
  facet normal -1.236926e-01 7.228083e-09 9.923206e-01
    outer loop
      vertex   -1.561652e+02 3.500002e+01 2.319932e+02
      vertex   -1.563292e+02 3.250002e+01 2.319727e+02
      vertex   -1.561652e+02 3.250002e+01 2.319932e+02
    endloop
  endfacet
  facet normal -4.132497e-02 2.414852e-09 9.991458e-01
    outer loop
      vertex   -1.561652e+02 3.500002e+01 2.319932e+02
      vertex   -1.561652e+02 3.250002e+01 2.319932e+02
      vertex   -1.560000e+02 3.250002e+01 2.320000e+02
    endloop
  endfacet
  facet normal 9.992835e-01 -7.449532e-04 -3.784147e-02
    outer loop
      vertex   -1.525926e+02 3.750001e+01 2.101966e+02
      vertex   -1.525981e+02 3.500001e+01 2.100984e+02
      vertex   -1.526000e+02 3.750001e+01 2.100000e+02
    endloop
  endfacet
  facet normal 9.999997e-01 7.448363e-04 0.000000e+00
    outer loop
      vertex   -1.526000e+02 3.750001e+01 2.100000e+02
      vertex   -1.525981e+02 3.500001e+01 2.100984e+02
      vertex   -1.525981e+02 3.500001e+01 2.099016e+02
    endloop
  endfacet
  facet normal 9.992835e-01 -7.449532e-04 3.784147e-02
    outer loop
      vertex   -1.526000e+02 3.750001e+01 2.100000e+02
      vertex   -1.525981e+02 3.500001e+01 2.099016e+02
      vertex   -1.525926e+02 3.750001e+01 2.098034e+02
    endloop
  endfacet
  facet normal 9.971358e-01 7.448365e-04 7.562872e-02
    outer loop
      vertex   -1.525926e+02 3.750001e+01 2.098034e+02
      vertex   -1.525981e+02 3.500001e+01 2.099016e+02
      vertex   -1.525833e+02 3.500001e+01 2.097054e+02
    endloop
  endfacet
  facet normal 9.935597e-01 -7.449528e-04 1.133076e-01
    outer loop
      vertex   -1.525926e+02 3.750001e+01 2.098034e+02
      vertex   -1.525833e+02 3.500001e+01 2.097054e+02
      vertex   -1.525703e+02 3.750001e+01 2.096079e+02
    endloop
  endfacet
  facet normal 9.885603e-01 7.448370e-04 1.508243e-01
    outer loop
      vertex   -1.525703e+02 3.750001e+01 2.096079e+02
      vertex   -1.525833e+02 3.500001e+01 2.097054e+02
      vertex   -1.525536e+02 3.500001e+01 2.095109e+02
    endloop
  endfacet
  facet normal 9.821448e-01 -7.449522e-04 1.881248e-01
    outer loop
      vertex   -1.525703e+02 3.750001e+01 2.096079e+02
      vertex   -1.525536e+02 3.500001e+01 2.095109e+02
      vertex   -1.525332e+02 3.750001e+01 2.094146e+02
    endloop
  endfacet
  facet normal 9.743225e-01 7.448378e-04 2.251559e-01
    outer loop
      vertex   -1.525332e+02 3.750001e+01 2.094146e+02
      vertex   -1.525536e+02 3.500001e+01 2.095109e+02
      vertex   -1.525093e+02 3.500001e+01 2.093192e+02
    endloop
  endfacet
  facet normal 9.651044e-01 -7.449512e-04 2.618644e-01
    outer loop
      vertex   -1.525332e+02 3.750001e+01 2.094146e+02
      vertex   -1.525093e+02 3.500001e+01 2.093192e+02
      vertex   -1.524817e+02 3.750001e+01 2.092247e+02
    endloop
  endfacet
  facet normal 9.545038e-01 7.448390e-04 2.981978e-01
    outer loop
      vertex   -1.524817e+02 3.750001e+01 2.092247e+02
      vertex   -1.525093e+02 3.500001e+01 2.093192e+02
      vertex   -1.524506e+02 3.500001e+01 2.091313e+02
    endloop
  endfacet
  facet normal 9.425359e-01 -7.449499e-04 3.341041e-01
    outer loop
      vertex   -1.524817e+02 3.750001e+01 2.092247e+02
      vertex   -1.524506e+02 3.500001e+01 2.091313e+02
      vertex   -1.524160e+02 3.750001e+01 2.090392e+02
    endloop
  endfacet
  facet normal 9.292178e-01 7.448405e-04 3.695317e-01
    outer loop
      vertex   -1.524160e+02 3.750001e+01 2.090392e+02
      vertex   -1.524506e+02 3.500001e+01 2.091313e+02
      vertex   -1.523779e+02 3.500001e+01 2.089485e+02
    endloop
  endfacet
  facet normal 9.145686e-01 -7.449482e-04 4.044300e-01
    outer loop
      vertex   -1.524160e+02 3.750001e+01 2.090392e+02
      vertex   -1.523779e+02 3.500001e+01 2.089485e+02
      vertex   -1.523364e+02 3.750001e+01 2.088593e+02
    endloop
  endfacet
  facet normal 8.986094e-01 7.448423e-04 4.387490e-01
    outer loop
      vertex   -1.523364e+02 3.750001e+01 2.088593e+02
      vertex   -1.523779e+02 3.500001e+01 2.089485e+02
      vertex   -1.522915e+02 3.500001e+01 2.087717e+02
    endloop
  endfacet
  facet normal 8.813628e-01 -7.449463e-04 4.724394e-01
    outer loop
      vertex   -1.523364e+02 3.750001e+01 2.088593e+02
      vertex   -1.522915e+02 3.500001e+01 2.087717e+02
      vertex   -1.522434e+02 3.750001e+01 2.086858e+02
    endloop
  endfacet
  facet normal 8.628537e-01 7.448444e-04 5.054531e-01
    outer loop
      vertex   -1.522434e+02 3.750001e+01 2.086858e+02
      vertex   -1.522915e+02 3.500001e+01 2.087717e+02
      vertex   -1.521921e+02 3.500001e+01 2.086019e+02
    endloop
  endfacet
  facet normal 8.431086e-01 -7.449441e-04 5.377428e-01
    outer loop
      vertex   -1.522434e+02 3.750001e+01 2.086858e+02
      vertex   -1.521921e+02 3.500001e+01 2.086019e+02
      vertex   -1.521376e+02 3.750001e+01 2.085199e+02
    endloop
  endfacet
  facet normal 8.221558e-01 7.448467e-04 5.692621e-01
    outer loop
      vertex   -1.521376e+02 3.750001e+01 2.085199e+02
      vertex   -1.521921e+02 3.500001e+01 2.086019e+02
      vertex   -1.520801e+02 3.500001e+01 2.084401e+02
    endloop
  endfacet
  facet normal 8.000252e-01 -7.449415e-04 5.999659e-01
    outer loop
      vertex   -1.521376e+02 3.750001e+01 2.085199e+02
      vertex   -1.520801e+02 3.500001e+01 2.084401e+02
      vertex   -1.520195e+02 3.750001e+01 2.083625e+02
    endloop
  endfacet
  facet normal 7.767486e-01 7.448494e-04 6.298103e-01
    outer loop
      vertex   -1.520195e+02 3.750001e+01 2.083625e+02
      vertex   -1.520801e+02 3.500001e+01 2.084401e+02
      vertex   -1.519561e+02 3.500001e+01 2.082872e+02
    endloop
  endfacet
  facet normal 7.523593e-01 -7.449387e-04 6.587526e-01
    outer loop
      vertex   -1.520195e+02 3.750001e+01 2.083625e+02
      vertex   -1.519561e+02 3.500001e+01 2.082872e+02
      vertex   -1.518899e+02 3.750001e+01 2.082144e+02
    endloop
  endfacet
  facet normal 7.268923e-01 7.448523e-04 6.867511e-01
    outer loop
      vertex   -1.518899e+02 3.750001e+01 2.082144e+02
      vertex   -1.519561e+02 3.500001e+01 2.082872e+02
      vertex   -1.518210e+02 3.500001e+01 2.081442e+02
    endloop
  endfacet
  facet normal 7.003839e-01 -7.449357e-04 7.137659e-01
    outer loop
      vertex   -1.518899e+02 3.750001e+01 2.082144e+02
      vertex   -1.518210e+02 3.500001e+01 2.081442e+02
      vertex   -1.517495e+02 3.750001e+01 2.080766e+02
    endloop
  endfacet
  facet normal 6.728723e-01 7.448555e-04 7.397582e-01
    outer loop
      vertex   -1.517495e+02 3.750001e+01 2.080766e+02
      vertex   -1.518210e+02 3.500001e+01 2.081442e+02
      vertex   -1.516754e+02 3.500001e+01 2.080118e+02
    endloop
  endfacet
  facet normal 6.443969e-01 -7.449324e-04 7.646909e-01
    outer loop
      vertex   -1.517495e+02 3.750001e+01 2.080766e+02
      vertex   -1.516754e+02 3.500001e+01 2.080118e+02
      vertex   -1.515990e+02 3.750001e+01 2.079498e+02
    endloop
  endfacet
  facet normal 6.149983e-01 7.448588e-04 7.885281e-01
    outer loop
      vertex   -1.515990e+02 3.750001e+01 2.079498e+02
      vertex   -1.516754e+02 3.500001e+01 2.080118e+02
      vertex   -1.515203e+02 3.500001e+01 2.078908e+02
    endloop
  endfacet
  facet normal 5.847187e-01 -7.449290e-04 8.112358e-01
    outer loop
      vertex   -1.515990e+02 3.750001e+01 2.079498e+02
      vertex   -1.515203e+02 3.500001e+01 2.078908e+02
      vertex   -1.514394e+02 3.750001e+01 2.078348e+02
    endloop
  endfacet
  facet normal 5.536016e-01 7.448624e-04 8.327813e-01
    outer loop
      vertex   -1.514394e+02 3.750001e+01 2.078348e+02
      vertex   -1.515203e+02 3.500001e+01 2.078908e+02
      vertex   -1.513564e+02 3.500001e+01 2.077819e+02
    endloop
  endfacet
  facet normal 5.216914e-01 -7.449253e-04 8.531340e-01
    outer loop
      vertex   -1.514394e+02 3.750001e+01 2.078348e+02
      vertex   -1.513564e+02 3.500001e+01 2.077819e+02
      vertex   -1.512715e+02 3.750001e+01 2.077321e+02
    endloop
  endfacet
  facet normal 4.890339e-01 7.448662e-04 8.722645e-01
    outer loop
      vertex   -1.512715e+02 3.750001e+01 2.077321e+02
      vertex   -1.513564e+02 3.500001e+01 2.077819e+02
      vertex   -1.511848e+02 3.500001e+01 2.076856e+02
    endloop
  endfacet
  facet normal 4.556758e-01 -7.449214e-04 8.901455e-01
    outer loop
      vertex   -1.512715e+02 3.750001e+01 2.077321e+02
      vertex   -1.511848e+02 3.500001e+01 2.076856e+02
      vertex   -1.510963e+02 3.750001e+01 2.076424e+02
    endloop
  endfacet
  facet normal 4.216650e-01 7.448701e-04 9.067514e-01
    outer loop
      vertex   -1.510963e+02 3.750001e+01 2.076424e+02
      vertex   -1.511848e+02 3.500001e+01 2.076856e+02
      vertex   -1.510063e+02 3.500001e+01 2.076026e+02
    endloop
  endfacet
  facet normal 3.870502e-01 -7.449174e-04 9.220583e-01
    outer loop
      vertex   -1.510963e+02 3.750001e+01 2.076424e+02
      vertex   -1.510063e+02 3.500001e+01 2.076026e+02
      vertex   -1.509149e+02 3.750001e+01 2.075663e+02
    endloop
  endfacet
  facet normal 3.518809e-01 7.448742e-04 9.360445e-01
    outer loop
      vertex   -1.509149e+02 3.750001e+01 2.075663e+02
      vertex   -1.510063e+02 3.500001e+01 2.076026e+02
      vertex   -1.508221e+02 3.500001e+01 2.075334e+02
    endloop
  endfacet
  facet normal 3.162076e-01 -7.449133e-04 9.486897e-01
    outer loop
      vertex   -1.509149e+02 3.750001e+01 2.075663e+02
      vertex   -1.508221e+02 3.500001e+01 2.075334e+02
      vertex   -1.507282e+02 3.750001e+01 2.075041e+02
    endloop
  endfacet
  facet normal 2.800813e-01 7.448784e-04 9.599760e-01
    outer loop
      vertex   -1.507282e+02 3.750001e+01 2.075041e+02
      vertex   -1.508221e+02 3.500001e+01 2.075334e+02
      vertex   -1.506332e+02 3.500001e+01 2.074783e+02
    endloop
  endfacet
  facet normal 2.435538e-01 -7.449090e-04 9.698871e-01
    outer loop
      vertex   -1.507282e+02 3.750001e+01 2.075041e+02
      vertex   -1.506332e+02 3.500001e+01 2.074783e+02
      vertex   -1.505374e+02 3.750001e+01 2.074561e+02
    endloop
  endfacet
  facet normal 2.066774e-01 7.448827e-04 9.784089e-01
    outer loop
      vertex   -1.505374e+02 3.750001e+01 2.074561e+02
      vertex   -1.506332e+02 3.500001e+01 2.074783e+02
      vertex   -1.504407e+02 3.500001e+01 2.074376e+02
    endloop
  endfacet
  facet normal 1.695049e-01 -7.449047e-04 9.855291e-01
    outer loop
      vertex   -1.505374e+02 3.750001e+01 2.074561e+02
      vertex   -1.504407e+02 3.500001e+01 2.074376e+02
      vertex   -1.503434e+02 3.750001e+01 2.074228e+02
    endloop
  endfacet
  facet normal 1.320896e-01 7.448871e-04 9.912375e-01
    outer loop
      vertex   -1.503434e+02 3.750001e+01 2.074228e+02
      vertex   -1.504407e+02 3.500001e+01 2.074376e+02
      vertex   -1.502457e+02 3.500001e+01 2.074116e+02
    endloop
  endfacet
  facet normal 9.448511e-02 -7.449003e-04 9.955260e-01
    outer loop
      vertex   -1.503434e+02 3.750001e+01 2.074228e+02
      vertex   -1.502457e+02 3.500001e+01 2.074116e+02
      vertex   -1.501475e+02 3.750001e+01 2.074042e+02
    endloop
  endfacet
  facet normal 5.674526e-02 7.448915e-04 9.983884e-01
    outer loop
      vertex   -1.501475e+02 3.750001e+01 2.074042e+02
      vertex   -1.502457e+02 3.500001e+01 2.074116e+02
      vertex   -1.500492e+02 3.500001e+01 2.074005e+02
    endloop
  endfacet
  facet normal 1.892412e-02 -7.448959e-04 9.998206e-01
    outer loop
      vertex   -1.501475e+02 3.750001e+01 2.074042e+02
      vertex   -1.500492e+02 3.500001e+01 2.074005e+02
      vertex   -1.499508e+02 3.750001e+01 2.074005e+02
    endloop
  endfacet
  facet normal -1.892412e-02 7.448959e-04 9.998206e-01
    outer loop
      vertex   -1.499508e+02 3.750001e+01 2.074005e+02
      vertex   -1.500492e+02 3.500001e+01 2.074005e+02
      vertex   -1.498525e+02 3.500001e+01 2.074042e+02
    endloop
  endfacet
  facet normal -5.674526e-02 -7.448915e-04 9.983884e-01
    outer loop
      vertex   -1.499508e+02 3.750001e+01 2.074005e+02
      vertex   -1.498525e+02 3.500001e+01 2.074042e+02
      vertex   -1.497543e+02 3.750001e+01 2.074116e+02
    endloop
  endfacet
  facet normal -9.448511e-02 7.449003e-04 9.955260e-01
    outer loop
      vertex   -1.497543e+02 3.750001e+01 2.074116e+02
      vertex   -1.498525e+02 3.500001e+01 2.074042e+02
      vertex   -1.496566e+02 3.500001e+01 2.074228e+02
    endloop
  endfacet
  facet normal -1.320896e-01 -7.448871e-04 9.912375e-01
    outer loop
      vertex   -1.497543e+02 3.750001e+01 2.074116e+02
      vertex   -1.496566e+02 3.500001e+01 2.074228e+02
      vertex   -1.495593e+02 3.750001e+01 2.074376e+02
    endloop
  endfacet
  facet normal -1.695049e-01 7.449047e-04 9.855291e-01
    outer loop
      vertex   -1.495593e+02 3.750001e+01 2.074376e+02
      vertex   -1.496566e+02 3.500001e+01 2.074228e+02
      vertex   -1.494626e+02 3.500001e+01 2.074561e+02
    endloop
  endfacet
  facet normal -2.066774e-01 -7.448827e-04 9.784089e-01
    outer loop
      vertex   -1.495593e+02 3.750001e+01 2.074376e+02
      vertex   -1.494626e+02 3.500001e+01 2.074561e+02
      vertex   -1.493668e+02 3.750001e+01 2.074783e+02
    endloop
  endfacet
  facet normal -2.435538e-01 7.449090e-04 9.698871e-01
    outer loop
      vertex   -1.493668e+02 3.750001e+01 2.074783e+02
      vertex   -1.494626e+02 3.500001e+01 2.074561e+02
      vertex   -1.492718e+02 3.500001e+01 2.075041e+02
    endloop
  endfacet
  facet normal -2.800813e-01 -7.448784e-04 9.599760e-01
    outer loop
      vertex   -1.493668e+02 3.750001e+01 2.074783e+02
      vertex   -1.492718e+02 3.500001e+01 2.075041e+02
      vertex   -1.491779e+02 3.750001e+01 2.075334e+02
    endloop
  endfacet
  facet normal -3.162076e-01 7.449133e-04 9.486897e-01
    outer loop
      vertex   -1.491779e+02 3.750001e+01 2.075334e+02
      vertex   -1.492718e+02 3.500001e+01 2.075041e+02
      vertex   -1.490851e+02 3.500001e+01 2.075663e+02
    endloop
  endfacet
  facet normal -3.518809e-01 -7.448742e-04 9.360445e-01
    outer loop
      vertex   -1.491779e+02 3.750001e+01 2.075334e+02
      vertex   -1.490851e+02 3.500001e+01 2.075663e+02
      vertex   -1.489937e+02 3.750001e+01 2.076026e+02
    endloop
  endfacet
  facet normal -3.870502e-01 7.449174e-04 9.220583e-01
    outer loop
      vertex   -1.489937e+02 3.750001e+01 2.076026e+02
      vertex   -1.490851e+02 3.500001e+01 2.075663e+02
      vertex   -1.489037e+02 3.500001e+01 2.076424e+02
    endloop
  endfacet
  facet normal -4.216650e-01 -7.448701e-04 9.067514e-01
    outer loop
      vertex   -1.489937e+02 3.750001e+01 2.076026e+02
      vertex   -1.489037e+02 3.500001e+01 2.076424e+02
      vertex   -1.488152e+02 3.750001e+01 2.076856e+02
    endloop
  endfacet
  facet normal -4.556758e-01 7.449214e-04 8.901455e-01
    outer loop
      vertex   -1.488152e+02 3.750001e+01 2.076856e+02
      vertex   -1.489037e+02 3.500001e+01 2.076424e+02
      vertex   -1.487285e+02 3.500001e+01 2.077321e+02
    endloop
  endfacet
  facet normal -4.890339e-01 -7.448662e-04 8.722645e-01
    outer loop
      vertex   -1.488152e+02 3.750001e+01 2.076856e+02
      vertex   -1.487285e+02 3.500001e+01 2.077321e+02
      vertex   -1.486436e+02 3.750001e+01 2.077819e+02
    endloop
  endfacet
  facet normal -5.216914e-01 7.449253e-04 8.531340e-01
    outer loop
      vertex   -1.486436e+02 3.750001e+01 2.077819e+02
      vertex   -1.487285e+02 3.500001e+01 2.077321e+02
      vertex   -1.485606e+02 3.500001e+01 2.078348e+02
    endloop
  endfacet
  facet normal -5.536016e-01 -7.448624e-04 8.327813e-01
    outer loop
      vertex   -1.486436e+02 3.750001e+01 2.077819e+02
      vertex   -1.485606e+02 3.500001e+01 2.078348e+02
      vertex   -1.484797e+02 3.750001e+01 2.078908e+02
    endloop
  endfacet
  facet normal -5.847187e-01 7.449290e-04 8.112358e-01
    outer loop
      vertex   -1.484797e+02 3.750001e+01 2.078908e+02
      vertex   -1.485606e+02 3.500001e+01 2.078348e+02
      vertex   -1.484010e+02 3.500001e+01 2.079498e+02
    endloop
  endfacet
  facet normal -6.149983e-01 -7.448588e-04 7.885281e-01
    outer loop
      vertex   -1.484797e+02 3.750001e+01 2.078908e+02
      vertex   -1.484010e+02 3.500001e+01 2.079498e+02
      vertex   -1.483246e+02 3.750001e+01 2.080118e+02
    endloop
  endfacet
  facet normal -6.443969e-01 7.449324e-04 7.646909e-01
    outer loop
      vertex   -1.483246e+02 3.750001e+01 2.080118e+02
      vertex   -1.484010e+02 3.500001e+01 2.079498e+02
      vertex   -1.482505e+02 3.500001e+01 2.080766e+02
    endloop
  endfacet
  facet normal -6.728723e-01 -7.448555e-04 7.397582e-01
    outer loop
      vertex   -1.483246e+02 3.750001e+01 2.080118e+02
      vertex   -1.482505e+02 3.500001e+01 2.080766e+02
      vertex   -1.481790e+02 3.750001e+01 2.081442e+02
    endloop
  endfacet
  facet normal -7.003839e-01 7.449357e-04 7.137659e-01
    outer loop
      vertex   -1.481790e+02 3.750001e+01 2.081442e+02
      vertex   -1.482505e+02 3.500001e+01 2.080766e+02
      vertex   -1.481101e+02 3.500001e+01 2.082144e+02
    endloop
  endfacet
  facet normal -7.268923e-01 -7.448523e-04 6.867511e-01
    outer loop
      vertex   -1.481790e+02 3.750001e+01 2.081442e+02
      vertex   -1.481101e+02 3.500001e+01 2.082144e+02
      vertex   -1.480439e+02 3.750001e+01 2.082872e+02
    endloop
  endfacet
  facet normal -7.523593e-01 7.449387e-04 6.587526e-01
    outer loop
      vertex   -1.480439e+02 3.750001e+01 2.082872e+02
      vertex   -1.481101e+02 3.500001e+01 2.082144e+02
      vertex   -1.479805e+02 3.500001e+01 2.083625e+02
    endloop
  endfacet
  facet normal -7.767486e-01 -7.448494e-04 6.298103e-01
    outer loop
      vertex   -1.480439e+02 3.750001e+01 2.082872e+02
      vertex   -1.479805e+02 3.500001e+01 2.083625e+02
      vertex   -1.479199e+02 3.750001e+01 2.084401e+02
    endloop
  endfacet
  facet normal -8.000252e-01 7.449415e-04 5.999659e-01
    outer loop
      vertex   -1.479199e+02 3.750001e+01 2.084401e+02
      vertex   -1.479805e+02 3.500001e+01 2.083625e+02
      vertex   -1.478624e+02 3.500001e+01 2.085199e+02
    endloop
  endfacet
  facet normal -8.221558e-01 -7.448467e-04 5.692621e-01
    outer loop
      vertex   -1.479199e+02 3.750001e+01 2.084401e+02
      vertex   -1.478624e+02 3.500001e+01 2.085199e+02
      vertex   -1.478079e+02 3.750001e+01 2.086019e+02
    endloop
  endfacet
  facet normal -8.431086e-01 7.449441e-04 5.377428e-01
    outer loop
      vertex   -1.478079e+02 3.750001e+01 2.086019e+02
      vertex   -1.478624e+02 3.500001e+01 2.085199e+02
      vertex   -1.477566e+02 3.500001e+01 2.086858e+02
    endloop
  endfacet
  facet normal -8.628537e-01 -7.448444e-04 5.054531e-01
    outer loop
      vertex   -1.478079e+02 3.750001e+01 2.086019e+02
      vertex   -1.477566e+02 3.500001e+01 2.086858e+02
      vertex   -1.477085e+02 3.750001e+01 2.087717e+02
    endloop
  endfacet
  facet normal -8.813628e-01 7.449463e-04 4.724394e-01
    outer loop
      vertex   -1.477085e+02 3.750001e+01 2.087717e+02
      vertex   -1.477566e+02 3.500001e+01 2.086858e+02
      vertex   -1.476636e+02 3.500001e+01 2.088593e+02
    endloop
  endfacet
  facet normal -8.986094e-01 -7.448423e-04 4.387490e-01
    outer loop
      vertex   -1.477085e+02 3.750001e+01 2.087717e+02
      vertex   -1.476636e+02 3.500001e+01 2.088593e+02
      vertex   -1.476221e+02 3.750001e+01 2.089485e+02
    endloop
  endfacet
  facet normal -9.145686e-01 7.449482e-04 4.044300e-01
    outer loop
      vertex   -1.476221e+02 3.750001e+01 2.089485e+02
      vertex   -1.476636e+02 3.500001e+01 2.088593e+02
      vertex   -1.475840e+02 3.500001e+01 2.090392e+02
    endloop
  endfacet
  facet normal -9.292178e-01 -7.448405e-04 3.695317e-01
    outer loop
      vertex   -1.476221e+02 3.750001e+01 2.089485e+02
      vertex   -1.475840e+02 3.500001e+01 2.090392e+02
      vertex   -1.475494e+02 3.750001e+01 2.091313e+02
    endloop
  endfacet
  facet normal -9.425359e-01 7.449499e-04 3.341041e-01
    outer loop
      vertex   -1.475494e+02 3.750001e+01 2.091313e+02
      vertex   -1.475840e+02 3.500001e+01 2.090392e+02
      vertex   -1.475183e+02 3.500001e+01 2.092247e+02
    endloop
  endfacet
  facet normal -9.545038e-01 -7.448390e-04 2.981978e-01
    outer loop
      vertex   -1.475494e+02 3.750001e+01 2.091313e+02
      vertex   -1.475183e+02 3.500001e+01 2.092247e+02
      vertex   -1.474907e+02 3.750001e+01 2.093192e+02
    endloop
  endfacet
  facet normal -9.651044e-01 7.449512e-04 2.618644e-01
    outer loop
      vertex   -1.474907e+02 3.750001e+01 2.093192e+02
      vertex   -1.475183e+02 3.500001e+01 2.092247e+02
      vertex   -1.474668e+02 3.500001e+01 2.094146e+02
    endloop
  endfacet
  facet normal -9.743225e-01 -7.448378e-04 2.251559e-01
    outer loop
      vertex   -1.474907e+02 3.750001e+01 2.093192e+02
      vertex   -1.474668e+02 3.500001e+01 2.094146e+02
      vertex   -1.474464e+02 3.750001e+01 2.095109e+02
    endloop
  endfacet
  facet normal -9.821448e-01 7.449522e-04 1.881248e-01
    outer loop
      vertex   -1.474464e+02 3.750001e+01 2.095109e+02
      vertex   -1.474668e+02 3.500001e+01 2.094146e+02
      vertex   -1.474297e+02 3.500001e+01 2.096079e+02
    endloop
  endfacet
  facet normal -9.885603e-01 -7.448370e-04 1.508243e-01
    outer loop
      vertex   -1.474464e+02 3.750001e+01 2.095109e+02
      vertex   -1.474297e+02 3.500001e+01 2.096079e+02
      vertex   -1.474167e+02 3.750001e+01 2.097054e+02
    endloop
  endfacet
  facet normal -9.935597e-01 7.449528e-04 1.133076e-01
    outer loop
      vertex   -1.474167e+02 3.750001e+01 2.097054e+02
      vertex   -1.474297e+02 3.500001e+01 2.096079e+02
      vertex   -1.474074e+02 3.500001e+01 2.098034e+02
    endloop
  endfacet
  facet normal -9.971358e-01 -7.448365e-04 7.562872e-02
    outer loop
      vertex   -1.474167e+02 3.750001e+01 2.097054e+02
      vertex   -1.474074e+02 3.500001e+01 2.098034e+02
      vertex   -1.474019e+02 3.750001e+01 2.099016e+02
    endloop
  endfacet
  facet normal -9.992835e-01 7.449532e-04 3.784147e-02
    outer loop
      vertex   -1.474019e+02 3.750001e+01 2.099016e+02
      vertex   -1.474074e+02 3.500001e+01 2.098034e+02
      vertex   -1.474000e+02 3.500001e+01 2.100000e+02
    endloop
  endfacet
  facet normal -9.999997e-01 -7.448363e-04 0.000000e+00
    outer loop
      vertex   -1.474019e+02 3.750001e+01 2.099016e+02
      vertex   -1.474000e+02 3.500001e+01 2.100000e+02
      vertex   -1.474019e+02 3.750001e+01 2.100984e+02
    endloop
  endfacet
  facet normal -9.992835e-01 7.449532e-04 -3.784147e-02
    outer loop
      vertex   -1.474019e+02 3.750001e+01 2.100984e+02
      vertex   -1.474000e+02 3.500001e+01 2.100000e+02
      vertex   -1.474074e+02 3.500001e+01 2.101966e+02
    endloop
  endfacet
  facet normal -9.971358e-01 -7.448365e-04 -7.562872e-02
    outer loop
      vertex   -1.474019e+02 3.750001e+01 2.100984e+02
      vertex   -1.474074e+02 3.500001e+01 2.101966e+02
      vertex   -1.474167e+02 3.750001e+01 2.102946e+02
    endloop
  endfacet
  facet normal -9.935597e-01 7.449528e-04 -1.133076e-01
    outer loop
      vertex   -1.474167e+02 3.750001e+01 2.102946e+02
      vertex   -1.474074e+02 3.500001e+01 2.101966e+02
      vertex   -1.474297e+02 3.500001e+01 2.103921e+02
    endloop
  endfacet
  facet normal -9.885603e-01 -7.448370e-04 -1.508243e-01
    outer loop
      vertex   -1.474167e+02 3.750001e+01 2.102946e+02
      vertex   -1.474297e+02 3.500001e+01 2.103921e+02
      vertex   -1.474464e+02 3.750001e+01 2.104891e+02
    endloop
  endfacet
  facet normal -9.821448e-01 7.449522e-04 -1.881248e-01
    outer loop
      vertex   -1.474464e+02 3.750001e+01 2.104891e+02
      vertex   -1.474297e+02 3.500001e+01 2.103921e+02
      vertex   -1.474668e+02 3.500001e+01 2.105854e+02
    endloop
  endfacet
  facet normal -9.743225e-01 -7.448378e-04 -2.251559e-01
    outer loop
      vertex   -1.474464e+02 3.750001e+01 2.104891e+02
      vertex   -1.474668e+02 3.500001e+01 2.105854e+02
      vertex   -1.474907e+02 3.750001e+01 2.106808e+02
    endloop
  endfacet
  facet normal -9.651044e-01 7.449512e-04 -2.618644e-01
    outer loop
      vertex   -1.474907e+02 3.750001e+01 2.106808e+02
      vertex   -1.474668e+02 3.500001e+01 2.105854e+02
      vertex   -1.475183e+02 3.500001e+01 2.107753e+02
    endloop
  endfacet
  facet normal -9.545038e-01 -7.448390e-04 -2.981978e-01
    outer loop
      vertex   -1.474907e+02 3.750001e+01 2.106808e+02
      vertex   -1.475183e+02 3.500001e+01 2.107753e+02
      vertex   -1.475494e+02 3.750001e+01 2.108687e+02
    endloop
  endfacet
  facet normal -9.425359e-01 7.449499e-04 -3.341041e-01
    outer loop
      vertex   -1.475494e+02 3.750001e+01 2.108687e+02
      vertex   -1.475183e+02 3.500001e+01 2.107753e+02
      vertex   -1.475840e+02 3.500001e+01 2.109608e+02
    endloop
  endfacet
  facet normal -9.292178e-01 -7.448405e-04 -3.695317e-01
    outer loop
      vertex   -1.475494e+02 3.750001e+01 2.108687e+02
      vertex   -1.475840e+02 3.500001e+01 2.109608e+02
      vertex   -1.476221e+02 3.750001e+01 2.110515e+02
    endloop
  endfacet
  facet normal -9.145686e-01 7.449482e-04 -4.044300e-01
    outer loop
      vertex   -1.476221e+02 3.750001e+01 2.110515e+02
      vertex   -1.475840e+02 3.500001e+01 2.109608e+02
      vertex   -1.476636e+02 3.500001e+01 2.111407e+02
    endloop
  endfacet
  facet normal -8.986094e-01 -7.448423e-04 -4.387490e-01
    outer loop
      vertex   -1.476221e+02 3.750001e+01 2.110515e+02
      vertex   -1.476636e+02 3.500001e+01 2.111407e+02
      vertex   -1.477085e+02 3.750001e+01 2.112283e+02
    endloop
  endfacet
  facet normal -8.813628e-01 7.449463e-04 -4.724394e-01
    outer loop
      vertex   -1.477085e+02 3.750001e+01 2.112283e+02
      vertex   -1.476636e+02 3.500001e+01 2.111407e+02
      vertex   -1.477566e+02 3.500001e+01 2.113142e+02
    endloop
  endfacet
  facet normal -8.628537e-01 -7.448444e-04 -5.054531e-01
    outer loop
      vertex   -1.477085e+02 3.750001e+01 2.112283e+02
      vertex   -1.477566e+02 3.500001e+01 2.113142e+02
      vertex   -1.478079e+02 3.750001e+01 2.113981e+02
    endloop
  endfacet
  facet normal -8.431086e-01 7.449441e-04 -5.377428e-01
    outer loop
      vertex   -1.478079e+02 3.750001e+01 2.113981e+02
      vertex   -1.477566e+02 3.500001e+01 2.113142e+02
      vertex   -1.478624e+02 3.500001e+01 2.114801e+02
    endloop
  endfacet
  facet normal -8.221558e-01 -7.448467e-04 -5.692621e-01
    outer loop
      vertex   -1.478079e+02 3.750001e+01 2.113981e+02
      vertex   -1.478624e+02 3.500001e+01 2.114801e+02
      vertex   -1.479199e+02 3.750001e+01 2.115599e+02
    endloop
  endfacet
  facet normal -8.000252e-01 7.449415e-04 -5.999659e-01
    outer loop
      vertex   -1.479199e+02 3.750001e+01 2.115599e+02
      vertex   -1.478624e+02 3.500001e+01 2.114801e+02
      vertex   -1.479805e+02 3.500001e+01 2.116375e+02
    endloop
  endfacet
  facet normal -7.767486e-01 -7.448494e-04 -6.298103e-01
    outer loop
      vertex   -1.479199e+02 3.750001e+01 2.115599e+02
      vertex   -1.479805e+02 3.500001e+01 2.116375e+02
      vertex   -1.480439e+02 3.750001e+01 2.117128e+02
    endloop
  endfacet
  facet normal -7.523593e-01 7.449387e-04 -6.587526e-01
    outer loop
      vertex   -1.480439e+02 3.750001e+01 2.117128e+02
      vertex   -1.479805e+02 3.500001e+01 2.116375e+02
      vertex   -1.481101e+02 3.500001e+01 2.117856e+02
    endloop
  endfacet
  facet normal -7.268923e-01 -7.448523e-04 -6.867511e-01
    outer loop
      vertex   -1.480439e+02 3.750001e+01 2.117128e+02
      vertex   -1.481101e+02 3.500001e+01 2.117856e+02
      vertex   -1.481790e+02 3.750001e+01 2.118558e+02
    endloop
  endfacet
  facet normal -7.003839e-01 7.449357e-04 -7.137659e-01
    outer loop
      vertex   -1.481790e+02 3.750001e+01 2.118558e+02
      vertex   -1.481101e+02 3.500001e+01 2.117856e+02
      vertex   -1.482505e+02 3.500001e+01 2.119234e+02
    endloop
  endfacet
  facet normal -6.728723e-01 -7.448555e-04 -7.397582e-01
    outer loop
      vertex   -1.481790e+02 3.750001e+01 2.118558e+02
      vertex   -1.482505e+02 3.500001e+01 2.119234e+02
      vertex   -1.483246e+02 3.750001e+01 2.119882e+02
    endloop
  endfacet
  facet normal -6.443969e-01 7.449324e-04 -7.646909e-01
    outer loop
      vertex   -1.483246e+02 3.750001e+01 2.119882e+02
      vertex   -1.482505e+02 3.500001e+01 2.119234e+02
      vertex   -1.484010e+02 3.500001e+01 2.120502e+02
    endloop
  endfacet
  facet normal -6.149983e-01 -7.448588e-04 -7.885281e-01
    outer loop
      vertex   -1.483246e+02 3.750001e+01 2.119882e+02
      vertex   -1.484010e+02 3.500001e+01 2.120502e+02
      vertex   -1.484797e+02 3.750001e+01 2.121092e+02
    endloop
  endfacet
  facet normal -5.847187e-01 7.449290e-04 -8.112358e-01
    outer loop
      vertex   -1.484797e+02 3.750001e+01 2.121092e+02
      vertex   -1.484010e+02 3.500001e+01 2.120502e+02
      vertex   -1.485606e+02 3.500001e+01 2.121652e+02
    endloop
  endfacet
  facet normal -5.536016e-01 -7.448624e-04 -8.327813e-01
    outer loop
      vertex   -1.484797e+02 3.750001e+01 2.121092e+02
      vertex   -1.485606e+02 3.500001e+01 2.121652e+02
      vertex   -1.486436e+02 3.750001e+01 2.122182e+02
    endloop
  endfacet
  facet normal -5.216914e-01 7.449253e-04 -8.531340e-01
    outer loop
      vertex   -1.486436e+02 3.750001e+01 2.122182e+02
      vertex   -1.485606e+02 3.500001e+01 2.121652e+02
      vertex   -1.487285e+02 3.500001e+01 2.122679e+02
    endloop
  endfacet
  facet normal -4.890339e-01 -7.448662e-04 -8.722645e-01
    outer loop
      vertex   -1.486436e+02 3.750001e+01 2.122182e+02
      vertex   -1.487285e+02 3.500001e+01 2.122679e+02
      vertex   -1.488152e+02 3.750001e+01 2.123144e+02
    endloop
  endfacet
  facet normal -4.556758e-01 7.449214e-04 -8.901455e-01
    outer loop
      vertex   -1.488152e+02 3.750001e+01 2.123144e+02
      vertex   -1.487285e+02 3.500001e+01 2.122679e+02
      vertex   -1.489037e+02 3.500001e+01 2.123576e+02
    endloop
  endfacet
  facet normal -4.216650e-01 -7.448701e-04 -9.067514e-01
    outer loop
      vertex   -1.488152e+02 3.750001e+01 2.123144e+02
      vertex   -1.489037e+02 3.500001e+01 2.123576e+02
      vertex   -1.489937e+02 3.750001e+01 2.123974e+02
    endloop
  endfacet
  facet normal -3.870502e-01 7.449174e-04 -9.220583e-01
    outer loop
      vertex   -1.489937e+02 3.750001e+01 2.123974e+02
      vertex   -1.489037e+02 3.500001e+01 2.123576e+02
      vertex   -1.490851e+02 3.500001e+01 2.124337e+02
    endloop
  endfacet
  facet normal -3.518809e-01 -7.448742e-04 -9.360445e-01
    outer loop
      vertex   -1.489937e+02 3.750001e+01 2.123974e+02
      vertex   -1.490851e+02 3.500001e+01 2.124337e+02
      vertex   -1.491779e+02 3.750001e+01 2.124666e+02
    endloop
  endfacet
  facet normal -3.162076e-01 7.449133e-04 -9.486897e-01
    outer loop
      vertex   -1.491779e+02 3.750001e+01 2.124666e+02
      vertex   -1.490851e+02 3.500001e+01 2.124337e+02
      vertex   -1.492718e+02 3.500001e+01 2.124959e+02
    endloop
  endfacet
  facet normal -2.800813e-01 -7.448784e-04 -9.599760e-01
    outer loop
      vertex   -1.491779e+02 3.750001e+01 2.124666e+02
      vertex   -1.492718e+02 3.500001e+01 2.124959e+02
      vertex   -1.493668e+02 3.750001e+01 2.125217e+02
    endloop
  endfacet
  facet normal -2.435538e-01 7.449090e-04 -9.698871e-01
    outer loop
      vertex   -1.493668e+02 3.750001e+01 2.125217e+02
      vertex   -1.492718e+02 3.500001e+01 2.124959e+02
      vertex   -1.494626e+02 3.500001e+01 2.125439e+02
    endloop
  endfacet
  facet normal -2.066774e-01 -7.448827e-04 -9.784089e-01
    outer loop
      vertex   -1.493668e+02 3.750001e+01 2.125217e+02
      vertex   -1.494626e+02 3.500001e+01 2.125439e+02
      vertex   -1.495593e+02 3.750001e+01 2.125624e+02
    endloop
  endfacet
  facet normal -1.695049e-01 7.449047e-04 -9.855291e-01
    outer loop
      vertex   -1.495593e+02 3.750001e+01 2.125624e+02
      vertex   -1.494626e+02 3.500001e+01 2.125439e+02
      vertex   -1.496566e+02 3.500001e+01 2.125772e+02
    endloop
  endfacet
  facet normal -1.320896e-01 -7.448871e-04 -9.912375e-01
    outer loop
      vertex   -1.495593e+02 3.750001e+01 2.125624e+02
      vertex   -1.496566e+02 3.500001e+01 2.125772e+02
      vertex   -1.497543e+02 3.750001e+01 2.125884e+02
    endloop
  endfacet
  facet normal -9.448511e-02 7.449003e-04 -9.955260e-01
    outer loop
      vertex   -1.497543e+02 3.750001e+01 2.125884e+02
      vertex   -1.496566e+02 3.500001e+01 2.125772e+02
      vertex   -1.498525e+02 3.500001e+01 2.125958e+02
    endloop
  endfacet
  facet normal -5.674526e-02 -7.448915e-04 -9.983884e-01
    outer loop
      vertex   -1.497543e+02 3.750001e+01 2.125884e+02
      vertex   -1.498525e+02 3.500001e+01 2.125958e+02
      vertex   -1.499508e+02 3.750001e+01 2.125995e+02
    endloop
  endfacet
  facet normal -1.892412e-02 7.448959e-04 -9.998206e-01
    outer loop
      vertex   -1.499508e+02 3.750001e+01 2.125995e+02
      vertex   -1.498525e+02 3.500001e+01 2.125958e+02
      vertex   -1.500492e+02 3.500001e+01 2.125995e+02
    endloop
  endfacet
  facet normal 1.892412e-02 -7.448959e-04 -9.998206e-01
    outer loop
      vertex   -1.499508e+02 3.750001e+01 2.125995e+02
      vertex   -1.500492e+02 3.500001e+01 2.125995e+02
      vertex   -1.501475e+02 3.750001e+01 2.125958e+02
    endloop
  endfacet
  facet normal 5.674526e-02 7.448915e-04 -9.983884e-01
    outer loop
      vertex   -1.501475e+02 3.750001e+01 2.125958e+02
      vertex   -1.500492e+02 3.500001e+01 2.125995e+02
      vertex   -1.502457e+02 3.500001e+01 2.125884e+02
    endloop
  endfacet
  facet normal 9.448511e-02 -7.449003e-04 -9.955260e-01
    outer loop
      vertex   -1.501475e+02 3.750001e+01 2.125958e+02
      vertex   -1.502457e+02 3.500001e+01 2.125884e+02
      vertex   -1.503434e+02 3.750001e+01 2.125772e+02
    endloop
  endfacet
  facet normal 1.320896e-01 7.448871e-04 -9.912375e-01
    outer loop
      vertex   -1.503434e+02 3.750001e+01 2.125772e+02
      vertex   -1.502457e+02 3.500001e+01 2.125884e+02
      vertex   -1.504407e+02 3.500001e+01 2.125624e+02
    endloop
  endfacet
  facet normal 1.695049e-01 -7.449047e-04 -9.855291e-01
    outer loop
      vertex   -1.503434e+02 3.750001e+01 2.125772e+02
      vertex   -1.504407e+02 3.500001e+01 2.125624e+02
      vertex   -1.505374e+02 3.750001e+01 2.125439e+02
    endloop
  endfacet
  facet normal 2.066774e-01 7.448827e-04 -9.784089e-01
    outer loop
      vertex   -1.505374e+02 3.750001e+01 2.125439e+02
      vertex   -1.504407e+02 3.500001e+01 2.125624e+02
      vertex   -1.506332e+02 3.500001e+01 2.125217e+02
    endloop
  endfacet
  facet normal 2.435538e-01 -7.449090e-04 -9.698871e-01
    outer loop
      vertex   -1.505374e+02 3.750001e+01 2.125439e+02
      vertex   -1.506332e+02 3.500001e+01 2.125217e+02
      vertex   -1.507282e+02 3.750001e+01 2.124959e+02
    endloop
  endfacet
  facet normal 2.800813e-01 7.448784e-04 -9.599760e-01
    outer loop
      vertex   -1.507282e+02 3.750001e+01 2.124959e+02
      vertex   -1.506332e+02 3.500001e+01 2.125217e+02
      vertex   -1.508221e+02 3.500001e+01 2.124666e+02
    endloop
  endfacet
  facet normal 3.162076e-01 -7.449133e-04 -9.486897e-01
    outer loop
      vertex   -1.507282e+02 3.750001e+01 2.124959e+02
      vertex   -1.508221e+02 3.500001e+01 2.124666e+02
      vertex   -1.509149e+02 3.750001e+01 2.124337e+02
    endloop
  endfacet
  facet normal 3.518809e-01 7.448742e-04 -9.360445e-01
    outer loop
      vertex   -1.509149e+02 3.750001e+01 2.124337e+02
      vertex   -1.508221e+02 3.500001e+01 2.124666e+02
      vertex   -1.510063e+02 3.500001e+01 2.123974e+02
    endloop
  endfacet
  facet normal 3.870502e-01 -7.449174e-04 -9.220583e-01
    outer loop
      vertex   -1.509149e+02 3.750001e+01 2.124337e+02
      vertex   -1.510063e+02 3.500001e+01 2.123974e+02
      vertex   -1.510963e+02 3.750001e+01 2.123576e+02
    endloop
  endfacet
  facet normal 4.216650e-01 7.448701e-04 -9.067514e-01
    outer loop
      vertex   -1.510963e+02 3.750001e+01 2.123576e+02
      vertex   -1.510063e+02 3.500001e+01 2.123974e+02
      vertex   -1.511848e+02 3.500001e+01 2.123144e+02
    endloop
  endfacet
  facet normal 4.556758e-01 -7.449214e-04 -8.901455e-01
    outer loop
      vertex   -1.510963e+02 3.750001e+01 2.123576e+02
      vertex   -1.511848e+02 3.500001e+01 2.123144e+02
      vertex   -1.512715e+02 3.750001e+01 2.122679e+02
    endloop
  endfacet
  facet normal 4.890339e-01 7.448662e-04 -8.722645e-01
    outer loop
      vertex   -1.512715e+02 3.750001e+01 2.122679e+02
      vertex   -1.511848e+02 3.500001e+01 2.123144e+02
      vertex   -1.513564e+02 3.500001e+01 2.122182e+02
    endloop
  endfacet
  facet normal 5.216914e-01 -7.449253e-04 -8.531340e-01
    outer loop
      vertex   -1.512715e+02 3.750001e+01 2.122679e+02
      vertex   -1.513564e+02 3.500001e+01 2.122182e+02
      vertex   -1.514394e+02 3.750001e+01 2.121652e+02
    endloop
  endfacet
  facet normal 5.536016e-01 7.448624e-04 -8.327813e-01
    outer loop
      vertex   -1.514394e+02 3.750001e+01 2.121652e+02
      vertex   -1.513564e+02 3.500001e+01 2.122182e+02
      vertex   -1.515203e+02 3.500001e+01 2.121092e+02
    endloop
  endfacet
  facet normal 5.847187e-01 -7.449290e-04 -8.112358e-01
    outer loop
      vertex   -1.514394e+02 3.750001e+01 2.121652e+02
      vertex   -1.515203e+02 3.500001e+01 2.121092e+02
      vertex   -1.515990e+02 3.750001e+01 2.120502e+02
    endloop
  endfacet
  facet normal 6.149983e-01 7.448588e-04 -7.885281e-01
    outer loop
      vertex   -1.515990e+02 3.750001e+01 2.120502e+02
      vertex   -1.515203e+02 3.500001e+01 2.121092e+02
      vertex   -1.516754e+02 3.500001e+01 2.119882e+02
    endloop
  endfacet
  facet normal 6.443969e-01 -7.449324e-04 -7.646909e-01
    outer loop
      vertex   -1.515990e+02 3.750001e+01 2.120502e+02
      vertex   -1.516754e+02 3.500001e+01 2.119882e+02
      vertex   -1.517495e+02 3.750001e+01 2.119234e+02
    endloop
  endfacet
  facet normal 6.728723e-01 7.448555e-04 -7.397582e-01
    outer loop
      vertex   -1.517495e+02 3.750001e+01 2.119234e+02
      vertex   -1.516754e+02 3.500001e+01 2.119882e+02
      vertex   -1.518210e+02 3.500001e+01 2.118558e+02
    endloop
  endfacet
  facet normal 7.003839e-01 -7.449357e-04 -7.137659e-01
    outer loop
      vertex   -1.517495e+02 3.750001e+01 2.119234e+02
      vertex   -1.518210e+02 3.500001e+01 2.118558e+02
      vertex   -1.518899e+02 3.750001e+01 2.117856e+02
    endloop
  endfacet
  facet normal 7.268923e-01 7.448523e-04 -6.867511e-01
    outer loop
      vertex   -1.518899e+02 3.750001e+01 2.117856e+02
      vertex   -1.518210e+02 3.500001e+01 2.118558e+02
      vertex   -1.519561e+02 3.500001e+01 2.117128e+02
    endloop
  endfacet
  facet normal 7.523593e-01 -7.449387e-04 -6.587526e-01
    outer loop
      vertex   -1.518899e+02 3.750001e+01 2.117856e+02
      vertex   -1.519561e+02 3.500001e+01 2.117128e+02
      vertex   -1.520195e+02 3.750001e+01 2.116375e+02
    endloop
  endfacet
  facet normal 7.767486e-01 7.448494e-04 -6.298103e-01
    outer loop
      vertex   -1.520195e+02 3.750001e+01 2.116375e+02
      vertex   -1.519561e+02 3.500001e+01 2.117128e+02
      vertex   -1.520801e+02 3.500001e+01 2.115599e+02
    endloop
  endfacet
  facet normal 8.000252e-01 -7.449415e-04 -5.999659e-01
    outer loop
      vertex   -1.520195e+02 3.750001e+01 2.116375e+02
      vertex   -1.520801e+02 3.500001e+01 2.115599e+02
      vertex   -1.521376e+02 3.750001e+01 2.114801e+02
    endloop
  endfacet
  facet normal 8.221558e-01 7.448467e-04 -5.692621e-01
    outer loop
      vertex   -1.521376e+02 3.750001e+01 2.114801e+02
      vertex   -1.520801e+02 3.500001e+01 2.115599e+02
      vertex   -1.521921e+02 3.500001e+01 2.113981e+02
    endloop
  endfacet
  facet normal 8.431086e-01 -7.449441e-04 -5.377428e-01
    outer loop
      vertex   -1.521376e+02 3.750001e+01 2.114801e+02
      vertex   -1.521921e+02 3.500001e+01 2.113981e+02
      vertex   -1.522434e+02 3.750001e+01 2.113142e+02
    endloop
  endfacet
  facet normal 8.628537e-01 7.448444e-04 -5.054531e-01
    outer loop
      vertex   -1.522434e+02 3.750001e+01 2.113142e+02
      vertex   -1.521921e+02 3.500001e+01 2.113981e+02
      vertex   -1.522915e+02 3.500001e+01 2.112283e+02
    endloop
  endfacet
  facet normal 8.813628e-01 -7.449463e-04 -4.724394e-01
    outer loop
      vertex   -1.522434e+02 3.750001e+01 2.113142e+02
      vertex   -1.522915e+02 3.500001e+01 2.112283e+02
      vertex   -1.523364e+02 3.750001e+01 2.111407e+02
    endloop
  endfacet
  facet normal 8.986094e-01 7.448423e-04 -4.387490e-01
    outer loop
      vertex   -1.523364e+02 3.750001e+01 2.111407e+02
      vertex   -1.522915e+02 3.500001e+01 2.112283e+02
      vertex   -1.523779e+02 3.500001e+01 2.110515e+02
    endloop
  endfacet
  facet normal 9.145686e-01 -7.449482e-04 -4.044300e-01
    outer loop
      vertex   -1.523364e+02 3.750001e+01 2.111407e+02
      vertex   -1.523779e+02 3.500001e+01 2.110515e+02
      vertex   -1.524160e+02 3.750001e+01 2.109608e+02
    endloop
  endfacet
  facet normal 9.292178e-01 7.448405e-04 -3.695317e-01
    outer loop
      vertex   -1.524160e+02 3.750001e+01 2.109608e+02
      vertex   -1.523779e+02 3.500001e+01 2.110515e+02
      vertex   -1.524506e+02 3.500001e+01 2.108687e+02
    endloop
  endfacet
  facet normal 9.425359e-01 -7.449499e-04 -3.341041e-01
    outer loop
      vertex   -1.524160e+02 3.750001e+01 2.109608e+02
      vertex   -1.524506e+02 3.500001e+01 2.108687e+02
      vertex   -1.524817e+02 3.750001e+01 2.107753e+02
    endloop
  endfacet
  facet normal 9.545038e-01 7.448390e-04 -2.981978e-01
    outer loop
      vertex   -1.524817e+02 3.750001e+01 2.107753e+02
      vertex   -1.524506e+02 3.500001e+01 2.108687e+02
      vertex   -1.525093e+02 3.500001e+01 2.106808e+02
    endloop
  endfacet
  facet normal 9.651044e-01 -7.449512e-04 -2.618644e-01
    outer loop
      vertex   -1.524817e+02 3.750001e+01 2.107753e+02
      vertex   -1.525093e+02 3.500001e+01 2.106808e+02
      vertex   -1.525332e+02 3.750001e+01 2.105854e+02
    endloop
  endfacet
  facet normal 9.743225e-01 7.448378e-04 -2.251559e-01
    outer loop
      vertex   -1.525332e+02 3.750001e+01 2.105854e+02
      vertex   -1.525093e+02 3.500001e+01 2.106808e+02
      vertex   -1.525536e+02 3.500001e+01 2.104891e+02
    endloop
  endfacet
  facet normal 9.821448e-01 -7.449522e-04 -1.881248e-01
    outer loop
      vertex   -1.525332e+02 3.750001e+01 2.105854e+02
      vertex   -1.525536e+02 3.500001e+01 2.104891e+02
      vertex   -1.525703e+02 3.750001e+01 2.103921e+02
    endloop
  endfacet
  facet normal 9.885603e-01 7.448370e-04 -1.508243e-01
    outer loop
      vertex   -1.525703e+02 3.750001e+01 2.103921e+02
      vertex   -1.525536e+02 3.500001e+01 2.104891e+02
      vertex   -1.525833e+02 3.500001e+01 2.102946e+02
    endloop
  endfacet
  facet normal 9.935597e-01 -7.449528e-04 -1.133076e-01
    outer loop
      vertex   -1.525703e+02 3.750001e+01 2.103921e+02
      vertex   -1.525833e+02 3.500001e+01 2.102946e+02
      vertex   -1.525926e+02 3.750001e+01 2.101966e+02
    endloop
  endfacet
  facet normal 9.971358e-01 7.448365e-04 -7.562872e-02
    outer loop
      vertex   -1.525926e+02 3.750001e+01 2.101966e+02
      vertex   -1.525833e+02 3.500001e+01 2.102946e+02
      vertex   -1.525981e+02 3.500001e+01 2.100984e+02
    endloop
  endfacet
  facet normal 9.992835e-01 7.448364e-04 3.784147e-02
    outer loop
      vertex   -1.525926e+02 3.250001e+01 2.098034e+02
      vertex   -1.525981e+02 3.500001e+01 2.099016e+02
      vertex   -1.526000e+02 3.250001e+01 2.100000e+02
    endloop
  endfacet
  facet normal 9.999997e-01 -7.449532e-04 0.000000e+00
    outer loop
      vertex   -1.526000e+02 3.250001e+01 2.100000e+02
      vertex   -1.525981e+02 3.500001e+01 2.099016e+02
      vertex   -1.525981e+02 3.500001e+01 2.100984e+02
    endloop
  endfacet
  facet normal 9.992835e-01 7.448364e-04 -3.784147e-02
    outer loop
      vertex   -1.526000e+02 3.250001e+01 2.100000e+02
      vertex   -1.525981e+02 3.500001e+01 2.100984e+02
      vertex   -1.525926e+02 3.250001e+01 2.101966e+02
    endloop
  endfacet
  facet normal 9.971358e-01 -7.449531e-04 -7.562872e-02
    outer loop
      vertex   -1.525926e+02 3.250001e+01 2.101966e+02
      vertex   -1.525981e+02 3.500001e+01 2.100984e+02
      vertex   -1.525833e+02 3.500001e+01 2.102946e+02
    endloop
  endfacet
  facet normal 9.935597e-01 7.448367e-04 -1.133076e-01
    outer loop
      vertex   -1.525926e+02 3.250001e+01 2.101966e+02
      vertex   -1.525833e+02 3.500001e+01 2.102946e+02
      vertex   -1.525703e+02 3.250001e+01 2.103921e+02
    endloop
  endfacet
  facet normal 9.885603e-01 -7.449526e-04 -1.508243e-01
    outer loop
      vertex   -1.525703e+02 3.250001e+01 2.103921e+02
      vertex   -1.525833e+02 3.500001e+01 2.102946e+02
      vertex   -1.525536e+02 3.500001e+01 2.104891e+02
    endloop
  endfacet
  facet normal 9.821448e-01 7.448374e-04 -1.881248e-01
    outer loop
      vertex   -1.525703e+02 3.250001e+01 2.103921e+02
      vertex   -1.525536e+02 3.500001e+01 2.104891e+02
      vertex   -1.525332e+02 3.250001e+01 2.105854e+02
    endloop
  endfacet
  facet normal 9.743225e-01 -7.449517e-04 -2.251559e-01
    outer loop
      vertex   -1.525332e+02 3.250001e+01 2.105854e+02
      vertex   -1.525536e+02 3.500001e+01 2.104891e+02
      vertex   -1.525093e+02 3.500001e+01 2.106808e+02
    endloop
  endfacet
  facet normal 9.651044e-01 7.448384e-04 -2.618644e-01
    outer loop
      vertex   -1.525332e+02 3.250001e+01 2.105854e+02
      vertex   -1.525093e+02 3.500001e+01 2.106808e+02
      vertex   -1.524817e+02 3.250001e+01 2.107753e+02
    endloop
  endfacet
  facet normal 9.545038e-01 -7.449506e-04 -2.981978e-01
    outer loop
      vertex   -1.524817e+02 3.250001e+01 2.107753e+02
      vertex   -1.525093e+02 3.500001e+01 2.106808e+02
      vertex   -1.524506e+02 3.500001e+01 2.108687e+02
    endloop
  endfacet
  facet normal 9.425359e-01 7.448397e-04 -3.341041e-01
    outer loop
      vertex   -1.524817e+02 3.250001e+01 2.107753e+02
      vertex   -1.524506e+02 3.500001e+01 2.108687e+02
      vertex   -1.524160e+02 3.250001e+01 2.109608e+02
    endloop
  endfacet
  facet normal 9.292178e-01 -7.449491e-04 -3.695317e-01
    outer loop
      vertex   -1.524160e+02 3.250001e+01 2.109608e+02
      vertex   -1.524506e+02 3.500001e+01 2.108687e+02
      vertex   -1.523779e+02 3.500001e+01 2.110515e+02
    endloop
  endfacet
  facet normal 9.145686e-01 7.448413e-04 -4.044300e-01
    outer loop
      vertex   -1.524160e+02 3.250001e+01 2.109608e+02
      vertex   -1.523779e+02 3.500001e+01 2.110515e+02
      vertex   -1.523364e+02 3.250001e+01 2.111407e+02
    endloop
  endfacet
  facet normal 8.986094e-01 -7.449473e-04 -4.387490e-01
    outer loop
      vertex   -1.523364e+02 3.250001e+01 2.111407e+02
      vertex   -1.523779e+02 3.500001e+01 2.110515e+02
      vertex   -1.522915e+02 3.500001e+01 2.112283e+02
    endloop
  endfacet
  facet normal 8.813628e-01 7.448433e-04 -4.724394e-01
    outer loop
      vertex   -1.523364e+02 3.250001e+01 2.111407e+02
      vertex   -1.522915e+02 3.500001e+01 2.112283e+02
      vertex   -1.522434e+02 3.250001e+01 2.113142e+02
    endloop
  endfacet
  facet normal 8.628537e-01 -7.449452e-04 -5.054531e-01
    outer loop
      vertex   -1.522434e+02 3.250001e+01 2.113142e+02
      vertex   -1.522915e+02 3.500001e+01 2.112283e+02
      vertex   -1.521921e+02 3.500001e+01 2.113981e+02
    endloop
  endfacet
  facet normal 8.431086e-01 7.448455e-04 -5.377428e-01
    outer loop
      vertex   -1.522434e+02 3.250001e+01 2.113142e+02
      vertex   -1.521921e+02 3.500001e+01 2.113981e+02
      vertex   -1.521376e+02 3.250001e+01 2.114801e+02
    endloop
  endfacet
  facet normal 8.221558e-01 -7.449428e-04 -5.692621e-01
    outer loop
      vertex   -1.521376e+02 3.250001e+01 2.114801e+02
      vertex   -1.521921e+02 3.500001e+01 2.113981e+02
      vertex   -1.520801e+02 3.500001e+01 2.115599e+02
    endloop
  endfacet
  facet normal 8.000252e-01 7.448480e-04 -5.999659e-01
    outer loop
      vertex   -1.521376e+02 3.250001e+01 2.114801e+02
      vertex   -1.520801e+02 3.500001e+01 2.115599e+02
      vertex   -1.520195e+02 3.250001e+01 2.116375e+02
    endloop
  endfacet
  facet normal 7.767486e-01 -7.449402e-04 -6.298103e-01
    outer loop
      vertex   -1.520195e+02 3.250001e+01 2.116375e+02
      vertex   -1.520801e+02 3.500001e+01 2.115599e+02
      vertex   -1.519561e+02 3.500001e+01 2.117128e+02
    endloop
  endfacet
  facet normal 7.523593e-01 7.448508e-04 -6.587526e-01
    outer loop
      vertex   -1.520195e+02 3.250001e+01 2.116375e+02
      vertex   -1.519561e+02 3.500001e+01 2.117128e+02
      vertex   -1.518899e+02 3.250001e+01 2.117856e+02
    endloop
  endfacet
  facet normal 7.268923e-01 -7.449373e-04 -6.867511e-01
    outer loop
      vertex   -1.518899e+02 3.250001e+01 2.117856e+02
      vertex   -1.519561e+02 3.500001e+01 2.117128e+02
      vertex   -1.518210e+02 3.500001e+01 2.118558e+02
    endloop
  endfacet
  facet normal 7.003839e-01 7.448539e-04 -7.137659e-01
    outer loop
      vertex   -1.518899e+02 3.250001e+01 2.117856e+02
      vertex   -1.518210e+02 3.500001e+01 2.118558e+02
      vertex   -1.517495e+02 3.250001e+01 2.119234e+02
    endloop
  endfacet
  facet normal 6.728723e-01 -7.449341e-04 -7.397582e-01
    outer loop
      vertex   -1.517495e+02 3.250001e+01 2.119234e+02
      vertex   -1.518210e+02 3.500001e+01 2.118558e+02
      vertex   -1.516754e+02 3.500001e+01 2.119882e+02
    endloop
  endfacet
  facet normal 6.443969e-01 7.448571e-04 -7.646909e-01
    outer loop
      vertex   -1.517495e+02 3.250001e+01 2.119234e+02
      vertex   -1.516754e+02 3.500001e+01 2.119882e+02
      vertex   -1.515990e+02 3.250001e+01 2.120502e+02
    endloop
  endfacet
  facet normal 6.149983e-01 -7.449307e-04 -7.885281e-01
    outer loop
      vertex   -1.515990e+02 3.250001e+01 2.120502e+02
      vertex   -1.516754e+02 3.500001e+01 2.119882e+02
      vertex   -1.515203e+02 3.500001e+01 2.121092e+02
    endloop
  endfacet
  facet normal 5.847187e-01 7.448606e-04 -8.112358e-01
    outer loop
      vertex   -1.515990e+02 3.250001e+01 2.120502e+02
      vertex   -1.515203e+02 3.500001e+01 2.121092e+02
      vertex   -1.514394e+02 3.250001e+01 2.121652e+02
    endloop
  endfacet
  facet normal 5.536016e-01 -7.449271e-04 -8.327813e-01
    outer loop
      vertex   -1.514394e+02 3.250001e+01 2.121652e+02
      vertex   -1.515203e+02 3.500001e+01 2.121092e+02
      vertex   -1.513564e+02 3.500001e+01 2.122182e+02
    endloop
  endfacet
  facet normal 5.216914e-01 7.448643e-04 -8.531340e-01
    outer loop
      vertex   -1.514394e+02 3.250001e+01 2.121652e+02
      vertex   -1.513564e+02 3.500001e+01 2.122182e+02
      vertex   -1.512715e+02 3.250001e+01 2.122679e+02
    endloop
  endfacet
  facet normal 4.890339e-01 -7.449234e-04 -8.722645e-01
    outer loop
      vertex   -1.512715e+02 3.250001e+01 2.122679e+02
      vertex   -1.513564e+02 3.500001e+01 2.122182e+02
      vertex   -1.511848e+02 3.500001e+01 2.123144e+02
    endloop
  endfacet
  facet normal 4.556758e-01 7.448682e-04 -8.901455e-01
    outer loop
      vertex   -1.512715e+02 3.250001e+01 2.122679e+02
      vertex   -1.511848e+02 3.500001e+01 2.123144e+02
      vertex   -1.510963e+02 3.250001e+01 2.123576e+02
    endloop
  endfacet
  facet normal 4.216650e-01 -7.449194e-04 -9.067514e-01
    outer loop
      vertex   -1.510963e+02 3.250001e+01 2.123576e+02
      vertex   -1.511848e+02 3.500001e+01 2.123144e+02
      vertex   -1.510063e+02 3.500001e+01 2.123974e+02
    endloop
  endfacet
  facet normal 3.870502e-01 7.448722e-04 -9.220583e-01
    outer loop
      vertex   -1.510963e+02 3.250001e+01 2.123576e+02
      vertex   -1.510063e+02 3.500001e+01 2.123974e+02
      vertex   -1.509149e+02 3.250001e+01 2.124337e+02
    endloop
  endfacet
  facet normal 3.518809e-01 -7.449153e-04 -9.360445e-01
    outer loop
      vertex   -1.509149e+02 3.250001e+01 2.124337e+02
      vertex   -1.510063e+02 3.500001e+01 2.123974e+02
      vertex   -1.508221e+02 3.500001e+01 2.124666e+02
    endloop
  endfacet
  facet normal 3.162076e-01 7.448763e-04 -9.486897e-01
    outer loop
      vertex   -1.509149e+02 3.250001e+01 2.124337e+02
      vertex   -1.508221e+02 3.500001e+01 2.124666e+02
      vertex   -1.507282e+02 3.250001e+01 2.124959e+02
    endloop
  endfacet
  facet normal 2.800813e-01 -7.449112e-04 -9.599760e-01
    outer loop
      vertex   -1.507282e+02 3.250001e+01 2.124959e+02
      vertex   -1.508221e+02 3.500001e+01 2.124666e+02
      vertex   -1.506332e+02 3.500001e+01 2.125217e+02
    endloop
  endfacet
  facet normal 2.435538e-01 7.448806e-04 -9.698871e-01
    outer loop
      vertex   -1.507282e+02 3.250001e+01 2.124959e+02
      vertex   -1.506332e+02 3.500001e+01 2.125217e+02
      vertex   -1.505374e+02 3.250001e+01 2.125439e+02
    endloop
  endfacet
  facet normal 2.066774e-01 -7.449069e-04 -9.784089e-01
    outer loop
      vertex   -1.505374e+02 3.250001e+01 2.125439e+02
      vertex   -1.506332e+02 3.500001e+01 2.125217e+02
      vertex   -1.504407e+02 3.500001e+01 2.125624e+02
    endloop
  endfacet
  facet normal 1.695049e-01 7.448849e-04 -9.855291e-01
    outer loop
      vertex   -1.505374e+02 3.250001e+01 2.125439e+02
      vertex   -1.504407e+02 3.500001e+01 2.125624e+02
      vertex   -1.503434e+02 3.250001e+01 2.125772e+02
    endloop
  endfacet
  facet normal 1.320896e-01 -7.449025e-04 -9.912375e-01
    outer loop
      vertex   -1.503434e+02 3.250001e+01 2.125772e+02
      vertex   -1.504407e+02 3.500001e+01 2.125624e+02
      vertex   -1.502457e+02 3.500001e+01 2.125884e+02
    endloop
  endfacet
  facet normal 9.448511e-02 7.448893e-04 -9.955260e-01
    outer loop
      vertex   -1.503434e+02 3.250001e+01 2.125772e+02
      vertex   -1.502457e+02 3.500001e+01 2.125884e+02
      vertex   -1.501475e+02 3.250001e+01 2.125958e+02
    endloop
  endfacet
  facet normal 5.674526e-02 -7.448981e-04 -9.983884e-01
    outer loop
      vertex   -1.501475e+02 3.250001e+01 2.125958e+02
      vertex   -1.502457e+02 3.500001e+01 2.125884e+02
      vertex   -1.500492e+02 3.500001e+01 2.125995e+02
    endloop
  endfacet
  facet normal 1.892412e-02 7.448937e-04 -9.998206e-01
    outer loop
      vertex   -1.501475e+02 3.250001e+01 2.125958e+02
      vertex   -1.500492e+02 3.500001e+01 2.125995e+02
      vertex   -1.499508e+02 3.250001e+01 2.125995e+02
    endloop
  endfacet
  facet normal -1.892412e-02 -7.448937e-04 -9.998206e-01
    outer loop
      vertex   -1.499508e+02 3.250001e+01 2.125995e+02
      vertex   -1.500492e+02 3.500001e+01 2.125995e+02
      vertex   -1.498525e+02 3.500001e+01 2.125958e+02
    endloop
  endfacet
  facet normal -5.674526e-02 7.448981e-04 -9.983884e-01
    outer loop
      vertex   -1.499508e+02 3.250001e+01 2.125995e+02
      vertex   -1.498525e+02 3.500001e+01 2.125958e+02
      vertex   -1.497543e+02 3.250001e+01 2.125884e+02
    endloop
  endfacet
  facet normal -9.448511e-02 -7.448893e-04 -9.955260e-01
    outer loop
      vertex   -1.497543e+02 3.250001e+01 2.125884e+02
      vertex   -1.498525e+02 3.500001e+01 2.125958e+02
      vertex   -1.496566e+02 3.500001e+01 2.125772e+02
    endloop
  endfacet
  facet normal -1.320896e-01 7.449025e-04 -9.912375e-01
    outer loop
      vertex   -1.497543e+02 3.250001e+01 2.125884e+02
      vertex   -1.496566e+02 3.500001e+01 2.125772e+02
      vertex   -1.495593e+02 3.250001e+01 2.125624e+02
    endloop
  endfacet
  facet normal -1.695049e-01 -7.448849e-04 -9.855291e-01
    outer loop
      vertex   -1.495593e+02 3.250001e+01 2.125624e+02
      vertex   -1.496566e+02 3.500001e+01 2.125772e+02
      vertex   -1.494626e+02 3.500001e+01 2.125439e+02
    endloop
  endfacet
  facet normal -2.066774e-01 7.449069e-04 -9.784089e-01
    outer loop
      vertex   -1.495593e+02 3.250001e+01 2.125624e+02
      vertex   -1.494626e+02 3.500001e+01 2.125439e+02
      vertex   -1.493668e+02 3.250001e+01 2.125217e+02
    endloop
  endfacet
  facet normal -2.435538e-01 -7.448806e-04 -9.698871e-01
    outer loop
      vertex   -1.493668e+02 3.250001e+01 2.125217e+02
      vertex   -1.494626e+02 3.500001e+01 2.125439e+02
      vertex   -1.492718e+02 3.500001e+01 2.124959e+02
    endloop
  endfacet
  facet normal -2.800813e-01 7.449112e-04 -9.599760e-01
    outer loop
      vertex   -1.493668e+02 3.250001e+01 2.125217e+02
      vertex   -1.492718e+02 3.500001e+01 2.124959e+02
      vertex   -1.491779e+02 3.250001e+01 2.124666e+02
    endloop
  endfacet
  facet normal -3.162076e-01 -7.448763e-04 -9.486897e-01
    outer loop
      vertex   -1.491779e+02 3.250001e+01 2.124666e+02
      vertex   -1.492718e+02 3.500001e+01 2.124959e+02
      vertex   -1.490851e+02 3.500001e+01 2.124337e+02
    endloop
  endfacet
  facet normal -3.518809e-01 7.449153e-04 -9.360445e-01
    outer loop
      vertex   -1.491779e+02 3.250001e+01 2.124666e+02
      vertex   -1.490851e+02 3.500001e+01 2.124337e+02
      vertex   -1.489937e+02 3.250001e+01 2.123974e+02
    endloop
  endfacet
  facet normal -3.870502e-01 -7.448722e-04 -9.220583e-01
    outer loop
      vertex   -1.489937e+02 3.250001e+01 2.123974e+02
      vertex   -1.490851e+02 3.500001e+01 2.124337e+02
      vertex   -1.489037e+02 3.500001e+01 2.123576e+02
    endloop
  endfacet
  facet normal -4.216650e-01 7.449194e-04 -9.067514e-01
    outer loop
      vertex   -1.489937e+02 3.250001e+01 2.123974e+02
      vertex   -1.489037e+02 3.500001e+01 2.123576e+02
      vertex   -1.488152e+02 3.250001e+01 2.123144e+02
    endloop
  endfacet
  facet normal -4.556758e-01 -7.448682e-04 -8.901455e-01
    outer loop
      vertex   -1.488152e+02 3.250001e+01 2.123144e+02
      vertex   -1.489037e+02 3.500001e+01 2.123576e+02
      vertex   -1.487285e+02 3.500001e+01 2.122679e+02
    endloop
  endfacet
  facet normal -4.890339e-01 7.449234e-04 -8.722645e-01
    outer loop
      vertex   -1.488152e+02 3.250001e+01 2.123144e+02
      vertex   -1.487285e+02 3.500001e+01 2.122679e+02
      vertex   -1.486436e+02 3.250001e+01 2.122182e+02
    endloop
  endfacet
  facet normal -5.216914e-01 -7.448643e-04 -8.531340e-01
    outer loop
      vertex   -1.486436e+02 3.250001e+01 2.122182e+02
      vertex   -1.487285e+02 3.500001e+01 2.122679e+02
      vertex   -1.485606e+02 3.500001e+01 2.121652e+02
    endloop
  endfacet
  facet normal -5.536016e-01 7.449271e-04 -8.327813e-01
    outer loop
      vertex   -1.486436e+02 3.250001e+01 2.122182e+02
      vertex   -1.485606e+02 3.500001e+01 2.121652e+02
      vertex   -1.484797e+02 3.250001e+01 2.121092e+02
    endloop
  endfacet
  facet normal -5.847187e-01 -7.448606e-04 -8.112358e-01
    outer loop
      vertex   -1.484797e+02 3.250001e+01 2.121092e+02
      vertex   -1.485606e+02 3.500001e+01 2.121652e+02
      vertex   -1.484010e+02 3.500001e+01 2.120502e+02
    endloop
  endfacet
  facet normal -6.149983e-01 7.449307e-04 -7.885281e-01
    outer loop
      vertex   -1.484797e+02 3.250001e+01 2.121092e+02
      vertex   -1.484010e+02 3.500001e+01 2.120502e+02
      vertex   -1.483246e+02 3.250001e+01 2.119882e+02
    endloop
  endfacet
  facet normal -6.443969e-01 -7.448571e-04 -7.646909e-01
    outer loop
      vertex   -1.483246e+02 3.250001e+01 2.119882e+02
      vertex   -1.484010e+02 3.500001e+01 2.120502e+02
      vertex   -1.482505e+02 3.500001e+01 2.119234e+02
    endloop
  endfacet
  facet normal -6.728723e-01 7.449341e-04 -7.397582e-01
    outer loop
      vertex   -1.483246e+02 3.250001e+01 2.119882e+02
      vertex   -1.482505e+02 3.500001e+01 2.119234e+02
      vertex   -1.481790e+02 3.250001e+01 2.118558e+02
    endloop
  endfacet
  facet normal -7.003839e-01 -7.448539e-04 -7.137659e-01
    outer loop
      vertex   -1.481790e+02 3.250001e+01 2.118558e+02
      vertex   -1.482505e+02 3.500001e+01 2.119234e+02
      vertex   -1.481101e+02 3.500001e+01 2.117856e+02
    endloop
  endfacet
  facet normal -7.268923e-01 7.449373e-04 -6.867511e-01
    outer loop
      vertex   -1.481790e+02 3.250001e+01 2.118558e+02
      vertex   -1.481101e+02 3.500001e+01 2.117856e+02
      vertex   -1.480439e+02 3.250001e+01 2.117128e+02
    endloop
  endfacet
  facet normal -7.523593e-01 -7.448508e-04 -6.587526e-01
    outer loop
      vertex   -1.480439e+02 3.250001e+01 2.117128e+02
      vertex   -1.481101e+02 3.500001e+01 2.117856e+02
      vertex   -1.479805e+02 3.500001e+01 2.116375e+02
    endloop
  endfacet
  facet normal -7.767486e-01 7.449402e-04 -6.298103e-01
    outer loop
      vertex   -1.480439e+02 3.250001e+01 2.117128e+02
      vertex   -1.479805e+02 3.500001e+01 2.116375e+02
      vertex   -1.479199e+02 3.250001e+01 2.115599e+02
    endloop
  endfacet
  facet normal -8.000252e-01 -7.448480e-04 -5.999659e-01
    outer loop
      vertex   -1.479199e+02 3.250001e+01 2.115599e+02
      vertex   -1.479805e+02 3.500001e+01 2.116375e+02
      vertex   -1.478624e+02 3.500001e+01 2.114801e+02
    endloop
  endfacet
  facet normal -8.221558e-01 7.449428e-04 -5.692621e-01
    outer loop
      vertex   -1.479199e+02 3.250001e+01 2.115599e+02
      vertex   -1.478624e+02 3.500001e+01 2.114801e+02
      vertex   -1.478079e+02 3.250001e+01 2.113981e+02
    endloop
  endfacet
  facet normal -8.431086e-01 -7.448455e-04 -5.377428e-01
    outer loop
      vertex   -1.478079e+02 3.250001e+01 2.113981e+02
      vertex   -1.478624e+02 3.500001e+01 2.114801e+02
      vertex   -1.477566e+02 3.500001e+01 2.113142e+02
    endloop
  endfacet
  facet normal -8.628537e-01 7.449452e-04 -5.054531e-01
    outer loop
      vertex   -1.478079e+02 3.250001e+01 2.113981e+02
      vertex   -1.477566e+02 3.500001e+01 2.113142e+02
      vertex   -1.477085e+02 3.250001e+01 2.112283e+02
    endloop
  endfacet
  facet normal -8.813628e-01 -7.448433e-04 -4.724394e-01
    outer loop
      vertex   -1.477085e+02 3.250001e+01 2.112283e+02
      vertex   -1.477566e+02 3.500001e+01 2.113142e+02
      vertex   -1.476636e+02 3.500001e+01 2.111407e+02
    endloop
  endfacet
  facet normal -8.986094e-01 7.449473e-04 -4.387490e-01
    outer loop
      vertex   -1.477085e+02 3.250001e+01 2.112283e+02
      vertex   -1.476636e+02 3.500001e+01 2.111407e+02
      vertex   -1.476221e+02 3.250001e+01 2.110515e+02
    endloop
  endfacet
  facet normal -9.145686e-01 -7.448413e-04 -4.044300e-01
    outer loop
      vertex   -1.476221e+02 3.250001e+01 2.110515e+02
      vertex   -1.476636e+02 3.500001e+01 2.111407e+02
      vertex   -1.475840e+02 3.500001e+01 2.109608e+02
    endloop
  endfacet
  facet normal -9.292178e-01 7.449491e-04 -3.695317e-01
    outer loop
      vertex   -1.476221e+02 3.250001e+01 2.110515e+02
      vertex   -1.475840e+02 3.500001e+01 2.109608e+02
      vertex   -1.475494e+02 3.250001e+01 2.108687e+02
    endloop
  endfacet
  facet normal -9.425359e-01 -7.448397e-04 -3.341041e-01
    outer loop
      vertex   -1.475494e+02 3.250001e+01 2.108687e+02
      vertex   -1.475840e+02 3.500001e+01 2.109608e+02
      vertex   -1.475183e+02 3.500001e+01 2.107753e+02
    endloop
  endfacet
  facet normal -9.545038e-01 7.449506e-04 -2.981978e-01
    outer loop
      vertex   -1.475494e+02 3.250001e+01 2.108687e+02
      vertex   -1.475183e+02 3.500001e+01 2.107753e+02
      vertex   -1.474907e+02 3.250001e+01 2.106808e+02
    endloop
  endfacet
  facet normal -9.651044e-01 -7.448384e-04 -2.618644e-01
    outer loop
      vertex   -1.474907e+02 3.250001e+01 2.106808e+02
      vertex   -1.475183e+02 3.500001e+01 2.107753e+02
      vertex   -1.474668e+02 3.500001e+01 2.105854e+02
    endloop
  endfacet
  facet normal -9.743225e-01 7.449517e-04 -2.251559e-01
    outer loop
      vertex   -1.474907e+02 3.250001e+01 2.106808e+02
      vertex   -1.474668e+02 3.500001e+01 2.105854e+02
      vertex   -1.474464e+02 3.250001e+01 2.104891e+02
    endloop
  endfacet
  facet normal -9.821448e-01 -7.448374e-04 -1.881248e-01
    outer loop
      vertex   -1.474464e+02 3.250001e+01 2.104891e+02
      vertex   -1.474668e+02 3.500001e+01 2.105854e+02
      vertex   -1.474297e+02 3.500001e+01 2.103921e+02
    endloop
  endfacet
  facet normal -9.885603e-01 7.449526e-04 -1.508243e-01
    outer loop
      vertex   -1.474464e+02 3.250001e+01 2.104891e+02
      vertex   -1.474297e+02 3.500001e+01 2.103921e+02
      vertex   -1.474167e+02 3.250001e+01 2.102946e+02
    endloop
  endfacet
  facet normal -9.935597e-01 -7.448367e-04 -1.133076e-01
    outer loop
      vertex   -1.474167e+02 3.250001e+01 2.102946e+02
      vertex   -1.474297e+02 3.500001e+01 2.103921e+02
      vertex   -1.474074e+02 3.500001e+01 2.101966e+02
    endloop
  endfacet
  facet normal -9.971358e-01 7.449531e-04 -7.562872e-02
    outer loop
      vertex   -1.474167e+02 3.250001e+01 2.102946e+02
      vertex   -1.474074e+02 3.500001e+01 2.101966e+02
      vertex   -1.474019e+02 3.250001e+01 2.100984e+02
    endloop
  endfacet
  facet normal -9.992835e-01 -7.448364e-04 -3.784147e-02
    outer loop
      vertex   -1.474019e+02 3.250001e+01 2.100984e+02
      vertex   -1.474074e+02 3.500001e+01 2.101966e+02
      vertex   -1.474000e+02 3.500001e+01 2.100000e+02
    endloop
  endfacet
  facet normal -9.999997e-01 7.449532e-04 0.000000e+00
    outer loop
      vertex   -1.474019e+02 3.250001e+01 2.100984e+02
      vertex   -1.474000e+02 3.500001e+01 2.100000e+02
      vertex   -1.474019e+02 3.250001e+01 2.099016e+02
    endloop
  endfacet
  facet normal -9.992835e-01 -7.448364e-04 3.784147e-02
    outer loop
      vertex   -1.474019e+02 3.250001e+01 2.099016e+02
      vertex   -1.474000e+02 3.500001e+01 2.100000e+02
      vertex   -1.474074e+02 3.500001e+01 2.098034e+02
    endloop
  endfacet
  facet normal -9.971358e-01 7.449531e-04 7.562872e-02
    outer loop
      vertex   -1.474019e+02 3.250001e+01 2.099016e+02
      vertex   -1.474074e+02 3.500001e+01 2.098034e+02
      vertex   -1.474167e+02 3.250001e+01 2.097054e+02
    endloop
  endfacet
  facet normal -9.935597e-01 -7.448367e-04 1.133076e-01
    outer loop
      vertex   -1.474167e+02 3.250001e+01 2.097054e+02
      vertex   -1.474074e+02 3.500001e+01 2.098034e+02
      vertex   -1.474297e+02 3.500001e+01 2.096079e+02
    endloop
  endfacet
  facet normal -9.885603e-01 7.449526e-04 1.508243e-01
    outer loop
      vertex   -1.474167e+02 3.250001e+01 2.097054e+02
      vertex   -1.474297e+02 3.500001e+01 2.096079e+02
      vertex   -1.474464e+02 3.250001e+01 2.095109e+02
    endloop
  endfacet
  facet normal -9.821448e-01 -7.448374e-04 1.881248e-01
    outer loop
      vertex   -1.474464e+02 3.250001e+01 2.095109e+02
      vertex   -1.474297e+02 3.500001e+01 2.096079e+02
      vertex   -1.474668e+02 3.500001e+01 2.094146e+02
    endloop
  endfacet
  facet normal -9.743225e-01 7.449517e-04 2.251559e-01
    outer loop
      vertex   -1.474464e+02 3.250001e+01 2.095109e+02
      vertex   -1.474668e+02 3.500001e+01 2.094146e+02
      vertex   -1.474907e+02 3.250001e+01 2.093192e+02
    endloop
  endfacet
  facet normal -9.651044e-01 -7.448384e-04 2.618644e-01
    outer loop
      vertex   -1.474907e+02 3.250001e+01 2.093192e+02
      vertex   -1.474668e+02 3.500001e+01 2.094146e+02
      vertex   -1.475183e+02 3.500001e+01 2.092247e+02
    endloop
  endfacet
  facet normal -9.545038e-01 7.449506e-04 2.981978e-01
    outer loop
      vertex   -1.474907e+02 3.250001e+01 2.093192e+02
      vertex   -1.475183e+02 3.500001e+01 2.092247e+02
      vertex   -1.475494e+02 3.250001e+01 2.091313e+02
    endloop
  endfacet
  facet normal -9.425359e-01 -7.448397e-04 3.341041e-01
    outer loop
      vertex   -1.475494e+02 3.250001e+01 2.091313e+02
      vertex   -1.475183e+02 3.500001e+01 2.092247e+02
      vertex   -1.475840e+02 3.500001e+01 2.090392e+02
    endloop
  endfacet
  facet normal -9.292178e-01 7.449491e-04 3.695317e-01
    outer loop
      vertex   -1.475494e+02 3.250001e+01 2.091313e+02
      vertex   -1.475840e+02 3.500001e+01 2.090392e+02
      vertex   -1.476221e+02 3.250001e+01 2.089485e+02
    endloop
  endfacet
  facet normal -9.145686e-01 -7.448413e-04 4.044300e-01
    outer loop
      vertex   -1.476221e+02 3.250001e+01 2.089485e+02
      vertex   -1.475840e+02 3.500001e+01 2.090392e+02
      vertex   -1.476636e+02 3.500001e+01 2.088593e+02
    endloop
  endfacet
  facet normal -8.986094e-01 7.449473e-04 4.387490e-01
    outer loop
      vertex   -1.476221e+02 3.250001e+01 2.089485e+02
      vertex   -1.476636e+02 3.500001e+01 2.088593e+02
      vertex   -1.477085e+02 3.250001e+01 2.087717e+02
    endloop
  endfacet
  facet normal -8.813628e-01 -7.448433e-04 4.724394e-01
    outer loop
      vertex   -1.477085e+02 3.250001e+01 2.087717e+02
      vertex   -1.476636e+02 3.500001e+01 2.088593e+02
      vertex   -1.477566e+02 3.500001e+01 2.086858e+02
    endloop
  endfacet
  facet normal -8.628537e-01 7.449452e-04 5.054531e-01
    outer loop
      vertex   -1.477085e+02 3.250001e+01 2.087717e+02
      vertex   -1.477566e+02 3.500001e+01 2.086858e+02
      vertex   -1.478079e+02 3.250001e+01 2.086019e+02
    endloop
  endfacet
  facet normal -8.431086e-01 -7.448455e-04 5.377428e-01
    outer loop
      vertex   -1.478079e+02 3.250001e+01 2.086019e+02
      vertex   -1.477566e+02 3.500001e+01 2.086858e+02
      vertex   -1.478624e+02 3.500001e+01 2.085199e+02
    endloop
  endfacet
  facet normal -8.221558e-01 7.449428e-04 5.692621e-01
    outer loop
      vertex   -1.478079e+02 3.250001e+01 2.086019e+02
      vertex   -1.478624e+02 3.500001e+01 2.085199e+02
      vertex   -1.479199e+02 3.250001e+01 2.084401e+02
    endloop
  endfacet
  facet normal -8.000252e-01 -7.448480e-04 5.999659e-01
    outer loop
      vertex   -1.479199e+02 3.250001e+01 2.084401e+02
      vertex   -1.478624e+02 3.500001e+01 2.085199e+02
      vertex   -1.479805e+02 3.500001e+01 2.083625e+02
    endloop
  endfacet
  facet normal -7.767486e-01 7.449402e-04 6.298103e-01
    outer loop
      vertex   -1.479199e+02 3.250001e+01 2.084401e+02
      vertex   -1.479805e+02 3.500001e+01 2.083625e+02
      vertex   -1.480439e+02 3.250001e+01 2.082872e+02
    endloop
  endfacet
  facet normal -7.523593e-01 -7.448508e-04 6.587526e-01
    outer loop
      vertex   -1.480439e+02 3.250001e+01 2.082872e+02
      vertex   -1.479805e+02 3.500001e+01 2.083625e+02
      vertex   -1.481101e+02 3.500001e+01 2.082144e+02
    endloop
  endfacet
  facet normal -7.268923e-01 7.449373e-04 6.867511e-01
    outer loop
      vertex   -1.480439e+02 3.250001e+01 2.082872e+02
      vertex   -1.481101e+02 3.500001e+01 2.082144e+02
      vertex   -1.481790e+02 3.250001e+01 2.081442e+02
    endloop
  endfacet
  facet normal -7.003839e-01 -7.448539e-04 7.137659e-01
    outer loop
      vertex   -1.481790e+02 3.250001e+01 2.081442e+02
      vertex   -1.481101e+02 3.500001e+01 2.082144e+02
      vertex   -1.482505e+02 3.500001e+01 2.080766e+02
    endloop
  endfacet
  facet normal -6.728723e-01 7.449341e-04 7.397582e-01
    outer loop
      vertex   -1.481790e+02 3.250001e+01 2.081442e+02
      vertex   -1.482505e+02 3.500001e+01 2.080766e+02
      vertex   -1.483246e+02 3.250001e+01 2.080118e+02
    endloop
  endfacet
  facet normal -6.443969e-01 -7.448571e-04 7.646909e-01
    outer loop
      vertex   -1.483246e+02 3.250001e+01 2.080118e+02
      vertex   -1.482505e+02 3.500001e+01 2.080766e+02
      vertex   -1.484010e+02 3.500001e+01 2.079498e+02
    endloop
  endfacet
  facet normal -6.149983e-01 7.449307e-04 7.885281e-01
    outer loop
      vertex   -1.483246e+02 3.250001e+01 2.080118e+02
      vertex   -1.484010e+02 3.500001e+01 2.079498e+02
      vertex   -1.484797e+02 3.250001e+01 2.078908e+02
    endloop
  endfacet
  facet normal -5.847187e-01 -7.448606e-04 8.112358e-01
    outer loop
      vertex   -1.484797e+02 3.250001e+01 2.078908e+02
      vertex   -1.484010e+02 3.500001e+01 2.079498e+02
      vertex   -1.485606e+02 3.500001e+01 2.078348e+02
    endloop
  endfacet
  facet normal -5.536016e-01 7.449271e-04 8.327813e-01
    outer loop
      vertex   -1.484797e+02 3.250001e+01 2.078908e+02
      vertex   -1.485606e+02 3.500001e+01 2.078348e+02
      vertex   -1.486436e+02 3.250001e+01 2.077819e+02
    endloop
  endfacet
  facet normal -5.216914e-01 -7.448643e-04 8.531340e-01
    outer loop
      vertex   -1.486436e+02 3.250001e+01 2.077819e+02
      vertex   -1.485606e+02 3.500001e+01 2.078348e+02
      vertex   -1.487285e+02 3.500001e+01 2.077321e+02
    endloop
  endfacet
  facet normal -4.890339e-01 7.449234e-04 8.722645e-01
    outer loop
      vertex   -1.486436e+02 3.250001e+01 2.077819e+02
      vertex   -1.487285e+02 3.500001e+01 2.077321e+02
      vertex   -1.488152e+02 3.250001e+01 2.076856e+02
    endloop
  endfacet
  facet normal -4.556758e-01 -7.448682e-04 8.901455e-01
    outer loop
      vertex   -1.488152e+02 3.250001e+01 2.076856e+02
      vertex   -1.487285e+02 3.500001e+01 2.077321e+02
      vertex   -1.489037e+02 3.500001e+01 2.076424e+02
    endloop
  endfacet
  facet normal -4.216650e-01 7.449194e-04 9.067514e-01
    outer loop
      vertex   -1.488152e+02 3.250001e+01 2.076856e+02
      vertex   -1.489037e+02 3.500001e+01 2.076424e+02
      vertex   -1.489937e+02 3.250001e+01 2.076026e+02
    endloop
  endfacet
  facet normal -3.870502e-01 -7.448722e-04 9.220583e-01
    outer loop
      vertex   -1.489937e+02 3.250001e+01 2.076026e+02
      vertex   -1.489037e+02 3.500001e+01 2.076424e+02
      vertex   -1.490851e+02 3.500001e+01 2.075663e+02
    endloop
  endfacet
  facet normal -3.518809e-01 7.449153e-04 9.360445e-01
    outer loop
      vertex   -1.489937e+02 3.250001e+01 2.076026e+02
      vertex   -1.490851e+02 3.500001e+01 2.075663e+02
      vertex   -1.491779e+02 3.250001e+01 2.075334e+02
    endloop
  endfacet
  facet normal -3.162076e-01 -7.448763e-04 9.486897e-01
    outer loop
      vertex   -1.491779e+02 3.250001e+01 2.075334e+02
      vertex   -1.490851e+02 3.500001e+01 2.075663e+02
      vertex   -1.492718e+02 3.500001e+01 2.075041e+02
    endloop
  endfacet
  facet normal -2.800813e-01 7.449112e-04 9.599760e-01
    outer loop
      vertex   -1.491779e+02 3.250001e+01 2.075334e+02
      vertex   -1.492718e+02 3.500001e+01 2.075041e+02
      vertex   -1.493668e+02 3.250001e+01 2.074783e+02
    endloop
  endfacet
  facet normal -2.435538e-01 -7.448806e-04 9.698871e-01
    outer loop
      vertex   -1.493668e+02 3.250001e+01 2.074783e+02
      vertex   -1.492718e+02 3.500001e+01 2.075041e+02
      vertex   -1.494626e+02 3.500001e+01 2.074561e+02
    endloop
  endfacet
  facet normal -2.066774e-01 7.449069e-04 9.784089e-01
    outer loop
      vertex   -1.493668e+02 3.250001e+01 2.074783e+02
      vertex   -1.494626e+02 3.500001e+01 2.074561e+02
      vertex   -1.495593e+02 3.250001e+01 2.074376e+02
    endloop
  endfacet
  facet normal -1.695049e-01 -7.448849e-04 9.855291e-01
    outer loop
      vertex   -1.495593e+02 3.250001e+01 2.074376e+02
      vertex   -1.494626e+02 3.500001e+01 2.074561e+02
      vertex   -1.496566e+02 3.500001e+01 2.074228e+02
    endloop
  endfacet
  facet normal -1.320896e-01 7.449025e-04 9.912375e-01
    outer loop
      vertex   -1.495593e+02 3.250001e+01 2.074376e+02
      vertex   -1.496566e+02 3.500001e+01 2.074228e+02
      vertex   -1.497543e+02 3.250001e+01 2.074116e+02
    endloop
  endfacet
  facet normal -9.448511e-02 -7.448893e-04 9.955260e-01
    outer loop
      vertex   -1.497543e+02 3.250001e+01 2.074116e+02
      vertex   -1.496566e+02 3.500001e+01 2.074228e+02
      vertex   -1.498525e+02 3.500001e+01 2.074042e+02
    endloop
  endfacet
  facet normal -5.674526e-02 7.448981e-04 9.983884e-01
    outer loop
      vertex   -1.497543e+02 3.250001e+01 2.074116e+02
      vertex   -1.498525e+02 3.500001e+01 2.074042e+02
      vertex   -1.499508e+02 3.250001e+01 2.074005e+02
    endloop
  endfacet
  facet normal -1.892412e-02 -7.448937e-04 9.998206e-01
    outer loop
      vertex   -1.499508e+02 3.250001e+01 2.074005e+02
      vertex   -1.498525e+02 3.500001e+01 2.074042e+02
      vertex   -1.500492e+02 3.500001e+01 2.074005e+02
    endloop
  endfacet
  facet normal 1.892412e-02 7.448937e-04 9.998206e-01
    outer loop
      vertex   -1.499508e+02 3.250001e+01 2.074005e+02
      vertex   -1.500492e+02 3.500001e+01 2.074005e+02
      vertex   -1.501475e+02 3.250001e+01 2.074042e+02
    endloop
  endfacet
  facet normal 5.674526e-02 -7.448981e-04 9.983884e-01
    outer loop
      vertex   -1.501475e+02 3.250001e+01 2.074042e+02
      vertex   -1.500492e+02 3.500001e+01 2.074005e+02
      vertex   -1.502457e+02 3.500001e+01 2.074116e+02
    endloop
  endfacet
  facet normal 9.448511e-02 7.448893e-04 9.955260e-01
    outer loop
      vertex   -1.501475e+02 3.250001e+01 2.074042e+02
      vertex   -1.502457e+02 3.500001e+01 2.074116e+02
      vertex   -1.503434e+02 3.250001e+01 2.074228e+02
    endloop
  endfacet
  facet normal 1.320896e-01 -7.449025e-04 9.912375e-01
    outer loop
      vertex   -1.503434e+02 3.250001e+01 2.074228e+02
      vertex   -1.502457e+02 3.500001e+01 2.074116e+02
      vertex   -1.504407e+02 3.500001e+01 2.074376e+02
    endloop
  endfacet
  facet normal 1.695049e-01 7.448849e-04 9.855291e-01
    outer loop
      vertex   -1.503434e+02 3.250001e+01 2.074228e+02
      vertex   -1.504407e+02 3.500001e+01 2.074376e+02
      vertex   -1.505374e+02 3.250001e+01 2.074561e+02
    endloop
  endfacet
  facet normal 2.066774e-01 -7.449069e-04 9.784089e-01
    outer loop
      vertex   -1.505374e+02 3.250001e+01 2.074561e+02
      vertex   -1.504407e+02 3.500001e+01 2.074376e+02
      vertex   -1.506332e+02 3.500001e+01 2.074783e+02
    endloop
  endfacet
  facet normal 2.435538e-01 7.448806e-04 9.698871e-01
    outer loop
      vertex   -1.505374e+02 3.250001e+01 2.074561e+02
      vertex   -1.506332e+02 3.500001e+01 2.074783e+02
      vertex   -1.507282e+02 3.250001e+01 2.075041e+02
    endloop
  endfacet
  facet normal 2.800813e-01 -7.449112e-04 9.599760e-01
    outer loop
      vertex   -1.507282e+02 3.250001e+01 2.075041e+02
      vertex   -1.506332e+02 3.500001e+01 2.074783e+02
      vertex   -1.508221e+02 3.500001e+01 2.075334e+02
    endloop
  endfacet
  facet normal 3.162076e-01 7.448763e-04 9.486897e-01
    outer loop
      vertex   -1.507282e+02 3.250001e+01 2.075041e+02
      vertex   -1.508221e+02 3.500001e+01 2.075334e+02
      vertex   -1.509149e+02 3.250001e+01 2.075663e+02
    endloop
  endfacet
  facet normal 3.518809e-01 -7.449153e-04 9.360445e-01
    outer loop
      vertex   -1.509149e+02 3.250001e+01 2.075663e+02
      vertex   -1.508221e+02 3.500001e+01 2.075334e+02
      vertex   -1.510063e+02 3.500001e+01 2.076026e+02
    endloop
  endfacet
  facet normal 3.870502e-01 7.448722e-04 9.220583e-01
    outer loop
      vertex   -1.509149e+02 3.250001e+01 2.075663e+02
      vertex   -1.510063e+02 3.500001e+01 2.076026e+02
      vertex   -1.510963e+02 3.250001e+01 2.076424e+02
    endloop
  endfacet
  facet normal 4.216650e-01 -7.449194e-04 9.067514e-01
    outer loop
      vertex   -1.510963e+02 3.250001e+01 2.076424e+02
      vertex   -1.510063e+02 3.500001e+01 2.076026e+02
      vertex   -1.511848e+02 3.500001e+01 2.076856e+02
    endloop
  endfacet
  facet normal 4.556758e-01 7.448682e-04 8.901455e-01
    outer loop
      vertex   -1.510963e+02 3.250001e+01 2.076424e+02
      vertex   -1.511848e+02 3.500001e+01 2.076856e+02
      vertex   -1.512715e+02 3.250001e+01 2.077321e+02
    endloop
  endfacet
  facet normal 4.890339e-01 -7.449234e-04 8.722645e-01
    outer loop
      vertex   -1.512715e+02 3.250001e+01 2.077321e+02
      vertex   -1.511848e+02 3.500001e+01 2.076856e+02
      vertex   -1.513564e+02 3.500001e+01 2.077819e+02
    endloop
  endfacet
  facet normal 5.216914e-01 7.448643e-04 8.531340e-01
    outer loop
      vertex   -1.512715e+02 3.250001e+01 2.077321e+02
      vertex   -1.513564e+02 3.500001e+01 2.077819e+02
      vertex   -1.514394e+02 3.250001e+01 2.078348e+02
    endloop
  endfacet
  facet normal 5.536016e-01 -7.449271e-04 8.327813e-01
    outer loop
      vertex   -1.514394e+02 3.250001e+01 2.078348e+02
      vertex   -1.513564e+02 3.500001e+01 2.077819e+02
      vertex   -1.515203e+02 3.500001e+01 2.078908e+02
    endloop
  endfacet
  facet normal 5.847187e-01 7.448606e-04 8.112358e-01
    outer loop
      vertex   -1.514394e+02 3.250001e+01 2.078348e+02
      vertex   -1.515203e+02 3.500001e+01 2.078908e+02
      vertex   -1.515990e+02 3.250001e+01 2.079498e+02
    endloop
  endfacet
  facet normal 6.149983e-01 -7.449307e-04 7.885281e-01
    outer loop
      vertex   -1.515990e+02 3.250001e+01 2.079498e+02
      vertex   -1.515203e+02 3.500001e+01 2.078908e+02
      vertex   -1.516754e+02 3.500001e+01 2.080118e+02
    endloop
  endfacet
  facet normal 6.443969e-01 7.448571e-04 7.646909e-01
    outer loop
      vertex   -1.515990e+02 3.250001e+01 2.079498e+02
      vertex   -1.516754e+02 3.500001e+01 2.080118e+02
      vertex   -1.517495e+02 3.250001e+01 2.080766e+02
    endloop
  endfacet
  facet normal 6.728723e-01 -7.449341e-04 7.397582e-01
    outer loop
      vertex   -1.517495e+02 3.250001e+01 2.080766e+02
      vertex   -1.516754e+02 3.500001e+01 2.080118e+02
      vertex   -1.518210e+02 3.500001e+01 2.081442e+02
    endloop
  endfacet
  facet normal 7.003839e-01 7.448539e-04 7.137659e-01
    outer loop
      vertex   -1.517495e+02 3.250001e+01 2.080766e+02
      vertex   -1.518210e+02 3.500001e+01 2.081442e+02
      vertex   -1.518899e+02 3.250001e+01 2.082144e+02
    endloop
  endfacet
  facet normal 7.268923e-01 -7.449373e-04 6.867511e-01
    outer loop
      vertex   -1.518899e+02 3.250001e+01 2.082144e+02
      vertex   -1.518210e+02 3.500001e+01 2.081442e+02
      vertex   -1.519561e+02 3.500001e+01 2.082872e+02
    endloop
  endfacet
  facet normal 7.523593e-01 7.448508e-04 6.587526e-01
    outer loop
      vertex   -1.518899e+02 3.250001e+01 2.082144e+02
      vertex   -1.519561e+02 3.500001e+01 2.082872e+02
      vertex   -1.520195e+02 3.250001e+01 2.083625e+02
    endloop
  endfacet
  facet normal 7.767486e-01 -7.449402e-04 6.298103e-01
    outer loop
      vertex   -1.520195e+02 3.250001e+01 2.083625e+02
      vertex   -1.519561e+02 3.500001e+01 2.082872e+02
      vertex   -1.520801e+02 3.500001e+01 2.084401e+02
    endloop
  endfacet
  facet normal 8.000252e-01 7.448480e-04 5.999659e-01
    outer loop
      vertex   -1.520195e+02 3.250001e+01 2.083625e+02
      vertex   -1.520801e+02 3.500001e+01 2.084401e+02
      vertex   -1.521376e+02 3.250001e+01 2.085199e+02
    endloop
  endfacet
  facet normal 8.221558e-01 -7.449428e-04 5.692621e-01
    outer loop
      vertex   -1.521376e+02 3.250001e+01 2.085199e+02
      vertex   -1.520801e+02 3.500001e+01 2.084401e+02
      vertex   -1.521921e+02 3.500001e+01 2.086019e+02
    endloop
  endfacet
  facet normal 8.431086e-01 7.448455e-04 5.377428e-01
    outer loop
      vertex   -1.521376e+02 3.250001e+01 2.085199e+02
      vertex   -1.521921e+02 3.500001e+01 2.086019e+02
      vertex   -1.522434e+02 3.250001e+01 2.086858e+02
    endloop
  endfacet
  facet normal 8.628537e-01 -7.449452e-04 5.054531e-01
    outer loop
      vertex   -1.522434e+02 3.250001e+01 2.086858e+02
      vertex   -1.521921e+02 3.500001e+01 2.086019e+02
      vertex   -1.522915e+02 3.500001e+01 2.087717e+02
    endloop
  endfacet
  facet normal 8.813628e-01 7.448433e-04 4.724394e-01
    outer loop
      vertex   -1.522434e+02 3.250001e+01 2.086858e+02
      vertex   -1.522915e+02 3.500001e+01 2.087717e+02
      vertex   -1.523364e+02 3.250001e+01 2.088593e+02
    endloop
  endfacet
  facet normal 8.986094e-01 -7.449473e-04 4.387490e-01
    outer loop
      vertex   -1.523364e+02 3.250001e+01 2.088593e+02
      vertex   -1.522915e+02 3.500001e+01 2.087717e+02
      vertex   -1.523779e+02 3.500001e+01 2.089485e+02
    endloop
  endfacet
  facet normal 9.145686e-01 7.448413e-04 4.044300e-01
    outer loop
      vertex   -1.523364e+02 3.250001e+01 2.088593e+02
      vertex   -1.523779e+02 3.500001e+01 2.089485e+02
      vertex   -1.524160e+02 3.250001e+01 2.090392e+02
    endloop
  endfacet
  facet normal 9.292178e-01 -7.449491e-04 3.695317e-01
    outer loop
      vertex   -1.524160e+02 3.250001e+01 2.090392e+02
      vertex   -1.523779e+02 3.500001e+01 2.089485e+02
      vertex   -1.524506e+02 3.500001e+01 2.091313e+02
    endloop
  endfacet
  facet normal 9.425359e-01 7.448397e-04 3.341041e-01
    outer loop
      vertex   -1.524160e+02 3.250001e+01 2.090392e+02
      vertex   -1.524506e+02 3.500001e+01 2.091313e+02
      vertex   -1.524817e+02 3.250001e+01 2.092247e+02
    endloop
  endfacet
  facet normal 9.545038e-01 -7.449506e-04 2.981978e-01
    outer loop
      vertex   -1.524817e+02 3.250001e+01 2.092247e+02
      vertex   -1.524506e+02 3.500001e+01 2.091313e+02
      vertex   -1.525093e+02 3.500001e+01 2.093192e+02
    endloop
  endfacet
  facet normal 9.651044e-01 7.448384e-04 2.618644e-01
    outer loop
      vertex   -1.524817e+02 3.250001e+01 2.092247e+02
      vertex   -1.525093e+02 3.500001e+01 2.093192e+02
      vertex   -1.525332e+02 3.250001e+01 2.094146e+02
    endloop
  endfacet
  facet normal 9.743225e-01 -7.449517e-04 2.251559e-01
    outer loop
      vertex   -1.525332e+02 3.250001e+01 2.094146e+02
      vertex   -1.525093e+02 3.500001e+01 2.093192e+02
      vertex   -1.525536e+02 3.500001e+01 2.095109e+02
    endloop
  endfacet
  facet normal 9.821448e-01 7.448374e-04 1.881248e-01
    outer loop
      vertex   -1.525332e+02 3.250001e+01 2.094146e+02
      vertex   -1.525536e+02 3.500001e+01 2.095109e+02
      vertex   -1.525703e+02 3.250001e+01 2.096079e+02
    endloop
  endfacet
  facet normal 9.885603e-01 -7.449526e-04 1.508243e-01
    outer loop
      vertex   -1.525703e+02 3.250001e+01 2.096079e+02
      vertex   -1.525536e+02 3.500001e+01 2.095109e+02
      vertex   -1.525833e+02 3.500001e+01 2.097054e+02
    endloop
  endfacet
  facet normal 9.935597e-01 7.448367e-04 1.133076e-01
    outer loop
      vertex   -1.525703e+02 3.250001e+01 2.096079e+02
      vertex   -1.525833e+02 3.500001e+01 2.097054e+02
      vertex   -1.525926e+02 3.250001e+01 2.098034e+02
    endloop
  endfacet
  facet normal 9.971358e-01 -7.449531e-04 7.562872e-02
    outer loop
      vertex   -1.525926e+02 3.250001e+01 2.098034e+02
      vertex   -1.525833e+02 3.500001e+01 2.097054e+02
      vertex   -1.525981e+02 3.500001e+01 2.099016e+02
    endloop
  endfacet
endsolid
