solid ASCII
  facet normal 1.395638e-16 -7.071068e-01 -7.071068e-01
    outer loop
      vertex   1.800000e+01 -2.200000e+02 4.000000e+01
      vertex   -1.800000e+01 -2.200000e+02 4.000000e+01
      vertex   2.000000e+01 -2.180000e+02 3.800000e+01
    endloop
  endfacet
  facet normal 1.256074e-16 -7.071068e-01 -7.071068e-01
    outer loop
      vertex   2.000000e+01 -2.180000e+02 3.800000e+01
      vertex   -1.800000e+01 -2.200000e+02 4.000000e+01
      vertex   -2.000000e+01 -2.180000e+02 3.800000e+01
    endloop
  endfacet
  facet normal 0.000000e+00 -1.000000e+00 0.000000e+00
    outer loop
      vertex   -1.800000e+01 -2.200000e+02 4.000000e+01
      vertex   1.800000e+01 -2.200000e+02 4.000000e+01
      vertex   -1.800000e+01 -2.200000e+02 4.700000e+01
    endloop
  endfacet
  facet normal 0.000000e+00 -1.000000e+00 0.000000e+00
    outer loop
      vertex   -1.800000e+01 -2.200000e+02 4.700000e+01
      vertex   1.800000e+01 -2.200000e+02 4.000000e+01
      vertex   1.800000e+01 -2.200000e+02 4.700000e+01
    endloop
  endfacet
  facet normal 0.000000e+00 -1.000000e+00 0.000000e+00
    outer loop
      vertex   -1.800000e+01 -2.200000e+02 4.700000e+01
      vertex   1.800000e+01 -2.200000e+02 4.700000e+01
      vertex   -1.700000e+01 -2.200000e+02 4.800000e+01
    endloop
  endfacet
  facet normal 0.000000e+00 -1.000000e+00 0.000000e+00
    outer loop
      vertex   -1.700000e+01 -2.200000e+02 4.800000e+01
      vertex   1.800000e+01 -2.200000e+02 4.700000e+01
      vertex   1.700000e+01 -2.200000e+02 4.800000e+01
    endloop
  endfacet
  facet normal 7.071068e-01 -7.071068e-01 0.000000e+00
    outer loop
      vertex   2.000000e+01 -2.180000e+02 3.800000e+01
      vertex   2.000000e+01 -2.180000e+02 4.500000e+01
      vertex   1.800000e+01 -2.200000e+02 4.000000e+01
    endloop
  endfacet
  facet normal 7.071068e-01 -7.071068e-01 3.588783e-16
    outer loop
      vertex   1.800000e+01 -2.200000e+02 4.000000e+01
      vertex   2.000000e+01 -2.180000e+02 4.500000e+01
      vertex   1.800000e+01 -2.200000e+02 4.700000e+01
    endloop
  endfacet
  facet normal 1.776357e-16 8.543218e-15 -1.000000e+00
    outer loop
      vertex   -2.000000e+01 -2.180000e+02 3.800000e+01
      vertex   1.316876e-01 -2.125967e+02 3.800000e+01
      vertex   2.000000e+01 -2.180000e+02 3.800000e+01
    endloop
  endfacet
  facet normal -5.839784e-16 5.742729e-15 -1.000000e+00
    outer loop
      vertex   2.000000e+01 -2.180000e+02 3.800000e+01
      vertex   1.316876e-01 -2.125967e+02 3.800000e+01
      vertex   3.937120e-01 -2.125700e+02 3.800000e+01
    endloop
  endfacet
  facet normal -9.262132e-16 4.507006e-15 -1.000000e+00
    outer loop
      vertex   2.000000e+01 -2.180000e+02 3.800000e+01
      vertex   3.937120e-01 -2.125700e+02 3.800000e+01
      vertex   6.516964e-01 -2.125170e+02 3.800000e+01
    endloop
  endfacet
  facet normal 0.000000e+00 0.000000e+00 -1.000000e+00
    outer loop
      vertex   -2.000000e+01 -2.000000e+02 3.800000e+01
      vertex   -1.500000e+01 -2.050000e+02 3.800000e+01
      vertex   -2.000000e+01 -2.180000e+02 3.800000e+01
    endloop
  endfacet
  facet normal 3.373971e-15 -1.297681e-15 -1.000000e+00
    outer loop
      vertex   -2.000000e+01 -2.180000e+02 3.800000e+01
      vertex   -1.500000e+01 -2.050000e+02 3.800000e+01
      vertex   -2.480762e+00 -2.107783e+02 3.800000e+01
    endloop
  endfacet
  facet normal 2.463027e-15 9.122051e-16 -1.000000e+00
    outer loop
      vertex   -2.000000e+01 -2.180000e+02 3.800000e+01
      vertex   -2.480762e+00 -2.107783e+02 3.800000e+01
      vertex   -2.389291e+00 -2.110253e+02 3.800000e+01
    endloop
  endfacet
  facet normal 2.368476e-16 -1.923015e-14 -1.000000e+00
    outer loop
      vertex   1.500000e+01 -2.050000e+02 3.800000e+01
      vertex   -1.316881e-01 -2.074033e+02 3.800000e+01
      vertex   -1.500000e+01 -2.050000e+02 3.800000e+01
    endloop
  endfacet
  facet normal 1.291821e-15 -1.270351e-14 -1.000000e+00
    outer loop
      vertex   -1.500000e+01 -2.050000e+02 3.800000e+01
      vertex   -1.316881e-01 -2.074033e+02 3.800000e+01
      vertex   -3.937124e-01 -2.074300e+02 3.800000e+01
    endloop
  endfacet
  facet normal 1.881826e-15 -9.157072e-15 -1.000000e+00
    outer loop
      vertex   -1.500000e+01 -2.050000e+02 3.800000e+01
      vertex   -3.937124e-01 -2.074300e+02 3.800000e+01
      vertex   -6.516968e-01 -2.074830e+02 3.800000e+01
    endloop
  endfacet
  facet normal 0.000000e+00 -0.000000e+00 -1.000000e+00
    outer loop
      vertex   2.000000e+01 -2.000000e+02 3.800000e+01
      vertex   2.000000e+01 -2.180000e+02 3.800000e+01
      vertex   1.500000e+01 -2.050000e+02 3.800000e+01
    endloop
  endfacet
  facet normal -2.891975e-15 -1.112298e-15 -1.000000e+00
    outer loop
      vertex   1.500000e+01 -2.050000e+02 3.800000e+01
      vertex   2.000000e+01 -2.180000e+02 3.800000e+01
      vertex   2.480762e+00 -2.107783e+02 3.800000e+01
    endloop
  endfacet
  facet normal -3.867558e-15 1.001380e-15 -1.000000e+00
    outer loop
      vertex   1.500000e+01 -2.050000e+02 3.800000e+01
      vertex   2.480762e+00 -2.107783e+02 3.800000e+01
      vertex   2.546778e+00 -2.105234e+02 3.800000e+01
    endloop
  endfacet
  facet normal -3.509885e-15 1.780012e-16 -1.000000e+00
    outer loop
      vertex   2.586660e+00 -2.102630e+02 3.800000e+01
      vertex   2.600000e+00 -2.100000e+02 3.800000e+01
      vertex   1.500000e+01 -2.050000e+02 3.800000e+01
    endloop
  endfacet
  facet normal -3.369212e-15 -1.708671e-16 -1.000000e+00
    outer loop
      vertex   1.500000e+01 -2.050000e+02 3.800000e+01
      vertex   2.600000e+00 -2.100000e+02 3.800000e+01
      vertex   2.586660e+00 -2.097370e+02 3.800000e+01
    endloop
  endfacet
  facet normal -3.244730e-15 -4.970744e-16 -1.000000e+00
    outer loop
      vertex   1.500000e+01 -2.050000e+02 3.800000e+01
      vertex   2.586660e+00 -2.097370e+02 3.800000e+01
      vertex   2.546778e+00 -2.094766e+02 3.800000e+01
    endloop
  endfacet
  facet normal -3.131915e-15 -8.109089e-16 -1.000000e+00
    outer loop
      vertex   2.546778e+00 -2.094766e+02 3.800000e+01
      vertex   2.480762e+00 -2.092217e+02 3.800000e+01
      vertex   1.500000e+01 -2.050000e+02 3.800000e+01
    endloop
  endfacet
  facet normal -3.027286e-15 -1.121184e-15 -1.000000e+00
    outer loop
      vertex   1.500000e+01 -2.050000e+02 3.800000e+01
      vertex   2.480762e+00 -2.092217e+02 3.800000e+01
      vertex   2.389290e+00 -2.089747e+02 3.800000e+01
    endloop
  endfacet
  facet normal -2.927984e-15 -1.436245e-15 -1.000000e+00
    outer loop
      vertex   1.500000e+01 -2.050000e+02 3.800000e+01
      vertex   2.389290e+00 -2.089747e+02 3.800000e+01
      vertex   2.273301e+00 -2.087382e+02 3.800000e+01
    endloop
  endfacet
  facet normal -2.831460e-15 -1.764862e-15 -1.000000e+00
    outer loop
      vertex   2.273301e+00 -2.087382e+02 3.800000e+01
      vertex   2.133985e+00 -2.085147e+02 3.800000e+01
      vertex   1.500000e+01 -2.050000e+02 3.800000e+01
    endloop
  endfacet
  facet normal -2.735207e-15 -2.117208e-15 -1.000000e+00
    outer loop
      vertex   1.500000e+01 -2.050000e+02 3.800000e+01
      vertex   2.133985e+00 -2.085147e+02 3.800000e+01
      vertex   1.972771e+00 -2.083064e+02 3.800000e+01
    endloop
  endfacet
  facet normal -2.636486e-15 -2.506166e-15 -1.000000e+00
    outer loop
      vertex   1.500000e+01 -2.050000e+02 3.800000e+01
      vertex   1.972771e+00 -2.083064e+02 3.800000e+01
      vertex   1.791314e+00 -2.081155e+02 3.800000e+01
    endloop
  endfacet
  facet normal -2.531948e-15 -2.949366e-15 -1.000000e+00
    outer loop
      vertex   1.791314e+00 -2.081155e+02 3.800000e+01
      vertex   1.591475e+00 -2.079440e+02 3.800000e+01
      vertex   1.500000e+01 -2.050000e+02 3.800000e+01
    endloop
  endfacet
  facet normal -2.417051e-15 -3.472672e-15 -1.000000e+00
    outer loop
      vertex   1.500000e+01 -2.050000e+02 3.800000e+01
      vertex   1.591475e+00 -2.079440e+02 3.800000e+01
      vertex   1.375306e+00 -2.077935e+02 3.800000e+01
    endloop
  endfacet
  facet normal -2.284990e-15 -4.116764e-15 -1.000000e+00
    outer loop
      vertex   1.500000e+01 -2.050000e+02 3.800000e+01
      vertex   1.375306e+00 -2.077935e+02 3.800000e+01
      vertex   1.145025e+00 -2.076657e+02 3.800000e+01
    endloop
  endfacet
  facet normal -2.124532e-15 -4.950745e-15 -1.000000e+00
    outer loop
      vertex   1.145025e+00 -2.076657e+02 3.800000e+01
      vertex   9.029934e-01 -2.075618e+02 3.800000e+01
      vertex   1.500000e+01 -2.050000e+02 3.800000e+01
    endloop
  endfacet
  facet normal -1.915021e-15 -6.103615e-15 -1.000000e+00
    outer loop
      vertex   1.500000e+01 -2.050000e+02 3.800000e+01
      vertex   9.029934e-01 -2.075618e+02 3.800000e+01
      vertex   6.516964e-01 -2.074830e+02 3.800000e+01
    endloop
  endfacet
  facet normal -1.612994e-15 -7.848919e-15 -1.000000e+00
    outer loop
      vertex   1.500000e+01 -2.050000e+02 3.800000e+01
      vertex   6.516964e-01 -2.074830e+02 3.800000e+01
      vertex   3.937120e-01 -2.074300e+02 3.800000e+01
    endloop
  endfacet
  facet normal -1.107275e-15 -1.088873e-14 -1.000000e+00
    outer loop
      vertex   3.937120e-01 -2.074300e+02 3.800000e+01
      vertex   1.316876e-01 -2.074033e+02 3.800000e+01
      vertex   1.500000e+01 -2.050000e+02 3.800000e+01
    endloop
  endfacet
  facet normal 0.000000e+00 -1.773892e-14 -1.000000e+00
    outer loop
      vertex   1.500000e+01 -2.050000e+02 3.800000e+01
      vertex   1.316876e-01 -2.074033e+02 3.800000e+01
      vertex   -1.316881e-01 -2.074033e+02 3.800000e+01
    endloop
  endfacet
  facet normal 2.234192e-15 -7.120884e-15 -1.000000e+00
    outer loop
      vertex   -6.516968e-01 -2.074830e+02 3.800000e+01
      vertex   -9.029939e-01 -2.075618e+02 3.800000e+01
      vertex   -1.500000e+01 -2.050000e+02 3.800000e+01
    endloop
  endfacet
  facet normal 2.478621e-15 -5.775869e-15 -1.000000e+00
    outer loop
      vertex   -1.500000e+01 -2.050000e+02 3.800000e+01
      vertex   -9.029939e-01 -2.075618e+02 3.800000e+01
      vertex   -1.145025e+00 -2.076657e+02 3.800000e+01
    endloop
  endfacet
  facet normal 2.665822e-15 -4.802891e-15 -1.000000e+00
    outer loop
      vertex   -1.500000e+01 -2.050000e+02 3.800000e+01
      vertex   -1.145025e+00 -2.076657e+02 3.800000e+01
      vertex   -1.375307e+00 -2.077935e+02 3.800000e+01
    endloop
  endfacet
  facet normal 2.819893e-15 -4.051450e-15 -1.000000e+00
    outer loop
      vertex   -1.375307e+00 -2.077935e+02 3.800000e+01
      vertex   -1.591476e+00 -2.079440e+02 3.800000e+01
      vertex   -1.500000e+01 -2.050000e+02 3.800000e+01
    endloop
  endfacet
  facet normal 2.953939e-15 -3.440927e-15 -1.000000e+00
    outer loop
      vertex   -1.500000e+01 -2.050000e+02 3.800000e+01
      vertex   -1.591476e+00 -2.079440e+02 3.800000e+01
      vertex   -1.791314e+00 -2.081155e+02 3.800000e+01
    endloop
  endfacet
  facet normal 3.075900e-15 -2.923861e-15 -1.000000e+00
    outer loop
      vertex   -1.500000e+01 -2.050000e+02 3.800000e+01
      vertex   -1.791314e+00 -2.081155e+02 3.800000e+01
      vertex   -1.972771e+00 -2.083064e+02 3.800000e+01
    endloop
  endfacet
  facet normal 3.191075e-15 -2.470076e-15 -1.000000e+00
    outer loop
      vertex   -1.972771e+00 -2.083064e+02 3.800000e+01
      vertex   -2.133985e+00 -2.085147e+02 3.800000e+01
      vertex   -1.500000e+01 -2.050000e+02 3.800000e+01
    endloop
  endfacet
  facet normal 3.303370e-15 -2.059006e-15 -1.000000e+00
    outer loop
      vertex   -1.500000e+01 -2.050000e+02 3.800000e+01
      vertex   -2.133985e+00 -2.085147e+02 3.800000e+01
      vertex   -2.273301e+00 -2.087382e+02 3.800000e+01
    endloop
  endfacet
  facet normal 3.415982e-15 -1.675619e-15 -1.000000e+00
    outer loop
      vertex   -1.500000e+01 -2.050000e+02 3.800000e+01
      vertex   -2.273301e+00 -2.087382e+02 3.800000e+01
      vertex   -2.389291e+00 -2.089747e+02 3.800000e+01
    endloop
  endfacet
  facet normal 3.531834e-15 -1.308048e-15 -1.000000e+00
    outer loop
      vertex   -2.389291e+00 -2.089747e+02 3.800000e+01
      vertex   -2.480762e+00 -2.092217e+02 3.800000e+01
      vertex   -1.500000e+01 -2.050000e+02 3.800000e+01
    endloop
  endfacet
  facet normal 3.653901e-15 -9.460604e-16 -1.000000e+00
    outer loop
      vertex   -1.500000e+01 -2.050000e+02 3.800000e+01
      vertex   -2.480762e+00 -2.092217e+02 3.800000e+01
      vertex   -2.546778e+00 -2.094766e+02 3.800000e+01
    endloop
  endfacet
  facet normal 3.785519e-15 -5.799202e-16 -1.000000e+00
    outer loop
      vertex   -1.500000e+01 -2.050000e+02 3.800000e+01
      vertex   -2.546778e+00 -2.094766e+02 3.800000e+01
      vertex   -2.586660e+00 -2.097370e+02 3.800000e+01
    endloop
  endfacet
  facet normal 3.930747e-15 -1.993449e-16 -1.000000e+00
    outer loop
      vertex   -2.586660e+00 -2.097370e+02 3.800000e+01
      vertex   -2.600000e+00 -2.100000e+02 3.800000e+01
      vertex   -1.500000e+01 -2.050000e+02 3.800000e+01
    endloop
  endfacet
  facet normal 4.094865e-15 2.076681e-16 -1.000000e+00
    outer loop
      vertex   -1.500000e+01 -2.050000e+02 3.800000e+01
      vertex   -2.600000e+00 -2.100000e+02 3.800000e+01
      vertex   -2.586660e+00 -2.102630e+02 3.800000e+01
    endloop
  endfacet
  facet normal 4.285145e-15 6.564601e-16 -1.000000e+00
    outer loop
      vertex   -1.500000e+01 -2.050000e+02 3.800000e+01
      vertex   -2.586660e+00 -2.102630e+02 3.800000e+01
      vertex   -2.546778e+00 -2.105234e+02 3.800000e+01
    endloop
  endfacet
  facet normal 4.512151e-15 1.168277e-15 -1.000000e+00
    outer loop
      vertex   -2.546778e+00 -2.105234e+02 3.800000e+01
      vertex   -2.480762e+00 -2.107783e+02 3.800000e+01
      vertex   -1.500000e+01 -2.050000e+02 3.800000e+01
    endloop
  endfacet
  facet normal 2.364878e-15 1.160028e-15 -1.000000e+00
    outer loop
      vertex   -2.389291e+00 -2.110253e+02 3.800000e+01
      vertex   -2.273301e+00 -2.112618e+02 3.800000e+01
      vertex   -2.000000e+01 -2.180000e+02 3.800000e+01
    endloop
  endfacet
  facet normal 2.268380e-15 1.413892e-15 -1.000000e+00
    outer loop
      vertex   -2.000000e+01 -2.180000e+02 3.800000e+01
      vertex   -2.273301e+00 -2.112618e+02 3.800000e+01
      vertex   -2.133985e+00 -2.114853e+02 3.800000e+01
    endloop
  endfacet
  facet normal 2.171133e-15 1.680582e-15 -1.000000e+00
    outer loop
      vertex   -2.000000e+01 -2.180000e+02 3.800000e+01
      vertex   -2.133985e+00 -2.114853e+02 3.800000e+01
      vertex   -1.972771e+00 -2.116936e+02 3.800000e+01
    endloop
  endfacet
  facet normal 2.070524e-15 1.968179e-15 -1.000000e+00
    outer loop
      vertex   -1.972771e+00 -2.116936e+02 3.800000e+01
      vertex   -1.791314e+00 -2.118845e+02 3.800000e+01
      vertex   -2.000000e+01 -2.180000e+02 3.800000e+01
    endloop
  endfacet
  facet normal 1.963411e-15 2.287100e-15 -1.000000e+00
    outer loop
      vertex   -2.000000e+01 -2.180000e+02 3.800000e+01
      vertex   -1.791314e+00 -2.118845e+02 3.800000e+01
      vertex   -1.591476e+00 -2.120560e+02 3.800000e+01
    endloop
  endfacet
  facet normal 1.845670e-15 2.651746e-15 -1.000000e+00
    outer loop
      vertex   -2.000000e+01 -2.180000e+02 3.800000e+01
      vertex   -1.591476e+00 -2.120560e+02 3.800000e+01
      vertex   -1.375307e+00 -2.122065e+02 3.800000e+01
    endloop
  endfacet
  facet normal 1.711407e-15 3.083365e-15 -1.000000e+00
    outer loop
      vertex   -1.375307e+00 -2.122065e+02 3.800000e+01
      vertex   -1.145025e+00 -2.123343e+02 3.800000e+01
      vertex   -2.000000e+01 -2.180000e+02 3.800000e+01
    endloop
  endfacet
  facet normal 1.551518e-15 3.615464e-15 -1.000000e+00
    outer loop
      vertex   -2.000000e+01 -2.180000e+02 3.800000e+01
      vertex   -1.145025e+00 -2.123343e+02 3.800000e+01
      vertex   -9.029939e-01 -2.124382e+02 3.800000e+01
    endloop
  endfacet
  facet normal 1.350699e-15 4.304989e-15 -1.000000e+00
    outer loop
      vertex   -2.000000e+01 -2.180000e+02 3.800000e+01
      vertex   -9.029939e-01 -2.124382e+02 3.800000e+01
      vertex   -6.516968e-01 -2.125170e+02 3.800000e+01
    endloop
  endfacet
  facet normal 1.080582e-15 5.258173e-15 -1.000000e+00
    outer loop
      vertex   -6.516968e-01 -2.125170e+02 3.800000e+01
      vertex   -3.937124e-01 -2.125700e+02 3.800000e+01
      vertex   -2.000000e+01 -2.180000e+02 3.800000e+01
    endloop
  endfacet
  facet normal 6.813082e-16 6.699850e-15 -1.000000e+00
    outer loop
      vertex   -2.000000e+01 -2.180000e+02 3.800000e+01
      vertex   -3.937124e-01 -2.125700e+02 3.800000e+01
      vertex   -1.316881e-01 -2.125967e+02 3.800000e+01
    endloop
  endfacet
  facet normal 0.000000e+00 9.205051e-15 -1.000000e+00
    outer loop
      vertex   -2.000000e+01 -2.180000e+02 3.800000e+01
      vertex   -1.316881e-01 -2.125967e+02 3.800000e+01
      vertex   1.316876e-01 -2.125967e+02 3.800000e+01
    endloop
  endfacet
  facet normal -1.157742e-15 3.689991e-15 -1.000000e+00
    outer loop
      vertex   6.516964e-01 -2.125170e+02 3.800000e+01
      vertex   9.029934e-01 -2.124382e+02 3.800000e+01
      vertex   2.000000e+01 -2.180000e+02 3.800000e+01
    endloop
  endfacet
  facet normal -1.329872e-15 3.098969e-15 -1.000000e+00
    outer loop
      vertex   2.000000e+01 -2.180000e+02 3.800000e+01
      vertex   9.029934e-01 -2.124382e+02 3.800000e+01
      vertex   1.145025e+00 -2.123343e+02 3.800000e+01
    endloop
  endfacet
  facet normal -1.466921e-15 2.642885e-15 -1.000000e+00
    outer loop
      vertex   2.000000e+01 -2.180000e+02 3.800000e+01
      vertex   1.145025e+00 -2.123343e+02 3.800000e+01
      vertex   1.375306e+00 -2.122065e+02 3.800000e+01
    endloop
  endfacet
  facet normal -1.582003e-15 2.272925e-15 -1.000000e+00
    outer loop
      vertex   1.375306e+00 -2.122065e+02 3.800000e+01
      vertex   1.591475e+00 -2.120560e+02 3.800000e+01
      vertex   2.000000e+01 -2.180000e+02 3.800000e+01
    endloop
  endfacet
  facet normal -1.682924e-15 1.960372e-15 -1.000000e+00
    outer loop
      vertex   2.000000e+01 -2.180000e+02 3.800000e+01
      vertex   1.591475e+00 -2.120560e+02 3.800000e+01
      vertex   1.791314e+00 -2.118845e+02 3.800000e+01
    endloop
  endfacet
  facet normal -1.774734e-15 1.687011e-15 -1.000000e+00
    outer loop
      vertex   2.000000e+01 -2.180000e+02 3.800000e+01
      vertex   1.791314e+00 -2.118845e+02 3.800000e+01
      vertex   1.972771e+00 -2.116936e+02 3.800000e+01
    endloop
  endfacet
  facet normal -1.860971e-15 1.440499e-15 -1.000000e+00
    outer loop
      vertex   1.972771e+00 -2.116936e+02 3.800000e+01
      vertex   2.133985e+00 -2.114853e+02 3.800000e+01
      vertex   2.000000e+01 -2.180000e+02 3.800000e+01
    endloop
  endfacet
  facet normal -1.944325e-15 1.211907e-15 -1.000000e+00
    outer loop
      vertex   2.000000e+01 -2.180000e+02 3.800000e+01
      vertex   2.133985e+00 -2.114853e+02 3.800000e+01
      vertex   2.273301e+00 -2.112618e+02 3.800000e+01
    endloop
  endfacet
  facet normal -2.027038e-15 9.943096e-16 -1.000000e+00
    outer loop
      vertex   2.000000e+01 -2.180000e+02 3.800000e+01
      vertex   2.273301e+00 -2.112618e+02 3.800000e+01
      vertex   2.389290e+00 -2.110253e+02 3.800000e+01
    endloop
  endfacet
  facet normal -2.111166e-15 7.818901e-16 -1.000000e+00
    outer loop
      vertex   2.389290e+00 -2.110253e+02 3.800000e+01
      vertex   2.480762e+00 -2.107783e+02 3.800000e+01
      vertex   2.000000e+01 -2.180000e+02 3.800000e+01
    endloop
  endfacet
  facet normal -3.672982e-15 5.626801e-16 -1.000000e+00
    outer loop
      vertex   2.546778e+00 -2.105234e+02 3.800000e+01
      vertex   2.586660e+00 -2.102630e+02 3.800000e+01
      vertex   1.500000e+01 -2.050000e+02 3.800000e+01
    endloop
  endfacet
  facet normal 3.230188e-01 9.463924e-01 4.946500e-04
    outer loop
      vertex   -9.633997e-01 -1.874149e+02 4.000000e+01
      vertex   -9.029939e-01 -1.874382e+02 4.500000e+01
      vertex   -7.141429e-01 -1.875000e+02 4.000000e+01
    endloop
  endfacet
  facet normal 2.993631e-01 9.541391e-01 -4.946500e-04
    outer loop
      vertex   -7.141429e-01 -1.875000e+02 4.000000e+01
      vertex   -9.029939e-01 -1.874382e+02 4.500000e+01
      vertex   -6.516968e-01 -1.875170e+02 4.500000e+01
    endloop
  endfacet
  facet normal 2.256166e-01 9.742161e-01 4.946500e-04
    outer loop
      vertex   -7.141429e-01 -1.875000e+02 4.000000e+01
      vertex   -6.516968e-01 -1.875170e+02 4.500000e+01
      vertex   -4.575581e-01 -1.875594e+02 4.000000e+01
    endloop
  endfacet
  facet normal 2.012985e-01 9.795298e-01 -4.946500e-04
    outer loop
      vertex   -4.575581e-01 -1.875594e+02 4.000000e+01
      vertex   -6.516968e-01 -1.875170e+02 4.500000e+01
      vertex   -3.937124e-01 -1.875700e+02 4.500000e+01
    endloop
  endfacet
  facet normal 1.258992e-01 9.920429e-01 4.946500e-04
    outer loop
      vertex   -4.575581e-01 -1.875594e+02 4.000000e+01
      vertex   -3.937124e-01 -1.875700e+02 4.500000e+01
      vertex   -1.962781e-01 -1.875926e+02 4.000000e+01
    endloop
  endfacet
  facet normal 1.011683e-01 9.948692e-01 -4.946500e-04
    outer loop
      vertex   -1.962781e-01 -1.875926e+02 4.000000e+01
      vertex   -3.937124e-01 -1.875700e+02 4.500000e+01
      vertex   -1.316881e-01 -1.875967e+02 4.500000e+01
    endloop
  endfacet
  facet normal 2.488995e-02 9.996901e-01 4.946500e-04
    outer loop
      vertex   -1.962781e-01 -1.875926e+02 4.000000e+01
      vertex   -1.316881e-01 -1.875967e+02 4.500000e+01
      vertex   6.701600e-02 -1.875991e+02 4.000000e+01
    endloop
  endfacet
  facet normal 0.000000e+00 9.999999e-01 -4.946500e-04
    outer loop
      vertex   6.701600e-02 -1.875991e+02 4.000000e+01
      vertex   -1.316881e-01 -1.875967e+02 4.500000e+01
      vertex   1.316876e-01 -1.875967e+02 4.500000e+01
    endloop
  endfacet
  facet normal -7.637472e-02 9.970791e-01 4.946500e-04
    outer loop
      vertex   6.701600e-02 -1.875991e+02 4.000000e+01
      vertex   1.316876e-01 -1.875967e+02 4.500000e+01
      vertex   3.296224e-01 -1.875790e+02 4.000000e+01
    endloop
  endfacet
  facet normal -1.011683e-01 9.948692e-01 -4.946500e-04
    outer loop
      vertex   3.296224e-01 -1.875790e+02 4.000000e+01
      vertex   1.316876e-01 -1.875967e+02 4.500000e+01
      vertex   3.937120e-01 -1.875700e+02 4.500000e+01
    endloop
  endfacet
  facet normal -1.768557e-01 9.842367e-01 4.946500e-04
    outer loop
      vertex   3.296224e-01 -1.875790e+02 4.000000e+01
      vertex   3.937120e-01 -1.875700e+02 4.500000e+01
      vertex   5.888464e-01 -1.875324e+02 4.000000e+01
    endloop
  endfacet
  facet normal -2.012985e-01 9.795298e-01 -4.946500e-04
    outer loop
      vertex   5.888464e-01 -1.875324e+02 4.000000e+01
      vertex   3.937120e-01 -1.875700e+02 4.500000e+01
      vertex   6.516964e-01 -1.875170e+02 4.500000e+01
    endloop
  endfacet
  facet normal -2.755219e-01 9.612947e-01 4.946500e-04
    outer loop
      vertex   5.888464e-01 -1.875324e+02 4.000000e+01
      vertex   6.516964e-01 -1.875170e+02 4.500000e+01
      vertex   8.420281e-01 -1.874599e+02 4.000000e+01
    endloop
  endfacet
  facet normal -2.993631e-01 9.541391e-01 -4.946500e-04
    outer loop
      vertex   8.420281e-01 -1.874599e+02 4.000000e+01
      vertex   6.516964e-01 -1.875170e+02 4.500000e+01
      vertex   9.029934e-01 -1.874382e+02 4.500000e+01
    endloop
  endfacet
  facet normal -3.713608e-01 9.284885e-01 4.946500e-04
    outer loop
      vertex   8.420281e-01 -1.874599e+02 4.000000e+01
      vertex   9.029934e-01 -1.874382e+02 4.500000e+01
      vertex   1.086569e+00 -1.873621e+02 4.000000e+01
    endloop
  endfacet
  facet normal -3.943558e-01 9.189577e-01 -4.946500e-04
    outer loop
      vertex   1.086569e+00 -1.873621e+02 4.000000e+01
      vertex   9.029934e-01 -1.874382e+02 4.500000e+01
      vertex   1.145025e+00 -1.873343e+02 4.500000e+01
    endloop
  endfacet
  facet normal -4.633891e-01 8.861548e-01 4.946500e-04
    outer loop
      vertex   1.086569e+00 -1.873621e+02 4.000000e+01
      vertex   1.145025e+00 -1.873343e+02 4.500000e+01
      vertex   1.319961e+00 -1.872400e+02 4.000000e+01
    endloop
  endfacet
  facet normal -4.853019e-01 8.743465e-01 -4.946500e-04
    outer loop
      vertex   1.319961e+00 -1.872400e+02 4.000000e+01
      vertex   1.145025e+00 -1.873343e+02 4.500000e+01
      vertex   1.375306e+00 -1.872065e+02 4.500000e+01
    endloop
  endfacet
  facet normal -5.506624e-01 8.347279e-01 4.946500e-04
    outer loop
      vertex   1.319961e+00 -1.872400e+02 4.000000e+01
      vertex   1.375306e+00 -1.872065e+02 4.500000e+01
      vertex   1.539808e+00 -1.870950e+02 4.000000e+01
    endloop
  endfacet
  facet normal -5.712681e-01 8.207633e-01 -4.946500e-04
    outer loop
      vertex   1.539808e+00 -1.870950e+02 4.000000e+01
      vertex   1.375306e+00 -1.872065e+02 4.500000e+01
      vertex   1.591475e+00 -1.870560e+02 4.500000e+01
    endloop
  endfacet
  facet normal -6.322852e-01 7.747356e-01 4.946500e-04
    outer loop
      vertex   1.539808e+00 -1.870950e+02 4.000000e+01
      vertex   1.591475e+00 -1.870560e+02 4.500000e+01
      vertex   1.743855e+00 -1.869285e+02 4.000000e+01
    endloop
  endfacet
  facet normal -6.513724e-01 7.587580e-01 -4.946500e-04
    outer loop
      vertex   1.743855e+00 -1.869285e+02 4.000000e+01
      vertex   1.591475e+00 -1.870560e+02 4.500000e+01
      vertex   1.791314e+00 -1.868845e+02 4.500000e+01
    endloop
  endfacet
  facet normal -7.074198e-01 7.067934e-01 4.946500e-04
    outer loop
      vertex   1.743855e+00 -1.869285e+02 4.000000e+01
      vertex   1.791314e+00 -1.868845e+02 4.500000e+01
      vertex   1.930007e+00 -1.867421e+02 4.000000e+01
    endloop
  endfacet
  facet normal -7.247927e-01 6.889668e-01 -4.946500e-04
    outer loop
      vertex   1.930007e+00 -1.867421e+02 4.000000e+01
      vertex   1.791314e+00 -1.868845e+02 4.500000e+01
      vertex   1.972771e+00 -1.866936e+02 4.500000e+01
    endloop
  endfacet
  facet normal -7.752954e-01 6.315986e-01 4.946500e-04
    outer loop
      vertex   1.930007e+00 -1.867421e+02 4.000000e+01
      vertex   1.972771e+00 -1.866936e+02 4.500000e+01
      vertex   2.096355e+00 -1.865380e+02 4.000000e+01
    endloop
  endfacet
  facet normal -7.907756e-01 6.121059e-01 -4.946500e-04
    outer loop
      vertex   2.096355e+00 -1.865380e+02 4.000000e+01
      vertex   1.972771e+00 -1.866936e+02 4.500000e+01
      vertex   2.133985e+00 -1.864853e+02 4.500000e+01
    endloop
  endfacet
  facet normal -8.352154e-01 5.499228e-01 4.946500e-04
    outer loop
      vertex   2.096355e+00 -1.865380e+02 4.000000e+01
      vertex   2.133985e+00 -1.864853e+02 4.500000e+01
      vertex   2.241191e+00 -1.863180e+02 4.000000e+01
    endloop
  endfacet
  facet normal -8.486442e-01 5.289639e-01 -4.946500e-04
    outer loop
      vertex   2.241191e+00 -1.863180e+02 4.000000e+01
      vertex   2.133985e+00 -1.864853e+02 4.500000e+01
      vertex   2.273301e+00 -1.862618e+02 4.500000e+01
    endloop
  endfacet
  facet normal -8.865649e-01 4.626040e-01 4.946500e-04
    outer loop
      vertex   2.241191e+00 -1.863180e+02 4.000000e+01
      vertex   2.273301e+00 -1.862618e+02 4.500000e+01
      vertex   2.363030e+00 -1.860845e+02 4.000000e+01
    endloop
  endfacet
  facet normal -8.978044e-01 4.403941e-01 -4.946500e-04
    outer loop
      vertex   2.363030e+00 -1.860845e+02 4.000000e+01
      vertex   2.273301e+00 -1.862618e+02 4.500000e+01
      vertex   2.389290e+00 -1.860253e+02 4.500000e+01
    endloop
  endfacet
  facet normal -9.288171e-01 3.705382e-01 4.946500e-04
    outer loop
      vertex   2.363030e+00 -1.860845e+02 4.000000e+01
      vertex   2.389290e+00 -1.860253e+02 4.500000e+01
      vertex   2.460620e+00 -1.858399e+02 4.000000e+01
    endloop
  endfacet
  facet normal -9.377520e-01 3.473052e-01 -4.946500e-04
    outer loop
      vertex   2.460620e+00 -1.858399e+02 4.000000e+01
      vertex   2.389290e+00 -1.860253e+02 4.500000e+01
      vertex   2.480762e+00 -1.857783e+02 4.500000e+01
    endloop
  endfacet
  facet normal -9.615384e-01 2.746702e-01 4.946500e-04
    outer loop
      vertex   2.460620e+00 -1.858399e+02 4.000000e+01
      vertex   2.480762e+00 -1.857783e+02 4.500000e+01
      vertex   2.532962e+00 -1.855866e+02 4.000000e+01
    endloop
  endfacet
  facet normal -9.680770e-01 2.506525e-01 -4.946500e-04
    outer loop
      vertex   2.532962e+00 -1.855866e+02 4.000000e+01
      vertex   2.480762e+00 -1.857783e+02 4.500000e+01
      vertex   2.546778e+00 -1.855234e+02 4.500000e+01
    endloop
  endfacet
  facet normal -9.843929e-01 1.759838e-01 4.946500e-04
    outer loop
      vertex   2.532962e+00 -1.855866e+02 4.000000e+01
      vertex   2.546778e+00 -1.855234e+02 4.500000e+01
      vertex   2.579312e+00 -1.853273e+02 4.000000e+01
    endloop
  endfacet
  facet normal -9.884682e-01 1.514278e-01 -4.946500e-04
    outer loop
      vertex   2.579312e+00 -1.853273e+02 4.000000e+01
      vertex   2.546778e+00 -1.855234e+02 4.500000e+01
      vertex   2.586660e+00 -1.852630e+02 4.500000e+01
    endloop
  endfacet
  facet normal -9.971463e-01 7.549148e-02 4.946500e-04
    outer loop
      vertex   2.579312e+00 -1.853273e+02 4.000000e+01
      vertex   2.586660e+00 -1.852630e+02 4.500000e+01
      vertex   2.599194e+00 -1.850647e+02 4.000000e+01
    endloop
  endfacet
  facet normal -9.987164e-01 5.064916e-02 -4.946500e-04
    outer loop
      vertex   2.599194e+00 -1.850647e+02 4.000000e+01
      vertex   2.586660e+00 -1.852630e+02 4.500000e+01
      vertex   2.600000e+00 -1.850000e+02 4.500000e+01
    endloop
  endfacet
  facet normal -9.996676e-01 -2.577547e-02 4.946500e-04
    outer loop
      vertex   2.599194e+00 -1.850647e+02 4.000000e+01
      vertex   2.600000e+00 -1.850000e+02 4.500000e+01
      vertex   2.592406e+00 -1.848014e+02 4.000000e+01
    endloop
  endfacet
  facet normal -9.987164e-01 -5.064916e-02 -4.946500e-04
    outer loop
      vertex   2.592406e+00 -1.848014e+02 4.000000e+01
      vertex   2.600000e+00 -1.850000e+02 4.500000e+01
      vertex   2.586660e+00 -1.847370e+02 4.500000e+01
    endloop
  endfacet
  facet normal -9.919310e-01 -1.267779e-01 4.946500e-04
    outer loop
      vertex   2.592406e+00 -1.848014e+02 4.000000e+01
      vertex   2.586660e+00 -1.847370e+02 4.500000e+01
      vertex   2.559015e+00 -1.845402e+02 4.000000e+01
    endloop
  endfacet
  facet normal -9.884682e-01 -1.514278e-01 -4.946500e-04
    outer loop
      vertex   2.559015e+00 -1.845402e+02 4.000000e+01
      vertex   2.586660e+00 -1.847370e+02 4.500000e+01
      vertex   2.546778e+00 -1.844766e+02 4.500000e+01
    endloop
  endfacet
  facet normal -9.740158e-01 -2.264795e-01 4.946500e-04
    outer loop
      vertex   2.559015e+00 -1.845402e+02 4.000000e+01
      vertex   2.546778e+00 -1.844766e+02 4.500000e+01
      vertex   2.499366e+00 -1.842836e+02 4.000000e+01
    endloop
  endfacet
  facet normal -9.680770e-01 -2.506525e-01 -4.946500e-04
    outer loop
      vertex   2.499366e+00 -1.842836e+02 4.000000e+01
      vertex   2.546778e+00 -1.844766e+02 4.500000e+01
      vertex   2.480762e+00 -1.842217e+02 4.500000e+01
    endloop
  endfacet
  facet normal -9.461059e-01 -3.238570e-01 4.946500e-04
    outer loop
      vertex   2.499366e+00 -1.842836e+02 4.000000e+01
      vertex   2.480762e+00 -1.842217e+02 4.500000e+01
      vertex   2.414070e+00 -1.840345e+02 4.000000e+01
    endloop
  endfacet
  facet normal -9.377520e-01 -3.473052e-01 -4.946500e-04
    outer loop
      vertex   2.414070e+00 -1.840345e+02 4.000000e+01
      vertex   2.480762e+00 -1.842217e+02 4.500000e+01
      vertex   2.389290e+00 -1.839747e+02 4.500000e+01
    endloop
  endfacet
  facet normal -9.084877e-01 -4.179114e-01 4.946500e-04
    outer loop
      vertex   2.414070e+00 -1.840345e+02 4.000000e+01
      vertex   2.389290e+00 -1.839747e+02 4.500000e+01
      vertex   2.304002e+00 -1.837952e+02 4.000000e+01
    endloop
  endfacet
  facet normal -8.978044e-01 -4.403941e-01 -4.946500e-04
    outer loop
      vertex   2.304002e+00 -1.837952e+02 4.000000e+01
      vertex   2.389290e+00 -1.839747e+02 4.500000e+01
      vertex   2.273301e+00 -1.837382e+02 4.500000e+01
    endloop
  endfacet
  facet normal -8.615471e-01 -5.076774e-01 4.946500e-04
    outer loop
      vertex   2.304002e+00 -1.837952e+02 4.000000e+01
      vertex   2.273301e+00 -1.837382e+02 4.500000e+01
      vertex   2.170293e+00 -1.835683e+02 4.000000e+01
    endloop
  endfacet
  facet normal -8.486442e-01 -5.289639e-01 -4.946500e-04
    outer loop
      vertex   2.170293e+00 -1.835683e+02 4.000000e+01
      vertex   2.273301e+00 -1.837382e+02 4.500000e+01
      vertex   2.133985e+00 -1.835147e+02 4.500000e+01
    endloop
  endfacet
  facet normal -8.057659e-01 -5.922339e-01 4.946500e-04
    outer loop
      vertex   2.170293e+00 -1.835683e+02 4.000000e+01
      vertex   2.133985e+00 -1.835147e+02 4.500000e+01
      vertex   2.014313e+00 -1.833561e+02 4.000000e+01
    endloop
  endfacet
  facet normal -7.907756e-01 -6.121059e-01 -4.946500e-04
    outer loop
      vertex   2.014313e+00 -1.833561e+02 4.000000e+01
      vertex   2.133985e+00 -1.835147e+02 4.500000e+01
      vertex   1.972771e+00 -1.833064e+02 4.500000e+01
    endloop
  endfacet
  facet normal -7.417165e-01 -6.707133e-01 4.946500e-04
    outer loop
      vertex   2.014313e+00 -1.833561e+02 4.000000e+01
      vertex   1.972771e+00 -1.833064e+02 4.500000e+01
      vertex   1.837663e+00 -1.831607e+02 4.000000e+01
    endloop
  endfacet
  facet normal -7.247927e-01 -6.889668e-01 -4.946500e-04
    outer loop
      vertex   1.837663e+00 -1.831607e+02 4.000000e+01
      vertex   1.972771e+00 -1.833064e+02 4.500000e+01
      vertex   1.791314e+00 -1.831155e+02 4.500000e+01
    endloop
  endfacet
  facet normal -6.700561e-01 -7.423103e-01 4.946500e-04
    outer loop
      vertex   1.837663e+00 -1.831607e+02 4.000000e+01
      vertex   1.791314e+00 -1.831155e+02 4.500000e+01
      vertex   1.642156e+00 -1.829842e+02 4.000000e+01
    endloop
  endfacet
  facet normal -6.513724e-01 -7.587580e-01 -4.946500e-04
    outer loop
      vertex   1.642156e+00 -1.829842e+02 4.000000e+01
      vertex   1.791314e+00 -1.831155e+02 4.500000e+01
      vertex   1.591475e+00 -1.829440e+02 4.500000e+01
    endloop
  endfacet
  facet normal -5.915199e-01 -8.062902e-01 4.946500e-04
    outer loop
      vertex   1.642156e+00 -1.829842e+02 4.000000e+01
      vertex   1.591475e+00 -1.829440e+02 4.500000e+01
      vertex   1.429799e+00 -1.828284e+02 4.000000e+01
    endloop
  endfacet
  facet normal -5.712681e-01 -8.207633e-01 -4.946500e-04
    outer loop
      vertex   1.429799e+00 -1.828284e+02 4.000000e+01
      vertex   1.591475e+00 -1.829440e+02 4.500000e+01
      vertex   1.375306e+00 -1.827935e+02 4.500000e+01
    endloop
  endfacet
  facet normal -5.069140e-01 -8.619965e-01 4.946500e-04
    outer loop
      vertex   1.429799e+00 -1.828284e+02 4.000000e+01
      vertex   1.375306e+00 -1.827935e+02 4.500000e+01
      vertex   1.202770e+00 -1.826949e+02 4.000000e+01
    endloop
  endfacet
  facet normal -4.853019e-01 -8.743465e-01 -4.946500e-04
    outer loop
      vertex   1.202770e+00 -1.826949e+02 4.000000e+01
      vertex   1.375306e+00 -1.827935e+02 4.500000e+01
      vertex   1.145025e+00 -1.826657e+02 4.500000e+01
    endloop
  endfacet
  facet normal -4.171064e-01 -9.088575e-01 4.946500e-04
    outer loop
      vertex   1.202770e+00 -1.826949e+02 4.000000e+01
      vertex   1.145025e+00 -1.826657e+02 4.500000e+01
      vertex   9.633993e-01 -1.825851e+02 4.000000e+01
    endloop
  endfacet
  facet normal -3.943558e-01 -9.189577e-01 -4.946500e-04
    outer loop
      vertex   9.633993e-01 -1.825851e+02 4.000000e+01
      vertex   1.145025e+00 -1.826657e+02 4.500000e+01
      vertex   9.029934e-01 -1.825618e+02 4.500000e+01
    endloop
  endfacet
  facet normal -3.230188e-01 -9.463924e-01 4.946500e-04
    outer loop
      vertex   9.633993e-01 -1.825851e+02 4.000000e+01
      vertex   9.029934e-01 -1.825618e+02 4.500000e+01
      vertex   7.141425e-01 -1.825000e+02 4.000000e+01
    endloop
  endfacet
  facet normal -2.993631e-01 -9.541391e-01 -4.946500e-04
    outer loop
      vertex   7.141425e-01 -1.825000e+02 4.000000e+01
      vertex   9.029934e-01 -1.825618e+02 4.500000e+01
      vertex   6.516964e-01 -1.824830e+02 4.500000e+01
    endloop
  endfacet
  facet normal -2.256166e-01 -9.742161e-01 4.946500e-04
    outer loop
      vertex   7.141425e-01 -1.825000e+02 4.000000e+01
      vertex   6.516964e-01 -1.824830e+02 4.500000e+01
      vertex   4.575576e-01 -1.824406e+02 4.000000e+01
    endloop
  endfacet
  facet normal -2.012985e-01 -9.795298e-01 -4.946500e-04
    outer loop
      vertex   4.575576e-01 -1.824406e+02 4.000000e+01
      vertex   6.516964e-01 -1.824830e+02 4.500000e+01
      vertex   3.937120e-01 -1.824300e+02 4.500000e+01
    endloop
  endfacet
  facet normal -1.258992e-01 -9.920429e-01 4.946500e-04
    outer loop
      vertex   4.575576e-01 -1.824406e+02 4.000000e+01
      vertex   3.937120e-01 -1.824300e+02 4.500000e+01
      vertex   1.962776e-01 -1.824074e+02 4.000000e+01
    endloop
  endfacet
  facet normal -1.011683e-01 -9.948692e-01 -4.946500e-04
    outer loop
      vertex   1.962776e-01 -1.824074e+02 4.000000e+01
      vertex   3.937120e-01 -1.824300e+02 4.500000e+01
      vertex   1.316876e-01 -1.824033e+02 4.500000e+01
    endloop
  endfacet
  facet normal -2.488995e-02 -9.996901e-01 4.946500e-04
    outer loop
      vertex   1.962776e-01 -1.824074e+02 4.000000e+01
      vertex   1.316876e-01 -1.824033e+02 4.500000e+01
      vertex   -6.701645e-02 -1.824009e+02 4.000000e+01
    endloop
  endfacet
  facet normal 0.000000e+00 -9.999999e-01 -4.946500e-04
    outer loop
      vertex   -6.701645e-02 -1.824009e+02 4.000000e+01
      vertex   1.316876e-01 -1.824033e+02 4.500000e+01
      vertex   -1.316881e-01 -1.824033e+02 4.500000e+01
    endloop
  endfacet
  facet normal 7.637472e-02 -9.970791e-01 4.946500e-04
    outer loop
      vertex   -6.701645e-02 -1.824009e+02 4.000000e+01
      vertex   -1.316881e-01 -1.824033e+02 4.500000e+01
      vertex   -3.296229e-01 -1.824210e+02 4.000000e+01
    endloop
  endfacet
  facet normal 1.011683e-01 -9.948692e-01 -4.946500e-04
    outer loop
      vertex   -3.296229e-01 -1.824210e+02 4.000000e+01
      vertex   -1.316881e-01 -1.824033e+02 4.500000e+01
      vertex   -3.937124e-01 -1.824300e+02 4.500000e+01
    endloop
  endfacet
  facet normal 1.768557e-01 -9.842367e-01 4.946500e-04
    outer loop
      vertex   -3.296229e-01 -1.824210e+02 4.000000e+01
      vertex   -3.937124e-01 -1.824300e+02 4.500000e+01
      vertex   -5.888469e-01 -1.824676e+02 4.000000e+01
    endloop
  endfacet
  facet normal 2.012985e-01 -9.795298e-01 -4.946500e-04
    outer loop
      vertex   -5.888469e-01 -1.824676e+02 4.000000e+01
      vertex   -3.937124e-01 -1.824300e+02 4.500000e+01
      vertex   -6.516968e-01 -1.824830e+02 4.500000e+01
    endloop
  endfacet
  facet normal 2.755219e-01 -9.612947e-01 4.946500e-04
    outer loop
      vertex   -5.888469e-01 -1.824676e+02 4.000000e+01
      vertex   -6.516968e-01 -1.824830e+02 4.500000e+01
      vertex   -8.420286e-01 -1.825401e+02 4.000000e+01
    endloop
  endfacet
  facet normal 2.993631e-01 -9.541391e-01 -4.946500e-04
    outer loop
      vertex   -8.420286e-01 -1.825401e+02 4.000000e+01
      vertex   -6.516968e-01 -1.824830e+02 4.500000e+01
      vertex   -9.029939e-01 -1.825618e+02 4.500000e+01
    endloop
  endfacet
  facet normal 3.713608e-01 -9.284885e-01 4.946500e-04
    outer loop
      vertex   -8.420286e-01 -1.825401e+02 4.000000e+01
      vertex   -9.029939e-01 -1.825618e+02 4.500000e+01
      vertex   -1.086570e+00 -1.826379e+02 4.000000e+01
    endloop
  endfacet
  facet normal 3.943558e-01 -9.189577e-01 -4.946500e-04
    outer loop
      vertex   -1.086570e+00 -1.826379e+02 4.000000e+01
      vertex   -9.029939e-01 -1.825618e+02 4.500000e+01
      vertex   -1.145025e+00 -1.826657e+02 4.500000e+01
    endloop
  endfacet
  facet normal 4.633891e-01 -8.861548e-01 4.946500e-04
    outer loop
      vertex   -1.086570e+00 -1.826379e+02 4.000000e+01
      vertex   -1.145025e+00 -1.826657e+02 4.500000e+01
      vertex   -1.319962e+00 -1.827600e+02 4.000000e+01
    endloop
  endfacet
  facet normal 4.853019e-01 -8.743465e-01 -4.946500e-04
    outer loop
      vertex   -1.319962e+00 -1.827600e+02 4.000000e+01
      vertex   -1.145025e+00 -1.826657e+02 4.500000e+01
      vertex   -1.375307e+00 -1.827935e+02 4.500000e+01
    endloop
  endfacet
  facet normal 5.506624e-01 -8.347279e-01 4.946500e-04
    outer loop
      vertex   -1.319962e+00 -1.827600e+02 4.000000e+01
      vertex   -1.375307e+00 -1.827935e+02 4.500000e+01
      vertex   -1.539809e+00 -1.829050e+02 4.000000e+01
    endloop
  endfacet
  facet normal 5.712681e-01 -8.207633e-01 -4.946500e-04
    outer loop
      vertex   -1.539809e+00 -1.829050e+02 4.000000e+01
      vertex   -1.375307e+00 -1.827935e+02 4.500000e+01
      vertex   -1.591476e+00 -1.829440e+02 4.500000e+01
    endloop
  endfacet
  facet normal 6.322852e-01 -7.747356e-01 4.946500e-04
    outer loop
      vertex   -1.539809e+00 -1.829050e+02 4.000000e+01
      vertex   -1.591476e+00 -1.829440e+02 4.500000e+01
      vertex   -1.743855e+00 -1.830715e+02 4.000000e+01
    endloop
  endfacet
  facet normal 6.513724e-01 -7.587580e-01 -4.946500e-04
    outer loop
      vertex   -1.743855e+00 -1.830715e+02 4.000000e+01
      vertex   -1.591476e+00 -1.829440e+02 4.500000e+01
      vertex   -1.791314e+00 -1.831155e+02 4.500000e+01
    endloop
  endfacet
  facet normal 7.074198e-01 -7.067934e-01 4.946500e-04
    outer loop
      vertex   -1.743855e+00 -1.830715e+02 4.000000e+01
      vertex   -1.791314e+00 -1.831155e+02 4.500000e+01
      vertex   -1.930007e+00 -1.832579e+02 4.000000e+01
    endloop
  endfacet
  facet normal 7.247927e-01 -6.889668e-01 -4.946500e-04
    outer loop
      vertex   -1.930007e+00 -1.832579e+02 4.000000e+01
      vertex   -1.791314e+00 -1.831155e+02 4.500000e+01
      vertex   -1.972771e+00 -1.833064e+02 4.500000e+01
    endloop
  endfacet
  facet normal 7.752954e-01 -6.315986e-01 4.946500e-04
    outer loop
      vertex   -1.930007e+00 -1.832579e+02 4.000000e+01
      vertex   -1.972771e+00 -1.833064e+02 4.500000e+01
      vertex   -2.096355e+00 -1.834621e+02 4.000000e+01
    endloop
  endfacet
  facet normal 7.907756e-01 -6.121059e-01 -4.946500e-04
    outer loop
      vertex   -2.096355e+00 -1.834621e+02 4.000000e+01
      vertex   -1.972771e+00 -1.833064e+02 4.500000e+01
      vertex   -2.133985e+00 -1.835147e+02 4.500000e+01
    endloop
  endfacet
  facet normal 8.352154e-01 -5.499228e-01 4.946500e-04
    outer loop
      vertex   -2.096355e+00 -1.834621e+02 4.000000e+01
      vertex   -2.133985e+00 -1.835147e+02 4.500000e+01
      vertex   -2.241191e+00 -1.836820e+02 4.000000e+01
    endloop
  endfacet
  facet normal 8.486442e-01 -5.289639e-01 -4.946500e-04
    outer loop
      vertex   -2.241191e+00 -1.836820e+02 4.000000e+01
      vertex   -2.133985e+00 -1.835147e+02 4.500000e+01
      vertex   -2.273301e+00 -1.837382e+02 4.500000e+01
    endloop
  endfacet
  facet normal 8.865649e-01 -4.626040e-01 4.946500e-04
    outer loop
      vertex   -2.241191e+00 -1.836820e+02 4.000000e+01
      vertex   -2.273301e+00 -1.837382e+02 4.500000e+01
      vertex   -2.363030e+00 -1.839155e+02 4.000000e+01
    endloop
  endfacet
  facet normal 8.978044e-01 -4.403941e-01 -4.946500e-04
    outer loop
      vertex   -2.363030e+00 -1.839155e+02 4.000000e+01
      vertex   -2.273301e+00 -1.837382e+02 4.500000e+01
      vertex   -2.389291e+00 -1.839747e+02 4.500000e+01
    endloop
  endfacet
  facet normal 9.288171e-01 -3.705382e-01 4.946500e-04
    outer loop
      vertex   -2.363030e+00 -1.839155e+02 4.000000e+01
      vertex   -2.389291e+00 -1.839747e+02 4.500000e+01
      vertex   -2.460621e+00 -1.841602e+02 4.000000e+01
    endloop
  endfacet
  facet normal 9.377520e-01 -3.473052e-01 -4.946500e-04
    outer loop
      vertex   -2.460621e+00 -1.841602e+02 4.000000e+01
      vertex   -2.389291e+00 -1.839747e+02 4.500000e+01
      vertex   -2.480762e+00 -1.842217e+02 4.500000e+01
    endloop
  endfacet
  facet normal 9.615384e-01 -2.746702e-01 4.946500e-04
    outer loop
      vertex   -2.460621e+00 -1.841602e+02 4.000000e+01
      vertex   -2.480762e+00 -1.842217e+02 4.500000e+01
      vertex   -2.532962e+00 -1.844134e+02 4.000000e+01
    endloop
  endfacet
  facet normal 9.680770e-01 -2.506525e-01 -4.946500e-04
    outer loop
      vertex   -2.532962e+00 -1.844134e+02 4.000000e+01
      vertex   -2.480762e+00 -1.842217e+02 4.500000e+01
      vertex   -2.546778e+00 -1.844766e+02 4.500000e+01
    endloop
  endfacet
  facet normal 9.843929e-01 -1.759838e-01 4.946500e-04
    outer loop
      vertex   -2.532962e+00 -1.844134e+02 4.000000e+01
      vertex   -2.546778e+00 -1.844766e+02 4.500000e+01
      vertex   -2.579312e+00 -1.846727e+02 4.000000e+01
    endloop
  endfacet
  facet normal 9.884682e-01 -1.514278e-01 -4.946500e-04
    outer loop
      vertex   -2.579312e+00 -1.846727e+02 4.000000e+01
      vertex   -2.546778e+00 -1.844766e+02 4.500000e+01
      vertex   -2.586660e+00 -1.847370e+02 4.500000e+01
    endloop
  endfacet
  facet normal 9.971463e-01 -7.549148e-02 4.946500e-04
    outer loop
      vertex   -2.579312e+00 -1.846727e+02 4.000000e+01
      vertex   -2.586660e+00 -1.847370e+02 4.500000e+01
      vertex   -2.599195e+00 -1.849353e+02 4.000000e+01
    endloop
  endfacet
  facet normal 9.987164e-01 -5.064916e-02 -4.946500e-04
    outer loop
      vertex   -2.599195e+00 -1.849353e+02 4.000000e+01
      vertex   -2.586660e+00 -1.847370e+02 4.500000e+01
      vertex   -2.600000e+00 -1.850000e+02 4.500000e+01
    endloop
  endfacet
  facet normal 9.996676e-01 2.577547e-02 4.946500e-04
    outer loop
      vertex   -2.599195e+00 -1.849353e+02 4.000000e+01
      vertex   -2.600000e+00 -1.850000e+02 4.500000e+01
      vertex   -2.592406e+00 -1.851986e+02 4.000000e+01
    endloop
  endfacet
  facet normal 9.987164e-01 5.064916e-02 -4.946500e-04
    outer loop
      vertex   -2.592406e+00 -1.851986e+02 4.000000e+01
      vertex   -2.600000e+00 -1.850000e+02 4.500000e+01
      vertex   -2.586660e+00 -1.852630e+02 4.500000e+01
    endloop
  endfacet
  facet normal 9.919310e-01 1.267779e-01 4.946500e-04
    outer loop
      vertex   -2.592406e+00 -1.851986e+02 4.000000e+01
      vertex   -2.586660e+00 -1.852630e+02 4.500000e+01
      vertex   -2.559016e+00 -1.854598e+02 4.000000e+01
    endloop
  endfacet
  facet normal 9.884682e-01 1.514278e-01 -4.946500e-04
    outer loop
      vertex   -2.559016e+00 -1.854598e+02 4.000000e+01
      vertex   -2.586660e+00 -1.852630e+02 4.500000e+01
      vertex   -2.546778e+00 -1.855234e+02 4.500000e+01
    endloop
  endfacet
  facet normal 9.740158e-01 2.264795e-01 4.946500e-04
    outer loop
      vertex   -2.559016e+00 -1.854598e+02 4.000000e+01
      vertex   -2.546778e+00 -1.855234e+02 4.500000e+01
      vertex   -2.499367e+00 -1.857164e+02 4.000000e+01
    endloop
  endfacet
  facet normal 9.680770e-01 2.506525e-01 -4.946500e-04
    outer loop
      vertex   -2.499367e+00 -1.857164e+02 4.000000e+01
      vertex   -2.546778e+00 -1.855234e+02 4.500000e+01
      vertex   -2.480762e+00 -1.857783e+02 4.500000e+01
    endloop
  endfacet
  facet normal 9.461059e-01 3.238570e-01 4.946500e-04
    outer loop
      vertex   -2.499367e+00 -1.857164e+02 4.000000e+01
      vertex   -2.480762e+00 -1.857783e+02 4.500000e+01
      vertex   -2.414071e+00 -1.859655e+02 4.000000e+01
    endloop
  endfacet
  facet normal 9.377520e-01 3.473052e-01 -4.946500e-04
    outer loop
      vertex   -2.414071e+00 -1.859655e+02 4.000000e+01
      vertex   -2.480762e+00 -1.857783e+02 4.500000e+01
      vertex   -2.389291e+00 -1.860253e+02 4.500000e+01
    endloop
  endfacet
  facet normal 9.084877e-01 4.179114e-01 4.946500e-04
    outer loop
      vertex   -2.414071e+00 -1.859655e+02 4.000000e+01
      vertex   -2.389291e+00 -1.860253e+02 4.500000e+01
      vertex   -2.304003e+00 -1.862048e+02 4.000000e+01
    endloop
  endfacet
  facet normal 8.978044e-01 4.403941e-01 -4.946500e-04
    outer loop
      vertex   -2.304003e+00 -1.862048e+02 4.000000e+01
      vertex   -2.389291e+00 -1.860253e+02 4.500000e+01
      vertex   -2.273301e+00 -1.862618e+02 4.500000e+01
    endloop
  endfacet
  facet normal 8.615471e-01 5.076774e-01 4.946500e-04
    outer loop
      vertex   -2.304003e+00 -1.862048e+02 4.000000e+01
      vertex   -2.273301e+00 -1.862618e+02 4.500000e+01
      vertex   -2.170293e+00 -1.864317e+02 4.000000e+01
    endloop
  endfacet
  facet normal 8.486442e-01 5.289639e-01 -4.946500e-04
    outer loop
      vertex   -2.170293e+00 -1.864317e+02 4.000000e+01
      vertex   -2.273301e+00 -1.862618e+02 4.500000e+01
      vertex   -2.133985e+00 -1.864853e+02 4.500000e+01
    endloop
  endfacet
  facet normal 8.057659e-01 5.922339e-01 4.946500e-04
    outer loop
      vertex   -2.170293e+00 -1.864317e+02 4.000000e+01
      vertex   -2.133985e+00 -1.864853e+02 4.500000e+01
      vertex   -2.014313e+00 -1.866439e+02 4.000000e+01
    endloop
  endfacet
  facet normal 7.907756e-01 6.121059e-01 -4.946500e-04
    outer loop
      vertex   -2.014313e+00 -1.866439e+02 4.000000e+01
      vertex   -2.133985e+00 -1.864853e+02 4.500000e+01
      vertex   -1.972771e+00 -1.866936e+02 4.500000e+01
    endloop
  endfacet
  facet normal 7.417165e-01 6.707133e-01 4.946500e-04
    outer loop
      vertex   -2.014313e+00 -1.866439e+02 4.000000e+01
      vertex   -1.972771e+00 -1.866936e+02 4.500000e+01
      vertex   -1.837663e+00 -1.868393e+02 4.000000e+01
    endloop
  endfacet
  facet normal 7.247927e-01 6.889668e-01 -4.946500e-04
    outer loop
      vertex   -1.837663e+00 -1.868393e+02 4.000000e+01
      vertex   -1.972771e+00 -1.866936e+02 4.500000e+01
      vertex   -1.791314e+00 -1.868845e+02 4.500000e+01
    endloop
  endfacet
  facet normal 6.700561e-01 7.423103e-01 4.946500e-04
    outer loop
      vertex   -1.837663e+00 -1.868393e+02 4.000000e+01
      vertex   -1.791314e+00 -1.868845e+02 4.500000e+01
      vertex   -1.642157e+00 -1.870158e+02 4.000000e+01
    endloop
  endfacet
  facet normal 6.513724e-01 7.587580e-01 -4.946500e-04
    outer loop
      vertex   -1.642157e+00 -1.870158e+02 4.000000e+01
      vertex   -1.791314e+00 -1.868845e+02 4.500000e+01
      vertex   -1.591476e+00 -1.870560e+02 4.500000e+01
    endloop
  endfacet
  facet normal 5.915199e-01 8.062902e-01 4.946500e-04
    outer loop
      vertex   -1.642157e+00 -1.870158e+02 4.000000e+01
      vertex   -1.591476e+00 -1.870560e+02 4.500000e+01
      vertex   -1.429800e+00 -1.871716e+02 4.000000e+01
    endloop
  endfacet
  facet normal 5.712681e-01 8.207633e-01 -4.946500e-04
    outer loop
      vertex   -1.429800e+00 -1.871716e+02 4.000000e+01
      vertex   -1.591476e+00 -1.870560e+02 4.500000e+01
      vertex   -1.375307e+00 -1.872065e+02 4.500000e+01
    endloop
  endfacet
  facet normal 5.069140e-01 8.619965e-01 4.946500e-04
    outer loop
      vertex   -1.429800e+00 -1.871716e+02 4.000000e+01
      vertex   -1.375307e+00 -1.872065e+02 4.500000e+01
      vertex   -1.202771e+00 -1.873051e+02 4.000000e+01
    endloop
  endfacet
  facet normal 4.853019e-01 8.743465e-01 -4.946500e-04
    outer loop
      vertex   -1.202771e+00 -1.873051e+02 4.000000e+01
      vertex   -1.375307e+00 -1.872065e+02 4.500000e+01
      vertex   -1.145025e+00 -1.873343e+02 4.500000e+01
    endloop
  endfacet
  facet normal 4.171064e-01 9.088575e-01 4.946500e-04
    outer loop
      vertex   -1.202771e+00 -1.873051e+02 4.000000e+01
      vertex   -1.145025e+00 -1.873343e+02 4.500000e+01
      vertex   -9.633997e-01 -1.874149e+02 4.000000e+01
    endloop
  endfacet
  facet normal 3.943558e-01 9.189577e-01 -4.946500e-04
    outer loop
      vertex   -9.633997e-01 -1.874149e+02 4.000000e+01
      vertex   -1.145025e+00 -1.873343e+02 4.500000e+01
      vertex   -9.029939e-01 -1.874382e+02 4.500000e+01
    endloop
  endfacet
  facet normal 2.256166e-01 9.742161e-01 -4.946500e-04
    outer loop
      vertex   -4.575581e-01 -1.875594e+02 5.000000e+01
      vertex   -6.516968e-01 -1.875170e+02 4.500000e+01
      vertex   -7.141429e-01 -1.875000e+02 5.000000e+01
    endloop
  endfacet
  facet normal 2.993631e-01 9.541391e-01 4.946500e-04
    outer loop
      vertex   -7.141429e-01 -1.875000e+02 5.000000e+01
      vertex   -6.516968e-01 -1.875170e+02 4.500000e+01
      vertex   -9.029939e-01 -1.874382e+02 4.500000e+01
    endloop
  endfacet
  facet normal 3.230188e-01 9.463924e-01 -4.946500e-04
    outer loop
      vertex   -7.141429e-01 -1.875000e+02 5.000000e+01
      vertex   -9.029939e-01 -1.874382e+02 4.500000e+01
      vertex   -9.633997e-01 -1.874149e+02 5.000000e+01
    endloop
  endfacet
  facet normal 3.943558e-01 9.189577e-01 4.946500e-04
    outer loop
      vertex   -9.633997e-01 -1.874149e+02 5.000000e+01
      vertex   -9.029939e-01 -1.874382e+02 4.500000e+01
      vertex   -1.145025e+00 -1.873343e+02 4.500000e+01
    endloop
  endfacet
  facet normal 4.171064e-01 9.088575e-01 -4.946500e-04
    outer loop
      vertex   -9.633997e-01 -1.874149e+02 5.000000e+01
      vertex   -1.145025e+00 -1.873343e+02 4.500000e+01
      vertex   -1.202771e+00 -1.873051e+02 5.000000e+01
    endloop
  endfacet
  facet normal 4.853019e-01 8.743465e-01 4.946500e-04
    outer loop
      vertex   -1.202771e+00 -1.873051e+02 5.000000e+01
      vertex   -1.145025e+00 -1.873343e+02 4.500000e+01
      vertex   -1.375307e+00 -1.872065e+02 4.500000e+01
    endloop
  endfacet
  facet normal 5.069140e-01 8.619965e-01 -4.946500e-04
    outer loop
      vertex   -1.202771e+00 -1.873051e+02 5.000000e+01
      vertex   -1.375307e+00 -1.872065e+02 4.500000e+01
      vertex   -1.429800e+00 -1.871716e+02 5.000000e+01
    endloop
  endfacet
  facet normal 5.712681e-01 8.207633e-01 4.946500e-04
    outer loop
      vertex   -1.429800e+00 -1.871716e+02 5.000000e+01
      vertex   -1.375307e+00 -1.872065e+02 4.500000e+01
      vertex   -1.591476e+00 -1.870560e+02 4.500000e+01
    endloop
  endfacet
  facet normal 5.915199e-01 8.062902e-01 -4.946500e-04
    outer loop
      vertex   -1.429800e+00 -1.871716e+02 5.000000e+01
      vertex   -1.591476e+00 -1.870560e+02 4.500000e+01
      vertex   -1.642157e+00 -1.870158e+02 5.000000e+01
    endloop
  endfacet
  facet normal 6.513724e-01 7.587580e-01 4.946500e-04
    outer loop
      vertex   -1.642157e+00 -1.870158e+02 5.000000e+01
      vertex   -1.591476e+00 -1.870560e+02 4.500000e+01
      vertex   -1.791314e+00 -1.868845e+02 4.500000e+01
    endloop
  endfacet
  facet normal 6.700561e-01 7.423103e-01 -4.946500e-04
    outer loop
      vertex   -1.642157e+00 -1.870158e+02 5.000000e+01
      vertex   -1.791314e+00 -1.868845e+02 4.500000e+01
      vertex   -1.837663e+00 -1.868393e+02 5.000000e+01
    endloop
  endfacet
  facet normal 7.247927e-01 6.889668e-01 4.946500e-04
    outer loop
      vertex   -1.837663e+00 -1.868393e+02 5.000000e+01
      vertex   -1.791314e+00 -1.868845e+02 4.500000e+01
      vertex   -1.972771e+00 -1.866936e+02 4.500000e+01
    endloop
  endfacet
  facet normal 7.417165e-01 6.707133e-01 -4.946500e-04
    outer loop
      vertex   -1.837663e+00 -1.868393e+02 5.000000e+01
      vertex   -1.972771e+00 -1.866936e+02 4.500000e+01
      vertex   -2.014313e+00 -1.866439e+02 5.000000e+01
    endloop
  endfacet
  facet normal 7.907756e-01 6.121059e-01 4.946500e-04
    outer loop
      vertex   -2.014313e+00 -1.866439e+02 5.000000e+01
      vertex   -1.972771e+00 -1.866936e+02 4.500000e+01
      vertex   -2.133985e+00 -1.864853e+02 4.500000e+01
    endloop
  endfacet
  facet normal 8.057659e-01 5.922339e-01 -4.946500e-04
    outer loop
      vertex   -2.014313e+00 -1.866439e+02 5.000000e+01
      vertex   -2.133985e+00 -1.864853e+02 4.500000e+01
      vertex   -2.170293e+00 -1.864317e+02 5.000000e+01
    endloop
  endfacet
  facet normal 8.486442e-01 5.289639e-01 4.946500e-04
    outer loop
      vertex   -2.170293e+00 -1.864317e+02 5.000000e+01
      vertex   -2.133985e+00 -1.864853e+02 4.500000e+01
      vertex   -2.273301e+00 -1.862618e+02 4.500000e+01
    endloop
  endfacet
  facet normal 8.615471e-01 5.076774e-01 -4.946500e-04
    outer loop
      vertex   -2.170293e+00 -1.864317e+02 5.000000e+01
      vertex   -2.273301e+00 -1.862618e+02 4.500000e+01
      vertex   -2.304003e+00 -1.862048e+02 5.000000e+01
    endloop
  endfacet
  facet normal 8.978044e-01 4.403941e-01 4.946500e-04
    outer loop
      vertex   -2.304003e+00 -1.862048e+02 5.000000e+01
      vertex   -2.273301e+00 -1.862618e+02 4.500000e+01
      vertex   -2.389291e+00 -1.860253e+02 4.500000e+01
    endloop
  endfacet
  facet normal 9.084877e-01 4.179114e-01 -4.946500e-04
    outer loop
      vertex   -2.304003e+00 -1.862048e+02 5.000000e+01
      vertex   -2.389291e+00 -1.860253e+02 4.500000e+01
      vertex   -2.414071e+00 -1.859655e+02 5.000000e+01
    endloop
  endfacet
  facet normal 9.377520e-01 3.473052e-01 4.946500e-04
    outer loop
      vertex   -2.414071e+00 -1.859655e+02 5.000000e+01
      vertex   -2.389291e+00 -1.860253e+02 4.500000e+01
      vertex   -2.480762e+00 -1.857783e+02 4.500000e+01
    endloop
  endfacet
  facet normal 9.461059e-01 3.238570e-01 -4.946500e-04
    outer loop
      vertex   -2.414071e+00 -1.859655e+02 5.000000e+01
      vertex   -2.480762e+00 -1.857783e+02 4.500000e+01
      vertex   -2.499367e+00 -1.857164e+02 5.000000e+01
    endloop
  endfacet
  facet normal 9.680770e-01 2.506525e-01 4.946500e-04
    outer loop
      vertex   -2.499367e+00 -1.857164e+02 5.000000e+01
      vertex   -2.480762e+00 -1.857783e+02 4.500000e+01
      vertex   -2.546778e+00 -1.855234e+02 4.500000e+01
    endloop
  endfacet
  facet normal 9.740158e-01 2.264795e-01 -4.946500e-04
    outer loop
      vertex   -2.499367e+00 -1.857164e+02 5.000000e+01
      vertex   -2.546778e+00 -1.855234e+02 4.500000e+01
      vertex   -2.559016e+00 -1.854598e+02 5.000000e+01
    endloop
  endfacet
  facet normal 9.884682e-01 1.514278e-01 4.946500e-04
    outer loop
      vertex   -2.559016e+00 -1.854598e+02 5.000000e+01
      vertex   -2.546778e+00 -1.855234e+02 4.500000e+01
      vertex   -2.586660e+00 -1.852630e+02 4.500000e+01
    endloop
  endfacet
  facet normal 9.919310e-01 1.267779e-01 -4.946500e-04
    outer loop
      vertex   -2.559016e+00 -1.854598e+02 5.000000e+01
      vertex   -2.586660e+00 -1.852630e+02 4.500000e+01
      vertex   -2.592406e+00 -1.851986e+02 5.000000e+01
    endloop
  endfacet
  facet normal 9.987164e-01 5.064916e-02 4.946500e-04
    outer loop
      vertex   -2.592406e+00 -1.851986e+02 5.000000e+01
      vertex   -2.586660e+00 -1.852630e+02 4.500000e+01
      vertex   -2.600000e+00 -1.850000e+02 4.500000e+01
    endloop
  endfacet
  facet normal 9.996676e-01 2.577547e-02 -4.946500e-04
    outer loop
      vertex   -2.592406e+00 -1.851986e+02 5.000000e+01
      vertex   -2.600000e+00 -1.850000e+02 4.500000e+01
      vertex   -2.599195e+00 -1.849353e+02 5.000000e+01
    endloop
  endfacet
  facet normal 9.987164e-01 -5.064916e-02 4.946500e-04
    outer loop
      vertex   -2.599195e+00 -1.849353e+02 5.000000e+01
      vertex   -2.600000e+00 -1.850000e+02 4.500000e+01
      vertex   -2.586660e+00 -1.847370e+02 4.500000e+01
    endloop
  endfacet
  facet normal 9.971463e-01 -7.549148e-02 -4.946500e-04
    outer loop
      vertex   -2.599195e+00 -1.849353e+02 5.000000e+01
      vertex   -2.586660e+00 -1.847370e+02 4.500000e+01
      vertex   -2.579312e+00 -1.846727e+02 5.000000e+01
    endloop
  endfacet
  facet normal 9.884682e-01 -1.514278e-01 4.946500e-04
    outer loop
      vertex   -2.579312e+00 -1.846727e+02 5.000000e+01
      vertex   -2.586660e+00 -1.847370e+02 4.500000e+01
      vertex   -2.546778e+00 -1.844766e+02 4.500000e+01
    endloop
  endfacet
  facet normal 9.843929e-01 -1.759838e-01 -4.946500e-04
    outer loop
      vertex   -2.579312e+00 -1.846727e+02 5.000000e+01
      vertex   -2.546778e+00 -1.844766e+02 4.500000e+01
      vertex   -2.532962e+00 -1.844134e+02 5.000000e+01
    endloop
  endfacet
  facet normal 9.680770e-01 -2.506525e-01 4.946500e-04
    outer loop
      vertex   -2.532962e+00 -1.844134e+02 5.000000e+01
      vertex   -2.546778e+00 -1.844766e+02 4.500000e+01
      vertex   -2.480762e+00 -1.842217e+02 4.500000e+01
    endloop
  endfacet
  facet normal 9.615384e-01 -2.746702e-01 -4.946500e-04
    outer loop
      vertex   -2.532962e+00 -1.844134e+02 5.000000e+01
      vertex   -2.480762e+00 -1.842217e+02 4.500000e+01
      vertex   -2.460621e+00 -1.841602e+02 5.000000e+01
    endloop
  endfacet
  facet normal 9.377520e-01 -3.473052e-01 4.946500e-04
    outer loop
      vertex   -2.460621e+00 -1.841602e+02 5.000000e+01
      vertex   -2.480762e+00 -1.842217e+02 4.500000e+01
      vertex   -2.389291e+00 -1.839747e+02 4.500000e+01
    endloop
  endfacet
  facet normal 9.288171e-01 -3.705382e-01 -4.946500e-04
    outer loop
      vertex   -2.460621e+00 -1.841602e+02 5.000000e+01
      vertex   -2.389291e+00 -1.839747e+02 4.500000e+01
      vertex   -2.363030e+00 -1.839155e+02 5.000000e+01
    endloop
  endfacet
  facet normal 8.978044e-01 -4.403941e-01 4.946500e-04
    outer loop
      vertex   -2.363030e+00 -1.839155e+02 5.000000e+01
      vertex   -2.389291e+00 -1.839747e+02 4.500000e+01
      vertex   -2.273301e+00 -1.837382e+02 4.500000e+01
    endloop
  endfacet
  facet normal 8.865649e-01 -4.626040e-01 -4.946500e-04
    outer loop
      vertex   -2.363030e+00 -1.839155e+02 5.000000e+01
      vertex   -2.273301e+00 -1.837382e+02 4.500000e+01
      vertex   -2.241191e+00 -1.836820e+02 5.000000e+01
    endloop
  endfacet
  facet normal 8.486442e-01 -5.289639e-01 4.946500e-04
    outer loop
      vertex   -2.241191e+00 -1.836820e+02 5.000000e+01
      vertex   -2.273301e+00 -1.837382e+02 4.500000e+01
      vertex   -2.133985e+00 -1.835147e+02 4.500000e+01
    endloop
  endfacet
  facet normal 8.352154e-01 -5.499228e-01 -4.946500e-04
    outer loop
      vertex   -2.241191e+00 -1.836820e+02 5.000000e+01
      vertex   -2.133985e+00 -1.835147e+02 4.500000e+01
      vertex   -2.096355e+00 -1.834621e+02 5.000000e+01
    endloop
  endfacet
  facet normal 7.907756e-01 -6.121059e-01 4.946500e-04
    outer loop
      vertex   -2.096355e+00 -1.834621e+02 5.000000e+01
      vertex   -2.133985e+00 -1.835147e+02 4.500000e+01
      vertex   -1.972771e+00 -1.833064e+02 4.500000e+01
    endloop
  endfacet
  facet normal 7.752954e-01 -6.315986e-01 -4.946500e-04
    outer loop
      vertex   -2.096355e+00 -1.834621e+02 5.000000e+01
      vertex   -1.972771e+00 -1.833064e+02 4.500000e+01
      vertex   -1.930007e+00 -1.832579e+02 5.000000e+01
    endloop
  endfacet
  facet normal 7.247927e-01 -6.889668e-01 4.946500e-04
    outer loop
      vertex   -1.930007e+00 -1.832579e+02 5.000000e+01
      vertex   -1.972771e+00 -1.833064e+02 4.500000e+01
      vertex   -1.791314e+00 -1.831155e+02 4.500000e+01
    endloop
  endfacet
  facet normal 7.074198e-01 -7.067934e-01 -4.946500e-04
    outer loop
      vertex   -1.930007e+00 -1.832579e+02 5.000000e+01
      vertex   -1.791314e+00 -1.831155e+02 4.500000e+01
      vertex   -1.743855e+00 -1.830715e+02 5.000000e+01
    endloop
  endfacet
  facet normal 6.513724e-01 -7.587580e-01 4.946500e-04
    outer loop
      vertex   -1.743855e+00 -1.830715e+02 5.000000e+01
      vertex   -1.791314e+00 -1.831155e+02 4.500000e+01
      vertex   -1.591476e+00 -1.829440e+02 4.500000e+01
    endloop
  endfacet
  facet normal 6.322852e-01 -7.747356e-01 -4.946500e-04
    outer loop
      vertex   -1.743855e+00 -1.830715e+02 5.000000e+01
      vertex   -1.591476e+00 -1.829440e+02 4.500000e+01
      vertex   -1.539809e+00 -1.829050e+02 5.000000e+01
    endloop
  endfacet
  facet normal 5.712681e-01 -8.207633e-01 4.946500e-04
    outer loop
      vertex   -1.539809e+00 -1.829050e+02 5.000000e+01
      vertex   -1.591476e+00 -1.829440e+02 4.500000e+01
      vertex   -1.375307e+00 -1.827935e+02 4.500000e+01
    endloop
  endfacet
  facet normal 5.506624e-01 -8.347279e-01 -4.946500e-04
    outer loop
      vertex   -1.539809e+00 -1.829050e+02 5.000000e+01
      vertex   -1.375307e+00 -1.827935e+02 4.500000e+01
      vertex   -1.319962e+00 -1.827600e+02 5.000000e+01
    endloop
  endfacet
  facet normal 4.853019e-01 -8.743465e-01 4.946500e-04
    outer loop
      vertex   -1.319962e+00 -1.827600e+02 5.000000e+01
      vertex   -1.375307e+00 -1.827935e+02 4.500000e+01
      vertex   -1.145025e+00 -1.826657e+02 4.500000e+01
    endloop
  endfacet
  facet normal 4.633891e-01 -8.861548e-01 -4.946500e-04
    outer loop
      vertex   -1.319962e+00 -1.827600e+02 5.000000e+01
      vertex   -1.145025e+00 -1.826657e+02 4.500000e+01
      vertex   -1.086570e+00 -1.826379e+02 5.000000e+01
    endloop
  endfacet
  facet normal 3.943558e-01 -9.189577e-01 4.946500e-04
    outer loop
      vertex   -1.086570e+00 -1.826379e+02 5.000000e+01
      vertex   -1.145025e+00 -1.826657e+02 4.500000e+01
      vertex   -9.029939e-01 -1.825618e+02 4.500000e+01
    endloop
  endfacet
  facet normal 3.713608e-01 -9.284885e-01 -4.946500e-04
    outer loop
      vertex   -1.086570e+00 -1.826379e+02 5.000000e+01
      vertex   -9.029939e-01 -1.825618e+02 4.500000e+01
      vertex   -8.420286e-01 -1.825401e+02 5.000000e+01
    endloop
  endfacet
  facet normal 2.993631e-01 -9.541391e-01 4.946500e-04
    outer loop
      vertex   -8.420286e-01 -1.825401e+02 5.000000e+01
      vertex   -9.029939e-01 -1.825618e+02 4.500000e+01
      vertex   -6.516968e-01 -1.824830e+02 4.500000e+01
    endloop
  endfacet
  facet normal 2.755219e-01 -9.612947e-01 -4.946500e-04
    outer loop
      vertex   -8.420286e-01 -1.825401e+02 5.000000e+01
      vertex   -6.516968e-01 -1.824830e+02 4.500000e+01
      vertex   -5.888469e-01 -1.824676e+02 5.000000e+01
    endloop
  endfacet
  facet normal 2.012985e-01 -9.795298e-01 4.946500e-04
    outer loop
      vertex   -5.888469e-01 -1.824676e+02 5.000000e+01
      vertex   -6.516968e-01 -1.824830e+02 4.500000e+01
      vertex   -3.937124e-01 -1.824300e+02 4.500000e+01
    endloop
  endfacet
  facet normal 1.768557e-01 -9.842367e-01 -4.946500e-04
    outer loop
      vertex   -5.888469e-01 -1.824676e+02 5.000000e+01
      vertex   -3.937124e-01 -1.824300e+02 4.500000e+01
      vertex   -3.296229e-01 -1.824210e+02 5.000000e+01
    endloop
  endfacet
  facet normal 1.011683e-01 -9.948692e-01 4.946500e-04
    outer loop
      vertex   -3.296229e-01 -1.824210e+02 5.000000e+01
      vertex   -3.937124e-01 -1.824300e+02 4.500000e+01
      vertex   -1.316881e-01 -1.824033e+02 4.500000e+01
    endloop
  endfacet
  facet normal 7.637472e-02 -9.970791e-01 -4.946500e-04
    outer loop
      vertex   -3.296229e-01 -1.824210e+02 5.000000e+01
      vertex   -1.316881e-01 -1.824033e+02 4.500000e+01
      vertex   -6.701645e-02 -1.824009e+02 5.000000e+01
    endloop
  endfacet
  facet normal 0.000000e+00 -9.999999e-01 4.946500e-04
    outer loop
      vertex   -6.701645e-02 -1.824009e+02 5.000000e+01
      vertex   -1.316881e-01 -1.824033e+02 4.500000e+01
      vertex   1.316876e-01 -1.824033e+02 4.500000e+01
    endloop
  endfacet
  facet normal -2.488995e-02 -9.996901e-01 -4.946500e-04
    outer loop
      vertex   -6.701645e-02 -1.824009e+02 5.000000e+01
      vertex   1.316876e-01 -1.824033e+02 4.500000e+01
      vertex   1.962776e-01 -1.824074e+02 5.000000e+01
    endloop
  endfacet
  facet normal -1.011683e-01 -9.948692e-01 4.946500e-04
    outer loop
      vertex   1.962776e-01 -1.824074e+02 5.000000e+01
      vertex   1.316876e-01 -1.824033e+02 4.500000e+01
      vertex   3.937120e-01 -1.824300e+02 4.500000e+01
    endloop
  endfacet
  facet normal -1.258992e-01 -9.920429e-01 -4.946500e-04
    outer loop
      vertex   1.962776e-01 -1.824074e+02 5.000000e+01
      vertex   3.937120e-01 -1.824300e+02 4.500000e+01
      vertex   4.575576e-01 -1.824406e+02 5.000000e+01
    endloop
  endfacet
  facet normal -2.012985e-01 -9.795298e-01 4.946500e-04
    outer loop
      vertex   4.575576e-01 -1.824406e+02 5.000000e+01
      vertex   3.937120e-01 -1.824300e+02 4.500000e+01
      vertex   6.516964e-01 -1.824830e+02 4.500000e+01
    endloop
  endfacet
  facet normal -2.256166e-01 -9.742161e-01 -4.946500e-04
    outer loop
      vertex   4.575576e-01 -1.824406e+02 5.000000e+01
      vertex   6.516964e-01 -1.824830e+02 4.500000e+01
      vertex   7.141425e-01 -1.825000e+02 5.000000e+01
    endloop
  endfacet
  facet normal -2.993631e-01 -9.541391e-01 4.946500e-04
    outer loop
      vertex   7.141425e-01 -1.825000e+02 5.000000e+01
      vertex   6.516964e-01 -1.824830e+02 4.500000e+01
      vertex   9.029934e-01 -1.825618e+02 4.500000e+01
    endloop
  endfacet
  facet normal -3.230188e-01 -9.463924e-01 -4.946500e-04
    outer loop
      vertex   7.141425e-01 -1.825000e+02 5.000000e+01
      vertex   9.029934e-01 -1.825618e+02 4.500000e+01
      vertex   9.633993e-01 -1.825851e+02 5.000000e+01
    endloop
  endfacet
  facet normal -3.943558e-01 -9.189577e-01 4.946500e-04
    outer loop
      vertex   9.633993e-01 -1.825851e+02 5.000000e+01
      vertex   9.029934e-01 -1.825618e+02 4.500000e+01
      vertex   1.145025e+00 -1.826657e+02 4.500000e+01
    endloop
  endfacet
  facet normal -4.171064e-01 -9.088575e-01 -4.946500e-04
    outer loop
      vertex   9.633993e-01 -1.825851e+02 5.000000e+01
      vertex   1.145025e+00 -1.826657e+02 4.500000e+01
      vertex   1.202770e+00 -1.826949e+02 5.000000e+01
    endloop
  endfacet
  facet normal -4.853019e-01 -8.743465e-01 4.946500e-04
    outer loop
      vertex   1.202770e+00 -1.826949e+02 5.000000e+01
      vertex   1.145025e+00 -1.826657e+02 4.500000e+01
      vertex   1.375306e+00 -1.827935e+02 4.500000e+01
    endloop
  endfacet
  facet normal -5.069140e-01 -8.619965e-01 -4.946500e-04
    outer loop
      vertex   1.202770e+00 -1.826949e+02 5.000000e+01
      vertex   1.375306e+00 -1.827935e+02 4.500000e+01
      vertex   1.429799e+00 -1.828284e+02 5.000000e+01
    endloop
  endfacet
  facet normal -5.712681e-01 -8.207633e-01 4.946500e-04
    outer loop
      vertex   1.429799e+00 -1.828284e+02 5.000000e+01
      vertex   1.375306e+00 -1.827935e+02 4.500000e+01
      vertex   1.591475e+00 -1.829440e+02 4.500000e+01
    endloop
  endfacet
  facet normal -5.915199e-01 -8.062902e-01 -4.946500e-04
    outer loop
      vertex   1.429799e+00 -1.828284e+02 5.000000e+01
      vertex   1.591475e+00 -1.829440e+02 4.500000e+01
      vertex   1.642156e+00 -1.829842e+02 5.000000e+01
    endloop
  endfacet
  facet normal -6.513724e-01 -7.587580e-01 4.946500e-04
    outer loop
      vertex   1.642156e+00 -1.829842e+02 5.000000e+01
      vertex   1.591475e+00 -1.829440e+02 4.500000e+01
      vertex   1.791314e+00 -1.831155e+02 4.500000e+01
    endloop
  endfacet
  facet normal -6.700561e-01 -7.423103e-01 -4.946500e-04
    outer loop
      vertex   1.642156e+00 -1.829842e+02 5.000000e+01
      vertex   1.791314e+00 -1.831155e+02 4.500000e+01
      vertex   1.837663e+00 -1.831607e+02 5.000000e+01
    endloop
  endfacet
  facet normal -7.247927e-01 -6.889668e-01 4.946500e-04
    outer loop
      vertex   1.837663e+00 -1.831607e+02 5.000000e+01
      vertex   1.791314e+00 -1.831155e+02 4.500000e+01
      vertex   1.972771e+00 -1.833064e+02 4.500000e+01
    endloop
  endfacet
  facet normal -7.417165e-01 -6.707133e-01 -4.946500e-04
    outer loop
      vertex   1.837663e+00 -1.831607e+02 5.000000e+01
      vertex   1.972771e+00 -1.833064e+02 4.500000e+01
      vertex   2.014313e+00 -1.833561e+02 5.000000e+01
    endloop
  endfacet
  facet normal -7.907756e-01 -6.121059e-01 4.946500e-04
    outer loop
      vertex   2.014313e+00 -1.833561e+02 5.000000e+01
      vertex   1.972771e+00 -1.833064e+02 4.500000e+01
      vertex   2.133985e+00 -1.835147e+02 4.500000e+01
    endloop
  endfacet
  facet normal -8.057659e-01 -5.922339e-01 -4.946500e-04
    outer loop
      vertex   2.014313e+00 -1.833561e+02 5.000000e+01
      vertex   2.133985e+00 -1.835147e+02 4.500000e+01
      vertex   2.170293e+00 -1.835683e+02 5.000000e+01
    endloop
  endfacet
  facet normal -8.486442e-01 -5.289639e-01 4.946500e-04
    outer loop
      vertex   2.170293e+00 -1.835683e+02 5.000000e+01
      vertex   2.133985e+00 -1.835147e+02 4.500000e+01
      vertex   2.273301e+00 -1.837382e+02 4.500000e+01
    endloop
  endfacet
  facet normal -8.615471e-01 -5.076774e-01 -4.946500e-04
    outer loop
      vertex   2.170293e+00 -1.835683e+02 5.000000e+01
      vertex   2.273301e+00 -1.837382e+02 4.500000e+01
      vertex   2.304002e+00 -1.837952e+02 5.000000e+01
    endloop
  endfacet
  facet normal -8.978044e-01 -4.403941e-01 4.946500e-04
    outer loop
      vertex   2.304002e+00 -1.837952e+02 5.000000e+01
      vertex   2.273301e+00 -1.837382e+02 4.500000e+01
      vertex   2.389290e+00 -1.839747e+02 4.500000e+01
    endloop
  endfacet
  facet normal -9.084877e-01 -4.179114e-01 -4.946500e-04
    outer loop
      vertex   2.304002e+00 -1.837952e+02 5.000000e+01
      vertex   2.389290e+00 -1.839747e+02 4.500000e+01
      vertex   2.414070e+00 -1.840345e+02 5.000000e+01
    endloop
  endfacet
  facet normal -9.377520e-01 -3.473052e-01 4.946500e-04
    outer loop
      vertex   2.414070e+00 -1.840345e+02 5.000000e+01
      vertex   2.389290e+00 -1.839747e+02 4.500000e+01
      vertex   2.480762e+00 -1.842217e+02 4.500000e+01
    endloop
  endfacet
  facet normal -9.461059e-01 -3.238570e-01 -4.946500e-04
    outer loop
      vertex   2.414070e+00 -1.840345e+02 5.000000e+01
      vertex   2.480762e+00 -1.842217e+02 4.500000e+01
      vertex   2.499366e+00 -1.842836e+02 5.000000e+01
    endloop
  endfacet
  facet normal -9.680770e-01 -2.506525e-01 4.946500e-04
    outer loop
      vertex   2.499366e+00 -1.842836e+02 5.000000e+01
      vertex   2.480762e+00 -1.842217e+02 4.500000e+01
      vertex   2.546778e+00 -1.844766e+02 4.500000e+01
    endloop
  endfacet
  facet normal -9.740158e-01 -2.264795e-01 -4.946500e-04
    outer loop
      vertex   2.499366e+00 -1.842836e+02 5.000000e+01
      vertex   2.546778e+00 -1.844766e+02 4.500000e+01
      vertex   2.559015e+00 -1.845402e+02 5.000000e+01
    endloop
  endfacet
  facet normal -9.884682e-01 -1.514278e-01 4.946500e-04
    outer loop
      vertex   2.559015e+00 -1.845402e+02 5.000000e+01
      vertex   2.546778e+00 -1.844766e+02 4.500000e+01
      vertex   2.586660e+00 -1.847370e+02 4.500000e+01
    endloop
  endfacet
  facet normal -9.919310e-01 -1.267779e-01 -4.946500e-04
    outer loop
      vertex   2.559015e+00 -1.845402e+02 5.000000e+01
      vertex   2.586660e+00 -1.847370e+02 4.500000e+01
      vertex   2.592406e+00 -1.848014e+02 5.000000e+01
    endloop
  endfacet
  facet normal -9.987164e-01 -5.064916e-02 4.946500e-04
    outer loop
      vertex   2.592406e+00 -1.848014e+02 5.000000e+01
      vertex   2.586660e+00 -1.847370e+02 4.500000e+01
      vertex   2.600000e+00 -1.850000e+02 4.500000e+01
    endloop
  endfacet
  facet normal -9.996676e-01 -2.577547e-02 -4.946500e-04
    outer loop
      vertex   2.592406e+00 -1.848014e+02 5.000000e+01
      vertex   2.600000e+00 -1.850000e+02 4.500000e+01
      vertex   2.599194e+00 -1.850647e+02 5.000000e+01
    endloop
  endfacet
  facet normal -9.987164e-01 5.064916e-02 4.946500e-04
    outer loop
      vertex   2.599194e+00 -1.850647e+02 5.000000e+01
      vertex   2.600000e+00 -1.850000e+02 4.500000e+01
      vertex   2.586660e+00 -1.852630e+02 4.500000e+01
    endloop
  endfacet
  facet normal -9.971463e-01 7.549148e-02 -4.946500e-04
    outer loop
      vertex   2.599194e+00 -1.850647e+02 5.000000e+01
      vertex   2.586660e+00 -1.852630e+02 4.500000e+01
      vertex   2.579312e+00 -1.853273e+02 5.000000e+01
    endloop
  endfacet
  facet normal -9.884682e-01 1.514278e-01 4.946500e-04
    outer loop
      vertex   2.579312e+00 -1.853273e+02 5.000000e+01
      vertex   2.586660e+00 -1.852630e+02 4.500000e+01
      vertex   2.546778e+00 -1.855234e+02 4.500000e+01
    endloop
  endfacet
  facet normal -9.843929e-01 1.759838e-01 -4.946500e-04
    outer loop
      vertex   2.579312e+00 -1.853273e+02 5.000000e+01
      vertex   2.546778e+00 -1.855234e+02 4.500000e+01
      vertex   2.532962e+00 -1.855866e+02 5.000000e+01
    endloop
  endfacet
  facet normal -9.680770e-01 2.506525e-01 4.946500e-04
    outer loop
      vertex   2.532962e+00 -1.855866e+02 5.000000e+01
      vertex   2.546778e+00 -1.855234e+02 4.500000e+01
      vertex   2.480762e+00 -1.857783e+02 4.500000e+01
    endloop
  endfacet
  facet normal -9.615384e-01 2.746702e-01 -4.946500e-04
    outer loop
      vertex   2.532962e+00 -1.855866e+02 5.000000e+01
      vertex   2.480762e+00 -1.857783e+02 4.500000e+01
      vertex   2.460620e+00 -1.858399e+02 5.000000e+01
    endloop
  endfacet
  facet normal -9.377520e-01 3.473052e-01 4.946500e-04
    outer loop
      vertex   2.460620e+00 -1.858399e+02 5.000000e+01
      vertex   2.480762e+00 -1.857783e+02 4.500000e+01
      vertex   2.389290e+00 -1.860253e+02 4.500000e+01
    endloop
  endfacet
  facet normal -9.288171e-01 3.705382e-01 -4.946500e-04
    outer loop
      vertex   2.460620e+00 -1.858399e+02 5.000000e+01
      vertex   2.389290e+00 -1.860253e+02 4.500000e+01
      vertex   2.363030e+00 -1.860845e+02 5.000000e+01
    endloop
  endfacet
  facet normal -8.978044e-01 4.403941e-01 4.946500e-04
    outer loop
      vertex   2.363030e+00 -1.860845e+02 5.000000e+01
      vertex   2.389290e+00 -1.860253e+02 4.500000e+01
      vertex   2.273301e+00 -1.862618e+02 4.500000e+01
    endloop
  endfacet
  facet normal -8.865649e-01 4.626040e-01 -4.946500e-04
    outer loop
      vertex   2.363030e+00 -1.860845e+02 5.000000e+01
      vertex   2.273301e+00 -1.862618e+02 4.500000e+01
      vertex   2.241191e+00 -1.863180e+02 5.000000e+01
    endloop
  endfacet
  facet normal -8.486442e-01 5.289639e-01 4.946500e-04
    outer loop
      vertex   2.241191e+00 -1.863180e+02 5.000000e+01
      vertex   2.273301e+00 -1.862618e+02 4.500000e+01
      vertex   2.133985e+00 -1.864853e+02 4.500000e+01
    endloop
  endfacet
  facet normal -8.352154e-01 5.499228e-01 -4.946500e-04
    outer loop
      vertex   2.241191e+00 -1.863180e+02 5.000000e+01
      vertex   2.133985e+00 -1.864853e+02 4.500000e+01
      vertex   2.096355e+00 -1.865380e+02 5.000000e+01
    endloop
  endfacet
  facet normal -7.907756e-01 6.121059e-01 4.946500e-04
    outer loop
      vertex   2.096355e+00 -1.865380e+02 5.000000e+01
      vertex   2.133985e+00 -1.864853e+02 4.500000e+01
      vertex   1.972771e+00 -1.866936e+02 4.500000e+01
    endloop
  endfacet
  facet normal -7.752954e-01 6.315986e-01 -4.946500e-04
    outer loop
      vertex   2.096355e+00 -1.865380e+02 5.000000e+01
      vertex   1.972771e+00 -1.866936e+02 4.500000e+01
      vertex   1.930007e+00 -1.867421e+02 5.000000e+01
    endloop
  endfacet
  facet normal -7.247927e-01 6.889668e-01 4.946500e-04
    outer loop
      vertex   1.930007e+00 -1.867421e+02 5.000000e+01
      vertex   1.972771e+00 -1.866936e+02 4.500000e+01
      vertex   1.791314e+00 -1.868845e+02 4.500000e+01
    endloop
  endfacet
  facet normal -7.074198e-01 7.067934e-01 -4.946500e-04
    outer loop
      vertex   1.930007e+00 -1.867421e+02 5.000000e+01
      vertex   1.791314e+00 -1.868845e+02 4.500000e+01
      vertex   1.743855e+00 -1.869285e+02 5.000000e+01
    endloop
  endfacet
  facet normal -6.513724e-01 7.587580e-01 4.946500e-04
    outer loop
      vertex   1.743855e+00 -1.869285e+02 5.000000e+01
      vertex   1.791314e+00 -1.868845e+02 4.500000e+01
      vertex   1.591475e+00 -1.870560e+02 4.500000e+01
    endloop
  endfacet
  facet normal -6.322852e-01 7.747356e-01 -4.946500e-04
    outer loop
      vertex   1.743855e+00 -1.869285e+02 5.000000e+01
      vertex   1.591475e+00 -1.870560e+02 4.500000e+01
      vertex   1.539808e+00 -1.870950e+02 5.000000e+01
    endloop
  endfacet
  facet normal -5.712681e-01 8.207633e-01 4.946500e-04
    outer loop
      vertex   1.539808e+00 -1.870950e+02 5.000000e+01
      vertex   1.591475e+00 -1.870560e+02 4.500000e+01
      vertex   1.375306e+00 -1.872065e+02 4.500000e+01
    endloop
  endfacet
  facet normal -5.506624e-01 8.347279e-01 -4.946500e-04
    outer loop
      vertex   1.539808e+00 -1.870950e+02 5.000000e+01
      vertex   1.375306e+00 -1.872065e+02 4.500000e+01
      vertex   1.319961e+00 -1.872400e+02 5.000000e+01
    endloop
  endfacet
  facet normal -4.853019e-01 8.743465e-01 4.946500e-04
    outer loop
      vertex   1.319961e+00 -1.872400e+02 5.000000e+01
      vertex   1.375306e+00 -1.872065e+02 4.500000e+01
      vertex   1.145025e+00 -1.873343e+02 4.500000e+01
    endloop
  endfacet
  facet normal -4.633891e-01 8.861548e-01 -4.946500e-04
    outer loop
      vertex   1.319961e+00 -1.872400e+02 5.000000e+01
      vertex   1.145025e+00 -1.873343e+02 4.500000e+01
      vertex   1.086569e+00 -1.873621e+02 5.000000e+01
    endloop
  endfacet
  facet normal -3.943558e-01 9.189577e-01 4.946500e-04
    outer loop
      vertex   1.086569e+00 -1.873621e+02 5.000000e+01
      vertex   1.145025e+00 -1.873343e+02 4.500000e+01
      vertex   9.029934e-01 -1.874382e+02 4.500000e+01
    endloop
  endfacet
  facet normal -3.713608e-01 9.284885e-01 -4.946500e-04
    outer loop
      vertex   1.086569e+00 -1.873621e+02 5.000000e+01
      vertex   9.029934e-01 -1.874382e+02 4.500000e+01
      vertex   8.420281e-01 -1.874599e+02 5.000000e+01
    endloop
  endfacet
  facet normal -2.993631e-01 9.541391e-01 4.946500e-04
    outer loop
      vertex   8.420281e-01 -1.874599e+02 5.000000e+01
      vertex   9.029934e-01 -1.874382e+02 4.500000e+01
      vertex   6.516964e-01 -1.875170e+02 4.500000e+01
    endloop
  endfacet
  facet normal -2.755219e-01 9.612947e-01 -4.946500e-04
    outer loop
      vertex   8.420281e-01 -1.874599e+02 5.000000e+01
      vertex   6.516964e-01 -1.875170e+02 4.500000e+01
      vertex   5.888464e-01 -1.875324e+02 5.000000e+01
    endloop
  endfacet
  facet normal -2.012985e-01 9.795298e-01 4.946500e-04
    outer loop
      vertex   5.888464e-01 -1.875324e+02 5.000000e+01
      vertex   6.516964e-01 -1.875170e+02 4.500000e+01
      vertex   3.937120e-01 -1.875700e+02 4.500000e+01
    endloop
  endfacet
  facet normal -1.768557e-01 9.842367e-01 -4.946500e-04
    outer loop
      vertex   5.888464e-01 -1.875324e+02 5.000000e+01
      vertex   3.937120e-01 -1.875700e+02 4.500000e+01
      vertex   3.296224e-01 -1.875790e+02 5.000000e+01
    endloop
  endfacet
  facet normal -1.011683e-01 9.948692e-01 4.946500e-04
    outer loop
      vertex   3.296224e-01 -1.875790e+02 5.000000e+01
      vertex   3.937120e-01 -1.875700e+02 4.500000e+01
      vertex   1.316876e-01 -1.875967e+02 4.500000e+01
    endloop
  endfacet
  facet normal -7.637472e-02 9.970791e-01 -4.946500e-04
    outer loop
      vertex   3.296224e-01 -1.875790e+02 5.000000e+01
      vertex   1.316876e-01 -1.875967e+02 4.500000e+01
      vertex   6.701600e-02 -1.875991e+02 5.000000e+01
    endloop
  endfacet
  facet normal 0.000000e+00 9.999999e-01 4.946500e-04
    outer loop
      vertex   6.701600e-02 -1.875991e+02 5.000000e+01
      vertex   1.316876e-01 -1.875967e+02 4.500000e+01
      vertex   -1.316881e-01 -1.875967e+02 4.500000e+01
    endloop
  endfacet
  facet normal 2.488995e-02 9.996901e-01 -4.946500e-04
    outer loop
      vertex   6.701600e-02 -1.875991e+02 5.000000e+01
      vertex   -1.316881e-01 -1.875967e+02 4.500000e+01
      vertex   -1.962781e-01 -1.875926e+02 5.000000e+01
    endloop
  endfacet
  facet normal 1.011683e-01 9.948692e-01 4.946500e-04
    outer loop
      vertex   -1.962781e-01 -1.875926e+02 5.000000e+01
      vertex   -1.316881e-01 -1.875967e+02 4.500000e+01
      vertex   -3.937124e-01 -1.875700e+02 4.500000e+01
    endloop
  endfacet
  facet normal 1.258992e-01 9.920429e-01 -4.946500e-04
    outer loop
      vertex   -1.962781e-01 -1.875926e+02 5.000000e+01
      vertex   -3.937124e-01 -1.875700e+02 4.500000e+01
      vertex   -4.575581e-01 -1.875594e+02 5.000000e+01
    endloop
  endfacet
  facet normal 2.012985e-01 9.795298e-01 4.946500e-04
    outer loop
      vertex   -4.575581e-01 -1.875594e+02 5.000000e+01
      vertex   -3.937124e-01 -1.875700e+02 4.500000e+01
      vertex   -6.516968e-01 -1.875170e+02 4.500000e+01
    endloop
  endfacet
  facet normal 6.810369e-04 5.064916e-02 9.987163e-01
    outer loop
      vertex   -2.000000e+01 -1.852630e+02 2.741334e+01
      vertex   -1.510000e+01 -1.851317e+02 2.740334e+01
      vertex   -2.000000e+01 -1.850000e+02 2.740000e+01
    endloop
  endfacet
  facet normal -6.810369e-04 0.000000e+00 9.999998e-01
    outer loop
      vertex   -2.000000e+01 -1.850000e+02 2.740000e+01
      vertex   -1.510000e+01 -1.851317e+02 2.740334e+01
      vertex   -1.510000e+01 -1.848683e+02 2.740334e+01
    endloop
  endfacet
  facet normal 6.810369e-04 -5.064916e-02 9.987163e-01
    outer loop
      vertex   -2.000000e+01 -1.850000e+02 2.740000e+01
      vertex   -1.510000e+01 -1.848683e+02 2.740334e+01
      vertex   -2.000000e+01 -1.847370e+02 2.741334e+01
    endloop
  endfacet
  facet normal -6.810369e-04 -1.011683e-01 9.948691e-01
    outer loop
      vertex   -2.000000e+01 -1.847370e+02 2.741334e+01
      vertex   -1.510000e+01 -1.848683e+02 2.740334e+01
      vertex   -1.510000e+01 -1.846063e+02 2.742998e+01
    endloop
  endfacet
  facet normal 6.810369e-04 -1.514277e-01 9.884681e-01
    outer loop
      vertex   -2.000000e+01 -1.847370e+02 2.741334e+01
      vertex   -1.510000e+01 -1.846063e+02 2.742998e+01
      vertex   -2.000000e+01 -1.844766e+02 2.745322e+01
    endloop
  endfacet
  facet normal -6.810369e-04 -2.012985e-01 9.795297e-01
    outer loop
      vertex   -2.000000e+01 -1.844766e+02 2.745322e+01
      vertex   -1.510000e+01 -1.846063e+02 2.742998e+01
      vertex   -1.510000e+01 -1.843483e+02 2.748300e+01
    endloop
  endfacet
  facet normal 6.810369e-04 -2.506525e-01 9.680769e-01
    outer loop
      vertex   -2.000000e+01 -1.844766e+02 2.745322e+01
      vertex   -1.510000e+01 -1.843483e+02 2.748300e+01
      vertex   -2.000000e+01 -1.842217e+02 2.751924e+01
    endloop
  endfacet
  facet normal -6.810369e-04 -2.993631e-01 9.541390e-01
    outer loop
      vertex   -2.000000e+01 -1.842217e+02 2.751924e+01
      vertex   -1.510000e+01 -1.843483e+02 2.748300e+01
      vertex   -1.510000e+01 -1.840970e+02 2.756184e+01
    endloop
  endfacet
  facet normal 6.810369e-04 -3.473052e-01 9.377519e-01
    outer loop
      vertex   -2.000000e+01 -1.842217e+02 2.751924e+01
      vertex   -1.510000e+01 -1.840970e+02 2.756184e+01
      vertex   -2.000000e+01 -1.839747e+02 2.761071e+01
    endloop
  endfacet
  facet normal -6.810369e-04 -3.943558e-01 9.189576e-01
    outer loop
      vertex   -2.000000e+01 -1.839747e+02 2.761071e+01
      vertex   -1.510000e+01 -1.840970e+02 2.756184e+01
      vertex   -1.510000e+01 -1.838550e+02 2.766571e+01
    endloop
  endfacet
  facet normal 6.810369e-04 -4.403940e-01 8.978043e-01
    outer loop
      vertex   -2.000000e+01 -1.839747e+02 2.761071e+01
      vertex   -1.510000e+01 -1.838550e+02 2.766571e+01
      vertex   -2.000000e+01 -1.837382e+02 2.772670e+01
    endloop
  endfacet
  facet normal -6.810369e-04 -4.853018e-01 8.743464e-01
    outer loop
      vertex   -2.000000e+01 -1.837382e+02 2.772670e+01
      vertex   -1.510000e+01 -1.838550e+02 2.766571e+01
      vertex   -1.510000e+01 -1.836247e+02 2.779353e+01
    endloop
  endfacet
  facet normal 6.810369e-04 -5.289639e-01 8.486441e-01
    outer loop
      vertex   -2.000000e+01 -1.837382e+02 2.772670e+01
      vertex   -1.510000e+01 -1.836247e+02 2.779353e+01
      vertex   -2.000000e+01 -1.835147e+02 2.786602e+01
    endloop
  endfacet
  facet normal -6.810369e-04 -5.712681e-01 8.207633e-01
    outer loop
      vertex   -2.000000e+01 -1.835147e+02 2.786602e+01
      vertex   -1.510000e+01 -1.836247e+02 2.779353e+01
      vertex   -1.510000e+01 -1.834085e+02 2.794398e+01
    endloop
  endfacet
  facet normal 6.810369e-04 -6.121058e-01 7.907756e-01
    outer loop
      vertex   -2.000000e+01 -1.835147e+02 2.786602e+01
      vertex   -1.510000e+01 -1.834085e+02 2.794398e+01
      vertex   -2.000000e+01 -1.833064e+02 2.802723e+01
    endloop
  endfacet
  facet normal -6.810369e-04 -6.513723e-01 7.587579e-01
    outer loop
      vertex   -2.000000e+01 -1.833064e+02 2.802723e+01
      vertex   -1.510000e+01 -1.834085e+02 2.794398e+01
      vertex   -1.510000e+01 -1.832087e+02 2.811554e+01
    endloop
  endfacet
  facet normal 6.810369e-04 -6.889668e-01 7.247926e-01
    outer loop
      vertex   -2.000000e+01 -1.833064e+02 2.802723e+01
      vertex   -1.510000e+01 -1.832087e+02 2.811554e+01
      vertex   -2.000000e+01 -1.831155e+02 2.820869e+01
    endloop
  endfacet
  facet normal -6.810369e-04 -7.247926e-01 6.889668e-01
    outer loop
      vertex   -2.000000e+01 -1.831155e+02 2.820869e+01
      vertex   -1.510000e+01 -1.832087e+02 2.811554e+01
      vertex   -1.510000e+01 -1.830272e+02 2.830643e+01
    endloop
  endfacet
  facet normal 6.810369e-04 -7.587579e-01 6.513723e-01
    outer loop
      vertex   -2.000000e+01 -1.831155e+02 2.820869e+01
      vertex   -1.510000e+01 -1.830272e+02 2.830643e+01
      vertex   -2.000000e+01 -1.829440e+02 2.840852e+01
    endloop
  endfacet
  facet normal -6.810369e-04 -7.907756e-01 6.121058e-01
    outer loop
      vertex   -2.000000e+01 -1.829440e+02 2.840852e+01
      vertex   -1.510000e+01 -1.830272e+02 2.830643e+01
      vertex   -1.510000e+01 -1.828660e+02 2.851470e+01
    endloop
  endfacet
  facet normal 6.810369e-04 -8.207633e-01 5.712681e-01
    outer loop
      vertex   -2.000000e+01 -1.829440e+02 2.840852e+01
      vertex   -1.510000e+01 -1.828660e+02 2.851470e+01
      vertex   -2.000000e+01 -1.827935e+02 2.862469e+01
    endloop
  endfacet
  facet normal -6.810369e-04 -8.486441e-01 5.289639e-01
    outer loop
      vertex   -2.000000e+01 -1.827935e+02 2.862469e+01
      vertex   -1.510000e+01 -1.828660e+02 2.851470e+01
      vertex   -1.510000e+01 -1.827267e+02 2.873822e+01
    endloop
  endfacet
  facet normal 6.810369e-04 -8.743464e-01 4.853018e-01
    outer loop
      vertex   -2.000000e+01 -1.827935e+02 2.862469e+01
      vertex   -1.510000e+01 -1.827267e+02 2.873822e+01
      vertex   -2.000000e+01 -1.826657e+02 2.885498e+01
    endloop
  endfacet
  facet normal -6.810369e-04 -8.978043e-01 4.403940e-01
    outer loop
      vertex   -2.000000e+01 -1.826657e+02 2.885498e+01
      vertex   -1.510000e+01 -1.827267e+02 2.873822e+01
      vertex   -1.510000e+01 -1.826107e+02 2.897468e+01
    endloop
  endfacet
  facet normal 6.810369e-04 -9.189576e-01 3.943558e-01
    outer loop
      vertex   -2.000000e+01 -1.826657e+02 2.885498e+01
      vertex   -1.510000e+01 -1.826107e+02 2.897468e+01
      vertex   -2.000000e+01 -1.825618e+02 2.909701e+01
    endloop
  endfacet
  facet normal -6.810369e-04 -9.377519e-01 3.473052e-01
    outer loop
      vertex   -2.000000e+01 -1.825618e+02 2.909701e+01
      vertex   -1.510000e+01 -1.826107e+02 2.897468e+01
      vertex   -1.510000e+01 -1.825192e+02 2.922166e+01
    endloop
  endfacet
  facet normal 6.810369e-04 -9.541390e-01 2.993631e-01
    outer loop
      vertex   -2.000000e+01 -1.825618e+02 2.909701e+01
      vertex   -1.510000e+01 -1.825192e+02 2.922166e+01
      vertex   -2.000000e+01 -1.824830e+02 2.934830e+01
    endloop
  endfacet
  facet normal -6.810369e-04 -9.680769e-01 2.506525e-01
    outer loop
      vertex   -2.000000e+01 -1.824830e+02 2.934830e+01
      vertex   -1.510000e+01 -1.825192e+02 2.922166e+01
      vertex   -1.510000e+01 -1.824532e+02 2.947662e+01
    endloop
  endfacet
  facet normal 6.810369e-04 -9.795297e-01 2.012985e-01
    outer loop
      vertex   -2.000000e+01 -1.824830e+02 2.934830e+01
      vertex   -1.510000e+01 -1.824532e+02 2.947662e+01
      vertex   -2.000000e+01 -1.824300e+02 2.960629e+01
    endloop
  endfacet
  facet normal -6.810369e-04 -9.884681e-01 1.514277e-01
    outer loop
      vertex   -2.000000e+01 -1.824300e+02 2.960629e+01
      vertex   -1.510000e+01 -1.824532e+02 2.947662e+01
      vertex   -1.510000e+01 -1.824133e+02 2.973696e+01
    endloop
  endfacet
  facet normal 6.810369e-04 -9.948691e-01 1.011683e-01
    outer loop
      vertex   -2.000000e+01 -1.824300e+02 2.960629e+01
      vertex   -1.510000e+01 -1.824133e+02 2.973696e+01
      vertex   -2.000000e+01 -1.824033e+02 2.986831e+01
    endloop
  endfacet
  facet normal -6.810369e-04 -9.987163e-01 5.064916e-02
    outer loop
      vertex   -2.000000e+01 -1.824033e+02 2.986831e+01
      vertex   -1.510000e+01 -1.824133e+02 2.973696e+01
      vertex   -1.510000e+01 -1.824000e+02 3.000000e+01
    endloop
  endfacet
  facet normal 6.810369e-04 -9.999998e-01 0.000000e+00
    outer loop
      vertex   -2.000000e+01 -1.824033e+02 2.986831e+01
      vertex   -1.510000e+01 -1.824000e+02 3.000000e+01
      vertex   -2.000000e+01 -1.824033e+02 3.013169e+01
    endloop
  endfacet
  facet normal -6.810369e-04 -9.987163e-01 -5.064916e-02
    outer loop
      vertex   -2.000000e+01 -1.824033e+02 3.013169e+01
      vertex   -1.510000e+01 -1.824000e+02 3.000000e+01
      vertex   -1.510000e+01 -1.824133e+02 3.026304e+01
    endloop
  endfacet
  facet normal 6.810369e-04 -9.948691e-01 -1.011683e-01
    outer loop
      vertex   -2.000000e+01 -1.824033e+02 3.013169e+01
      vertex   -1.510000e+01 -1.824133e+02 3.026304e+01
      vertex   -2.000000e+01 -1.824300e+02 3.039371e+01
    endloop
  endfacet
  facet normal -6.810369e-04 -9.884681e-01 -1.514277e-01
    outer loop
      vertex   -2.000000e+01 -1.824300e+02 3.039371e+01
      vertex   -1.510000e+01 -1.824133e+02 3.026304e+01
      vertex   -1.510000e+01 -1.824532e+02 3.052338e+01
    endloop
  endfacet
  facet normal 6.810369e-04 -9.795297e-01 -2.012985e-01
    outer loop
      vertex   -2.000000e+01 -1.824300e+02 3.039371e+01
      vertex   -1.510000e+01 -1.824532e+02 3.052338e+01
      vertex   -2.000000e+01 -1.824830e+02 3.065170e+01
    endloop
  endfacet
  facet normal -6.810369e-04 -9.680769e-01 -2.506525e-01
    outer loop
      vertex   -2.000000e+01 -1.824830e+02 3.065170e+01
      vertex   -1.510000e+01 -1.824532e+02 3.052338e+01
      vertex   -1.510000e+01 -1.825192e+02 3.077834e+01
    endloop
  endfacet
  facet normal 6.810369e-04 -9.541390e-01 -2.993631e-01
    outer loop
      vertex   -2.000000e+01 -1.824830e+02 3.065170e+01
      vertex   -1.510000e+01 -1.825192e+02 3.077834e+01
      vertex   -2.000000e+01 -1.825618e+02 3.090299e+01
    endloop
  endfacet
  facet normal -6.810369e-04 -9.377519e-01 -3.473052e-01
    outer loop
      vertex   -2.000000e+01 -1.825618e+02 3.090299e+01
      vertex   -1.510000e+01 -1.825192e+02 3.077834e+01
      vertex   -1.510000e+01 -1.826107e+02 3.102533e+01
    endloop
  endfacet
  facet normal 6.810369e-04 -9.189576e-01 -3.943558e-01
    outer loop
      vertex   -2.000000e+01 -1.825618e+02 3.090299e+01
      vertex   -1.510000e+01 -1.826107e+02 3.102533e+01
      vertex   -2.000000e+01 -1.826657e+02 3.114503e+01
    endloop
  endfacet
  facet normal -6.810369e-04 -8.978043e-01 -4.403940e-01
    outer loop
      vertex   -2.000000e+01 -1.826657e+02 3.114503e+01
      vertex   -1.510000e+01 -1.826107e+02 3.102533e+01
      vertex   -1.510000e+01 -1.827267e+02 3.126179e+01
    endloop
  endfacet
  facet normal 6.810369e-04 -8.743464e-01 -4.853018e-01
    outer loop
      vertex   -2.000000e+01 -1.826657e+02 3.114503e+01
      vertex   -1.510000e+01 -1.827267e+02 3.126179e+01
      vertex   -2.000000e+01 -1.827935e+02 3.137531e+01
    endloop
  endfacet
  facet normal -6.810369e-04 -8.486441e-01 -5.289639e-01
    outer loop
      vertex   -2.000000e+01 -1.827935e+02 3.137531e+01
      vertex   -1.510000e+01 -1.827267e+02 3.126179e+01
      vertex   -1.510000e+01 -1.828660e+02 3.148530e+01
    endloop
  endfacet
  facet normal 6.810369e-04 -8.207633e-01 -5.712681e-01
    outer loop
      vertex   -2.000000e+01 -1.827935e+02 3.137531e+01
      vertex   -1.510000e+01 -1.828660e+02 3.148530e+01
      vertex   -2.000000e+01 -1.829440e+02 3.159148e+01
    endloop
  endfacet
  facet normal -6.810369e-04 -7.907756e-01 -6.121058e-01
    outer loop
      vertex   -2.000000e+01 -1.829440e+02 3.159148e+01
      vertex   -1.510000e+01 -1.828660e+02 3.148530e+01
      vertex   -1.510000e+01 -1.830272e+02 3.169357e+01
    endloop
  endfacet
  facet normal 6.810369e-04 -7.587579e-01 -6.513723e-01
    outer loop
      vertex   -2.000000e+01 -1.829440e+02 3.159148e+01
      vertex   -1.510000e+01 -1.830272e+02 3.169357e+01
      vertex   -2.000000e+01 -1.831155e+02 3.179131e+01
    endloop
  endfacet
  facet normal -6.810369e-04 -7.247926e-01 -6.889668e-01
    outer loop
      vertex   -2.000000e+01 -1.831155e+02 3.179131e+01
      vertex   -1.510000e+01 -1.830272e+02 3.169357e+01
      vertex   -1.510000e+01 -1.832087e+02 3.188446e+01
    endloop
  endfacet
  facet normal 6.810369e-04 -6.889668e-01 -7.247926e-01
    outer loop
      vertex   -2.000000e+01 -1.831155e+02 3.179131e+01
      vertex   -1.510000e+01 -1.832087e+02 3.188446e+01
      vertex   -2.000000e+01 -1.833064e+02 3.197277e+01
    endloop
  endfacet
  facet normal -6.810369e-04 -6.513723e-01 -7.587579e-01
    outer loop
      vertex   -2.000000e+01 -1.833064e+02 3.197277e+01
      vertex   -1.510000e+01 -1.832087e+02 3.188446e+01
      vertex   -1.510000e+01 -1.834085e+02 3.205602e+01
    endloop
  endfacet
  facet normal 6.810369e-04 -6.121058e-01 -7.907756e-01
    outer loop
      vertex   -2.000000e+01 -1.833064e+02 3.197277e+01
      vertex   -1.510000e+01 -1.834085e+02 3.205602e+01
      vertex   -2.000000e+01 -1.835147e+02 3.213399e+01
    endloop
  endfacet
  facet normal -6.810369e-04 -5.712681e-01 -8.207633e-01
    outer loop
      vertex   -2.000000e+01 -1.835147e+02 3.213399e+01
      vertex   -1.510000e+01 -1.834085e+02 3.205602e+01
      vertex   -1.510000e+01 -1.836247e+02 3.220648e+01
    endloop
  endfacet
  facet normal 6.810369e-04 -5.289639e-01 -8.486441e-01
    outer loop
      vertex   -2.000000e+01 -1.835147e+02 3.213399e+01
      vertex   -1.510000e+01 -1.836247e+02 3.220648e+01
      vertex   -2.000000e+01 -1.837382e+02 3.227330e+01
    endloop
  endfacet
  facet normal -6.810369e-04 -4.853018e-01 -8.743464e-01
    outer loop
      vertex   -2.000000e+01 -1.837382e+02 3.227330e+01
      vertex   -1.510000e+01 -1.836247e+02 3.220648e+01
      vertex   -1.510000e+01 -1.838550e+02 3.233429e+01
    endloop
  endfacet
  facet normal 6.810369e-04 -4.403940e-01 -8.978043e-01
    outer loop
      vertex   -2.000000e+01 -1.837382e+02 3.227330e+01
      vertex   -1.510000e+01 -1.838550e+02 3.233429e+01
      vertex   -2.000000e+01 -1.839747e+02 3.238929e+01
    endloop
  endfacet
  facet normal -6.810369e-04 -3.943558e-01 -9.189576e-01
    outer loop
      vertex   -2.000000e+01 -1.839747e+02 3.238929e+01
      vertex   -1.510000e+01 -1.838550e+02 3.233429e+01
      vertex   -1.510000e+01 -1.840970e+02 3.243816e+01
    endloop
  endfacet
  facet normal 6.810369e-04 -3.473052e-01 -9.377519e-01
    outer loop
      vertex   -2.000000e+01 -1.839747e+02 3.238929e+01
      vertex   -1.510000e+01 -1.840970e+02 3.243816e+01
      vertex   -2.000000e+01 -1.842217e+02 3.248076e+01
    endloop
  endfacet
  facet normal -6.810369e-04 -2.993631e-01 -9.541390e-01
    outer loop
      vertex   -2.000000e+01 -1.842217e+02 3.248076e+01
      vertex   -1.510000e+01 -1.840970e+02 3.243816e+01
      vertex   -1.510000e+01 -1.843483e+02 3.251700e+01
    endloop
  endfacet
  facet normal 6.810369e-04 -2.506525e-01 -9.680769e-01
    outer loop
      vertex   -2.000000e+01 -1.842217e+02 3.248076e+01
      vertex   -1.510000e+01 -1.843483e+02 3.251700e+01
      vertex   -2.000000e+01 -1.844766e+02 3.254678e+01
    endloop
  endfacet
  facet normal -6.810369e-04 -2.012985e-01 -9.795297e-01
    outer loop
      vertex   -2.000000e+01 -1.844766e+02 3.254678e+01
      vertex   -1.510000e+01 -1.843483e+02 3.251700e+01
      vertex   -1.510000e+01 -1.846063e+02 3.257002e+01
    endloop
  endfacet
  facet normal 6.810369e-04 -1.514277e-01 -9.884681e-01
    outer loop
      vertex   -2.000000e+01 -1.844766e+02 3.254678e+01
      vertex   -1.510000e+01 -1.846063e+02 3.257002e+01
      vertex   -2.000000e+01 -1.847370e+02 3.258666e+01
    endloop
  endfacet
  facet normal -6.810369e-04 -1.011683e-01 -9.948691e-01
    outer loop
      vertex   -2.000000e+01 -1.847370e+02 3.258666e+01
      vertex   -1.510000e+01 -1.846063e+02 3.257002e+01
      vertex   -1.510000e+01 -1.848683e+02 3.259666e+01
    endloop
  endfacet
  facet normal 6.810369e-04 -5.064916e-02 -9.987163e-01
    outer loop
      vertex   -2.000000e+01 -1.847370e+02 3.258666e+01
      vertex   -1.510000e+01 -1.848683e+02 3.259666e+01
      vertex   -2.000000e+01 -1.850000e+02 3.260000e+01
    endloop
  endfacet
  facet normal -6.810369e-04 0.000000e+00 -9.999998e-01
    outer loop
      vertex   -2.000000e+01 -1.850000e+02 3.260000e+01
      vertex   -1.510000e+01 -1.848683e+02 3.259666e+01
      vertex   -1.510000e+01 -1.851317e+02 3.259666e+01
    endloop
  endfacet
  facet normal 6.810369e-04 5.064916e-02 -9.987163e-01
    outer loop
      vertex   -2.000000e+01 -1.850000e+02 3.260000e+01
      vertex   -1.510000e+01 -1.851317e+02 3.259666e+01
      vertex   -2.000000e+01 -1.852630e+02 3.258666e+01
    endloop
  endfacet
  facet normal -6.810369e-04 1.011683e-01 -9.948691e-01
    outer loop
      vertex   -2.000000e+01 -1.852630e+02 3.258666e+01
      vertex   -1.510000e+01 -1.851317e+02 3.259666e+01
      vertex   -1.510000e+01 -1.853937e+02 3.257002e+01
    endloop
  endfacet
  facet normal 6.810369e-04 1.514277e-01 -9.884681e-01
    outer loop
      vertex   -2.000000e+01 -1.852630e+02 3.258666e+01
      vertex   -1.510000e+01 -1.853937e+02 3.257002e+01
      vertex   -2.000000e+01 -1.855234e+02 3.254678e+01
    endloop
  endfacet
  facet normal -6.810369e-04 2.012985e-01 -9.795297e-01
    outer loop
      vertex   -2.000000e+01 -1.855234e+02 3.254678e+01
      vertex   -1.510000e+01 -1.853937e+02 3.257002e+01
      vertex   -1.510000e+01 -1.856517e+02 3.251700e+01
    endloop
  endfacet
  facet normal 6.810369e-04 2.506525e-01 -9.680769e-01
    outer loop
      vertex   -2.000000e+01 -1.855234e+02 3.254678e+01
      vertex   -1.510000e+01 -1.856517e+02 3.251700e+01
      vertex   -2.000000e+01 -1.857783e+02 3.248076e+01
    endloop
  endfacet
  facet normal -6.810369e-04 2.993631e-01 -9.541390e-01
    outer loop
      vertex   -2.000000e+01 -1.857783e+02 3.248076e+01
      vertex   -1.510000e+01 -1.856517e+02 3.251700e+01
      vertex   -1.510000e+01 -1.859030e+02 3.243816e+01
    endloop
  endfacet
  facet normal 6.810369e-04 3.473052e-01 -9.377519e-01
    outer loop
      vertex   -2.000000e+01 -1.857783e+02 3.248076e+01
      vertex   -1.510000e+01 -1.859030e+02 3.243816e+01
      vertex   -2.000000e+01 -1.860253e+02 3.238929e+01
    endloop
  endfacet
  facet normal -6.810369e-04 3.943558e-01 -9.189576e-01
    outer loop
      vertex   -2.000000e+01 -1.860253e+02 3.238929e+01
      vertex   -1.510000e+01 -1.859030e+02 3.243816e+01
      vertex   -1.510000e+01 -1.861450e+02 3.233429e+01
    endloop
  endfacet
  facet normal 6.810369e-04 4.403940e-01 -8.978043e-01
    outer loop
      vertex   -2.000000e+01 -1.860253e+02 3.238929e+01
      vertex   -1.510000e+01 -1.861450e+02 3.233429e+01
      vertex   -2.000000e+01 -1.862618e+02 3.227330e+01
    endloop
  endfacet
  facet normal -6.810369e-04 4.853018e-01 -8.743464e-01
    outer loop
      vertex   -2.000000e+01 -1.862618e+02 3.227330e+01
      vertex   -1.510000e+01 -1.861450e+02 3.233429e+01
      vertex   -1.510000e+01 -1.863753e+02 3.220648e+01
    endloop
  endfacet
  facet normal 6.810369e-04 5.289639e-01 -8.486441e-01
    outer loop
      vertex   -2.000000e+01 -1.862618e+02 3.227330e+01
      vertex   -1.510000e+01 -1.863753e+02 3.220648e+01
      vertex   -2.000000e+01 -1.864853e+02 3.213399e+01
    endloop
  endfacet
  facet normal -6.810369e-04 5.712681e-01 -8.207633e-01
    outer loop
      vertex   -2.000000e+01 -1.864853e+02 3.213399e+01
      vertex   -1.510000e+01 -1.863753e+02 3.220648e+01
      vertex   -1.510000e+01 -1.865915e+02 3.205602e+01
    endloop
  endfacet
  facet normal 6.810369e-04 6.121058e-01 -7.907756e-01
    outer loop
      vertex   -2.000000e+01 -1.864853e+02 3.213399e+01
      vertex   -1.510000e+01 -1.865915e+02 3.205602e+01
      vertex   -2.000000e+01 -1.866936e+02 3.197277e+01
    endloop
  endfacet
  facet normal -6.810369e-04 6.513723e-01 -7.587579e-01
    outer loop
      vertex   -2.000000e+01 -1.866936e+02 3.197277e+01
      vertex   -1.510000e+01 -1.865915e+02 3.205602e+01
      vertex   -1.510000e+01 -1.867913e+02 3.188446e+01
    endloop
  endfacet
  facet normal 6.810369e-04 6.889668e-01 -7.247926e-01
    outer loop
      vertex   -2.000000e+01 -1.866936e+02 3.197277e+01
      vertex   -1.510000e+01 -1.867913e+02 3.188446e+01
      vertex   -2.000000e+01 -1.868845e+02 3.179131e+01
    endloop
  endfacet
  facet normal -6.810369e-04 7.247926e-01 -6.889668e-01
    outer loop
      vertex   -2.000000e+01 -1.868845e+02 3.179131e+01
      vertex   -1.510000e+01 -1.867913e+02 3.188446e+01
      vertex   -1.510000e+01 -1.869728e+02 3.169357e+01
    endloop
  endfacet
  facet normal 6.810369e-04 7.587579e-01 -6.513723e-01
    outer loop
      vertex   -2.000000e+01 -1.868845e+02 3.179131e+01
      vertex   -1.510000e+01 -1.869728e+02 3.169357e+01
      vertex   -2.000000e+01 -1.870560e+02 3.159148e+01
    endloop
  endfacet
  facet normal -6.810369e-04 7.907756e-01 -6.121058e-01
    outer loop
      vertex   -2.000000e+01 -1.870560e+02 3.159148e+01
      vertex   -1.510000e+01 -1.869728e+02 3.169357e+01
      vertex   -1.510000e+01 -1.871340e+02 3.148530e+01
    endloop
  endfacet
  facet normal 6.810369e-04 8.207633e-01 -5.712681e-01
    outer loop
      vertex   -2.000000e+01 -1.870560e+02 3.159148e+01
      vertex   -1.510000e+01 -1.871340e+02 3.148530e+01
      vertex   -2.000000e+01 -1.872065e+02 3.137531e+01
    endloop
  endfacet
  facet normal -6.810369e-04 8.486441e-01 -5.289639e-01
    outer loop
      vertex   -2.000000e+01 -1.872065e+02 3.137531e+01
      vertex   -1.510000e+01 -1.871340e+02 3.148530e+01
      vertex   -1.510000e+01 -1.872733e+02 3.126179e+01
    endloop
  endfacet
  facet normal 6.810369e-04 8.743464e-01 -4.853018e-01
    outer loop
      vertex   -2.000000e+01 -1.872065e+02 3.137531e+01
      vertex   -1.510000e+01 -1.872733e+02 3.126179e+01
      vertex   -2.000000e+01 -1.873343e+02 3.114503e+01
    endloop
  endfacet
  facet normal -6.810369e-04 8.978043e-01 -4.403940e-01
    outer loop
      vertex   -2.000000e+01 -1.873343e+02 3.114503e+01
      vertex   -1.510000e+01 -1.872733e+02 3.126179e+01
      vertex   -1.510000e+01 -1.873893e+02 3.102533e+01
    endloop
  endfacet
  facet normal 6.810369e-04 9.189576e-01 -3.943558e-01
    outer loop
      vertex   -2.000000e+01 -1.873343e+02 3.114503e+01
      vertex   -1.510000e+01 -1.873893e+02 3.102533e+01
      vertex   -2.000000e+01 -1.874382e+02 3.090299e+01
    endloop
  endfacet
  facet normal -6.810369e-04 9.377519e-01 -3.473052e-01
    outer loop
      vertex   -2.000000e+01 -1.874382e+02 3.090299e+01
      vertex   -1.510000e+01 -1.873893e+02 3.102533e+01
      vertex   -1.510000e+01 -1.874808e+02 3.077834e+01
    endloop
  endfacet
  facet normal 6.810369e-04 9.541390e-01 -2.993631e-01
    outer loop
      vertex   -2.000000e+01 -1.874382e+02 3.090299e+01
      vertex   -1.510000e+01 -1.874808e+02 3.077834e+01
      vertex   -2.000000e+01 -1.875170e+02 3.065170e+01
    endloop
  endfacet
  facet normal -6.810369e-04 9.680769e-01 -2.506525e-01
    outer loop
      vertex   -2.000000e+01 -1.875170e+02 3.065170e+01
      vertex   -1.510000e+01 -1.874808e+02 3.077834e+01
      vertex   -1.510000e+01 -1.875468e+02 3.052338e+01
    endloop
  endfacet
  facet normal 6.810369e-04 9.795297e-01 -2.012985e-01
    outer loop
      vertex   -2.000000e+01 -1.875170e+02 3.065170e+01
      vertex   -1.510000e+01 -1.875468e+02 3.052338e+01
      vertex   -2.000000e+01 -1.875700e+02 3.039371e+01
    endloop
  endfacet
  facet normal -6.810369e-04 9.884681e-01 -1.514277e-01
    outer loop
      vertex   -2.000000e+01 -1.875700e+02 3.039371e+01
      vertex   -1.510000e+01 -1.875468e+02 3.052338e+01
      vertex   -1.510000e+01 -1.875867e+02 3.026304e+01
    endloop
  endfacet
  facet normal 6.810369e-04 9.948691e-01 -1.011683e-01
    outer loop
      vertex   -2.000000e+01 -1.875700e+02 3.039371e+01
      vertex   -1.510000e+01 -1.875867e+02 3.026304e+01
      vertex   -2.000000e+01 -1.875967e+02 3.013169e+01
    endloop
  endfacet
  facet normal -6.810369e-04 9.987163e-01 -5.064916e-02
    outer loop
      vertex   -2.000000e+01 -1.875967e+02 3.013169e+01
      vertex   -1.510000e+01 -1.875867e+02 3.026304e+01
      vertex   -1.510000e+01 -1.876000e+02 3.000000e+01
    endloop
  endfacet
  facet normal 6.810369e-04 9.999998e-01 0.000000e+00
    outer loop
      vertex   -2.000000e+01 -1.875967e+02 3.013169e+01
      vertex   -1.510000e+01 -1.876000e+02 3.000000e+01
      vertex   -2.000000e+01 -1.875967e+02 2.986831e+01
    endloop
  endfacet
  facet normal -6.810369e-04 9.987163e-01 5.064916e-02
    outer loop
      vertex   -2.000000e+01 -1.875967e+02 2.986831e+01
      vertex   -1.510000e+01 -1.876000e+02 3.000000e+01
      vertex   -1.510000e+01 -1.875867e+02 2.973696e+01
    endloop
  endfacet
  facet normal 6.810369e-04 9.948691e-01 1.011683e-01
    outer loop
      vertex   -2.000000e+01 -1.875967e+02 2.986831e+01
      vertex   -1.510000e+01 -1.875867e+02 2.973696e+01
      vertex   -2.000000e+01 -1.875700e+02 2.960629e+01
    endloop
  endfacet
  facet normal -6.810369e-04 9.884681e-01 1.514277e-01
    outer loop
      vertex   -2.000000e+01 -1.875700e+02 2.960629e+01
      vertex   -1.510000e+01 -1.875867e+02 2.973696e+01
      vertex   -1.510000e+01 -1.875468e+02 2.947662e+01
    endloop
  endfacet
  facet normal 6.810369e-04 9.795297e-01 2.012985e-01
    outer loop
      vertex   -2.000000e+01 -1.875700e+02 2.960629e+01
      vertex   -1.510000e+01 -1.875468e+02 2.947662e+01
      vertex   -2.000000e+01 -1.875170e+02 2.934830e+01
    endloop
  endfacet
  facet normal -6.810369e-04 9.680769e-01 2.506525e-01
    outer loop
      vertex   -2.000000e+01 -1.875170e+02 2.934830e+01
      vertex   -1.510000e+01 -1.875468e+02 2.947662e+01
      vertex   -1.510000e+01 -1.874808e+02 2.922166e+01
    endloop
  endfacet
  facet normal 6.810369e-04 9.541390e-01 2.993631e-01
    outer loop
      vertex   -2.000000e+01 -1.875170e+02 2.934830e+01
      vertex   -1.510000e+01 -1.874808e+02 2.922166e+01
      vertex   -2.000000e+01 -1.874382e+02 2.909701e+01
    endloop
  endfacet
  facet normal -6.810369e-04 9.377519e-01 3.473052e-01
    outer loop
      vertex   -2.000000e+01 -1.874382e+02 2.909701e+01
      vertex   -1.510000e+01 -1.874808e+02 2.922166e+01
      vertex   -1.510000e+01 -1.873893e+02 2.897468e+01
    endloop
  endfacet
  facet normal 6.810369e-04 9.189576e-01 3.943558e-01
    outer loop
      vertex   -2.000000e+01 -1.874382e+02 2.909701e+01
      vertex   -1.510000e+01 -1.873893e+02 2.897468e+01
      vertex   -2.000000e+01 -1.873343e+02 2.885498e+01
    endloop
  endfacet
  facet normal -6.810369e-04 8.978043e-01 4.403940e-01
    outer loop
      vertex   -2.000000e+01 -1.873343e+02 2.885498e+01
      vertex   -1.510000e+01 -1.873893e+02 2.897468e+01
      vertex   -1.510000e+01 -1.872733e+02 2.873822e+01
    endloop
  endfacet
  facet normal 6.810369e-04 8.743464e-01 4.853018e-01
    outer loop
      vertex   -2.000000e+01 -1.873343e+02 2.885498e+01
      vertex   -1.510000e+01 -1.872733e+02 2.873822e+01
      vertex   -2.000000e+01 -1.872065e+02 2.862469e+01
    endloop
  endfacet
  facet normal -6.810369e-04 8.486441e-01 5.289639e-01
    outer loop
      vertex   -2.000000e+01 -1.872065e+02 2.862469e+01
      vertex   -1.510000e+01 -1.872733e+02 2.873822e+01
      vertex   -1.510000e+01 -1.871340e+02 2.851470e+01
    endloop
  endfacet
  facet normal 6.810369e-04 8.207633e-01 5.712681e-01
    outer loop
      vertex   -2.000000e+01 -1.872065e+02 2.862469e+01
      vertex   -1.510000e+01 -1.871340e+02 2.851470e+01
      vertex   -2.000000e+01 -1.870560e+02 2.840852e+01
    endloop
  endfacet
  facet normal -6.810369e-04 7.907756e-01 6.121058e-01
    outer loop
      vertex   -2.000000e+01 -1.870560e+02 2.840852e+01
      vertex   -1.510000e+01 -1.871340e+02 2.851470e+01
      vertex   -1.510000e+01 -1.869728e+02 2.830643e+01
    endloop
  endfacet
  facet normal 6.810369e-04 7.587579e-01 6.513723e-01
    outer loop
      vertex   -2.000000e+01 -1.870560e+02 2.840852e+01
      vertex   -1.510000e+01 -1.869728e+02 2.830643e+01
      vertex   -2.000000e+01 -1.868845e+02 2.820869e+01
    endloop
  endfacet
  facet normal -6.810369e-04 7.247926e-01 6.889668e-01
    outer loop
      vertex   -2.000000e+01 -1.868845e+02 2.820869e+01
      vertex   -1.510000e+01 -1.869728e+02 2.830643e+01
      vertex   -1.510000e+01 -1.867913e+02 2.811554e+01
    endloop
  endfacet
  facet normal 6.810369e-04 6.889668e-01 7.247926e-01
    outer loop
      vertex   -2.000000e+01 -1.868845e+02 2.820869e+01
      vertex   -1.510000e+01 -1.867913e+02 2.811554e+01
      vertex   -2.000000e+01 -1.866936e+02 2.802723e+01
    endloop
  endfacet
  facet normal -6.810369e-04 6.513723e-01 7.587579e-01
    outer loop
      vertex   -2.000000e+01 -1.866936e+02 2.802723e+01
      vertex   -1.510000e+01 -1.867913e+02 2.811554e+01
      vertex   -1.510000e+01 -1.865915e+02 2.794398e+01
    endloop
  endfacet
  facet normal 6.810369e-04 6.121058e-01 7.907756e-01
    outer loop
      vertex   -2.000000e+01 -1.866936e+02 2.802723e+01
      vertex   -1.510000e+01 -1.865915e+02 2.794398e+01
      vertex   -2.000000e+01 -1.864853e+02 2.786602e+01
    endloop
  endfacet
  facet normal -6.810369e-04 5.712681e-01 8.207633e-01
    outer loop
      vertex   -2.000000e+01 -1.864853e+02 2.786602e+01
      vertex   -1.510000e+01 -1.865915e+02 2.794398e+01
      vertex   -1.510000e+01 -1.863753e+02 2.779353e+01
    endloop
  endfacet
  facet normal 6.810369e-04 5.289639e-01 8.486441e-01
    outer loop
      vertex   -2.000000e+01 -1.864853e+02 2.786602e+01
      vertex   -1.510000e+01 -1.863753e+02 2.779353e+01
      vertex   -2.000000e+01 -1.862618e+02 2.772670e+01
    endloop
  endfacet
  facet normal -6.810369e-04 4.853018e-01 8.743464e-01
    outer loop
      vertex   -2.000000e+01 -1.862618e+02 2.772670e+01
      vertex   -1.510000e+01 -1.863753e+02 2.779353e+01
      vertex   -1.510000e+01 -1.861450e+02 2.766571e+01
    endloop
  endfacet
  facet normal 6.810369e-04 4.403940e-01 8.978043e-01
    outer loop
      vertex   -2.000000e+01 -1.862618e+02 2.772670e+01
      vertex   -1.510000e+01 -1.861450e+02 2.766571e+01
      vertex   -2.000000e+01 -1.860253e+02 2.761071e+01
    endloop
  endfacet
  facet normal -6.810369e-04 3.943558e-01 9.189576e-01
    outer loop
      vertex   -2.000000e+01 -1.860253e+02 2.761071e+01
      vertex   -1.510000e+01 -1.861450e+02 2.766571e+01
      vertex   -1.510000e+01 -1.859030e+02 2.756184e+01
    endloop
  endfacet
  facet normal 6.810369e-04 3.473052e-01 9.377519e-01
    outer loop
      vertex   -2.000000e+01 -1.860253e+02 2.761071e+01
      vertex   -1.510000e+01 -1.859030e+02 2.756184e+01
      vertex   -2.000000e+01 -1.857783e+02 2.751924e+01
    endloop
  endfacet
  facet normal -6.810369e-04 2.993631e-01 9.541390e-01
    outer loop
      vertex   -2.000000e+01 -1.857783e+02 2.751924e+01
      vertex   -1.510000e+01 -1.859030e+02 2.756184e+01
      vertex   -1.510000e+01 -1.856517e+02 2.748300e+01
    endloop
  endfacet
  facet normal 6.810369e-04 2.506525e-01 9.680769e-01
    outer loop
      vertex   -2.000000e+01 -1.857783e+02 2.751924e+01
      vertex   -1.510000e+01 -1.856517e+02 2.748300e+01
      vertex   -2.000000e+01 -1.855234e+02 2.745322e+01
    endloop
  endfacet
  facet normal -6.810369e-04 2.012985e-01 9.795297e-01
    outer loop
      vertex   -2.000000e+01 -1.855234e+02 2.745322e+01
      vertex   -1.510000e+01 -1.856517e+02 2.748300e+01
      vertex   -1.510000e+01 -1.853937e+02 2.742998e+01
    endloop
  endfacet
  facet normal 6.810369e-04 1.514277e-01 9.884681e-01
    outer loop
      vertex   -2.000000e+01 -1.855234e+02 2.745322e+01
      vertex   -1.510000e+01 -1.853937e+02 2.742998e+01
      vertex   -2.000000e+01 -1.852630e+02 2.741334e+01
    endloop
  endfacet
  facet normal -6.810369e-04 1.011683e-01 9.948691e-01
    outer loop
      vertex   -2.000000e+01 -1.852630e+02 2.741334e+01
      vertex   -1.510000e+01 -1.853937e+02 2.742998e+01
      vertex   -1.510000e+01 -1.851317e+02 2.740334e+01
    endloop
  endfacet
  facet normal -0.000000e+00 -9.987165e-01 -5.064917e-02
    outer loop
      vertex   -1.020000e+01 -1.824133e+02 3.026304e+01
      vertex   -1.510000e+01 -1.824133e+02 3.026304e+01
      vertex   -1.020000e+01 -1.824000e+02 3.000000e+01
    endloop
  endfacet
  facet normal -0.000000e+00 -9.987165e-01 -5.064917e-02
    outer loop
      vertex   -1.020000e+01 -1.824000e+02 3.000000e+01
      vertex   -1.510000e+01 -1.824133e+02 3.026304e+01
      vertex   -1.510000e+01 -1.824000e+02 3.000000e+01
    endloop
  endfacet
  facet normal 0.000000e+00 -9.987165e-01 5.064917e-02
    outer loop
      vertex   -1.020000e+01 -1.824000e+02 3.000000e+01
      vertex   -1.510000e+01 -1.824000e+02 3.000000e+01
      vertex   -1.020000e+01 -1.824133e+02 2.973696e+01
    endloop
  endfacet
  facet normal 0.000000e+00 -9.987165e-01 5.064917e-02
    outer loop
      vertex   -1.020000e+01 -1.824133e+02 2.973696e+01
      vertex   -1.510000e+01 -1.824000e+02 3.000000e+01
      vertex   -1.510000e+01 -1.824133e+02 2.973696e+01
    endloop
  endfacet
  facet normal 0.000000e+00 -9.884683e-01 1.514278e-01
    outer loop
      vertex   -1.020000e+01 -1.824133e+02 2.973696e+01
      vertex   -1.510000e+01 -1.824133e+02 2.973696e+01
      vertex   -1.020000e+01 -1.824532e+02 2.947662e+01
    endloop
  endfacet
  facet normal 0.000000e+00 -9.884683e-01 1.514278e-01
    outer loop
      vertex   -1.020000e+01 -1.824532e+02 2.947662e+01
      vertex   -1.510000e+01 -1.824133e+02 2.973696e+01
      vertex   -1.510000e+01 -1.824532e+02 2.947662e+01
    endloop
  endfacet
  facet normal 0.000000e+00 -9.680771e-01 2.506525e-01
    outer loop
      vertex   -1.020000e+01 -1.824532e+02 2.947662e+01
      vertex   -1.510000e+01 -1.824532e+02 2.947662e+01
      vertex   -1.020000e+01 -1.825192e+02 2.922166e+01
    endloop
  endfacet
  facet normal -3.634680e-16 -9.680771e-01 2.506525e-01
    outer loop
      vertex   -1.020000e+01 -1.825192e+02 2.922166e+01
      vertex   -1.510000e+01 -1.824532e+02 2.947662e+01
      vertex   -1.510000e+01 -1.825192e+02 2.922166e+01
    endloop
  endfacet
  facet normal -5.036229e-16 -9.377521e-01 3.473053e-01
    outer loop
      vertex   -1.020000e+01 -1.825192e+02 2.922166e+01
      vertex   -1.510000e+01 -1.825192e+02 2.922166e+01
      vertex   -1.020000e+01 -1.826107e+02 2.897468e+01
    endloop
  endfacet
  facet normal -5.036229e-16 -9.377521e-01 3.473053e-01
    outer loop
      vertex   -1.020000e+01 -1.826107e+02 2.897468e+01
      vertex   -1.510000e+01 -1.825192e+02 2.922166e+01
      vertex   -1.510000e+01 -1.826107e+02 2.897468e+01
    endloop
  endfacet
  facet normal -6.386099e-16 -8.978045e-01 4.403942e-01
    outer loop
      vertex   -1.020000e+01 -1.826107e+02 2.897468e+01
      vertex   -1.510000e+01 -1.826107e+02 2.897468e+01
      vertex   -1.020000e+01 -1.827267e+02 2.873822e+01
    endloop
  endfacet
  facet normal 0.000000e+00 -8.978045e-01 4.403942e-01
    outer loop
      vertex   -1.020000e+01 -1.827267e+02 2.873822e+01
      vertex   -1.510000e+01 -1.826107e+02 2.897468e+01
      vertex   -1.510000e+01 -1.827267e+02 2.873822e+01
    endloop
  endfacet
  facet normal 0.000000e+00 -8.486443e-01 5.289640e-01
    outer loop
      vertex   -1.020000e+01 -1.827267e+02 2.873822e+01
      vertex   -1.510000e+01 -1.827267e+02 2.873822e+01
      vertex   -1.020000e+01 -1.828660e+02 2.851470e+01
    endloop
  endfacet
  facet normal 0.000000e+00 -8.486443e-01 5.289640e-01
    outer loop
      vertex   -1.020000e+01 -1.828660e+02 2.851470e+01
      vertex   -1.510000e+01 -1.827267e+02 2.873822e+01
      vertex   -1.510000e+01 -1.828660e+02 2.851470e+01
    endloop
  endfacet
  facet normal 0.000000e+00 -7.907757e-01 6.121060e-01
    outer loop
      vertex   -1.020000e+01 -1.828660e+02 2.851470e+01
      vertex   -1.510000e+01 -1.828660e+02 2.851470e+01
      vertex   -1.020000e+01 -1.830272e+02 2.830643e+01
    endloop
  endfacet
  facet normal 8.876071e-16 -7.907757e-01 6.121060e-01
    outer loop
      vertex   -1.020000e+01 -1.830272e+02 2.830643e+01
      vertex   -1.510000e+01 -1.828660e+02 2.851470e+01
      vertex   -1.510000e+01 -1.830272e+02 2.830643e+01
    endloop
  endfacet
  facet normal 9.990621e-16 -7.247928e-01 6.889669e-01
    outer loop
      vertex   -1.020000e+01 -1.830272e+02 2.830643e+01
      vertex   -1.510000e+01 -1.830272e+02 2.830643e+01
      vertex   -1.020000e+01 -1.832087e+02 2.811554e+01
    endloop
  endfacet
  facet normal 0.000000e+00 -7.247928e-01 6.889669e-01
    outer loop
      vertex   -1.020000e+01 -1.832087e+02 2.811554e+01
      vertex   -1.510000e+01 -1.830272e+02 2.830643e+01
      vertex   -1.510000e+01 -1.832087e+02 2.811554e+01
    endloop
  endfacet
  facet normal 0.000000e+00 -6.513725e-01 7.587581e-01
    outer loop
      vertex   -1.020000e+01 -1.832087e+02 2.811554e+01
      vertex   -1.510000e+01 -1.832087e+02 2.811554e+01
      vertex   -1.020000e+01 -1.834085e+02 2.794398e+01
    endloop
  endfacet
  facet normal 0.000000e+00 -6.513725e-01 7.587581e-01
    outer loop
      vertex   -1.020000e+01 -1.834085e+02 2.794398e+01
      vertex   -1.510000e+01 -1.832087e+02 2.811554e+01
      vertex   -1.510000e+01 -1.834085e+02 2.794398e+01
    endloop
  endfacet
  facet normal 0.000000e+00 -5.712682e-01 8.207634e-01
    outer loop
      vertex   -1.020000e+01 -1.834085e+02 2.794398e+01
      vertex   -1.510000e+01 -1.834085e+02 2.794398e+01
      vertex   -1.020000e+01 -1.836247e+02 2.779353e+01
    endloop
  endfacet
  facet normal 0.000000e+00 -5.712682e-01 8.207634e-01
    outer loop
      vertex   -1.020000e+01 -1.836247e+02 2.779353e+01
      vertex   -1.510000e+01 -1.834085e+02 2.794398e+01
      vertex   -1.510000e+01 -1.836247e+02 2.779353e+01
    endloop
  endfacet
  facet normal 0.000000e+00 -4.853020e-01 8.743466e-01
    outer loop
      vertex   -1.020000e+01 -1.836247e+02 2.779353e+01
      vertex   -1.510000e+01 -1.836247e+02 2.779353e+01
      vertex   -1.020000e+01 -1.838550e+02 2.766571e+01
    endloop
  endfacet
  facet normal 0.000000e+00 -4.853020e-01 8.743466e-01
    outer loop
      vertex   -1.020000e+01 -1.838550e+02 2.766571e+01
      vertex   -1.510000e+01 -1.836247e+02 2.779353e+01
      vertex   -1.510000e+01 -1.838550e+02 2.766571e+01
    endloop
  endfacet
  facet normal 0.000000e+00 -3.943559e-01 9.189578e-01
    outer loop
      vertex   -1.020000e+01 -1.838550e+02 2.766571e+01
      vertex   -1.510000e+01 -1.838550e+02 2.766571e+01
      vertex   -1.020000e+01 -1.840970e+02 2.756184e+01
    endloop
  endfacet
  facet normal 0.000000e+00 -3.943559e-01 9.189578e-01
    outer loop
      vertex   -1.020000e+01 -1.840970e+02 2.756184e+01
      vertex   -1.510000e+01 -1.838550e+02 2.766571e+01
      vertex   -1.510000e+01 -1.840970e+02 2.756184e+01
    endloop
  endfacet
  facet normal 0.000000e+00 -2.993631e-01 9.541393e-01
    outer loop
      vertex   -1.020000e+01 -1.840970e+02 2.756184e+01
      vertex   -1.510000e+01 -1.840970e+02 2.756184e+01
      vertex   -1.020000e+01 -1.843483e+02 2.748300e+01
    endloop
  endfacet
  facet normal 1.383585e-15 -2.993631e-01 9.541393e-01
    outer loop
      vertex   -1.020000e+01 -1.843483e+02 2.748300e+01
      vertex   -1.510000e+01 -1.840970e+02 2.756184e+01
      vertex   -1.510000e+01 -1.843483e+02 2.748300e+01
    endloop
  endfacet
  facet normal 1.420404e-15 -2.012985e-01 9.795299e-01
    outer loop
      vertex   -1.020000e+01 -1.843483e+02 2.748300e+01
      vertex   -1.510000e+01 -1.843483e+02 2.748300e+01
      vertex   -1.020000e+01 -1.846063e+02 2.742998e+01
    endloop
  endfacet
  facet normal 0.000000e+00 -2.012985e-01 9.795299e-01
    outer loop
      vertex   -1.020000e+01 -1.846063e+02 2.742998e+01
      vertex   -1.510000e+01 -1.843483e+02 2.748300e+01
      vertex   -1.510000e+01 -1.846063e+02 2.742998e+01
    endloop
  endfacet
  facet normal 0.000000e+00 -1.011683e-01 9.948693e-01
    outer loop
      vertex   -1.020000e+01 -1.846063e+02 2.742998e+01
      vertex   -1.510000e+01 -1.846063e+02 2.742998e+01
      vertex   -1.020000e+01 -1.848683e+02 2.740334e+01
    endloop
  endfacet
  facet normal 0.000000e+00 -1.011683e-01 9.948693e-01
    outer loop
      vertex   -1.020000e+01 -1.848683e+02 2.740334e+01
      vertex   -1.510000e+01 -1.846063e+02 2.742998e+01
      vertex   -1.510000e+01 -1.848683e+02 2.740334e+01
    endloop
  endfacet
  facet normal 0.000000e+00 0.000000e+00 1.000000e+00
    outer loop
      vertex   -1.020000e+01 -1.848683e+02 2.740334e+01
      vertex   -1.510000e+01 -1.848683e+02 2.740334e+01
      vertex   -1.020000e+01 -1.851317e+02 2.740334e+01
    endloop
  endfacet
  facet normal 0.000000e+00 0.000000e+00 1.000000e+00
    outer loop
      vertex   -1.020000e+01 -1.851317e+02 2.740334e+01
      vertex   -1.510000e+01 -1.848683e+02 2.740334e+01
      vertex   -1.510000e+01 -1.851317e+02 2.740334e+01
    endloop
  endfacet
  facet normal 0.000000e+00 1.011683e-01 9.948693e-01
    outer loop
      vertex   -1.020000e+01 -1.851317e+02 2.740334e+01
      vertex   -1.510000e+01 -1.851317e+02 2.740334e+01
      vertex   -1.020000e+01 -1.853937e+02 2.742998e+01
    endloop
  endfacet
  facet normal 0.000000e+00 1.011683e-01 9.948693e-01
    outer loop
      vertex   -1.020000e+01 -1.853937e+02 2.742998e+01
      vertex   -1.510000e+01 -1.851317e+02 2.740334e+01
      vertex   -1.510000e+01 -1.853937e+02 2.742998e+01
    endloop
  endfacet
  facet normal 0.000000e+00 2.012985e-01 9.795299e-01
    outer loop
      vertex   -1.020000e+01 -1.853937e+02 2.742998e+01
      vertex   -1.510000e+01 -1.853937e+02 2.742998e+01
      vertex   -1.020000e+01 -1.856517e+02 2.748300e+01
    endloop
  endfacet
  facet normal 1.420404e-15 2.012985e-01 9.795299e-01
    outer loop
      vertex   -1.020000e+01 -1.856517e+02 2.748300e+01
      vertex   -1.510000e+01 -1.853937e+02 2.742998e+01
      vertex   -1.510000e+01 -1.856517e+02 2.748300e+01
    endloop
  endfacet
  facet normal 1.383585e-15 2.993631e-01 9.541393e-01
    outer loop
      vertex   -1.020000e+01 -1.856517e+02 2.748300e+01
      vertex   -1.510000e+01 -1.856517e+02 2.748300e+01
      vertex   -1.020000e+01 -1.859030e+02 2.756184e+01
    endloop
  endfacet
  facet normal 0.000000e+00 2.993631e-01 9.541393e-01
    outer loop
      vertex   -1.020000e+01 -1.859030e+02 2.756184e+01
      vertex   -1.510000e+01 -1.856517e+02 2.748300e+01
      vertex   -1.510000e+01 -1.859030e+02 2.756184e+01
    endloop
  endfacet
  facet normal 0.000000e+00 3.943559e-01 9.189578e-01
    outer loop
      vertex   -1.020000e+01 -1.859030e+02 2.756184e+01
      vertex   -1.510000e+01 -1.859030e+02 2.756184e+01
      vertex   -1.020000e+01 -1.861450e+02 2.766571e+01
    endloop
  endfacet
  facet normal 0.000000e+00 3.943559e-01 9.189578e-01
    outer loop
      vertex   -1.020000e+01 -1.861450e+02 2.766571e+01
      vertex   -1.510000e+01 -1.859030e+02 2.756184e+01
      vertex   -1.510000e+01 -1.861450e+02 2.766571e+01
    endloop
  endfacet
  facet normal 0.000000e+00 4.853020e-01 8.743466e-01
    outer loop
      vertex   -1.020000e+01 -1.861450e+02 2.766571e+01
      vertex   -1.510000e+01 -1.861450e+02 2.766571e+01
      vertex   -1.020000e+01 -1.863753e+02 2.779353e+01
    endloop
  endfacet
  facet normal 0.000000e+00 4.853020e-01 8.743466e-01
    outer loop
      vertex   -1.020000e+01 -1.863753e+02 2.779353e+01
      vertex   -1.510000e+01 -1.861450e+02 2.766571e+01
      vertex   -1.510000e+01 -1.863753e+02 2.779353e+01
    endloop
  endfacet
  facet normal 0.000000e+00 5.712682e-01 8.207634e-01
    outer loop
      vertex   -1.020000e+01 -1.863753e+02 2.779353e+01
      vertex   -1.510000e+01 -1.863753e+02 2.779353e+01
      vertex   -1.020000e+01 -1.865915e+02 2.794398e+01
    endloop
  endfacet
  facet normal 0.000000e+00 5.712682e-01 8.207634e-01
    outer loop
      vertex   -1.020000e+01 -1.865915e+02 2.794398e+01
      vertex   -1.510000e+01 -1.863753e+02 2.779353e+01
      vertex   -1.510000e+01 -1.865915e+02 2.794398e+01
    endloop
  endfacet
  facet normal 0.000000e+00 6.513725e-01 7.587581e-01
    outer loop
      vertex   -1.020000e+01 -1.865915e+02 2.794398e+01
      vertex   -1.510000e+01 -1.865915e+02 2.794398e+01
      vertex   -1.020000e+01 -1.867913e+02 2.811554e+01
    endloop
  endfacet
  facet normal 0.000000e+00 6.513725e-01 7.587581e-01
    outer loop
      vertex   -1.020000e+01 -1.867913e+02 2.811554e+01
      vertex   -1.510000e+01 -1.865915e+02 2.794398e+01
      vertex   -1.510000e+01 -1.867913e+02 2.811554e+01
    endloop
  endfacet
  facet normal 0.000000e+00 7.247928e-01 6.889669e-01
    outer loop
      vertex   -1.020000e+01 -1.867913e+02 2.811554e+01
      vertex   -1.510000e+01 -1.867913e+02 2.811554e+01
      vertex   -1.020000e+01 -1.869728e+02 2.830643e+01
    endloop
  endfacet
  facet normal 9.990621e-16 7.247928e-01 6.889669e-01
    outer loop
      vertex   -1.020000e+01 -1.869728e+02 2.830643e+01
      vertex   -1.510000e+01 -1.867913e+02 2.811554e+01
      vertex   -1.510000e+01 -1.869728e+02 2.830643e+01
    endloop
  endfacet
  facet normal 8.876071e-16 7.907757e-01 6.121060e-01
    outer loop
      vertex   -1.020000e+01 -1.869728e+02 2.830643e+01
      vertex   -1.510000e+01 -1.869728e+02 2.830643e+01
      vertex   -1.020000e+01 -1.871340e+02 2.851470e+01
    endloop
  endfacet
  facet normal 0.000000e+00 7.907757e-01 6.121060e-01
    outer loop
      vertex   -1.020000e+01 -1.871340e+02 2.851470e+01
      vertex   -1.510000e+01 -1.869728e+02 2.830643e+01
      vertex   -1.510000e+01 -1.871340e+02 2.851470e+01
    endloop
  endfacet
  facet normal 0.000000e+00 8.486443e-01 5.289640e-01
    outer loop
      vertex   -1.020000e+01 -1.871340e+02 2.851470e+01
      vertex   -1.510000e+01 -1.871340e+02 2.851470e+01
      vertex   -1.020000e+01 -1.872733e+02 2.873822e+01
    endloop
  endfacet
  facet normal 0.000000e+00 8.486443e-01 5.289640e-01
    outer loop
      vertex   -1.020000e+01 -1.872733e+02 2.873822e+01
      vertex   -1.510000e+01 -1.871340e+02 2.851470e+01
      vertex   -1.510000e+01 -1.872733e+02 2.873822e+01
    endloop
  endfacet
  facet normal 0.000000e+00 8.978045e-01 4.403942e-01
    outer loop
      vertex   -1.020000e+01 -1.872733e+02 2.873822e+01
      vertex   -1.510000e+01 -1.872733e+02 2.873822e+01
      vertex   -1.020000e+01 -1.873893e+02 2.897468e+01
    endloop
  endfacet
  facet normal -6.386099e-16 8.978045e-01 4.403942e-01
    outer loop
      vertex   -1.020000e+01 -1.873893e+02 2.897468e+01
      vertex   -1.510000e+01 -1.872733e+02 2.873822e+01
      vertex   -1.510000e+01 -1.873893e+02 2.897468e+01
    endloop
  endfacet
  facet normal -5.036229e-16 9.377521e-01 3.473053e-01
    outer loop
      vertex   -1.020000e+01 -1.873893e+02 2.897468e+01
      vertex   -1.510000e+01 -1.873893e+02 2.897468e+01
      vertex   -1.020000e+01 -1.874808e+02 2.922166e+01
    endloop
  endfacet
  facet normal 0.000000e+00 9.377521e-01 3.473053e-01
    outer loop
      vertex   -1.020000e+01 -1.874808e+02 2.922166e+01
      vertex   -1.510000e+01 -1.873893e+02 2.897468e+01
      vertex   -1.510000e+01 -1.874808e+02 2.922166e+01
    endloop
  endfacet
  facet normal 0.000000e+00 9.680771e-01 2.506525e-01
    outer loop
      vertex   -1.020000e+01 -1.874808e+02 2.922166e+01
      vertex   -1.510000e+01 -1.874808e+02 2.922166e+01
      vertex   -1.020000e+01 -1.875468e+02 2.947662e+01
    endloop
  endfacet
  facet normal 0.000000e+00 9.680771e-01 2.506525e-01
    outer loop
      vertex   -1.020000e+01 -1.875468e+02 2.947662e+01
      vertex   -1.510000e+01 -1.874808e+02 2.922166e+01
      vertex   -1.510000e+01 -1.875468e+02 2.947662e+01
    endloop
  endfacet
  facet normal 0.000000e+00 9.884683e-01 1.514278e-01
    outer loop
      vertex   -1.020000e+01 -1.875468e+02 2.947662e+01
      vertex   -1.510000e+01 -1.875468e+02 2.947662e+01
      vertex   -1.020000e+01 -1.875867e+02 2.973696e+01
    endloop
  endfacet
  facet normal 0.000000e+00 9.884683e-01 1.514278e-01
    outer loop
      vertex   -1.020000e+01 -1.875867e+02 2.973696e+01
      vertex   -1.510000e+01 -1.875468e+02 2.947662e+01
      vertex   -1.510000e+01 -1.875867e+02 2.973696e+01
    endloop
  endfacet
  facet normal 0.000000e+00 9.987165e-01 5.064917e-02
    outer loop
      vertex   -1.020000e+01 -1.875867e+02 2.973696e+01
      vertex   -1.510000e+01 -1.875867e+02 2.973696e+01
      vertex   -1.020000e+01 -1.876000e+02 3.000000e+01
    endloop
  endfacet
  facet normal 0.000000e+00 9.987165e-01 5.064917e-02
    outer loop
      vertex   -1.020000e+01 -1.876000e+02 3.000000e+01
      vertex   -1.510000e+01 -1.875867e+02 2.973696e+01
      vertex   -1.510000e+01 -1.876000e+02 3.000000e+01
    endloop
  endfacet
  facet normal 0.000000e+00 9.987165e-01 -5.064917e-02
    outer loop
      vertex   -1.020000e+01 -1.876000e+02 3.000000e+01
      vertex   -1.510000e+01 -1.876000e+02 3.000000e+01
      vertex   -1.020000e+01 -1.875867e+02 3.026304e+01
    endloop
  endfacet
  facet normal 0.000000e+00 9.987165e-01 -5.064917e-02
    outer loop
      vertex   -1.020000e+01 -1.875867e+02 3.026304e+01
      vertex   -1.510000e+01 -1.876000e+02 3.000000e+01
      vertex   -1.510000e+01 -1.875867e+02 3.026304e+01
    endloop
  endfacet
  facet normal 0.000000e+00 9.884683e-01 -1.514278e-01
    outer loop
      vertex   -1.020000e+01 -1.875867e+02 3.026304e+01
      vertex   -1.510000e+01 -1.875867e+02 3.026304e+01
      vertex   -1.020000e+01 -1.875468e+02 3.052338e+01
    endloop
  endfacet
  facet normal 2.195835e-16 9.884683e-01 -1.514278e-01
    outer loop
      vertex   -1.020000e+01 -1.875468e+02 3.052338e+01
      vertex   -1.510000e+01 -1.875867e+02 3.026304e+01
      vertex   -1.510000e+01 -1.875468e+02 3.052338e+01
    endloop
  endfacet
  facet normal 3.634680e-16 9.680771e-01 -2.506525e-01
    outer loop
      vertex   -1.020000e+01 -1.875468e+02 3.052338e+01
      vertex   -1.510000e+01 -1.875468e+02 3.052338e+01
      vertex   -1.020000e+01 -1.874808e+02 3.077834e+01
    endloop
  endfacet
  facet normal 0.000000e+00 9.680771e-01 -2.506525e-01
    outer loop
      vertex   -1.020000e+01 -1.874808e+02 3.077834e+01
      vertex   -1.510000e+01 -1.875468e+02 3.052338e+01
      vertex   -1.510000e+01 -1.874808e+02 3.077834e+01
    endloop
  endfacet
  facet normal 0.000000e+00 9.377521e-01 -3.473053e-01
    outer loop
      vertex   -1.020000e+01 -1.874808e+02 3.077834e+01
      vertex   -1.510000e+01 -1.874808e+02 3.077834e+01
      vertex   -1.020000e+01 -1.873893e+02 3.102533e+01
    endloop
  endfacet
  facet normal 0.000000e+00 9.377521e-01 -3.473053e-01
    outer loop
      vertex   -1.020000e+01 -1.873893e+02 3.102533e+01
      vertex   -1.510000e+01 -1.874808e+02 3.077834e+01
      vertex   -1.510000e+01 -1.873893e+02 3.102533e+01
    endloop
  endfacet
  facet normal 0.000000e+00 8.978045e-01 -4.403942e-01
    outer loop
      vertex   -1.020000e+01 -1.873893e+02 3.102533e+01
      vertex   -1.510000e+01 -1.873893e+02 3.102533e+01
      vertex   -1.020000e+01 -1.872733e+02 3.126179e+01
    endloop
  endfacet
  facet normal 0.000000e+00 8.978045e-01 -4.403942e-01
    outer loop
      vertex   -1.020000e+01 -1.872733e+02 3.126179e+01
      vertex   -1.510000e+01 -1.873893e+02 3.102533e+01
      vertex   -1.510000e+01 -1.872733e+02 3.126179e+01
    endloop
  endfacet
  facet normal 0.000000e+00 8.486443e-01 -5.289640e-01
    outer loop
      vertex   -1.020000e+01 -1.872733e+02 3.126179e+01
      vertex   -1.510000e+01 -1.872733e+02 3.126179e+01
      vertex   -1.020000e+01 -1.871340e+02 3.148530e+01
    endloop
  endfacet
  facet normal 0.000000e+00 8.486443e-01 -5.289640e-01
    outer loop
      vertex   -1.020000e+01 -1.871340e+02 3.148530e+01
      vertex   -1.510000e+01 -1.872733e+02 3.126179e+01
      vertex   -1.510000e+01 -1.871340e+02 3.148530e+01
    endloop
  endfacet
  facet normal 0.000000e+00 7.907757e-01 -6.121060e-01
    outer loop
      vertex   -1.020000e+01 -1.871340e+02 3.148530e+01
      vertex   -1.510000e+01 -1.871340e+02 3.148530e+01
      vertex   -1.020000e+01 -1.869728e+02 3.169357e+01
    endloop
  endfacet
  facet normal 4.438035e-16 7.907757e-01 -6.121060e-01
    outer loop
      vertex   -1.020000e+01 -1.869728e+02 3.169357e+01
      vertex   -1.510000e+01 -1.871340e+02 3.148530e+01
      vertex   -1.510000e+01 -1.869728e+02 3.169357e+01
    endloop
  endfacet
  facet normal 4.995311e-16 7.247928e-01 -6.889669e-01
    outer loop
      vertex   -1.020000e+01 -1.869728e+02 3.169357e+01
      vertex   -1.510000e+01 -1.869728e+02 3.169357e+01
      vertex   -1.020000e+01 -1.867913e+02 3.188446e+01
    endloop
  endfacet
  facet normal 0.000000e+00 7.247928e-01 -6.889669e-01
    outer loop
      vertex   -1.020000e+01 -1.867913e+02 3.188446e+01
      vertex   -1.510000e+01 -1.869728e+02 3.169357e+01
      vertex   -1.510000e+01 -1.867913e+02 3.188446e+01
    endloop
  endfacet
  facet normal 0.000000e+00 6.513725e-01 -7.587581e-01
    outer loop
      vertex   -1.020000e+01 -1.867913e+02 3.188446e+01
      vertex   -1.510000e+01 -1.867913e+02 3.188446e+01
      vertex   -1.020000e+01 -1.865915e+02 3.205602e+01
    endloop
  endfacet
  facet normal 0.000000e+00 6.513725e-01 -7.587581e-01
    outer loop
      vertex   -1.020000e+01 -1.865915e+02 3.205602e+01
      vertex   -1.510000e+01 -1.867913e+02 3.188446e+01
      vertex   -1.510000e+01 -1.865915e+02 3.205602e+01
    endloop
  endfacet
  facet normal 0.000000e+00 5.712682e-01 -8.207634e-01
    outer loop
      vertex   -1.020000e+01 -1.865915e+02 3.205602e+01
      vertex   -1.510000e+01 -1.865915e+02 3.205602e+01
      vertex   -1.020000e+01 -1.863753e+02 3.220648e+01
    endloop
  endfacet
  facet normal 0.000000e+00 5.712682e-01 -8.207634e-01
    outer loop
      vertex   -1.020000e+01 -1.863753e+02 3.220648e+01
      vertex   -1.510000e+01 -1.865915e+02 3.205602e+01
      vertex   -1.510000e+01 -1.863753e+02 3.220648e+01
    endloop
  endfacet
  facet normal 0.000000e+00 4.853020e-01 -8.743466e-01
    outer loop
      vertex   -1.020000e+01 -1.863753e+02 3.220648e+01
      vertex   -1.510000e+01 -1.863753e+02 3.220648e+01
      vertex   -1.020000e+01 -1.861450e+02 3.233429e+01
    endloop
  endfacet
  facet normal 0.000000e+00 4.853020e-01 -8.743466e-01
    outer loop
      vertex   -1.020000e+01 -1.861450e+02 3.233429e+01
      vertex   -1.510000e+01 -1.863753e+02 3.220648e+01
      vertex   -1.510000e+01 -1.861450e+02 3.233429e+01
    endloop
  endfacet
  facet normal 0.000000e+00 3.943559e-01 -9.189578e-01
    outer loop
      vertex   -1.020000e+01 -1.861450e+02 3.233429e+01
      vertex   -1.510000e+01 -1.861450e+02 3.233429e+01
      vertex   -1.020000e+01 -1.859030e+02 3.243816e+01
    endloop
  endfacet
  facet normal 0.000000e+00 3.943559e-01 -9.189578e-01
    outer loop
      vertex   -1.020000e+01 -1.859030e+02 3.243816e+01
      vertex   -1.510000e+01 -1.861450e+02 3.233429e+01
      vertex   -1.510000e+01 -1.859030e+02 3.243816e+01
    endloop
  endfacet
  facet normal 0.000000e+00 2.993631e-01 -9.541393e-01
    outer loop
      vertex   -1.020000e+01 -1.859030e+02 3.243816e+01
      vertex   -1.510000e+01 -1.859030e+02 3.243816e+01
      vertex   -1.020000e+01 -1.856517e+02 3.251700e+01
    endloop
  endfacet
  facet normal 1.383585e-15 2.993631e-01 -9.541393e-01
    outer loop
      vertex   -1.020000e+01 -1.856517e+02 3.251700e+01
      vertex   -1.510000e+01 -1.859030e+02 3.243816e+01
      vertex   -1.510000e+01 -1.856517e+02 3.251700e+01
    endloop
  endfacet
  facet normal 1.420404e-15 2.012985e-01 -9.795299e-01
    outer loop
      vertex   -1.020000e+01 -1.856517e+02 3.251700e+01
      vertex   -1.510000e+01 -1.856517e+02 3.251700e+01
      vertex   -1.020000e+01 -1.853937e+02 3.257002e+01
    endloop
  endfacet
  facet normal 0.000000e+00 2.012985e-01 -9.795299e-01
    outer loop
      vertex   -1.020000e+01 -1.853937e+02 3.257002e+01
      vertex   -1.510000e+01 -1.856517e+02 3.251700e+01
      vertex   -1.510000e+01 -1.853937e+02 3.257002e+01
    endloop
  endfacet
  facet normal 0.000000e+00 1.011683e-01 -9.948693e-01
    outer loop
      vertex   -1.020000e+01 -1.853937e+02 3.257002e+01
      vertex   -1.510000e+01 -1.853937e+02 3.257002e+01
      vertex   -1.020000e+01 -1.851317e+02 3.259666e+01
    endloop
  endfacet
  facet normal 0.000000e+00 1.011683e-01 -9.948693e-01
    outer loop
      vertex   -1.020000e+01 -1.851317e+02 3.259666e+01
      vertex   -1.510000e+01 -1.853937e+02 3.257002e+01
      vertex   -1.510000e+01 -1.851317e+02 3.259666e+01
    endloop
  endfacet
  facet normal 0.000000e+00 0.000000e+00 -1.000000e+00
    outer loop
      vertex   -1.020000e+01 -1.851317e+02 3.259666e+01
      vertex   -1.510000e+01 -1.851317e+02 3.259666e+01
      vertex   -1.020000e+01 -1.848683e+02 3.259666e+01
    endloop
  endfacet
  facet normal -0.000000e+00 0.000000e+00 -1.000000e+00
    outer loop
      vertex   -1.020000e+01 -1.848683e+02 3.259666e+01
      vertex   -1.510000e+01 -1.851317e+02 3.259666e+01
      vertex   -1.510000e+01 -1.848683e+02 3.259666e+01
    endloop
  endfacet
  facet normal -0.000000e+00 -1.011683e-01 -9.948693e-01
    outer loop
      vertex   -1.020000e+01 -1.848683e+02 3.259666e+01
      vertex   -1.510000e+01 -1.848683e+02 3.259666e+01
      vertex   -1.020000e+01 -1.846063e+02 3.257002e+01
    endloop
  endfacet
  facet normal -0.000000e+00 -1.011683e-01 -9.948693e-01
    outer loop
      vertex   -1.020000e+01 -1.846063e+02 3.257002e+01
      vertex   -1.510000e+01 -1.848683e+02 3.259666e+01
      vertex   -1.510000e+01 -1.846063e+02 3.257002e+01
    endloop
  endfacet
  facet normal -0.000000e+00 -2.012985e-01 -9.795299e-01
    outer loop
      vertex   -1.020000e+01 -1.846063e+02 3.257002e+01
      vertex   -1.510000e+01 -1.846063e+02 3.257002e+01
      vertex   -1.020000e+01 -1.843483e+02 3.251700e+01
    endloop
  endfacet
  facet normal 1.420404e-15 -2.012985e-01 -9.795299e-01
    outer loop
      vertex   -1.020000e+01 -1.843483e+02 3.251700e+01
      vertex   -1.510000e+01 -1.846063e+02 3.257002e+01
      vertex   -1.510000e+01 -1.843483e+02 3.251700e+01
    endloop
  endfacet
  facet normal 1.383585e-15 -2.993631e-01 -9.541393e-01
    outer loop
      vertex   -1.020000e+01 -1.843483e+02 3.251700e+01
      vertex   -1.510000e+01 -1.843483e+02 3.251700e+01
      vertex   -1.020000e+01 -1.840970e+02 3.243816e+01
    endloop
  endfacet
  facet normal -0.000000e+00 -2.993631e-01 -9.541393e-01
    outer loop
      vertex   -1.020000e+01 -1.840970e+02 3.243816e+01
      vertex   -1.510000e+01 -1.843483e+02 3.251700e+01
      vertex   -1.510000e+01 -1.840970e+02 3.243816e+01
    endloop
  endfacet
  facet normal -0.000000e+00 -3.943559e-01 -9.189578e-01
    outer loop
      vertex   -1.020000e+01 -1.840970e+02 3.243816e+01
      vertex   -1.510000e+01 -1.840970e+02 3.243816e+01
      vertex   -1.020000e+01 -1.838550e+02 3.233429e+01
    endloop
  endfacet
  facet normal -0.000000e+00 -3.943559e-01 -9.189578e-01
    outer loop
      vertex   -1.020000e+01 -1.838550e+02 3.233429e+01
      vertex   -1.510000e+01 -1.840970e+02 3.243816e+01
      vertex   -1.510000e+01 -1.838550e+02 3.233429e+01
    endloop
  endfacet
  facet normal -0.000000e+00 -4.853020e-01 -8.743466e-01
    outer loop
      vertex   -1.020000e+01 -1.838550e+02 3.233429e+01
      vertex   -1.510000e+01 -1.838550e+02 3.233429e+01
      vertex   -1.020000e+01 -1.836247e+02 3.220648e+01
    endloop
  endfacet
  facet normal -0.000000e+00 -4.853020e-01 -8.743466e-01
    outer loop
      vertex   -1.020000e+01 -1.836247e+02 3.220648e+01
      vertex   -1.510000e+01 -1.838550e+02 3.233429e+01
      vertex   -1.510000e+01 -1.836247e+02 3.220648e+01
    endloop
  endfacet
  facet normal -0.000000e+00 -5.712682e-01 -8.207634e-01
    outer loop
      vertex   -1.020000e+01 -1.836247e+02 3.220648e+01
      vertex   -1.510000e+01 -1.836247e+02 3.220648e+01
      vertex   -1.020000e+01 -1.834085e+02 3.205602e+01
    endloop
  endfacet
  facet normal -0.000000e+00 -5.712682e-01 -8.207634e-01
    outer loop
      vertex   -1.020000e+01 -1.834085e+02 3.205602e+01
      vertex   -1.510000e+01 -1.836247e+02 3.220648e+01
      vertex   -1.510000e+01 -1.834085e+02 3.205602e+01
    endloop
  endfacet
  facet normal -0.000000e+00 -6.513725e-01 -7.587581e-01
    outer loop
      vertex   -1.020000e+01 -1.834085e+02 3.205602e+01
      vertex   -1.510000e+01 -1.834085e+02 3.205602e+01
      vertex   -1.020000e+01 -1.832087e+02 3.188446e+01
    endloop
  endfacet
  facet normal -0.000000e+00 -6.513725e-01 -7.587581e-01
    outer loop
      vertex   -1.020000e+01 -1.832087e+02 3.188446e+01
      vertex   -1.510000e+01 -1.834085e+02 3.205602e+01
      vertex   -1.510000e+01 -1.832087e+02 3.188446e+01
    endloop
  endfacet
  facet normal -0.000000e+00 -7.247928e-01 -6.889669e-01
    outer loop
      vertex   -1.020000e+01 -1.832087e+02 3.188446e+01
      vertex   -1.510000e+01 -1.832087e+02 3.188446e+01
      vertex   -1.020000e+01 -1.830272e+02 3.169357e+01
    endloop
  endfacet
  facet normal 4.995311e-16 -7.247928e-01 -6.889669e-01
    outer loop
      vertex   -1.020000e+01 -1.830272e+02 3.169357e+01
      vertex   -1.510000e+01 -1.832087e+02 3.188446e+01
      vertex   -1.510000e+01 -1.830272e+02 3.169357e+01
    endloop
  endfacet
  facet normal 4.438035e-16 -7.907757e-01 -6.121060e-01
    outer loop
      vertex   -1.020000e+01 -1.830272e+02 3.169357e+01
      vertex   -1.510000e+01 -1.830272e+02 3.169357e+01
      vertex   -1.020000e+01 -1.828660e+02 3.148530e+01
    endloop
  endfacet
  facet normal -0.000000e+00 -7.907757e-01 -6.121060e-01
    outer loop
      vertex   -1.020000e+01 -1.828660e+02 3.148530e+01
      vertex   -1.510000e+01 -1.830272e+02 3.169357e+01
      vertex   -1.510000e+01 -1.828660e+02 3.148530e+01
    endloop
  endfacet
  facet normal -0.000000e+00 -8.486443e-01 -5.289640e-01
    outer loop
      vertex   -1.020000e+01 -1.828660e+02 3.148530e+01
      vertex   -1.510000e+01 -1.828660e+02 3.148530e+01
      vertex   -1.020000e+01 -1.827267e+02 3.126179e+01
    endloop
  endfacet
  facet normal -0.000000e+00 -8.486443e-01 -5.289640e-01
    outer loop
      vertex   -1.020000e+01 -1.827267e+02 3.126179e+01
      vertex   -1.510000e+01 -1.828660e+02 3.148530e+01
      vertex   -1.510000e+01 -1.827267e+02 3.126179e+01
    endloop
  endfacet
  facet normal -0.000000e+00 -8.978045e-01 -4.403942e-01
    outer loop
      vertex   -1.020000e+01 -1.827267e+02 3.126179e+01
      vertex   -1.510000e+01 -1.827267e+02 3.126179e+01
      vertex   -1.020000e+01 -1.826107e+02 3.102533e+01
    endloop
  endfacet
  facet normal -0.000000e+00 -8.978045e-01 -4.403942e-01
    outer loop
      vertex   -1.020000e+01 -1.826107e+02 3.102533e+01
      vertex   -1.510000e+01 -1.827267e+02 3.126179e+01
      vertex   -1.510000e+01 -1.826107e+02 3.102533e+01
    endloop
  endfacet
  facet normal -0.000000e+00 -9.377521e-01 -3.473053e-01
    outer loop
      vertex   -1.020000e+01 -1.826107e+02 3.102533e+01
      vertex   -1.510000e+01 -1.826107e+02 3.102533e+01
      vertex   -1.020000e+01 -1.825192e+02 3.077834e+01
    endloop
  endfacet
  facet normal -0.000000e+00 -9.377521e-01 -3.473053e-01
    outer loop
      vertex   -1.020000e+01 -1.825192e+02 3.077834e+01
      vertex   -1.510000e+01 -1.826107e+02 3.102533e+01
      vertex   -1.510000e+01 -1.825192e+02 3.077834e+01
    endloop
  endfacet
  facet normal -0.000000e+00 -9.680771e-01 -2.506525e-01
    outer loop
      vertex   -1.020000e+01 -1.825192e+02 3.077834e+01
      vertex   -1.510000e+01 -1.825192e+02 3.077834e+01
      vertex   -1.020000e+01 -1.824532e+02 3.052338e+01
    endloop
  endfacet
  facet normal -0.000000e+00 -9.680771e-01 -2.506525e-01
    outer loop
      vertex   -1.020000e+01 -1.824532e+02 3.052338e+01
      vertex   -1.510000e+01 -1.825192e+02 3.077834e+01
      vertex   -1.510000e+01 -1.824532e+02 3.052338e+01
    endloop
  endfacet
  facet normal -0.000000e+00 -9.884683e-01 -1.514278e-01
    outer loop
      vertex   -1.020000e+01 -1.824532e+02 3.052338e+01
      vertex   -1.510000e+01 -1.824532e+02 3.052338e+01
      vertex   -1.020000e+01 -1.824133e+02 3.026304e+01
    endloop
  endfacet
  facet normal -0.000000e+00 -9.884683e-01 -1.514278e-01
    outer loop
      vertex   -1.020000e+01 -1.824133e+02 3.026304e+01
      vertex   -1.510000e+01 -1.824532e+02 3.052338e+01
      vertex   -1.510000e+01 -1.824133e+02 3.026304e+01
    endloop
  endfacet
  facet normal 3.672286e-17 -9.987165e-01 -5.064917e-02
    outer loop
      vertex   2.000000e+01 -1.824133e+02 3.026304e+01
      vertex   1.510000e+01 -1.824133e+02 3.026304e+01
      vertex   2.000000e+01 -1.824000e+02 3.000000e+01
    endloop
  endfacet
  facet normal 3.672286e-17 -9.987165e-01 -5.064917e-02
    outer loop
      vertex   2.000000e+01 -1.824000e+02 3.000000e+01
      vertex   1.510000e+01 -1.824133e+02 3.026304e+01
      vertex   1.510000e+01 -1.824000e+02 3.000000e+01
    endloop
  endfacet
  facet normal -3.672286e-17 -9.987165e-01 5.064917e-02
    outer loop
      vertex   2.000000e+01 -1.824000e+02 3.000000e+01
      vertex   1.510000e+01 -1.824000e+02 3.000000e+01
      vertex   2.000000e+01 -1.824133e+02 2.973696e+01
    endloop
  endfacet
  facet normal -3.672286e-17 -9.987165e-01 5.064917e-02
    outer loop
      vertex   2.000000e+01 -1.824133e+02 2.973696e+01
      vertex   1.510000e+01 -1.824000e+02 3.000000e+01
      vertex   1.510000e+01 -1.824133e+02 2.973696e+01
    endloop
  endfacet
  facet normal -1.097917e-16 -9.884683e-01 1.514278e-01
    outer loop
      vertex   2.000000e+01 -1.824133e+02 2.973696e+01
      vertex   1.510000e+01 -1.824133e+02 2.973696e+01
      vertex   2.000000e+01 -1.824532e+02 2.947662e+01
    endloop
  endfacet
  facet normal -1.097917e-16 -9.884683e-01 1.514278e-01
    outer loop
      vertex   2.000000e+01 -1.824532e+02 2.947662e+01
      vertex   1.510000e+01 -1.824133e+02 2.973696e+01
      vertex   1.510000e+01 -1.824532e+02 2.947662e+01
    endloop
  endfacet
  facet normal -1.817340e-16 -9.680771e-01 2.506525e-01
    outer loop
      vertex   2.000000e+01 -1.824532e+02 2.947662e+01
      vertex   1.510000e+01 -1.824532e+02 2.947662e+01
      vertex   2.000000e+01 -1.825192e+02 2.922166e+01
    endloop
  endfacet
  facet normal -3.634680e-16 -9.680771e-01 2.506525e-01
    outer loop
      vertex   2.000000e+01 -1.825192e+02 2.922166e+01
      vertex   1.510000e+01 -1.824532e+02 2.947662e+01
      vertex   1.510000e+01 -1.825192e+02 2.922166e+01
    endloop
  endfacet
  facet normal -5.036229e-16 -9.377521e-01 3.473053e-01
    outer loop
      vertex   2.000000e+01 -1.825192e+02 2.922166e+01
      vertex   1.510000e+01 -1.825192e+02 2.922166e+01
      vertex   2.000000e+01 -1.826107e+02 2.897468e+01
    endloop
  endfacet
  facet normal -2.518115e-16 -9.377521e-01 3.473053e-01
    outer loop
      vertex   2.000000e+01 -1.826107e+02 2.897468e+01
      vertex   1.510000e+01 -1.825192e+02 2.922166e+01
      vertex   1.510000e+01 -1.826107e+02 2.897468e+01
    endloop
  endfacet
  facet normal -3.193050e-16 -8.978045e-01 4.403942e-01
    outer loop
      vertex   2.000000e+01 -1.826107e+02 2.897468e+01
      vertex   1.510000e+01 -1.826107e+02 2.897468e+01
      vertex   2.000000e+01 -1.827267e+02 2.873822e+01
    endloop
  endfacet
  facet normal -3.193050e-16 -8.978045e-01 4.403942e-01
    outer loop
      vertex   2.000000e+01 -1.827267e+02 2.873822e+01
      vertex   1.510000e+01 -1.826107e+02 2.897468e+01
      vertex   1.510000e+01 -1.827267e+02 2.873822e+01
    endloop
  endfacet
  facet normal -3.835220e-16 -8.486443e-01 5.289640e-01
    outer loop
      vertex   2.000000e+01 -1.827267e+02 2.873822e+01
      vertex   1.510000e+01 -1.827267e+02 2.873822e+01
      vertex   2.000000e+01 -1.828660e+02 2.851470e+01
    endloop
  endfacet
  facet normal -3.835220e-16 -8.486443e-01 5.289640e-01
    outer loop
      vertex   2.000000e+01 -1.828660e+02 2.851470e+01
      vertex   1.510000e+01 -1.827267e+02 2.873822e+01
      vertex   1.510000e+01 -1.828660e+02 2.851470e+01
    endloop
  endfacet
  facet normal -4.438035e-16 -7.907757e-01 6.121060e-01
    outer loop
      vertex   2.000000e+01 -1.828660e+02 2.851470e+01
      vertex   1.510000e+01 -1.828660e+02 2.851470e+01
      vertex   2.000000e+01 -1.830272e+02 2.830643e+01
    endloop
  endfacet
  facet normal 0.000000e+00 -7.907757e-01 6.121060e-01
    outer loop
      vertex   2.000000e+01 -1.830272e+02 2.830643e+01
      vertex   1.510000e+01 -1.828660e+02 2.851470e+01
      vertex   1.510000e+01 -1.830272e+02 2.830643e+01
    endloop
  endfacet
  facet normal 0.000000e+00 -7.247928e-01 6.889669e-01
    outer loop
      vertex   2.000000e+01 -1.830272e+02 2.830643e+01
      vertex   1.510000e+01 -1.830272e+02 2.830643e+01
      vertex   2.000000e+01 -1.832087e+02 2.811554e+01
    endloop
  endfacet
  facet normal -4.995311e-16 -7.247928e-01 6.889669e-01
    outer loop
      vertex   2.000000e+01 -1.832087e+02 2.811554e+01
      vertex   1.510000e+01 -1.830272e+02 2.830643e+01
      vertex   1.510000e+01 -1.832087e+02 2.811554e+01
    endloop
  endfacet
  facet normal -5.501327e-16 -6.513725e-01 7.587581e-01
    outer loop
      vertex   2.000000e+01 -1.832087e+02 2.811554e+01
      vertex   1.510000e+01 -1.832087e+02 2.811554e+01
      vertex   2.000000e+01 -1.834085e+02 2.794398e+01
    endloop
  endfacet
  facet normal -5.501327e-16 -6.513725e-01 7.587581e-01
    outer loop
      vertex   2.000000e+01 -1.834085e+02 2.794398e+01
      vertex   1.510000e+01 -1.832087e+02 2.811554e+01
      vertex   1.510000e+01 -1.834085e+02 2.794398e+01
    endloop
  endfacet
  facet normal -5.950893e-16 -5.712682e-01 8.207634e-01
    outer loop
      vertex   2.000000e+01 -1.834085e+02 2.794398e+01
      vertex   1.510000e+01 -1.834085e+02 2.794398e+01
      vertex   2.000000e+01 -1.836247e+02 2.779353e+01
    endloop
  endfacet
  facet normal -1.190179e-15 -5.712682e-01 8.207634e-01
    outer loop
      vertex   2.000000e+01 -1.836247e+02 2.779353e+01
      vertex   1.510000e+01 -1.834085e+02 2.794398e+01
      vertex   1.510000e+01 -1.836247e+02 2.779353e+01
    endloop
  endfacet
  facet normal -1.267879e-15 -4.853020e-01 8.743466e-01
    outer loop
      vertex   2.000000e+01 -1.836247e+02 2.779353e+01
      vertex   1.510000e+01 -1.836247e+02 2.779353e+01
      vertex   2.000000e+01 -1.838550e+02 2.766571e+01
    endloop
  endfacet
  facet normal 0.000000e+00 -4.853020e-01 8.743466e-01
    outer loop
      vertex   2.000000e+01 -1.838550e+02 2.766571e+01
      vertex   1.510000e+01 -1.836247e+02 2.779353e+01
      vertex   1.510000e+01 -1.838550e+02 2.766571e+01
    endloop
  endfacet
  facet normal 0.000000e+00 -3.943559e-01 9.189578e-01
    outer loop
      vertex   2.000000e+01 -1.838550e+02 2.766571e+01
      vertex   1.510000e+01 -1.838550e+02 2.766571e+01
      vertex   2.000000e+01 -1.840970e+02 2.756184e+01
    endloop
  endfacet
  facet normal -6.662845e-16 -3.943559e-01 9.189578e-01
    outer loop
      vertex   2.000000e+01 -1.840970e+02 2.756184e+01
      vertex   1.510000e+01 -1.838550e+02 2.766571e+01
      vertex   1.510000e+01 -1.840970e+02 2.756184e+01
    endloop
  endfacet
  facet normal -6.917926e-16 -2.993631e-01 9.541393e-01
    outer loop
      vertex   2.000000e+01 -1.840970e+02 2.756184e+01
      vertex   1.510000e+01 -1.840970e+02 2.756184e+01
      vertex   2.000000e+01 -1.843483e+02 2.748300e+01
    endloop
  endfacet
  facet normal 0.000000e+00 -2.993631e-01 9.541393e-01
    outer loop
      vertex   2.000000e+01 -1.843483e+02 2.748300e+01
      vertex   1.510000e+01 -1.840970e+02 2.756184e+01
      vertex   1.510000e+01 -1.843483e+02 2.748300e+01
    endloop
  endfacet
  facet normal 0.000000e+00 -2.012985e-01 9.795299e-01
    outer loop
      vertex   2.000000e+01 -1.843483e+02 2.748300e+01
      vertex   1.510000e+01 -1.843483e+02 2.748300e+01
      vertex   2.000000e+01 -1.846063e+02 2.742998e+01
    endloop
  endfacet
  facet normal -2.130606e-15 -2.012985e-01 9.795299e-01
    outer loop
      vertex   2.000000e+01 -1.846063e+02 2.742998e+01
      vertex   1.510000e+01 -1.843483e+02 2.748300e+01
      vertex   1.510000e+01 -1.846063e+02 2.742998e+01
    endloop
  endfacet
  facet normal -2.163971e-15 -1.011683e-01 9.948693e-01
    outer loop
      vertex   2.000000e+01 -1.846063e+02 2.742998e+01
      vertex   1.510000e+01 -1.846063e+02 2.742998e+01
      vertex   2.000000e+01 -1.848683e+02 2.740334e+01
    endloop
  endfacet
  facet normal -7.213236e-16 -1.011683e-01 9.948693e-01
    outer loop
      vertex   2.000000e+01 -1.848683e+02 2.740334e+01
      vertex   1.510000e+01 -1.846063e+02 2.742998e+01
      vertex   1.510000e+01 -1.848683e+02 2.740334e+01
    endloop
  endfacet
  facet normal -7.250436e-16 0.000000e+00 1.000000e+00
    outer loop
      vertex   2.000000e+01 -1.848683e+02 2.740334e+01
      vertex   1.510000e+01 -1.848683e+02 2.740334e+01
      vertex   2.000000e+01 -1.851317e+02 2.740334e+01
    endloop
  endfacet
  facet normal -7.250436e-16 0.000000e+00 1.000000e+00
    outer loop
      vertex   2.000000e+01 -1.851317e+02 2.740334e+01
      vertex   1.510000e+01 -1.848683e+02 2.740334e+01
      vertex   1.510000e+01 -1.851317e+02 2.740334e+01
    endloop
  endfacet
  facet normal -7.213236e-16 1.011683e-01 9.948693e-01
    outer loop
      vertex   2.000000e+01 -1.851317e+02 2.740334e+01
      vertex   1.510000e+01 -1.851317e+02 2.740334e+01
      vertex   2.000000e+01 -1.853937e+02 2.742998e+01
    endloop
  endfacet
  facet normal -2.163971e-15 1.011683e-01 9.948693e-01
    outer loop
      vertex   2.000000e+01 -1.853937e+02 2.742998e+01
      vertex   1.510000e+01 -1.851317e+02 2.740334e+01
      vertex   1.510000e+01 -1.853937e+02 2.742998e+01
    endloop
  endfacet
  facet normal -2.130606e-15 2.012985e-01 9.795299e-01
    outer loop
      vertex   2.000000e+01 -1.853937e+02 2.742998e+01
      vertex   1.510000e+01 -1.853937e+02 2.742998e+01
      vertex   2.000000e+01 -1.856517e+02 2.748300e+01
    endloop
  endfacet
  facet normal 0.000000e+00 2.012985e-01 9.795299e-01
    outer loop
      vertex   2.000000e+01 -1.856517e+02 2.748300e+01
      vertex   1.510000e+01 -1.853937e+02 2.742998e+01
      vertex   1.510000e+01 -1.856517e+02 2.748300e+01
    endloop
  endfacet
  facet normal 0.000000e+00 2.993631e-01 9.541393e-01
    outer loop
      vertex   2.000000e+01 -1.856517e+02 2.748300e+01
      vertex   1.510000e+01 -1.856517e+02 2.748300e+01
      vertex   2.000000e+01 -1.859030e+02 2.756184e+01
    endloop
  endfacet
  facet normal -6.917926e-16 2.993631e-01 9.541393e-01
    outer loop
      vertex   2.000000e+01 -1.859030e+02 2.756184e+01
      vertex   1.510000e+01 -1.856517e+02 2.748300e+01
      vertex   1.510000e+01 -1.859030e+02 2.756184e+01
    endloop
  endfacet
  facet normal -6.662845e-16 3.943559e-01 9.189578e-01
    outer loop
      vertex   2.000000e+01 -1.859030e+02 2.756184e+01
      vertex   1.510000e+01 -1.859030e+02 2.756184e+01
      vertex   2.000000e+01 -1.861450e+02 2.766571e+01
    endloop
  endfacet
  facet normal 0.000000e+00 3.943559e-01 9.189578e-01
    outer loop
      vertex   2.000000e+01 -1.861450e+02 2.766571e+01
      vertex   1.510000e+01 -1.859030e+02 2.756184e+01
      vertex   1.510000e+01 -1.861450e+02 2.766571e+01
    endloop
  endfacet
  facet normal 0.000000e+00 4.853020e-01 8.743466e-01
    outer loop
      vertex   2.000000e+01 -1.861450e+02 2.766571e+01
      vertex   1.510000e+01 -1.861450e+02 2.766571e+01
      vertex   2.000000e+01 -1.863753e+02 2.779353e+01
    endloop
  endfacet
  facet normal -1.267879e-15 4.853020e-01 8.743466e-01
    outer loop
      vertex   2.000000e+01 -1.863753e+02 2.779353e+01
      vertex   1.510000e+01 -1.861450e+02 2.766571e+01
      vertex   1.510000e+01 -1.863753e+02 2.779353e+01
    endloop
  endfacet
  facet normal -1.190179e-15 5.712682e-01 8.207634e-01
    outer loop
      vertex   2.000000e+01 -1.863753e+02 2.779353e+01
      vertex   1.510000e+01 -1.863753e+02 2.779353e+01
      vertex   2.000000e+01 -1.865915e+02 2.794398e+01
    endloop
  endfacet
  facet normal -5.950893e-16 5.712682e-01 8.207634e-01
    outer loop
      vertex   2.000000e+01 -1.865915e+02 2.794398e+01
      vertex   1.510000e+01 -1.863753e+02 2.779353e+01
      vertex   1.510000e+01 -1.865915e+02 2.794398e+01
    endloop
  endfacet
  facet normal -5.501327e-16 6.513725e-01 7.587581e-01
    outer loop
      vertex   2.000000e+01 -1.865915e+02 2.794398e+01
      vertex   1.510000e+01 -1.865915e+02 2.794398e+01
      vertex   2.000000e+01 -1.867913e+02 2.811554e+01
    endloop
  endfacet
  facet normal -5.501327e-16 6.513725e-01 7.587581e-01
    outer loop
      vertex   2.000000e+01 -1.867913e+02 2.811554e+01
      vertex   1.510000e+01 -1.865915e+02 2.794398e+01
      vertex   1.510000e+01 -1.867913e+02 2.811554e+01
    endloop
  endfacet
  facet normal -4.995311e-16 7.247928e-01 6.889669e-01
    outer loop
      vertex   2.000000e+01 -1.867913e+02 2.811554e+01
      vertex   1.510000e+01 -1.867913e+02 2.811554e+01
      vertex   2.000000e+01 -1.869728e+02 2.830643e+01
    endloop
  endfacet
  facet normal 0.000000e+00 7.247928e-01 6.889669e-01
    outer loop
      vertex   2.000000e+01 -1.869728e+02 2.830643e+01
      vertex   1.510000e+01 -1.867913e+02 2.811554e+01
      vertex   1.510000e+01 -1.869728e+02 2.830643e+01
    endloop
  endfacet
  facet normal 0.000000e+00 7.907757e-01 6.121060e-01
    outer loop
      vertex   2.000000e+01 -1.869728e+02 2.830643e+01
      vertex   1.510000e+01 -1.869728e+02 2.830643e+01
      vertex   2.000000e+01 -1.871340e+02 2.851470e+01
    endloop
  endfacet
  facet normal -4.438035e-16 7.907757e-01 6.121060e-01
    outer loop
      vertex   2.000000e+01 -1.871340e+02 2.851470e+01
      vertex   1.510000e+01 -1.869728e+02 2.830643e+01
      vertex   1.510000e+01 -1.871340e+02 2.851470e+01
    endloop
  endfacet
  facet normal -3.835220e-16 8.486443e-01 5.289640e-01
    outer loop
      vertex   2.000000e+01 -1.871340e+02 2.851470e+01
      vertex   1.510000e+01 -1.871340e+02 2.851470e+01
      vertex   2.000000e+01 -1.872733e+02 2.873822e+01
    endloop
  endfacet
  facet normal -3.835220e-16 8.486443e-01 5.289640e-01
    outer loop
      vertex   2.000000e+01 -1.872733e+02 2.873822e+01
      vertex   1.510000e+01 -1.871340e+02 2.851470e+01
      vertex   1.510000e+01 -1.872733e+02 2.873822e+01
    endloop
  endfacet
  facet normal -3.193050e-16 8.978045e-01 4.403942e-01
    outer loop
      vertex   2.000000e+01 -1.872733e+02 2.873822e+01
      vertex   1.510000e+01 -1.872733e+02 2.873822e+01
      vertex   2.000000e+01 -1.873893e+02 2.897468e+01
    endloop
  endfacet
  facet normal -3.193050e-16 8.978045e-01 4.403942e-01
    outer loop
      vertex   2.000000e+01 -1.873893e+02 2.897468e+01
      vertex   1.510000e+01 -1.872733e+02 2.873822e+01
      vertex   1.510000e+01 -1.873893e+02 2.897468e+01
    endloop
  endfacet
  facet normal -2.518115e-16 9.377521e-01 3.473053e-01
    outer loop
      vertex   2.000000e+01 -1.873893e+02 2.897468e+01
      vertex   1.510000e+01 -1.873893e+02 2.897468e+01
      vertex   2.000000e+01 -1.874808e+02 2.922166e+01
    endloop
  endfacet
  facet normal -5.036229e-16 9.377521e-01 3.473053e-01
    outer loop
      vertex   2.000000e+01 -1.874808e+02 2.922166e+01
      vertex   1.510000e+01 -1.873893e+02 2.897468e+01
      vertex   1.510000e+01 -1.874808e+02 2.922166e+01
    endloop
  endfacet
  facet normal -3.634680e-16 9.680771e-01 2.506525e-01
    outer loop
      vertex   2.000000e+01 -1.874808e+02 2.922166e+01
      vertex   1.510000e+01 -1.874808e+02 2.922166e+01
      vertex   2.000000e+01 -1.875468e+02 2.947662e+01
    endloop
  endfacet
  facet normal -1.817340e-16 9.680771e-01 2.506525e-01
    outer loop
      vertex   2.000000e+01 -1.875468e+02 2.947662e+01
      vertex   1.510000e+01 -1.874808e+02 2.922166e+01
      vertex   1.510000e+01 -1.875468e+02 2.947662e+01
    endloop
  endfacet
  facet normal -1.097917e-16 9.884683e-01 1.514278e-01
    outer loop
      vertex   2.000000e+01 -1.875468e+02 2.947662e+01
      vertex   1.510000e+01 -1.875468e+02 2.947662e+01
      vertex   2.000000e+01 -1.875867e+02 2.973696e+01
    endloop
  endfacet
  facet normal -1.097917e-16 9.884683e-01 1.514278e-01
    outer loop
      vertex   2.000000e+01 -1.875867e+02 2.973696e+01
      vertex   1.510000e+01 -1.875468e+02 2.947662e+01
      vertex   1.510000e+01 -1.875867e+02 2.973696e+01
    endloop
  endfacet
  facet normal -3.672286e-17 9.987165e-01 5.064917e-02
    outer loop
      vertex   2.000000e+01 -1.875867e+02 2.973696e+01
      vertex   1.510000e+01 -1.875867e+02 2.973696e+01
      vertex   2.000000e+01 -1.876000e+02 3.000000e+01
    endloop
  endfacet
  facet normal -3.672286e-17 9.987165e-01 5.064917e-02
    outer loop
      vertex   2.000000e+01 -1.876000e+02 3.000000e+01
      vertex   1.510000e+01 -1.875867e+02 2.973696e+01
      vertex   1.510000e+01 -1.876000e+02 3.000000e+01
    endloop
  endfacet
  facet normal 3.672286e-17 9.987165e-01 -5.064917e-02
    outer loop
      vertex   2.000000e+01 -1.876000e+02 3.000000e+01
      vertex   1.510000e+01 -1.876000e+02 3.000000e+01
      vertex   2.000000e+01 -1.875867e+02 3.026304e+01
    endloop
  endfacet
  facet normal 3.672286e-17 9.987165e-01 -5.064917e-02
    outer loop
      vertex   2.000000e+01 -1.875867e+02 3.026304e+01
      vertex   1.510000e+01 -1.876000e+02 3.000000e+01
      vertex   1.510000e+01 -1.875867e+02 3.026304e+01
    endloop
  endfacet
  facet normal 1.097917e-16 9.884683e-01 -1.514278e-01
    outer loop
      vertex   2.000000e+01 -1.875867e+02 3.026304e+01
      vertex   1.510000e+01 -1.875867e+02 3.026304e+01
      vertex   2.000000e+01 -1.875468e+02 3.052338e+01
    endloop
  endfacet
  facet normal 1.097917e-16 9.884683e-01 -1.514278e-01
    outer loop
      vertex   2.000000e+01 -1.875468e+02 3.052338e+01
      vertex   1.510000e+01 -1.875867e+02 3.026304e+01
      vertex   1.510000e+01 -1.875468e+02 3.052338e+01
    endloop
  endfacet
  facet normal 1.817340e-16 9.680771e-01 -2.506525e-01
    outer loop
      vertex   2.000000e+01 -1.875468e+02 3.052338e+01
      vertex   1.510000e+01 -1.875468e+02 3.052338e+01
      vertex   2.000000e+01 -1.874808e+02 3.077834e+01
    endloop
  endfacet
  facet normal 0.000000e+00 9.680771e-01 -2.506525e-01
    outer loop
      vertex   2.000000e+01 -1.874808e+02 3.077834e+01
      vertex   1.510000e+01 -1.875468e+02 3.052338e+01
      vertex   1.510000e+01 -1.874808e+02 3.077834e+01
    endloop
  endfacet
  facet normal 0.000000e+00 9.377521e-01 -3.473053e-01
    outer loop
      vertex   2.000000e+01 -1.874808e+02 3.077834e+01
      vertex   1.510000e+01 -1.874808e+02 3.077834e+01
      vertex   2.000000e+01 -1.873893e+02 3.102533e+01
    endloop
  endfacet
  facet normal 0.000000e+00 9.377521e-01 -3.473053e-01
    outer loop
      vertex   2.000000e+01 -1.873893e+02 3.102533e+01
      vertex   1.510000e+01 -1.874808e+02 3.077834e+01
      vertex   1.510000e+01 -1.873893e+02 3.102533e+01
    endloop
  endfacet
  facet normal 0.000000e+00 8.978045e-01 -4.403942e-01
    outer loop
      vertex   2.000000e+01 -1.873893e+02 3.102533e+01
      vertex   1.510000e+01 -1.873893e+02 3.102533e+01
      vertex   2.000000e+01 -1.872733e+02 3.126179e+01
    endloop
  endfacet
  facet normal 3.193050e-16 8.978045e-01 -4.403942e-01
    outer loop
      vertex   2.000000e+01 -1.872733e+02 3.126179e+01
      vertex   1.510000e+01 -1.873893e+02 3.102533e+01
      vertex   1.510000e+01 -1.872733e+02 3.126179e+01
    endloop
  endfacet
  facet normal 3.835220e-16 8.486443e-01 -5.289640e-01
    outer loop
      vertex   2.000000e+01 -1.872733e+02 3.126179e+01
      vertex   1.510000e+01 -1.872733e+02 3.126179e+01
      vertex   2.000000e+01 -1.871340e+02 3.148530e+01
    endloop
  endfacet
  facet normal 3.835220e-16 8.486443e-01 -5.289640e-01
    outer loop
      vertex   2.000000e+01 -1.871340e+02 3.148530e+01
      vertex   1.510000e+01 -1.872733e+02 3.126179e+01
      vertex   1.510000e+01 -1.871340e+02 3.148530e+01
    endloop
  endfacet
  facet normal 4.438035e-16 7.907757e-01 -6.121060e-01
    outer loop
      vertex   2.000000e+01 -1.871340e+02 3.148530e+01
      vertex   1.510000e+01 -1.871340e+02 3.148530e+01
      vertex   2.000000e+01 -1.869728e+02 3.169357e+01
    endloop
  endfacet
  facet normal 1.331411e-15 7.907757e-01 -6.121060e-01
    outer loop
      vertex   2.000000e+01 -1.869728e+02 3.169357e+01
      vertex   1.510000e+01 -1.871340e+02 3.148530e+01
      vertex   1.510000e+01 -1.869728e+02 3.169357e+01
    endloop
  endfacet
  facet normal 1.498593e-15 7.247928e-01 -6.889669e-01
    outer loop
      vertex   2.000000e+01 -1.869728e+02 3.169357e+01
      vertex   1.510000e+01 -1.869728e+02 3.169357e+01
      vertex   2.000000e+01 -1.867913e+02 3.188446e+01
    endloop
  endfacet
  facet normal 4.995311e-16 7.247928e-01 -6.889669e-01
    outer loop
      vertex   2.000000e+01 -1.867913e+02 3.188446e+01
      vertex   1.510000e+01 -1.869728e+02 3.169357e+01
      vertex   1.510000e+01 -1.867913e+02 3.188446e+01
    endloop
  endfacet
  facet normal 5.501327e-16 6.513725e-01 -7.587581e-01
    outer loop
      vertex   2.000000e+01 -1.867913e+02 3.188446e+01
      vertex   1.510000e+01 -1.867913e+02 3.188446e+01
      vertex   2.000000e+01 -1.865915e+02 3.205602e+01
    endloop
  endfacet
  facet normal 1.100265e-15 6.513725e-01 -7.587581e-01
    outer loop
      vertex   2.000000e+01 -1.865915e+02 3.205602e+01
      vertex   1.510000e+01 -1.867913e+02 3.188446e+01
      vertex   1.510000e+01 -1.865915e+02 3.205602e+01
    endloop
  endfacet
  facet normal 1.190179e-15 5.712682e-01 -8.207634e-01
    outer loop
      vertex   2.000000e+01 -1.865915e+02 3.205602e+01
      vertex   1.510000e+01 -1.865915e+02 3.205602e+01
      vertex   2.000000e+01 -1.863753e+02 3.220648e+01
    endloop
  endfacet
  facet normal 0.000000e+00 5.712682e-01 -8.207634e-01
    outer loop
      vertex   2.000000e+01 -1.863753e+02 3.220648e+01
      vertex   1.510000e+01 -1.865915e+02 3.205602e+01
      vertex   1.510000e+01 -1.863753e+02 3.220648e+01
    endloop
  endfacet
  facet normal 0.000000e+00 4.853020e-01 -8.743466e-01
    outer loop
      vertex   2.000000e+01 -1.863753e+02 3.220648e+01
      vertex   1.510000e+01 -1.863753e+02 3.220648e+01
      vertex   2.000000e+01 -1.861450e+02 3.233429e+01
    endloop
  endfacet
  facet normal 1.267879e-15 4.853020e-01 -8.743466e-01
    outer loop
      vertex   2.000000e+01 -1.861450e+02 3.233429e+01
      vertex   1.510000e+01 -1.863753e+02 3.220648e+01
      vertex   1.510000e+01 -1.861450e+02 3.233429e+01
    endloop
  endfacet
  facet normal 1.332569e-15 3.943559e-01 -9.189578e-01
    outer loop
      vertex   2.000000e+01 -1.861450e+02 3.233429e+01
      vertex   1.510000e+01 -1.861450e+02 3.233429e+01
      vertex   2.000000e+01 -1.859030e+02 3.243816e+01
    endloop
  endfacet
  facet normal 1.332569e-15 3.943559e-01 -9.189578e-01
    outer loop
      vertex   2.000000e+01 -1.859030e+02 3.243816e+01
      vertex   1.510000e+01 -1.861450e+02 3.233429e+01
      vertex   1.510000e+01 -1.859030e+02 3.243816e+01
    endloop
  endfacet
  facet normal 1.383585e-15 2.993631e-01 -9.541393e-01
    outer loop
      vertex   2.000000e+01 -1.859030e+02 3.243816e+01
      vertex   1.510000e+01 -1.859030e+02 3.243816e+01
      vertex   2.000000e+01 -1.856517e+02 3.251700e+01
    endloop
  endfacet
  facet normal 1.383585e-15 2.993631e-01 -9.541393e-01
    outer loop
      vertex   2.000000e+01 -1.856517e+02 3.251700e+01
      vertex   1.510000e+01 -1.859030e+02 3.243816e+01
      vertex   1.510000e+01 -1.856517e+02 3.251700e+01
    endloop
  endfacet
  facet normal 1.420404e-15 2.012985e-01 -9.795299e-01
    outer loop
      vertex   2.000000e+01 -1.856517e+02 3.251700e+01
      vertex   1.510000e+01 -1.856517e+02 3.251700e+01
      vertex   2.000000e+01 -1.853937e+02 3.257002e+01
    endloop
  endfacet
  facet normal 0.000000e+00 2.012985e-01 -9.795299e-01
    outer loop
      vertex   2.000000e+01 -1.853937e+02 3.257002e+01
      vertex   1.510000e+01 -1.856517e+02 3.251700e+01
      vertex   1.510000e+01 -1.853937e+02 3.257002e+01
    endloop
  endfacet
  facet normal 0.000000e+00 1.011683e-01 -9.948693e-01
    outer loop
      vertex   2.000000e+01 -1.853937e+02 3.257002e+01
      vertex   1.510000e+01 -1.853937e+02 3.257002e+01
      vertex   2.000000e+01 -1.851317e+02 3.259666e+01
    endloop
  endfacet
  facet normal 1.442647e-15 1.011683e-01 -9.948693e-01
    outer loop
      vertex   2.000000e+01 -1.851317e+02 3.259666e+01
      vertex   1.510000e+01 -1.853937e+02 3.257002e+01
      vertex   1.510000e+01 -1.851317e+02 3.259666e+01
    endloop
  endfacet
  facet normal 1.450087e-15 0.000000e+00 -1.000000e+00
    outer loop
      vertex   2.000000e+01 -1.851317e+02 3.259666e+01
      vertex   1.510000e+01 -1.851317e+02 3.259666e+01
      vertex   2.000000e+01 -1.848683e+02 3.259666e+01
    endloop
  endfacet
  facet normal 1.450087e-15 0.000000e+00 -1.000000e+00
    outer loop
      vertex   2.000000e+01 -1.848683e+02 3.259666e+01
      vertex   1.510000e+01 -1.851317e+02 3.259666e+01
      vertex   1.510000e+01 -1.848683e+02 3.259666e+01
    endloop
  endfacet
  facet normal 1.442647e-15 -1.011683e-01 -9.948693e-01
    outer loop
      vertex   2.000000e+01 -1.848683e+02 3.259666e+01
      vertex   1.510000e+01 -1.848683e+02 3.259666e+01
      vertex   2.000000e+01 -1.846063e+02 3.257002e+01
    endloop
  endfacet
  facet normal -0.000000e+00 -1.011683e-01 -9.948693e-01
    outer loop
      vertex   2.000000e+01 -1.846063e+02 3.257002e+01
      vertex   1.510000e+01 -1.848683e+02 3.259666e+01
      vertex   1.510000e+01 -1.846063e+02 3.257002e+01
    endloop
  endfacet
  facet normal -0.000000e+00 -2.012985e-01 -9.795299e-01
    outer loop
      vertex   2.000000e+01 -1.846063e+02 3.257002e+01
      vertex   1.510000e+01 -1.846063e+02 3.257002e+01
      vertex   2.000000e+01 -1.843483e+02 3.251700e+01
    endloop
  endfacet
  facet normal 1.420404e-15 -2.012985e-01 -9.795299e-01
    outer loop
      vertex   2.000000e+01 -1.843483e+02 3.251700e+01
      vertex   1.510000e+01 -1.846063e+02 3.257002e+01
      vertex   1.510000e+01 -1.843483e+02 3.251700e+01
    endloop
  endfacet
  facet normal 1.383585e-15 -2.993631e-01 -9.541393e-01
    outer loop
      vertex   2.000000e+01 -1.843483e+02 3.251700e+01
      vertex   1.510000e+01 -1.843483e+02 3.251700e+01
      vertex   2.000000e+01 -1.840970e+02 3.243816e+01
    endloop
  endfacet
  facet normal 1.383585e-15 -2.993631e-01 -9.541393e-01
    outer loop
      vertex   2.000000e+01 -1.840970e+02 3.243816e+01
      vertex   1.510000e+01 -1.843483e+02 3.251700e+01
      vertex   1.510000e+01 -1.840970e+02 3.243816e+01
    endloop
  endfacet
  facet normal 1.332569e-15 -3.943559e-01 -9.189578e-01
    outer loop
      vertex   2.000000e+01 -1.840970e+02 3.243816e+01
      vertex   1.510000e+01 -1.840970e+02 3.243816e+01
      vertex   2.000000e+01 -1.838550e+02 3.233429e+01
    endloop
  endfacet
  facet normal 1.332569e-15 -3.943559e-01 -9.189578e-01
    outer loop
      vertex   2.000000e+01 -1.838550e+02 3.233429e+01
      vertex   1.510000e+01 -1.840970e+02 3.243816e+01
      vertex   1.510000e+01 -1.838550e+02 3.233429e+01
    endloop
  endfacet
  facet normal 1.267879e-15 -4.853020e-01 -8.743466e-01
    outer loop
      vertex   2.000000e+01 -1.838550e+02 3.233429e+01
      vertex   1.510000e+01 -1.838550e+02 3.233429e+01
      vertex   2.000000e+01 -1.836247e+02 3.220648e+01
    endloop
  endfacet
  facet normal -0.000000e+00 -4.853020e-01 -8.743466e-01
    outer loop
      vertex   2.000000e+01 -1.836247e+02 3.220648e+01
      vertex   1.510000e+01 -1.838550e+02 3.233429e+01
      vertex   1.510000e+01 -1.836247e+02 3.220648e+01
    endloop
  endfacet
  facet normal -0.000000e+00 -5.712682e-01 -8.207634e-01
    outer loop
      vertex   2.000000e+01 -1.836247e+02 3.220648e+01
      vertex   1.510000e+01 -1.836247e+02 3.220648e+01
      vertex   2.000000e+01 -1.834085e+02 3.205602e+01
    endloop
  endfacet
  facet normal 1.190179e-15 -5.712682e-01 -8.207634e-01
    outer loop
      vertex   2.000000e+01 -1.834085e+02 3.205602e+01
      vertex   1.510000e+01 -1.836247e+02 3.220648e+01
      vertex   1.510000e+01 -1.834085e+02 3.205602e+01
    endloop
  endfacet
  facet normal 1.100265e-15 -6.513725e-01 -7.587581e-01
    outer loop
      vertex   2.000000e+01 -1.834085e+02 3.205602e+01
      vertex   1.510000e+01 -1.834085e+02 3.205602e+01
      vertex   2.000000e+01 -1.832087e+02 3.188446e+01
    endloop
  endfacet
  facet normal 5.501327e-16 -6.513725e-01 -7.587581e-01
    outer loop
      vertex   2.000000e+01 -1.832087e+02 3.188446e+01
      vertex   1.510000e+01 -1.834085e+02 3.205602e+01
      vertex   1.510000e+01 -1.832087e+02 3.188446e+01
    endloop
  endfacet
  facet normal 4.995311e-16 -7.247928e-01 -6.889669e-01
    outer loop
      vertex   2.000000e+01 -1.832087e+02 3.188446e+01
      vertex   1.510000e+01 -1.832087e+02 3.188446e+01
      vertex   2.000000e+01 -1.830272e+02 3.169357e+01
    endloop
  endfacet
  facet normal 1.498593e-15 -7.247928e-01 -6.889669e-01
    outer loop
      vertex   2.000000e+01 -1.830272e+02 3.169357e+01
      vertex   1.510000e+01 -1.832087e+02 3.188446e+01
      vertex   1.510000e+01 -1.830272e+02 3.169357e+01
    endloop
  endfacet
  facet normal 1.331411e-15 -7.907757e-01 -6.121060e-01
    outer loop
      vertex   2.000000e+01 -1.830272e+02 3.169357e+01
      vertex   1.510000e+01 -1.830272e+02 3.169357e+01
      vertex   2.000000e+01 -1.828660e+02 3.148530e+01
    endloop
  endfacet
  facet normal 4.438035e-16 -7.907757e-01 -6.121060e-01
    outer loop
      vertex   2.000000e+01 -1.828660e+02 3.148530e+01
      vertex   1.510000e+01 -1.830272e+02 3.169357e+01
      vertex   1.510000e+01 -1.828660e+02 3.148530e+01
    endloop
  endfacet
  facet normal 3.835220e-16 -8.486443e-01 -5.289640e-01
    outer loop
      vertex   2.000000e+01 -1.828660e+02 3.148530e+01
      vertex   1.510000e+01 -1.828660e+02 3.148530e+01
      vertex   2.000000e+01 -1.827267e+02 3.126179e+01
    endloop
  endfacet
  facet normal 3.835220e-16 -8.486443e-01 -5.289640e-01
    outer loop
      vertex   2.000000e+01 -1.827267e+02 3.126179e+01
      vertex   1.510000e+01 -1.828660e+02 3.148530e+01
      vertex   1.510000e+01 -1.827267e+02 3.126179e+01
    endloop
  endfacet
  facet normal 3.193050e-16 -8.978045e-01 -4.403942e-01
    outer loop
      vertex   2.000000e+01 -1.827267e+02 3.126179e+01
      vertex   1.510000e+01 -1.827267e+02 3.126179e+01
      vertex   2.000000e+01 -1.826107e+02 3.102533e+01
    endloop
  endfacet
  facet normal -0.000000e+00 -8.978045e-01 -4.403942e-01
    outer loop
      vertex   2.000000e+01 -1.826107e+02 3.102533e+01
      vertex   1.510000e+01 -1.827267e+02 3.126179e+01
      vertex   1.510000e+01 -1.826107e+02 3.102533e+01
    endloop
  endfacet
  facet normal -0.000000e+00 -9.377521e-01 -3.473053e-01
    outer loop
      vertex   2.000000e+01 -1.826107e+02 3.102533e+01
      vertex   1.510000e+01 -1.826107e+02 3.102533e+01
      vertex   2.000000e+01 -1.825192e+02 3.077834e+01
    endloop
  endfacet
  facet normal -0.000000e+00 -9.377521e-01 -3.473053e-01
    outer loop
      vertex   2.000000e+01 -1.825192e+02 3.077834e+01
      vertex   1.510000e+01 -1.826107e+02 3.102533e+01
      vertex   1.510000e+01 -1.825192e+02 3.077834e+01
    endloop
  endfacet
  facet normal -0.000000e+00 -9.680771e-01 -2.506525e-01
    outer loop
      vertex   2.000000e+01 -1.825192e+02 3.077834e+01
      vertex   1.510000e+01 -1.825192e+02 3.077834e+01
      vertex   2.000000e+01 -1.824532e+02 3.052338e+01
    endloop
  endfacet
  facet normal 1.817340e-16 -9.680771e-01 -2.506525e-01
    outer loop
      vertex   2.000000e+01 -1.824532e+02 3.052338e+01
      vertex   1.510000e+01 -1.825192e+02 3.077834e+01
      vertex   1.510000e+01 -1.824532e+02 3.052338e+01
    endloop
  endfacet
  facet normal 1.097917e-16 -9.884683e-01 -1.514278e-01
    outer loop
      vertex   2.000000e+01 -1.824532e+02 3.052338e+01
      vertex   1.510000e+01 -1.824532e+02 3.052338e+01
      vertex   2.000000e+01 -1.824133e+02 3.026304e+01
    endloop
  endfacet
  facet normal 1.097917e-16 -9.884683e-01 -1.514278e-01
    outer loop
      vertex   2.000000e+01 -1.824133e+02 3.026304e+01
      vertex   1.510000e+01 -1.824532e+02 3.052338e+01
      vertex   1.510000e+01 -1.824133e+02 3.026304e+01
    endloop
  endfacet
  facet normal 0.000000e+00 -9.987165e-01 5.064917e-02
    outer loop
      vertex   1.020000e+01 -1.824133e+02 2.973696e+01
      vertex   1.510000e+01 -1.824133e+02 2.973696e+01
      vertex   1.020000e+01 -1.824000e+02 3.000000e+01
    endloop
  endfacet
  facet normal 0.000000e+00 -9.987165e-01 5.064917e-02
    outer loop
      vertex   1.020000e+01 -1.824000e+02 3.000000e+01
      vertex   1.510000e+01 -1.824133e+02 2.973696e+01
      vertex   1.510000e+01 -1.824000e+02 3.000000e+01
    endloop
  endfacet
  facet normal 0.000000e+00 -9.987165e-01 -5.064917e-02
    outer loop
      vertex   1.020000e+01 -1.824000e+02 3.000000e+01
      vertex   1.510000e+01 -1.824000e+02 3.000000e+01
      vertex   1.020000e+01 -1.824133e+02 3.026304e+01
    endloop
  endfacet
  facet normal 0.000000e+00 -9.987165e-01 -5.064917e-02
    outer loop
      vertex   1.020000e+01 -1.824133e+02 3.026304e+01
      vertex   1.510000e+01 -1.824000e+02 3.000000e+01
      vertex   1.510000e+01 -1.824133e+02 3.026304e+01
    endloop
  endfacet
  facet normal 0.000000e+00 -9.884683e-01 -1.514278e-01
    outer loop
      vertex   1.020000e+01 -1.824133e+02 3.026304e+01
      vertex   1.510000e+01 -1.824133e+02 3.026304e+01
      vertex   1.020000e+01 -1.824532e+02 3.052338e+01
    endloop
  endfacet
  facet normal 0.000000e+00 -9.884683e-01 -1.514278e-01
    outer loop
      vertex   1.020000e+01 -1.824532e+02 3.052338e+01
      vertex   1.510000e+01 -1.824133e+02 3.026304e+01
      vertex   1.510000e+01 -1.824532e+02 3.052338e+01
    endloop
  endfacet
  facet normal 0.000000e+00 -9.680771e-01 -2.506525e-01
    outer loop
      vertex   1.020000e+01 -1.824532e+02 3.052338e+01
      vertex   1.510000e+01 -1.824532e+02 3.052338e+01
      vertex   1.020000e+01 -1.825192e+02 3.077834e+01
    endloop
  endfacet
  facet normal 1.817340e-16 -9.680771e-01 -2.506525e-01
    outer loop
      vertex   1.020000e+01 -1.825192e+02 3.077834e+01
      vertex   1.510000e+01 -1.824532e+02 3.052338e+01
      vertex   1.510000e+01 -1.825192e+02 3.077834e+01
    endloop
  endfacet
  facet normal 2.518115e-16 -9.377521e-01 -3.473053e-01
    outer loop
      vertex   1.020000e+01 -1.825192e+02 3.077834e+01
      vertex   1.510000e+01 -1.825192e+02 3.077834e+01
      vertex   1.020000e+01 -1.826107e+02 3.102533e+01
    endloop
  endfacet
  facet normal 2.518115e-16 -9.377521e-01 -3.473053e-01
    outer loop
      vertex   1.020000e+01 -1.826107e+02 3.102533e+01
      vertex   1.510000e+01 -1.825192e+02 3.077834e+01
      vertex   1.510000e+01 -1.826107e+02 3.102533e+01
    endloop
  endfacet
  facet normal 3.193050e-16 -8.978045e-01 -4.403942e-01
    outer loop
      vertex   1.020000e+01 -1.826107e+02 3.102533e+01
      vertex   1.510000e+01 -1.826107e+02 3.102533e+01
      vertex   1.020000e+01 -1.827267e+02 3.126179e+01
    endloop
  endfacet
  facet normal 0.000000e+00 -8.978045e-01 -4.403942e-01
    outer loop
      vertex   1.020000e+01 -1.827267e+02 3.126179e+01
      vertex   1.510000e+01 -1.826107e+02 3.102533e+01
      vertex   1.510000e+01 -1.827267e+02 3.126179e+01
    endloop
  endfacet
  facet normal 0.000000e+00 -8.486443e-01 -5.289640e-01
    outer loop
      vertex   1.020000e+01 -1.827267e+02 3.126179e+01
      vertex   1.510000e+01 -1.827267e+02 3.126179e+01
      vertex   1.020000e+01 -1.828660e+02 3.148530e+01
    endloop
  endfacet
  facet normal 0.000000e+00 -8.486443e-01 -5.289640e-01
    outer loop
      vertex   1.020000e+01 -1.828660e+02 3.148530e+01
      vertex   1.510000e+01 -1.827267e+02 3.126179e+01
      vertex   1.510000e+01 -1.828660e+02 3.148530e+01
    endloop
  endfacet
  facet normal 0.000000e+00 -7.907757e-01 -6.121060e-01
    outer loop
      vertex   1.020000e+01 -1.828660e+02 3.148530e+01
      vertex   1.510000e+01 -1.828660e+02 3.148530e+01
      vertex   1.020000e+01 -1.830272e+02 3.169357e+01
    endloop
  endfacet
  facet normal -4.438035e-16 -7.907757e-01 -6.121060e-01
    outer loop
      vertex   1.020000e+01 -1.830272e+02 3.169357e+01
      vertex   1.510000e+01 -1.828660e+02 3.148530e+01
      vertex   1.510000e+01 -1.830272e+02 3.169357e+01
    endloop
  endfacet
  facet normal -4.995311e-16 -7.247928e-01 -6.889669e-01
    outer loop
      vertex   1.020000e+01 -1.830272e+02 3.169357e+01
      vertex   1.510000e+01 -1.830272e+02 3.169357e+01
      vertex   1.020000e+01 -1.832087e+02 3.188446e+01
    endloop
  endfacet
  facet normal 0.000000e+00 -7.247928e-01 -6.889669e-01
    outer loop
      vertex   1.020000e+01 -1.832087e+02 3.188446e+01
      vertex   1.510000e+01 -1.830272e+02 3.169357e+01
      vertex   1.510000e+01 -1.832087e+02 3.188446e+01
    endloop
  endfacet
  facet normal 0.000000e+00 -6.513725e-01 -7.587581e-01
    outer loop
      vertex   1.020000e+01 -1.832087e+02 3.188446e+01
      vertex   1.510000e+01 -1.832087e+02 3.188446e+01
      vertex   1.020000e+01 -1.834085e+02 3.205602e+01
    endloop
  endfacet
  facet normal 0.000000e+00 -6.513725e-01 -7.587581e-01
    outer loop
      vertex   1.020000e+01 -1.834085e+02 3.205602e+01
      vertex   1.510000e+01 -1.832087e+02 3.188446e+01
      vertex   1.510000e+01 -1.834085e+02 3.205602e+01
    endloop
  endfacet
  facet normal 0.000000e+00 -5.712682e-01 -8.207634e-01
    outer loop
      vertex   1.020000e+01 -1.834085e+02 3.205602e+01
      vertex   1.510000e+01 -1.834085e+02 3.205602e+01
      vertex   1.020000e+01 -1.836247e+02 3.220648e+01
    endloop
  endfacet
  facet normal 0.000000e+00 -5.712682e-01 -8.207634e-01
    outer loop
      vertex   1.020000e+01 -1.836247e+02 3.220648e+01
      vertex   1.510000e+01 -1.834085e+02 3.205602e+01
      vertex   1.510000e+01 -1.836247e+02 3.220648e+01
    endloop
  endfacet
  facet normal 0.000000e+00 -4.853020e-01 -8.743466e-01
    outer loop
      vertex   1.020000e+01 -1.836247e+02 3.220648e+01
      vertex   1.510000e+01 -1.836247e+02 3.220648e+01
      vertex   1.020000e+01 -1.838550e+02 3.233429e+01
    endloop
  endfacet
  facet normal 0.000000e+00 -4.853020e-01 -8.743466e-01
    outer loop
      vertex   1.020000e+01 -1.838550e+02 3.233429e+01
      vertex   1.510000e+01 -1.836247e+02 3.220648e+01
      vertex   1.510000e+01 -1.838550e+02 3.233429e+01
    endloop
  endfacet
  facet normal 0.000000e+00 -3.943559e-01 -9.189578e-01
    outer loop
      vertex   1.020000e+01 -1.838550e+02 3.233429e+01
      vertex   1.510000e+01 -1.838550e+02 3.233429e+01
      vertex   1.020000e+01 -1.840970e+02 3.243816e+01
    endloop
  endfacet
  facet normal 0.000000e+00 -3.943559e-01 -9.189578e-01
    outer loop
      vertex   1.020000e+01 -1.840970e+02 3.243816e+01
      vertex   1.510000e+01 -1.838550e+02 3.233429e+01
      vertex   1.510000e+01 -1.840970e+02 3.243816e+01
    endloop
  endfacet
  facet normal 0.000000e+00 -2.993631e-01 -9.541393e-01
    outer loop
      vertex   1.020000e+01 -1.840970e+02 3.243816e+01
      vertex   1.510000e+01 -1.840970e+02 3.243816e+01
      vertex   1.020000e+01 -1.843483e+02 3.251700e+01
    endloop
  endfacet
  facet normal 0.000000e+00 -2.993631e-01 -9.541393e-01
    outer loop
      vertex   1.020000e+01 -1.843483e+02 3.251700e+01
      vertex   1.510000e+01 -1.840970e+02 3.243816e+01
      vertex   1.510000e+01 -1.843483e+02 3.251700e+01
    endloop
  endfacet
  facet normal 0.000000e+00 -2.012985e-01 -9.795299e-01
    outer loop
      vertex   1.020000e+01 -1.843483e+02 3.251700e+01
      vertex   1.510000e+01 -1.843483e+02 3.251700e+01
      vertex   1.020000e+01 -1.846063e+02 3.257002e+01
    endloop
  endfacet
  facet normal 1.420404e-15 -2.012985e-01 -9.795299e-01
    outer loop
      vertex   1.020000e+01 -1.846063e+02 3.257002e+01
      vertex   1.510000e+01 -1.843483e+02 3.251700e+01
      vertex   1.510000e+01 -1.846063e+02 3.257002e+01
    endloop
  endfacet
  facet normal 1.442647e-15 -1.011683e-01 -9.948693e-01
    outer loop
      vertex   1.020000e+01 -1.846063e+02 3.257002e+01
      vertex   1.510000e+01 -1.846063e+02 3.257002e+01
      vertex   1.020000e+01 -1.848683e+02 3.259666e+01
    endloop
  endfacet
  facet normal 0.000000e+00 -1.011683e-01 -9.948693e-01
    outer loop
      vertex   1.020000e+01 -1.848683e+02 3.259666e+01
      vertex   1.510000e+01 -1.846063e+02 3.257002e+01
      vertex   1.510000e+01 -1.848683e+02 3.259666e+01
    endloop
  endfacet
  facet normal 0.000000e+00 0.000000e+00 -1.000000e+00
    outer loop
      vertex   1.020000e+01 -1.848683e+02 3.259666e+01
      vertex   1.510000e+01 -1.848683e+02 3.259666e+01
      vertex   1.020000e+01 -1.851317e+02 3.259666e+01
    endloop
  endfacet
  facet normal 0.000000e+00 0.000000e+00 -1.000000e+00
    outer loop
      vertex   1.020000e+01 -1.851317e+02 3.259666e+01
      vertex   1.510000e+01 -1.848683e+02 3.259666e+01
      vertex   1.510000e+01 -1.851317e+02 3.259666e+01
    endloop
  endfacet
  facet normal 0.000000e+00 1.011683e-01 -9.948693e-01
    outer loop
      vertex   1.020000e+01 -1.851317e+02 3.259666e+01
      vertex   1.510000e+01 -1.851317e+02 3.259666e+01
      vertex   1.020000e+01 -1.853937e+02 3.257002e+01
    endloop
  endfacet
  facet normal 1.442647e-15 1.011683e-01 -9.948693e-01
    outer loop
      vertex   1.020000e+01 -1.853937e+02 3.257002e+01
      vertex   1.510000e+01 -1.851317e+02 3.259666e+01
      vertex   1.510000e+01 -1.853937e+02 3.257002e+01
    endloop
  endfacet
  facet normal 1.420404e-15 2.012985e-01 -9.795299e-01
    outer loop
      vertex   1.020000e+01 -1.853937e+02 3.257002e+01
      vertex   1.510000e+01 -1.853937e+02 3.257002e+01
      vertex   1.020000e+01 -1.856517e+02 3.251700e+01
    endloop
  endfacet
  facet normal 0.000000e+00 2.012985e-01 -9.795299e-01
    outer loop
      vertex   1.020000e+01 -1.856517e+02 3.251700e+01
      vertex   1.510000e+01 -1.853937e+02 3.257002e+01
      vertex   1.510000e+01 -1.856517e+02 3.251700e+01
    endloop
  endfacet
  facet normal 0.000000e+00 2.993631e-01 -9.541393e-01
    outer loop
      vertex   1.020000e+01 -1.856517e+02 3.251700e+01
      vertex   1.510000e+01 -1.856517e+02 3.251700e+01
      vertex   1.020000e+01 -1.859030e+02 3.243816e+01
    endloop
  endfacet
  facet normal 0.000000e+00 2.993631e-01 -9.541393e-01
    outer loop
      vertex   1.020000e+01 -1.859030e+02 3.243816e+01
      vertex   1.510000e+01 -1.856517e+02 3.251700e+01
      vertex   1.510000e+01 -1.859030e+02 3.243816e+01
    endloop
  endfacet
  facet normal 0.000000e+00 3.943559e-01 -9.189578e-01
    outer loop
      vertex   1.020000e+01 -1.859030e+02 3.243816e+01
      vertex   1.510000e+01 -1.859030e+02 3.243816e+01
      vertex   1.020000e+01 -1.861450e+02 3.233429e+01
    endloop
  endfacet
  facet normal 0.000000e+00 3.943559e-01 -9.189578e-01
    outer loop
      vertex   1.020000e+01 -1.861450e+02 3.233429e+01
      vertex   1.510000e+01 -1.859030e+02 3.243816e+01
      vertex   1.510000e+01 -1.861450e+02 3.233429e+01
    endloop
  endfacet
  facet normal 0.000000e+00 4.853020e-01 -8.743466e-01
    outer loop
      vertex   1.020000e+01 -1.861450e+02 3.233429e+01
      vertex   1.510000e+01 -1.861450e+02 3.233429e+01
      vertex   1.020000e+01 -1.863753e+02 3.220648e+01
    endloop
  endfacet
  facet normal 0.000000e+00 4.853020e-01 -8.743466e-01
    outer loop
      vertex   1.020000e+01 -1.863753e+02 3.220648e+01
      vertex   1.510000e+01 -1.861450e+02 3.233429e+01
      vertex   1.510000e+01 -1.863753e+02 3.220648e+01
    endloop
  endfacet
  facet normal 0.000000e+00 5.712682e-01 -8.207634e-01
    outer loop
      vertex   1.020000e+01 -1.863753e+02 3.220648e+01
      vertex   1.510000e+01 -1.863753e+02 3.220648e+01
      vertex   1.020000e+01 -1.865915e+02 3.205602e+01
    endloop
  endfacet
  facet normal 0.000000e+00 5.712682e-01 -8.207634e-01
    outer loop
      vertex   1.020000e+01 -1.865915e+02 3.205602e+01
      vertex   1.510000e+01 -1.863753e+02 3.220648e+01
      vertex   1.510000e+01 -1.865915e+02 3.205602e+01
    endloop
  endfacet
  facet normal 0.000000e+00 6.513725e-01 -7.587581e-01
    outer loop
      vertex   1.020000e+01 -1.865915e+02 3.205602e+01
      vertex   1.510000e+01 -1.865915e+02 3.205602e+01
      vertex   1.020000e+01 -1.867913e+02 3.188446e+01
    endloop
  endfacet
  facet normal 0.000000e+00 6.513725e-01 -7.587581e-01
    outer loop
      vertex   1.020000e+01 -1.867913e+02 3.188446e+01
      vertex   1.510000e+01 -1.865915e+02 3.205602e+01
      vertex   1.510000e+01 -1.867913e+02 3.188446e+01
    endloop
  endfacet
  facet normal 0.000000e+00 7.247928e-01 -6.889669e-01
    outer loop
      vertex   1.020000e+01 -1.867913e+02 3.188446e+01
      vertex   1.510000e+01 -1.867913e+02 3.188446e+01
      vertex   1.020000e+01 -1.869728e+02 3.169357e+01
    endloop
  endfacet
  facet normal -4.995311e-16 7.247928e-01 -6.889669e-01
    outer loop
      vertex   1.020000e+01 -1.869728e+02 3.169357e+01
      vertex   1.510000e+01 -1.867913e+02 3.188446e+01
      vertex   1.510000e+01 -1.869728e+02 3.169357e+01
    endloop
  endfacet
  facet normal -4.438035e-16 7.907757e-01 -6.121060e-01
    outer loop
      vertex   1.020000e+01 -1.869728e+02 3.169357e+01
      vertex   1.510000e+01 -1.869728e+02 3.169357e+01
      vertex   1.020000e+01 -1.871340e+02 3.148530e+01
    endloop
  endfacet
  facet normal 0.000000e+00 7.907757e-01 -6.121060e-01
    outer loop
      vertex   1.020000e+01 -1.871340e+02 3.148530e+01
      vertex   1.510000e+01 -1.869728e+02 3.169357e+01
      vertex   1.510000e+01 -1.871340e+02 3.148530e+01
    endloop
  endfacet
  facet normal 0.000000e+00 8.486443e-01 -5.289640e-01
    outer loop
      vertex   1.020000e+01 -1.871340e+02 3.148530e+01
      vertex   1.510000e+01 -1.871340e+02 3.148530e+01
      vertex   1.020000e+01 -1.872733e+02 3.126179e+01
    endloop
  endfacet
  facet normal 0.000000e+00 8.486443e-01 -5.289640e-01
    outer loop
      vertex   1.020000e+01 -1.872733e+02 3.126179e+01
      vertex   1.510000e+01 -1.871340e+02 3.148530e+01
      vertex   1.510000e+01 -1.872733e+02 3.126179e+01
    endloop
  endfacet
  facet normal 0.000000e+00 8.978045e-01 -4.403942e-01
    outer loop
      vertex   1.020000e+01 -1.872733e+02 3.126179e+01
      vertex   1.510000e+01 -1.872733e+02 3.126179e+01
      vertex   1.020000e+01 -1.873893e+02 3.102533e+01
    endloop
  endfacet
  facet normal 3.193050e-16 8.978045e-01 -4.403942e-01
    outer loop
      vertex   1.020000e+01 -1.873893e+02 3.102533e+01
      vertex   1.510000e+01 -1.872733e+02 3.126179e+01
      vertex   1.510000e+01 -1.873893e+02 3.102533e+01
    endloop
  endfacet
  facet normal 2.518115e-16 9.377521e-01 -3.473053e-01
    outer loop
      vertex   1.020000e+01 -1.873893e+02 3.102533e+01
      vertex   1.510000e+01 -1.873893e+02 3.102533e+01
      vertex   1.020000e+01 -1.874808e+02 3.077834e+01
    endloop
  endfacet
  facet normal 2.518115e-16 9.377521e-01 -3.473053e-01
    outer loop
      vertex   1.020000e+01 -1.874808e+02 3.077834e+01
      vertex   1.510000e+01 -1.873893e+02 3.102533e+01
      vertex   1.510000e+01 -1.874808e+02 3.077834e+01
    endloop
  endfacet
  facet normal 1.817340e-16 9.680771e-01 -2.506525e-01
    outer loop
      vertex   1.020000e+01 -1.874808e+02 3.077834e+01
      vertex   1.510000e+01 -1.874808e+02 3.077834e+01
      vertex   1.020000e+01 -1.875468e+02 3.052338e+01
    endloop
  endfacet
  facet normal 0.000000e+00 9.680771e-01 -2.506525e-01
    outer loop
      vertex   1.020000e+01 -1.875468e+02 3.052338e+01
      vertex   1.510000e+01 -1.874808e+02 3.077834e+01
      vertex   1.510000e+01 -1.875468e+02 3.052338e+01
    endloop
  endfacet
  facet normal 0.000000e+00 9.884683e-01 -1.514278e-01
    outer loop
      vertex   1.020000e+01 -1.875468e+02 3.052338e+01
      vertex   1.510000e+01 -1.875468e+02 3.052338e+01
      vertex   1.020000e+01 -1.875867e+02 3.026304e+01
    endloop
  endfacet
  facet normal 0.000000e+00 9.884683e-01 -1.514278e-01
    outer loop
      vertex   1.020000e+01 -1.875867e+02 3.026304e+01
      vertex   1.510000e+01 -1.875468e+02 3.052338e+01
      vertex   1.510000e+01 -1.875867e+02 3.026304e+01
    endloop
  endfacet
  facet normal 0.000000e+00 9.987165e-01 -5.064917e-02
    outer loop
      vertex   1.020000e+01 -1.875867e+02 3.026304e+01
      vertex   1.510000e+01 -1.875867e+02 3.026304e+01
      vertex   1.020000e+01 -1.876000e+02 3.000000e+01
    endloop
  endfacet
  facet normal 0.000000e+00 9.987165e-01 -5.064917e-02
    outer loop
      vertex   1.020000e+01 -1.876000e+02 3.000000e+01
      vertex   1.510000e+01 -1.875867e+02 3.026304e+01
      vertex   1.510000e+01 -1.876000e+02 3.000000e+01
    endloop
  endfacet
  facet normal -0.000000e+00 9.987165e-01 5.064917e-02
    outer loop
      vertex   1.020000e+01 -1.876000e+02 3.000000e+01
      vertex   1.510000e+01 -1.876000e+02 3.000000e+01
      vertex   1.020000e+01 -1.875867e+02 2.973696e+01
    endloop
  endfacet
  facet normal -0.000000e+00 9.987165e-01 5.064917e-02
    outer loop
      vertex   1.020000e+01 -1.875867e+02 2.973696e+01
      vertex   1.510000e+01 -1.876000e+02 3.000000e+01
      vertex   1.510000e+01 -1.875867e+02 2.973696e+01
    endloop
  endfacet
  facet normal -0.000000e+00 9.884683e-01 1.514278e-01
    outer loop
      vertex   1.020000e+01 -1.875867e+02 2.973696e+01
      vertex   1.510000e+01 -1.875867e+02 2.973696e+01
      vertex   1.020000e+01 -1.875468e+02 2.947662e+01
    endloop
  endfacet
  facet normal -0.000000e+00 9.884683e-01 1.514278e-01
    outer loop
      vertex   1.020000e+01 -1.875468e+02 2.947662e+01
      vertex   1.510000e+01 -1.875867e+02 2.973696e+01
      vertex   1.510000e+01 -1.875468e+02 2.947662e+01
    endloop
  endfacet
  facet normal -0.000000e+00 9.680771e-01 2.506525e-01
    outer loop
      vertex   1.020000e+01 -1.875468e+02 2.947662e+01
      vertex   1.510000e+01 -1.875468e+02 2.947662e+01
      vertex   1.020000e+01 -1.874808e+02 2.922166e+01
    endloop
  endfacet
  facet normal 1.817340e-16 9.680771e-01 2.506525e-01
    outer loop
      vertex   1.020000e+01 -1.874808e+02 2.922166e+01
      vertex   1.510000e+01 -1.875468e+02 2.947662e+01
      vertex   1.510000e+01 -1.874808e+02 2.922166e+01
    endloop
  endfacet
  facet normal 2.518115e-16 9.377521e-01 3.473053e-01
    outer loop
      vertex   1.020000e+01 -1.874808e+02 2.922166e+01
      vertex   1.510000e+01 -1.874808e+02 2.922166e+01
      vertex   1.020000e+01 -1.873893e+02 2.897468e+01
    endloop
  endfacet
  facet normal -0.000000e+00 9.377521e-01 3.473053e-01
    outer loop
      vertex   1.020000e+01 -1.873893e+02 2.897468e+01
      vertex   1.510000e+01 -1.874808e+02 2.922166e+01
      vertex   1.510000e+01 -1.873893e+02 2.897468e+01
    endloop
  endfacet
  facet normal -0.000000e+00 8.978045e-01 4.403942e-01
    outer loop
      vertex   1.020000e+01 -1.873893e+02 2.897468e+01
      vertex   1.510000e+01 -1.873893e+02 2.897468e+01
      vertex   1.020000e+01 -1.872733e+02 2.873822e+01
    endloop
  endfacet
  facet normal -0.000000e+00 8.978045e-01 4.403942e-01
    outer loop
      vertex   1.020000e+01 -1.872733e+02 2.873822e+01
      vertex   1.510000e+01 -1.873893e+02 2.897468e+01
      vertex   1.510000e+01 -1.872733e+02 2.873822e+01
    endloop
  endfacet
  facet normal -0.000000e+00 8.486443e-01 5.289640e-01
    outer loop
      vertex   1.020000e+01 -1.872733e+02 2.873822e+01
      vertex   1.510000e+01 -1.872733e+02 2.873822e+01
      vertex   1.020000e+01 -1.871340e+02 2.851470e+01
    endloop
  endfacet
  facet normal -0.000000e+00 8.486443e-01 5.289640e-01
    outer loop
      vertex   1.020000e+01 -1.871340e+02 2.851470e+01
      vertex   1.510000e+01 -1.872733e+02 2.873822e+01
      vertex   1.510000e+01 -1.871340e+02 2.851470e+01
    endloop
  endfacet
  facet normal -0.000000e+00 7.907757e-01 6.121060e-01
    outer loop
      vertex   1.020000e+01 -1.871340e+02 2.851470e+01
      vertex   1.510000e+01 -1.871340e+02 2.851470e+01
      vertex   1.020000e+01 -1.869728e+02 2.830643e+01
    endloop
  endfacet
  facet normal -4.438035e-16 7.907757e-01 6.121060e-01
    outer loop
      vertex   1.020000e+01 -1.869728e+02 2.830643e+01
      vertex   1.510000e+01 -1.871340e+02 2.851470e+01
      vertex   1.510000e+01 -1.869728e+02 2.830643e+01
    endloop
  endfacet
  facet normal -4.995311e-16 7.247928e-01 6.889669e-01
    outer loop
      vertex   1.020000e+01 -1.869728e+02 2.830643e+01
      vertex   1.510000e+01 -1.869728e+02 2.830643e+01
      vertex   1.020000e+01 -1.867913e+02 2.811554e+01
    endloop
  endfacet
  facet normal -0.000000e+00 7.247928e-01 6.889669e-01
    outer loop
      vertex   1.020000e+01 -1.867913e+02 2.811554e+01
      vertex   1.510000e+01 -1.869728e+02 2.830643e+01
      vertex   1.510000e+01 -1.867913e+02 2.811554e+01
    endloop
  endfacet
  facet normal -0.000000e+00 6.513725e-01 7.587581e-01
    outer loop
      vertex   1.020000e+01 -1.867913e+02 2.811554e+01
      vertex   1.510000e+01 -1.867913e+02 2.811554e+01
      vertex   1.020000e+01 -1.865915e+02 2.794398e+01
    endloop
  endfacet
  facet normal -0.000000e+00 6.513725e-01 7.587581e-01
    outer loop
      vertex   1.020000e+01 -1.865915e+02 2.794398e+01
      vertex   1.510000e+01 -1.867913e+02 2.811554e+01
      vertex   1.510000e+01 -1.865915e+02 2.794398e+01
    endloop
  endfacet
  facet normal -0.000000e+00 5.712682e-01 8.207634e-01
    outer loop
      vertex   1.020000e+01 -1.865915e+02 2.794398e+01
      vertex   1.510000e+01 -1.865915e+02 2.794398e+01
      vertex   1.020000e+01 -1.863753e+02 2.779353e+01
    endloop
  endfacet
  facet normal -0.000000e+00 5.712682e-01 8.207634e-01
    outer loop
      vertex   1.020000e+01 -1.863753e+02 2.779353e+01
      vertex   1.510000e+01 -1.865915e+02 2.794398e+01
      vertex   1.510000e+01 -1.863753e+02 2.779353e+01
    endloop
  endfacet
  facet normal -0.000000e+00 4.853020e-01 8.743466e-01
    outer loop
      vertex   1.020000e+01 -1.863753e+02 2.779353e+01
      vertex   1.510000e+01 -1.863753e+02 2.779353e+01
      vertex   1.020000e+01 -1.861450e+02 2.766571e+01
    endloop
  endfacet
  facet normal -6.339394e-16 4.853020e-01 8.743466e-01
    outer loop
      vertex   1.020000e+01 -1.861450e+02 2.766571e+01
      vertex   1.510000e+01 -1.863753e+02 2.779353e+01
      vertex   1.510000e+01 -1.861450e+02 2.766571e+01
    endloop
  endfacet
  facet normal -6.662845e-16 3.943559e-01 9.189578e-01
    outer loop
      vertex   1.020000e+01 -1.861450e+02 2.766571e+01
      vertex   1.510000e+01 -1.861450e+02 2.766571e+01
      vertex   1.020000e+01 -1.859030e+02 2.756184e+01
    endloop
  endfacet
  facet normal -0.000000e+00 3.943559e-01 9.189578e-01
    outer loop
      vertex   1.020000e+01 -1.859030e+02 2.756184e+01
      vertex   1.510000e+01 -1.861450e+02 2.766571e+01
      vertex   1.510000e+01 -1.859030e+02 2.756184e+01
    endloop
  endfacet
  facet normal -0.000000e+00 2.993631e-01 9.541393e-01
    outer loop
      vertex   1.020000e+01 -1.859030e+02 2.756184e+01
      vertex   1.510000e+01 -1.859030e+02 2.756184e+01
      vertex   1.020000e+01 -1.856517e+02 2.748300e+01
    endloop
  endfacet
  facet normal -6.917926e-16 2.993631e-01 9.541393e-01
    outer loop
      vertex   1.020000e+01 -1.856517e+02 2.748300e+01
      vertex   1.510000e+01 -1.859030e+02 2.756184e+01
      vertex   1.510000e+01 -1.856517e+02 2.748300e+01
    endloop
  endfacet
  facet normal -7.102019e-16 2.012985e-01 9.795299e-01
    outer loop
      vertex   1.020000e+01 -1.856517e+02 2.748300e+01
      vertex   1.510000e+01 -1.856517e+02 2.748300e+01
      vertex   1.020000e+01 -1.853937e+02 2.742998e+01
    endloop
  endfacet
  facet normal 1.420404e-15 2.012985e-01 9.795299e-01
    outer loop
      vertex   1.020000e+01 -1.853937e+02 2.742998e+01
      vertex   1.510000e+01 -1.856517e+02 2.748300e+01
      vertex   1.510000e+01 -1.853937e+02 2.742998e+01
    endloop
  endfacet
  facet normal 1.442647e-15 1.011683e-01 9.948693e-01
    outer loop
      vertex   1.020000e+01 -1.853937e+02 2.742998e+01
      vertex   1.510000e+01 -1.853937e+02 2.742998e+01
      vertex   1.020000e+01 -1.851317e+02 2.740334e+01
    endloop
  endfacet
  facet normal -0.000000e+00 1.011683e-01 9.948693e-01
    outer loop
      vertex   1.020000e+01 -1.851317e+02 2.740334e+01
      vertex   1.510000e+01 -1.853937e+02 2.742998e+01
      vertex   1.510000e+01 -1.851317e+02 2.740334e+01
    endloop
  endfacet
  facet normal 0.000000e+00 0.000000e+00 1.000000e+00
    outer loop
      vertex   1.020000e+01 -1.851317e+02 2.740334e+01
      vertex   1.510000e+01 -1.851317e+02 2.740334e+01
      vertex   1.020000e+01 -1.848683e+02 2.740334e+01
    endloop
  endfacet
  facet normal -0.000000e+00 0.000000e+00 1.000000e+00
    outer loop
      vertex   1.020000e+01 -1.848683e+02 2.740334e+01
      vertex   1.510000e+01 -1.851317e+02 2.740334e+01
      vertex   1.510000e+01 -1.848683e+02 2.740334e+01
    endloop
  endfacet
  facet normal 0.000000e+00 -1.011683e-01 9.948693e-01
    outer loop
      vertex   1.020000e+01 -1.848683e+02 2.740334e+01
      vertex   1.510000e+01 -1.848683e+02 2.740334e+01
      vertex   1.020000e+01 -1.846063e+02 2.742998e+01
    endloop
  endfacet
  facet normal 1.442647e-15 -1.011683e-01 9.948693e-01
    outer loop
      vertex   1.020000e+01 -1.846063e+02 2.742998e+01
      vertex   1.510000e+01 -1.848683e+02 2.740334e+01
      vertex   1.510000e+01 -1.846063e+02 2.742998e+01
    endloop
  endfacet
  facet normal 1.420404e-15 -2.012985e-01 9.795299e-01
    outer loop
      vertex   1.020000e+01 -1.846063e+02 2.742998e+01
      vertex   1.510000e+01 -1.846063e+02 2.742998e+01
      vertex   1.020000e+01 -1.843483e+02 2.748300e+01
    endloop
  endfacet
  facet normal -7.102019e-16 -2.012985e-01 9.795299e-01
    outer loop
      vertex   1.020000e+01 -1.843483e+02 2.748300e+01
      vertex   1.510000e+01 -1.846063e+02 2.742998e+01
      vertex   1.510000e+01 -1.843483e+02 2.748300e+01
    endloop
  endfacet
  facet normal -6.917926e-16 -2.993631e-01 9.541393e-01
    outer loop
      vertex   1.020000e+01 -1.843483e+02 2.748300e+01
      vertex   1.510000e+01 -1.843483e+02 2.748300e+01
      vertex   1.020000e+01 -1.840970e+02 2.756184e+01
    endloop
  endfacet
  facet normal 0.000000e+00 -2.993631e-01 9.541393e-01
    outer loop
      vertex   1.020000e+01 -1.840970e+02 2.756184e+01
      vertex   1.510000e+01 -1.843483e+02 2.748300e+01
      vertex   1.510000e+01 -1.840970e+02 2.756184e+01
    endloop
  endfacet
  facet normal 0.000000e+00 -3.943559e-01 9.189578e-01
    outer loop
      vertex   1.020000e+01 -1.840970e+02 2.756184e+01
      vertex   1.510000e+01 -1.840970e+02 2.756184e+01
      vertex   1.020000e+01 -1.838550e+02 2.766571e+01
    endloop
  endfacet
  facet normal -6.662845e-16 -3.943559e-01 9.189578e-01
    outer loop
      vertex   1.020000e+01 -1.838550e+02 2.766571e+01
      vertex   1.510000e+01 -1.840970e+02 2.756184e+01
      vertex   1.510000e+01 -1.838550e+02 2.766571e+01
    endloop
  endfacet
  facet normal -6.339394e-16 -4.853020e-01 8.743466e-01
    outer loop
      vertex   1.020000e+01 -1.838550e+02 2.766571e+01
      vertex   1.510000e+01 -1.838550e+02 2.766571e+01
      vertex   1.020000e+01 -1.836247e+02 2.779353e+01
    endloop
  endfacet
  facet normal 0.000000e+00 -4.853020e-01 8.743466e-01
    outer loop
      vertex   1.020000e+01 -1.836247e+02 2.779353e+01
      vertex   1.510000e+01 -1.838550e+02 2.766571e+01
      vertex   1.510000e+01 -1.836247e+02 2.779353e+01
    endloop
  endfacet
  facet normal 0.000000e+00 -5.712682e-01 8.207634e-01
    outer loop
      vertex   1.020000e+01 -1.836247e+02 2.779353e+01
      vertex   1.510000e+01 -1.836247e+02 2.779353e+01
      vertex   1.020000e+01 -1.834085e+02 2.794398e+01
    endloop
  endfacet
  facet normal 0.000000e+00 -5.712682e-01 8.207634e-01
    outer loop
      vertex   1.020000e+01 -1.834085e+02 2.794398e+01
      vertex   1.510000e+01 -1.836247e+02 2.779353e+01
      vertex   1.510000e+01 -1.834085e+02 2.794398e+01
    endloop
  endfacet
  facet normal 0.000000e+00 -6.513725e-01 7.587581e-01
    outer loop
      vertex   1.020000e+01 -1.834085e+02 2.794398e+01
      vertex   1.510000e+01 -1.834085e+02 2.794398e+01
      vertex   1.020000e+01 -1.832087e+02 2.811554e+01
    endloop
  endfacet
  facet normal 0.000000e+00 -6.513725e-01 7.587581e-01
    outer loop
      vertex   1.020000e+01 -1.832087e+02 2.811554e+01
      vertex   1.510000e+01 -1.834085e+02 2.794398e+01
      vertex   1.510000e+01 -1.832087e+02 2.811554e+01
    endloop
  endfacet
  facet normal 0.000000e+00 -7.247928e-01 6.889669e-01
    outer loop
      vertex   1.020000e+01 -1.832087e+02 2.811554e+01
      vertex   1.510000e+01 -1.832087e+02 2.811554e+01
      vertex   1.020000e+01 -1.830272e+02 2.830643e+01
    endloop
  endfacet
  facet normal -4.995311e-16 -7.247928e-01 6.889669e-01
    outer loop
      vertex   1.020000e+01 -1.830272e+02 2.830643e+01
      vertex   1.510000e+01 -1.832087e+02 2.811554e+01
      vertex   1.510000e+01 -1.830272e+02 2.830643e+01
    endloop
  endfacet
  facet normal -4.438035e-16 -7.907757e-01 6.121060e-01
    outer loop
      vertex   1.020000e+01 -1.830272e+02 2.830643e+01
      vertex   1.510000e+01 -1.830272e+02 2.830643e+01
      vertex   1.020000e+01 -1.828660e+02 2.851470e+01
    endloop
  endfacet
  facet normal 0.000000e+00 -7.907757e-01 6.121060e-01
    outer loop
      vertex   1.020000e+01 -1.828660e+02 2.851470e+01
      vertex   1.510000e+01 -1.830272e+02 2.830643e+01
      vertex   1.510000e+01 -1.828660e+02 2.851470e+01
    endloop
  endfacet
  facet normal 0.000000e+00 -8.486443e-01 5.289640e-01
    outer loop
      vertex   1.020000e+01 -1.828660e+02 2.851470e+01
      vertex   1.510000e+01 -1.828660e+02 2.851470e+01
      vertex   1.020000e+01 -1.827267e+02 2.873822e+01
    endloop
  endfacet
  facet normal 0.000000e+00 -8.486443e-01 5.289640e-01
    outer loop
      vertex   1.020000e+01 -1.827267e+02 2.873822e+01
      vertex   1.510000e+01 -1.828660e+02 2.851470e+01
      vertex   1.510000e+01 -1.827267e+02 2.873822e+01
    endloop
  endfacet
  facet normal 0.000000e+00 -8.978045e-01 4.403942e-01
    outer loop
      vertex   1.020000e+01 -1.827267e+02 2.873822e+01
      vertex   1.510000e+01 -1.827267e+02 2.873822e+01
      vertex   1.020000e+01 -1.826107e+02 2.897468e+01
    endloop
  endfacet
  facet normal 0.000000e+00 -8.978045e-01 4.403942e-01
    outer loop
      vertex   1.020000e+01 -1.826107e+02 2.897468e+01
      vertex   1.510000e+01 -1.827267e+02 2.873822e+01
      vertex   1.510000e+01 -1.826107e+02 2.897468e+01
    endloop
  endfacet
  facet normal 0.000000e+00 -9.377521e-01 3.473053e-01
    outer loop
      vertex   1.020000e+01 -1.826107e+02 2.897468e+01
      vertex   1.510000e+01 -1.826107e+02 2.897468e+01
      vertex   1.020000e+01 -1.825192e+02 2.922166e+01
    endloop
  endfacet
  facet normal 2.518115e-16 -9.377521e-01 3.473053e-01
    outer loop
      vertex   1.020000e+01 -1.825192e+02 2.922166e+01
      vertex   1.510000e+01 -1.826107e+02 2.897468e+01
      vertex   1.510000e+01 -1.825192e+02 2.922166e+01
    endloop
  endfacet
  facet normal 1.817340e-16 -9.680771e-01 2.506525e-01
    outer loop
      vertex   1.020000e+01 -1.825192e+02 2.922166e+01
      vertex   1.510000e+01 -1.825192e+02 2.922166e+01
      vertex   1.020000e+01 -1.824532e+02 2.947662e+01
    endloop
  endfacet
  facet normal 0.000000e+00 -9.680771e-01 2.506525e-01
    outer loop
      vertex   1.020000e+01 -1.824532e+02 2.947662e+01
      vertex   1.510000e+01 -1.825192e+02 2.922166e+01
      vertex   1.510000e+01 -1.824532e+02 2.947662e+01
    endloop
  endfacet
  facet normal 0.000000e+00 -9.884683e-01 1.514278e-01
    outer loop
      vertex   1.020000e+01 -1.824532e+02 2.947662e+01
      vertex   1.510000e+01 -1.824532e+02 2.947662e+01
      vertex   1.020000e+01 -1.824133e+02 2.973696e+01
    endloop
  endfacet
  facet normal 0.000000e+00 -9.884683e-01 1.514278e-01
    outer loop
      vertex   1.020000e+01 -1.824133e+02 2.973696e+01
      vertex   1.510000e+01 -1.824532e+02 2.947662e+01
      vertex   1.510000e+01 -1.824133e+02 2.973696e+01
    endloop
  endfacet
  facet normal 2.512148e-16 -7.071068e-01 -7.071068e-01
    outer loop
      vertex   -1.500000e+01 -2.020000e+02 2.000000e+01
      vertex   1.500000e+01 -2.020000e+02 2.000000e+01
      vertex   -1.650000e+01 -2.035000e+02 2.150000e+01
    endloop
  endfacet
  facet normal 1.522514e-16 -7.071068e-01 -7.071068e-01
    outer loop
      vertex   -1.650000e+01 -2.035000e+02 2.150000e+01
      vertex   1.500000e+01 -2.020000e+02 2.000000e+01
      vertex   1.650000e+01 -2.035000e+02 2.150000e+01
    endloop
  endfacet
  facet normal 1.522514e-16 -7.071068e-01 -7.071068e-01
    outer loop
      vertex   -1.650000e+01 -2.035000e+02 2.150000e+01
      vertex   1.650000e+01 -2.035000e+02 2.150000e+01
      vertex   -1.500000e+01 -2.050000e+02 2.300000e+01
    endloop
  endfacet
  facet normal 1.674765e-16 -7.071068e-01 -7.071068e-01
    outer loop
      vertex   -1.500000e+01 -2.050000e+02 2.300000e+01
      vertex   1.650000e+01 -2.035000e+02 2.150000e+01
      vertex   1.500000e+01 -2.050000e+02 2.300000e+01
    endloop
  endfacet
  facet normal -7.071068e-01 -7.071068e-01 -1.674765e-16
    outer loop
      vertex   -1.500000e+01 -2.050000e+02 2.300000e+01
      vertex   -1.500000e+01 -2.050000e+02 3.800000e+01
      vertex   -1.650000e+01 -2.035000e+02 2.150000e+01
    endloop
  endfacet
  facet normal -7.071068e-01 -7.071068e-01 -9.370711e-16
    outer loop
      vertex   -1.650000e+01 -2.035000e+02 2.150000e+01
      vertex   -1.500000e+01 -2.050000e+02 3.800000e+01
      vertex   -2.000000e+01 -2.000000e+02 2.500000e+01
    endloop
  endfacet
  facet normal -7.071068e-01 -7.071068e-01 -1.932421e-16
    outer loop
      vertex   -2.000000e+01 -2.000000e+02 2.500000e+01
      vertex   -1.500000e+01 -2.050000e+02 3.800000e+01
      vertex   -2.000000e+01 -2.000000e+02 3.800000e+01
    endloop
  endfacet
  facet normal 0.000000e+00 -1.000000e+00 0.000000e+00
    outer loop
      vertex   -1.500000e+01 -2.050000e+02 2.300000e+01
      vertex   1.500000e+01 -2.050000e+02 2.300000e+01
      vertex   -1.500000e+01 -2.050000e+02 3.800000e+01
    endloop
  endfacet
  facet normal 0.000000e+00 -1.000000e+00 0.000000e+00
    outer loop
      vertex   -1.500000e+01 -2.050000e+02 3.800000e+01
      vertex   1.500000e+01 -2.050000e+02 2.300000e+01
      vertex   1.500000e+01 -2.050000e+02 3.800000e+01
    endloop
  endfacet
  facet normal 7.071068e-01 -7.071068e-01 2.512148e-16
    outer loop
      vertex   1.500000e+01 -2.050000e+02 2.300000e+01
      vertex   1.650000e+01 -2.035000e+02 2.150000e+01
      vertex   1.500000e+01 -2.050000e+02 3.800000e+01
    endloop
  endfacet
  facet normal 7.071068e-01 -7.071068e-01 -5.881616e-16
    outer loop
      vertex   1.500000e+01 -2.050000e+02 3.800000e+01
      vertex   1.650000e+01 -2.035000e+02 2.150000e+01
      vertex   2.000000e+01 -2.000000e+02 2.500000e+01
    endloop
  endfacet
  facet normal 7.071068e-01 -7.071068e-01 2.318906e-16
    outer loop
      vertex   1.500000e+01 -2.050000e+02 3.800000e+01
      vertex   2.000000e+01 -2.000000e+02 2.500000e+01
      vertex   2.000000e+01 -2.000000e+02 3.800000e+01
    endloop
  endfacet
  facet normal 0.000000e+00 -7.071068e-01 7.071068e-01
    outer loop
      vertex   1.500000e+01 -2.180000e+02 5.000000e+01
      vertex   -1.500000e+01 -2.180000e+02 5.000000e+01
      vertex   1.700000e+01 -2.200000e+02 4.800000e+01
    endloop
  endfacet
  facet normal -2.955468e-16 -7.071068e-01 7.071068e-01
    outer loop
      vertex   1.700000e+01 -2.200000e+02 4.800000e+01
      vertex   -1.500000e+01 -2.180000e+02 5.000000e+01
      vertex   -1.700000e+01 -2.200000e+02 4.800000e+01
    endloop
  endfacet
  facet normal -7.071068e-01 -1.141885e-16 7.071068e-01
    outer loop
      vertex   -1.800000e+01 -2.200000e+02 4.700000e+01
      vertex   -1.700000e+01 -2.200000e+02 4.800000e+01
      vertex   -1.600000e+01 -1.760000e+02 4.900000e+01
    endloop
  endfacet
  facet normal -7.071068e-01 -1.460551e-16 7.071068e-01
    outer loop
      vertex   -1.600000e+01 -1.760000e+02 4.900000e+01
      vertex   -1.700000e+01 -2.200000e+02 4.800000e+01
      vertex   -1.500000e+01 -2.180000e+02 5.000000e+01
    endloop
  endfacet
  facet normal -7.071068e-01 -1.225438e-16 7.071068e-01
    outer loop
      vertex   -1.600000e+01 -1.760000e+02 4.900000e+01
      vertex   -1.500000e+01 -2.180000e+02 5.000000e+01
      vertex   -1.500000e+01 -1.770000e+02 5.000000e+01
    endloop
  endfacet
  facet normal -7.071068e-01 -2.392522e-16 7.071068e-01
    outer loop
      vertex   -1.600000e+01 -1.760000e+02 4.900000e+01
      vertex   -2.000000e+01 -1.800000e+02 4.500000e+01
      vertex   -1.800000e+01 -2.200000e+02 4.700000e+01
    endloop
  endfacet
  facet normal -7.071068e-01 -1.322183e-16 7.071068e-01
    outer loop
      vertex   -1.800000e+01 -2.200000e+02 4.700000e+01
      vertex   -2.000000e+01 -1.800000e+02 4.500000e+01
      vertex   -2.000000e+01 -2.180000e+02 4.500000e+01
    endloop
  endfacet
  facet normal 8.488398e-14 -1.861579e-15 1.000000e+00
    outer loop
      vertex   -9.633997e-01 -1.874149e+02 5.000000e+01
      vertex   -9.029939e-01 -2.075618e+02 5.000000e+01
      vertex   -7.141429e-01 -1.875000e+02 5.000000e+01
    endloop
  endfacet
  facet normal 3.343580e-16 -1.065676e-15 1.000000e+00
    outer loop
      vertex   -7.141429e-01 -1.875000e+02 5.000000e+01
      vertex   -9.029939e-01 -2.075618e+02 5.000000e+01
      vertex   -6.516968e-01 -2.074830e+02 5.000000e+01
    endloop
  endfacet
  facet normal -8.338432e-14 -1.327294e-15 1.000000e+00
    outer loop
      vertex   -7.141429e-01 -1.875000e+02 5.000000e+01
      vertex   -6.516968e-01 -2.074830e+02 5.000000e+01
      vertex   -4.575581e-01 -1.875594e+02 5.000000e+01
    endloop
  endfacet
  facet normal 4.406234e-16 -2.144098e-15 1.000000e+00
    outer loop
      vertex   -4.575581e-01 -1.875594e+02 5.000000e+01
      vertex   -6.516968e-01 -2.074830e+02 5.000000e+01
      vertex   -3.937124e-01 -2.074300e+02 5.000000e+01
    endloop
  endfacet
  facet normal -2.723962e-16 -2.146389e-15 1.000000e+00
    outer loop
      vertex   -4.575581e-01 -1.875594e+02 5.000000e+01
      vertex   -3.937124e-01 -2.074300e+02 5.000000e+01
      vertex   -1.962781e-01 -1.875926e+02 5.000000e+01
    endloop
  endfacet
  facet normal 2.187636e-16 -2.151278e-15 1.000000e+00
    outer loop
      vertex   -1.962781e-01 -1.875926e+02 5.000000e+01
      vertex   -3.937124e-01 -2.074300e+02 5.000000e+01
      vertex   -1.316881e-01 -2.074033e+02 5.000000e+01
    endloop
  endfacet
  facet normal -5.358391e-17 -2.152166e-15 1.000000e+00
    outer loop
      vertex   -1.962781e-01 -1.875926e+02 5.000000e+01
      vertex   -1.316881e-01 -2.074033e+02 5.000000e+01
      vertex   6.701600e-02 -1.875991e+02 5.000000e+01
    endloop
  endfacet
  facet normal 0.000000e+00 -2.152703e-15 1.000000e+00
    outer loop
      vertex   6.701600e-02 -1.875991e+02 5.000000e+01
      vertex   -1.316881e-01 -2.074033e+02 5.000000e+01
      vertex   1.316876e-01 -2.074033e+02 5.000000e+01
    endloop
  endfacet
  facet normal 1.648525e-16 -2.152165e-15 1.000000e+00
    outer loop
      vertex   6.701600e-02 -1.875991e+02 5.000000e+01
      vertex   1.316876e-01 -2.074033e+02 5.000000e+01
      vertex   3.296224e-01 -1.875790e+02 5.000000e+01
    endloop
  endfacet
  facet normal -2.184646e-16 -2.148338e-15 1.000000e+00
    outer loop
      vertex   3.296224e-01 -1.875790e+02 5.000000e+01
      vertex   1.316876e-01 -2.074033e+02 5.000000e+01
      vertex   3.937120e-01 -2.074300e+02 5.000000e+01
    endloop
  endfacet
  facet normal 3.856804e-16 -2.146387e-15 1.000000e+00
    outer loop
      vertex   3.296224e-01 -1.875790e+02 5.000000e+01
      vertex   3.937120e-01 -2.074300e+02 5.000000e+01
      vertex   5.888464e-01 -1.875324e+02 5.000000e+01
    endloop
  endfacet
  facet normal -4.394309e-16 -2.138295e-15 1.000000e+00
    outer loop
      vertex   5.888464e-01 -1.875324e+02 5.000000e+01
      vertex   3.937120e-01 -2.074300e+02 5.000000e+01
      vertex   6.516964e-01 -2.074830e+02 5.000000e+01
    endloop
  endfacet
  facet normal 6.119191e-16 -2.134983e-15 1.000000e+00
    outer loop
      vertex   5.888464e-01 -1.875324e+02 5.000000e+01
      vertex   6.516964e-01 -2.074830e+02 5.000000e+01
      vertex   8.420281e-01 -1.874599e+02 5.000000e+01
    endloop
  endfacet
  facet normal -6.660440e-16 -2.122836e-15 1.000000e+00
    outer loop
      vertex   8.420281e-01 -1.874599e+02 5.000000e+01
      vertex   6.516964e-01 -2.074830e+02 5.000000e+01
      vertex   9.029934e-01 -2.075618e+02 5.000000e+01
    endloop
  endfacet
  facet normal 8.472196e-16 -2.118246e-15 1.000000e+00
    outer loop
      vertex   8.420281e-01 -1.874599e+02 5.000000e+01
      vertex   9.029934e-01 -2.075618e+02 5.000000e+01
      vertex   1.086569e+00 -1.873621e+02 5.000000e+01
    endloop
  endfacet
  facet normal -9.021884e-16 -2.102348e-15 1.000000e+00
    outer loop
      vertex   1.086569e+00 -1.873621e+02 5.000000e+01
      vertex   9.029934e-01 -2.075618e+02 5.000000e+01
      vertex   1.145025e+00 -2.076657e+02 5.000000e+01
    endloop
  endfacet
  facet normal 1.096353e-15 -2.096594e-15 1.000000e+00
    outer loop
      vertex   1.086569e+00 -1.873621e+02 5.000000e+01
      vertex   1.145025e+00 -2.076657e+02 5.000000e+01
      vertex   1.319961e+00 -1.872400e+02 5.000000e+01
    endloop
  endfacet
  facet normal -1.153012e-15 -2.077329e-15 1.000000e+00
    outer loop
      vertex   1.319961e+00 -1.872400e+02 5.000000e+01
      vertex   1.145025e+00 -2.076657e+02 5.000000e+01
      vertex   1.375306e+00 -2.077935e+02 5.000000e+01
    endloop
  endfacet
  facet normal 1.365920e-15 -2.070546e-15 1.000000e+00
    outer loop
      vertex   1.319961e+00 -1.872400e+02 5.000000e+01
      vertex   1.375306e+00 -2.077935e+02 5.000000e+01
      vertex   1.539808e+00 -1.870950e+02 5.000000e+01
    endloop
  endfacet
  facet normal -1.425700e-15 -2.048360e-15 1.000000e+00
    outer loop
      vertex   1.539808e+00 -1.870950e+02 5.000000e+01
      vertex   1.375306e+00 -2.077935e+02 5.000000e+01
      vertex   1.591475e+00 -2.079440e+02 5.000000e+01
    endloop
  endfacet
  facet normal 1.665476e-15 -2.040699e-15 1.000000e+00
    outer loop
      vertex   1.539808e+00 -1.870950e+02 5.000000e+01
      vertex   1.591475e+00 -2.079440e+02 5.000000e+01
      vertex   1.743855e+00 -1.869285e+02 5.000000e+01
    endloop
  endfacet
  facet normal -1.730743e-15 -2.016074e-15 1.000000e+00
    outer loop
      vertex   1.743855e+00 -1.869285e+02 5.000000e+01
      vertex   1.591475e+00 -2.079440e+02 5.000000e+01
      vertex   1.791314e+00 -2.081155e+02 5.000000e+01
    endloop
  endfacet
  facet normal 2.009475e-15 -2.007696e-15 1.000000e+00
    outer loop
      vertex   1.743855e+00 -1.869285e+02 5.000000e+01
      vertex   1.791314e+00 -2.081155e+02 5.000000e+01
      vertex   1.930007e+00 -1.867421e+02 5.000000e+01
    endloop
  endfacet
  facet normal -2.084150e-15 -1.981132e-15 1.000000e+00
    outer loop
      vertex   1.930007e+00 -1.867421e+02 5.000000e+01
      vertex   1.791314e+00 -2.081155e+02 5.000000e+01
      vertex   1.972771e+00 -2.083064e+02 5.000000e+01
    endloop
  endfacet
  facet normal 2.420898e-15 -1.972198e-15 1.000000e+00
    outer loop
      vertex   1.930007e+00 -1.867421e+02 5.000000e+01
      vertex   1.972771e+00 -2.083064e+02 5.000000e+01
      vertex   2.096355e+00 -1.865380e+02 5.000000e+01
    endloop
  endfacet
  facet normal -2.511693e-15 -1.944195e-15 1.000000e+00
    outer loop
      vertex   2.096355e+00 -1.865380e+02 5.000000e+01
      vertex   1.972771e+00 -2.083064e+02 5.000000e+01
      vertex   2.133985e+00 -2.085147e+02 5.000000e+01
    endloop
  endfacet
  facet normal 2.938643e-15 -1.934862e-15 1.000000e+00
    outer loop
      vertex   2.096355e+00 -1.865380e+02 5.000000e+01
      vertex   2.133985e+00 -2.085147e+02 5.000000e+01
      vertex   2.241191e+00 -1.863180e+02 5.000000e+01
    endloop
  endfacet
  facet normal -3.057735e-15 -1.905901e-15 1.000000e+00
    outer loop
      vertex   2.241191e+00 -1.863180e+02 5.000000e+01
      vertex   2.133985e+00 -2.085147e+02 5.000000e+01
      vertex   2.273301e+00 -2.087382e+02 5.000000e+01
    endloop
  endfacet
  facet normal 3.634227e-15 -1.896317e-15 1.000000e+00
    outer loop
      vertex   2.241191e+00 -1.863180e+02 5.000000e+01
      vertex   2.273301e+00 -2.087382e+02 5.000000e+01
      vertex   2.363030e+00 -1.860845e+02 5.000000e+01
    endloop
  endfacet
  facet normal -3.805828e-15 -1.866848e-15 1.000000e+00
    outer loop
      vertex   2.363030e+00 -1.860845e+02 5.000000e+01
      vertex   2.273301e+00 -2.087382e+02 5.000000e+01
      vertex   2.389290e+00 -2.089747e+02 5.000000e+01
    endloop
  endfacet
  facet normal 4.708657e-15 -1.857079e-15 1.000000e+00
    outer loop
      vertex   2.363030e+00 -1.860845e+02 5.000000e+01
      vertex   2.389290e+00 -2.089747e+02 5.000000e+01
      vertex   1.500000e+01 -1.770000e+02 5.000000e+01
    endloop
  endfacet
  facet normal 4.394130e-16 -1.733031e-16 1.000000e+00
    outer loop
      vertex   1.500000e+01 -1.770000e+02 5.000000e+01
      vertex   2.389290e+00 -2.089747e+02 5.000000e+01
      vertex   1.500000e+01 -2.180000e+02 5.000000e+01
    endloop
  endfacet
  facet normal 7.666544e-16 2.839376e-16 1.000000e+00
    outer loop
      vertex   1.500000e+01 -2.180000e+02 5.000000e+01
      vertex   2.389290e+00 -2.089747e+02 5.000000e+01
      vertex   2.480762e+00 -2.092217e+02 5.000000e+01
    endloop
  endfacet
  facet normal 6.934582e-16 1.795488e-16 1.000000e+00
    outer loop
      vertex   1.500000e+01 -2.180000e+02 5.000000e+01
      vertex   2.480762e+00 -2.092217e+02 5.000000e+01
      vertex   2.546778e+00 -2.094766e+02 5.000000e+01
    endloop
  endfacet
  facet normal 9.069162e-16 -2.113365e-15 1.000000e+00
    outer loop
      vertex   -9.029939e-01 -2.075618e+02 5.000000e+01
      vertex   -9.633997e-01 -1.874149e+02 5.000000e+01
      vertex   -1.145025e+00 -2.076657e+02 5.000000e+01
    endloop
  endfacet
  facet normal -9.622033e-16 -2.096601e-15 1.000000e+00
    outer loop
      vertex   -1.145025e+00 -2.076657e+02 5.000000e+01
      vertex   -9.633997e-01 -1.874149e+02 5.000000e+01
      vertex   -1.202771e+00 -1.873051e+02 5.000000e+01
    endloop
  endfacet
  facet normal 1.160367e-15 -2.090581e-15 1.000000e+00
    outer loop
      vertex   -1.145025e+00 -2.076657e+02 5.000000e+01
      vertex   -1.202771e+00 -1.873051e+02 5.000000e+01
      vertex   -1.375307e+00 -2.077935e+02 5.000000e+01
    endloop
  endfacet
  facet normal -1.217631e-15 -2.070555e-15 1.000000e+00
    outer loop
      vertex   -1.375307e+00 -2.077935e+02 5.000000e+01
      vertex   -1.202771e+00 -1.873051e+02 5.000000e+01
      vertex   -1.429800e+00 -1.871716e+02 5.000000e+01
    endloop
  endfacet
  facet normal 1.436268e-15 -2.063543e-15 1.000000e+00
    outer loop
      vertex   -1.375307e+00 -2.077935e+02 5.000000e+01
      vertex   -1.429800e+00 -1.871716e+02 5.000000e+01
      vertex   -1.591476e+00 -2.079440e+02 5.000000e+01
    endloop
  endfacet
  facet normal -1.497130e-15 -2.040711e-15 1.000000e+00
    outer loop
      vertex   -1.591476e+00 -2.079440e+02 5.000000e+01
      vertex   -1.429800e+00 -1.871716e+02 5.000000e+01
      vertex   -1.642157e+00 -1.870158e+02 5.000000e+01
    endloop
  endfacet
  facet normal 1.745153e-15 -2.032860e-15 1.000000e+00
    outer loop
      vertex   -1.591476e+00 -2.079440e+02 5.000000e+01
      vertex   -1.642157e+00 -1.870158e+02 5.000000e+01
      vertex   -1.791314e+00 -2.081155e+02 5.000000e+01
    endloop
  endfacet
  facet normal -1.812287e-15 -2.007712e-15 1.000000e+00
    outer loop
      vertex   -1.791314e+00 -2.081155e+02 5.000000e+01
      vertex   -1.642157e+00 -1.870158e+02 5.000000e+01
      vertex   -1.837663e+00 -1.868393e+02 5.000000e+01
    endloop
  endfacet
  facet normal 2.103138e-15 -1.999182e-15 1.000000e+00
    outer loop
      vertex   -1.791314e+00 -2.081155e+02 5.000000e+01
      vertex   -1.837663e+00 -1.868393e+02 5.000000e+01
      vertex   -1.972771e+00 -2.083064e+02 5.000000e+01
    endloop
  endfacet
  facet normal -2.181002e-15 -1.972219e-15 1.000000e+00
    outer loop
      vertex   -1.972771e+00 -2.083064e+02 5.000000e+01
      vertex   -1.837663e+00 -1.868393e+02 5.000000e+01
      vertex   -2.014313e+00 -1.866439e+02 5.000000e+01
    endloop
  endfacet
  facet normal 2.536210e-15 -1.963173e-15 1.000000e+00
    outer loop
      vertex   -1.972771e+00 -2.083064e+02 5.000000e+01
      vertex   -2.014313e+00 -1.866439e+02 5.000000e+01
      vertex   -2.133985e+00 -2.085147e+02 5.000000e+01
    endloop
  endfacet
  facet normal -2.632522e-15 -1.934891e-15 1.000000e+00
    outer loop
      vertex   -2.133985e+00 -2.085147e+02 5.000000e+01
      vertex   -2.014313e+00 -1.866439e+02 5.000000e+01
      vertex   -2.170293e+00 -1.864317e+02 5.000000e+01
    endloop
  endfacet
  facet normal 3.089152e-15 -1.925483e-15 1.000000e+00
    outer loop
      vertex   -2.133985e+00 -2.085147e+02 5.000000e+01
      vertex   -2.170293e+00 -1.864317e+02 5.000000e+01
      vertex   -2.273301e+00 -2.087382e+02 5.000000e+01
    endloop
  endfacet
  facet normal -3.218187e-15 -1.896357e-15 1.000000e+00
    outer loop
      vertex   -2.273301e+00 -2.087382e+02 5.000000e+01
      vertex   -2.170293e+00 -1.864317e+02 5.000000e+01
      vertex   -2.304003e+00 -1.862048e+02 5.000000e+01
    endloop
  endfacet
  facet normal 3.846364e-15 -1.886731e-15 1.000000e+00
    outer loop
      vertex   -2.273301e+00 -2.087382e+02 5.000000e+01
      vertex   -2.304003e+00 -1.862048e+02 5.000000e+01
      vertex   -2.389291e+00 -2.089747e+02 5.000000e+01
    endloop
  endfacet
  facet normal -4.702649e-15 -1.854710e-15 1.000000e+00
    outer loop
      vertex   -2.389291e+00 -2.089747e+02 5.000000e+01
      vertex   -2.304003e+00 -1.862048e+02 5.000000e+01
      vertex   -1.500000e+01 -1.770000e+02 5.000000e+01
    endloop
  endfacet
  facet normal -4.394130e-16 -1.733031e-16 1.000000e+00
    outer loop
      vertex   -2.389291e+00 -2.089747e+02 5.000000e+01
      vertex   -1.500000e+01 -1.770000e+02 5.000000e+01
      vertex   -1.500000e+01 -2.180000e+02 5.000000e+01
    endloop
  endfacet
  facet normal -5.038291e-15 -2.317653e-15 1.000000e+00
    outer loop
      vertex   -2.304003e+00 -1.862048e+02 5.000000e+01
      vertex   -2.414071e+00 -1.859655e+02 5.000000e+01
      vertex   -1.500000e+01 -1.770000e+02 5.000000e+01
    endloop
  endfacet
  facet normal -4.479632e-15 -1.533402e-15 1.000000e+00
    outer loop
      vertex   -1.500000e+01 -1.770000e+02 5.000000e+01
      vertex   -2.414071e+00 -1.859655e+02 5.000000e+01
      vertex   -2.499367e+00 -1.857164e+02 5.000000e+01
    endloop
  endfacet
  facet normal -4.070364e-15 -9.464465e-16 1.000000e+00
    outer loop
      vertex   -1.500000e+01 -1.770000e+02 5.000000e+01
      vertex   -2.499367e+00 -1.857164e+02 5.000000e+01
      vertex   -2.559016e+00 -1.854598e+02 5.000000e+01
    endloop
  endfacet
  facet normal -3.752952e-15 -4.796619e-16 1.000000e+00
    outer loop
      vertex   -2.559016e+00 -1.854598e+02 5.000000e+01
      vertex   -2.592406e+00 -1.851986e+02 5.000000e+01
      vertex   -1.500000e+01 -1.770000e+02 5.000000e+01
    endloop
  endfacet
  facet normal -3.495561e-15 -9.012966e-17 1.000000e+00
    outer loop
      vertex   -1.500000e+01 -1.770000e+02 5.000000e+01
      vertex   -2.592406e+00 -1.851986e+02 5.000000e+01
      vertex   -2.599195e+00 -1.849353e+02 5.000000e+01
    endloop
  endfacet
  facet normal -3.279033e-15 2.482474e-16 1.000000e+00
    outer loop
      vertex   -1.500000e+01 -1.770000e+02 5.000000e+01
      vertex   -2.599195e+00 -1.849353e+02 5.000000e+01
      vertex   -2.579312e+00 -1.846727e+02 5.000000e+01
    endloop
  endfacet
  facet normal -3.091027e-15 5.525950e-16 1.000000e+00
    outer loop
      vertex   -2.579312e+00 -1.846727e+02 5.000000e+01
      vertex   -2.532962e+00 -1.844134e+02 5.000000e+01
      vertex   -1.500000e+01 -1.770000e+02 5.000000e+01
    endloop
  endfacet
  facet normal -2.923096e-15 8.350031e-16 1.000000e+00
    outer loop
      vertex   -1.500000e+01 -1.770000e+02 5.000000e+01
      vertex   -2.532962e+00 -1.844134e+02 5.000000e+01
      vertex   -2.460621e+00 -1.841602e+02 5.000000e+01
    endloop
  endfacet
  facet normal -2.769100e-15 1.104693e-15 1.000000e+00
    outer loop
      vertex   -1.500000e+01 -1.770000e+02 5.000000e+01
      vertex   -2.460621e+00 -1.841602e+02 5.000000e+01
      vertex   -2.363030e+00 -1.839155e+02 5.000000e+01
    endloop
  endfacet
  facet normal -2.624277e-15 1.369331e-15 1.000000e+00
    outer loop
      vertex   -2.363030e+00 -1.839155e+02 5.000000e+01
      vertex   -2.241191e+00 -1.836820e+02 5.000000e+01
      vertex   -1.500000e+01 -1.770000e+02 5.000000e+01
    endloop
  endfacet
  facet normal -2.484648e-15 1.635943e-15 1.000000e+00
    outer loop
      vertex   -1.500000e+01 -1.770000e+02 5.000000e+01
      vertex   -2.241191e+00 -1.836820e+02 5.000000e+01
      vertex   -2.096355e+00 -1.834621e+02 5.000000e+01
    endloop
  endfacet
  facet normal -2.346576e-15 1.911651e-15 1.000000e+00
    outer loop
      vertex   -1.500000e+01 -1.770000e+02 5.000000e+01
      vertex   -2.096355e+00 -1.834621e+02 5.000000e+01
      vertex   -1.930007e+00 -1.832579e+02 5.000000e+01
    endloop
  endfacet
  facet normal -2.206391e-15 2.204437e-15 1.000000e+00
    outer loop
      vertex   -1.930007e+00 -1.832579e+02 5.000000e+01
      vertex   -1.743855e+00 -1.830715e+02 5.000000e+01
      vertex   -1.500000e+01 -1.770000e+02 5.000000e+01
    endloop
  endfacet
  facet normal -2.059985e-15 2.524089e-15 1.000000e+00
    outer loop
      vertex   -1.500000e+01 -1.770000e+02 5.000000e+01
      vertex   -1.743855e+00 -1.830715e+02 5.000000e+01
      vertex   -1.539809e+00 -1.829050e+02 5.000000e+01
    endloop
  endfacet
  facet normal -1.902274e-15 2.883584e-15 1.000000e+00
    outer loop
      vertex   -1.500000e+01 -1.770000e+02 5.000000e+01
      vertex   -1.539809e+00 -1.829050e+02 5.000000e+01
      vertex   -1.319962e+00 -1.827600e+02 5.000000e+01
    endloop
  endfacet
  facet normal -1.726361e-15 3.301379e-15 1.000000e+00
    outer loop
      vertex   -1.319962e+00 -1.827600e+02 5.000000e+01
      vertex   -1.086570e+00 -1.826379e+02 5.000000e+01
      vertex   -1.500000e+01 -1.770000e+02 5.000000e+01
    endloop
  endfacet
  facet normal -1.522071e-15 3.805532e-15 1.000000e+00
    outer loop
      vertex   -1.500000e+01 -1.770000e+02 5.000000e+01
      vertex   -1.086570e+00 -1.826379e+02 5.000000e+01
      vertex   -8.420286e-01 -1.825401e+02 5.000000e+01
    endloop
  endfacet
  facet normal -1.273091e-15 4.441808e-15 1.000000e+00
    outer loop
      vertex   -1.500000e+01 -1.770000e+02 5.000000e+01
      vertex   -8.420286e-01 -1.825401e+02 5.000000e+01
      vertex   -5.888469e-01 -1.824676e+02 5.000000e+01
    endloop
  endfacet
  facet normal -9.507876e-16 5.291320e-15 1.000000e+00
    outer loop
      vertex   -5.888469e-01 -1.824676e+02 5.000000e+01
      vertex   -3.296229e-01 -1.824210e+02 5.000000e+01
      vertex   -1.500000e+01 -1.770000e+02 5.000000e+01
    endloop
  endfacet
  facet normal -4.989662e-16 6.514050e-15 1.000000e+00
    outer loop
      vertex   -1.500000e+01 -1.770000e+02 5.000000e+01
      vertex   -3.296229e-01 -1.824210e+02 5.000000e+01
      vertex   -6.701645e-02 -1.824009e+02 5.000000e+01
    endloop
  endfacet
  facet normal -0.000000e+00 7.893653e-15 1.000000e+00
    outer loop
      vertex   -1.500000e+01 -1.770000e+02 5.000000e+01
      vertex   -6.701645e-02 -1.824009e+02 5.000000e+01
      vertex   1.500000e+01 -1.770000e+02 5.000000e+01
    endloop
  endfacet
  facet normal 1.837693e-16 7.380984e-15 1.000000e+00
    outer loop
      vertex   1.500000e+01 -1.770000e+02 5.000000e+01
      vertex   -6.701645e-02 -1.824009e+02 5.000000e+01
      vertex   1.962776e-01 -1.824074e+02 5.000000e+01
    endloop
  endfacet
  facet normal 7.425677e-16 5.851180e-15 1.000000e+00
    outer loop
      vertex   1.500000e+01 -1.770000e+02 5.000000e+01
      vertex   1.962776e-01 -1.824074e+02 5.000000e+01
      vertex   4.575576e-01 -1.824406e+02 5.000000e+01
    endloop
  endfacet
  facet normal 1.120878e-15 4.839971e-15 1.000000e+00
    outer loop
      vertex   4.575576e-01 -1.824406e+02 5.000000e+01
      vertex   7.141425e-01 -1.825000e+02 5.000000e+01
      vertex   1.500000e+01 -1.770000e+02 5.000000e+01
    endloop
  endfacet
  facet normal 1.402389e-15 4.108769e-15 1.000000e+00
    outer loop
      vertex   1.500000e+01 -1.770000e+02 5.000000e+01
      vertex   7.141425e-01 -1.825000e+02 5.000000e+01
      vertex   9.633993e-01 -1.825851e+02 5.000000e+01
    endloop
  endfacet
  facet normal 1.626809e-15 3.544749e-15 1.000000e+00
    outer loop
      vertex   1.500000e+01 -1.770000e+02 5.000000e+01
      vertex   9.633993e-01 -1.825851e+02 5.000000e+01
      vertex   1.202770e+00 -1.826949e+02 5.000000e+01
    endloop
  endfacet
  facet normal 1.815593e-15 3.087377e-15 1.000000e+00
    outer loop
      vertex   1.202770e+00 -1.826949e+02 5.000000e+01
      vertex   1.429799e+00 -1.828284e+02 5.000000e+01
      vertex   1.500000e+01 -1.770000e+02 5.000000e+01
    endloop
  endfacet
  facet normal 1.981542e-15 2.701004e-15 1.000000e+00
    outer loop
      vertex   1.500000e+01 -1.770000e+02 5.000000e+01
      vertex   1.429799e+00 -1.828284e+02 5.000000e+01
      vertex   1.642156e+00 -1.829842e+02 5.000000e+01
    endloop
  endfacet
  facet normal 2.132974e-15 2.362980e-15 1.000000e+00
    outer loop
      vertex   1.500000e+01 -1.770000e+02 5.000000e+01
      vertex   1.642156e+00 -1.829842e+02 5.000000e+01
      vertex   1.837663e+00 -1.831607e+02 5.000000e+01
    endloop
  endfacet
  facet normal 2.275764e-15 2.057910e-15 1.000000e+00
    outer loop
      vertex   1.837663e+00 -1.831607e+02 5.000000e+01
      vertex   2.014313e+00 -1.833561e+02 5.000000e+01
      vertex   1.500000e+01 -1.770000e+02 5.000000e+01
    endloop
  endfacet
  facet normal 2.414436e-15 1.774598e-15 1.000000e+00
    outer loop
      vertex   1.500000e+01 -1.770000e+02 5.000000e+01
      vertex   2.014313e+00 -1.833561e+02 5.000000e+01
      vertex   2.170293e+00 -1.835683e+02 5.000000e+01
    endloop
  endfacet
  facet normal 2.552825e-15 1.504284e-15 1.000000e+00
    outer loop
      vertex   1.500000e+01 -1.770000e+02 5.000000e+01
      vertex   2.170293e+00 -1.835683e+02 5.000000e+01
      vertex   2.304002e+00 -1.837952e+02 5.000000e+01
    endloop
  endfacet
  facet normal 2.694539e-15 1.239509e-15 1.000000e+00
    outer loop
      vertex   2.304002e+00 -1.837952e+02 5.000000e+01
      vertex   2.414070e+00 -1.840345e+02 5.000000e+01
      vertex   1.500000e+01 -1.770000e+02 5.000000e+01
    endloop
  endfacet
  facet normal 2.843334e-15 9.732881e-16 1.000000e+00
    outer loop
      vertex   1.500000e+01 -1.770000e+02 5.000000e+01
      vertex   2.414070e+00 -1.840345e+02 5.000000e+01
      vertex   2.499366e+00 -1.842836e+02 5.000000e+01
    endloop
  endfacet
  facet normal 3.003512e-15 6.983807e-16 1.000000e+00
    outer loop
      vertex   1.500000e+01 -1.770000e+02 5.000000e+01
      vertex   2.499366e+00 -1.842836e+02 5.000000e+01
      vertex   2.559015e+00 -1.845402e+02 5.000000e+01
    endloop
  endfacet
  facet normal 3.180422e-15 4.064872e-16 1.000000e+00
    outer loop
      vertex   2.559015e+00 -1.845402e+02 5.000000e+01
      vertex   2.592406e+00 -1.848014e+02 5.000000e+01
      vertex   1.500000e+01 -1.770000e+02 5.000000e+01
    endloop
  endfacet
  facet normal 3.381190e-15 8.718072e-17 1.000000e+00
    outer loop
      vertex   1.500000e+01 -1.770000e+02 5.000000e+01
      vertex   2.592406e+00 -1.848014e+02 5.000000e+01
      vertex   2.599194e+00 -1.850647e+02 5.000000e+01
    endloop
  endfacet
  facet normal 3.615918e-15 -2.737522e-16 1.000000e+00
    outer loop
      vertex   1.500000e+01 -1.770000e+02 5.000000e+01
      vertex   2.599194e+00 -1.850647e+02 5.000000e+01
      vertex   2.579312e+00 -1.853273e+02 5.000000e+01
    endloop
  endfacet
  facet normal 3.899804e-15 -6.971831e-16 1.000000e+00
    outer loop
      vertex   2.579312e+00 -1.853273e+02 5.000000e+01
      vertex   2.532962e+00 -1.855866e+02 5.000000e+01
      vertex   1.500000e+01 -1.770000e+02 5.000000e+01
    endloop
  endfacet
  facet normal 4.257205e-15 -1.216101e-15 1.000000e+00
    outer loop
      vertex   1.500000e+01 -1.770000e+02 5.000000e+01
      vertex   2.532962e+00 -1.855866e+02 5.000000e+01
      vertex   2.460620e+00 -1.858399e+02 5.000000e+01
    endloop
  endfacet
  facet normal 4.730199e-15 -1.887045e-15 1.000000e+00
    outer loop
      vertex   1.500000e+01 -1.770000e+02 5.000000e+01
      vertex   2.460620e+00 -1.858399e+02 5.000000e+01
      vertex   2.363030e+00 -1.860845e+02 5.000000e+01
    endloop
  endfacet
  facet normal 0.000000e+00 -1.315007e-15 1.000000e+00
    outer loop
      vertex   1.500000e+01 -2.180000e+02 5.000000e+01
      vertex   -1.316881e-01 -2.125967e+02 5.000000e+01
      vertex   -1.500000e+01 -2.180000e+02 5.000000e+01
    endloop
  endfacet
  facet normal -1.044859e-16 -1.027494e-15 1.000000e+00
    outer loop
      vertex   -1.500000e+01 -2.180000e+02 5.000000e+01
      vertex   -1.316881e-01 -2.125967e+02 5.000000e+01
      vertex   -3.937124e-01 -2.125700e+02 5.000000e+01
    endloop
  endfacet
  facet normal -1.731811e-16 -8.427089e-16 1.000000e+00
    outer loop
      vertex   -1.500000e+01 -2.180000e+02 5.000000e+01
      vertex   -3.937124e-01 -2.125700e+02 5.000000e+01
      vertex   -6.516968e-01 -2.125170e+02 5.000000e+01
    endloop
  endfacet
  facet normal 5.924010e-16 3.004318e-17 1.000000e+00
    outer loop
      vertex   2.586660e+00 -2.097370e+02 5.000000e+01
      vertex   2.600000e+00 -2.100000e+02 5.000000e+01
      vertex   1.500000e+01 -2.180000e+02 5.000000e+01
    endloop
  endfacet
  facet normal 5.548638e-16 -2.813951e-17 1.000000e+00
    outer loop
      vertex   1.500000e+01 -2.180000e+02 5.000000e+01
      vertex   2.600000e+00 -2.100000e+02 5.000000e+01
      vertex   2.586660e+00 -2.102630e+02 5.000000e+01
    endloop
  endfacet
  facet normal 5.225117e-16 -8.004585e-17 1.000000e+00
    outer loop
      vertex   1.500000e+01 -2.180000e+02 5.000000e+01
      vertex   2.586660e+00 -2.102630e+02 5.000000e+01
      vertex   2.546778e+00 -2.105234e+02 5.000000e+01
    endloop
  endfacet
  facet normal 4.938078e-16 -1.278557e-16 1.000000e+00
    outer loop
      vertex   2.546778e+00 -2.105234e+02 5.000000e+01
      vertex   2.480762e+00 -2.107783e+02 5.000000e+01
      vertex   1.500000e+01 -2.180000e+02 5.000000e+01
    endloop
  endfacet
  facet normal 4.676517e-16 -1.731992e-16 1.000000e+00
    outer loop
      vertex   1.500000e+01 -2.180000e+02 5.000000e+01
      vertex   2.480762e+00 -2.107783e+02 5.000000e+01
      vertex   2.389290e+00 -2.110253e+02 5.000000e+01
    endloop
  endfacet
  facet normal 4.432041e-16 -2.174020e-16 1.000000e+00
    outer loop
      vertex   1.500000e+01 -2.180000e+02 5.000000e+01
      vertex   2.389290e+00 -2.110253e+02 5.000000e+01
      vertex   2.273301e+00 -2.112618e+02 5.000000e+01
    endloop
  endfacet
  facet normal 4.197773e-16 -2.616492e-16 1.000000e+00
    outer loop
      vertex   2.273301e+00 -2.112618e+02 5.000000e+01
      vertex   2.133985e+00 -2.114853e+02 5.000000e+01
      vertex   1.500000e+01 -2.180000e+02 5.000000e+01
    endloop
  endfacet
  facet normal 3.967568e-16 -3.071127e-16 1.000000e+00
    outer loop
      vertex   1.500000e+01 -2.180000e+02 5.000000e+01
      vertex   2.133985e+00 -2.114853e+02 5.000000e+01
      vertex   1.972771e+00 -2.116936e+02 5.000000e+01
    endloop
  endfacet
  facet normal 3.735385e-16 -3.550749e-16 1.000000e+00
    outer loop
      vertex   1.500000e+01 -2.180000e+02 5.000000e+01
      vertex   1.972771e+00 -2.116936e+02 5.000000e+01
      vertex   1.791314e+00 -2.118845e+02 5.000000e+01
    endloop
  endfacet
  facet normal 3.494627e-16 -4.070753e-16 1.000000e+00
    outer loop
      vertex   1.791314e+00 -2.118845e+02 5.000000e+01
      vertex   1.591475e+00 -2.120560e+02 5.000000e+01
      vertex   1.500000e+01 -2.180000e+02 5.000000e+01
    endloop
  endfacet
  facet normal 3.237321e-16 -4.651186e-16 1.000000e+00
    outer loop
      vertex   1.500000e+01 -2.180000e+02 5.000000e+01
      vertex   1.591475e+00 -2.120560e+02 5.000000e+01
      vertex   1.375306e+00 -2.122065e+02 5.000000e+01
    endloop
  endfacet
  facet normal 2.952889e-16 -5.320087e-16 1.000000e+00
    outer loop
      vertex   1.500000e+01 -2.180000e+02 5.000000e+01
      vertex   1.375306e+00 -2.122065e+02 5.000000e+01
      vertex   1.145025e+00 -2.123343e+02 5.000000e+01
    endloop
  endfacet
  facet normal 2.626034e-16 -6.119383e-16 1.000000e+00
    outer loop
      vertex   1.145025e+00 -2.123343e+02 5.000000e+01
      vertex   9.029934e-01 -2.124382e+02 5.000000e+01
      vertex   1.500000e+01 -2.180000e+02 5.000000e+01
    endloop
  endfacet
  facet normal 2.232734e-16 -7.116238e-16 1.000000e+00
    outer loop
      vertex   1.500000e+01 -2.180000e+02 5.000000e+01
      vertex   9.029934e-01 -2.124382e+02 5.000000e+01
      vertex   6.516964e-01 -2.125170e+02 5.000000e+01
    endloop
  endfacet
  facet normal 1.731811e-16 -8.427089e-16 1.000000e+00
    outer loop
      vertex   1.500000e+01 -2.180000e+02 5.000000e+01
      vertex   6.516964e-01 -2.125170e+02 5.000000e+01
      vertex   3.937120e-01 -2.125700e+02 5.000000e+01
    endloop
  endfacet
  facet normal 1.044859e-16 -1.027494e-15 1.000000e+00
    outer loop
      vertex   3.937120e-01 -2.125700e+02 5.000000e+01
      vertex   1.316876e-01 -2.125967e+02 5.000000e+01
      vertex   1.500000e+01 -2.180000e+02 5.000000e+01
    endloop
  endfacet
  facet normal 0.000000e+00 -1.315007e-15 1.000000e+00
    outer loop
      vertex   1.500000e+01 -2.180000e+02 5.000000e+01
      vertex   1.316876e-01 -2.125967e+02 5.000000e+01
      vertex   -1.316881e-01 -2.125967e+02 5.000000e+01
    endloop
  endfacet
  facet normal -2.232734e-16 -7.116238e-16 1.000000e+00
    outer loop
      vertex   -6.516968e-01 -2.125170e+02 5.000000e+01
      vertex   -9.029939e-01 -2.124382e+02 5.000000e+01
      vertex   -1.500000e+01 -2.180000e+02 5.000000e+01
    endloop
  endfacet
  facet normal -2.626034e-16 -6.119383e-16 1.000000e+00
    outer loop
      vertex   -1.500000e+01 -2.180000e+02 5.000000e+01
      vertex   -9.029939e-01 -2.124382e+02 5.000000e+01
      vertex   -1.145025e+00 -2.123343e+02 5.000000e+01
    endloop
  endfacet
  facet normal -2.952889e-16 -5.320087e-16 1.000000e+00
    outer loop
      vertex   -1.500000e+01 -2.180000e+02 5.000000e+01
      vertex   -1.145025e+00 -2.123343e+02 5.000000e+01
      vertex   -1.375307e+00 -2.122065e+02 5.000000e+01
    endloop
  endfacet
  facet normal -3.237321e-16 -4.651186e-16 1.000000e+00
    outer loop
      vertex   -1.375307e+00 -2.122065e+02 5.000000e+01
      vertex   -1.591476e+00 -2.120560e+02 5.000000e+01
      vertex   -1.500000e+01 -2.180000e+02 5.000000e+01
    endloop
  endfacet
  facet normal -3.494627e-16 -4.070753e-16 1.000000e+00
    outer loop
      vertex   -1.500000e+01 -2.180000e+02 5.000000e+01
      vertex   -1.591476e+00 -2.120560e+02 5.000000e+01
      vertex   -1.791314e+00 -2.118845e+02 5.000000e+01
    endloop
  endfacet
  facet normal -3.735385e-16 -3.550749e-16 1.000000e+00
    outer loop
      vertex   -1.500000e+01 -2.180000e+02 5.000000e+01
      vertex   -1.791314e+00 -2.118845e+02 5.000000e+01
      vertex   -1.972771e+00 -2.116936e+02 5.000000e+01
    endloop
  endfacet
  facet normal -3.967568e-16 -3.071127e-16 1.000000e+00
    outer loop
      vertex   -1.972771e+00 -2.116936e+02 5.000000e+01
      vertex   -2.133985e+00 -2.114853e+02 5.000000e+01
      vertex   -1.500000e+01 -2.180000e+02 5.000000e+01
    endloop
  endfacet
  facet normal -4.197773e-16 -2.616492e-16 1.000000e+00
    outer loop
      vertex   -1.500000e+01 -2.180000e+02 5.000000e+01
      vertex   -2.133985e+00 -2.114853e+02 5.000000e+01
      vertex   -2.273301e+00 -2.112618e+02 5.000000e+01
    endloop
  endfacet
  facet normal -4.432041e-16 -2.174020e-16 1.000000e+00
    outer loop
      vertex   -1.500000e+01 -2.180000e+02 5.000000e+01
      vertex   -2.273301e+00 -2.112618e+02 5.000000e+01
      vertex   -2.389291e+00 -2.110253e+02 5.000000e+01
    endloop
  endfacet
  facet normal -4.676517e-16 -1.731992e-16 1.000000e+00
    outer loop
      vertex   -2.389291e+00 -2.110253e+02 5.000000e+01
      vertex   -2.480762e+00 -2.107783e+02 5.000000e+01
      vertex   -1.500000e+01 -2.180000e+02 5.000000e+01
    endloop
  endfacet
  facet normal -4.938078e-16 -1.278557e-16 1.000000e+00
    outer loop
      vertex   -1.500000e+01 -2.180000e+02 5.000000e+01
      vertex   -2.480762e+00 -2.107783e+02 5.000000e+01
      vertex   -2.546778e+00 -2.105234e+02 5.000000e+01
    endloop
  endfacet
  facet normal -5.225117e-16 -8.004585e-17 1.000000e+00
    outer loop
      vertex   -1.500000e+01 -2.180000e+02 5.000000e+01
      vertex   -2.546778e+00 -2.105234e+02 5.000000e+01
      vertex   -2.586660e+00 -2.102630e+02 5.000000e+01
    endloop
  endfacet
  facet normal -5.548638e-16 -2.813951e-17 1.000000e+00
    outer loop
      vertex   -2.586660e+00 -2.102630e+02 5.000000e+01
      vertex   -2.600000e+00 -2.100000e+02 5.000000e+01
      vertex   -1.500000e+01 -2.180000e+02 5.000000e+01
    endloop
  endfacet
  facet normal -5.924010e-16 3.004318e-17 1.000000e+00
    outer loop
      vertex   -1.500000e+01 -2.180000e+02 5.000000e+01
      vertex   -2.600000e+00 -2.100000e+02 5.000000e+01
      vertex   -2.586660e+00 -2.097370e+02 5.000000e+01
    endloop
  endfacet
  facet normal -6.374016e-16 9.764633e-17 1.000000e+00
    outer loop
      vertex   -1.500000e+01 -2.180000e+02 5.000000e+01
      vertex   -2.586660e+00 -2.097370e+02 5.000000e+01
      vertex   -2.546778e+00 -2.094766e+02 5.000000e+01
    endloop
  endfacet
  facet normal -6.934582e-16 1.795488e-16 1.000000e+00
    outer loop
      vertex   -2.546778e+00 -2.094766e+02 5.000000e+01
      vertex   -2.480762e+00 -2.092217e+02 5.000000e+01
      vertex   -1.500000e+01 -2.180000e+02 5.000000e+01
    endloop
  endfacet
  facet normal -7.666544e-16 2.839376e-16 1.000000e+00
    outer loop
      vertex   -1.500000e+01 -2.180000e+02 5.000000e+01
      vertex   -2.480762e+00 -2.092217e+02 5.000000e+01
      vertex   -2.389291e+00 -2.089747e+02 5.000000e+01
    endloop
  endfacet
  facet normal 6.374016e-16 9.764633e-17 1.000000e+00
    outer loop
      vertex   2.546778e+00 -2.094766e+02 5.000000e+01
      vertex   2.586660e+00 -2.097370e+02 5.000000e+01
      vertex   1.500000e+01 -2.180000e+02 5.000000e+01
    endloop
  endfacet
  facet normal -0.000000e+00 7.071068e-01 7.071068e-01
    outer loop
      vertex   -1.500000e+01 -1.770000e+02 5.000000e+01
      vertex   1.500000e+01 -1.770000e+02 5.000000e+01
      vertex   -1.600000e+01 -1.760000e+02 4.900000e+01
    endloop
  endfacet
  facet normal -1.570092e-16 7.071068e-01 7.071068e-01
    outer loop
      vertex   -1.600000e+01 -1.760000e+02 4.900000e+01
      vertex   1.500000e+01 -1.770000e+02 5.000000e+01
      vertex   1.600000e+01 -1.760000e+02 4.900000e+01
    endloop
  endfacet
  facet normal -1.570092e-16 7.071068e-01 7.071068e-01
    outer loop
      vertex   -1.600000e+01 -1.760000e+02 4.900000e+01
      vertex   1.600000e+01 -1.760000e+02 4.900000e+01
      vertex   -1.500000e+01 -1.750000e+02 4.800000e+01
    endloop
  endfacet
  facet normal -1.674765e-16 7.071068e-01 7.071068e-01
    outer loop
      vertex   -1.500000e+01 -1.750000e+02 4.800000e+01
      vertex   1.600000e+01 -1.760000e+02 4.900000e+01
      vertex   1.500000e+01 -1.750000e+02 4.800000e+01
    endloop
  endfacet
  facet normal -7.071068e-01 7.071068e-01 -2.242989e-16
    outer loop
      vertex   -1.500000e+01 -1.750000e+02 4.800000e+01
      vertex   -1.500000e+01 -1.750000e+02 2.000000e+01
      vertex   -1.600000e+01 -1.760000e+02 4.900000e+01
    endloop
  endfacet
  facet normal -7.071068e-01 7.071068e-01 -6.998126e-16
    outer loop
      vertex   -1.600000e+01 -1.760000e+02 4.900000e+01
      vertex   -1.500000e+01 -1.750000e+02 2.000000e+01
      vertex   -2.000000e+01 -1.800000e+02 2.500000e+01
    endloop
  endfacet
  facet normal -7.071068e-01 7.071068e-01 -1.256074e-16
    outer loop
      vertex   -1.600000e+01 -1.760000e+02 4.900000e+01
      vertex   -2.000000e+01 -1.800000e+02 2.500000e+01
      vertex   -2.000000e+01 -1.800000e+02 4.500000e+01
    endloop
  endfacet
  facet normal -7.071068e-01 -7.071068e-01 0.000000e+00
    outer loop
      vertex   -2.000000e+01 -2.180000e+02 3.800000e+01
      vertex   -1.800000e+01 -2.200000e+02 4.000000e+01
      vertex   -2.000000e+01 -2.180000e+02 4.500000e+01
    endloop
  endfacet
  facet normal -7.071068e-01 -7.071068e-01 0.000000e+00
    outer loop
      vertex   -2.000000e+01 -2.180000e+02 4.500000e+01
      vertex   -1.800000e+01 -2.200000e+02 4.000000e+01
      vertex   -1.800000e+01 -2.200000e+02 4.700000e+01
    endloop
  endfacet
  facet normal 7.071068e-01 -1.225438e-16 7.071068e-01
    outer loop
      vertex   1.500000e+01 -1.770000e+02 5.000000e+01
      vertex   1.500000e+01 -2.180000e+02 5.000000e+01
      vertex   1.600000e+01 -1.760000e+02 4.900000e+01
    endloop
  endfacet
  facet normal 7.071068e-01 -1.898716e-16 7.071068e-01
    outer loop
      vertex   1.600000e+01 -1.760000e+02 4.900000e+01
      vertex   1.500000e+01 -2.180000e+02 5.000000e+01
      vertex   1.700000e+01 -2.200000e+02 4.800000e+01
    endloop
  endfacet
  facet normal 7.071068e-01 -1.712828e-16 7.071068e-01
    outer loop
      vertex   1.600000e+01 -1.760000e+02 4.900000e+01
      vertex   1.700000e+01 -2.200000e+02 4.800000e+01
      vertex   1.800000e+01 -2.200000e+02 4.700000e+01
    endloop
  endfacet
  facet normal 7.071068e-01 -1.322183e-16 7.071068e-01
    outer loop
      vertex   2.000000e+01 -2.180000e+02 4.500000e+01
      vertex   2.000000e+01 -1.800000e+02 4.500000e+01
      vertex   1.800000e+01 -2.200000e+02 4.700000e+01
    endloop
  endfacet
  facet normal 7.071068e-01 -1.495326e-16 7.071068e-01
    outer loop
      vertex   1.800000e+01 -2.200000e+02 4.700000e+01
      vertex   2.000000e+01 -1.800000e+02 4.500000e+01
      vertex   1.600000e+01 -1.760000e+02 4.900000e+01
    endloop
  endfacet
  facet normal 7.071068e-01 7.071068e-01 1.794391e-16
    outer loop
      vertex   1.500000e+01 -1.750000e+02 4.800000e+01
      vertex   1.600000e+01 -1.760000e+02 4.900000e+01
      vertex   1.500000e+01 -1.750000e+02 2.000000e+01
    endloop
  endfacet
  facet normal 7.071068e-01 7.071068e-01 -3.588783e-16
    outer loop
      vertex   1.500000e+01 -1.750000e+02 2.000000e+01
      vertex   1.600000e+01 -1.760000e+02 4.900000e+01
      vertex   2.000000e+01 -1.800000e+02 2.500000e+01
    endloop
  endfacet
  facet normal 7.071068e-01 7.071068e-01 1.256074e-16
    outer loop
      vertex   2.000000e+01 -1.800000e+02 2.500000e+01
      vertex   1.600000e+01 -1.760000e+02 4.900000e+01
      vertex   2.000000e+01 -1.800000e+02 4.500000e+01
    endloop
  endfacet
  facet normal 7.071068e-01 -2.139978e-15 -7.071068e-01
    outer loop
      vertex   1.500000e+01 -2.020000e+02 2.000000e+01
      vertex   1.500000e+01 -1.750000e+02 2.000000e+01
      vertex   1.650000e+01 -2.035000e+02 2.150000e+01
    endloop
  endfacet
  facet normal 7.071068e-01 9.304251e-18 -7.071068e-01
    outer loop
      vertex   1.650000e+01 -2.035000e+02 2.150000e+01
      vertex   1.500000e+01 -1.750000e+02 2.000000e+01
      vertex   2.000000e+01 -1.800000e+02 2.500000e+01
    endloop
  endfacet
  facet normal 7.071068e-01 0.000000e+00 -7.071068e-01
    outer loop
      vertex   1.650000e+01 -2.035000e+02 2.150000e+01
      vertex   2.000000e+01 -1.800000e+02 2.500000e+01
      vertex   2.000000e+01 -2.000000e+02 2.500000e+01
    endloop
  endfacet
  facet normal 1.000000e+00 -1.655172e-15 -8.394085e-17
    outer loop
      vertex   2.000000e+01 -1.824133e+02 3.026304e+01
      vertex   2.000000e+01 -1.824000e+02 3.000000e+01
      vertex   2.000000e+01 -1.800000e+02 2.500000e+01
    endloop
  endfacet
  facet normal 1.000000e+00 -1.338841e-15 6.789834e-17
    outer loop
      vertex   2.000000e+01 -1.800000e+02 2.500000e+01
      vertex   2.000000e+01 -1.824000e+02 3.000000e+01
      vertex   2.000000e+01 -1.824133e+02 2.973696e+01
    endloop
  endfacet
  facet normal 1.000000e+00 -1.131791e-15 1.733841e-16
    outer loop
      vertex   2.000000e+01 -1.800000e+02 2.500000e+01
      vertex   2.000000e+01 -1.824133e+02 2.973696e+01
      vertex   2.000000e+01 -1.824532e+02 2.947662e+01
    endloop
  endfacet
  facet normal 1.000000e+00 -9.835038e-16 2.546468e-16
    outer loop
      vertex   2.000000e+01 -1.824532e+02 2.947662e+01
      vertex   2.000000e+01 -1.825192e+02 2.922166e+01
      vertex   2.000000e+01 -1.800000e+02 2.500000e+01
    endloop
  endfacet
  facet normal 1.000000e+00 -8.701723e-16 3.222764e-16
    outer loop
      vertex   2.000000e+01 -1.800000e+02 2.500000e+01
      vertex   2.000000e+01 -1.825192e+02 2.922166e+01
      vertex   2.000000e+01 -1.826107e+02 2.897468e+01
    endloop
  endfacet
  facet normal 1.000000e+00 -7.790384e-16 3.821366e-16
    outer loop
      vertex   2.000000e+01 -1.800000e+02 2.500000e+01
      vertex   2.000000e+01 -1.826107e+02 2.897468e+01
      vertex   2.000000e+01 -1.827267e+02 2.873822e+01
    endloop
  endfacet
  facet normal 1.000000e+00 -7.025688e-16 4.379145e-16
    outer loop
      vertex   2.000000e+01 -1.827267e+02 2.873822e+01
      vertex   2.000000e+01 -1.828660e+02 2.851470e+01
      vertex   2.000000e+01 -1.800000e+02 2.500000e+01
    endloop
  endfacet
  facet normal 1.000000e+00 -6.359348e-16 4.922502e-16
    outer loop
      vertex   2.000000e+01 -1.800000e+02 2.500000e+01
      vertex   2.000000e+01 -1.828660e+02 2.851470e+01
      vertex   2.000000e+01 -1.830272e+02 2.830643e+01
    endloop
  endfacet
  facet normal 1.000000e+00 -5.757831e-16 5.473226e-16
    outer loop
      vertex   2.000000e+01 -1.800000e+02 2.500000e+01
      vertex   2.000000e+01 -1.830272e+02 2.830643e+01
      vertex   2.000000e+01 -1.832087e+02 2.811554e+01
    endloop
  endfacet
  facet normal 1.000000e+00 -5.195653e-16 6.052212e-16
    outer loop
      vertex   2.000000e+01 -1.832087e+02 2.811554e+01
      vertex   2.000000e+01 -1.834085e+02 2.794398e+01
      vertex   2.000000e+01 -1.800000e+02 2.500000e+01
    endloop
  endfacet
  facet normal 1.000000e+00 -4.651206e-16 6.682570e-16
    outer loop
      vertex   2.000000e+01 -1.800000e+02 2.500000e+01
      vertex   2.000000e+01 -1.834085e+02 2.794398e+01
      vertex   2.000000e+01 -1.836247e+02 2.779353e+01
    endloop
  endfacet
  facet normal 1.000000e+00 -4.103547e-16 7.393176e-16
    outer loop
      vertex   2.000000e+01 -1.800000e+02 2.500000e+01
      vertex   2.000000e+01 -1.836247e+02 2.779353e+01
      vertex   2.000000e+01 -1.838550e+02 2.766571e+01
    endloop
  endfacet
  facet normal 1.000000e+00 -3.529134e-16 8.223856e-16
    outer loop
      vertex   2.000000e+01 -1.838550e+02 2.766571e+01
      vertex   2.000000e+01 -1.840970e+02 2.756184e+01
      vertex   2.000000e+01 -1.800000e+02 2.500000e+01
    endloop
  endfacet
  facet normal 1.000000e+00 -2.897289e-16 9.234328e-16
    outer loop
      vertex   2.000000e+01 -1.800000e+02 2.500000e+01
      vertex   2.000000e+01 -1.840970e+02 2.756184e+01
      vertex   2.000000e+01 -1.843483e+02 2.748300e+01
    endloop
  endfacet
  facet normal 1.000000e+00 -2.162238e-16 1.052157e-15
    outer loop
      vertex   2.000000e+01 -1.800000e+02 2.500000e+01
      vertex   2.000000e+01 -1.843483e+02 2.748300e+01
      vertex   2.000000e+01 -1.846063e+02 2.742998e+01
    endloop
  endfacet
  facet normal 1.000000e+00 -1.246467e-16 1.225751e-15
    outer loop
      vertex   2.000000e+01 -1.846063e+02 2.742998e+01
      vertex   2.000000e+01 -1.848683e+02 2.740334e+01
      vertex   2.000000e+01 -1.800000e+02 2.500000e+01
    endloop
  endfacet
  facet normal 1.000000e+00 0.000000e+00 1.478242e-15
    outer loop
      vertex   2.000000e+01 -1.800000e+02 2.500000e+01
      vertex   2.000000e+01 -1.848683e+02 2.740334e+01
      vertex   2.000000e+01 -1.851317e+02 2.740334e+01
    endloop
  endfacet
  facet normal 1.000000e+00 1.920152e-16 1.888239e-15
    outer loop
      vertex   2.000000e+01 -1.800000e+02 2.500000e+01
      vertex   2.000000e+01 -1.851317e+02 2.740334e+01
      vertex   2.000000e+01 -1.853937e+02 2.742998e+01
    endloop
  endfacet
  facet normal 1.000000e+00 5.524598e-16 2.688301e-15
    outer loop
      vertex   2.000000e+01 -1.853937e+02 2.742998e+01
      vertex   2.000000e+01 -1.856517e+02 2.748300e+01
      vertex   2.000000e+01 -1.800000e+02 2.500000e+01
    endloop
  endfacet
  facet normal 1.000000e+00 0.000000e+00 1.430815e-15
    outer loop
      vertex   2.000000e+01 -1.800000e+02 2.500000e+01
      vertex   2.000000e+01 -1.856517e+02 2.748300e+01
      vertex   2.000000e+01 -2.000000e+02 2.500000e+01
    endloop
  endfacet
  facet normal 1.000000e+00 1.595850e-16 5.086343e-16
    outer loop
      vertex   2.000000e+01 -2.000000e+02 2.500000e+01
      vertex   2.000000e+01 -1.856517e+02 2.748300e+01
      vertex   2.000000e+01 -1.859030e+02 2.756184e+01
    endloop
  endfacet
  facet normal 1.000000e+00 1.770443e-16 4.125619e-16
    outer loop
      vertex   2.000000e+01 -2.000000e+02 2.500000e+01
      vertex   2.000000e+01 -1.859030e+02 2.756184e+01
      vertex   2.000000e+01 -1.861450e+02 2.766571e+01
    endloop
  endfacet
  facet normal 1.000000e+00 1.904158e-16 3.430635e-16
    outer loop
      vertex   2.000000e+01 -1.861450e+02 2.766571e+01
      vertex   2.000000e+01 -1.863753e+02 2.779353e+01
      vertex   2.000000e+01 -2.000000e+02 2.500000e+01
    endloop
  endfacet
  facet normal 1.000000e+00 2.014209e-16 2.893892e-16
    outer loop
      vertex   2.000000e+01 -2.000000e+02 2.500000e+01
      vertex   2.000000e+01 -1.863753e+02 2.779353e+01
      vertex   2.000000e+01 -1.865915e+02 2.794398e+01
    endloop
  endfacet
  facet normal 1.000000e+00 2.109956e-16 2.457805e-16
    outer loop
      vertex   2.000000e+01 -2.000000e+02 2.500000e+01
      vertex   2.000000e+01 -1.865915e+02 2.794398e+01
      vertex   2.000000e+01 -1.867913e+02 2.811554e+01
    endloop
  endfacet
  facet normal 1.000000e+00 2.197071e-16 2.088472e-16
    outer loop
      vertex   2.000000e+01 -1.867913e+02 2.811554e+01
      vertex   2.000000e+01 -1.869728e+02 2.830643e+01
      vertex   2.000000e+01 -2.000000e+02 2.500000e+01
    endloop
  endfacet
  facet normal 1.000000e+00 2.279339e-16 1.764340e-16
    outer loop
      vertex   2.000000e+01 -2.000000e+02 2.500000e+01
      vertex   2.000000e+01 -1.869728e+02 2.830643e+01
      vertex   2.000000e+01 -1.871340e+02 2.851470e+01
    endloop
  endfacet
  facet normal 1.000000e+00 2.359549e-16 1.470718e-16
    outer loop
      vertex   2.000000e+01 -2.000000e+02 2.500000e+01
      vertex   2.000000e+01 -1.871340e+02 2.851470e+01
      vertex   2.000000e+01 -1.872733e+02 2.873822e+01
    endloop
  endfacet
  facet normal 1.000000e+00 2.439987e-16 1.196871e-16
    outer loop
      vertex   2.000000e+01 -1.872733e+02 2.873822e+01
      vertex   2.000000e+01 -1.873893e+02 2.897468e+01
      vertex   2.000000e+01 -2.000000e+02 2.500000e+01
    endloop
  endfacet
  facet normal 1.000000e+00 2.522738e-16 9.343196e-17
    outer loop
      vertex   2.000000e+01 -2.000000e+02 2.500000e+01
      vertex   2.000000e+01 -1.873893e+02 2.897468e+01
      vertex   2.000000e+01 -1.874808e+02 2.922166e+01
    endloop
  endfacet
  facet normal 1.000000e+00 2.609929e-16 6.757574e-17
    outer loop
      vertex   2.000000e+01 -2.000000e+02 2.500000e+01
      vertex   2.000000e+01 -1.874808e+02 2.922166e+01
      vertex   2.000000e+01 -1.875468e+02 2.947662e+01
    endloop
  endfacet
  facet normal 1.000000e+00 2.703942e-16 4.142287e-17
    outer loop
      vertex   2.000000e+01 -1.875468e+02 2.947662e+01
      vertex   2.000000e+01 -1.875867e+02 2.973696e+01
      vertex   2.000000e+01 -2.000000e+02 2.500000e+01
    endloop
  endfacet
  facet normal 1.000000e+00 2.807677e-16 1.423892e-17
    outer loop
      vertex   2.000000e+01 -2.000000e+02 2.500000e+01
      vertex   2.000000e+01 -1.875867e+02 2.973696e+01
      vertex   2.000000e+01 -1.876000e+02 3.000000e+01
    endloop
  endfacet
  facet normal 1.000000e+00 2.924904e-16 -1.483343e-17
    outer loop
      vertex   2.000000e+01 -2.000000e+02 2.500000e+01
      vertex   2.000000e+01 -1.876000e+02 3.000000e+01
      vertex   2.000000e+01 -1.875867e+02 3.026304e+01
    endloop
  endfacet
  facet normal 1.000000e+00 3.060818e-16 -4.689001e-17
    outer loop
      vertex   2.000000e+01 -1.875867e+02 3.026304e+01
      vertex   2.000000e+01 -1.875468e+02 3.052338e+01
      vertex   2.000000e+01 -2.000000e+02 2.500000e+01
    endloop
  endfacet
  facet normal 1.000000e+00 1.640743e-16 2.732857e-16
    outer loop
      vertex   2.000000e+01 -2.000000e+02 2.500000e+01
      vertex   2.000000e+01 -1.875468e+02 3.052338e+01
      vertex   2.000000e+01 -2.000000e+02 3.800000e+01
    endloop
  endfacet
  facet normal 1.000000e+00 0.000000e+00 0.000000e+00
    outer loop
      vertex   2.000000e+01 -2.000000e+02 3.800000e+01
      vertex   2.000000e+01 -1.875468e+02 3.052338e+01
      vertex   2.000000e+01 -1.874808e+02 3.077834e+01
    endloop
  endfacet
  facet normal 1.000000e+00 0.000000e+00 0.000000e+00
    outer loop
      vertex   2.000000e+01 -2.000000e+02 3.800000e+01
      vertex   2.000000e+01 -1.874808e+02 3.077834e+01
      vertex   2.000000e+01 -1.873893e+02 3.102533e+01
    endloop
  endfacet
  facet normal 1.000000e+00 0.000000e+00 -0.000000e+00
    outer loop
      vertex   2.000000e+01 -1.873893e+02 3.102533e+01
      vertex   2.000000e+01 -1.872733e+02 3.126179e+01
      vertex   2.000000e+01 -2.000000e+02 3.800000e+01
    endloop
  endfacet
  facet normal 1.000000e+00 0.000000e+00 0.000000e+00
    outer loop
      vertex   2.000000e+01 -2.000000e+02 3.800000e+01
      vertex   2.000000e+01 -1.872733e+02 3.126179e+01
      vertex   2.000000e+01 -1.871340e+02 3.148530e+01
    endloop
  endfacet
  facet normal 1.000000e+00 0.000000e+00 0.000000e+00
    outer loop
      vertex   2.000000e+01 -2.000000e+02 3.800000e+01
      vertex   2.000000e+01 -1.871340e+02 3.148530e+01
      vertex   2.000000e+01 -1.869728e+02 3.169357e+01
    endloop
  endfacet
  facet normal 1.000000e+00 0.000000e+00 -0.000000e+00
    outer loop
      vertex   2.000000e+01 -1.869728e+02 3.169357e+01
      vertex   2.000000e+01 -1.867913e+02 3.188446e+01
      vertex   2.000000e+01 -2.000000e+02 3.800000e+01
    endloop
  endfacet
  facet normal 1.000000e+00 0.000000e+00 0.000000e+00
    outer loop
      vertex   2.000000e+01 -2.000000e+02 3.800000e+01
      vertex   2.000000e+01 -1.867913e+02 3.188446e+01
      vertex   2.000000e+01 -1.865915e+02 3.205602e+01
    endloop
  endfacet
  facet normal 1.000000e+00 0.000000e+00 0.000000e+00
    outer loop
      vertex   2.000000e+01 -2.000000e+02 3.800000e+01
      vertex   2.000000e+01 -1.865915e+02 3.205602e+01
      vertex   2.000000e+01 -1.863753e+02 3.220648e+01
    endloop
  endfacet
  facet normal 1.000000e+00 0.000000e+00 -0.000000e+00
    outer loop
      vertex   2.000000e+01 -1.863753e+02 3.220648e+01
      vertex   2.000000e+01 -1.861450e+02 3.233429e+01
      vertex   2.000000e+01 -2.000000e+02 3.800000e+01
    endloop
  endfacet
  facet normal 1.000000e+00 0.000000e+00 0.000000e+00
    outer loop
      vertex   2.000000e+01 -2.000000e+02 3.800000e+01
      vertex   2.000000e+01 -1.861450e+02 3.233429e+01
      vertex   2.000000e+01 -1.859030e+02 3.243816e+01
    endloop
  endfacet
  facet normal 1.000000e+00 0.000000e+00 0.000000e+00
    outer loop
      vertex   2.000000e+01 -2.000000e+02 3.800000e+01
      vertex   2.000000e+01 -1.859030e+02 3.243816e+01
      vertex   2.000000e+01 -1.856517e+02 3.251700e+01
    endloop
  endfacet
  facet normal 1.000000e+00 0.000000e+00 -0.000000e+00
    outer loop
      vertex   2.000000e+01 -1.856517e+02 3.251700e+01
      vertex   2.000000e+01 -1.853937e+02 3.257002e+01
      vertex   2.000000e+01 -2.000000e+02 3.800000e+01
    endloop
  endfacet
  facet normal 1.000000e+00 0.000000e+00 0.000000e+00
    outer loop
      vertex   2.000000e+01 -2.000000e+02 3.800000e+01
      vertex   2.000000e+01 -1.853937e+02 3.257002e+01
      vertex   2.000000e+01 -1.851317e+02 3.259666e+01
    endloop
  endfacet
  facet normal 1.000000e+00 -0.000000e+00 0.000000e+00
    outer loop
      vertex   2.000000e+01 -2.000000e+02 3.800000e+01
      vertex   2.000000e+01 -1.851317e+02 3.259666e+01
      vertex   2.000000e+01 -1.800000e+02 4.500000e+01
    endloop
  endfacet
  facet normal 1.000000e+00 0.000000e+00 0.000000e+00
    outer loop
      vertex   2.000000e+01 -1.800000e+02 4.500000e+01
      vertex   2.000000e+01 -1.851317e+02 3.259666e+01
      vertex   2.000000e+01 -1.848683e+02 3.259666e+01
    endloop
  endfacet
  facet normal 1.000000e+00 0.000000e+00 0.000000e+00
    outer loop
      vertex   2.000000e+01 -1.800000e+02 4.500000e+01
      vertex   2.000000e+01 -1.848683e+02 3.259666e+01
      vertex   2.000000e+01 -1.846063e+02 3.257002e+01
    endloop
  endfacet
  facet normal 1.000000e+00 -0.000000e+00 0.000000e+00
    outer loop
      vertex   2.000000e+01 -1.846063e+02 3.257002e+01
      vertex   2.000000e+01 -1.843483e+02 3.251700e+01
      vertex   2.000000e+01 -1.800000e+02 4.500000e+01
    endloop
  endfacet
  facet normal 1.000000e+00 0.000000e+00 0.000000e+00
    outer loop
      vertex   2.000000e+01 -1.800000e+02 4.500000e+01
      vertex   2.000000e+01 -1.843483e+02 3.251700e+01
      vertex   2.000000e+01 -1.840970e+02 3.243816e+01
    endloop
  endfacet
  facet normal 1.000000e+00 0.000000e+00 0.000000e+00
    outer loop
      vertex   2.000000e+01 -1.800000e+02 4.500000e+01
      vertex   2.000000e+01 -1.840970e+02 3.243816e+01
      vertex   2.000000e+01 -1.838550e+02 3.233429e+01
    endloop
  endfacet
  facet normal 1.000000e+00 -0.000000e+00 0.000000e+00
    outer loop
      vertex   2.000000e+01 -1.838550e+02 3.233429e+01
      vertex   2.000000e+01 -1.836247e+02 3.220648e+01
      vertex   2.000000e+01 -1.800000e+02 4.500000e+01
    endloop
  endfacet
  facet normal 1.000000e+00 0.000000e+00 0.000000e+00
    outer loop
      vertex   2.000000e+01 -1.800000e+02 4.500000e+01
      vertex   2.000000e+01 -1.836247e+02 3.220648e+01
      vertex   2.000000e+01 -1.834085e+02 3.205602e+01
    endloop
  endfacet
  facet normal 1.000000e+00 0.000000e+00 0.000000e+00
    outer loop
      vertex   2.000000e+01 -1.800000e+02 4.500000e+01
      vertex   2.000000e+01 -1.834085e+02 3.205602e+01
      vertex   2.000000e+01 -1.832087e+02 3.188446e+01
    endloop
  endfacet
  facet normal 1.000000e+00 -0.000000e+00 0.000000e+00
    outer loop
      vertex   2.000000e+01 -1.832087e+02 3.188446e+01
      vertex   2.000000e+01 -1.830272e+02 3.169357e+01
      vertex   2.000000e+01 -1.800000e+02 4.500000e+01
    endloop
  endfacet
  facet normal 1.000000e+00 0.000000e+00 0.000000e+00
    outer loop
      vertex   2.000000e+01 -1.800000e+02 4.500000e+01
      vertex   2.000000e+01 -1.830272e+02 3.169357e+01
      vertex   2.000000e+01 -1.828660e+02 3.148530e+01
    endloop
  endfacet
  facet normal 1.000000e+00 0.000000e+00 0.000000e+00
    outer loop
      vertex   2.000000e+01 -1.800000e+02 4.500000e+01
      vertex   2.000000e+01 -1.828660e+02 3.148530e+01
      vertex   2.000000e+01 -1.827267e+02 3.126179e+01
    endloop
  endfacet
  facet normal 1.000000e+00 -0.000000e+00 0.000000e+00
    outer loop
      vertex   2.000000e+01 -1.827267e+02 3.126179e+01
      vertex   2.000000e+01 -1.826107e+02 3.102533e+01
      vertex   2.000000e+01 -1.800000e+02 4.500000e+01
    endloop
  endfacet
  facet normal 1.000000e+00 0.000000e+00 0.000000e+00
    outer loop
      vertex   2.000000e+01 -1.800000e+02 4.500000e+01
      vertex   2.000000e+01 -1.826107e+02 3.102533e+01
      vertex   2.000000e+01 -1.825192e+02 3.077834e+01
    endloop
  endfacet
  facet normal 1.000000e+00 -1.002792e-15 1.776357e-16
    outer loop
      vertex   2.000000e+01 -1.800000e+02 4.500000e+01
      vertex   2.000000e+01 -1.825192e+02 3.077834e+01
      vertex   2.000000e+01 -1.800000e+02 2.500000e+01
    endloop
  endfacet
  facet normal 1.000000e+00 -3.472420e-15 -8.990718e-16
    outer loop
      vertex   2.000000e+01 -1.800000e+02 2.500000e+01
      vertex   2.000000e+01 -1.825192e+02 3.077834e+01
      vertex   2.000000e+01 -1.824532e+02 3.052338e+01
    endloop
  endfacet
  facet normal 1.000000e+00 -2.210672e-15 -3.386624e-16
    outer loop
      vertex   2.000000e+01 -1.800000e+02 2.500000e+01
      vertex   2.000000e+01 -1.824532e+02 3.052338e+01
      vertex   2.000000e+01 -1.824133e+02 3.026304e+01
    endloop
  endfacet
  facet normal 1.000000e+00 0.000000e+00 0.000000e+00
    outer loop
      vertex   2.000000e+01 -2.180000e+02 3.800000e+01
      vertex   2.000000e+01 -2.000000e+02 3.800000e+01
      vertex   2.000000e+01 -2.180000e+02 4.500000e+01
    endloop
  endfacet
  facet normal 1.000000e+00 -0.000000e+00 0.000000e+00
    outer loop
      vertex   2.000000e+01 -2.180000e+02 4.500000e+01
      vertex   2.000000e+01 -2.000000e+02 3.800000e+01
      vertex   2.000000e+01 -1.800000e+02 4.500000e+01
    endloop
  endfacet
  facet normal -7.071068e-01 4.652125e-15 -7.071068e-01
    outer loop
      vertex   -1.500000e+01 -2.020000e+02 2.000000e+01
      vertex   -1.650000e+01 -2.035000e+02 2.150000e+01
      vertex   -1.500000e+01 -1.750000e+02 2.000000e+01
    endloop
  endfacet
  facet normal -7.071068e-01 4.614908e-15 -7.071068e-01
    outer loop
      vertex   -1.500000e+01 -1.750000e+02 2.000000e+01
      vertex   -1.650000e+01 -2.035000e+02 2.150000e+01
      vertex   -2.000000e+01 -1.800000e+02 2.500000e+01
    endloop
  endfacet
  facet normal -7.071068e-01 -0.000000e+00 -7.071068e-01
    outer loop
      vertex   -2.000000e+01 -1.800000e+02 2.500000e+01
      vertex   -1.650000e+01 -2.035000e+02 2.150000e+01
      vertex   -2.000000e+01 -2.000000e+02 2.500000e+01
    endloop
  endfacet
  facet normal 1.798287e-14 -3.026385e-15 -1.000000e+00
    outer loop
      vertex   1.500000e+01 -1.750000e+02 2.000000e+01
      vertex   1.500000e+01 -2.020000e+02 2.000000e+01
      vertex   1.020000e+01 -2.000000e+02 2.000000e+01
    endloop
  endfacet
  facet normal 3.552714e-16 -4.533262e-14 -1.000000e+00
    outer loop
      vertex   1.020000e+01 -2.000000e+02 2.000000e+01
      vertex   1.500000e+01 -2.020000e+02 2.000000e+01
      vertex   -1.500000e+01 -2.020000e+02 2.000000e+01
    endloop
  endfacet
  facet normal -1.219068e-14 1.127464e-13 -1.000000e+00
    outer loop
      vertex   1.020000e+01 -2.000000e+02 2.000000e+01
      vertex   -1.500000e+01 -2.020000e+02 2.000000e+01
      vertex   -1.020000e+01 -2.000000e+02 2.000000e+01
    endloop
  endfacet
  facet normal 3.204570e-14 6.579099e-15 -1.000000e+00
    outer loop
      vertex   -1.020000e+01 -2.000000e+02 2.000000e+01
      vertex   -1.500000e+01 -2.020000e+02 2.000000e+01
      vertex   -1.500000e+01 -1.750000e+02 2.000000e+01
    endloop
  endfacet
  facet normal 0.000000e+00 4.263256e-16 -1.000000e+00
    outer loop
      vertex   -1.020000e+01 -2.000000e+02 2.000000e+01
      vertex   -1.500000e+01 -1.750000e+02 2.000000e+01
      vertex   -1.020000e+01 -1.750000e+02 2.000000e+01
    endloop
  endfacet
  facet normal 0.000000e+00 4.263256e-16 -1.000000e+00
    outer loop
      vertex   1.020000e+01 -2.000000e+02 2.000000e+01
      vertex   1.020000e+01 -1.750000e+02 2.000000e+01
      vertex   1.500000e+01 -1.750000e+02 2.000000e+01
    endloop
  endfacet
  facet normal 0.000000e+00 1.000000e+00 -0.000000e+00
    outer loop
      vertex   -1.500000e+01 -1.750000e+02 2.000000e+01
      vertex   -1.500000e+01 -1.750000e+02 4.800000e+01
      vertex   -1.020000e+01 -1.750000e+02 4.000000e+01
    endloop
  endfacet
  facet normal 0.000000e+00 1.000000e+00 -0.000000e+00
    outer loop
      vertex   -1.020000e+01 -1.750000e+02 4.000000e+01
      vertex   -1.500000e+01 -1.750000e+02 4.800000e+01
      vertex   1.500000e+01 -1.750000e+02 4.800000e+01
    endloop
  endfacet
  facet normal -0.000000e+00 1.000000e+00 0.000000e+00
    outer loop
      vertex   -1.020000e+01 -1.750000e+02 4.000000e+01
      vertex   1.500000e+01 -1.750000e+02 4.800000e+01
      vertex   1.020000e+01 -1.750000e+02 4.000000e+01
    endloop
  endfacet
  facet normal -0.000000e+00 1.000000e+00 0.000000e+00
    outer loop
      vertex   1.020000e+01 -1.750000e+02 4.000000e+01
      vertex   1.500000e+01 -1.750000e+02 4.800000e+01
      vertex   1.500000e+01 -1.750000e+02 2.000000e+01
    endloop
  endfacet
  facet normal 0.000000e+00 1.000000e+00 0.000000e+00
    outer loop
      vertex   1.020000e+01 -1.750000e+02 4.000000e+01
      vertex   1.500000e+01 -1.750000e+02 2.000000e+01
      vertex   1.020000e+01 -1.750000e+02 2.000000e+01
    endloop
  endfacet
  facet normal 0.000000e+00 1.000000e+00 0.000000e+00
    outer loop
      vertex   -1.020000e+01 -1.750000e+02 4.000000e+01
      vertex   -1.020000e+01 -1.750000e+02 2.000000e+01
      vertex   -1.500000e+01 -1.750000e+02 2.000000e+01
    endloop
  endfacet
  facet normal -1.000000e+00 0.000000e+00 0.000000e+00
    outer loop
      vertex   1.020000e+01 -1.824133e+02 3.026304e+01
      vertex   1.020000e+01 -1.750000e+02 4.000000e+01
      vertex   1.020000e+01 -1.824000e+02 3.000000e+01
    endloop
  endfacet
  facet normal -1.000000e+00 2.400481e-16 -1.776357e-16
    outer loop
      vertex   1.020000e+01 -1.824000e+02 3.000000e+01
      vertex   1.020000e+01 -1.750000e+02 4.000000e+01
      vertex   1.020000e+01 -1.750000e+02 2.000000e+01
    endloop
  endfacet
  facet normal -1.000000e+00 4.493042e-16 -2.278613e-17
    outer loop
      vertex   1.020000e+01 -1.824000e+02 3.000000e+01
      vertex   1.020000e+01 -1.750000e+02 2.000000e+01
      vertex   1.020000e+01 -1.824133e+02 2.973696e+01
    endloop
  endfacet
  facet normal -1.000000e+00 3.989576e-16 -6.111806e-17
    outer loop
      vertex   1.020000e+01 -1.824133e+02 2.973696e+01
      vertex   1.020000e+01 -1.750000e+02 2.000000e+01
      vertex   1.020000e+01 -1.824532e+02 2.947662e+01
    endloop
  endfacet
  facet normal -1.000000e+00 3.586103e-16 -9.285064e-17
    outer loop
      vertex   1.020000e+01 -1.824532e+02 2.947662e+01
      vertex   1.020000e+01 -1.750000e+02 2.000000e+01
      vertex   1.020000e+01 -1.825192e+02 2.922166e+01
    endloop
  endfacet
  facet normal -1.000000e+00 3.249067e-16 -1.203322e-16
    outer loop
      vertex   1.020000e+01 -1.825192e+02 2.922166e+01
      vertex   1.020000e+01 -1.750000e+02 2.000000e+01
      vertex   1.020000e+01 -1.826107e+02 2.897468e+01
    endloop
  endfacet
  facet normal -1.000000e+00 2.957391e-16 -1.450669e-16
    outer loop
      vertex   1.020000e+01 -1.826107e+02 2.897468e+01
      vertex   1.020000e+01 -1.750000e+02 2.000000e+01
      vertex   1.020000e+01 -1.827267e+02 2.873822e+01
    endloop
  endfacet
  facet normal -1.000000e+00 2.696910e-16 -1.680997e-16
    outer loop
      vertex   1.020000e+01 -1.827267e+02 2.873822e+01
      vertex   1.020000e+01 -1.750000e+02 2.000000e+01
      vertex   1.020000e+01 -1.828660e+02 2.851470e+01
    endloop
  endfacet
  facet normal -1.000000e+00 2.457454e-16 -1.902211e-16
    outer loop
      vertex   1.020000e+01 -1.828660e+02 2.851470e+01
      vertex   1.020000e+01 -1.750000e+02 2.000000e+01
      vertex   1.020000e+01 -1.830272e+02 2.830643e+01
    endloop
  endfacet
  facet normal -1.000000e+00 2.231172e-16 -2.120887e-16
    outer loop
      vertex   1.020000e+01 -1.830272e+02 2.830643e+01
      vertex   1.020000e+01 -1.750000e+02 2.000000e+01
      vertex   1.020000e+01 -1.832087e+02 2.811554e+01
    endloop
  endfacet
  facet normal -1.000000e+00 2.011483e-16 -2.343097e-16
    outer loop
      vertex   1.020000e+01 -1.832087e+02 2.811554e+01
      vertex   1.020000e+01 -1.750000e+02 2.000000e+01
      vertex   1.020000e+01 -1.834085e+02 2.794398e+01
    endloop
  endfacet
  facet normal -1.000000e+00 1.792312e-16 -2.575085e-16
    outer loop
      vertex   1.020000e+01 -1.834085e+02 2.794398e+01
      vertex   1.020000e+01 -1.750000e+02 2.000000e+01
      vertex   1.020000e+01 -1.836247e+02 2.779353e+01
    endloop
  endfacet
  facet normal -1.000000e+00 1.567424e-16 -2.823957e-16
    outer loop
      vertex   1.020000e+01 -1.836247e+02 2.779353e+01
      vertex   1.020000e+01 -1.750000e+02 2.000000e+01
      vertex   1.020000e+01 -1.838550e+02 2.766571e+01
    endloop
  endfacet
  facet normal -1.000000e+00 1.329698e-16 -3.098564e-16
    outer loop
      vertex   1.020000e+01 -1.838550e+02 2.766571e+01
      vertex   1.020000e+01 -1.750000e+02 2.000000e+01
      vertex   1.020000e+01 -1.840970e+02 2.756184e+01
    endloop
  endfacet
  facet normal -1.000000e+00 1.070148e-16 -3.410807e-16
    outer loop
      vertex   1.020000e+01 -1.840970e+02 2.756184e+01
      vertex   1.020000e+01 -1.750000e+02 2.000000e+01
      vertex   1.020000e+01 -1.843483e+02 2.748300e+01
    endloop
  endfacet
  facet normal -1.000000e+00 7.763627e-17 -3.777825e-16
    outer loop
      vertex   1.020000e+01 -1.843483e+02 2.748300e+01
      vertex   1.020000e+01 -1.750000e+02 2.000000e+01
      vertex   1.020000e+01 -1.846063e+02 2.742998e+01
    endloop
  endfacet
  facet normal -1.000000e+00 4.297398e-17 -4.225976e-16
    outer loop
      vertex   1.020000e+01 -1.846063e+02 2.742998e+01
      vertex   1.020000e+01 -1.750000e+02 2.000000e+01
      vertex   1.020000e+01 -1.848683e+02 2.740334e+01
    endloop
  endfacet
  facet normal -1.000000e+00 -0.000000e+00 -4.798800e-16
    outer loop
      vertex   1.020000e+01 -1.848683e+02 2.740334e+01
      vertex   1.020000e+01 -1.750000e+02 2.000000e+01
      vertex   1.020000e+01 -1.851317e+02 2.740334e+01
    endloop
  endfacet
  facet normal -1.000000e+00 -5.668807e-17 -5.574593e-16
    outer loop
      vertex   1.020000e+01 -1.851317e+02 2.740334e+01
      vertex   1.020000e+01 -1.750000e+02 2.000000e+01
      vertex   1.020000e+01 -1.853937e+02 2.742998e+01
    endloop
  endfacet
  facet normal -1.000000e+00 2.038515e-31 -4.781591e-16
    outer loop
      vertex   1.020000e+01 -1.853937e+02 2.742998e+01
      vertex   1.020000e+01 -1.750000e+02 2.000000e+01
      vertex   1.020000e+01 -2.000000e+02 2.000000e+01
    endloop
  endfacet
  facet normal -1.000000e+00 -6.998904e-17 -3.405706e-16
    outer loop
      vertex   1.020000e+01 -1.853937e+02 2.742998e+01
      vertex   1.020000e+01 -2.000000e+02 2.000000e+01
      vertex   1.020000e+01 -1.856517e+02 2.748300e+01
    endloop
  endfacet
  facet normal -1.000000e+00 -9.300700e-17 -2.964347e-16
    outer loop
      vertex   1.020000e+01 -1.856517e+02 2.748300e+01
      vertex   1.020000e+01 -2.000000e+02 2.000000e+01
      vertex   1.020000e+01 -1.859030e+02 2.756184e+01
    endloop
  endfacet
  facet normal -1.000000e+00 -1.120087e-16 -2.610112e-16
    outer loop
      vertex   1.020000e+01 -1.859030e+02 2.756184e+01
      vertex   1.020000e+01 -2.000000e+02 2.000000e+01
      vertex   1.020000e+01 -1.861450e+02 2.766571e+01
    endloop
  endfacet
  facet normal -1.000000e+00 -1.284147e-16 -2.313590e-16
    outer loop
      vertex   1.020000e+01 -1.861450e+02 2.766571e+01
      vertex   1.020000e+01 -2.000000e+02 2.000000e+01
      vertex   1.020000e+01 -1.863753e+02 2.779353e+01
    endloop
  endfacet
  facet normal -1.000000e+00 -1.431279e-16 -2.056374e-16
    outer loop
      vertex   1.020000e+01 -1.863753e+02 2.779353e+01
      vertex   1.020000e+01 -2.000000e+02 2.000000e+01
      vertex   1.020000e+01 -1.865915e+02 2.794398e+01
    endloop
  endfacet
  facet normal -1.000000e+00 -1.567686e-16 -1.826135e-16
    outer loop
      vertex   1.020000e+01 -1.865915e+02 2.794398e+01
      vertex   1.020000e+01 -2.000000e+02 2.000000e+01
      vertex   1.020000e+01 -1.867913e+02 2.811554e+01
    endloop
  endfacet
  facet normal -1.000000e+00 -1.697988e-16 -1.614058e-16
    outer loop
      vertex   1.020000e+01 -1.867913e+02 2.811554e+01
      vertex   1.020000e+01 -2.000000e+02 2.000000e+01
      vertex   1.020000e+01 -1.869728e+02 2.830643e+01
    endloop
  endfacet
  facet normal -1.000000e+00 -1.825942e-16 -1.413384e-16
    outer loop
      vertex   1.020000e+01 -1.869728e+02 2.830643e+01
      vertex   1.020000e+01 -2.000000e+02 2.000000e+01
      vertex   1.020000e+01 -1.871340e+02 2.851470e+01
    endloop
  endfacet
  facet normal -1.000000e+00 -1.954912e-16 -1.218506e-16
    outer loop
      vertex   1.020000e+01 -1.871340e+02 2.851470e+01
      vertex   1.020000e+01 -2.000000e+02 2.000000e+01
      vertex   1.020000e+01 -1.872733e+02 2.873822e+01
    endloop
  endfacet
  facet normal -1.000000e+00 -2.088235e-16 -1.024328e-16
    outer loop
      vertex   1.020000e+01 -1.872733e+02 2.873822e+01
      vertex   1.020000e+01 -2.000000e+02 2.000000e+01
      vertex   1.020000e+01 -1.873893e+02 2.897468e+01
    endloop
  endfacet
  facet normal -1.000000e+00 -2.229564e-16 -8.257400e-17
    outer loop
      vertex   1.020000e+01 -1.873893e+02 2.897468e+01
      vertex   1.020000e+01 -2.000000e+02 2.000000e+01
      vertex   1.020000e+01 -1.874808e+02 2.922166e+01
    endloop
  endfacet
  facet normal -1.000000e+00 -2.383269e-16 -6.170712e-17
    outer loop
      vertex   1.020000e+01 -1.874808e+02 2.922166e+01
      vertex   1.020000e+01 -2.000000e+02 2.000000e+01
      vertex   1.020000e+01 -1.875468e+02 2.947662e+01
    endloop
  endfacet
  facet normal -1.000000e+00 -2.554992e-16 -3.914104e-17
    outer loop
      vertex   1.020000e+01 -1.875468e+02 2.947662e+01
      vertex   1.020000e+01 -2.000000e+02 2.000000e+01
      vertex   1.020000e+01 -1.875867e+02 2.973696e+01
    endloop
  endfacet
  facet normal -1.000000e+00 -2.752518e-16 -1.395919e-17
    outer loop
      vertex   1.020000e+01 -1.875867e+02 2.973696e+01
      vertex   1.020000e+01 -2.000000e+02 2.000000e+01
      vertex   1.020000e+01 -1.876000e+02 3.000000e+01
    endloop
  endfacet
  facet normal -1.000000e+00 -1.432546e-16 -1.776357e-16
    outer loop
      vertex   1.020000e+01 -1.876000e+02 3.000000e+01
      vertex   1.020000e+01 -2.000000e+02 2.000000e+01
      vertex   1.020000e+01 -2.000000e+02 4.000000e+01
    endloop
  endfacet
  facet normal -1.000000e+00 0.000000e+00 0.000000e+00
    outer loop
      vertex   1.020000e+01 -1.876000e+02 3.000000e+01
      vertex   1.020000e+01 -2.000000e+02 4.000000e+01
      vertex   1.020000e+01 -1.875867e+02 3.026304e+01
    endloop
  endfacet
  facet normal -1.000000e+00 0.000000e+00 0.000000e+00
    outer loop
      vertex   1.020000e+01 -1.875867e+02 3.026304e+01
      vertex   1.020000e+01 -2.000000e+02 4.000000e+01
      vertex   1.020000e+01 -1.875468e+02 3.052338e+01
    endloop
  endfacet
  facet normal -1.000000e+00 0.000000e+00 0.000000e+00
    outer loop
      vertex   1.020000e+01 -1.875468e+02 3.052338e+01
      vertex   1.020000e+01 -2.000000e+02 4.000000e+01
      vertex   1.020000e+01 -1.874808e+02 3.077834e+01
    endloop
  endfacet
  facet normal -1.000000e+00 0.000000e+00 0.000000e+00
    outer loop
      vertex   1.020000e+01 -1.874808e+02 3.077834e+01
      vertex   1.020000e+01 -2.000000e+02 4.000000e+01
      vertex   1.020000e+01 -1.873893e+02 3.102533e+01
    endloop
  endfacet
  facet normal -1.000000e+00 0.000000e+00 0.000000e+00
    outer loop
      vertex   1.020000e+01 -1.873893e+02 3.102533e+01
      vertex   1.020000e+01 -2.000000e+02 4.000000e+01
      vertex   1.020000e+01 -1.872733e+02 3.126179e+01
    endloop
  endfacet
  facet normal -1.000000e+00 0.000000e+00 0.000000e+00
    outer loop
      vertex   1.020000e+01 -1.872733e+02 3.126179e+01
      vertex   1.020000e+01 -2.000000e+02 4.000000e+01
      vertex   1.020000e+01 -1.871340e+02 3.148530e+01
    endloop
  endfacet
  facet normal -1.000000e+00 0.000000e+00 0.000000e+00
    outer loop
      vertex   1.020000e+01 -1.871340e+02 3.148530e+01
      vertex   1.020000e+01 -2.000000e+02 4.000000e+01
      vertex   1.020000e+01 -1.869728e+02 3.169357e+01
    endloop
  endfacet
  facet normal -1.000000e+00 0.000000e+00 0.000000e+00
    outer loop
      vertex   1.020000e+01 -1.869728e+02 3.169357e+01
      vertex   1.020000e+01 -2.000000e+02 4.000000e+01
      vertex   1.020000e+01 -1.867913e+02 3.188446e+01
    endloop
  endfacet
  facet normal -1.000000e+00 0.000000e+00 0.000000e+00
    outer loop
      vertex   1.020000e+01 -1.867913e+02 3.188446e+01
      vertex   1.020000e+01 -2.000000e+02 4.000000e+01
      vertex   1.020000e+01 -1.865915e+02 3.205602e+01
    endloop
  endfacet
  facet normal -1.000000e+00 0.000000e+00 0.000000e+00
    outer loop
      vertex   1.020000e+01 -1.865915e+02 3.205602e+01
      vertex   1.020000e+01 -2.000000e+02 4.000000e+01
      vertex   1.020000e+01 -1.863753e+02 3.220648e+01
    endloop
  endfacet
  facet normal -1.000000e+00 0.000000e+00 0.000000e+00
    outer loop
      vertex   1.020000e+01 -1.863753e+02 3.220648e+01
      vertex   1.020000e+01 -2.000000e+02 4.000000e+01
      vertex   1.020000e+01 -1.861450e+02 3.233429e+01
    endloop
  endfacet
  facet normal -1.000000e+00 0.000000e+00 0.000000e+00
    outer loop
      vertex   1.020000e+01 -1.861450e+02 3.233429e+01
      vertex   1.020000e+01 -2.000000e+02 4.000000e+01
      vertex   1.020000e+01 -1.859030e+02 3.243816e+01
    endloop
  endfacet
  facet normal -1.000000e+00 0.000000e+00 0.000000e+00
    outer loop
      vertex   1.020000e+01 -1.859030e+02 3.243816e+01
      vertex   1.020000e+01 -2.000000e+02 4.000000e+01
      vertex   1.020000e+01 -1.856517e+02 3.251700e+01
    endloop
  endfacet
  facet normal -1.000000e+00 0.000000e+00 0.000000e+00
    outer loop
      vertex   1.020000e+01 -1.856517e+02 3.251700e+01
      vertex   1.020000e+01 -2.000000e+02 4.000000e+01
      vertex   1.020000e+01 -1.853937e+02 3.257002e+01
    endloop
  endfacet
  facet normal -1.000000e+00 0.000000e+00 0.000000e+00
    outer loop
      vertex   1.020000e+01 -1.853937e+02 3.257002e+01
      vertex   1.020000e+01 -2.000000e+02 4.000000e+01
      vertex   1.020000e+01 -1.750000e+02 4.000000e+01
    endloop
  endfacet
  facet normal -1.000000e+00 0.000000e+00 0.000000e+00
    outer loop
      vertex   1.020000e+01 -1.853937e+02 3.257002e+01
      vertex   1.020000e+01 -1.750000e+02 4.000000e+01
      vertex   1.020000e+01 -1.851317e+02 3.259666e+01
    endloop
  endfacet
  facet normal -1.000000e+00 0.000000e+00 0.000000e+00
    outer loop
      vertex   1.020000e+01 -1.851317e+02 3.259666e+01
      vertex   1.020000e+01 -1.750000e+02 4.000000e+01
      vertex   1.020000e+01 -1.848683e+02 3.259666e+01
    endloop
  endfacet
  facet normal -1.000000e+00 0.000000e+00 0.000000e+00
    outer loop
      vertex   1.020000e+01 -1.848683e+02 3.259666e+01
      vertex   1.020000e+01 -1.750000e+02 4.000000e+01
      vertex   1.020000e+01 -1.846063e+02 3.257002e+01
    endloop
  endfacet
  facet normal -1.000000e+00 0.000000e+00 0.000000e+00
    outer loop
      vertex   1.020000e+01 -1.846063e+02 3.257002e+01
      vertex   1.020000e+01 -1.750000e+02 4.000000e+01
      vertex   1.020000e+01 -1.843483e+02 3.251700e+01
    endloop
  endfacet
  facet normal -1.000000e+00 0.000000e+00 0.000000e+00
    outer loop
      vertex   1.020000e+01 -1.843483e+02 3.251700e+01
      vertex   1.020000e+01 -1.750000e+02 4.000000e+01
      vertex   1.020000e+01 -1.840970e+02 3.243816e+01
    endloop
  endfacet
  facet normal -1.000000e+00 0.000000e+00 0.000000e+00
    outer loop
      vertex   1.020000e+01 -1.840970e+02 3.243816e+01
      vertex   1.020000e+01 -1.750000e+02 4.000000e+01
      vertex   1.020000e+01 -1.838550e+02 3.233429e+01
    endloop
  endfacet
  facet normal -1.000000e+00 0.000000e+00 0.000000e+00
    outer loop
      vertex   1.020000e+01 -1.838550e+02 3.233429e+01
      vertex   1.020000e+01 -1.750000e+02 4.000000e+01
      vertex   1.020000e+01 -1.836247e+02 3.220648e+01
    endloop
  endfacet
  facet normal -1.000000e+00 0.000000e+00 0.000000e+00
    outer loop
      vertex   1.020000e+01 -1.836247e+02 3.220648e+01
      vertex   1.020000e+01 -1.750000e+02 4.000000e+01
      vertex   1.020000e+01 -1.834085e+02 3.205602e+01
    endloop
  endfacet
  facet normal -1.000000e+00 0.000000e+00 0.000000e+00
    outer loop
      vertex   1.020000e+01 -1.834085e+02 3.205602e+01
      vertex   1.020000e+01 -1.750000e+02 4.000000e+01
      vertex   1.020000e+01 -1.832087e+02 3.188446e+01
    endloop
  endfacet
  facet normal -1.000000e+00 0.000000e+00 0.000000e+00
    outer loop
      vertex   1.020000e+01 -1.832087e+02 3.188446e+01
      vertex   1.020000e+01 -1.750000e+02 4.000000e+01
      vertex   1.020000e+01 -1.830272e+02 3.169357e+01
    endloop
  endfacet
  facet normal -1.000000e+00 0.000000e+00 0.000000e+00
    outer loop
      vertex   1.020000e+01 -1.830272e+02 3.169357e+01
      vertex   1.020000e+01 -1.750000e+02 4.000000e+01
      vertex   1.020000e+01 -1.828660e+02 3.148530e+01
    endloop
  endfacet
  facet normal -1.000000e+00 0.000000e+00 0.000000e+00
    outer loop
      vertex   1.020000e+01 -1.828660e+02 3.148530e+01
      vertex   1.020000e+01 -1.750000e+02 4.000000e+01
      vertex   1.020000e+01 -1.827267e+02 3.126179e+01
    endloop
  endfacet
  facet normal -1.000000e+00 0.000000e+00 0.000000e+00
    outer loop
      vertex   1.020000e+01 -1.827267e+02 3.126179e+01
      vertex   1.020000e+01 -1.750000e+02 4.000000e+01
      vertex   1.020000e+01 -1.826107e+02 3.102533e+01
    endloop
  endfacet
  facet normal -1.000000e+00 0.000000e+00 0.000000e+00
    outer loop
      vertex   1.020000e+01 -1.826107e+02 3.102533e+01
      vertex   1.020000e+01 -1.750000e+02 4.000000e+01
      vertex   1.020000e+01 -1.825192e+02 3.077834e+01
    endloop
  endfacet
  facet normal -1.000000e+00 0.000000e+00 0.000000e+00
    outer loop
      vertex   1.020000e+01 -1.825192e+02 3.077834e+01
      vertex   1.020000e+01 -1.750000e+02 4.000000e+01
      vertex   1.020000e+01 -1.824532e+02 3.052338e+01
    endloop
  endfacet
  facet normal -1.000000e+00 0.000000e+00 0.000000e+00
    outer loop
      vertex   1.020000e+01 -1.824532e+02 3.052338e+01
      vertex   1.020000e+01 -1.750000e+02 4.000000e+01
      vertex   1.020000e+01 -1.824133e+02 3.026304e+01
    endloop
  endfacet
  facet normal 0.000000e+00 1.000000e+00 0.000000e+00
    outer loop
      vertex   -1.020000e+01 -2.000000e+02 4.000000e+01
      vertex   1.020000e+01 -2.000000e+02 4.000000e+01
      vertex   -1.020000e+01 -2.000000e+02 2.000000e+01
    endloop
  endfacet
  facet normal -0.000000e+00 1.000000e+00 0.000000e+00
    outer loop
      vertex   -1.020000e+01 -2.000000e+02 2.000000e+01
      vertex   1.020000e+01 -2.000000e+02 4.000000e+01
      vertex   1.020000e+01 -2.000000e+02 2.000000e+01
    endloop
  endfacet
  facet normal 1.000000e+00 -2.246521e-16 1.139307e-17
    outer loop
      vertex   -1.020000e+01 -1.824133e+02 2.973696e+01
      vertex   -1.020000e+01 -1.750000e+02 2.000000e+01
      vertex   -1.020000e+01 -1.824000e+02 3.000000e+01
    endloop
  endfacet
  facet normal 1.000000e+00 1.073098e-23 1.776357e-16
    outer loop
      vertex   -1.020000e+01 -1.824000e+02 3.000000e+01
      vertex   -1.020000e+01 -1.750000e+02 2.000000e+01
      vertex   -1.020000e+01 -1.750000e+02 4.000000e+01
    endloop
  endfacet
  facet normal 1.000000e+00 2.246521e-16 1.139307e-17
    outer loop
      vertex   -1.020000e+01 -1.824000e+02 3.000000e+01
      vertex   -1.020000e+01 -1.750000e+02 4.000000e+01
      vertex   -1.020000e+01 -1.824133e+02 3.026304e+01
    endloop
  endfacet
  facet normal 1.000000e+00 1.994788e-16 3.055903e-17
    outer loop
      vertex   -1.020000e+01 -1.824133e+02 3.026304e+01
      vertex   -1.020000e+01 -1.750000e+02 4.000000e+01
      vertex   -1.020000e+01 -1.824532e+02 3.052338e+01
    endloop
  endfacet
  facet normal 1.000000e+00 1.793052e-16 4.642532e-17
    outer loop
      vertex   -1.020000e+01 -1.824532e+02 3.052338e+01
      vertex   -1.020000e+01 -1.750000e+02 4.000000e+01
      vertex   -1.020000e+01 -1.825192e+02 3.077834e+01
    endloop
  endfacet
  facet normal 1.000000e+00 1.624533e-16 6.016611e-17
    outer loop
      vertex   -1.020000e+01 -1.825192e+02 3.077834e+01
      vertex   -1.020000e+01 -1.750000e+02 4.000000e+01
      vertex   -1.020000e+01 -1.826107e+02 3.102533e+01
    endloop
  endfacet
  facet normal 1.000000e+00 1.478695e-16 7.253347e-17
    outer loop
      vertex   -1.020000e+01 -1.826107e+02 3.102533e+01
      vertex   -1.020000e+01 -1.750000e+02 4.000000e+01
      vertex   -1.020000e+01 -1.827267e+02 3.126179e+01
    endloop
  endfacet
  facet normal 1.000000e+00 1.348455e-16 8.404986e-17
    outer loop
      vertex   -1.020000e+01 -1.827267e+02 3.126179e+01
      vertex   -1.020000e+01 -1.750000e+02 4.000000e+01
      vertex   -1.020000e+01 -1.828660e+02 3.148530e+01
    endloop
  endfacet
  facet normal 1.000000e+00 1.228727e-16 9.511055e-17
    outer loop
      vertex   -1.020000e+01 -1.828660e+02 3.148530e+01
      vertex   -1.020000e+01 -1.750000e+02 4.000000e+01
      vertex   -1.020000e+01 -1.830272e+02 3.169357e+01
    endloop
  endfacet
  facet normal 1.000000e+00 1.115586e-16 1.060444e-16
    outer loop
      vertex   -1.020000e+01 -1.830272e+02 3.169357e+01
      vertex   -1.020000e+01 -1.750000e+02 4.000000e+01
      vertex   -1.020000e+01 -1.832087e+02 3.188446e+01
    endloop
  endfacet
  facet normal 1.000000e+00 1.005742e-16 1.171549e-16
    outer loop
      vertex   -1.020000e+01 -1.832087e+02 3.188446e+01
      vertex   -1.020000e+01 -1.750000e+02 4.000000e+01
      vertex   -1.020000e+01 -1.834085e+02 3.205602e+01
    endloop
  endfacet
  facet normal 1.000000e+00 8.961561e-17 1.287543e-16
    outer loop
      vertex   -1.020000e+01 -1.834085e+02 3.205602e+01
      vertex   -1.020000e+01 -1.750000e+02 4.000000e+01
      vertex   -1.020000e+01 -1.836247e+02 3.220648e+01
    endloop
  endfacet
  facet normal 1.000000e+00 7.837121e-17 1.411979e-16
    outer loop
      vertex   -1.020000e+01 -1.836247e+02 3.220648e+01
      vertex   -1.020000e+01 -1.750000e+02 4.000000e+01
      vertex   -1.020000e+01 -1.838550e+02 3.233429e+01
    endloop
  endfacet
  facet normal 1.000000e+00 6.648493e-17 1.549282e-16
    outer loop
      vertex   -1.020000e+01 -1.838550e+02 3.233429e+01
      vertex   -1.020000e+01 -1.750000e+02 4.000000e+01
      vertex   -1.020000e+01 -1.840970e+02 3.243816e+01
    endloop
  endfacet
  facet normal 1.000000e+00 5.350739e-17 1.705404e-16
    outer loop
      vertex   -1.020000e+01 -1.840970e+02 3.243816e+01
      vertex   -1.020000e+01 -1.750000e+02 4.000000e+01
      vertex   -1.020000e+01 -1.843483e+02 3.251700e+01
    endloop
  endfacet
  facet normal 1.000000e+00 3.881814e-17 1.888912e-16
    outer loop
      vertex   -1.020000e+01 -1.843483e+02 3.251700e+01
      vertex   -1.020000e+01 -1.750000e+02 4.000000e+01
      vertex   -1.020000e+01 -1.846063e+02 3.257002e+01
    endloop
  endfacet
  facet normal 1.000000e+00 2.148699e-17 2.112988e-16
    outer loop
      vertex   -1.020000e+01 -1.846063e+02 3.257002e+01
      vertex   -1.020000e+01 -1.750000e+02 4.000000e+01
      vertex   -1.020000e+01 -1.848683e+02 3.259666e+01
    endloop
  endfacet
  facet normal 1.000000e+00 0.000000e+00 2.399400e-16
    outer loop
      vertex   -1.020000e+01 -1.848683e+02 3.259666e+01
      vertex   -1.020000e+01 -1.750000e+02 4.000000e+01
      vertex   -1.020000e+01 -1.851317e+02 3.259666e+01
    endloop
  endfacet
  facet normal 1.000000e+00 -2.834404e-17 2.787297e-16
    outer loop
      vertex   -1.020000e+01 -1.851317e+02 3.259666e+01
      vertex   -1.020000e+01 -1.750000e+02 4.000000e+01
      vertex   -1.020000e+01 -1.853937e+02 3.257002e+01
    endloop
  endfacet
  facet normal 1.000000e+00 -1.359010e-31 2.390796e-16
    outer loop
      vertex   -1.020000e+01 -1.853937e+02 3.257002e+01
      vertex   -1.020000e+01 -1.750000e+02 4.000000e+01
      vertex   -1.020000e+01 -2.000000e+02 4.000000e+01
    endloop
  endfacet
  facet normal 1.000000e+00 -3.499452e-17 1.702853e-16
    outer loop
      vertex   -1.020000e+01 -1.853937e+02 3.257002e+01
      vertex   -1.020000e+01 -2.000000e+02 4.000000e+01
      vertex   -1.020000e+01 -1.856517e+02 3.251700e+01
    endloop
  endfacet
  facet normal 1.000000e+00 -4.650350e-17 1.482174e-16
    outer loop
      vertex   -1.020000e+01 -1.856517e+02 3.251700e+01
      vertex   -1.020000e+01 -2.000000e+02 4.000000e+01
      vertex   -1.020000e+01 -1.859030e+02 3.243816e+01
    endloop
  endfacet
  facet normal 1.000000e+00 -5.600436e-17 1.305056e-16
    outer loop
      vertex   -1.020000e+01 -1.859030e+02 3.243816e+01
      vertex   -1.020000e+01 -2.000000e+02 4.000000e+01
      vertex   -1.020000e+01 -1.861450e+02 3.233429e+01
    endloop
  endfacet
  facet normal 1.000000e+00 -6.420737e-17 1.156795e-16
    outer loop
      vertex   -1.020000e+01 -1.861450e+02 3.233429e+01
      vertex   -1.020000e+01 -2.000000e+02 4.000000e+01
      vertex   -1.020000e+01 -1.863753e+02 3.220648e+01
    endloop
  endfacet
  facet normal 1.000000e+00 -7.156393e-17 1.028187e-16
    outer loop
      vertex   -1.020000e+01 -1.863753e+02 3.220648e+01
      vertex   -1.020000e+01 -2.000000e+02 4.000000e+01
      vertex   -1.020000e+01 -1.865915e+02 3.205602e+01
    endloop
  endfacet
  facet normal 1.000000e+00 -7.838428e-17 9.130676e-17
    outer loop
      vertex   -1.020000e+01 -1.865915e+02 3.205602e+01
      vertex   -1.020000e+01 -2.000000e+02 4.000000e+01
      vertex   -1.020000e+01 -1.867913e+02 3.188446e+01
    endloop
  endfacet
  facet normal 1.000000e+00 -8.489939e-17 8.070289e-17
    outer loop
      vertex   -1.020000e+01 -1.867913e+02 3.188446e+01
      vertex   -1.020000e+01 -2.000000e+02 4.000000e+01
      vertex   -1.020000e+01 -1.869728e+02 3.169357e+01
    endloop
  endfacet
  facet normal 1.000000e+00 -9.129708e-17 7.066920e-17
    outer loop
      vertex   -1.020000e+01 -1.869728e+02 3.169357e+01
      vertex   -1.020000e+01 -2.000000e+02 4.000000e+01
      vertex   -1.020000e+01 -1.871340e+02 3.148530e+01
    endloop
  endfacet
  facet normal 1.000000e+00 -9.774558e-17 6.092529e-17
    outer loop
      vertex   -1.020000e+01 -1.871340e+02 3.148530e+01
      vertex   -1.020000e+01 -2.000000e+02 4.000000e+01
      vertex   -1.020000e+01 -1.872733e+02 3.126179e+01
    endloop
  endfacet
  facet normal 1.000000e+00 -1.044117e-16 5.121641e-17
    outer loop
      vertex   -1.020000e+01 -1.872733e+02 3.126179e+01
      vertex   -1.020000e+01 -2.000000e+02 4.000000e+01
      vertex   -1.020000e+01 -1.873893e+02 3.102533e+01
    endloop
  endfacet
  facet normal 1.000000e+00 -1.114782e-16 4.128700e-17
    outer loop
      vertex   -1.020000e+01 -1.873893e+02 3.102533e+01
      vertex   -1.020000e+01 -2.000000e+02 4.000000e+01
      vertex   -1.020000e+01 -1.874808e+02 3.077834e+01
    endloop
  endfacet
  facet normal 1.000000e+00 -1.191635e-16 3.085356e-17
    outer loop
      vertex   -1.020000e+01 -1.874808e+02 3.077834e+01
      vertex   -1.020000e+01 -2.000000e+02 4.000000e+01
      vertex   -1.020000e+01 -1.875468e+02 3.052338e+01
    endloop
  endfacet
  facet normal 1.000000e+00 -1.277496e-16 1.957052e-17
    outer loop
      vertex   -1.020000e+01 -1.875468e+02 3.052338e+01
      vertex   -1.020000e+01 -2.000000e+02 4.000000e+01
      vertex   -1.020000e+01 -1.875867e+02 3.026304e+01
    endloop
  endfacet
  facet normal 1.000000e+00 -1.376259e-16 6.979595e-18
    outer loop
      vertex   -1.020000e+01 -1.875867e+02 3.026304e+01
      vertex   -1.020000e+01 -2.000000e+02 4.000000e+01
      vertex   -1.020000e+01 -1.876000e+02 3.000000e+01
    endloop
  endfacet
  facet normal 1.000000e+00 -6.403976e-24 1.776357e-16
    outer loop
      vertex   -1.020000e+01 -1.876000e+02 3.000000e+01
      vertex   -1.020000e+01 -2.000000e+02 4.000000e+01
      vertex   -1.020000e+01 -2.000000e+02 2.000000e+01
    endloop
  endfacet
  facet normal 1.000000e+00 1.376259e-16 6.979594e-18
    outer loop
      vertex   -1.020000e+01 -1.876000e+02 3.000000e+01
      vertex   -1.020000e+01 -2.000000e+02 2.000000e+01
      vertex   -1.020000e+01 -1.875867e+02 2.973696e+01
    endloop
  endfacet
  facet normal 1.000000e+00 1.277496e-16 1.957052e-17
    outer loop
      vertex   -1.020000e+01 -1.875867e+02 2.973696e+01
      vertex   -1.020000e+01 -2.000000e+02 2.000000e+01
      vertex   -1.020000e+01 -1.875468e+02 2.947662e+01
    endloop
  endfacet
  facet normal 1.000000e+00 1.191635e-16 3.085356e-17
    outer loop
      vertex   -1.020000e+01 -1.875468e+02 2.947662e+01
      vertex   -1.020000e+01 -2.000000e+02 2.000000e+01
      vertex   -1.020000e+01 -1.874808e+02 2.922166e+01
    endloop
  endfacet
  facet normal 1.000000e+00 1.114782e-16 4.128700e-17
    outer loop
      vertex   -1.020000e+01 -1.874808e+02 2.922166e+01
      vertex   -1.020000e+01 -2.000000e+02 2.000000e+01
      vertex   -1.020000e+01 -1.873893e+02 2.897468e+01
    endloop
  endfacet
  facet normal 1.000000e+00 1.044117e-16 5.121641e-17
    outer loop
      vertex   -1.020000e+01 -1.873893e+02 2.897468e+01
      vertex   -1.020000e+01 -2.000000e+02 2.000000e+01
      vertex   -1.020000e+01 -1.872733e+02 2.873822e+01
    endloop
  endfacet
  facet normal 1.000000e+00 9.774558e-17 6.092529e-17
    outer loop
      vertex   -1.020000e+01 -1.872733e+02 2.873822e+01
      vertex   -1.020000e+01 -2.000000e+02 2.000000e+01
      vertex   -1.020000e+01 -1.871340e+02 2.851470e+01
    endloop
  endfacet
  facet normal 1.000000e+00 9.129708e-17 7.066920e-17
    outer loop
      vertex   -1.020000e+01 -1.871340e+02 2.851470e+01
      vertex   -1.020000e+01 -2.000000e+02 2.000000e+01
      vertex   -1.020000e+01 -1.869728e+02 2.830643e+01
    endloop
  endfacet
  facet normal 1.000000e+00 8.489939e-17 8.070289e-17
    outer loop
      vertex   -1.020000e+01 -1.869728e+02 2.830643e+01
      vertex   -1.020000e+01 -2.000000e+02 2.000000e+01
      vertex   -1.020000e+01 -1.867913e+02 2.811554e+01
    endloop
  endfacet
  facet normal 1.000000e+00 7.838428e-17 9.130675e-17
    outer loop
      vertex   -1.020000e+01 -1.867913e+02 2.811554e+01
      vertex   -1.020000e+01 -2.000000e+02 2.000000e+01
      vertex   -1.020000e+01 -1.865915e+02 2.794398e+01
    endloop
  endfacet
  facet normal 1.000000e+00 7.156393e-17 1.028187e-16
    outer loop
      vertex   -1.020000e+01 -1.865915e+02 2.794398e+01
      vertex   -1.020000e+01 -2.000000e+02 2.000000e+01
      vertex   -1.020000e+01 -1.863753e+02 2.779353e+01
    endloop
  endfacet
  facet normal 1.000000e+00 6.420736e-17 1.156795e-16
    outer loop
      vertex   -1.020000e+01 -1.863753e+02 2.779353e+01
      vertex   -1.020000e+01 -2.000000e+02 2.000000e+01
      vertex   -1.020000e+01 -1.861450e+02 2.766571e+01
    endloop
  endfacet
  facet normal 1.000000e+00 5.600436e-17 1.305056e-16
    outer loop
      vertex   -1.020000e+01 -1.861450e+02 2.766571e+01
      vertex   -1.020000e+01 -2.000000e+02 2.000000e+01
      vertex   -1.020000e+01 -1.859030e+02 2.756184e+01
    endloop
  endfacet
  facet normal 1.000000e+00 4.650350e-17 1.482174e-16
    outer loop
      vertex   -1.020000e+01 -1.859030e+02 2.756184e+01
      vertex   -1.020000e+01 -2.000000e+02 2.000000e+01
      vertex   -1.020000e+01 -1.856517e+02 2.748300e+01
    endloop
  endfacet
  facet normal 1.000000e+00 3.499452e-17 1.702853e-16
    outer loop
      vertex   -1.020000e+01 -1.856517e+02 2.748300e+01
      vertex   -1.020000e+01 -2.000000e+02 2.000000e+01
      vertex   -1.020000e+01 -1.853937e+02 2.742998e+01
    endloop
  endfacet
  facet normal 1.000000e+00 -1.019257e-31 2.390795e-16
    outer loop
      vertex   -1.020000e+01 -1.853937e+02 2.742998e+01
      vertex   -1.020000e+01 -2.000000e+02 2.000000e+01
      vertex   -1.020000e+01 -1.750000e+02 2.000000e+01
    endloop
  endfacet
  facet normal 1.000000e+00 2.834404e-17 2.787297e-16
    outer loop
      vertex   -1.020000e+01 -1.853937e+02 2.742998e+01
      vertex   -1.020000e+01 -1.750000e+02 2.000000e+01
      vertex   -1.020000e+01 -1.851317e+02 2.740334e+01
    endloop
  endfacet
  facet normal 1.000000e+00 -0.000000e+00 2.399400e-16
    outer loop
      vertex   -1.020000e+01 -1.851317e+02 2.740334e+01
      vertex   -1.020000e+01 -1.750000e+02 2.000000e+01
      vertex   -1.020000e+01 -1.848683e+02 2.740334e+01
    endloop
  endfacet
  facet normal 1.000000e+00 -2.148699e-17 2.112988e-16
    outer loop
      vertex   -1.020000e+01 -1.848683e+02 2.740334e+01
      vertex   -1.020000e+01 -1.750000e+02 2.000000e+01
      vertex   -1.020000e+01 -1.846063e+02 2.742998e+01
    endloop
  endfacet
  facet normal 1.000000e+00 -3.881813e-17 1.888912e-16
    outer loop
      vertex   -1.020000e+01 -1.846063e+02 2.742998e+01
      vertex   -1.020000e+01 -1.750000e+02 2.000000e+01
      vertex   -1.020000e+01 -1.843483e+02 2.748300e+01
    endloop
  endfacet
  facet normal 1.000000e+00 -5.350738e-17 1.705404e-16
    outer loop
      vertex   -1.020000e+01 -1.843483e+02 2.748300e+01
      vertex   -1.020000e+01 -1.750000e+02 2.000000e+01
      vertex   -1.020000e+01 -1.840970e+02 2.756184e+01
    endloop
  endfacet
  facet normal 1.000000e+00 -6.648492e-17 1.549282e-16
    outer loop
      vertex   -1.020000e+01 -1.840970e+02 2.756184e+01
      vertex   -1.020000e+01 -1.750000e+02 2.000000e+01
      vertex   -1.020000e+01 -1.838550e+02 2.766571e+01
    endloop
  endfacet
  facet normal 1.000000e+00 -7.837120e-17 1.411979e-16
    outer loop
      vertex   -1.020000e+01 -1.838550e+02 2.766571e+01
      vertex   -1.020000e+01 -1.750000e+02 2.000000e+01
      vertex   -1.020000e+01 -1.836247e+02 2.779353e+01
    endloop
  endfacet
  facet normal 1.000000e+00 -8.961560e-17 1.287542e-16
    outer loop
      vertex   -1.020000e+01 -1.836247e+02 2.779353e+01
      vertex   -1.020000e+01 -1.750000e+02 2.000000e+01
      vertex   -1.020000e+01 -1.834085e+02 2.794398e+01
    endloop
  endfacet
  facet normal 1.000000e+00 -1.005742e-16 1.171549e-16
    outer loop
      vertex   -1.020000e+01 -1.834085e+02 2.794398e+01
      vertex   -1.020000e+01 -1.750000e+02 2.000000e+01
      vertex   -1.020000e+01 -1.832087e+02 2.811554e+01
    endloop
  endfacet
  facet normal 1.000000e+00 -1.115586e-16 1.060444e-16
    outer loop
      vertex   -1.020000e+01 -1.832087e+02 2.811554e+01
      vertex   -1.020000e+01 -1.750000e+02 2.000000e+01
      vertex   -1.020000e+01 -1.830272e+02 2.830643e+01
    endloop
  endfacet
  facet normal 1.000000e+00 -1.228727e-16 9.511055e-17
    outer loop
      vertex   -1.020000e+01 -1.830272e+02 2.830643e+01
      vertex   -1.020000e+01 -1.750000e+02 2.000000e+01
      vertex   -1.020000e+01 -1.828660e+02 2.851470e+01
    endloop
  endfacet
  facet normal 1.000000e+00 -1.348455e-16 8.404986e-17
    outer loop
      vertex   -1.020000e+01 -1.828660e+02 2.851470e+01
      vertex   -1.020000e+01 -1.750000e+02 2.000000e+01
      vertex   -1.020000e+01 -1.827267e+02 2.873822e+01
    endloop
  endfacet
  facet normal 1.000000e+00 -1.478695e-16 7.253347e-17
    outer loop
      vertex   -1.020000e+01 -1.827267e+02 2.873822e+01
      vertex   -1.020000e+01 -1.750000e+02 2.000000e+01
      vertex   -1.020000e+01 -1.826107e+02 2.897468e+01
    endloop
  endfacet
  facet normal 1.000000e+00 -1.624533e-16 6.016611e-17
    outer loop
      vertex   -1.020000e+01 -1.826107e+02 2.897468e+01
      vertex   -1.020000e+01 -1.750000e+02 2.000000e+01
      vertex   -1.020000e+01 -1.825192e+02 2.922166e+01
    endloop
  endfacet
  facet normal 1.000000e+00 -1.793051e-16 4.642532e-17
    outer loop
      vertex   -1.020000e+01 -1.825192e+02 2.922166e+01
      vertex   -1.020000e+01 -1.750000e+02 2.000000e+01
      vertex   -1.020000e+01 -1.824532e+02 2.947662e+01
    endloop
  endfacet
  facet normal 1.000000e+00 -1.994788e-16 3.055903e-17
    outer loop
      vertex   -1.020000e+01 -1.824532e+02 2.947662e+01
      vertex   -1.020000e+01 -1.750000e+02 2.000000e+01
      vertex   -1.020000e+01 -1.824133e+02 2.973696e+01
    endloop
  endfacet
  facet normal -9.987165e-01 -5.064917e-02 -2.217596e-16
    outer loop
      vertex   2.586660e+00 -2.097370e+02 5.000000e+01
      vertex   2.586660e+00 -2.097370e+02 4.600000e+01
      vertex   2.600000e+00 -2.100000e+02 5.000000e+01
    endloop
  endfacet
  facet normal -9.987165e-01 -5.064917e-02 -4.435192e-16
    outer loop
      vertex   2.600000e+00 -2.100000e+02 5.000000e+01
      vertex   2.586660e+00 -2.097370e+02 4.600000e+01
      vertex   2.600000e+00 -2.100000e+02 4.600000e+01
    endloop
  endfacet
  facet normal -9.987165e-01 5.064917e-02 -4.435192e-16
    outer loop
      vertex   2.600000e+00 -2.100000e+02 5.000000e+01
      vertex   2.600000e+00 -2.100000e+02 4.600000e+01
      vertex   2.586660e+00 -2.102630e+02 5.000000e+01
    endloop
  endfacet
  facet normal -9.987165e-01 5.064917e-02 -1.108798e-16
    outer loop
      vertex   2.586660e+00 -2.102630e+02 5.000000e+01
      vertex   2.600000e+00 -2.100000e+02 4.600000e+01
      vertex   2.586660e+00 -2.102630e+02 4.600000e+01
    endloop
  endfacet
  facet normal -9.884683e-01 1.514278e-01 -1.097420e-16
    outer loop
      vertex   2.586660e+00 -2.102630e+02 5.000000e+01
      vertex   2.586660e+00 -2.102630e+02 4.600000e+01
      vertex   2.546778e+00 -2.105234e+02 5.000000e+01
    endloop
  endfacet
  facet normal -9.884683e-01 1.514278e-01 1.097420e-16
    outer loop
      vertex   2.546778e+00 -2.105234e+02 5.000000e+01
      vertex   2.586660e+00 -2.102630e+02 4.600000e+01
      vertex   2.546778e+00 -2.105234e+02 4.600000e+01
    endloop
  endfacet
  facet normal -9.680771e-01 2.506525e-01 1.074782e-16
    outer loop
      vertex   2.546778e+00 -2.105234e+02 5.000000e+01
      vertex   2.546778e+00 -2.105234e+02 4.600000e+01
      vertex   2.480762e+00 -2.107783e+02 5.000000e+01
    endloop
  endfacet
  facet normal -9.680771e-01 2.506525e-01 -1.182260e-15
    outer loop
      vertex   2.480762e+00 -2.107783e+02 5.000000e+01
      vertex   2.546778e+00 -2.105234e+02 4.600000e+01
      vertex   2.480762e+00 -2.107783e+02 4.600000e+01
    endloop
  endfacet
  facet normal -9.377521e-01 3.473053e-01 -1.145225e-15
    outer loop
      vertex   2.480762e+00 -2.107783e+02 5.000000e+01
      vertex   2.480762e+00 -2.107783e+02 4.600000e+01
      vertex   2.389290e+00 -2.110253e+02 5.000000e+01
    endloop
  endfacet
  facet normal -9.377521e-01 3.473053e-01 -1.665782e-15
    outer loop
      vertex   2.389290e+00 -2.110253e+02 5.000000e+01
      vertex   2.480762e+00 -2.107783e+02 4.600000e+01
      vertex   2.389290e+00 -2.110253e+02 4.600000e+01
    endloop
  endfacet
  facet normal -8.978045e-01 4.403942e-01 -1.594821e-15
    outer loop
      vertex   2.389290e+00 -2.110253e+02 5.000000e+01
      vertex   2.389290e+00 -2.110253e+02 4.600000e+01
      vertex   2.273301e+00 -2.112618e+02 5.000000e+01
    endloop
  endfacet
  facet normal -8.978045e-01 4.403942e-01 7.974106e-16
    outer loop
      vertex   2.273301e+00 -2.112618e+02 5.000000e+01
      vertex   2.389290e+00 -2.110253e+02 4.600000e+01
      vertex   2.273301e+00 -2.112618e+02 4.600000e+01
    endloop
  endfacet
  facet normal -8.486443e-01 5.289640e-01 7.537475e-16
    outer loop
      vertex   2.273301e+00 -2.112618e+02 5.000000e+01
      vertex   2.273301e+00 -2.112618e+02 4.600000e+01
      vertex   2.133985e+00 -2.114853e+02 5.000000e+01
    endloop
  endfacet
  facet normal -8.486443e-01 5.289640e-01 8.479660e-16
    outer loop
      vertex   2.133985e+00 -2.114853e+02 5.000000e+01
      vertex   2.273301e+00 -2.112618e+02 4.600000e+01
      vertex   2.133985e+00 -2.114853e+02 4.600000e+01
    endloop
  endfacet
  facet normal -7.907757e-01 6.121060e-01 7.901437e-16
    outer loop
      vertex   2.133985e+00 -2.114853e+02 5.000000e+01
      vertex   2.133985e+00 -2.114853e+02 4.600000e+01
      vertex   1.972771e+00 -2.116936e+02 5.000000e+01
    endloop
  endfacet
  facet normal -7.907757e-01 6.121060e-01 -2.633812e-16
    outer loop
      vertex   1.972771e+00 -2.116936e+02 5.000000e+01
      vertex   2.133985e+00 -2.114853e+02 4.600000e+01
      vertex   1.972771e+00 -2.116936e+02 4.600000e+01
    endloop
  endfacet
  facet normal -7.247928e-01 6.889669e-01 -2.414045e-16
    outer loop
      vertex   1.972771e+00 -2.116936e+02 5.000000e+01
      vertex   1.972771e+00 -2.116936e+02 4.600000e+01
      vertex   1.791314e+00 -2.118845e+02 5.000000e+01
    endloop
  endfacet
  facet normal -7.247928e-01 6.889669e-01 4.023408e-16
    outer loop
      vertex   1.791314e+00 -2.118845e+02 5.000000e+01
      vertex   1.972771e+00 -2.116936e+02 4.600000e+01
      vertex   1.791314e+00 -2.118845e+02 4.600000e+01
    endloop
  endfacet
  facet normal -6.513725e-01 7.587581e-01 3.615844e-16
    outer loop
      vertex   1.791314e+00 -2.118845e+02 5.000000e+01
      vertex   1.791314e+00 -2.118845e+02 4.600000e+01
      vertex   1.591475e+00 -2.120560e+02 5.000000e+01
    endloop
  endfacet
  facet normal -6.513725e-01 7.587581e-01 6.146934e-16
    outer loop
      vertex   1.591475e+00 -2.120560e+02 5.000000e+01
      vertex   1.791314e+00 -2.118845e+02 4.600000e+01
      vertex   1.591475e+00 -2.120560e+02 4.600000e+01
    endloop
  endfacet
  facet normal -5.712682e-01 8.207634e-01 5.390999e-16
    outer loop
      vertex   1.591475e+00 -2.120560e+02 5.000000e+01
      vertex   1.591475e+00 -2.120560e+02 4.600000e+01
      vertex   1.375306e+00 -2.122065e+02 5.000000e+01
    endloop
  endfacet
  facet normal -5.712682e-01 8.207634e-01 8.879292e-16
    outer loop
      vertex   1.375306e+00 -2.122065e+02 5.000000e+01
      vertex   1.591475e+00 -2.120560e+02 4.600000e+01
      vertex   1.375306e+00 -2.122065e+02 4.600000e+01
    endloop
  endfacet
  facet normal -4.853020e-01 8.743466e-01 7.543108e-16
    outer loop
      vertex   1.375306e+00 -2.122065e+02 5.000000e+01
      vertex   1.375306e+00 -2.122065e+02 4.600000e+01
      vertex   1.145025e+00 -2.123343e+02 5.000000e+01
    endloop
  endfacet
  facet normal -4.853020e-01 8.743466e-01 -2.424570e-16
    outer loop
      vertex   1.145025e+00 -2.123343e+02 5.000000e+01
      vertex   1.375306e+00 -2.122065e+02 4.600000e+01
      vertex   1.145025e+00 -2.123343e+02 4.600000e+01
    endloop
  endfacet
  facet normal -3.943559e-01 9.189578e-01 -1.970203e-16
    outer loop
      vertex   1.145025e+00 -2.123343e+02 5.000000e+01
      vertex   1.145025e+00 -2.123343e+02 4.600000e+01
      vertex   9.029934e-01 -2.124382e+02 5.000000e+01
    endloop
  endfacet
  facet normal -3.943559e-01 9.189578e-01 2.298570e-16
    outer loop
      vertex   9.029934e-01 -2.124382e+02 5.000000e+01
      vertex   1.145025e+00 -2.123343e+02 4.600000e+01
      vertex   9.029934e-01 -2.124382e+02 4.600000e+01
    endloop
  endfacet
  facet normal -2.993631e-01 9.541393e-01 1.744889e-16
    outer loop
      vertex   9.029934e-01 -2.124382e+02 5.000000e+01
      vertex   9.029934e-01 -2.124382e+02 4.600000e+01
      vertex   6.516964e-01 -2.125170e+02 5.000000e+01
    endloop
  endfacet
  facet normal -2.993631e-01 9.541393e-01 -5.816297e-17
    outer loop
      vertex   6.516964e-01 -2.125170e+02 5.000000e+01
      vertex   9.029934e-01 -2.124382e+02 4.600000e+01
      vertex   6.516964e-01 -2.125170e+02 4.600000e+01
    endloop
  endfacet
  facet normal -2.012985e-01 9.795299e-01 -3.911009e-17
    outer loop
      vertex   6.516964e-01 -2.125170e+02 5.000000e+01
      vertex   6.516964e-01 -2.125170e+02 4.600000e+01
      vertex   3.937120e-01 -2.125700e+02 5.000000e+01
    endloop
  endfacet
  facet normal -2.012985e-01 9.795299e-01 -4.469725e-17
    outer loop
      vertex   3.937120e-01 -2.125700e+02 5.000000e+01
      vertex   6.516964e-01 -2.125170e+02 4.600000e+01
      vertex   3.937120e-01 -2.125700e+02 4.600000e+01
    endloop
  endfacet
  facet normal -1.011683e-01 9.948693e-01 -2.246388e-17
    outer loop
      vertex   3.937120e-01 -2.125700e+02 5.000000e+01
      vertex   3.937120e-01 -2.125700e+02 4.600000e+01
      vertex   1.316876e-01 -2.125967e+02 5.000000e+01
    endloop
  endfacet
  facet normal -1.011683e-01 9.948693e-01 -3.720580e-17
    outer loop
      vertex   1.316876e-01 -2.125967e+02 5.000000e+01
      vertex   3.937120e-01 -2.125700e+02 4.600000e+01
      vertex   1.316876e-01 -2.125967e+02 4.600000e+01
    endloop
  endfacet
  facet normal 0.000000e+00 1.000000e+00 0.000000e+00
    outer loop
      vertex   1.316876e-01 -2.125967e+02 5.000000e+01
      vertex   1.316876e-01 -2.125967e+02 4.600000e+01
      vertex   -1.316881e-01 -2.125967e+02 5.000000e+01
    endloop
  endfacet
  facet normal 0.000000e+00 1.000000e+00 0.000000e+00
    outer loop
      vertex   -1.316881e-01 -2.125967e+02 5.000000e+01
      vertex   1.316876e-01 -2.125967e+02 4.600000e+01
      vertex   -1.316881e-01 -2.125967e+02 4.600000e+01
    endloop
  endfacet
  facet normal 1.011683e-01 9.948693e-01 7.721959e-18
    outer loop
      vertex   -1.316881e-01 -2.125967e+02 5.000000e+01
      vertex   -1.316881e-01 -2.125967e+02 4.600000e+01
      vertex   -3.937124e-01 -2.125700e+02 5.000000e+01
    endloop
  endfacet
  facet normal 1.011683e-01 9.948693e-01 2.246388e-17
    outer loop
      vertex   -3.937124e-01 -2.125700e+02 5.000000e+01
      vertex   -1.316881e-01 -2.125967e+02 4.600000e+01
      vertex   -3.937124e-01 -2.125700e+02 4.600000e+01
    endloop
  endfacet
  facet normal 2.012985e-01 9.795299e-01 4.469725e-17
    outer loop
      vertex   -3.937124e-01 -2.125700e+02 5.000000e+01
      vertex   -3.937124e-01 -2.125700e+02 4.600000e+01
      vertex   -6.516968e-01 -2.125170e+02 5.000000e+01
    endloop
  endfacet
  facet normal 2.012985e-01 9.795299e-01 4.469725e-17
    outer loop
      vertex   -6.516968e-01 -2.125170e+02 5.000000e+01
      vertex   -3.937124e-01 -2.125700e+02 4.600000e+01
      vertex   -6.516968e-01 -2.125170e+02 4.600000e+01
    endloop
  endfacet
  facet normal 2.993631e-01 9.541393e-01 6.647197e-17
    outer loop
      vertex   -6.516968e-01 -2.125170e+02 5.000000e+01
      vertex   -6.516968e-01 -2.125170e+02 4.600000e+01
      vertex   -9.029939e-01 -2.124382e+02 5.000000e+01
    endloop
  endfacet
  facet normal 2.993631e-01 9.541393e-01 2.991238e-16
    outer loop
      vertex   -9.029939e-01 -2.124382e+02 5.000000e+01
      vertex   -6.516968e-01 -2.125170e+02 4.600000e+01
      vertex   -9.029939e-01 -2.124382e+02 4.600000e+01
    endloop
  endfacet
  facet normal 3.943559e-01 9.189578e-01 3.940407e-16
    outer loop
      vertex   -9.029939e-01 -2.124382e+02 5.000000e+01
      vertex   -9.029939e-01 -2.124382e+02 4.600000e+01
      vertex   -1.145025e+00 -2.123343e+02 5.000000e+01
    endloop
  endfacet
  facet normal 3.943559e-01 9.189578e-01 4.378230e-17
    outer loop
      vertex   -1.145025e+00 -2.123343e+02 5.000000e+01
      vertex   -9.029939e-01 -2.124382e+02 4.600000e+01
      vertex   -1.145025e+00 -2.123343e+02 4.600000e+01
    endloop
  endfacet
  facet normal 4.853020e-01 8.743466e-01 5.387934e-17
    outer loop
      vertex   -1.145025e+00 -2.123343e+02 5.000000e+01
      vertex   -1.145025e+00 -2.123343e+02 4.600000e+01
      vertex   -1.375307e+00 -2.122065e+02 5.000000e+01
    endloop
  endfacet
  facet normal 4.853020e-01 8.743466e-01 9.428885e-16
    outer loop
      vertex   -1.375307e+00 -2.122065e+02 5.000000e+01
      vertex   -1.145025e+00 -2.123343e+02 4.600000e+01
      vertex   -1.375307e+00 -2.122065e+02 4.600000e+01
    endloop
  endfacet
  facet normal 5.712682e-01 8.207634e-01 1.109911e-15
    outer loop
      vertex   -1.375307e+00 -2.122065e+02 5.000000e+01
      vertex   -1.375307e+00 -2.122065e+02 4.600000e+01
      vertex   -1.591476e+00 -2.120560e+02 5.000000e+01
    endloop
  endfacet
  facet normal 5.712682e-01 8.207634e-01 9.196409e-16
    outer loop
      vertex   -1.591476e+00 -2.120560e+02 5.000000e+01
      vertex   -1.375307e+00 -2.122065e+02 4.600000e+01
      vertex   -1.591476e+00 -2.120560e+02 4.600000e+01
    endloop
  endfacet
  facet normal 6.513725e-01 7.587581e-01 1.048595e-15
    outer loop
      vertex   -1.591476e+00 -2.120560e+02 5.000000e+01
      vertex   -1.591476e+00 -2.120560e+02 4.600000e+01
      vertex   -1.791314e+00 -2.118845e+02 5.000000e+01
    endloop
  endfacet
  facet normal 6.513725e-01 7.587581e-01 6.870103e-16
    outer loop
      vertex   -1.791314e+00 -2.118845e+02 5.000000e+01
      vertex   -1.591476e+00 -2.120560e+02 4.600000e+01
      vertex   -1.791314e+00 -2.118845e+02 4.600000e+01
    endloop
  endfacet
  facet normal 7.247928e-01 6.889669e-01 7.644476e-16
    outer loop
      vertex   -1.791314e+00 -2.118845e+02 5.000000e+01
      vertex   -1.791314e+00 -2.118845e+02 4.600000e+01
      vertex   -1.972771e+00 -2.116936e+02 5.000000e+01
    endloop
  endfacet
  facet normal 7.247928e-01 6.889669e-01 0.000000e+00
    outer loop
      vertex   -1.972771e+00 -2.116936e+02 5.000000e+01
      vertex   -1.791314e+00 -2.118845e+02 4.600000e+01
      vertex   -1.972771e+00 -2.116936e+02 4.600000e+01
    endloop
  endfacet
  facet normal 7.907757e-01 6.121060e-01 0.000000e+00
    outer loop
      vertex   -1.972771e+00 -2.116936e+02 5.000000e+01
      vertex   -1.972771e+00 -2.116936e+02 4.600000e+01
      vertex   -2.133985e+00 -2.114853e+02 5.000000e+01
    endloop
  endfacet
  facet normal 7.907757e-01 6.121060e-01 9.657312e-16
    outer loop
      vertex   -2.133985e+00 -2.114853e+02 5.000000e+01
      vertex   -1.972771e+00 -2.116936e+02 4.600000e+01
      vertex   -2.133985e+00 -2.114853e+02 4.600000e+01
    endloop
  endfacet
  facet normal 8.486443e-01 5.289640e-01 1.036403e-15
    outer loop
      vertex   -2.133985e+00 -2.114853e+02 5.000000e+01
      vertex   -2.133985e+00 -2.114853e+02 4.600000e+01
      vertex   -2.273301e+00 -2.112618e+02 5.000000e+01
    endloop
  endfacet
  facet normal 8.486443e-01 5.289640e-01 1.036403e-15
    outer loop
      vertex   -2.273301e+00 -2.112618e+02 5.000000e+01
      vertex   -2.133985e+00 -2.114853e+02 4.600000e+01
      vertex   -2.273301e+00 -2.112618e+02 4.600000e+01
    endloop
  endfacet
  facet normal 8.978045e-01 4.403942e-01 1.096440e-15
    outer loop
      vertex   -2.273301e+00 -2.112618e+02 5.000000e+01
      vertex   -2.273301e+00 -2.112618e+02 4.600000e+01
      vertex   -2.389291e+00 -2.110253e+02 5.000000e+01
    endloop
  endfacet
  facet normal 8.978045e-01 4.403942e-01 -1.096440e-15
    outer loop
      vertex   -2.389291e+00 -2.110253e+02 5.000000e+01
      vertex   -2.273301e+00 -2.112618e+02 4.600000e+01
      vertex   -2.389291e+00 -2.110253e+02 4.600000e+01
    endloop
  endfacet
  facet normal 9.377521e-01 3.473053e-01 -1.145225e-15
    outer loop
      vertex   -2.389291e+00 -2.110253e+02 5.000000e+01
      vertex   -2.389291e+00 -2.110253e+02 4.600000e+01
      vertex   -2.480762e+00 -2.107783e+02 5.000000e+01
    endloop
  endfacet
  facet normal 9.377521e-01 3.473053e-01 -8.328912e-16
    outer loop
      vertex   -2.480762e+00 -2.107783e+02 5.000000e+01
      vertex   -2.389291e+00 -2.110253e+02 4.600000e+01
      vertex   -2.480762e+00 -2.107783e+02 4.600000e+01
    endloop
  endfacet
  facet normal 9.680771e-01 2.506525e-01 -8.598252e-16
    outer loop
      vertex   -2.480762e+00 -2.107783e+02 5.000000e+01
      vertex   -2.480762e+00 -2.107783e+02 4.600000e+01
      vertex   -2.546778e+00 -2.105234e+02 5.000000e+01
    endloop
  endfacet
  facet normal 9.680771e-01 2.506525e-01 6.448689e-16
    outer loop
      vertex   -2.546778e+00 -2.105234e+02 5.000000e+01
      vertex   -2.480762e+00 -2.107783e+02 4.600000e+01
      vertex   -2.546778e+00 -2.105234e+02 4.600000e+01
    endloop
  endfacet
  facet normal 9.884683e-01 1.514278e-01 6.584522e-16
    outer loop
      vertex   -2.546778e+00 -2.105234e+02 5.000000e+01
      vertex   -2.546778e+00 -2.105234e+02 4.600000e+01
      vertex   -2.586660e+00 -2.102630e+02 5.000000e+01
    endloop
  endfacet
  facet normal 9.884683e-01 1.514278e-01 3.292261e-16
    outer loop
      vertex   -2.586660e+00 -2.102630e+02 5.000000e+01
      vertex   -2.546778e+00 -2.105234e+02 4.600000e+01
      vertex   -2.586660e+00 -2.102630e+02 4.600000e+01
    endloop
  endfacet
  facet normal 9.987165e-01 5.064917e-02 3.326394e-16
    outer loop
      vertex   -2.586660e+00 -2.102630e+02 5.000000e+01
      vertex   -2.586660e+00 -2.102630e+02 4.600000e+01
      vertex   -2.600000e+00 -2.100000e+02 5.000000e+01
    endloop
  endfacet
  facet normal 9.987165e-01 5.064917e-02 2.217596e-16
    outer loop
      vertex   -2.600000e+00 -2.100000e+02 5.000000e+01
      vertex   -2.586660e+00 -2.102630e+02 4.600000e+01
      vertex   -2.600000e+00 -2.100000e+02 4.600000e+01
    endloop
  endfacet
  facet normal 9.987165e-01 -5.064917e-02 2.217596e-16
    outer loop
      vertex   -2.600000e+00 -2.100000e+02 5.000000e+01
      vertex   -2.600000e+00 -2.100000e+02 4.600000e+01
      vertex   -2.586660e+00 -2.097370e+02 5.000000e+01
    endloop
  endfacet
  facet normal 9.987165e-01 -5.064917e-02 3.326394e-16
    outer loop
      vertex   -2.586660e+00 -2.097370e+02 5.000000e+01
      vertex   -2.600000e+00 -2.100000e+02 4.600000e+01
      vertex   -2.586660e+00 -2.097370e+02 4.600000e+01
    endloop
  endfacet
  facet normal 9.884683e-01 -1.514278e-01 3.292261e-16
    outer loop
      vertex   -2.586660e+00 -2.097370e+02 5.000000e+01
      vertex   -2.586660e+00 -2.097370e+02 4.600000e+01
      vertex   -2.546778e+00 -2.094766e+02 5.000000e+01
    endloop
  endfacet
  facet normal 9.884683e-01 -1.514278e-01 6.584522e-16
    outer loop
      vertex   -2.546778e+00 -2.094766e+02 5.000000e+01
      vertex   -2.586660e+00 -2.097370e+02 4.600000e+01
      vertex   -2.546778e+00 -2.094766e+02 4.600000e+01
    endloop
  endfacet
  facet normal 9.680771e-01 -2.506525e-01 6.448689e-16
    outer loop
      vertex   -2.546778e+00 -2.094766e+02 5.000000e+01
      vertex   -2.546778e+00 -2.094766e+02 4.600000e+01
      vertex   -2.480762e+00 -2.092217e+02 5.000000e+01
    endloop
  endfacet
  facet normal 9.680771e-01 -2.506525e-01 -8.598252e-16
    outer loop
      vertex   -2.480762e+00 -2.092217e+02 5.000000e+01
      vertex   -2.546778e+00 -2.094766e+02 4.600000e+01
      vertex   -2.480762e+00 -2.092217e+02 4.600000e+01
    endloop
  endfacet
  facet normal 9.377521e-01 -3.473053e-01 -8.328912e-16
    outer loop
      vertex   -2.480762e+00 -2.092217e+02 5.000000e+01
      vertex   -2.480762e+00 -2.092217e+02 4.600000e+01
      vertex   -2.389291e+00 -2.089747e+02 5.000000e+01
    endloop
  endfacet
  facet normal 9.377521e-01 -3.473053e-01 -1.145225e-15
    outer loop
      vertex   -2.389291e+00 -2.089747e+02 5.000000e+01
      vertex   -2.480762e+00 -2.092217e+02 4.600000e+01
      vertex   -2.389291e+00 -2.089747e+02 4.600000e+01
    endloop
  endfacet
  facet normal 8.978045e-01 -4.403942e-01 -1.096440e-15
    outer loop
      vertex   -2.389291e+00 -2.089747e+02 5.000000e+01
      vertex   -2.389291e+00 -2.089747e+02 4.600000e+01
      vertex   -2.273301e+00 -2.087382e+02 5.000000e+01
    endloop
  endfacet
  facet normal 8.978045e-01 -4.403942e-01 1.096440e-15
    outer loop
      vertex   -2.273301e+00 -2.087382e+02 5.000000e+01
      vertex   -2.389291e+00 -2.089747e+02 4.600000e+01
      vertex   -2.273301e+00 -2.087382e+02 4.600000e+01
    endloop
  endfacet
  facet normal 8.486443e-01 -5.289640e-01 1.036403e-15
    outer loop
      vertex   -2.273301e+00 -2.087382e+02 5.000000e+01
      vertex   -2.273301e+00 -2.087382e+02 4.600000e+01
      vertex   -2.133985e+00 -2.085147e+02 5.000000e+01
    endloop
  endfacet
  facet normal 8.486443e-01 -5.289640e-01 1.036403e-15
    outer loop
      vertex   -2.133985e+00 -2.085147e+02 5.000000e+01
      vertex   -2.273301e+00 -2.087382e+02 4.600000e+01
      vertex   -2.133985e+00 -2.085147e+02 4.600000e+01
    endloop
  endfacet
  facet normal 7.907757e-01 -6.121060e-01 9.657312e-16
    outer loop
      vertex   -2.133985e+00 -2.085147e+02 5.000000e+01
      vertex   -2.133985e+00 -2.085147e+02 4.600000e+01
      vertex   -1.972771e+00 -2.083064e+02 5.000000e+01
    endloop
  endfacet
  facet normal 7.907757e-01 -6.121060e-01 0.000000e+00
    outer loop
      vertex   -1.972771e+00 -2.083064e+02 5.000000e+01
      vertex   -2.133985e+00 -2.085147e+02 4.600000e+01
      vertex   -1.972771e+00 -2.083064e+02 4.600000e+01
    endloop
  endfacet
  facet normal 7.247928e-01 -6.889669e-01 0.000000e+00
    outer loop
      vertex   -1.972771e+00 -2.083064e+02 5.000000e+01
      vertex   -1.972771e+00 -2.083064e+02 4.600000e+01
      vertex   -1.791314e+00 -2.081155e+02 5.000000e+01
    endloop
  endfacet
  facet normal 7.247928e-01 -6.889669e-01 7.644476e-16
    outer loop
      vertex   -1.791314e+00 -2.081155e+02 5.000000e+01
      vertex   -1.972771e+00 -2.083064e+02 4.600000e+01
      vertex   -1.791314e+00 -2.081155e+02 4.600000e+01
    endloop
  endfacet
  facet normal 6.513725e-01 -7.587581e-01 6.870103e-16
    outer loop
      vertex   -1.791314e+00 -2.081155e+02 5.000000e+01
      vertex   -1.791314e+00 -2.081155e+02 4.600000e+01
      vertex   -1.591476e+00 -2.079440e+02 5.000000e+01
    endloop
  endfacet
  facet normal 6.513725e-01 -7.587581e-01 8.316440e-16
    outer loop
      vertex   -1.591476e+00 -2.079440e+02 5.000000e+01
      vertex   -1.791314e+00 -2.081155e+02 4.600000e+01
      vertex   -1.591476e+00 -2.079440e+02 4.600000e+01
    endloop
  endfacet
  facet normal 5.712682e-01 -8.207634e-01 7.293704e-16
    outer loop
      vertex   -1.591476e+00 -2.079440e+02 5.000000e+01
      vertex   -1.591476e+00 -2.079440e+02 4.600000e+01
      vertex   -1.375307e+00 -2.077935e+02 5.000000e+01
    endloop
  endfacet
  facet normal 5.712682e-01 -8.207634e-01 1.109911e-15
    outer loop
      vertex   -1.375307e+00 -2.077935e+02 5.000000e+01
      vertex   -1.591476e+00 -2.079440e+02 4.600000e+01
      vertex   -1.375307e+00 -2.077935e+02 4.600000e+01
    endloop
  endfacet
  facet normal 4.853020e-01 -8.743466e-01 9.428885e-16
    outer loop
      vertex   -1.375307e+00 -2.077935e+02 5.000000e+01
      vertex   -1.375307e+00 -2.077935e+02 4.600000e+01
      vertex   -1.145025e+00 -2.076657e+02 5.000000e+01
    endloop
  endfacet
  facet normal 4.853020e-01 -8.743466e-01 -8.081901e-17
    outer loop
      vertex   -1.145025e+00 -2.076657e+02 5.000000e+01
      vertex   -1.375307e+00 -2.077935e+02 4.600000e+01
      vertex   -1.145025e+00 -2.076657e+02 4.600000e+01
    endloop
  endfacet
  facet normal 3.943559e-01 -9.189578e-01 -6.567344e-17
    outer loop
      vertex   -1.145025e+00 -2.076657e+02 5.000000e+01
      vertex   -1.145025e+00 -2.076657e+02 4.600000e+01
      vertex   -9.029939e-01 -2.075618e+02 5.000000e+01
    endloop
  endfacet
  facet normal 3.943559e-01 -9.189578e-01 4.159318e-16
    outer loop
      vertex   -9.029939e-01 -2.075618e+02 5.000000e+01
      vertex   -1.145025e+00 -2.076657e+02 4.600000e+01
      vertex   -9.029939e-01 -2.075618e+02 4.600000e+01
    endloop
  endfacet
  facet normal 2.993631e-01 -9.541393e-01 3.157418e-16
    outer loop
      vertex   -9.029939e-01 -2.075618e+02 5.000000e+01
      vertex   -9.029939e-01 -2.075618e+02 4.600000e+01
      vertex   -6.516968e-01 -2.074830e+02 5.000000e+01
    endloop
  endfacet
  facet normal 2.993631e-01 -9.541393e-01 5.816297e-17
    outer loop
      vertex   -6.516968e-01 -2.074830e+02 5.000000e+01
      vertex   -9.029939e-01 -2.075618e+02 4.600000e+01
      vertex   -6.516968e-01 -2.074830e+02 4.600000e+01
    endloop
  endfacet
  facet normal 2.012985e-01 -9.795299e-01 3.911009e-17
    outer loop
      vertex   -6.516968e-01 -2.074830e+02 5.000000e+01
      vertex   -6.516968e-01 -2.074830e+02 4.600000e+01
      vertex   -3.937124e-01 -2.074300e+02 5.000000e+01
    endloop
  endfacet
  facet normal 2.012985e-01 -9.795299e-01 4.469725e-17
    outer loop
      vertex   -3.937124e-01 -2.074300e+02 5.000000e+01
      vertex   -6.516968e-01 -2.074830e+02 4.600000e+01
      vertex   -3.937124e-01 -2.074300e+02 4.600000e+01
    endloop
  endfacet
  facet normal 1.011683e-01 -9.948693e-01 2.246388e-17
    outer loop
      vertex   -3.937124e-01 -2.074300e+02 5.000000e+01
      vertex   -3.937124e-01 -2.074300e+02 4.600000e+01
      vertex   -1.316881e-01 -2.074033e+02 5.000000e+01
    endloop
  endfacet
  facet normal 1.011683e-01 -9.948693e-01 8.423955e-18
    outer loop
      vertex   -1.316881e-01 -2.074033e+02 5.000000e+01
      vertex   -3.937124e-01 -2.074300e+02 4.600000e+01
      vertex   -1.316881e-01 -2.074033e+02 4.600000e+01
    endloop
  endfacet
  facet normal 0.000000e+00 -1.000000e+00 0.000000e+00
    outer loop
      vertex   -1.316881e-01 -2.074033e+02 5.000000e+01
      vertex   -1.316881e-01 -2.074033e+02 4.600000e+01
      vertex   1.316876e-01 -2.074033e+02 5.000000e+01
    endloop
  endfacet
  facet normal 0.000000e+00 -1.000000e+00 -0.000000e+00
    outer loop
      vertex   1.316876e-01 -2.074033e+02 5.000000e+01
      vertex   -1.316881e-01 -2.074033e+02 4.600000e+01
      vertex   1.316876e-01 -2.074033e+02 4.600000e+01
    endloop
  endfacet
  facet normal -1.011683e-01 -9.948693e-01 -3.650381e-17
    outer loop
      vertex   1.316876e-01 -2.074033e+02 5.000000e+01
      vertex   1.316876e-01 -2.074033e+02 4.600000e+01
      vertex   3.937120e-01 -2.074300e+02 5.000000e+01
    endloop
  endfacet
  facet normal -1.011683e-01 -9.948693e-01 -2.246388e-17
    outer loop
      vertex   3.937120e-01 -2.074300e+02 5.000000e+01
      vertex   1.316876e-01 -2.074033e+02 4.600000e+01
      vertex   3.937120e-01 -2.074300e+02 4.600000e+01
    endloop
  endfacet
  facet normal -2.012985e-01 -9.795299e-01 -4.469725e-17
    outer loop
      vertex   3.937120e-01 -2.074300e+02 5.000000e+01
      vertex   3.937120e-01 -2.074300e+02 4.600000e+01
      vertex   6.516964e-01 -2.074830e+02 5.000000e+01
    endloop
  endfacet
  facet normal -2.012985e-01 -9.795299e-01 -4.469725e-17
    outer loop
      vertex   6.516964e-01 -2.074830e+02 5.000000e+01
      vertex   3.937120e-01 -2.074300e+02 4.600000e+01
      vertex   6.516964e-01 -2.074830e+02 4.600000e+01
    endloop
  endfacet
  facet normal -2.993631e-01 -9.541393e-01 -6.647197e-17
    outer loop
      vertex   6.516964e-01 -2.074830e+02 5.000000e+01
      vertex   6.516964e-01 -2.074830e+02 4.600000e+01
      vertex   9.029934e-01 -2.075618e+02 5.000000e+01
    endloop
  endfacet
  facet normal -2.993631e-01 -9.541393e-01 1.911069e-16
    outer loop
      vertex   9.029934e-01 -2.075618e+02 5.000000e+01
      vertex   6.516964e-01 -2.074830e+02 4.600000e+01
      vertex   9.029934e-01 -2.075618e+02 4.600000e+01
    endloop
  endfacet
  facet normal -3.943559e-01 -9.189578e-01 2.517482e-16
    outer loop
      vertex   9.029934e-01 -2.075618e+02 5.000000e+01
      vertex   9.029934e-01 -2.075618e+02 4.600000e+01
      vertex   1.145025e+00 -2.076657e+02 5.000000e+01
    endloop
  endfacet
  facet normal -3.943559e-01 -9.189578e-01 -1.970203e-16
    outer loop
      vertex   1.145025e+00 -2.076657e+02 5.000000e+01
      vertex   9.029934e-01 -2.075618e+02 4.600000e+01
      vertex   1.145025e+00 -2.076657e+02 4.600000e+01
    endloop
  endfacet
  facet normal -4.853020e-01 -8.743466e-01 -2.424570e-16
    outer loop
      vertex   1.145025e+00 -2.076657e+02 5.000000e+01
      vertex   1.145025e+00 -2.076657e+02 4.600000e+01
      vertex   1.375306e+00 -2.077935e+02 5.000000e+01
    endloop
  endfacet
  facet normal -4.853020e-01 -8.743466e-01 7.543108e-16
    outer loop
      vertex   1.375306e+00 -2.077935e+02 5.000000e+01
      vertex   1.145025e+00 -2.076657e+02 4.600000e+01
      vertex   1.375306e+00 -2.077935e+02 4.600000e+01
    endloop
  endfacet
  facet normal -5.712682e-01 -8.207634e-01 8.879292e-16
    outer loop
      vertex   1.375306e+00 -2.077935e+02 5.000000e+01
      vertex   1.375306e+00 -2.077935e+02 4.600000e+01
      vertex   1.591475e+00 -2.079440e+02 5.000000e+01
    endloop
  endfacet
  facet normal -5.712682e-01 -8.207634e-01 5.073881e-16
    outer loop
      vertex   1.591475e+00 -2.079440e+02 5.000000e+01
      vertex   1.375306e+00 -2.077935e+02 4.600000e+01
      vertex   1.591475e+00 -2.079440e+02 4.600000e+01
    endloop
  endfacet
  facet normal -6.513725e-01 -7.587581e-01 5.785350e-16
    outer loop
      vertex   1.591475e+00 -2.079440e+02 5.000000e+01
      vertex   1.591475e+00 -2.079440e+02 4.600000e+01
      vertex   1.791314e+00 -2.081155e+02 5.000000e+01
    endloop
  endfacet
  facet normal -6.513725e-01 -7.587581e-01 3.615844e-16
    outer loop
      vertex   1.791314e+00 -2.081155e+02 5.000000e+01
      vertex   1.591475e+00 -2.079440e+02 4.600000e+01
      vertex   1.791314e+00 -2.081155e+02 4.600000e+01
    endloop
  endfacet
  facet normal -7.247928e-01 -6.889669e-01 4.023408e-16
    outer loop
      vertex   1.791314e+00 -2.081155e+02 5.000000e+01
      vertex   1.791314e+00 -2.081155e+02 4.600000e+01
      vertex   1.972771e+00 -2.083064e+02 5.000000e+01
    endloop
  endfacet
  facet normal -7.247928e-01 -6.889669e-01 -4.023408e-16
    outer loop
      vertex   1.972771e+00 -2.083064e+02 5.000000e+01
      vertex   1.791314e+00 -2.081155e+02 4.600000e+01
      vertex   1.972771e+00 -2.083064e+02 4.600000e+01
    endloop
  endfacet
  facet normal -7.907757e-01 -6.121060e-01 -4.389687e-16
    outer loop
      vertex   1.972771e+00 -2.083064e+02 5.000000e+01
      vertex   1.972771e+00 -2.083064e+02 4.600000e+01
      vertex   2.133985e+00 -2.085147e+02 5.000000e+01
    endloop
  endfacet
  facet normal -7.907757e-01 -6.121060e-01 7.901437e-16
    outer loop
      vertex   2.133985e+00 -2.085147e+02 5.000000e+01
      vertex   1.972771e+00 -2.083064e+02 4.600000e+01
      vertex   2.133985e+00 -2.085147e+02 4.600000e+01
    endloop
  endfacet
  facet normal -8.486443e-01 -5.289640e-01 8.479660e-16
    outer loop
      vertex   2.133985e+00 -2.085147e+02 5.000000e+01
      vertex   2.133985e+00 -2.085147e+02 4.600000e+01
      vertex   2.273301e+00 -2.087382e+02 5.000000e+01
    endloop
  endfacet
  facet normal -8.486443e-01 -5.289640e-01 5.653106e-16
    outer loop
      vertex   2.273301e+00 -2.087382e+02 5.000000e+01
      vertex   2.133985e+00 -2.085147e+02 4.600000e+01
      vertex   2.273301e+00 -2.087382e+02 4.600000e+01
    endloop
  endfacet
  facet normal -8.978045e-01 -4.403942e-01 5.980580e-16
    outer loop
      vertex   2.273301e+00 -2.087382e+02 5.000000e+01
      vertex   2.273301e+00 -2.087382e+02 4.600000e+01
      vertex   2.389290e+00 -2.089747e+02 5.000000e+01
    endloop
  endfacet
  facet normal -8.978045e-01 -4.403942e-01 -1.594821e-15
    outer loop
      vertex   2.389290e+00 -2.089747e+02 5.000000e+01
      vertex   2.273301e+00 -2.087382e+02 4.600000e+01
      vertex   2.389290e+00 -2.089747e+02 4.600000e+01
    endloop
  endfacet
  facet normal -9.377521e-01 -3.473053e-01 -1.665782e-15
    outer loop
      vertex   2.389290e+00 -2.089747e+02 5.000000e+01
      vertex   2.389290e+00 -2.089747e+02 4.600000e+01
      vertex   2.480762e+00 -2.092217e+02 5.000000e+01
    endloop
  endfacet
  facet normal -9.377521e-01 -3.473053e-01 -1.145225e-15
    outer loop
      vertex   2.480762e+00 -2.092217e+02 5.000000e+01
      vertex   2.389290e+00 -2.089747e+02 4.600000e+01
      vertex   2.480762e+00 -2.092217e+02 4.600000e+01
    endloop
  endfacet
  facet normal -9.680771e-01 -2.506525e-01 -1.182260e-15
    outer loop
      vertex   2.480762e+00 -2.092217e+02 5.000000e+01
      vertex   2.480762e+00 -2.092217e+02 4.600000e+01
      vertex   2.546778e+00 -2.094766e+02 5.000000e+01
    endloop
  endfacet
  facet normal -9.680771e-01 -2.506525e-01 1.074782e-16
    outer loop
      vertex   2.546778e+00 -2.094766e+02 5.000000e+01
      vertex   2.480762e+00 -2.092217e+02 4.600000e+01
      vertex   2.546778e+00 -2.094766e+02 4.600000e+01
    endloop
  endfacet
  facet normal -9.884683e-01 -1.514278e-01 1.097420e-16
    outer loop
      vertex   2.546778e+00 -2.094766e+02 5.000000e+01
      vertex   2.546778e+00 -2.094766e+02 4.600000e+01
      vertex   2.586660e+00 -2.097370e+02 5.000000e+01
    endloop
  endfacet
  facet normal -9.884683e-01 -1.514278e-01 -2.194841e-16
    outer loop
      vertex   2.586660e+00 -2.097370e+02 5.000000e+01
      vertex   2.546778e+00 -2.094766e+02 4.600000e+01
      vertex   2.586660e+00 -2.097370e+02 4.600000e+01
    endloop
  endfacet
  facet normal -9.987165e-01 5.064917e-02 -2.217596e-16
    outer loop
      vertex   2.586660e+00 -2.102630e+02 3.800000e+01
      vertex   2.586660e+00 -2.102630e+02 4.200000e+01
      vertex   2.600000e+00 -2.100000e+02 3.800000e+01
    endloop
  endfacet
  facet normal -9.987165e-01 5.064917e-02 -2.217596e-16
    outer loop
      vertex   2.600000e+00 -2.100000e+02 3.800000e+01
      vertex   2.586660e+00 -2.102630e+02 4.200000e+01
      vertex   2.600000e+00 -2.100000e+02 4.200000e+01
    endloop
  endfacet
  facet normal -9.987165e-01 -5.064917e-02 -2.217596e-16
    outer loop
      vertex   2.600000e+00 -2.100000e+02 3.800000e+01
      vertex   2.600000e+00 -2.100000e+02 4.200000e+01
      vertex   2.586660e+00 -2.097370e+02 3.800000e+01
    endloop
  endfacet
  facet normal -9.987165e-01 -5.064917e-02 -4.435192e-16
    outer loop
      vertex   2.586660e+00 -2.097370e+02 3.800000e+01
      vertex   2.600000e+00 -2.100000e+02 4.200000e+01
      vertex   2.586660e+00 -2.097370e+02 4.200000e+01
    endloop
  endfacet
  facet normal -9.884683e-01 -1.514278e-01 -4.389681e-16
    outer loop
      vertex   2.586660e+00 -2.097370e+02 3.800000e+01
      vertex   2.586660e+00 -2.097370e+02 4.200000e+01
      vertex   2.546778e+00 -2.094766e+02 3.800000e+01
    endloop
  endfacet
  facet normal -9.884683e-01 -1.514278e-01 -7.681942e-16
    outer loop
      vertex   2.546778e+00 -2.094766e+02 3.800000e+01
      vertex   2.586660e+00 -2.097370e+02 4.200000e+01
      vertex   2.546778e+00 -2.094766e+02 4.200000e+01
    endloop
  endfacet
  facet normal -9.680771e-01 -2.506525e-01 -7.523471e-16
    outer loop
      vertex   2.546778e+00 -2.094766e+02 3.800000e+01
      vertex   2.546778e+00 -2.094766e+02 4.200000e+01
      vertex   2.480762e+00 -2.092217e+02 3.800000e+01
    endloop
  endfacet
  facet normal -9.680771e-01 -2.506525e-01 6.448689e-16
    outer loop
      vertex   2.480762e+00 -2.092217e+02 3.800000e+01
      vertex   2.546778e+00 -2.094766e+02 4.200000e+01
      vertex   2.480762e+00 -2.092217e+02 4.200000e+01
    endloop
  endfacet
  facet normal -9.377521e-01 -3.473053e-01 6.246684e-16
    outer loop
      vertex   2.480762e+00 -2.092217e+02 3.800000e+01
      vertex   2.480762e+00 -2.092217e+02 4.200000e+01
      vertex   2.389290e+00 -2.089747e+02 3.800000e+01
    endloop
  endfacet
  facet normal -9.377521e-01 -3.473053e-01 1.249337e-15
    outer loop
      vertex   2.389290e+00 -2.089747e+02 3.800000e+01
      vertex   2.480762e+00 -2.092217e+02 4.200000e+01
      vertex   2.389290e+00 -2.089747e+02 4.200000e+01
    endloop
  endfacet
  facet normal -8.978045e-01 -4.403942e-01 1.196116e-15
    outer loop
      vertex   2.389290e+00 -2.089747e+02 3.800000e+01
      vertex   2.389290e+00 -2.089747e+02 4.200000e+01
      vertex   2.273301e+00 -2.087382e+02 3.800000e+01
    endloop
  endfacet
  facet normal -8.978045e-01 -4.403942e-01 -1.196116e-15
    outer loop
      vertex   2.273301e+00 -2.087382e+02 3.800000e+01
      vertex   2.389290e+00 -2.089747e+02 4.200000e+01
      vertex   2.273301e+00 -2.087382e+02 4.200000e+01
    endloop
  endfacet
  facet normal -8.486443e-01 -5.289640e-01 -1.130621e-15
    outer loop
      vertex   2.273301e+00 -2.087382e+02 3.800000e+01
      vertex   2.273301e+00 -2.087382e+02 4.200000e+01
      vertex   2.133985e+00 -2.085147e+02 3.800000e+01
    endloop
  endfacet
  facet normal -8.486443e-01 -5.289640e-01 -1.224840e-15
    outer loop
      vertex   2.133985e+00 -2.085147e+02 3.800000e+01
      vertex   2.273301e+00 -2.087382e+02 4.200000e+01
      vertex   2.133985e+00 -2.085147e+02 4.200000e+01
    endloop
  endfacet
  facet normal -7.907757e-01 -6.121060e-01 -1.141319e-15
    outer loop
      vertex   2.133985e+00 -2.085147e+02 3.800000e+01
      vertex   2.133985e+00 -2.085147e+02 4.200000e+01
      vertex   1.972771e+00 -2.083064e+02 3.800000e+01
    endloop
  endfacet
  facet normal -7.907757e-01 -6.121060e-01 -8.779374e-17
    outer loop
      vertex   1.972771e+00 -2.083064e+02 3.800000e+01
      vertex   2.133985e+00 -2.085147e+02 4.200000e+01
      vertex   1.972771e+00 -2.083064e+02 4.200000e+01
    endloop
  endfacet
  facet normal -7.247928e-01 -6.889669e-01 -8.046816e-17
    outer loop
      vertex   1.972771e+00 -2.083064e+02 3.800000e+01
      vertex   1.972771e+00 -2.083064e+02 4.200000e+01
      vertex   1.791314e+00 -2.081155e+02 3.800000e+01
    endloop
  endfacet
  facet normal -7.247928e-01 -6.889669e-01 -7.242135e-16
    outer loop
      vertex   1.791314e+00 -2.081155e+02 3.800000e+01
      vertex   1.972771e+00 -2.083064e+02 4.200000e+01
      vertex   1.791314e+00 -2.081155e+02 4.200000e+01
    endloop
  endfacet
  facet normal -6.513725e-01 -7.587581e-01 -6.508519e-16
    outer loop
      vertex   1.791314e+00 -2.081155e+02 3.800000e+01
      vertex   1.791314e+00 -2.081155e+02 4.200000e+01
      vertex   1.591475e+00 -2.079440e+02 3.800000e+01
    endloop
  endfacet
  facet normal -6.513725e-01 -7.587581e-01 -9.762778e-16
    outer loop
      vertex   1.591475e+00 -2.079440e+02 3.800000e+01
      vertex   1.791314e+00 -2.081155e+02 4.200000e+01
      vertex   1.591475e+00 -2.079440e+02 4.200000e+01
    endloop
  endfacet
  facet normal -5.712682e-01 -8.207634e-01 -8.562174e-16
    outer loop
      vertex   1.591475e+00 -2.079440e+02 3.800000e+01
      vertex   1.591475e+00 -2.079440e+02 4.200000e+01
      vertex   1.375306e+00 -2.077935e+02 3.800000e+01
    endloop
  endfacet
  facet normal -5.712682e-01 -8.207634e-01 -1.141623e-15
    outer loop
      vertex   1.375306e+00 -2.077935e+02 3.800000e+01
      vertex   1.591475e+00 -2.079440e+02 4.200000e+01
      vertex   1.375306e+00 -2.077935e+02 4.200000e+01
    endloop
  endfacet
  facet normal -4.853020e-01 -8.743466e-01 -9.698281e-16
    outer loop
      vertex   1.375306e+00 -2.077935e+02 3.800000e+01
      vertex   1.375306e+00 -2.077935e+02 4.200000e+01
      vertex   1.145025e+00 -2.076657e+02 3.800000e+01
    endloop
  endfacet
  facet normal -4.853020e-01 -8.743466e-01 2.693967e-17
    outer loop
      vertex   1.145025e+00 -2.076657e+02 3.800000e+01
      vertex   1.375306e+00 -2.077935e+02 4.200000e+01
      vertex   1.145025e+00 -2.076657e+02 4.200000e+01
    endloop
  endfacet
  facet normal -3.943559e-01 -9.189578e-01 2.189115e-17
    outer loop
      vertex   1.145025e+00 -2.076657e+02 3.800000e+01
      vertex   1.145025e+00 -2.076657e+02 4.200000e+01
      vertex   9.029934e-01 -2.075618e+02 3.800000e+01
    endloop
  endfacet
  facet normal -3.943559e-01 -9.189578e-01 -3.502584e-16
    outer loop
      vertex   9.029934e-01 -2.075618e+02 3.800000e+01
      vertex   1.145025e+00 -2.076657e+02 4.200000e+01
      vertex   9.029934e-01 -2.075618e+02 4.200000e+01
    endloop
  endfacet
  facet normal -2.993631e-01 -9.541393e-01 -2.658879e-16
    outer loop
      vertex   9.029934e-01 -2.075618e+02 3.800000e+01
      vertex   9.029934e-01 -2.075618e+02 4.200000e+01
      vertex   6.516964e-01 -2.074830e+02 3.800000e+01
    endloop
  endfacet
  facet normal -2.993631e-01 -9.541393e-01 -9.970795e-17
    outer loop
      vertex   6.516964e-01 -2.074830e+02 3.800000e+01
      vertex   9.029934e-01 -2.075618e+02 4.200000e+01
      vertex   6.516964e-01 -2.074830e+02 4.200000e+01
    endloop
  endfacet
  facet normal -2.012985e-01 -9.795299e-01 -6.704588e-17
    outer loop
      vertex   6.516964e-01 -2.074830e+02 3.800000e+01
      vertex   6.516964e-01 -2.074830e+02 4.200000e+01
      vertex   3.937120e-01 -2.074300e+02 3.800000e+01
    endloop
  endfacet
  facet normal -2.012985e-01 -9.795299e-01 -1.676147e-17
    outer loop
      vertex   3.937120e-01 -2.074300e+02 3.800000e+01
      vertex   6.516964e-01 -2.074830e+02 4.200000e+01
      vertex   3.937120e-01 -2.074300e+02 4.200000e+01
    endloop
  endfacet
  facet normal -1.011683e-01 -9.948693e-01 -8.423955e-18
    outer loop
      vertex   3.937120e-01 -2.074300e+02 3.800000e+01
      vertex   3.937120e-01 -2.074300e+02 4.200000e+01
      vertex   1.316876e-01 -2.074033e+02 3.800000e+01
    endloop
  endfacet
  facet normal -1.011683e-01 -9.948693e-01 -7.721959e-18
    outer loop
      vertex   1.316876e-01 -2.074033e+02 3.800000e+01
      vertex   3.937120e-01 -2.074300e+02 4.200000e+01
      vertex   1.316876e-01 -2.074033e+02 4.200000e+01
    endloop
  endfacet
  facet normal 0.000000e+00 -1.000000e+00 0.000000e+00
    outer loop
      vertex   1.316876e-01 -2.074033e+02 3.800000e+01
      vertex   1.316876e-01 -2.074033e+02 4.200000e+01
      vertex   -1.316881e-01 -2.074033e+02 3.800000e+01
    endloop
  endfacet
  facet normal 0.000000e+00 -1.000000e+00 0.000000e+00
    outer loop
      vertex   -1.316881e-01 -2.074033e+02 3.800000e+01
      vertex   1.316876e-01 -2.074033e+02 4.200000e+01
      vertex   -1.316881e-01 -2.074033e+02 4.200000e+01
    endloop
  endfacet
  facet normal 1.011683e-01 -9.948693e-01 3.720580e-17
    outer loop
      vertex   -1.316881e-01 -2.074033e+02 3.800000e+01
      vertex   -1.316881e-01 -2.074033e+02 4.200000e+01
      vertex   -3.937124e-01 -2.074300e+02 3.800000e+01
    endloop
  endfacet
  facet normal 1.011683e-01 -9.948693e-01 3.650381e-17
    outer loop
      vertex   -3.937124e-01 -2.074300e+02 3.800000e+01
      vertex   -1.316881e-01 -2.074033e+02 4.200000e+01
      vertex   -3.937124e-01 -2.074300e+02 4.200000e+01
    endloop
  endfacet
  facet normal 2.012985e-01 -9.795299e-01 7.263303e-17
    outer loop
      vertex   -3.937124e-01 -2.074300e+02 3.800000e+01
      vertex   -3.937124e-01 -2.074300e+02 4.200000e+01
      vertex   -6.516968e-01 -2.074830e+02 3.800000e+01
    endloop
  endfacet
  facet normal 2.012985e-01 -9.795299e-01 2.234863e-17
    outer loop
      vertex   -6.516968e-01 -2.074830e+02 3.800000e+01
      vertex   -3.937124e-01 -2.074300e+02 4.200000e+01
      vertex   -6.516968e-01 -2.074830e+02 4.200000e+01
    endloop
  endfacet
  facet normal 2.993631e-01 -9.541393e-01 3.323598e-17
    outer loop
      vertex   -6.516968e-01 -2.074830e+02 3.800000e+01
      vertex   -6.516968e-01 -2.074830e+02 4.200000e+01
      vertex   -9.029939e-01 -2.075618e+02 3.800000e+01
    endloop
  endfacet
  facet normal 2.993631e-01 -9.541393e-01 -1.412529e-16
    outer loop
      vertex   -9.029939e-01 -2.075618e+02 3.800000e+01
      vertex   -6.516968e-01 -2.074830e+02 4.200000e+01
      vertex   -9.029939e-01 -2.075618e+02 4.200000e+01
    endloop
  endfacet
  facet normal 3.943559e-01 -9.189578e-01 -1.860748e-16
    outer loop
      vertex   -9.029939e-01 -2.075618e+02 3.800000e+01
      vertex   -9.029939e-01 -2.075618e+02 4.200000e+01
      vertex   -1.145025e+00 -2.076657e+02 3.800000e+01
    endloop
  endfacet
  facet normal 3.943559e-01 -9.189578e-01 1.751292e-16
    outer loop
      vertex   -1.145025e+00 -2.076657e+02 3.800000e+01
      vertex   -9.029939e-01 -2.075618e+02 4.200000e+01
      vertex   -1.145025e+00 -2.076657e+02 4.200000e+01
    endloop
  endfacet
  facet normal 4.853020e-01 -8.743466e-01 2.155174e-16
    outer loop
      vertex   -1.145025e+00 -2.076657e+02 3.800000e+01
      vertex   -1.145025e+00 -2.076657e+02 4.200000e+01
      vertex   -1.375307e+00 -2.077935e+02 3.800000e+01
    endloop
  endfacet
  facet normal 4.853020e-01 -8.743466e-01 -7.004314e-16
    outer loop
      vertex   -1.375307e+00 -2.077935e+02 3.800000e+01
      vertex   -1.145025e+00 -2.076657e+02 4.200000e+01
      vertex   -1.375307e+00 -2.077935e+02 4.200000e+01
    endloop
  endfacet
  facet normal 5.712682e-01 -8.207634e-01 -8.245057e-16
    outer loop
      vertex   -1.375307e+00 -2.077935e+02 3.800000e+01
      vertex   -1.375307e+00 -2.077935e+02 4.200000e+01
      vertex   -1.591476e+00 -2.079440e+02 3.800000e+01
    endloop
  endfacet
  facet normal 5.712682e-01 -8.207634e-01 -6.342351e-16
    outer loop
      vertex   -1.591476e+00 -2.079440e+02 3.800000e+01
      vertex   -1.375307e+00 -2.077935e+02 4.200000e+01
      vertex   -1.591476e+00 -2.079440e+02 4.200000e+01
    endloop
  endfacet
  facet normal 6.513725e-01 -7.587581e-01 -7.231687e-16
    outer loop
      vertex   -1.591476e+00 -2.079440e+02 3.800000e+01
      vertex   -1.591476e+00 -2.079440e+02 4.200000e+01
      vertex   -1.791314e+00 -2.081155e+02 3.800000e+01
    endloop
  endfacet
  facet normal 6.513725e-01 -7.587581e-01 -3.615844e-16
    outer loop
      vertex   -1.791314e+00 -2.081155e+02 3.800000e+01
      vertex   -1.591476e+00 -2.079440e+02 4.200000e+01
      vertex   -1.791314e+00 -2.081155e+02 4.200000e+01
    endloop
  endfacet
  facet normal 7.247928e-01 -6.889669e-01 -4.023408e-16
    outer loop
      vertex   -1.791314e+00 -2.081155e+02 3.800000e+01
      vertex   -1.791314e+00 -2.081155e+02 4.200000e+01
      vertex   -1.972771e+00 -2.083064e+02 3.800000e+01
    endloop
  endfacet
  facet normal 7.247928e-01 -6.889669e-01 3.218727e-16
    outer loop
      vertex   -1.972771e+00 -2.083064e+02 3.800000e+01
      vertex   -1.791314e+00 -2.081155e+02 4.200000e+01
      vertex   -1.972771e+00 -2.083064e+02 4.200000e+01
    endloop
  endfacet
  facet normal 7.907757e-01 -6.121060e-01 3.511750e-16
    outer loop
      vertex   -1.972771e+00 -2.083064e+02 3.800000e+01
      vertex   -1.972771e+00 -2.083064e+02 4.200000e+01
      vertex   -2.133985e+00 -2.085147e+02 3.800000e+01
    endloop
  endfacet
  facet normal 7.907757e-01 -6.121060e-01 -6.145562e-16
    outer loop
      vertex   -2.133985e+00 -2.085147e+02 3.800000e+01
      vertex   -1.972771e+00 -2.083064e+02 4.200000e+01
      vertex   -2.133985e+00 -2.085147e+02 4.200000e+01
    endloop
  endfacet
  facet normal 8.486443e-01 -5.289640e-01 -6.595291e-16
    outer loop
      vertex   -2.133985e+00 -2.085147e+02 3.800000e+01
      vertex   -2.133985e+00 -2.085147e+02 4.200000e+01
      vertex   -2.273301e+00 -2.087382e+02 3.800000e+01
    endloop
  endfacet
  facet normal 8.486443e-01 -5.289640e-01 -6.595291e-16
    outer loop
      vertex   -2.273301e+00 -2.087382e+02 3.800000e+01
      vertex   -2.133985e+00 -2.085147e+02 4.200000e+01
      vertex   -2.273301e+00 -2.087382e+02 4.200000e+01
    endloop
  endfacet
  facet normal 8.978045e-01 -4.403942e-01 -6.977343e-16
    outer loop
      vertex   -2.273301e+00 -2.087382e+02 3.800000e+01
      vertex   -2.273301e+00 -2.087382e+02 4.200000e+01
      vertex   -2.389291e+00 -2.089747e+02 3.800000e+01
    endloop
  endfacet
  facet normal 8.978045e-01 -4.403942e-01 1.495145e-15
    outer loop
      vertex   -2.389291e+00 -2.089747e+02 3.800000e+01
      vertex   -2.273301e+00 -2.087382e+02 4.200000e+01
      vertex   -2.389291e+00 -2.089747e+02 4.200000e+01
    endloop
  endfacet
  facet normal 9.377521e-01 -3.473053e-01 1.561671e-15
    outer loop
      vertex   -2.389291e+00 -2.089747e+02 3.800000e+01
      vertex   -2.389291e+00 -2.089747e+02 4.200000e+01
      vertex   -2.480762e+00 -2.092217e+02 3.800000e+01
    endloop
  endfacet
  facet normal 9.377521e-01 -3.473053e-01 1.249337e-15
    outer loop
      vertex   -2.480762e+00 -2.092217e+02 3.800000e+01
      vertex   -2.389291e+00 -2.089747e+02 4.200000e+01
      vertex   -2.480762e+00 -2.092217e+02 4.200000e+01
    endloop
  endfacet
  facet normal 9.680771e-01 -2.506525e-01 1.289738e-15
    outer loop
      vertex   -2.480762e+00 -2.092217e+02 3.800000e+01
      vertex   -2.480762e+00 -2.092217e+02 4.200000e+01
      vertex   -2.546778e+00 -2.094766e+02 3.800000e+01
    endloop
  endfacet
  facet normal 9.680771e-01 -2.506525e-01 -1.074782e-16
    outer loop
      vertex   -2.546778e+00 -2.094766e+02 3.800000e+01
      vertex   -2.480762e+00 -2.092217e+02 4.200000e+01
      vertex   -2.546778e+00 -2.094766e+02 4.200000e+01
    endloop
  endfacet
  facet normal 9.884683e-01 -1.514278e-01 -1.097420e-16
    outer loop
      vertex   -2.546778e+00 -2.094766e+02 3.800000e+01
      vertex   -2.546778e+00 -2.094766e+02 4.200000e+01
      vertex   -2.586660e+00 -2.097370e+02 3.800000e+01
    endloop
  endfacet
  facet normal 9.884683e-01 -1.514278e-01 1.097420e-16
    outer loop
      vertex   -2.586660e+00 -2.097370e+02 3.800000e+01
      vertex   -2.546778e+00 -2.094766e+02 4.200000e+01
      vertex   -2.586660e+00 -2.097370e+02 4.200000e+01
    endloop
  endfacet
  facet normal 9.987165e-01 -5.064917e-02 1.108798e-16
    outer loop
      vertex   -2.586660e+00 -2.097370e+02 3.800000e+01
      vertex   -2.586660e+00 -2.097370e+02 4.200000e+01
      vertex   -2.600000e+00 -2.100000e+02 3.800000e+01
    endloop
  endfacet
  facet normal 9.987165e-01 -5.064917e-02 2.217596e-16
    outer loop
      vertex   -2.600000e+00 -2.100000e+02 3.800000e+01
      vertex   -2.586660e+00 -2.097370e+02 4.200000e+01
      vertex   -2.600000e+00 -2.100000e+02 4.200000e+01
    endloop
  endfacet
  facet normal 9.987165e-01 5.064917e-02 2.217596e-16
    outer loop
      vertex   -2.600000e+00 -2.100000e+02 3.800000e+01
      vertex   -2.600000e+00 -2.100000e+02 4.200000e+01
      vertex   -2.586660e+00 -2.102630e+02 3.800000e+01
    endloop
  endfacet
  facet normal 9.987165e-01 5.064917e-02 1.108798e-16
    outer loop
      vertex   -2.586660e+00 -2.102630e+02 3.800000e+01
      vertex   -2.600000e+00 -2.100000e+02 4.200000e+01
      vertex   -2.586660e+00 -2.102630e+02 4.200000e+01
    endloop
  endfacet
  facet normal 9.884683e-01 1.514278e-01 1.097420e-16
    outer loop
      vertex   -2.586660e+00 -2.102630e+02 3.800000e+01
      vertex   -2.586660e+00 -2.102630e+02 4.200000e+01
      vertex   -2.546778e+00 -2.105234e+02 3.800000e+01
    endloop
  endfacet
  facet normal 9.884683e-01 1.514278e-01 -1.097420e-16
    outer loop
      vertex   -2.546778e+00 -2.105234e+02 3.800000e+01
      vertex   -2.586660e+00 -2.102630e+02 4.200000e+01
      vertex   -2.546778e+00 -2.105234e+02 4.200000e+01
    endloop
  endfacet
  facet normal 9.680771e-01 2.506525e-01 -1.074782e-16
    outer loop
      vertex   -2.546778e+00 -2.105234e+02 3.800000e+01
      vertex   -2.546778e+00 -2.105234e+02 4.200000e+01
      vertex   -2.480762e+00 -2.107783e+02 3.800000e+01
    endloop
  endfacet
  facet normal 9.680771e-01 2.506525e-01 1.289738e-15
    outer loop
      vertex   -2.480762e+00 -2.107783e+02 3.800000e+01
      vertex   -2.546778e+00 -2.105234e+02 4.200000e+01
      vertex   -2.480762e+00 -2.107783e+02 4.200000e+01
    endloop
  endfacet
  facet normal 9.377521e-01 3.473053e-01 1.249337e-15
    outer loop
      vertex   -2.480762e+00 -2.107783e+02 3.800000e+01
      vertex   -2.480762e+00 -2.107783e+02 4.200000e+01
      vertex   -2.389291e+00 -2.110253e+02 3.800000e+01
    endloop
  endfacet
  facet normal 9.377521e-01 3.473053e-01 1.561671e-15
    outer loop
      vertex   -2.389291e+00 -2.110253e+02 3.800000e+01
      vertex   -2.480762e+00 -2.107783e+02 4.200000e+01
      vertex   -2.389291e+00 -2.110253e+02 4.200000e+01
    endloop
  endfacet
  facet normal 8.978045e-01 4.403942e-01 1.495145e-15
    outer loop
      vertex   -2.389291e+00 -2.110253e+02 3.800000e+01
      vertex   -2.389291e+00 -2.110253e+02 4.200000e+01
      vertex   -2.273301e+00 -2.112618e+02 3.800000e+01
    endloop
  endfacet
  facet normal 8.978045e-01 4.403942e-01 -6.977343e-16
    outer loop
      vertex   -2.273301e+00 -2.112618e+02 3.800000e+01
      vertex   -2.389291e+00 -2.110253e+02 4.200000e+01
      vertex   -2.273301e+00 -2.112618e+02 4.200000e+01
    endloop
  endfacet
  facet normal 8.486443e-01 5.289640e-01 -6.595291e-16
    outer loop
      vertex   -2.273301e+00 -2.112618e+02 3.800000e+01
      vertex   -2.273301e+00 -2.112618e+02 4.200000e+01
      vertex   -2.133985e+00 -2.114853e+02 3.800000e+01
    endloop
  endfacet
  facet normal 8.486443e-01 5.289640e-01 -6.595291e-16
    outer loop
      vertex   -2.133985e+00 -2.114853e+02 3.800000e+01
      vertex   -2.273301e+00 -2.112618e+02 4.200000e+01
      vertex   -2.133985e+00 -2.114853e+02 4.200000e+01
    endloop
  endfacet
  facet normal 7.907757e-01 6.121060e-01 -6.145562e-16
    outer loop
      vertex   -2.133985e+00 -2.114853e+02 3.800000e+01
      vertex   -2.133985e+00 -2.114853e+02 4.200000e+01
      vertex   -1.972771e+00 -2.116936e+02 3.800000e+01
    endloop
  endfacet
  facet normal 7.907757e-01 6.121060e-01 3.511750e-16
    outer loop
      vertex   -1.972771e+00 -2.116936e+02 3.800000e+01
      vertex   -2.133985e+00 -2.114853e+02 4.200000e+01
      vertex   -1.972771e+00 -2.116936e+02 4.200000e+01
    endloop
  endfacet
  facet normal 7.247928e-01 6.889669e-01 3.218727e-16
    outer loop
      vertex   -1.972771e+00 -2.116936e+02 3.800000e+01
      vertex   -1.972771e+00 -2.116936e+02 4.200000e+01
      vertex   -1.791314e+00 -2.118845e+02 3.800000e+01
    endloop
  endfacet
  facet normal 7.247928e-01 6.889669e-01 -4.023408e-16
    outer loop
      vertex   -1.791314e+00 -2.118845e+02 3.800000e+01
      vertex   -1.972771e+00 -2.116936e+02 4.200000e+01
      vertex   -1.791314e+00 -2.118845e+02 4.200000e+01
    endloop
  endfacet
  facet normal 6.513725e-01 7.587581e-01 -3.615844e-16
    outer loop
      vertex   -1.791314e+00 -2.118845e+02 3.800000e+01
      vertex   -1.791314e+00 -2.118845e+02 4.200000e+01
      vertex   -1.591476e+00 -2.120560e+02 3.800000e+01
    endloop
  endfacet
  facet normal 6.513725e-01 7.587581e-01 -5.062181e-16
    outer loop
      vertex   -1.591476e+00 -2.120560e+02 3.800000e+01
      vertex   -1.791314e+00 -2.118845e+02 4.200000e+01
      vertex   -1.591476e+00 -2.120560e+02 4.200000e+01
    endloop
  endfacet
  facet normal 5.712682e-01 8.207634e-01 -4.439646e-16
    outer loop
      vertex   -1.591476e+00 -2.120560e+02 3.800000e+01
      vertex   -1.591476e+00 -2.120560e+02 4.200000e+01
      vertex   -1.375307e+00 -2.122065e+02 3.800000e+01
    endloop
  endfacet
  facet normal 5.712682e-01 8.207634e-01 -8.245057e-16
    outer loop
      vertex   -1.375307e+00 -2.122065e+02 3.800000e+01
      vertex   -1.591476e+00 -2.120560e+02 4.200000e+01
      vertex   -1.375307e+00 -2.122065e+02 4.200000e+01
    endloop
  endfacet
  facet normal 4.853020e-01 8.743466e-01 -7.004314e-16
    outer loop
      vertex   -1.375307e+00 -2.122065e+02 3.800000e+01
      vertex   -1.375307e+00 -2.122065e+02 4.200000e+01
      vertex   -1.145025e+00 -2.123343e+02 3.800000e+01
    endloop
  endfacet
  facet normal 4.853020e-01 8.743466e-01 2.424570e-16
    outer loop
      vertex   -1.145025e+00 -2.123343e+02 3.800000e+01
      vertex   -1.375307e+00 -2.122065e+02 4.200000e+01
      vertex   -1.145025e+00 -2.123343e+02 4.200000e+01
    endloop
  endfacet
  facet normal 3.943559e-01 9.189578e-01 1.970203e-16
    outer loop
      vertex   -1.145025e+00 -2.123343e+02 3.800000e+01
      vertex   -1.145025e+00 -2.123343e+02 4.200000e+01
      vertex   -9.029939e-01 -2.124382e+02 3.800000e+01
    endloop
  endfacet
  facet normal 3.943559e-01 9.189578e-01 -2.408026e-16
    outer loop
      vertex   -9.029939e-01 -2.124382e+02 3.800000e+01
      vertex   -1.145025e+00 -2.123343e+02 4.200000e+01
      vertex   -9.029939e-01 -2.124382e+02 4.200000e+01
    endloop
  endfacet
  facet normal 2.993631e-01 9.541393e-01 -1.827979e-16
    outer loop
      vertex   -9.029939e-01 -2.124382e+02 3.800000e+01
      vertex   -9.029939e-01 -2.124382e+02 4.200000e+01
      vertex   -6.516968e-01 -2.125170e+02 3.800000e+01
    endloop
  endfacet
  facet normal 2.993631e-01 9.541393e-01 6.647197e-17
    outer loop
      vertex   -6.516968e-01 -2.125170e+02 3.800000e+01
      vertex   -9.029939e-01 -2.124382e+02 4.200000e+01
      vertex   -6.516968e-01 -2.125170e+02 4.200000e+01
    endloop
  endfacet
  facet normal 2.012985e-01 9.795299e-01 4.469725e-17
    outer loop
      vertex   -6.516968e-01 -2.125170e+02 3.800000e+01
      vertex   -6.516968e-01 -2.125170e+02 4.200000e+01
      vertex   -3.937124e-01 -2.125700e+02 3.800000e+01
    endloop
  endfacet
  facet normal 2.012985e-01 9.795299e-01 4.190367e-17
    outer loop
      vertex   -3.937124e-01 -2.125700e+02 3.800000e+01
      vertex   -6.516968e-01 -2.125170e+02 4.200000e+01
      vertex   -3.937124e-01 -2.125700e+02 4.200000e+01
    endloop
  endfacet
  facet normal 1.011683e-01 9.948693e-01 2.105989e-17
    outer loop
      vertex   -3.937124e-01 -2.125700e+02 3.800000e+01
      vertex   -3.937124e-01 -2.125700e+02 4.200000e+01
      vertex   -1.316881e-01 -2.125967e+02 3.800000e+01
    endloop
  endfacet
  facet normal 1.011683e-01 9.948693e-01 5.194772e-17
    outer loop
      vertex   -1.316881e-01 -2.125967e+02 3.800000e+01
      vertex   -3.937124e-01 -2.125700e+02 4.200000e+01
      vertex   -1.316881e-01 -2.125967e+02 4.200000e+01
    endloop
  endfacet
  facet normal 0.000000e+00 1.000000e+00 -0.000000e+00
    outer loop
      vertex   -1.316881e-01 -2.125967e+02 3.800000e+01
      vertex   -1.316881e-01 -2.125967e+02 4.200000e+01
      vertex   1.316876e-01 -2.125967e+02 3.800000e+01
    endloop
  endfacet
  facet normal 0.000000e+00 1.000000e+00 -0.000000e+00
    outer loop
      vertex   1.316876e-01 -2.125967e+02 3.800000e+01
      vertex   -1.316881e-01 -2.125967e+02 4.200000e+01
      vertex   1.316876e-01 -2.125967e+02 4.200000e+01
    endloop
  endfacet
  facet normal -1.011683e-01 9.948693e-01 6.317966e-18
    outer loop
      vertex   1.316876e-01 -2.125967e+02 3.800000e+01
      vertex   1.316876e-01 -2.125967e+02 4.200000e+01
      vertex   3.937120e-01 -2.125700e+02 3.800000e+01
    endloop
  endfacet
  facet normal -1.011683e-01 9.948693e-01 -1.965590e-17
    outer loop
      vertex   3.937120e-01 -2.125700e+02 3.800000e+01
      vertex   1.316876e-01 -2.125967e+02 4.200000e+01
      vertex   3.937120e-01 -2.125700e+02 4.200000e+01
    endloop
  endfacet
  facet normal -2.012985e-01 9.795299e-01 -3.911009e-17
    outer loop
      vertex   3.937120e-01 -2.125700e+02 3.800000e+01
      vertex   3.937120e-01 -2.125700e+02 4.200000e+01
      vertex   6.516964e-01 -2.125170e+02 3.800000e+01
    endloop
  endfacet
  facet normal -2.012985e-01 9.795299e-01 -3.911009e-17
    outer loop
      vertex   6.516964e-01 -2.125170e+02 3.800000e+01
      vertex   3.937120e-01 -2.125700e+02 4.200000e+01
      vertex   6.516964e-01 -2.125170e+02 4.200000e+01
    endloop
  endfacet
  facet normal -2.993631e-01 9.541393e-01 -5.816297e-17
    outer loop
      vertex   6.516964e-01 -2.125170e+02 3.800000e+01
      vertex   6.516964e-01 -2.125170e+02 4.200000e+01
      vertex   9.029934e-01 -2.124382e+02 3.800000e+01
    endloop
  endfacet
  facet normal -2.993631e-01 9.541393e-01 -3.074328e-16
    outer loop
      vertex   9.029934e-01 -2.124382e+02 3.800000e+01
      vertex   6.516964e-01 -2.125170e+02 4.200000e+01
      vertex   9.029934e-01 -2.124382e+02 4.200000e+01
    endloop
  endfacet
  facet normal -3.943559e-01 9.189578e-01 -4.049862e-16
    outer loop
      vertex   9.029934e-01 -2.124382e+02 3.800000e+01
      vertex   9.029934e-01 -2.124382e+02 4.200000e+01
      vertex   1.145025e+00 -2.123343e+02 3.800000e+01
    endloop
  endfacet
  facet normal -3.943559e-01 9.189578e-01 2.189115e-17
    outer loop
      vertex   1.145025e+00 -2.123343e+02 3.800000e+01
      vertex   9.029934e-01 -2.124382e+02 4.200000e+01
      vertex   1.145025e+00 -2.123343e+02 4.200000e+01
    endloop
  endfacet
  facet normal -4.853020e-01 8.743466e-01 2.693967e-17
    outer loop
      vertex   1.145025e+00 -2.123343e+02 3.800000e+01
      vertex   1.145025e+00 -2.123343e+02 4.200000e+01
      vertex   1.375306e+00 -2.122065e+02 3.800000e+01
    endloop
  endfacet
  facet normal -4.853020e-01 8.743466e-01 -9.698281e-16
    outer loop
      vertex   1.375306e+00 -2.122065e+02 3.800000e+01
      vertex   1.145025e+00 -2.123343e+02 4.200000e+01
      vertex   1.375306e+00 -2.122065e+02 4.200000e+01
    endloop
  endfacet
  facet normal -5.712682e-01 8.207634e-01 -1.141623e-15
    outer loop
      vertex   1.375306e+00 -2.122065e+02 3.800000e+01
      vertex   1.375306e+00 -2.122065e+02 4.200000e+01
      vertex   1.591475e+00 -2.120560e+02 3.800000e+01
    endloop
  endfacet
  facet normal -5.712682e-01 8.207634e-01 -6.976586e-16
    outer loop
      vertex   1.591475e+00 -2.120560e+02 3.800000e+01
      vertex   1.375306e+00 -2.122065e+02 4.200000e+01
      vertex   1.591475e+00 -2.120560e+02 4.200000e+01
    endloop
  endfacet
  facet normal -6.513725e-01 7.587581e-01 -7.954856e-16
    outer loop
      vertex   1.591475e+00 -2.120560e+02 3.800000e+01
      vertex   1.591475e+00 -2.120560e+02 4.200000e+01
      vertex   1.791314e+00 -2.118845e+02 3.800000e+01
    endloop
  endfacet
  facet normal -6.513725e-01 7.587581e-01 -6.508519e-16
    outer loop
      vertex   1.791314e+00 -2.118845e+02 3.800000e+01
      vertex   1.591475e+00 -2.120560e+02 4.200000e+01
      vertex   1.791314e+00 -2.118845e+02 4.200000e+01
    endloop
  endfacet
  facet normal -7.247928e-01 6.889669e-01 -7.242135e-16
    outer loop
      vertex   1.791314e+00 -2.118845e+02 3.800000e+01
      vertex   1.791314e+00 -2.118845e+02 4.200000e+01
      vertex   1.972771e+00 -2.116936e+02 3.800000e+01
    endloop
  endfacet
  facet normal -7.247928e-01 6.889669e-01 4.023408e-17
    outer loop
      vertex   1.972771e+00 -2.116936e+02 3.800000e+01
      vertex   1.791314e+00 -2.118845e+02 4.200000e+01
      vertex   1.972771e+00 -2.116936e+02 4.200000e+01
    endloop
  endfacet
  facet normal -7.907757e-01 6.121060e-01 4.389687e-17
    outer loop
      vertex   1.972771e+00 -2.116936e+02 3.800000e+01
      vertex   1.972771e+00 -2.116936e+02 4.200000e+01
      vertex   2.133985e+00 -2.114853e+02 3.800000e+01
    endloop
  endfacet
  facet normal -7.907757e-01 6.121060e-01 -1.141319e-15
    outer loop
      vertex   2.133985e+00 -2.114853e+02 3.800000e+01
      vertex   1.972771e+00 -2.116936e+02 4.200000e+01
      vertex   2.133985e+00 -2.114853e+02 4.200000e+01
    endloop
  endfacet
  facet normal -8.486443e-01 5.289640e-01 -1.224840e-15
    outer loop
      vertex   2.133985e+00 -2.114853e+02 3.800000e+01
      vertex   2.133985e+00 -2.114853e+02 4.200000e+01
      vertex   2.273301e+00 -2.112618e+02 3.800000e+01
    endloop
  endfacet
  facet normal -8.486443e-01 5.289640e-01 -9.421844e-16
    outer loop
      vertex   2.273301e+00 -2.112618e+02 3.800000e+01
      vertex   2.133985e+00 -2.114853e+02 4.200000e+01
      vertex   2.273301e+00 -2.112618e+02 4.200000e+01
    endloop
  endfacet
  facet normal -8.978045e-01 4.403942e-01 -9.967633e-16
    outer loop
      vertex   2.273301e+00 -2.112618e+02 3.800000e+01
      vertex   2.273301e+00 -2.112618e+02 4.200000e+01
      vertex   2.389290e+00 -2.110253e+02 3.800000e+01
    endloop
  endfacet
  facet normal -8.978045e-01 4.403942e-01 1.196116e-15
    outer loop
      vertex   2.389290e+00 -2.110253e+02 3.800000e+01
      vertex   2.273301e+00 -2.112618e+02 4.200000e+01
      vertex   2.389290e+00 -2.110253e+02 4.200000e+01
    endloop
  endfacet
  facet normal -9.377521e-01 3.473053e-01 1.249337e-15
    outer loop
      vertex   2.389290e+00 -2.110253e+02 3.800000e+01
      vertex   2.389290e+00 -2.110253e+02 4.200000e+01
      vertex   2.480762e+00 -2.107783e+02 3.800000e+01
    endloop
  endfacet
  facet normal -9.377521e-01 3.473053e-01 7.287798e-16
    outer loop
      vertex   2.480762e+00 -2.107783e+02 3.800000e+01
      vertex   2.389290e+00 -2.110253e+02 4.200000e+01
      vertex   2.480762e+00 -2.107783e+02 4.200000e+01
    endloop
  endfacet
  facet normal -9.680771e-01 2.506525e-01 7.523471e-16
    outer loop
      vertex   2.480762e+00 -2.107783e+02 3.800000e+01
      vertex   2.480762e+00 -2.107783e+02 4.200000e+01
      vertex   2.546778e+00 -2.105234e+02 3.800000e+01
    endloop
  endfacet
  facet normal -9.680771e-01 2.506525e-01 -7.523471e-16
    outer loop
      vertex   2.546778e+00 -2.105234e+02 3.800000e+01
      vertex   2.480762e+00 -2.107783e+02 4.200000e+01
      vertex   2.546778e+00 -2.105234e+02 4.200000e+01
    endloop
  endfacet
  facet normal -9.884683e-01 1.514278e-01 -7.681942e-16
    outer loop
      vertex   2.546778e+00 -2.105234e+02 3.800000e+01
      vertex   2.546778e+00 -2.105234e+02 4.200000e+01
      vertex   2.586660e+00 -2.102630e+02 3.800000e+01
    endloop
  endfacet
  facet normal -9.884683e-01 1.514278e-01 -2.194841e-16
    outer loop
      vertex   2.586660e+00 -2.102630e+02 3.800000e+01
      vertex   2.546778e+00 -2.105234e+02 4.200000e+01
      vertex   2.586660e+00 -2.102630e+02 4.200000e+01
    endloop
  endfacet
  facet normal -9.987165e-01 5.064917e-02 -1.108798e-16
    outer loop
      vertex   2.600000e+00 -2.100000e+02 4.600000e+01
      vertex   2.600000e+00 -2.100000e+02 4.200000e+01
      vertex   2.586660e+00 -2.102630e+02 4.600000e+01
    endloop
  endfacet
  facet normal -9.987165e-01 5.064917e-02 -2.217596e-16
    outer loop
      vertex   2.586660e+00 -2.102630e+02 4.600000e+01
      vertex   2.600000e+00 -2.100000e+02 4.200000e+01
      vertex   2.586660e+00 -2.102630e+02 4.200000e+01
    endloop
  endfacet
  facet normal -9.884683e-01 1.514278e-01 -2.194841e-16
    outer loop
      vertex   2.586660e+00 -2.102630e+02 4.600000e+01
      vertex   2.586660e+00 -2.102630e+02 4.200000e+01
      vertex   2.546778e+00 -2.105234e+02 4.600000e+01
    endloop
  endfacet
  facet normal -9.884683e-01 1.514278e-01 -1.097420e-16
    outer loop
      vertex   2.546778e+00 -2.105234e+02 4.600000e+01
      vertex   2.586660e+00 -2.102630e+02 4.200000e+01
      vertex   2.546778e+00 -2.105234e+02 4.200000e+01
    endloop
  endfacet
  facet normal -9.680771e-01 2.506525e-01 -1.074782e-16
    outer loop
      vertex   2.546778e+00 -2.105234e+02 4.600000e+01
      vertex   2.546778e+00 -2.105234e+02 4.200000e+01
      vertex   2.480762e+00 -2.107783e+02 4.600000e+01
    endloop
  endfacet
  facet normal -9.680771e-01 2.506525e-01 -2.149563e-16
    outer loop
      vertex   2.480762e+00 -2.107783e+02 4.600000e+01
      vertex   2.546778e+00 -2.105234e+02 4.200000e+01
      vertex   2.480762e+00 -2.107783e+02 4.200000e+01
    endloop
  endfacet
  facet normal -9.377521e-01 3.473053e-01 -2.082228e-16
    outer loop
      vertex   2.480762e+00 -2.107783e+02 4.600000e+01
      vertex   2.480762e+00 -2.107783e+02 4.200000e+01
      vertex   2.389290e+00 -2.110253e+02 4.600000e+01
    endloop
  endfacet
  facet normal -9.377521e-01 3.473053e-01 -2.082228e-16
    outer loop
      vertex   2.389290e+00 -2.110253e+02 4.600000e+01
      vertex   2.480762e+00 -2.107783e+02 4.200000e+01
      vertex   2.389290e+00 -2.110253e+02 4.200000e+01
    endloop
  endfacet
  facet normal -8.978045e-01 4.403942e-01 -1.993527e-16
    outer loop
      vertex   2.389290e+00 -2.110253e+02 4.600000e+01
      vertex   2.389290e+00 -2.110253e+02 4.200000e+01
      vertex   2.273301e+00 -2.112618e+02 4.600000e+01
    endloop
  endfacet
  facet normal -8.978045e-01 4.403942e-01 -1.993527e-16
    outer loop
      vertex   2.273301e+00 -2.112618e+02 4.600000e+01
      vertex   2.389290e+00 -2.110253e+02 4.200000e+01
      vertex   2.273301e+00 -2.112618e+02 4.200000e+01
    endloop
  endfacet
  facet normal -8.486443e-01 5.289640e-01 -1.884369e-16
    outer loop
      vertex   2.273301e+00 -2.112618e+02 4.600000e+01
      vertex   2.273301e+00 -2.112618e+02 4.200000e+01
      vertex   2.133985e+00 -2.114853e+02 4.600000e+01
    endloop
  endfacet
  facet normal -8.486443e-01 5.289640e-01 -1.884369e-16
    outer loop
      vertex   2.133985e+00 -2.114853e+02 4.600000e+01
      vertex   2.273301e+00 -2.112618e+02 4.200000e+01
      vertex   2.133985e+00 -2.114853e+02 4.200000e+01
    endloop
  endfacet
  facet normal -7.907757e-01 6.121060e-01 -1.755875e-16
    outer loop
      vertex   2.133985e+00 -2.114853e+02 4.600000e+01
      vertex   2.133985e+00 -2.114853e+02 4.200000e+01
      vertex   1.972771e+00 -2.116936e+02 4.600000e+01
    endloop
  endfacet
  facet normal -7.907757e-01 6.121060e-01 -1.755875e-16
    outer loop
      vertex   1.972771e+00 -2.116936e+02 4.600000e+01
      vertex   2.133985e+00 -2.114853e+02 4.200000e+01
      vertex   1.972771e+00 -2.116936e+02 4.200000e+01
    endloop
  endfacet
  facet normal -7.247928e-01 6.889669e-01 -1.609363e-16
    outer loop
      vertex   1.972771e+00 -2.116936e+02 4.600000e+01
      vertex   1.972771e+00 -2.116936e+02 4.200000e+01
      vertex   1.791314e+00 -2.118845e+02 4.600000e+01
    endloop
  endfacet
  facet normal -7.247928e-01 6.889669e-01 -1.609363e-16
    outer loop
      vertex   1.791314e+00 -2.118845e+02 4.600000e+01
      vertex   1.972771e+00 -2.116936e+02 4.200000e+01
      vertex   1.791314e+00 -2.118845e+02 4.200000e+01
    endloop
  endfacet
  facet normal -6.513725e-01 7.587581e-01 -1.446337e-16
    outer loop
      vertex   1.791314e+00 -2.118845e+02 4.600000e+01
      vertex   1.791314e+00 -2.118845e+02 4.200000e+01
      vertex   1.591475e+00 -2.120560e+02 4.600000e+01
    endloop
  endfacet
  facet normal -6.513725e-01 7.587581e-01 -1.084753e-16
    outer loop
      vertex   1.591475e+00 -2.120560e+02 4.600000e+01
      vertex   1.791314e+00 -2.118845e+02 4.200000e+01
      vertex   1.591475e+00 -2.120560e+02 4.200000e+01
    endloop
  endfacet
  facet normal -5.712682e-01 8.207634e-01 -9.513527e-17
    outer loop
      vertex   1.591475e+00 -2.120560e+02 4.600000e+01
      vertex   1.591475e+00 -2.120560e+02 4.200000e+01
      vertex   1.375306e+00 -2.122065e+02 4.600000e+01
    endloop
  endfacet
  facet normal -5.712682e-01 8.207634e-01 -1.268470e-16
    outer loop
      vertex   1.375306e+00 -2.122065e+02 4.600000e+01
      vertex   1.591475e+00 -2.120560e+02 4.200000e+01
      vertex   1.375306e+00 -2.122065e+02 4.200000e+01
    endloop
  endfacet
  facet normal -4.853020e-01 8.743466e-01 -1.077587e-16
    outer loop
      vertex   1.375306e+00 -2.122065e+02 4.600000e+01
      vertex   1.375306e+00 -2.122065e+02 4.200000e+01
      vertex   1.145025e+00 -2.123343e+02 4.600000e+01
    endloop
  endfacet
  facet normal -4.853020e-01 8.743466e-01 -1.077587e-16
    outer loop
      vertex   1.145025e+00 -2.123343e+02 4.600000e+01
      vertex   1.375306e+00 -2.122065e+02 4.200000e+01
      vertex   1.145025e+00 -2.123343e+02 4.200000e+01
    endloop
  endfacet
  facet normal -3.943559e-01 9.189578e-01 -8.756459e-17
    outer loop
      vertex   1.145025e+00 -2.123343e+02 4.600000e+01
      vertex   1.145025e+00 -2.123343e+02 4.200000e+01
      vertex   9.029934e-01 -2.124382e+02 4.600000e+01
    endloop
  endfacet
  facet normal -3.943559e-01 9.189578e-01 -1.422925e-16
    outer loop
      vertex   9.029934e-01 -2.124382e+02 4.600000e+01
      vertex   1.145025e+00 -2.123343e+02 4.200000e+01
      vertex   9.029934e-01 -2.124382e+02 4.200000e+01
    endloop
  endfacet
  facet normal -2.993631e-01 9.541393e-01 -1.080169e-16
    outer loop
      vertex   9.029934e-01 -2.124382e+02 4.600000e+01
      vertex   9.029934e-01 -2.124382e+02 4.200000e+01
      vertex   6.516964e-01 -2.125170e+02 4.600000e+01
    endloop
  endfacet
  facet normal -2.993631e-01 9.541393e-01 -3.323598e-17
    outer loop
      vertex   6.516964e-01 -2.125170e+02 4.600000e+01
      vertex   9.029934e-01 -2.124382e+02 4.200000e+01
      vertex   6.516964e-01 -2.125170e+02 4.200000e+01
    endloop
  endfacet
  facet normal -2.012985e-01 9.795299e-01 -2.234863e-17
    outer loop
      vertex   6.516964e-01 -2.125170e+02 4.600000e+01
      vertex   6.516964e-01 -2.125170e+02 4.200000e+01
      vertex   3.937120e-01 -2.125700e+02 4.600000e+01
    endloop
  endfacet
  facet normal -2.012985e-01 9.795299e-01 -7.263303e-17
    outer loop
      vertex   3.937120e-01 -2.125700e+02 4.600000e+01
      vertex   6.516964e-01 -2.125170e+02 4.200000e+01
      vertex   3.937120e-01 -2.125700e+02 4.200000e+01
    endloop
  endfacet
  facet normal -1.011683e-01 9.948693e-01 -3.650381e-17
    outer loop
      vertex   3.937120e-01 -2.125700e+02 4.600000e+01
      vertex   3.937120e-01 -2.125700e+02 4.200000e+01
      vertex   1.316876e-01 -2.125967e+02 4.600000e+01
    endloop
  endfacet
  facet normal -1.011683e-01 9.948693e-01 -2.246388e-17
    outer loop
      vertex   1.316876e-01 -2.125967e+02 4.600000e+01
      vertex   3.937120e-01 -2.125700e+02 4.200000e+01
      vertex   1.316876e-01 -2.125967e+02 4.200000e+01
    endloop
  endfacet
  facet normal 0.000000e+00 1.000000e+00 0.000000e+00
    outer loop
      vertex   1.316876e-01 -2.125967e+02 4.600000e+01
      vertex   1.316876e-01 -2.125967e+02 4.200000e+01
      vertex   -1.316881e-01 -2.125967e+02 4.600000e+01
    endloop
  endfacet
  facet normal 0.000000e+00 1.000000e+00 0.000000e+00
    outer loop
      vertex   -1.316881e-01 -2.125967e+02 4.600000e+01
      vertex   1.316876e-01 -2.125967e+02 4.200000e+01
      vertex   -1.316881e-01 -2.125967e+02 4.200000e+01
    endloop
  endfacet
  facet normal 1.011683e-01 9.948693e-01 2.246388e-17
    outer loop
      vertex   -1.316881e-01 -2.125967e+02 4.600000e+01
      vertex   -1.316881e-01 -2.125967e+02 4.200000e+01
      vertex   -3.937124e-01 -2.125700e+02 4.600000e+01
    endloop
  endfacet
  facet normal 1.011683e-01 9.948693e-01 7.019963e-18
    outer loop
      vertex   -3.937124e-01 -2.125700e+02 4.600000e+01
      vertex   -1.316881e-01 -2.125967e+02 4.200000e+01
      vertex   -3.937124e-01 -2.125700e+02 4.200000e+01
    endloop
  endfacet
  facet normal 2.012985e-01 9.795299e-01 1.396789e-17
    outer loop
      vertex   -3.937124e-01 -2.125700e+02 4.600000e+01
      vertex   -3.937124e-01 -2.125700e+02 4.200000e+01
      vertex   -6.516968e-01 -2.125170e+02 4.600000e+01
    endloop
  endfacet
  facet normal 2.012985e-01 9.795299e-01 6.704588e-17
    outer loop
      vertex   -6.516968e-01 -2.125170e+02 4.600000e+01
      vertex   -3.937124e-01 -2.125700e+02 4.200000e+01
      vertex   -6.516968e-01 -2.125170e+02 4.200000e+01
    endloop
  endfacet
  facet normal 2.993631e-01 9.541393e-01 9.970795e-17
    outer loop
      vertex   -6.516968e-01 -2.125170e+02 4.600000e+01
      vertex   -6.516968e-01 -2.125170e+02 4.200000e+01
      vertex   -9.029939e-01 -2.124382e+02 4.600000e+01
    endloop
  endfacet
  facet normal 2.993631e-01 9.541393e-01 4.154498e-17
    outer loop
      vertex   -9.029939e-01 -2.124382e+02 4.600000e+01
      vertex   -6.516968e-01 -2.125170e+02 4.200000e+01
      vertex   -9.029939e-01 -2.124382e+02 4.200000e+01
    endloop
  endfacet
  facet normal 3.943559e-01 9.189578e-01 5.472787e-17
    outer loop
      vertex   -9.029939e-01 -2.124382e+02 4.600000e+01
      vertex   -9.029939e-01 -2.124382e+02 4.200000e+01
      vertex   -1.145025e+00 -2.123343e+02 4.600000e+01
    endloop
  endfacet
  facet normal 3.943559e-01 9.189578e-01 1.313469e-16
    outer loop
      vertex   -1.145025e+00 -2.123343e+02 4.600000e+01
      vertex   -9.029939e-01 -2.124382e+02 4.200000e+01
      vertex   -1.145025e+00 -2.123343e+02 4.200000e+01
    endloop
  endfacet
  facet normal 4.853020e-01 8.743466e-01 1.616380e-16
    outer loop
      vertex   -1.145025e+00 -2.123343e+02 4.600000e+01
      vertex   -1.145025e+00 -2.123343e+02 4.200000e+01
      vertex   -1.375307e+00 -2.122065e+02 4.600000e+01
    endloop
  endfacet
  facet normal 4.853020e-01 8.743466e-01 1.077587e-16
    outer loop
      vertex   -1.375307e+00 -2.122065e+02 4.600000e+01
      vertex   -1.145025e+00 -2.123343e+02 4.200000e+01
      vertex   -1.375307e+00 -2.122065e+02 4.200000e+01
    endloop
  endfacet
  facet normal 5.712682e-01 8.207634e-01 1.268470e-16
    outer loop
      vertex   -1.375307e+00 -2.122065e+02 4.600000e+01
      vertex   -1.375307e+00 -2.122065e+02 4.200000e+01
      vertex   -1.591476e+00 -2.120560e+02 4.600000e+01
    endloop
  endfacet
  facet normal 5.712682e-01 8.207634e-01 1.268470e-16
    outer loop
      vertex   -1.591476e+00 -2.120560e+02 4.600000e+01
      vertex   -1.375307e+00 -2.122065e+02 4.200000e+01
      vertex   -1.591476e+00 -2.120560e+02 4.200000e+01
    endloop
  endfacet
  facet normal 6.513725e-01 7.587581e-01 1.446337e-16
    outer loop
      vertex   -1.591476e+00 -2.120560e+02 4.600000e+01
      vertex   -1.591476e+00 -2.120560e+02 4.200000e+01
      vertex   -1.791314e+00 -2.118845e+02 4.600000e+01
    endloop
  endfacet
  facet normal 6.513725e-01 7.587581e-01 1.084753e-16
    outer loop
      vertex   -1.791314e+00 -2.118845e+02 4.600000e+01
      vertex   -1.591476e+00 -2.120560e+02 4.200000e+01
      vertex   -1.791314e+00 -2.118845e+02 4.200000e+01
    endloop
  endfacet
  facet normal 7.247928e-01 6.889669e-01 1.207022e-16
    outer loop
      vertex   -1.791314e+00 -2.118845e+02 4.600000e+01
      vertex   -1.791314e+00 -2.118845e+02 4.200000e+01
      vertex   -1.972771e+00 -2.116936e+02 4.600000e+01
    endloop
  endfacet
  facet normal 7.247928e-01 6.889669e-01 1.609363e-16
    outer loop
      vertex   -1.972771e+00 -2.116936e+02 4.600000e+01
      vertex   -1.791314e+00 -2.118845e+02 4.200000e+01
      vertex   -1.972771e+00 -2.116936e+02 4.200000e+01
    endloop
  endfacet
  facet normal 7.907757e-01 6.121060e-01 1.755875e-16
    outer loop
      vertex   -1.972771e+00 -2.116936e+02 4.600000e+01
      vertex   -1.972771e+00 -2.116936e+02 4.200000e+01
      vertex   -2.133985e+00 -2.114853e+02 4.600000e+01
    endloop
  endfacet
  facet normal 7.907757e-01 6.121060e-01 1.755875e-16
    outer loop
      vertex   -2.133985e+00 -2.114853e+02 4.600000e+01
      vertex   -1.972771e+00 -2.116936e+02 4.200000e+01
      vertex   -2.133985e+00 -2.114853e+02 4.200000e+01
    endloop
  endfacet
  facet normal 8.486443e-01 5.289640e-01 1.884369e-16
    outer loop
      vertex   -2.133985e+00 -2.114853e+02 4.600000e+01
      vertex   -2.133985e+00 -2.114853e+02 4.200000e+01
      vertex   -2.273301e+00 -2.112618e+02 4.600000e+01
    endloop
  endfacet
  facet normal 8.486443e-01 5.289640e-01 1.884369e-16
    outer loop
      vertex   -2.273301e+00 -2.112618e+02 4.600000e+01
      vertex   -2.133985e+00 -2.114853e+02 4.200000e+01
      vertex   -2.273301e+00 -2.112618e+02 4.200000e+01
    endloop
  endfacet
  facet normal 8.978045e-01 4.403942e-01 1.993527e-16
    outer loop
      vertex   -2.273301e+00 -2.112618e+02 4.600000e+01
      vertex   -2.273301e+00 -2.112618e+02 4.200000e+01
      vertex   -2.389291e+00 -2.110253e+02 4.600000e+01
    endloop
  endfacet
  facet normal 8.978045e-01 4.403942e-01 1.993527e-16
    outer loop
      vertex   -2.389291e+00 -2.110253e+02 4.600000e+01
      vertex   -2.273301e+00 -2.112618e+02 4.200000e+01
      vertex   -2.389291e+00 -2.110253e+02 4.200000e+01
    endloop
  endfacet
  facet normal 9.377521e-01 3.473053e-01 2.082228e-16
    outer loop
      vertex   -2.389291e+00 -2.110253e+02 4.600000e+01
      vertex   -2.389291e+00 -2.110253e+02 4.200000e+01
      vertex   -2.480762e+00 -2.107783e+02 4.600000e+01
    endloop
  endfacet
  facet normal 9.377521e-01 3.473053e-01 2.082228e-16
    outer loop
      vertex   -2.480762e+00 -2.107783e+02 4.600000e+01
      vertex   -2.389291e+00 -2.110253e+02 4.200000e+01
      vertex   -2.480762e+00 -2.107783e+02 4.200000e+01
    endloop
  endfacet
  facet normal 9.680771e-01 2.506525e-01 2.149563e-16
    outer loop
      vertex   -2.480762e+00 -2.107783e+02 4.600000e+01
      vertex   -2.480762e+00 -2.107783e+02 4.200000e+01
      vertex   -2.546778e+00 -2.105234e+02 4.600000e+01
    endloop
  endfacet
  facet normal 9.680771e-01 2.506525e-01 1.074782e-16
    outer loop
      vertex   -2.546778e+00 -2.105234e+02 4.600000e+01
      vertex   -2.480762e+00 -2.107783e+02 4.200000e+01
      vertex   -2.546778e+00 -2.105234e+02 4.200000e+01
    endloop
  endfacet
  facet normal 9.884683e-01 1.514278e-01 1.097420e-16
    outer loop
      vertex   -2.546778e+00 -2.105234e+02 4.600000e+01
      vertex   -2.546778e+00 -2.105234e+02 4.200000e+01
      vertex   -2.586660e+00 -2.102630e+02 4.600000e+01
    endloop
  endfacet
  facet normal 9.884683e-01 1.514278e-01 2.194841e-16
    outer loop
      vertex   -2.586660e+00 -2.102630e+02 4.600000e+01
      vertex   -2.546778e+00 -2.105234e+02 4.200000e+01
      vertex   -2.586660e+00 -2.102630e+02 4.200000e+01
    endloop
  endfacet
  facet normal 9.987165e-01 5.064917e-02 2.217596e-16
    outer loop
      vertex   -2.586660e+00 -2.102630e+02 4.600000e+01
      vertex   -2.586660e+00 -2.102630e+02 4.200000e+01
      vertex   -2.600000e+00 -2.100000e+02 4.600000e+01
    endloop
  endfacet
  facet normal 9.987165e-01 5.064917e-02 2.217596e-16
    outer loop
      vertex   -2.600000e+00 -2.100000e+02 4.600000e+01
      vertex   -2.586660e+00 -2.102630e+02 4.200000e+01
      vertex   -2.600000e+00 -2.100000e+02 4.200000e+01
    endloop
  endfacet
  facet normal 9.987165e-01 -5.064917e-02 2.217596e-16
    outer loop
      vertex   -2.600000e+00 -2.100000e+02 4.600000e+01
      vertex   -2.600000e+00 -2.100000e+02 4.200000e+01
      vertex   -2.586660e+00 -2.097370e+02 4.600000e+01
    endloop
  endfacet
  facet normal 9.987165e-01 -5.064917e-02 2.217596e-16
    outer loop
      vertex   -2.586660e+00 -2.097370e+02 4.600000e+01
      vertex   -2.600000e+00 -2.100000e+02 4.200000e+01
      vertex   -2.586660e+00 -2.097370e+02 4.200000e+01
    endloop
  endfacet
  facet normal 9.884683e-01 -1.514278e-01 2.194841e-16
    outer loop
      vertex   -2.586660e+00 -2.097370e+02 4.600000e+01
      vertex   -2.586660e+00 -2.097370e+02 4.200000e+01
      vertex   -2.546778e+00 -2.094766e+02 4.600000e+01
    endloop
  endfacet
  facet normal 9.884683e-01 -1.514278e-01 1.097420e-16
    outer loop
      vertex   -2.546778e+00 -2.094766e+02 4.600000e+01
      vertex   -2.586660e+00 -2.097370e+02 4.200000e+01
      vertex   -2.546778e+00 -2.094766e+02 4.200000e+01
    endloop
  endfacet
  facet normal 9.680771e-01 -2.506525e-01 1.074782e-16
    outer loop
      vertex   -2.546778e+00 -2.094766e+02 4.600000e+01
      vertex   -2.546778e+00 -2.094766e+02 4.200000e+01
      vertex   -2.480762e+00 -2.092217e+02 4.600000e+01
    endloop
  endfacet
  facet normal 9.680771e-01 -2.506525e-01 2.149563e-16
    outer loop
      vertex   -2.480762e+00 -2.092217e+02 4.600000e+01
      vertex   -2.546778e+00 -2.094766e+02 4.200000e+01
      vertex   -2.480762e+00 -2.092217e+02 4.200000e+01
    endloop
  endfacet
  facet normal 9.377521e-01 -3.473053e-01 2.082228e-16
    outer loop
      vertex   -2.480762e+00 -2.092217e+02 4.600000e+01
      vertex   -2.480762e+00 -2.092217e+02 4.200000e+01
      vertex   -2.389291e+00 -2.089747e+02 4.600000e+01
    endloop
  endfacet
  facet normal 9.377521e-01 -3.473053e-01 2.082228e-16
    outer loop
      vertex   -2.389291e+00 -2.089747e+02 4.600000e+01
      vertex   -2.480762e+00 -2.092217e+02 4.200000e+01
      vertex   -2.389291e+00 -2.089747e+02 4.200000e+01
    endloop
  endfacet
  facet normal 8.978045e-01 -4.403942e-01 1.993527e-16
    outer loop
      vertex   -2.389291e+00 -2.089747e+02 4.600000e+01
      vertex   -2.389291e+00 -2.089747e+02 4.200000e+01
      vertex   -2.273301e+00 -2.087382e+02 4.600000e+01
    endloop
  endfacet
  facet normal 8.978045e-01 -4.403942e-01 1.993527e-16
    outer loop
      vertex   -2.273301e+00 -2.087382e+02 4.600000e+01
      vertex   -2.389291e+00 -2.089747e+02 4.200000e+01
      vertex   -2.273301e+00 -2.087382e+02 4.200000e+01
    endloop
  endfacet
  facet normal 8.486443e-01 -5.289640e-01 1.884369e-16
    outer loop
      vertex   -2.273301e+00 -2.087382e+02 4.600000e+01
      vertex   -2.273301e+00 -2.087382e+02 4.200000e+01
      vertex   -2.133985e+00 -2.085147e+02 4.600000e+01
    endloop
  endfacet
  facet normal 8.486443e-01 -5.289640e-01 1.884369e-16
    outer loop
      vertex   -2.133985e+00 -2.085147e+02 4.600000e+01
      vertex   -2.273301e+00 -2.087382e+02 4.200000e+01
      vertex   -2.133985e+00 -2.085147e+02 4.200000e+01
    endloop
  endfacet
  facet normal 7.907757e-01 -6.121060e-01 1.755875e-16
    outer loop
      vertex   -2.133985e+00 -2.085147e+02 4.600000e+01
      vertex   -2.133985e+00 -2.085147e+02 4.200000e+01
      vertex   -1.972771e+00 -2.083064e+02 4.600000e+01
    endloop
  endfacet
  facet normal 7.907757e-01 -6.121060e-01 1.755875e-16
    outer loop
      vertex   -1.972771e+00 -2.083064e+02 4.600000e+01
      vertex   -2.133985e+00 -2.085147e+02 4.200000e+01
      vertex   -1.972771e+00 -2.083064e+02 4.200000e+01
    endloop
  endfacet
  facet normal 7.247928e-01 -6.889669e-01 1.609363e-16
    outer loop
      vertex   -1.972771e+00 -2.083064e+02 4.600000e+01
      vertex   -1.972771e+00 -2.083064e+02 4.200000e+01
      vertex   -1.791314e+00 -2.081155e+02 4.600000e+01
    endloop
  endfacet
  facet normal 7.247928e-01 -6.889669e-01 1.207022e-16
    outer loop
      vertex   -1.791314e+00 -2.081155e+02 4.600000e+01
      vertex   -1.972771e+00 -2.083064e+02 4.200000e+01
      vertex   -1.791314e+00 -2.081155e+02 4.200000e+01
    endloop
  endfacet
  facet normal 6.513725e-01 -7.587581e-01 1.084753e-16
    outer loop
      vertex   -1.791314e+00 -2.081155e+02 4.600000e+01
      vertex   -1.791314e+00 -2.081155e+02 4.200000e+01
      vertex   -1.591476e+00 -2.079440e+02 4.600000e+01
    endloop
  endfacet
  facet normal 6.513725e-01 -7.587581e-01 1.084753e-16
    outer loop
      vertex   -1.591476e+00 -2.079440e+02 4.600000e+01
      vertex   -1.791314e+00 -2.081155e+02 4.200000e+01
      vertex   -1.591476e+00 -2.079440e+02 4.200000e+01
    endloop
  endfacet
  facet normal 5.712682e-01 -8.207634e-01 9.513527e-17
    outer loop
      vertex   -1.591476e+00 -2.079440e+02 4.600000e+01
      vertex   -1.591476e+00 -2.079440e+02 4.200000e+01
      vertex   -1.375307e+00 -2.077935e+02 4.600000e+01
    endloop
  endfacet
  facet normal 5.712682e-01 -8.207634e-01 1.268470e-16
    outer loop
      vertex   -1.375307e+00 -2.077935e+02 4.600000e+01
      vertex   -1.591476e+00 -2.079440e+02 4.200000e+01
      vertex   -1.375307e+00 -2.077935e+02 4.200000e+01
    endloop
  endfacet
  facet normal 4.853020e-01 -8.743466e-01 1.077587e-16
    outer loop
      vertex   -1.375307e+00 -2.077935e+02 4.600000e+01
      vertex   -1.375307e+00 -2.077935e+02 4.200000e+01
      vertex   -1.145025e+00 -2.076657e+02 4.600000e+01
    endloop
  endfacet
  facet normal 4.853020e-01 -8.743466e-01 5.387934e-17
    outer loop
      vertex   -1.145025e+00 -2.076657e+02 4.600000e+01
      vertex   -1.375307e+00 -2.077935e+02 4.200000e+01
      vertex   -1.145025e+00 -2.076657e+02 4.200000e+01
    endloop
  endfacet
  facet normal 3.943559e-01 -9.189578e-01 4.378230e-17
    outer loop
      vertex   -1.145025e+00 -2.076657e+02 4.600000e+01
      vertex   -1.145025e+00 -2.076657e+02 4.200000e+01
      vertex   -9.029939e-01 -2.075618e+02 4.600000e+01
    endloop
  endfacet
  facet normal 3.943559e-01 -9.189578e-01 8.756459e-17
    outer loop
      vertex   -9.029939e-01 -2.075618e+02 4.600000e+01
      vertex   -1.145025e+00 -2.076657e+02 4.200000e+01
      vertex   -9.029939e-01 -2.075618e+02 4.200000e+01
    endloop
  endfacet
  facet normal 2.993631e-01 -9.541393e-01 6.647197e-17
    outer loop
      vertex   -9.029939e-01 -2.075618e+02 4.600000e+01
      vertex   -9.029939e-01 -2.075618e+02 4.200000e+01
      vertex   -6.516968e-01 -2.074830e+02 4.600000e+01
    endloop
  endfacet
  facet normal 2.993631e-01 -9.541393e-01 7.478096e-17
    outer loop
      vertex   -6.516968e-01 -2.074830e+02 4.600000e+01
      vertex   -9.029939e-01 -2.075618e+02 4.200000e+01
      vertex   -6.516968e-01 -2.074830e+02 4.200000e+01
    endloop
  endfacet
  facet normal 2.012985e-01 -9.795299e-01 5.028441e-17
    outer loop
      vertex   -6.516968e-01 -2.074830e+02 4.600000e+01
      vertex   -6.516968e-01 -2.074830e+02 4.200000e+01
      vertex   -3.937124e-01 -2.074300e+02 4.600000e+01
    endloop
  endfacet
  facet normal 2.012985e-01 -9.795299e-01 4.469725e-17
    outer loop
      vertex   -3.937124e-01 -2.074300e+02 4.600000e+01
      vertex   -6.516968e-01 -2.074830e+02 4.200000e+01
      vertex   -3.937124e-01 -2.074300e+02 4.200000e+01
    endloop
  endfacet
  facet normal 1.011683e-01 -9.948693e-01 2.246388e-17
    outer loop
      vertex   -3.937124e-01 -2.074300e+02 4.600000e+01
      vertex   -3.937124e-01 -2.074300e+02 4.200000e+01
      vertex   -1.316881e-01 -2.074033e+02 4.600000e+01
    endloop
  endfacet
  facet normal 1.011683e-01 -9.948693e-01 7.721959e-18
    outer loop
      vertex   -1.316881e-01 -2.074033e+02 4.600000e+01
      vertex   -3.937124e-01 -2.074300e+02 4.200000e+01
      vertex   -1.316881e-01 -2.074033e+02 4.200000e+01
    endloop
  endfacet
  facet normal 0.000000e+00 -1.000000e+00 0.000000e+00
    outer loop
      vertex   -1.316881e-01 -2.074033e+02 4.600000e+01
      vertex   -1.316881e-01 -2.074033e+02 4.200000e+01
      vertex   1.316876e-01 -2.074033e+02 4.600000e+01
    endloop
  endfacet
  facet normal 0.000000e+00 -1.000000e+00 -0.000000e+00
    outer loop
      vertex   1.316876e-01 -2.074033e+02 4.600000e+01
      vertex   -1.316881e-01 -2.074033e+02 4.200000e+01
      vertex   1.316876e-01 -2.074033e+02 4.200000e+01
    endloop
  endfacet
  facet normal -1.011683e-01 -9.948693e-01 -3.720580e-17
    outer loop
      vertex   1.316876e-01 -2.074033e+02 4.600000e+01
      vertex   1.316876e-01 -2.074033e+02 4.200000e+01
      vertex   3.937120e-01 -2.074300e+02 4.600000e+01
    endloop
  endfacet
  facet normal -1.011683e-01 -9.948693e-01 -2.386787e-17
    outer loop
      vertex   3.937120e-01 -2.074300e+02 4.600000e+01
      vertex   1.316876e-01 -2.074033e+02 4.200000e+01
      vertex   3.937120e-01 -2.074300e+02 4.200000e+01
    endloop
  endfacet
  facet normal -2.012985e-01 -9.795299e-01 -4.749083e-17
    outer loop
      vertex   3.937120e-01 -2.074300e+02 4.600000e+01
      vertex   3.937120e-01 -2.074300e+02 4.200000e+01
      vertex   6.516964e-01 -2.074830e+02 4.600000e+01
    endloop
  endfacet
  facet normal -2.012985e-01 -9.795299e-01 -5.028441e-17
    outer loop
      vertex   6.516964e-01 -2.074830e+02 4.600000e+01
      vertex   3.937120e-01 -2.074300e+02 4.200000e+01
      vertex   6.516964e-01 -2.074830e+02 4.200000e+01
    endloop
  endfacet
  facet normal -2.993631e-01 -9.541393e-01 -7.478096e-17
    outer loop
      vertex   6.516964e-01 -2.074830e+02 4.600000e+01
      vertex   6.516964e-01 -2.074830e+02 4.200000e+01
      vertex   9.029934e-01 -2.075618e+02 4.600000e+01
    endloop
  endfacet
  facet normal -2.993631e-01 -9.541393e-01 -7.478096e-17
    outer loop
      vertex   9.029934e-01 -2.075618e+02 4.600000e+01
      vertex   6.516964e-01 -2.074830e+02 4.200000e+01
      vertex   9.029934e-01 -2.075618e+02 4.200000e+01
    endloop
  endfacet
  facet normal -3.943559e-01 -9.189578e-01 -9.851016e-17
    outer loop
      vertex   9.029934e-01 -2.075618e+02 4.600000e+01
      vertex   9.029934e-01 -2.075618e+02 4.200000e+01
      vertex   1.145025e+00 -2.076657e+02 4.600000e+01
    endloop
  endfacet
  facet normal -3.943559e-01 -9.189578e-01 -8.756459e-17
    outer loop
      vertex   1.145025e+00 -2.076657e+02 4.600000e+01
      vertex   9.029934e-01 -2.075618e+02 4.200000e+01
      vertex   1.145025e+00 -2.076657e+02 4.200000e+01
    endloop
  endfacet
  facet normal -4.853020e-01 -8.743466e-01 -1.077587e-16
    outer loop
      vertex   1.145025e+00 -2.076657e+02 4.600000e+01
      vertex   1.145025e+00 -2.076657e+02 4.200000e+01
      vertex   1.375306e+00 -2.077935e+02 4.600000e+01
    endloop
  endfacet
  facet normal -4.853020e-01 -8.743466e-01 -1.077587e-16
    outer loop
      vertex   1.375306e+00 -2.077935e+02 4.600000e+01
      vertex   1.145025e+00 -2.076657e+02 4.200000e+01
      vertex   1.375306e+00 -2.077935e+02 4.200000e+01
    endloop
  endfacet
  facet normal -5.712682e-01 -8.207634e-01 -1.268470e-16
    outer loop
      vertex   1.375306e+00 -2.077935e+02 4.600000e+01
      vertex   1.375306e+00 -2.077935e+02 4.200000e+01
      vertex   1.591475e+00 -2.079440e+02 4.600000e+01
    endloop
  endfacet
  facet normal -5.712682e-01 -8.207634e-01 -2.219823e-16
    outer loop
      vertex   1.591475e+00 -2.079440e+02 4.600000e+01
      vertex   1.375306e+00 -2.077935e+02 4.200000e+01
      vertex   1.591475e+00 -2.079440e+02 4.200000e+01
    endloop
  endfacet
  facet normal -6.513725e-01 -7.587581e-01 -2.531091e-16
    outer loop
      vertex   1.591475e+00 -2.079440e+02 4.600000e+01
      vertex   1.591475e+00 -2.079440e+02 4.200000e+01
      vertex   1.791314e+00 -2.081155e+02 4.600000e+01
    endloop
  endfacet
  facet normal -6.513725e-01 -7.587581e-01 -1.446337e-16
    outer loop
      vertex   1.791314e+00 -2.081155e+02 4.600000e+01
      vertex   1.591475e+00 -2.079440e+02 4.200000e+01
      vertex   1.791314e+00 -2.081155e+02 4.200000e+01
    endloop
  endfacet
  facet normal -7.247928e-01 -6.889669e-01 -1.609363e-16
    outer loop
      vertex   1.791314e+00 -2.081155e+02 4.600000e+01
      vertex   1.791314e+00 -2.081155e+02 4.200000e+01
      vertex   1.972771e+00 -2.083064e+02 4.600000e+01
    endloop
  endfacet
  facet normal -7.247928e-01 -6.889669e-01 -1.609363e-16
    outer loop
      vertex   1.972771e+00 -2.083064e+02 4.600000e+01
      vertex   1.791314e+00 -2.081155e+02 4.200000e+01
      vertex   1.972771e+00 -2.083064e+02 4.200000e+01
    endloop
  endfacet
  facet normal -7.907757e-01 -6.121060e-01 -1.755875e-16
    outer loop
      vertex   1.972771e+00 -2.083064e+02 4.600000e+01
      vertex   1.972771e+00 -2.083064e+02 4.200000e+01
      vertex   2.133985e+00 -2.085147e+02 4.600000e+01
    endloop
  endfacet
  facet normal -7.907757e-01 -6.121060e-01 -1.755875e-16
    outer loop
      vertex   2.133985e+00 -2.085147e+02 4.600000e+01
      vertex   1.972771e+00 -2.083064e+02 4.200000e+01
      vertex   2.133985e+00 -2.085147e+02 4.200000e+01
    endloop
  endfacet
  facet normal -8.486443e-01 -5.289640e-01 -1.884369e-16
    outer loop
      vertex   2.133985e+00 -2.085147e+02 4.600000e+01
      vertex   2.133985e+00 -2.085147e+02 4.200000e+01
      vertex   2.273301e+00 -2.087382e+02 4.600000e+01
    endloop
  endfacet
  facet normal -8.486443e-01 -5.289640e-01 -1.884369e-16
    outer loop
      vertex   2.273301e+00 -2.087382e+02 4.600000e+01
      vertex   2.133985e+00 -2.085147e+02 4.200000e+01
      vertex   2.273301e+00 -2.087382e+02 4.200000e+01
    endloop
  endfacet
  facet normal -8.978045e-01 -4.403942e-01 -1.993527e-16
    outer loop
      vertex   2.273301e+00 -2.087382e+02 4.600000e+01
      vertex   2.273301e+00 -2.087382e+02 4.200000e+01
      vertex   2.389290e+00 -2.089747e+02 4.600000e+01
    endloop
  endfacet
  facet normal -8.978045e-01 -4.403942e-01 -1.993527e-16
    outer loop
      vertex   2.389290e+00 -2.089747e+02 4.600000e+01
      vertex   2.273301e+00 -2.087382e+02 4.200000e+01
      vertex   2.389290e+00 -2.089747e+02 4.200000e+01
    endloop
  endfacet
  facet normal -9.377521e-01 -3.473053e-01 -2.082228e-16
    outer loop
      vertex   2.389290e+00 -2.089747e+02 4.600000e+01
      vertex   2.389290e+00 -2.089747e+02 4.200000e+01
      vertex   2.480762e+00 -2.092217e+02 4.600000e+01
    endloop
  endfacet
  facet normal -9.377521e-01 -3.473053e-01 -2.082228e-16
    outer loop
      vertex   2.480762e+00 -2.092217e+02 4.600000e+01
      vertex   2.389290e+00 -2.089747e+02 4.200000e+01
      vertex   2.480762e+00 -2.092217e+02 4.200000e+01
    endloop
  endfacet
  facet normal -9.680771e-01 -2.506525e-01 -2.149563e-16
    outer loop
      vertex   2.480762e+00 -2.092217e+02 4.600000e+01
      vertex   2.480762e+00 -2.092217e+02 4.200000e+01
      vertex   2.546778e+00 -2.094766e+02 4.600000e+01
    endloop
  endfacet
  facet normal -9.680771e-01 -2.506525e-01 -1.074782e-16
    outer loop
      vertex   2.546778e+00 -2.094766e+02 4.600000e+01
      vertex   2.480762e+00 -2.092217e+02 4.200000e+01
      vertex   2.546778e+00 -2.094766e+02 4.200000e+01
    endloop
  endfacet
  facet normal -9.884683e-01 -1.514278e-01 -1.097420e-16
    outer loop
      vertex   2.546778e+00 -2.094766e+02 4.600000e+01
      vertex   2.546778e+00 -2.094766e+02 4.200000e+01
      vertex   2.586660e+00 -2.097370e+02 4.600000e+01
    endloop
  endfacet
  facet normal -9.884683e-01 -1.514278e-01 -2.194841e-16
    outer loop
      vertex   2.586660e+00 -2.097370e+02 4.600000e+01
      vertex   2.546778e+00 -2.094766e+02 4.200000e+01
      vertex   2.586660e+00 -2.097370e+02 4.200000e+01
    endloop
  endfacet
  facet normal -9.987165e-01 -5.064917e-02 -2.217596e-16
    outer loop
      vertex   2.586660e+00 -2.097370e+02 4.600000e+01
      vertex   2.586660e+00 -2.097370e+02 4.200000e+01
      vertex   2.600000e+00 -2.100000e+02 4.600000e+01
    endloop
  endfacet
  facet normal -9.987165e-01 -5.064917e-02 -1.108798e-16
    outer loop
      vertex   2.600000e+00 -2.100000e+02 4.600000e+01
      vertex   2.586660e+00 -2.097370e+02 4.200000e+01
      vertex   2.600000e+00 -2.100000e+02 4.200000e+01
    endloop
  endfacet
  facet normal -1.000000e+00 1.510209e-14 3.146270e-14
    outer loop
      vertex   -2.000000e+01 -1.852630e+02 2.741334e+01
      vertex   -2.000000e+01 -1.850000e+02 2.740000e+01
      vertex   -2.000000e+01 -1.800000e+02 2.500000e+01
    endloop
  endfacet
  facet normal -1.000000e+00 -1.221582e-14 -2.544964e-14
    outer loop
      vertex   -2.000000e+01 -1.800000e+02 2.500000e+01
      vertex   -2.000000e+01 -1.850000e+02 2.740000e+01
      vertex   -2.000000e+01 -1.847370e+02 2.741334e+01
    endloop
  endfacet
  facet normal -1.000000e+00 1.733842e-16 -1.131792e-15
    outer loop
      vertex   -2.000000e+01 -1.800000e+02 2.500000e+01
      vertex   -2.000000e+01 -1.847370e+02 2.741334e+01
      vertex   -2.000000e+01 -1.844766e+02 2.745322e+01
    endloop
  endfacet
  facet normal -1.000000e+00 2.546469e-16 -9.835042e-16
    outer loop
      vertex   -2.000000e+01 -1.844766e+02 2.745322e+01
      vertex   -2.000000e+01 -1.842217e+02 2.751924e+01
      vertex   -2.000000e+01 -1.800000e+02 2.500000e+01
    endloop
  endfacet
  facet normal -1.000000e+00 3.222765e-16 -8.701726e-16
    outer loop
      vertex   -2.000000e+01 -1.800000e+02 2.500000e+01
      vertex   -2.000000e+01 -1.842217e+02 2.751924e+01
      vertex   -2.000000e+01 -1.839747e+02 2.761071e+01
    endloop
  endfacet
  facet normal -1.000000e+00 3.821367e-16 -7.790385e-16
    outer loop
      vertex   -2.000000e+01 -1.800000e+02 2.500000e+01
      vertex   -2.000000e+01 -1.839747e+02 2.761071e+01
      vertex   -2.000000e+01 -1.837382e+02 2.772670e+01
    endloop
  endfacet
  facet normal -1.000000e+00 4.379145e-16 -7.025689e-16
    outer loop
      vertex   -2.000000e+01 -1.837382e+02 2.772670e+01
      vertex   -2.000000e+01 -1.835147e+02 2.786602e+01
      vertex   -2.000000e+01 -1.800000e+02 2.500000e+01
    endloop
  endfacet
  facet normal -1.000000e+00 4.922502e-16 -6.359349e-16
    outer loop
      vertex   -2.000000e+01 -1.800000e+02 2.500000e+01
      vertex   -2.000000e+01 -1.835147e+02 2.786602e+01
      vertex   -2.000000e+01 -1.833064e+02 2.802723e+01
    endloop
  endfacet
  facet normal -1.000000e+00 5.473226e-16 -5.757831e-16
    outer loop
      vertex   -2.000000e+01 -1.800000e+02 2.500000e+01
      vertex   -2.000000e+01 -1.833064e+02 2.802723e+01
      vertex   -2.000000e+01 -1.831155e+02 2.820869e+01
    endloop
  endfacet
  facet normal -1.000000e+00 6.052212e-16 -5.195653e-16
    outer loop
      vertex   -2.000000e+01 -1.831155e+02 2.820869e+01
      vertex   -2.000000e+01 -1.829440e+02 2.840852e+01
      vertex   -2.000000e+01 -1.800000e+02 2.500000e+01
    endloop
  endfacet
  facet normal -1.000000e+00 6.682569e-16 -4.651205e-16
    outer loop
      vertex   -2.000000e+01 -1.800000e+02 2.500000e+01
      vertex   -2.000000e+01 -1.829440e+02 2.840852e+01
      vertex   -2.000000e+01 -1.827935e+02 2.862469e+01
    endloop
  endfacet
  facet normal -1.000000e+00 7.393175e-16 -4.103547e-16
    outer loop
      vertex   -2.000000e+01 -1.800000e+02 2.500000e+01
      vertex   -2.000000e+01 -1.827935e+02 2.862469e+01
      vertex   -2.000000e+01 -1.826657e+02 2.885498e+01
    endloop
  endfacet
  facet normal -1.000000e+00 8.223853e-16 -3.529133e-16
    outer loop
      vertex   -2.000000e+01 -1.826657e+02 2.885498e+01
      vertex   -2.000000e+01 -1.825618e+02 2.909701e+01
      vertex   -2.000000e+01 -1.800000e+02 2.500000e+01
    endloop
  endfacet
  facet normal -1.000000e+00 9.234325e-16 -2.897288e-16
    outer loop
      vertex   -2.000000e+01 -1.800000e+02 2.500000e+01
      vertex   -2.000000e+01 -1.825618e+02 2.909701e+01
      vertex   -2.000000e+01 -1.824830e+02 2.934830e+01
    endloop
  endfacet
  facet normal -1.000000e+00 1.052157e-15 -2.162237e-16
    outer loop
      vertex   -2.000000e+01 -1.800000e+02 2.500000e+01
      vertex   -2.000000e+01 -1.824830e+02 2.934830e+01
      vertex   -2.000000e+01 -1.824300e+02 2.960629e+01
    endloop
  endfacet
  facet normal -1.000000e+00 1.225751e-15 -1.246467e-16
    outer loop
      vertex   -2.000000e+01 -1.824300e+02 2.960629e+01
      vertex   -2.000000e+01 -1.824033e+02 2.986831e+01
      vertex   -2.000000e+01 -1.800000e+02 2.500000e+01
    endloop
  endfacet
  facet normal -1.000000e+00 1.478240e-15 0.000000e+00
    outer loop
      vertex   -2.000000e+01 -1.800000e+02 2.500000e+01
      vertex   -2.000000e+01 -1.824033e+02 2.986831e+01
      vertex   -2.000000e+01 -1.824033e+02 3.013169e+01
    endloop
  endfacet
  facet normal -1.000000e+00 1.888237e-15 1.920149e-16
    outer loop
      vertex   -2.000000e+01 -1.800000e+02 2.500000e+01
      vertex   -2.000000e+01 -1.824033e+02 3.013169e+01
      vertex   -2.000000e+01 -1.824300e+02 3.039371e+01
    endloop
  endfacet
  facet normal -1.000000e+00 2.688296e-15 5.524588e-16
    outer loop
      vertex   -2.000000e+01 -1.824300e+02 3.039371e+01
      vertex   -2.000000e+01 -1.824830e+02 3.065170e+01
      vertex   -2.000000e+01 -1.800000e+02 2.500000e+01
    endloop
  endfacet
  facet normal -1.000000e+00 1.026488e-15 -1.776357e-16
    outer loop
      vertex   -2.000000e+01 -1.800000e+02 2.500000e+01
      vertex   -2.000000e+01 -1.824830e+02 3.065170e+01
      vertex   -2.000000e+01 -1.800000e+02 4.500000e+01
    endloop
  endfacet
  facet normal -1.000000e+00 0.000000e+00 0.000000e+00
    outer loop
      vertex   -2.000000e+01 -1.800000e+02 4.500000e+01
      vertex   -2.000000e+01 -1.824830e+02 3.065170e+01
      vertex   -2.000000e+01 -1.825618e+02 3.090299e+01
    endloop
  endfacet
  facet normal -1.000000e+00 0.000000e+00 0.000000e+00
    outer loop
      vertex   -2.000000e+01 -1.800000e+02 4.500000e+01
      vertex   -2.000000e+01 -1.825618e+02 3.090299e+01
      vertex   -2.000000e+01 -1.826657e+02 3.114503e+01
    endloop
  endfacet
  facet normal -1.000000e+00 0.000000e+00 0.000000e+00
    outer loop
      vertex   -2.000000e+01 -1.826657e+02 3.114503e+01
      vertex   -2.000000e+01 -1.827935e+02 3.137531e+01
      vertex   -2.000000e+01 -1.800000e+02 4.500000e+01
    endloop
  endfacet
  facet normal -1.000000e+00 0.000000e+00 0.000000e+00
    outer loop
      vertex   -2.000000e+01 -1.800000e+02 4.500000e+01
      vertex   -2.000000e+01 -1.827935e+02 3.137531e+01
      vertex   -2.000000e+01 -1.829440e+02 3.159148e+01
    endloop
  endfacet
  facet normal -1.000000e+00 0.000000e+00 0.000000e+00
    outer loop
      vertex   -2.000000e+01 -1.800000e+02 4.500000e+01
      vertex   -2.000000e+01 -1.829440e+02 3.159148e+01
      vertex   -2.000000e+01 -1.831155e+02 3.179131e+01
    endloop
  endfacet
  facet normal -1.000000e+00 0.000000e+00 0.000000e+00
    outer loop
      vertex   -2.000000e+01 -1.831155e+02 3.179131e+01
      vertex   -2.000000e+01 -1.833064e+02 3.197277e+01
      vertex   -2.000000e+01 -1.800000e+02 4.500000e+01
    endloop
  endfacet
  facet normal -1.000000e+00 0.000000e+00 0.000000e+00
    outer loop
      vertex   -2.000000e+01 -1.800000e+02 4.500000e+01
      vertex   -2.000000e+01 -1.833064e+02 3.197277e+01
      vertex   -2.000000e+01 -1.835147e+02 3.213399e+01
    endloop
  endfacet
  facet normal -1.000000e+00 0.000000e+00 0.000000e+00
    outer loop
      vertex   -2.000000e+01 -1.800000e+02 4.500000e+01
      vertex   -2.000000e+01 -1.835147e+02 3.213399e+01
      vertex   -2.000000e+01 -1.837382e+02 3.227330e+01
    endloop
  endfacet
  facet normal -1.000000e+00 0.000000e+00 0.000000e+00
    outer loop
      vertex   -2.000000e+01 -1.837382e+02 3.227330e+01
      vertex   -2.000000e+01 -1.839747e+02 3.238929e+01
      vertex   -2.000000e+01 -1.800000e+02 4.500000e+01
    endloop
  endfacet
  facet normal -1.000000e+00 0.000000e+00 0.000000e+00
    outer loop
      vertex   -2.000000e+01 -1.800000e+02 4.500000e+01
      vertex   -2.000000e+01 -1.839747e+02 3.238929e+01
      vertex   -2.000000e+01 -1.842217e+02 3.248076e+01
    endloop
  endfacet
  facet normal -1.000000e+00 0.000000e+00 0.000000e+00
    outer loop
      vertex   -2.000000e+01 -1.800000e+02 4.500000e+01
      vertex   -2.000000e+01 -1.842217e+02 3.248076e+01
      vertex   -2.000000e+01 -1.844766e+02 3.254678e+01
    endloop
  endfacet
  facet normal -1.000000e+00 0.000000e+00 0.000000e+00
    outer loop
      vertex   -2.000000e+01 -1.844766e+02 3.254678e+01
      vertex   -2.000000e+01 -1.847370e+02 3.258666e+01
      vertex   -2.000000e+01 -1.800000e+02 4.500000e+01
    endloop
  endfacet
  facet normal -1.000000e+00 0.000000e+00 0.000000e+00
    outer loop
      vertex   -2.000000e+01 -1.800000e+02 4.500000e+01
      vertex   -2.000000e+01 -1.847370e+02 3.258666e+01
      vertex   -2.000000e+01 -1.850000e+02 3.260000e+01
    endloop
  endfacet
  facet normal -1.000000e+00 0.000000e+00 0.000000e+00
    outer loop
      vertex   -2.000000e+01 -1.800000e+02 4.500000e+01
      vertex   -2.000000e+01 -1.850000e+02 3.260000e+01
      vertex   -2.000000e+01 -1.852630e+02 3.258666e+01
    endloop
  endfacet
  facet normal -1.000000e+00 0.000000e+00 0.000000e+00
    outer loop
      vertex   -2.000000e+01 -1.800000e+02 4.500000e+01
      vertex   -2.000000e+01 -1.852630e+02 3.258666e+01
      vertex   -2.000000e+01 -2.000000e+02 3.800000e+01
    endloop
  endfacet
  facet normal -1.000000e+00 0.000000e+00 0.000000e+00
    outer loop
      vertex   -2.000000e+01 -2.000000e+02 3.800000e+01
      vertex   -2.000000e+01 -1.852630e+02 3.258666e+01
      vertex   -2.000000e+01 -1.855234e+02 3.254678e+01
    endloop
  endfacet
  facet normal -1.000000e+00 0.000000e+00 0.000000e+00
    outer loop
      vertex   -2.000000e+01 -2.000000e+02 3.800000e+01
      vertex   -2.000000e+01 -1.855234e+02 3.254678e+01
      vertex   -2.000000e+01 -1.857783e+02 3.248076e+01
    endloop
  endfacet
  facet normal -1.000000e+00 -0.000000e+00 0.000000e+00
    outer loop
      vertex   -2.000000e+01 -1.857783e+02 3.248076e+01
      vertex   -2.000000e+01 -1.860253e+02 3.238929e+01
      vertex   -2.000000e+01 -2.000000e+02 3.800000e+01
    endloop
  endfacet
  facet normal -1.000000e+00 0.000000e+00 0.000000e+00
    outer loop
      vertex   -2.000000e+01 -2.000000e+02 3.800000e+01
      vertex   -2.000000e+01 -1.860253e+02 3.238929e+01
      vertex   -2.000000e+01 -1.862618e+02 3.227330e+01
    endloop
  endfacet
  facet normal -1.000000e+00 0.000000e+00 0.000000e+00
    outer loop
      vertex   -2.000000e+01 -2.000000e+02 3.800000e+01
      vertex   -2.000000e+01 -1.862618e+02 3.227330e+01
      vertex   -2.000000e+01 -1.864853e+02 3.213399e+01
    endloop
  endfacet
  facet normal -1.000000e+00 -0.000000e+00 0.000000e+00
    outer loop
      vertex   -2.000000e+01 -1.864853e+02 3.213399e+01
      vertex   -2.000000e+01 -1.866936e+02 3.197277e+01
      vertex   -2.000000e+01 -2.000000e+02 3.800000e+01
    endloop
  endfacet
  facet normal -1.000000e+00 0.000000e+00 0.000000e+00
    outer loop
      vertex   -2.000000e+01 -2.000000e+02 3.800000e+01
      vertex   -2.000000e+01 -1.866936e+02 3.197277e+01
      vertex   -2.000000e+01 -1.868845e+02 3.179131e+01
    endloop
  endfacet
  facet normal -1.000000e+00 0.000000e+00 0.000000e+00
    outer loop
      vertex   -2.000000e+01 -2.000000e+02 3.800000e+01
      vertex   -2.000000e+01 -1.868845e+02 3.179131e+01
      vertex   -2.000000e+01 -1.870560e+02 3.159148e+01
    endloop
  endfacet
  facet normal -1.000000e+00 -0.000000e+00 0.000000e+00
    outer loop
      vertex   -2.000000e+01 -1.870560e+02 3.159148e+01
      vertex   -2.000000e+01 -1.872065e+02 3.137531e+01
      vertex   -2.000000e+01 -2.000000e+02 3.800000e+01
    endloop
  endfacet
  facet normal -1.000000e+00 0.000000e+00 0.000000e+00
    outer loop
      vertex   -2.000000e+01 -2.000000e+02 3.800000e+01
      vertex   -2.000000e+01 -1.872065e+02 3.137531e+01
      vertex   -2.000000e+01 -1.873343e+02 3.114503e+01
    endloop
  endfacet
  facet normal -1.000000e+00 0.000000e+00 0.000000e+00
    outer loop
      vertex   -2.000000e+01 -2.000000e+02 3.800000e+01
      vertex   -2.000000e+01 -1.873343e+02 3.114503e+01
      vertex   -2.000000e+01 -1.874382e+02 3.090299e+01
    endloop
  endfacet
  facet normal -1.000000e+00 -0.000000e+00 0.000000e+00
    outer loop
      vertex   -2.000000e+01 -1.874382e+02 3.090299e+01
      vertex   -2.000000e+01 -1.875170e+02 3.065170e+01
      vertex   -2.000000e+01 -2.000000e+02 3.800000e+01
    endloop
  endfacet
  facet normal -1.000000e+00 -1.608737e-16 -2.732857e-16
    outer loop
      vertex   -2.000000e+01 -2.000000e+02 3.800000e+01
      vertex   -2.000000e+01 -1.875170e+02 3.065170e+01
      vertex   -2.000000e+01 -2.000000e+02 2.500000e+01
    endloop
  endfacet
  facet normal -1.000000e+00 -3.138011e-16 6.448776e-17
    outer loop
      vertex   -2.000000e+01 -2.000000e+02 2.500000e+01
      vertex   -2.000000e+01 -1.875170e+02 3.065170e+01
      vertex   -2.000000e+01 -1.875700e+02 3.039371e+01
    endloop
  endfacet
  facet normal -1.000000e+00 -2.990123e-16 3.040658e-17
    outer loop
      vertex   -2.000000e+01 -2.000000e+02 2.500000e+01
      vertex   -2.000000e+01 -1.875700e+02 3.039371e+01
      vertex   -2.000000e+01 -1.875967e+02 3.013169e+01
    endloop
  endfacet
  facet normal -1.000000e+00 -2.864321e-16 -0.000000e+00
    outer loop
      vertex   -2.000000e+01 -1.875967e+02 3.013169e+01
      vertex   -2.000000e+01 -1.875967e+02 2.986831e+01
      vertex   -2.000000e+01 -2.000000e+02 2.500000e+01
    endloop
  endfacet
  facet normal -1.000000e+00 -2.754384e-16 -2.800935e-17
    outer loop
      vertex   -2.000000e+01 -2.000000e+02 2.500000e+01
      vertex   -2.000000e+01 -1.875967e+02 2.986831e+01
      vertex   -2.000000e+01 -1.875700e+02 2.960629e+01
    endloop
  endfacet
  facet normal -1.000000e+00 -2.655917e-16 -5.458048e-17
    outer loop
      vertex   -2.000000e+01 -2.000000e+02 2.500000e+01
      vertex   -2.000000e+01 -1.875700e+02 2.960629e+01
      vertex   -2.000000e+01 -1.875170e+02 2.934830e+01
    endloop
  endfacet
  facet normal -1.000000e+00 -2.565638e-16 -8.049743e-17
    outer loop
      vertex   -2.000000e+01 -1.875170e+02 2.934830e+01
      vertex   -2.000000e+01 -1.874382e+02 2.909701e+01
      vertex   -2.000000e+01 -2.000000e+02 2.500000e+01
    endloop
  endfacet
  facet normal -1.000000e+00 -2.480944e-16 -1.064657e-16
    outer loop
      vertex   -2.000000e+01 -2.000000e+02 2.500000e+01
      vertex   -2.000000e+01 -1.874382e+02 2.909701e+01
      vertex   -2.000000e+01 -1.873343e+02 2.885498e+01
    endloop
  endfacet
  facet normal -1.000000e+00 -2.399608e-16 -1.331891e-16
    outer loop
      vertex   -2.000000e+01 -2.000000e+02 2.500000e+01
      vertex   -2.000000e+01 -1.873343e+02 2.885498e+01
      vertex   -2.000000e+01 -1.872065e+02 2.862469e+01
    endloop
  endfacet
  facet normal -1.000000e+00 -2.319551e-16 -1.614455e-16
    outer loop
      vertex   -2.000000e+01 -1.872065e+02 2.862469e+01
      vertex   -2.000000e+01 -1.870560e+02 2.840852e+01
      vertex   -2.000000e+01 -2.000000e+02 2.500000e+01
    endloop
  endfacet
  facet normal -1.000000e+00 -2.238620e-16 -1.921792e-16
    outer loop
      vertex   -2.000000e+01 -2.000000e+02 2.500000e+01
      vertex   -2.000000e+01 -1.870560e+02 2.840852e+01
      vertex   -2.000000e+01 -1.868845e+02 2.820869e+01
    endloop
  endfacet
  facet normal -1.000000e+00 -2.154325e-16 -2.266349e-16
    outer loop
      vertex   -2.000000e+01 -2.000000e+02 2.500000e+01
      vertex   -2.000000e+01 -1.868845e+02 2.820869e+01
      vertex   -2.000000e+01 -1.866936e+02 2.802723e+01
    endloop
  endfacet
  facet normal -1.000000e+00 -2.063457e-16 -2.665767e-16
    outer loop
      vertex   -2.000000e+01 -1.866936e+02 2.802723e+01
      vertex   -2.000000e+01 -1.864853e+02 2.786602e+01
      vertex   -2.000000e+01 -2.000000e+02 2.500000e+01
    endloop
  endfacet
  facet normal -1.000000e+00 -1.961438e-16 -3.146837e-16
    outer loop
      vertex   -2.000000e+01 -2.000000e+02 2.500000e+01
      vertex   -2.000000e+01 -1.864853e+02 2.786602e+01
      vertex   -2.000000e+01 -1.862618e+02 2.772670e+01
    endloop
  endfacet
  facet normal -1.000000e+00 -1.841073e-16 -3.753283e-16
    outer loop
      vertex   -2.000000e+01 -2.000000e+02 2.500000e+01
      vertex   -2.000000e+01 -1.862618e+02 2.772670e+01
      vertex   -2.000000e+01 -1.860253e+02 2.761071e+01
    endloop
  endfacet
  facet normal -1.000000e+00 -1.689853e-16 -4.562739e-16
    outer loop
      vertex   -2.000000e+01 -1.860253e+02 2.761071e+01
      vertex   -2.000000e+01 -1.857783e+02 2.751924e+01
      vertex   -2.000000e+01 -2.000000e+02 2.500000e+01
    endloop
  endfacet
  facet normal -1.000000e+00 -1.483293e-16 -5.728816e-16
    outer loop
      vertex   -2.000000e+01 -2.000000e+02 2.500000e+01
      vertex   -2.000000e+01 -1.857783e+02 2.751924e+01
      vertex   -2.000000e+01 -1.855234e+02 2.745322e+01
    endloop
  endfacet
  facet normal -1.000000e+00 0.000000e+00 -1.448182e-15
    outer loop
      vertex   -2.000000e+01 -2.000000e+02 2.500000e+01
      vertex   -2.000000e+01 -1.855234e+02 2.745322e+01
      vertex   -2.000000e+01 -1.800000e+02 2.500000e+01
    endloop
  endfacet
  facet normal -1.000000e+00 -3.386629e-16 -2.210675e-15
    outer loop
      vertex   -2.000000e+01 -1.800000e+02 2.500000e+01
      vertex   -2.000000e+01 -1.855234e+02 2.745322e+01
      vertex   -2.000000e+01 -1.852630e+02 2.741334e+01
    endloop
  endfacet
  facet normal -1.000000e+00 0.000000e+00 0.000000e+00
    outer loop
      vertex   -2.000000e+01 -2.180000e+02 3.800000e+01
      vertex   -2.000000e+01 -2.180000e+02 4.500000e+01
      vertex   -2.000000e+01 -2.000000e+02 3.800000e+01
    endloop
  endfacet
  facet normal -1.000000e+00 0.000000e+00 0.000000e+00
    outer loop
      vertex   -2.000000e+01 -2.000000e+02 3.800000e+01
      vertex   -2.000000e+01 -2.180000e+02 4.500000e+01
      vertex   -2.000000e+01 -1.800000e+02 4.500000e+01
    endloop
  endfacet
  facet normal -7.270281e-14 3.755042e-14 -1.000000e+00
    outer loop
      vertex   -9.633997e-01 -1.874149e+02 4.000000e+01
      vertex   -7.141429e-01 -1.875000e+02 4.000000e+01
      vertex   -1.020000e+01 -2.000000e+02 4.000000e+01
    endloop
  endfacet
  facet normal 6.718807e-14 -6.860838e-14 -1.000000e+00
    outer loop
      vertex   -1.020000e+01 -2.000000e+02 4.000000e+01
      vertex   -7.141429e-01 -1.875000e+02 4.000000e+01
      vertex   -4.575581e-01 -1.875594e+02 4.000000e+01
    endloop
  endfacet
  facet normal -1.846080e-15 -1.454648e-14 -1.000000e+00
    outer loop
      vertex   -1.020000e+01 -2.000000e+02 4.000000e+01
      vertex   -4.575581e-01 -1.875594e+02 4.000000e+01
      vertex   -1.962781e-01 -1.875926e+02 4.000000e+01
    endloop
  endfacet
  facet normal -3.913755e-16 -1.571936e-14 -1.000000e+00
    outer loop
      vertex   -1.962781e-01 -1.875926e+02 4.000000e+01
      vertex   6.701600e-02 -1.875991e+02 4.000000e+01
      vertex   -1.020000e+01 -2.000000e+02 4.000000e+01
    endloop
  endfacet
  facet normal -1.219068e-14 -5.950393e-15 -1.000000e+00
    outer loop
      vertex   -1.020000e+01 -2.000000e+02 4.000000e+01
      vertex   6.701600e-02 -1.875991e+02 4.000000e+01
      vertex   1.020000e+01 -2.000000e+02 4.000000e+01
    endloop
  endfacet
  facet normal -2.891283e-16 3.774597e-15 -1.000000e+00
    outer loop
      vertex   1.020000e+01 -2.000000e+02 4.000000e+01
      vertex   6.701600e-02 -1.875991e+02 4.000000e+01
      vertex   3.296224e-01 -1.875790e+02 4.000000e+01
    endloop
  endfacet
  facet normal -6.296301e-16 3.504016e-15 -1.000000e+00
    outer loop
      vertex   1.020000e+01 -2.000000e+02 4.000000e+01
      vertex   3.296224e-01 -1.875790e+02 4.000000e+01
      vertex   5.888464e-01 -1.875324e+02 4.000000e+01
    endloop
  endfacet
  facet normal -9.365016e-16 3.267450e-15 -1.000000e+00
    outer loop
      vertex   5.888464e-01 -1.875324e+02 4.000000e+01
      vertex   8.420281e-01 -1.874599e+02 4.000000e+01
      vertex   1.020000e+01 -2.000000e+02 4.000000e+01
    endloop
  endfacet
  facet normal -1.221727e-15 3.054603e-15 -1.000000e+00
    outer loop
      vertex   1.020000e+01 -2.000000e+02 4.000000e+01
      vertex   8.420281e-01 -1.874599e+02 4.000000e+01
      vertex   1.086569e+00 -1.873621e+02 4.000000e+01
    endloop
  endfacet
  facet normal -1.494469e-15 2.857924e-15 -1.000000e+00
    outer loop
      vertex   1.020000e+01 -2.000000e+02 4.000000e+01
      vertex   1.086569e+00 -1.873621e+02 4.000000e+01
      vertex   1.319961e+00 -1.872400e+02 4.000000e+01
    endloop
  endfacet
  facet normal -1.762359e-15 2.671492e-15 -1.000000e+00
    outer loop
      vertex   1.319961e+00 -1.872400e+02 4.000000e+01
      vertex   1.539808e+00 -1.870950e+02 4.000000e+01
      vertex   1.020000e+01 -2.000000e+02 4.000000e+01
    endloop
  endfacet
  facet normal -2.032393e-15 2.490280e-15 -1.000000e+00
    outer loop
      vertex   1.020000e+01 -2.000000e+02 4.000000e+01
      vertex   1.539808e+00 -1.870950e+02 4.000000e+01
      vertex   1.743855e+00 -1.869285e+02 4.000000e+01
    endloop
  endfacet
  facet normal -2.311663e-15 2.309616e-15 -1.000000e+00
    outer loop
      vertex   1.020000e+01 -2.000000e+02 4.000000e+01
      vertex   1.743855e+00 -1.869285e+02 4.000000e+01
      vertex   1.930007e+00 -1.867421e+02 4.000000e+01
    endloop
  endfacet
  facet normal -2.608101e-15 2.124704e-15 -1.000000e+00
    outer loop
      vertex   1.930007e+00 -1.867421e+02 4.000000e+01
      vertex   2.096355e+00 -1.865380e+02 4.000000e+01
      vertex   1.020000e+01 -2.000000e+02 4.000000e+01
    endloop
  endfacet
  facet normal -2.931397e-15 1.930092e-15 -1.000000e+00
    outer loop
      vertex   1.020000e+01 -2.000000e+02 4.000000e+01
      vertex   2.096355e+00 -1.865380e+02 4.000000e+01
      vertex   2.241191e+00 -1.863180e+02 4.000000e+01
    endloop
  endfacet
  facet normal -3.294342e-15 1.718967e-15 -1.000000e+00
    outer loop
      vertex   1.020000e+01 -2.000000e+02 4.000000e+01
      vertex   2.241191e+00 -1.863180e+02 4.000000e+01
      vertex   2.363030e+00 -1.860845e+02 4.000000e+01
    endloop
  endfacet
  facet normal -3.715015e-15 1.482052e-15 -1.000000e+00
    outer loop
      vertex   2.363030e+00 -1.860845e+02 4.000000e+01
      vertex   2.460620e+00 -1.858399e+02 4.000000e+01
      vertex   1.020000e+01 -2.000000e+02 4.000000e+01
    endloop
  endfacet
  facet normal -4.220690e-15 1.205670e-15 -1.000000e+00
    outer loop
      vertex   1.020000e+01 -2.000000e+02 4.000000e+01
      vertex   2.460620e+00 -1.858399e+02 4.000000e+01
      vertex   2.532962e+00 -1.855866e+02 4.000000e+01
    endloop
  endfacet
  facet normal -4.855435e-15 8.680250e-16 -1.000000e+00
    outer loop
      vertex   1.020000e+01 -2.000000e+02 4.000000e+01
      vertex   2.532962e+00 -1.855866e+02 4.000000e+01
      vertex   2.579312e+00 -1.853273e+02 4.000000e+01
    endloop
  endfacet
  facet normal -5.979482e-15 2.842171e-16 -1.000000e+00
    outer loop
      vertex   1.020000e+01 -2.000000e+02 4.000000e+01
      vertex   2.579312e+00 -1.853273e+02 4.000000e+01
      vertex   1.020000e+01 -1.750000e+02 4.000000e+01
    endloop
  endfacet
  facet normal -6.233896e-15 4.719528e-16 -1.000000e+00
    outer loop
      vertex   1.020000e+01 -1.750000e+02 4.000000e+01
      vertex   2.579312e+00 -1.853273e+02 4.000000e+01
      vertex   2.599194e+00 -1.850647e+02 4.000000e+01
    endloop
  endfacet
  facet normal -5.423773e-15 -1.398468e-16 -1.000000e+00
    outer loop
      vertex   1.020000e+01 -1.750000e+02 4.000000e+01
      vertex   2.599194e+00 -1.850647e+02 4.000000e+01
      vertex   2.592406e+00 -1.848014e+02 4.000000e+01
    endloop
  endfacet
  facet normal -4.811635e-15 -6.149713e-16 -1.000000e+00
    outer loop
      vertex   2.592406e+00 -1.848014e+02 4.000000e+01
      vertex   2.559015e+00 -1.845402e+02 4.000000e+01
      vertex   1.020000e+01 -1.750000e+02 4.000000e+01
    endloop
  endfacet
  facet normal -4.324105e-15 -1.005447e-15 -1.000000e+00
    outer loop
      vertex   1.020000e+01 -1.750000e+02 4.000000e+01
      vertex   2.559015e+00 -1.845402e+02 4.000000e+01
      vertex   2.499366e+00 -1.842836e+02 4.000000e+01
    endloop
  endfacet
  facet normal -3.918984e-15 -1.341489e-15 -1.000000e+00
    outer loop
      vertex   1.020000e+01 -1.750000e+02 4.000000e+01
      vertex   2.499366e+00 -1.842836e+02 4.000000e+01
      vertex   2.414070e+00 -1.840345e+02 4.000000e+01
    endloop
  endfacet
  facet normal -3.570012e-15 -1.642233e-15 -1.000000e+00
    outer loop
      vertex   2.414070e+00 -1.840345e+02 4.000000e+01
      vertex   2.304002e+00 -1.837952e+02 4.000000e+01
      vertex   1.020000e+01 -1.750000e+02 4.000000e+01
    endloop
  endfacet
  facet normal -3.259701e-15 -1.920819e-15 -1.000000e+00
    outer loop
      vertex   1.020000e+01 -1.750000e+02 4.000000e+01
      vertex   2.304002e+00 -1.837952e+02 4.000000e+01
      vertex   2.170293e+00 -1.835683e+02 4.000000e+01
    endloop
  endfacet
  facet normal -2.975607e-15 -2.187056e-15 -1.000000e+00
    outer loop
      vertex   1.020000e+01 -1.750000e+02 4.000000e+01
      vertex   2.170293e+00 -1.835683e+02 4.000000e+01
      vertex   2.014313e+00 -1.833561e+02 4.000000e+01
    endloop
  endfacet
  facet normal -2.708233e-15 -2.448979e-15 -1.000000e+00
    outer loop
      vertex   2.014313e+00 -1.833561e+02 4.000000e+01
      vertex   1.837663e+00 -1.831607e+02 4.000000e+01
      vertex   1.020000e+01 -1.750000e+02 4.000000e+01
    endloop
  endfacet
  facet normal -2.449719e-15 -2.713880e-15 -1.000000e+00
    outer loop
      vertex   1.020000e+01 -1.750000e+02 4.000000e+01
      vertex   1.837663e+00 -1.831607e+02 4.000000e+01
      vertex   1.642156e+00 -1.829842e+02 4.000000e+01
    endloop
  endfacet
  facet normal -2.192919e-15 -2.989129e-15 -1.000000e+00
    outer loop
      vertex   1.020000e+01 -1.750000e+02 4.000000e+01
      vertex   1.642156e+00 -1.829842e+02 4.000000e+01
      vertex   1.429799e+00 -1.828284e+02 4.000000e+01
    endloop
  endfacet
  facet normal -1.930621e-15 -3.282981e-15 -1.000000e+00
    outer loop
      vertex   1.429799e+00 -1.828284e+02 4.000000e+01
      vertex   1.202770e+00 -1.826949e+02 4.000000e+01
      vertex   1.020000e+01 -1.750000e+02 4.000000e+01
    endloop
  endfacet
  facet normal -1.654723e-15 -3.605572e-15 -1.000000e+00
    outer loop
      vertex   1.020000e+01 -1.750000e+02 4.000000e+01
      vertex   1.202770e+00 -1.826949e+02 4.000000e+01
      vertex   9.633993e-01 -1.825851e+02 4.000000e+01
    endloop
  endfacet
  facet normal -1.355151e-15 -3.970371e-15 -1.000000e+00
    outer loop
      vertex   1.020000e+01 -1.750000e+02 4.000000e+01
      vertex   9.633993e-01 -1.825851e+02 4.000000e+01
      vertex   7.141425e-01 -1.825000e+02 4.000000e+01
    endloop
  endfacet
  facet normal -1.018189e-15 -4.396555e-15 -1.000000e+00
    outer loop
      vertex   7.141425e-01 -1.825000e+02 4.000000e+01
      vertex   4.575576e-01 -1.824406e+02 4.000000e+01
      vertex   1.020000e+01 -1.750000e+02 4.000000e+01
    endloop
  endfacet
  facet normal -6.235413e-16 -4.913293e-15 -1.000000e+00
    outer loop
      vertex   1.020000e+01 -1.750000e+02 4.000000e+01
      vertex   4.575576e-01 -1.824406e+02 4.000000e+01
      vertex   1.962776e-01 -1.824074e+02 4.000000e+01
    endloop
  endfacet
  facet normal -1.386342e-16 -5.568160e-15 -1.000000e+00
    outer loop
      vertex   1.020000e+01 -1.750000e+02 4.000000e+01
      vertex   1.962776e-01 -1.824074e+02 4.000000e+01
      vertex   -6.701645e-02 -1.824009e+02 4.000000e+01
    endloop
  endfacet
  facet normal -1.253899e-14 1.163451e-14 -1.000000e+00
    outer loop
      vertex   1.020000e+01 -1.750000e+02 4.000000e+01
      vertex   -6.701645e-02 -1.824009e+02 4.000000e+01
      vertex   -1.020000e+01 -1.750000e+02 4.000000e+01
    endloop
  endfacet
  facet normal -1.996804e-15 2.606847e-14 -1.000000e+00
    outer loop
      vertex   -1.020000e+01 -1.750000e+02 4.000000e+01
      vertex   -6.701645e-02 -1.824009e+02 4.000000e+01
      vertex   -3.296229e-01 -1.824210e+02 4.000000e+01
    endloop
  endfacet
  facet normal -4.165810e-15 2.318355e-14 -1.000000e+00
    outer loop
      vertex   -1.020000e+01 -1.750000e+02 4.000000e+01
      vertex   -3.296229e-01 -1.824210e+02 4.000000e+01
      vertex   -5.888469e-01 -1.824676e+02 4.000000e+01
    endloop
  endfacet
  facet normal -5.976733e-15 2.085280e-14 -1.000000e+00
    outer loop
      vertex   -5.888469e-01 -1.824676e+02 4.000000e+01
      vertex   -8.420286e-01 -1.825401e+02 4.000000e+01
      vertex   -1.020000e+01 -1.750000e+02 4.000000e+01
    endloop
  endfacet
  facet normal -7.556274e-15 1.889244e-14 -1.000000e+00
    outer loop
      vertex   -1.020000e+01 -1.750000e+02 4.000000e+01
      vertex   -8.420286e-01 -1.825401e+02 4.000000e+01
      vertex   -1.086570e+00 -1.826379e+02 4.000000e+01
    endloop
  endfacet
  facet normal -8.986737e-15 1.718564e-14 -1.000000e+00
    outer loop
      vertex   -1.020000e+01 -1.750000e+02 4.000000e+01
      vertex   -1.086570e+00 -1.826379e+02 4.000000e+01
      vertex   -1.319962e+00 -1.827600e+02 4.000000e+01
    endloop
  endfacet
  facet normal -1.032611e-14 1.565295e-14 -1.000000e+00
    outer loop
      vertex   -1.319962e+00 -1.827600e+02 4.000000e+01
      vertex   -1.539809e+00 -1.829050e+02 4.000000e+01
      vertex   -1.020000e+01 -1.750000e+02 4.000000e+01
    endloop
  endfacet
  facet normal -1.161893e-14 1.423662e-14 -1.000000e+00
    outer loop
      vertex   -1.020000e+01 -1.750000e+02 4.000000e+01
      vertex   -1.539809e+00 -1.829050e+02 4.000000e+01
      vertex   -1.743855e+00 -1.830715e+02 4.000000e+01
    endloop
  endfacet
  facet normal -1.290290e-14 1.289147e-14 -1.000000e+00
    outer loop
      vertex   -1.020000e+01 -1.750000e+02 4.000000e+01
      vertex   -1.743855e+00 -1.830715e+02 4.000000e+01
      vertex   -1.930007e+00 -1.832579e+02 4.000000e+01
    endloop
  endfacet
  facet normal -1.421341e-14 1.157903e-14 -1.000000e+00
    outer loop
      vertex   -1.930007e+00 -1.832579e+02 4.000000e+01
      vertex   -2.096355e+00 -1.834621e+02 4.000000e+01
      vertex   -1.020000e+01 -1.750000e+02 4.000000e+01
    endloop
  endfacet
  facet normal -1.558751e-14 1.026313e-14 -1.000000e+00
    outer loop
      vertex   -1.020000e+01 -1.750000e+02 4.000000e+01
      vertex   -2.096355e+00 -1.834621e+02 4.000000e+01
      vertex   -2.241191e+00 -1.836820e+02 4.000000e+01
    endloop
  endfacet
  facet normal -1.706800e-14 8.905973e-15 -1.000000e+00
    outer loop
      vertex   -1.020000e+01 -1.750000e+02 4.000000e+01
      vertex   -2.241191e+00 -1.836820e+02 4.000000e+01
      vertex   -2.363030e+00 -1.839155e+02 4.000000e+01
    endloop
  endfacet
  facet normal -1.870885e-14 7.463625e-15 -1.000000e+00
    outer loop
      vertex   -2.363030e+00 -1.839155e+02 4.000000e+01
      vertex   -2.460621e+00 -1.841602e+02 4.000000e+01
      vertex   -1.020000e+01 -1.750000e+02 4.000000e+01
    endloop
  endfacet
  facet normal -2.058342e-14 5.879801e-15 -1.000000e+00
    outer loop
      vertex   -1.020000e+01 -1.750000e+02 4.000000e+01
      vertex   -2.460621e+00 -1.841602e+02 4.000000e+01
      vertex   -2.532962e+00 -1.844134e+02 4.000000e+01
    endloop
  endfacet
  facet normal -2.279839e-14 4.075757e-15 -1.000000e+00
    outer loop
      vertex   -1.020000e+01 -1.750000e+02 4.000000e+01
      vertex   -2.532962e+00 -1.844134e+02 4.000000e+01
      vertex   -2.579312e+00 -1.846727e+02 4.000000e+01
    endloop
  endfacet
  facet normal -2.551937e-14 1.932008e-15 -1.000000e+00
    outer loop
      vertex   -2.579312e+00 -1.846727e+02 4.000000e+01
      vertex   -2.599195e+00 -1.849353e+02 4.000000e+01
      vertex   -1.020000e+01 -1.750000e+02 4.000000e+01
    endloop
  endfacet
  facet normal -2.902293e-14 -7.483284e-16 -1.000000e+00
    outer loop
      vertex   -1.020000e+01 -1.750000e+02 4.000000e+01
      vertex   -2.599195e+00 -1.849353e+02 4.000000e+01
      vertex   -2.592406e+00 -1.851986e+02 4.000000e+01
    endloop
  endfacet
  facet normal -3.381324e-14 -4.321644e-15 -1.000000e+00
    outer loop
      vertex   -1.020000e+01 -1.750000e+02 4.000000e+01
      vertex   -2.592406e+00 -1.851986e+02 4.000000e+01
      vertex   -2.559016e+00 -1.854598e+02 4.000000e+01
    endloop
  endfacet
  facet normal -2.711916e-14 5.684341e-16 -1.000000e+00
    outer loop
      vertex   -1.020000e+01 -1.750000e+02 4.000000e+01
      vertex   -2.559016e+00 -1.854598e+02 4.000000e+01
      vertex   -1.020000e+01 -2.000000e+02 4.000000e+01
    endloop
  endfacet
  facet normal -1.805063e-14 -4.197156e-15 -1.000000e+00
    outer loop
      vertex   -1.020000e+01 -2.000000e+02 4.000000e+01
      vertex   -2.559016e+00 -1.854598e+02 4.000000e+01
      vertex   -2.499367e+00 -1.857164e+02 4.000000e+01
    endloop
  endfacet
  facet normal -1.580238e-14 -5.409238e-15 -1.000000e+00
    outer loop
      vertex   -1.020000e+01 -2.000000e+02 4.000000e+01
      vertex   -2.499367e+00 -1.857164e+02 4.000000e+01
      vertex   -2.414071e+00 -1.859655e+02 4.000000e+01
    endloop
  endfacet
  facet normal -1.396949e-14 -6.426074e-15 -1.000000e+00
    outer loop
      vertex   -2.414071e+00 -1.859655e+02 4.000000e+01
      vertex   -2.304003e+00 -1.862048e+02 4.000000e+01
      vertex   -1.020000e+01 -2.000000e+02 4.000000e+01
    endloop
  endfacet
  facet normal -1.241511e-14 -7.315759e-15 -1.000000e+00
    outer loop
      vertex   -1.020000e+01 -2.000000e+02 4.000000e+01
      vertex   -2.304003e+00 -1.862048e+02 4.000000e+01
      vertex   -2.170293e+00 -1.864317e+02 4.000000e+01
    endloop
  endfacet
  facet normal -1.105146e-14 -8.122768e-15 -1.000000e+00
    outer loop
      vertex   -1.020000e+01 -2.000000e+02 4.000000e+01
      vertex   -2.170293e+00 -1.864317e+02 4.000000e+01
      vertex   -2.014313e+00 -1.866439e+02 4.000000e+01
    endloop
  endfacet
  facet normal -9.818391e-15 -8.878494e-15 -1.000000e+00
    outer loop
      vertex   -2.014313e+00 -1.866439e+02 4.000000e+01
      vertex   -1.837663e+00 -1.868393e+02 4.000000e+01
      vertex   -1.020000e+01 -2.000000e+02 4.000000e+01
    endloop
  endfacet
  facet normal -8.671876e-15 -9.606992e-15 -1.000000e+00
    outer loop
      vertex   -1.020000e+01 -2.000000e+02 4.000000e+01
      vertex   -1.837663e+00 -1.868393e+02 4.000000e+01
      vertex   -1.642157e+00 -1.870158e+02 4.000000e+01
    endloop
  endfacet
  facet normal -7.577270e-15 -1.032844e-14 -1.000000e+00
    outer loop
      vertex   -1.020000e+01 -2.000000e+02 4.000000e+01
      vertex   -1.642157e+00 -1.870158e+02 4.000000e+01
      vertex   -1.429800e+00 -1.871716e+02 4.000000e+01
    endloop
  endfacet
  facet normal -6.504953e-15 -1.106153e-14 -1.000000e+00
    outer loop
      vertex   -1.429800e+00 -1.871716e+02 4.000000e+01
      vertex   -1.202771e+00 -1.873051e+02 4.000000e+01
      vertex   -1.020000e+01 -2.000000e+02 4.000000e+01
    endloop
  endfacet
  facet normal -5.427104e-15 -1.182543e-14 -1.000000e+00
    outer loop
      vertex   -1.020000e+01 -2.000000e+02 4.000000e+01
      vertex   -1.202771e+00 -1.873051e+02 4.000000e+01
      vertex   -9.633997e-01 -1.874149e+02 4.000000e+01
    endloop
  endfacet
endsolid
